event_id,participant_id,rank,medal,score_raw,points_awarded
world_taekwondo_championships_2001_men_bantam,athlete_KIYOTERU_HIGUCHI_JPN,3,bronze,discipline=taekwondo;weight_class=bantam;event=Men Bantam;country=JPN;source_url=https://web.worldtaekwondo.martial.services/competitions/jeju-2001-world-taekwondo-championships/medalists,1.0
world_taekwondo_championships_2001_men_bantam,athlete_LOPEZ_Peter_PER,2,silver,discipline=taekwondo;weight_class=bantam;event=Men Bantam;country=PER;source_url=https://web.worldtaekwondo.martial.services/competitions/jeju-2001-world-taekwondo-championships/medalists,2.0
world_taekwondo_championships_2001_men_bantam,athlete_MIGUEL_TOLEDO_ESP,3,bronze,discipline=taekwondo;weight_class=bantam;event=Men Bantam;country=ESP;source_url=https://web.worldtaekwondo.martial.services/competitions/jeju-2001-world-taekwondo-championships/medalists,1.0
world_taekwondo_championships_2001_men_bantam,athlete_NAM-WON_KANG_KOR,1,gold,discipline=taekwondo;weight_class=bantam;event=Men Bantam;country=KOR;source_url=https://web.worldtaekwondo.martial.services/competitions/jeju-2001-world-taekwondo-championships/medalists,3.0
world_taekwondo_championships_2001_men_fin,athlete_JUAN_RAMOS_SANCHEZ_ESP,3,bronze,discipline=taekwondo;weight_class=fin;event=Men Fin;country=ESP;source_url=https://web.worldtaekwondo.martial.services/competitions/jeju-2001-world-taekwondo-championships/medalists,1.0
world_taekwondo_championships_2001_men_fin,athlete_MU_YEN_CHU_TPE,2,silver,discipline=taekwondo;weight_class=fin;event=Men Fin;country=TPE;source_url=https://web.worldtaekwondo.martial.services/competitions/jeju-2001-world-taekwondo-championships/medalists,2.0
world_taekwondo_championships_2001_men_fin,athlete_ROBERTO_CRUZ_PHI,3,bronze,discipline=taekwondo;weight_class=fin;event=Men Fin;country=PHI;source_url=https://web.worldtaekwondo.martial.services/competitions/jeju-2001-world-taekwondo-championships/medalists,1.0
world_taekwondo_championships_2001_men_fin,athlete_YEON-HO_CHOI_KOR,1,gold,discipline=taekwondo;weight_class=fin;event=Men Fin;country=KOR;source_url=https://web.worldtaekwondo.martial.services/competitions/jeju-2001-world-taekwondo-championships/medalists,3.0
world_taekwondo_championships_2001_men_fly,athlete_BEHZAD_KHODADA_KANJOBERH_IRI,1,gold,discipline=taekwondo;weight_class=fly;event=Men Fly;country=IRI;source_url=https://web.worldtaekwondo.martial.services/competitions/jeju-2001-world-taekwondo-championships/medalists,3.0
world_taekwondo_championships_2001_men_fly,athlete_DAE-RYUNG_KIM_KOR,3,bronze,discipline=taekwondo;weight_class=fly;event=Men Fly;country=KOR;source_url=https://web.worldtaekwondo.martial.services/competitions/jeju-2001-world-taekwondo-championships/medalists,1.0
world_taekwondo_championships_2001_men_fly,athlete_EDUORD_HEGAI_UZB,2,silver,discipline=taekwondo;weight_class=fly;event=Men Fly;country=UZB;source_url=https://web.worldtaekwondo.martial.services/competitions/jeju-2001-world-taekwondo-championships/medalists,2.0
world_taekwondo_championships_2001_men_fly,athlete_SEYFULA_MAGOMEDOV_RUS,3,bronze,discipline=taekwondo;weight_class=fly;event=Men Fly;country=RUS;source_url=https://web.worldtaekwondo.martial.services/competitions/jeju-2001-world-taekwondo-championships/medalists,1.0
world_taekwondo_championships_2001_men_heavy,athlete_FERRY_GREEVINK_NED,1,gold,discipline=taekwondo;weight_class=heavy;event=Men Heavy;country=NED;source_url=https://web.worldtaekwondo.martial.services/competitions/jeju-2001-world-taekwondo-championships/medalists,3.0
world_taekwondo_championships_2001_men_heavy,athlete_HADI_AFSHAR_BAKESHIOU_IRI,2,silver,discipline=taekwondo;weight_class=heavy;event=Men Heavy;country=IRI;source_url=https://web.worldtaekwondo.martial.services/competitions/jeju-2001-world-taekwondo-championships/medalists,2.0
world_taekwondo_championships_2001_men_heavy,athlete_MIODRAG_KUZMANOVIC_CRO,3,bronze,discipline=taekwondo;weight_class=heavy;event=Men Heavy;country=CRO;source_url=https://web.worldtaekwondo.martial.services/competitions/jeju-2001-world-taekwondo-championships/medalists,1.0
world_taekwondo_championships_2001_men_heavy,athlete_RUBEN_MONTESINOS_ESP,3,bronze,discipline=taekwondo;weight_class=heavy;event=Men Heavy;country=ESP;source_url=https://web.worldtaekwondo.martial.services/competitions/jeju-2001-world-taekwondo-championships/medalists,1.0
world_taekwondo_championships_2001_men_light,athlete_ATHANASIOS_BALILIS_GRE,3,bronze,discipline=taekwondo;weight_class=light;event=Men Light;country=GRE;source_url=https://web.worldtaekwondo.martial.services/competitions/jeju-2001-world-taekwondo-championships/medalists,1.0
world_taekwondo_championships_2001_men_light,athlete_JESPER_ROESEN_DEN,2,silver,discipline=taekwondo;weight_class=light;event=Men Light;country=DEN;source_url=https://web.worldtaekwondo.martial.services/competitions/jeju-2001-world-taekwondo-championships/medalists,2.0
world_taekwondo_championships_2001_men_light,athlete_JOSE_LUIS_RAMIREZ_MEX,3,bronze,discipline=taekwondo;weight_class=light;event=Men Light;country=MEX;source_url=https://web.worldtaekwondo.martial.services/competitions/jeju-2001-world-taekwondo-championships/medalists,1.0
world_taekwondo_championships_2001_men_light,athlete_LOPEZ_Steven_USA,1,gold,discipline=taekwondo;weight_class=light;event=Men Light;country=USA;source_url=https://web.worldtaekwondo.martial.services/competitions/jeju-2001-world-taekwondo-championships/medalists,3.0
world_taekwondo_championships_2001_men_middle,athlete_BAHRI_TANRIKULU_TUR,1,gold,discipline=taekwondo;weight_class=middle;event=Men Middle;country=TUR;source_url=https://web.worldtaekwondo.martial.services/competitions/jeju-2001-world-taekwondo-championships/medalists,3.0
world_taekwondo_championships_2001_men_middle,athlete_JON_GARCIA_AGUADO_ESP,3,bronze,discipline=taekwondo;weight_class=middle;event=Men Middle;country=ESP;source_url=https://web.worldtaekwondo.martial.services/competitions/jeju-2001-world-taekwondo-championships/medalists,1.0
world_taekwondo_championships_2001_men_middle,athlete_KYONG-HUN_KIM_KOR,3,bronze,discipline=taekwondo;weight_class=middle;event=Men Middle;country=KOR;source_url=https://web.worldtaekwondo.martial.services/competitions/jeju-2001-world-taekwondo-championships/medalists,1.0
world_taekwondo_championships_2001_men_middle,athlete_MICKAEL_BOROT_FRA,2,silver,discipline=taekwondo;weight_class=middle;event=Men Middle;country=FRA;source_url=https://web.worldtaekwondo.martial.services/competitions/jeju-2001-world-taekwondo-championships/medalists,2.0
world_taekwondo_championships_2001_men_welter,athlete_BEKIR_AYDIN_TUR,3,bronze,discipline=taekwondo;weight_class=welter;event=Men Welter;country=TUR;source_url=https://web.worldtaekwondo.martial.services/competitions/jeju-2001-world-taekwondo-championships/medalists,1.0
world_taekwondo_championships_2001_men_welter,athlete_MAHMOUD_NAPOLEON_AKOUSH_EGY,2,silver,discipline=taekwondo;weight_class=welter;event=Men Welter;country=EGY;source_url=https://web.worldtaekwondo.martial.services/competitions/jeju-2001-world-taekwondo-championships/medalists,2.0
world_taekwondo_championships_2001_men_welter,athlete_MAMEDHY_DOUCARA_FRA,1,gold,discipline=taekwondo;weight_class=welter;event=Men Welter;country=FRA;source_url=https://web.worldtaekwondo.martial.services/competitions/jeju-2001-world-taekwondo-championships/medalists,3.0
world_taekwondo_championships_2001_men_welter,athlete_MARCIN_CHORZELEWS_POL,3,bronze,discipline=taekwondo;weight_class=welter;event=Men Welter;country=POL;source_url=https://web.worldtaekwondo.martial.services/competitions/jeju-2001-world-taekwondo-championships/medalists,1.0
world_taekwondo_championships_2001_women_bantam,athlete_GEMMA_MAGRIA_ESP,2,silver,discipline=taekwondo;weight_class=bantam;event=Women Bantam;country=ESP;source_url=https://web.worldtaekwondo.martial.services/competitions/jeju-2001-world-taekwondo-championships/medalists,2.0
world_taekwondo_championships_2001_women_bantam,athlete_JAE-EUN_JUNG_KOR,1,gold,discipline=taekwondo;weight_class=bantam;event=Women Bantam;country=KOR;source_url=https://web.worldtaekwondo.martial.services/competitions/jeju-2001-world-taekwondo-championships/medalists,3.0
world_taekwondo_championships_2001_women_bantam,athlete_PAMELA_AGOSTINELLI_ITA,3,bronze,discipline=taekwondo;weight_class=bantam;event=Women Bantam;country=ITA;source_url=https://web.worldtaekwondo.martial.services/competitions/jeju-2001-world-taekwondo-championships/medalists,1.0
world_taekwondo_championships_2001_women_bantam,athlete_PAOLA_FELIX_MEX,3,bronze,discipline=taekwondo;weight_class=bantam;event=Women Bantam;country=MEX;source_url=https://web.worldtaekwondo.martial.services/competitions/jeju-2001-world-taekwondo-championships/medalists,1.0
world_taekwondo_championships_2001_women_feather,athlete_IRIDIA_SALAZAR_MEX,2,silver,discipline=taekwondo;weight_class=feather;event=Women Feather;country=MEX;source_url=https://web.worldtaekwondo.martial.services/competitions/jeju-2001-world-taekwondo-championships/medalists,2.0
world_taekwondo_championships_2001_women_feather,athlete_JI-WON_JANG_KOR,1,gold,discipline=taekwondo;weight_class=feather;event=Women Feather;country=KOR;source_url=https://web.worldtaekwondo.martial.services/competitions/jeju-2001-world-taekwondo-championships/medalists,3.0
world_taekwondo_championships_2001_women_feather,athlete_SONIA_Reyes_Saez_ESP,3,bronze,discipline=taekwondo;weight_class=feather;event=Women Feather;country=ESP;source_url=https://web.worldtaekwondo.martial.services/competitions/jeju-2001-world-taekwondo-championships/medalists,1.0
world_taekwondo_championships_2001_women_fin,athlete_DALIA_CONTRERAS_VEN,3,bronze,discipline=taekwondo;weight_class=fin;event=Women Fin;country=VEN;source_url=https://web.worldtaekwondo.martial.services/competitions/jeju-2001-world-taekwondo-championships/medalists,1.0
world_taekwondo_championships_2001_women_fin,athlete_KADRIYE_SELIMOGLU_TUR,1,gold,discipline=taekwondo;weight_class=fin;event=Women Fin;country=TUR;source_url=https://web.worldtaekwondo.martial.services/competitions/jeju-2001-world-taekwondo-championships/medalists,3.0
world_taekwondo_championships_2001_women_fin,athlete_SOO-YANG_KIM_KOR,2,silver,discipline=taekwondo;weight_class=fin;event=Women Fin;country=KOR;source_url=https://web.worldtaekwondo.martial.services/competitions/jeju-2001-world-taekwondo-championships/medalists,2.0
world_taekwondo_championships_2001_women_fin,athlete_TAO_KONG_FAN_CHN,3,bronze,discipline=taekwondo;weight_class=fin;event=Women Fin;country=CHN;source_url=https://web.worldtaekwondo.martial.services/competitions/jeju-2001-world-taekwondo-championships/medalists,1.0
world_taekwondo_championships_2001_women_fly,athlete_BRIGITTE_YAGÜE_ENRIQUE_ESP,2,silver,discipline=taekwondo;weight_class=fly;event=Women Fly;country=ESP;source_url=https://web.worldtaekwondo.martial.services/competitions/jeju-2001-world-taekwondo-championships/medalists,2.0
world_taekwondo_championships_2001_women_fly,athlete_CHUN_HUANG_CHIA_TPE,3,bronze,discipline=taekwondo;weight_class=fly;event=Women Fly;country=TPE;source_url=https://web.worldtaekwondo.martial.services/competitions/jeju-2001-world-taekwondo-championships/medalists,1.0
world_taekwondo_championships_2001_women_fly,athlete_HYE-YOUNG_LEE_KOR,1,gold,discipline=taekwondo;weight_class=fly;event=Women Fly;country=KOR;source_url=https://web.worldtaekwondo.martial.services/competitions/jeju-2001-world-taekwondo-championships/medalists,3.0
world_taekwondo_championships_2001_women_fly,athlete_MAGDA_SEIREKEIDOU_GRE,3,bronze,discipline=taekwondo;weight_class=fly;event=Women Fly;country=GRE;source_url=https://web.worldtaekwondo.martial.services/competitions/jeju-2001-world-taekwondo-championships/medalists,1.0
world_taekwondo_championships_2001_women_heavy,athlete_HSIEN_WANG_TPE,2,silver,discipline=taekwondo;weight_class=heavy;event=Women Heavy;country=TPE;source_url=https://web.worldtaekwondo.martial.services/competitions/jeju-2001-world-taekwondo-championships/medalists,2.0
world_taekwondo_championships_2001_women_heavy,athlete_KYUNG-HYEON_SHIN_KOR,1,gold,discipline=taekwondo;weight_class=heavy;event=Women Heavy;country=KOR;source_url=https://web.worldtaekwondo.martial.services/competitions/jeju-2001-world-taekwondo-championships/medalists,3.0
world_taekwondo_championships_2001_women_heavy,athlete_MARIA_KONIAKHINA_RUS,3,bronze,discipline=taekwondo;weight_class=heavy;event=Women Heavy;country=RUS;source_url=https://web.worldtaekwondo.martial.services/competitions/jeju-2001-world-taekwondo-championships/medalists,1.0
world_taekwondo_championships_2001_women_heavy,athlete_MARYA_ZHVRAVSKAYA_BLR,3,bronze,discipline=taekwondo;weight_class=heavy;event=Women Heavy;country=BLR;source_url=https://web.worldtaekwondo.martial.services/competitions/jeju-2001-world-taekwondo-championships/medalists,1.0
world_taekwondo_championships_2001_women_light,athlete_BELEN_FERNANDEZ_ESP,2,silver,discipline=taekwondo;weight_class=light;event=Women Light;country=ESP;source_url=https://web.worldtaekwondo.martial.services/competitions/jeju-2001-world-taekwondo-championships/medalists,2.0
world_taekwondo_championships_2001_women_light,athlete_MOUNA_BRNAVRRASSOUL_MAR,3,bronze,discipline=taekwondo;weight_class=light;event=Women Light;country=MAR;source_url=https://web.worldtaekwondo.martial.services/competitions/jeju-2001-world-taekwondo-championships/medalists,1.0
world_taekwondo_championships_2001_women_light,athlete_NATALIA_FALAVIGNA_BRA,3,bronze,discipline=taekwondo;weight_class=light;event=Women Light;country=BRA;source_url=https://web.worldtaekwondo.martial.services/competitions/jeju-2001-world-taekwondo-championships/medalists,1.0
world_taekwondo_championships_2001_women_light,athlete_YEON-JI_KIM_KOR,1,gold,discipline=taekwondo;weight_class=light;event=Women Light;country=KOR;source_url=https://web.worldtaekwondo.martial.services/competitions/jeju-2001-world-taekwondo-championships/medalists,3.0
world_taekwondo_championships_2001_women_middle,athlete_ALESIA_CHARNIAVSKAYA_BLR,3,bronze,discipline=taekwondo;weight_class=middle;event=Women Middle;country=BLR;source_url=https://web.worldtaekwondo.martial.services/competitions/jeju-2001-world-taekwondo-championships/medalists,1.0
world_taekwondo_championships_2001_women_middle,athlete_ELISAVET_MISTAKIDOU_GRE,3,bronze,discipline=taekwondo;weight_class=middle;event=Women Middle;country=GRE;source_url=https://web.worldtaekwondo.martial.services/competitions/jeju-2001-world-taekwondo-championships/medalists,1.0
world_taekwondo_championships_2001_women_middle,athlete_SARAH_STEVENSON_JENNINGS_GBR,1,gold,discipline=taekwondo;weight_class=middle;event=Women Middle;country=GBR;source_url=https://web.worldtaekwondo.martial.services/competitions/jeju-2001-world-taekwondo-championships/medalists,3.0
world_taekwondo_championships_2001_women_middle,athlete_ZHONG_CHEN_CHN,2,silver,discipline=taekwondo;weight_class=middle;event=Women Middle;country=CHN;source_url=https://web.worldtaekwondo.martial.services/competitions/jeju-2001-world-taekwondo-championships/medalists,2.0
world_taekwondo_championships_2001_women_welter,athlete_CHEN_CHANG_WAN_TPE,2,silver,discipline=taekwondo;weight_class=welter;event=Women Welter;country=TPE;source_url=https://web.worldtaekwondo.martial.services/competitions/jeju-2001-world-taekwondo-championships/medalists,2.0
world_taekwondo_championships_2001_women_welter,athlete_HYE-MI_KIM_KOR,1,gold,discipline=taekwondo;weight_class=welter;event=Women Welter;country=KOR;source_url=https://web.worldtaekwondo.martial.services/competitions/jeju-2001-world-taekwondo-championships/medalists,3.0
world_taekwondo_championships_2001_women_welter,athlete_LUISA_ARNANZ_ESP,3,bronze,discipline=taekwondo;weight_class=welter;event=Women Welter;country=ESP;source_url=https://web.worldtaekwondo.martial.services/competitions/jeju-2001-world-taekwondo-championships/medalists,1.0
world_taekwondo_championships_2001_women_welter,athlete_NINA_SOLHEIM_NOR,3,bronze,discipline=taekwondo;weight_class=welter;event=Women Welter;country=NOR;source_url=https://web.worldtaekwondo.martial.services/competitions/jeju-2001-world-taekwondo-championships/medalists,1.0
world_taekwondo_championships_2003_men_bantam,athlete_CHI_HSIUNG_HUANG_TPE,1,gold,discipline=taekwondo;weight_class=bantam;event=Men Bantam;country=TPE;source_url=https://web.worldtaekwondo.martial.services/competitions/garmisch-partenkirchen-2003-world-taekwondo-championships/medalists,3.0
world_taekwondo_championships_2003_men_bantam,athlete_LOPEZ_Peter_PER,3,bronze,discipline=taekwondo;weight_class=bantam;event=Men Bantam;country=PER;source_url=https://web.worldtaekwondo.martial.services/competitions/garmisch-partenkirchen-2003-world-taekwondo-championships/medalists,1.0
world_taekwondo_championships_2003_men_bantam,athlete_OMAR_BADIA_ESP,2,silver,discipline=taekwondo;weight_class=bantam;event=Men Bantam;country=ESP;source_url=https://web.worldtaekwondo.martial.services/competitions/garmisch-partenkirchen-2003-world-taekwondo-championships/medalists,2.0
world_taekwondo_championships_2003_men_bantam,athlete_OMID_GHOLAMZADEH_IRI,3,bronze,discipline=taekwondo;weight_class=bantam;event=Men Bantam;country=IRI;source_url=https://web.worldtaekwondo.martial.services/competitions/garmisch-partenkirchen-2003-world-taekwondo-championships/medalists,1.0
world_taekwondo_championships_2003_men_feather,athlete_ERDAL_AYLANC_GER,3,bronze,discipline=taekwondo;weight_class=feather;event=Men Feather;country=GER;source_url=https://web.worldtaekwondo.martial.services/competitions/garmisch-partenkirchen-2003-world-taekwondo-championships/medalists,1.0
world_taekwondo_championships_2003_men_feather,athlete_LOPEZ_Mark_USA,2,silver,discipline=taekwondo;weight_class=feather;event=Men Feather;country=USA;source_url=https://web.worldtaekwondo.martial.services/competitions/garmisch-partenkirchen-2003-world-taekwondo-championships/medalists,2.0
world_taekwondo_championships_2003_men_feather,athlete_NAM-WON_KANG_KOR,1,gold,discipline=taekwondo;weight_class=feather;event=Men Feather;country=KOR;source_url=https://web.worldtaekwondo.martial.services/competitions/garmisch-partenkirchen-2003-world-taekwondo-championships/medalists,3.0
world_taekwondo_championships_2003_men_feather,athlete_NIYAMADDIN_PASHAYEV_AZE,3,bronze,discipline=taekwondo;weight_class=feather;event=Men Feather;country=AZE;source_url=https://web.worldtaekwondo.martial.services/competitions/garmisch-partenkirchen-2003-world-taekwondo-championships/medalists,1.0
world_taekwondo_championships_2003_men_fin,athlete_PAUL_GREEN_GBR,2,silver,discipline=taekwondo;weight_class=fin;event=Men Fin;country=GBR;source_url=https://web.worldtaekwondo.martial.services/competitions/garmisch-partenkirchen-2003-world-taekwondo-championships/medalists,2.0
world_taekwondo_championships_2003_men_fin,athlete_ROBERTO_CRUZ_PHI,3,bronze,discipline=taekwondo;weight_class=fin;event=Men Fin;country=PHI;source_url=https://web.worldtaekwondo.martial.services/competitions/garmisch-partenkirchen-2003-world-taekwondo-championships/medalists,1.0
world_taekwondo_championships_2003_men_fin,athlete_YEON-HO_CHOI_KOR,1,gold,discipline=taekwondo;weight_class=fin;event=Men Fin;country=KOR;source_url=https://web.worldtaekwondo.martial.services/competitions/garmisch-partenkirchen-2003-world-taekwondo-championships/medalists,3.0
world_taekwondo_championships_2003_men_fin,athlete_ZAHID_MAMMADOV_AZE,3,bronze,discipline=taekwondo;weight_class=fin;event=Men Fin;country=AZE;source_url=https://web.worldtaekwondo.martial.services/competitions/garmisch-partenkirchen-2003-world-taekwondo-championships/medalists,1.0
world_taekwondo_championships_2003_men_fly,athlete_BEHZAD_KHODADA_KANJOBERH_IRI,2,silver,discipline=taekwondo;weight_class=fly;event=Men Fly;country=IRI;source_url=https://web.worldtaekwondo.martial.services/competitions/garmisch-partenkirchen-2003-world-taekwondo-championships/medalists,2.0
world_taekwondo_championships_2003_men_fly,athlete_MU_YEN_CHU_TPE,1,gold,discipline=taekwondo;weight_class=fly;event=Men Fly;country=TPE;source_url=https://web.worldtaekwondo.martial.services/competitions/garmisch-partenkirchen-2003-world-taekwondo-championships/medalists,3.0
world_taekwondo_championships_2003_men_fly,athlete_SEOK-HWA_KO_KOR,3,bronze,discipline=taekwondo;weight_class=fly;event=Men Fly;country=KOR;source_url=https://web.worldtaekwondo.martial.services/competitions/garmisch-partenkirchen-2003-world-taekwondo-championships/medalists,1.0
world_taekwondo_championships_2003_men_fly,athlete_TIM_THACKREY_USA,3,bronze,discipline=taekwondo;weight_class=fly;event=Men Fly;country=USA;source_url=https://web.worldtaekwondo.martial.services/competitions/garmisch-partenkirchen-2003-world-taekwondo-championships/medalists,1.0
world_taekwondo_championships_2003_men_heavy,athlete_ASIDAH_Zakaria_DEN,2,silver,discipline=taekwondo;weight_class=heavy;event=Men Heavy;country=DEN;source_url=https://web.worldtaekwondo.martial.services/competitions/garmisch-partenkirchen-2003-world-taekwondo-championships/medalists,2.0
world_taekwondo_championships_2003_men_heavy,athlete_LIN_WEN_CHENG_TPE,3,bronze,discipline=taekwondo;weight_class=heavy;event=Men Heavy;country=TPE;source_url=https://web.worldtaekwondo.martial.services/competitions/garmisch-partenkirchen-2003-world-taekwondo-championships/medalists,1.0
world_taekwondo_championships_2003_men_heavy,athlete_MICI_KUZMANOVIC_CRO,3,bronze,discipline=taekwondo;weight_class=heavy;event=Men Heavy;country=CRO;source_url=https://web.worldtaekwondo.martial.services/competitions/garmisch-partenkirchen-2003-world-taekwondo-championships/medalists,1.0
world_taekwondo_championships_2003_men_heavy,athlete_MORTEZA_ROSTAMI_IRI,1,gold,discipline=taekwondo;weight_class=heavy;event=Men Heavy;country=IRI;source_url=https://web.worldtaekwondo.martial.services/competitions/garmisch-partenkirchen-2003-world-taekwondo-championships/medalists,3.0
world_taekwondo_championships_2003_men_light,athlete_HADI_SAEI_BONEHKOHAL_IRI,2,silver,discipline=taekwondo;weight_class=light;event=Men Light;country=IRI;source_url=https://web.worldtaekwondo.martial.services/competitions/garmisch-partenkirchen-2003-world-taekwondo-championships/medalists,2.0
world_taekwondo_championships_2003_men_light,athlete_KOOK-HYUN_JEONG_KOR,1,gold,discipline=taekwondo;weight_class=light;event=Men Light;country=KOR;source_url=https://web.worldtaekwondo.martial.services/competitions/garmisch-partenkirchen-2003-world-taekwondo-championships/medalists,3.0
world_taekwondo_championships_2003_men_light,athlete_RASHAD_AHMADOV_AZE,3,bronze,discipline=taekwondo;weight_class=light;event=Men Light;country=AZE;source_url=https://web.worldtaekwondo.martial.services/competitions/garmisch-partenkirchen-2003-world-taekwondo-championships/medalists,1.0
world_taekwondo_championships_2003_men_light,athlete_TUNCAY_Caliskan_AUT,3,bronze,discipline=taekwondo;weight_class=light;event=Men Light;country=AUT;source_url=https://web.worldtaekwondo.martial.services/competitions/garmisch-partenkirchen-2003-world-taekwondo-championships/medalists,1.0
world_taekwondo_championships_2003_men_middle,athlete_BAHRI_TANRIKULU_TUR,3,bronze,discipline=taekwondo;weight_class=middle;event=Men Middle;country=TUR;source_url=https://web.worldtaekwondo.martial.services/competitions/garmisch-partenkirchen-2003-world-taekwondo-championships/medalists,1.0
world_taekwondo_championships_2003_men_middle,athlete_MICKAEL_BOROT_FRA,2,silver,discipline=taekwondo;weight_class=middle;event=Men Middle;country=FRA;source_url=https://web.worldtaekwondo.martial.services/competitions/garmisch-partenkirchen-2003-world-taekwondo-championships/medalists,2.0
world_taekwondo_championships_2003_men_middle,athlete_TAVAGUL_BAYRAMOV_AZE,3,bronze,discipline=taekwondo;weight_class=middle;event=Men Middle;country=AZE;source_url=https://web.worldtaekwondo.martial.services/competitions/garmisch-partenkirchen-2003-world-taekwondo-championships/medalists,1.0
world_taekwondo_championships_2003_men_middle,athlete_YOUSEF_Karami_IRI,1,gold,discipline=taekwondo;weight_class=middle;event=Men Middle;country=IRI;source_url=https://web.worldtaekwondo.martial.services/competitions/garmisch-partenkirchen-2003-world-taekwondo-championships/medalists,3.0
world_taekwondo_championships_2003_men_welter,athlete_LOPEZ_Steven_USA,1,gold,discipline=taekwondo;weight_class=welter;event=Men Welter;country=USA;source_url=https://web.worldtaekwondo.martial.services/competitions/garmisch-partenkirchen-2003-world-taekwondo-championships/medalists,3.0
world_taekwondo_championships_2003_men_welter,athlete_MOHAMED_EBNOUTALIB_GER,2,silver,discipline=taekwondo;weight_class=welter;event=Men Welter;country=GER;source_url=https://web.worldtaekwondo.martial.services/competitions/garmisch-partenkirchen-2003-world-taekwondo-championships/medalists,2.0
world_taekwondo_championships_2003_men_welter,athlete_ROSENDO_ALONSO_ESP,3,bronze,discipline=taekwondo;weight_class=welter;event=Men Welter;country=ESP;source_url=https://web.worldtaekwondo.martial.services/competitions/garmisch-partenkirchen-2003-world-taekwondo-championships/medalists,1.0
world_taekwondo_championships_2003_men_welter,athlete_SEON-TAEK_OH_KOR,3,bronze,discipline=taekwondo;weight_class=welter;event=Men Welter;country=KOR;source_url=https://web.worldtaekwondo.martial.services/competitions/garmisch-partenkirchen-2003-world-taekwondo-championships/medalists,1.0
world_taekwondo_championships_2003_women_bantam,athlete_JEONG-YEON_HA_KOR,1,gold,discipline=taekwondo;weight_class=bantam;event=Women Bantam;country=KOR;source_url=https://web.worldtaekwondo.martial.services/competitions/garmisch-partenkirchen-2003-world-taekwondo-championships/medalists,3.0
world_taekwondo_championships_2003_women_bantam,athlete_NOOTCHARIN_SUKKHONGDUMNOEN_THA,3,bronze,discipline=taekwondo;weight_class=bantam;event=Women Bantam;country=THA;source_url=https://web.worldtaekwondo.martial.services/competitions/garmisch-partenkirchen-2003-world-taekwondo-championships/medalists,1.0
world_taekwondo_championships_2003_women_bantam,athlete_TAYLOR_STONE_USA,2,silver,discipline=taekwondo;weight_class=bantam;event=Women Bantam;country=USA;source_url=https://web.worldtaekwondo.martial.services/competitions/garmisch-partenkirchen-2003-world-taekwondo-championships/medalists,2.0
world_taekwondo_championships_2003_women_bantam,athlete_VERONIQUE_STJACQUES_CAN,3,bronze,discipline=taekwondo;weight_class=bantam;event=Women Bantam;country=CAN;source_url=https://web.worldtaekwondo.martial.services/competitions/garmisch-partenkirchen-2003-world-taekwondo-championships/medalists,1.0
world_taekwondo_championships_2003_women_feather,athlete_ARETI_ATHANASOPOULOU_GRE,1,gold,discipline=taekwondo;weight_class=feather;event=Women Feather;country=GRE;source_url=https://web.worldtaekwondo.martial.services/competitions/garmisch-partenkirchen-2003-world-taekwondo-championships/medalists,3.0
world_taekwondo_championships_2003_women_feather,athlete_IRIDIA_SALAZAR_MEX,2,silver,discipline=taekwondo;weight_class=feather;event=Women Feather;country=MEX;source_url=https://web.worldtaekwondo.martial.services/competitions/garmisch-partenkirchen-2003-world-taekwondo-championships/medalists,2.0
world_taekwondo_championships_2003_women_feather,athlete_LISE_HJORTSHOJ_DEN,3,bronze,discipline=taekwondo;weight_class=feather;event=Women Feather;country=DEN;source_url=https://web.worldtaekwondo.martial.services/competitions/garmisch-partenkirchen-2003-world-taekwondo-championships/medalists,1.0
world_taekwondo_championships_2003_women_feather,athlete_SONIA_Reyes_Saez_ESP,3,bronze,discipline=taekwondo;weight_class=feather;event=Women Feather;country=ESP;source_url=https://web.worldtaekwondo.martial.services/competitions/garmisch-partenkirchen-2003-world-taekwondo-championships/medalists,1.0
world_taekwondo_championships_2003_women_fin,athlete_BRIGITTE_YAGÜE_ENRIQUE_ESP,1,gold,discipline=taekwondo;weight_class=fin;event=Women Fin;country=ESP;source_url=https://web.worldtaekwondo.martial.services/competitions/garmisch-partenkirchen-2003-world-taekwondo-championships/medalists,3.0
world_taekwondo_championships_2003_women_fin,athlete_DALIA_CONTRERAS_VEN,3,bronze,discipline=taekwondo;weight_class=fin;event=Women Fin;country=VEN;source_url=https://web.worldtaekwondo.martial.services/competitions/garmisch-partenkirchen-2003-world-taekwondo-championships/medalists,1.0
world_taekwondo_championships_2003_women_fin,athlete_THUCUC_PHAM_GER,3,bronze,discipline=taekwondo;weight_class=fin;event=Women Fin;country=GER;source_url=https://web.worldtaekwondo.martial.services/competitions/garmisch-partenkirchen-2003-world-taekwondo-championships/medalists,1.0
world_taekwondo_championships_2003_women_fin,athlete_YING_WANG_CHN,2,silver,discipline=taekwondo;weight_class=fin;event=Women Fin;country=CHN;source_url=https://web.worldtaekwondo.martial.services/competitions/garmisch-partenkirchen-2003-world-taekwondo-championships/medalists,2.0
world_taekwondo_championships_2003_women_fly,athlete_BOORAPOLCHAI_YAOWAPA_THA,3,bronze,discipline=taekwondo;weight_class=fly;event=Women Fly;country=THA;source_url=https://web.worldtaekwondo.martial.services/competitions/garmisch-partenkirchen-2003-world-taekwondo-championships/medalists,1.0
world_taekwondo_championships_2003_women_fly,athlete_ELISHA_VOREN_USA,3,bronze,discipline=taekwondo;weight_class=fly;event=Women Fly;country=USA;source_url=https://web.worldtaekwondo.martial.services/competitions/garmisch-partenkirchen-2003-world-taekwondo-championships/medalists,1.0
world_taekwondo_championships_2003_women_fly,athlete_JI-HYE_LEE_KOR,1,gold,discipline=taekwondo;weight_class=fly;event=Women Fly;country=KOR;source_url=https://web.worldtaekwondo.martial.services/competitions/garmisch-partenkirchen-2003-world-taekwondo-championships/medalists,3.0
world_taekwondo_championships_2003_women_fly,athlete_YANELIS_YULIET_LABRADA_DIAZ_CUB,2,silver,discipline=taekwondo;weight_class=fly;event=Women Fly;country=CUB;source_url=https://web.worldtaekwondo.martial.services/competitions/garmisch-partenkirchen-2003-world-taekwondo-championships/medalists,2.0
world_taekwondo_championships_2003_women_heavy,athlete_HYUN-JUNG_YOUN_KOR,1,gold,discipline=taekwondo;weight_class=heavy;event=Women Heavy;country=KOR;source_url=https://web.worldtaekwondo.martial.services/competitions/garmisch-partenkirchen-2003-world-taekwondo-championships/medalists,3.0
world_taekwondo_championships_2003_women_heavy,athlete_KIRIAKI_KOUVARI_GRE,3,bronze,discipline=taekwondo;weight_class=heavy;event=Women Heavy;country=GRE;source_url=https://web.worldtaekwondo.martial.services/competitions/garmisch-partenkirchen-2003-world-taekwondo-championships/medalists,1.0
world_taekwondo_championships_2003_women_heavy,athlete_NETASA_VEZMAR_CRO,2,silver,discipline=taekwondo;weight_class=heavy;event=Women Heavy;country=CRO;source_url=https://web.worldtaekwondo.martial.services/competitions/garmisch-partenkirchen-2003-world-taekwondo-championships/medalists,2.0
world_taekwondo_championships_2003_women_heavy,athlete_ZHONG_CHEN_CHN,3,bronze,discipline=taekwondo;weight_class=heavy;event=Women Heavy;country=CHN;source_url=https://web.worldtaekwondo.martial.services/competitions/garmisch-partenkirchen-2003-world-taekwondo-championships/medalists,1.0
world_taekwondo_championships_2003_women_light,athlete_SERGERIE_Karine_CAN,2,silver,discipline=taekwondo;weight_class=light;event=Women Light;country=CAN;source_url=https://web.worldtaekwondo.martial.services/competitions/garmisch-partenkirchen-2003-world-taekwondo-championships/medalists,2.0
world_taekwondo_championships_2003_women_light,athlete_TINA_MORGAN_AUS,3,bronze,discipline=taekwondo;weight_class=light;event=Women Light;country=AUS;source_url=https://web.worldtaekwondo.martial.services/competitions/garmisch-partenkirchen-2003-world-taekwondo-championships/medalists,1.0
world_taekwondo_championships_2003_women_light,athlete_YEON-JI_KIM_KOR,1,gold,discipline=taekwondo;weight_class=light;event=Women Light;country=KOR;source_url=https://web.worldtaekwondo.martial.services/competitions/garmisch-partenkirchen-2003-world-taekwondo-championships/medalists,3.0
world_taekwondo_championships_2003_women_light,athlete_YULIYA_SUKHAVITSKAYA_BLR,3,bronze,discipline=taekwondo;weight_class=light;event=Women Light;country=BLR;source_url=https://web.worldtaekwondo.martial.services/competitions/garmisch-partenkirchen-2003-world-taekwondo-championships/medalists,1.0
world_taekwondo_championships_2003_women_middle,athlete_AITZIBER_LOS_ARCOS_ESP,3,bronze,discipline=taekwondo;weight_class=middle;event=Women Middle;country=ESP;source_url=https://web.worldtaekwondo.martial.services/competitions/garmisch-partenkirchen-2003-world-taekwondo-championships/medalists,1.0
world_taekwondo_championships_2003_women_middle,athlete_MOUNIA_Bourguigue_MAR,3,bronze,discipline=taekwondo;weight_class=middle;event=Women Middle;country=MAR;source_url=https://web.worldtaekwondo.martial.services/competitions/garmisch-partenkirchen-2003-world-taekwondo-championships/medalists,1.0
world_taekwondo_championships_2003_women_middle,athlete_MYRIAM_BAVEREL_FRA,2,silver,discipline=taekwondo;weight_class=middle;event=Women Middle;country=FRA;source_url=https://web.worldtaekwondo.martial.services/competitions/garmisch-partenkirchen-2003-world-taekwondo-championships/medalists,2.0
world_taekwondo_championships_2003_women_middle,athlete_WEI_LUO_CHN,1,gold,discipline=taekwondo;weight_class=middle;event=Women Middle;country=CHN;source_url=https://web.worldtaekwondo.martial.services/competitions/garmisch-partenkirchen-2003-world-taekwondo-championships/medalists,3.0
world_taekwondo_championships_2005_men_feather,athlete_ARITZ_ITSISOA_ESP,3,bronze,discipline=taekwondo;weight_class=feather;event=Men Feather;country=ESP;source_url=https://web.worldtaekwondo.martial.services/competitions/madrid-2005-world-taekwondo-championships/medalists,1.0
world_taekwondo_championships_2005_men_feather,athlete_DENNIS_BEKKERS_NED,3,bronze,discipline=taekwondo;weight_class=feather;event=Men Feather;country=NED;source_url=https://web.worldtaekwondo.martial.services/competitions/madrid-2005-world-taekwondo-championships/medalists,1.0
world_taekwondo_championships_2005_men_feather,athlete_LOPEZ_Mark_USA,1,gold,discipline=taekwondo;weight_class=feather;event=Men Feather;country=USA;source_url=https://web.worldtaekwondo.martial.services/competitions/madrid-2005-world-taekwondo-championships/medalists,3.0
world_taekwondo_championships_2005_men_feather,athlete_MYEONG-SEOB_SONG_KOR,2,silver,discipline=taekwondo;weight_class=feather;event=Men Feather;country=KOR;source_url=https://web.worldtaekwondo.martial.services/competitions/madrid-2005-world-taekwondo-championships/medalists,2.0
world_taekwondo_championships_2005_men_fin,athlete_GERARDO_RODRIGUEZ_MEX,3,bronze,discipline=taekwondo;weight_class=fin;event=Men Fin;country=MEX;source_url=https://web.worldtaekwondo.martial.services/competitions/madrid-2005-world-taekwondo-championships/medalists,1.0
world_taekwondo_championships_2005_men_fin,athlete_JIN-HEE_KIM_KOR,1,gold,discipline=taekwondo;weight_class=fin;event=Men Fin;country=KOR;source_url=https://web.worldtaekwondo.martial.services/competitions/madrid-2005-world-taekwondo-championships/medalists,3.0
world_taekwondo_championships_2005_men_fin,athlete_NAFJAM_FEIROLLAH_IRI,2,silver,discipline=taekwondo;weight_class=fin;event=Men Fin;country=IRI;source_url=https://web.worldtaekwondo.martial.services/competitions/madrid-2005-world-taekwondo-championships/medalists,2.0
world_taekwondo_championships_2005_men_fin,athlete_SEYFULA_MAGOMEDOV_RUS,3,bronze,discipline=taekwondo;weight_class=fin;event=Men Fin;country=RUS;source_url=https://web.worldtaekwondo.martial.services/competitions/madrid-2005-world-taekwondo-championships/medalists,1.0
world_taekwondo_championships_2005_men_fly,athlete_BEHZAD_KHODADA_KANJOBERH_IRI,2,silver,discipline=taekwondo;weight_class=fly;event=Men Fly;country=IRI;source_url=https://web.worldtaekwondo.martial.services/competitions/madrid-2005-world-taekwondo-championships/medalists,2.0
world_taekwondo_championships_2005_men_fly,athlete_LONG_DINH_Thanh_VIE,3,bronze,discipline=taekwondo;weight_class=fly;event=Men Fly;country=VIE;source_url=https://web.worldtaekwondo.martial.services/competitions/madrid-2005-world-taekwondo-championships/medalists,1.0
world_taekwondo_championships_2005_men_fly,athlete_SEOK-HWA_KO_KOR,1,gold,discipline=taekwondo;weight_class=fly;event=Men Fly;country=KOR;source_url=https://web.worldtaekwondo.martial.services/competitions/madrid-2005-world-taekwondo-championships/medalists,3.0
world_taekwondo_championships_2005_men_fly,athlete_SUTTHIKUNKARN_DECH_THA,3,bronze,discipline=taekwondo;weight_class=fly;event=Men Fly;country=THA;source_url=https://web.worldtaekwondo.martial.services/competitions/madrid-2005-world-taekwondo-championships/medalists,1.0
world_taekwondo_championships_2005_men_heavy,athlete_JUN-NYUNG_HEO_KOR,3,bronze,discipline=taekwondo;weight_class=heavy;event=Men Heavy;country=KOR;source_url=https://web.worldtaekwondo.martial.services/competitions/madrid-2005-world-taekwondo-championships/medalists,1.0
world_taekwondo_championships_2005_men_heavy,athlete_LEONARDO_BASILE_ITA,3,bronze,discipline=taekwondo;weight_class=heavy;event=Men Heavy;country=ITA;source_url=https://web.worldtaekwondo.martial.services/competitions/madrid-2005-world-taekwondo-championships/medalists,1.0
world_taekwondo_championships_2005_men_heavy,athlete_RUBEN_MONTESINOS_ESP,1,gold,discipline=taekwondo;weight_class=heavy;event=Men Heavy;country=ESP;source_url=https://web.worldtaekwondo.martial.services/competitions/madrid-2005-world-taekwondo-championships/medalists,3.0
world_taekwondo_championships_2005_men_heavy,athlete_ZROURI_Abdelkader_MAR,2,silver,discipline=taekwondo;weight_class=heavy;event=Men Heavy;country=MAR;source_url=https://web.worldtaekwondo.martial.services/competitions/madrid-2005-world-taekwondo-championships/medalists,2.0
world_taekwondo_championships_2005_men_light,athlete_ALAN_AKOEV_RUS,2,silver,discipline=taekwondo;weight_class=light;event=Men Light;country=RUS;source_url=https://web.worldtaekwondo.martial.services/competitions/madrid-2005-world-taekwondo-championships/medalists,2.0
world_taekwondo_championships_2005_men_light,athlete_HADI_SAEI_BONEHKOHAL_IRI,1,gold,discipline=taekwondo;weight_class=light;event=Men Light;country=IRI;source_url=https://web.worldtaekwondo.martial.services/competitions/madrid-2005-world-taekwondo-championships/medalists,3.0
world_taekwondo_championships_2005_men_light,athlete_NIIMI_TAKAHIRO_JPN,3,bronze,discipline=taekwondo;weight_class=light;event=Men Light;country=JPN;source_url=https://web.worldtaekwondo.martial.services/competitions/madrid-2005-world-taekwondo-championships/medalists,1.0
world_taekwondo_championships_2005_men_light,athlete_VASQUEZ_Carlos_VEN,3,bronze,discipline=taekwondo;weight_class=light;event=Men Light;country=VEN;source_url=https://web.worldtaekwondo.martial.services/competitions/madrid-2005-world-taekwondo-championships/medalists,1.0
world_taekwondo_championships_2005_men_middle,athlete_BRUNO_NTEP_FRA,3,bronze,discipline=taekwondo;weight_class=middle;event=Men Middle;country=FRA;source_url=https://web.worldtaekwondo.martial.services/competitions/madrid-2005-world-taekwondo-championships/medalists,1.0
world_taekwondo_championships_2005_men_middle,athlete_JON_GARCIA_AGUADO_ESP,2,silver,discipline=taekwondo;weight_class=middle;event=Men Middle;country=ESP;source_url=https://web.worldtaekwondo.martial.services/competitions/madrid-2005-world-taekwondo-championships/medalists,2.0
world_taekwondo_championships_2005_men_middle,athlete_SEON-TAEK_OH_KOR,1,gold,discipline=taekwondo;weight_class=middle;event=Men Middle;country=KOR;source_url=https://web.worldtaekwondo.martial.services/competitions/madrid-2005-world-taekwondo-championships/medalists,3.0
world_taekwondo_championships_2005_men_middle,athlete_YOUSEF_Karami_IRI,3,bronze,discipline=taekwondo;weight_class=middle;event=Men Middle;country=IRI;source_url=https://web.worldtaekwondo.martial.services/competitions/madrid-2005-world-taekwondo-championships/medalists,1.0
world_taekwondo_championships_2005_men_welter,athlete_ALI_TAJIK_IRI,2,silver,discipline=taekwondo;weight_class=welter;event=Men Welter;country=IRI;source_url=https://web.worldtaekwondo.martial.services/competitions/madrid-2005-world-taekwondo-championships/medalists,2.0
world_taekwondo_championships_2005_men_welter,athlete_DANIEL_JUKIC_AUS,3,bronze,discipline=taekwondo;weight_class=welter;event=Men Welter;country=AUS;source_url=https://web.worldtaekwondo.martial.services/competitions/madrid-2005-world-taekwondo-championships/medalists,1.0
world_taekwondo_championships_2005_men_welter,athlete_LOPEZ_Steven_USA,1,gold,discipline=taekwondo;weight_class=welter;event=Men Welter;country=USA;source_url=https://web.worldtaekwondo.martial.services/competitions/madrid-2005-world-taekwondo-championships/medalists,3.0
world_taekwondo_championships_2005_men_welter,athlete_ROSENDO_ALONSO_ESP,3,bronze,discipline=taekwondo;weight_class=welter;event=Men Welter;country=ESP;source_url=https://web.worldtaekwondo.martial.services/competitions/madrid-2005-world-taekwondo-championships/medalists,1.0
world_taekwondo_championships_2005_women_feather,athlete_DIEDHIOU_Bineta_SEN,3,bronze,discipline=taekwondo;weight_class=feather;event=Women Feather;country=SEN;source_url=https://web.worldtaekwondo.martial.services/competitions/madrid-2005-world-taekwondo-championships/medalists,1.0
world_taekwondo_championships_2005_women_feather,athlete_LOPEZ_Diana_USA,1,gold,discipline=taekwondo;weight_class=feather;event=Women Feather;country=USA;source_url=https://web.worldtaekwondo.martial.services/competitions/madrid-2005-world-taekwondo-championships/medalists,3.0
world_taekwondo_championships_2005_women_feather,athlete_SAE-ROM_KIM_KOR,2,silver,discipline=taekwondo;weight_class=feather;event=Women Feather;country=KOR;source_url=https://web.worldtaekwondo.martial.services/competitions/madrid-2005-world-taekwondo-championships/medalists,2.0
world_taekwondo_championships_2005_women_feather,athlete_SERGERIE_Karine_CAN,3,bronze,discipline=taekwondo;weight_class=feather;event=Women Feather;country=CAN;source_url=https://web.worldtaekwondo.martial.services/competitions/madrid-2005-world-taekwondo-championships/medalists,1.0
world_taekwondo_championships_2005_women_fin,athlete_BELEN_ASENSIO_ESP,1,gold,discipline=taekwondo;weight_class=fin;event=Women Fin;country=ESP;source_url=https://web.worldtaekwondo.martial.services/competitions/madrid-2005-world-taekwondo-championships/medalists,3.0
world_taekwondo_championships_2005_women_fin,athlete_EUN-YOUNG_YU_KOR,2,silver,discipline=taekwondo;weight_class=fin;event=Women Fin;country=KOR;source_url=https://web.worldtaekwondo.martial.services/competitions/madrid-2005-world-taekwondo-championships/medalists,2.0
world_taekwondo_championships_2005_women_fin,athlete_MANDY_MELOON_USA,3,bronze,discipline=taekwondo;weight_class=fin;event=Women Fin;country=USA;source_url=https://web.worldtaekwondo.martial.services/competitions/madrid-2005-world-taekwondo-championships/medalists,1.0
world_taekwondo_championships_2005_women_fin,athlete_SUMEYYE_GULEC_GER,3,bronze,discipline=taekwondo;weight_class=fin;event=Women Fin;country=GER;source_url=https://web.worldtaekwondo.martial.services/competitions/madrid-2005-world-taekwondo-championships/medalists,1.0
world_taekwondo_championships_2005_women_fly,athlete_BRIGITTE_YAGÜE_ENRIQUE_ESP,2,silver,discipline=taekwondo;weight_class=fly;event=Women Fly;country=ESP;source_url=https://web.worldtaekwondo.martial.services/competitions/madrid-2005-world-taekwondo-championships/medalists,2.0
world_taekwondo_championships_2005_women_fly,athlete_MONTEJO_Daynelli_CUB,3,bronze,discipline=taekwondo;weight_class=fly;event=Women Fly;country=CUB;source_url=https://web.worldtaekwondo.martial.services/competitions/madrid-2005-world-taekwondo-championships/medalists,1.0
world_taekwondo_championships_2005_women_fly,athlete_NEVENA_LUKIC_AUT,3,bronze,discipline=taekwondo;weight_class=fly;event=Women Fly;country=AUT;source_url=https://web.worldtaekwondo.martial.services/competitions/madrid-2005-world-taekwondo-championships/medalists,1.0
world_taekwondo_championships_2005_women_fly,athlete_YANG_WING_CHN,1,gold,discipline=taekwondo;weight_class=fly;event=Women Fly;country=CHN;source_url=https://web.worldtaekwondo.martial.services/competitions/madrid-2005-world-taekwondo-championships/medalists,3.0
world_taekwondo_championships_2005_women_heavy,athlete_INEABELLE_DIAZ_SANTANA_PUR,2,silver,discipline=taekwondo;weight_class=heavy;event=Women Heavy;country=PUR;source_url=https://web.worldtaekwondo.martial.services/competitions/madrid-2005-world-taekwondo-championships/medalists,2.0
world_taekwondo_championships_2005_women_heavy,athlete_KYUNG-HYEON_SHIN_KOR,1,gold,discipline=taekwondo;weight_class=heavy;event=Women Heavy;country=KOR;source_url=https://web.worldtaekwondo.martial.services/competitions/madrid-2005-world-taekwondo-championships/medalists,3.0
world_taekwondo_championships_2005_women_heavy,athlete_LAURENCE_ROBERTE_A_Rase_BEL,3,bronze,discipline=taekwondo;weight_class=heavy;event=Women Heavy;country=BEL;source_url=https://web.worldtaekwondo.martial.services/competitions/madrid-2005-world-taekwondo-championships/medalists,1.0
world_taekwondo_championships_2005_women_heavy,athlete_RIU_LIU_CHN,3,bronze,discipline=taekwondo;weight_class=heavy;event=Women Heavy;country=CHN;source_url=https://web.worldtaekwondo.martial.services/competitions/madrid-2005-world-taekwondo-championships/medalists,1.0
world_taekwondo_championships_2005_women_light,athlete_CHONNAPAS_PREMWAEW_THA,3,bronze,discipline=taekwondo;weight_class=light;event=Women Light;country=THA;source_url=https://web.worldtaekwondo.martial.services/competitions/madrid-2005-world-taekwondo-championships/medalists,1.0
world_taekwondo_championships_2005_women_light,athlete_EDNA_DIAZ_MEX,1,gold,discipline=taekwondo;weight_class=light;event=Women Light;country=MEX;source_url=https://web.worldtaekwondo.martial.services/competitions/madrid-2005-world-taekwondo-championships/medalists,3.0
world_taekwondo_championships_2005_women_light,athlete_LI_WEN_SU_TPE,2,silver,discipline=taekwondo;weight_class=light;event=Women Light;country=TPE;source_url=https://web.worldtaekwondo.martial.services/competitions/madrid-2005-world-taekwondo-championships/medalists,2.0
world_taekwondo_championships_2005_women_light,athlete_MARTON_Carmen_AUS,3,bronze,discipline=taekwondo;weight_class=light;event=Women Light;country=AUS;source_url=https://web.worldtaekwondo.martial.services/competitions/madrid-2005-world-taekwondo-championships/medalists,1.0
world_taekwondo_championships_2005_women_middle,athlete_AITZIBER_LOS_ARCOS_ESP,3,bronze,discipline=taekwondo;weight_class=middle;event=Women Middle;country=ESP;source_url=https://web.worldtaekwondo.martial.services/competitions/madrid-2005-world-taekwondo-championships/medalists,1.0
world_taekwondo_championships_2005_women_middle,athlete_NATALIA_FALAVIGNA_BRA,1,gold,discipline=taekwondo;weight_class=middle;event=Women Middle;country=BRA;source_url=https://web.worldtaekwondo.martial.services/competitions/madrid-2005-world-taekwondo-championships/medalists,3.0
world_taekwondo_championships_2005_women_middle,athlete_SARAH_STEVENSON_JENNINGS_GBR,2,silver,discipline=taekwondo;weight_class=middle;event=Women Middle;country=GBR;source_url=https://web.worldtaekwondo.martial.services/competitions/madrid-2005-world-taekwondo-championships/medalists,2.0
world_taekwondo_championships_2005_women_middle,athlete_SUN-YOUNG_JUNG_KOR,3,bronze,discipline=taekwondo;weight_class=middle;event=Women Middle;country=KOR;source_url=https://web.worldtaekwondo.martial.services/competitions/madrid-2005-world-taekwondo-championships/medalists,1.0
world_taekwondo_championships_2005_women_welter,athlete_EPANGUE_Gwladys_FRA,2,silver,discipline=taekwondo;weight_class=welter;event=Women Welter;country=FRA;source_url=https://web.worldtaekwondo.martial.services/competitions/madrid-2005-world-taekwondo-championships/medalists,2.0
world_taekwondo_championships_2005_women_welter,athlete_KYUNGSEON_HWANG_KOR,1,gold,discipline=taekwondo;weight_class=welter;event=Women Welter;country=KOR;source_url=https://web.worldtaekwondo.martial.services/competitions/madrid-2005-world-taekwondo-championships/medalists,3.0
world_taekwondo_championships_2005_women_welter,athlete_LALLANA_IBONE_ESP,3,bronze,discipline=taekwondo;weight_class=welter;event=Women Welter;country=ESP;source_url=https://web.worldtaekwondo.martial.services/competitions/madrid-2005-world-taekwondo-championships/medalists,1.0
world_taekwondo_championships_2005_women_welter,athlete_SANDRA_SARIC_CRO,3,bronze,discipline=taekwondo;weight_class=welter;event=Women Welter;country=CRO;source_url=https://web.worldtaekwondo.martial.services/competitions/madrid-2005-world-taekwondo-championships/medalists,1.0
world_taekwondo_championships_2007_men_bantam,athlete_FERREIRA_Marcio_BRA,3,bronze,discipline=taekwondo;weight_class=bantam;event=Men Bantam;country=BRA;source_url=https://web.worldtaekwondo.martial.services/competitions/beijing-2007-world-taekwondo-championships/medalists,1.0
world_taekwondo_championships_2007_men_bantam,athlete_GRGIC_Filip_CRO,1,gold,discipline=taekwondo;weight_class=bantam;event=Men Bantam;country=CRO;source_url=https://web.worldtaekwondo.martial.services/competitions/beijing-2007-world-taekwondo-championships/medalists,3.0
world_taekwondo_championships_2007_men_bantam,athlete_NACHA_PUNTHONG_THA,2,silver,discipline=taekwondo;weight_class=bantam;event=Men Bantam;country=THA;source_url=https://web.worldtaekwondo.martial.services/competitions/beijing-2007-world-taekwondo-championships/medalists,2.0
world_taekwondo_championships_2007_men_bantam,athlete_RAFIK_ZOHRI_NED,3,bronze,discipline=taekwondo;weight_class=bantam;event=Men Bantam;country=NED;source_url=https://web.worldtaekwondo.martial.services/competitions/beijing-2007-world-taekwondo-championships/medalists,1.0
world_taekwondo_championships_2007_men_feather,athlete_DENNIS_BEKKERS_NED,3,bronze,discipline=taekwondo;weight_class=feather;event=Men Feather;country=NED;source_url=https://web.worldtaekwondo.martial.services/competitions/beijing-2007-world-taekwondo-championships/medalists,1.0
world_taekwondo_championships_2007_men_feather,athlete_GESSLER_VIERA_ABREU_CUB,1,gold,discipline=taekwondo;weight_class=feather;event=Men Feather;country=CUB;source_url=https://web.worldtaekwondo.martial.services/competitions/beijing-2007-world-taekwondo-championships/medalists,3.0
world_taekwondo_championships_2007_men_feather,athlete_MYEONG-SEOB_SONG_KOR,3,bronze,discipline=taekwondo;weight_class=feather;event=Men Feather;country=KOR;source_url=https://web.worldtaekwondo.martial.services/competitions/beijing-2007-world-taekwondo-championships/medalists,1.0
world_taekwondo_championships_2007_men_feather,athlete_OMID_GHOLAM_IRI,2,silver,discipline=taekwondo;weight_class=feather;event=Men Feather;country=IRI;source_url=https://web.worldtaekwondo.martial.services/competitions/beijing-2007-world-taekwondo-championships/medalists,2.0
world_taekwondo_championships_2007_men_fin,athlete_ASLAN_BATYKULOV_KAZ,3,bronze,discipline=taekwondo;weight_class=fin;event=Men Fin;country=KAZ;source_url=https://web.worldtaekwondo.martial.services/competitions/beijing-2007-world-taekwondo-championships/medalists,1.0
world_taekwondo_championships_2007_men_fin,athlete_CHUTCHAWAL_KHAWLAOR_THA,2,silver,discipline=taekwondo;weight_class=fin;event=Men Fin;country=THA;source_url=https://web.worldtaekwondo.martial.services/competitions/beijing-2007-world-taekwondo-championships/medalists,2.0
world_taekwondo_championships_2007_men_fin,athlete_RODOLFO_OSORNIO_MEX,3,bronze,discipline=taekwondo;weight_class=fin;event=Men Fin;country=MEX;source_url=https://web.worldtaekwondo.martial.services/competitions/beijing-2007-world-taekwondo-championships/medalists,1.0
world_taekwondo_championships_2007_men_fin,athlete_YEON-HO_CHOI_KOR,1,gold,discipline=taekwondo;weight_class=fin;event=Men Fin;country=KOR;source_url=https://web.worldtaekwondo.martial.services/competitions/beijing-2007-world-taekwondo-championships/medalists,3.0
world_taekwondo_championships_2007_men_fly,athlete_GUILLERMO_PEREZ_MEX,2,silver,discipline=taekwondo;weight_class=fly;event=Men Fly;country=MEX;source_url=https://web.worldtaekwondo.martial.services/competitions/beijing-2007-world-taekwondo-championships/medalists,2.0
world_taekwondo_championships_2007_men_fly,athlete_JUAN_RAMOS_SANCHEZ_ESP,1,gold,discipline=taekwondo;weight_class=fly;event=Men Fly;country=ESP;source_url=https://web.worldtaekwondo.martial.services/competitions/beijing-2007-world-taekwondo-championships/medalists,3.0
world_taekwondo_championships_2007_men_fly,athlete_SUN-JAE_LEE_KOR,3,bronze,discipline=taekwondo;weight_class=fly;event=Men Fly;country=KOR;source_url=https://web.worldtaekwondo.martial.services/competitions/beijing-2007-world-taekwondo-championships/medalists,1.0
world_taekwondo_championships_2007_men_fly,athlete_TAMER_BAYOUMI_EGY,3,bronze,discipline=taekwondo;weight_class=fly;event=Men Fly;country=EGY;source_url=https://web.worldtaekwondo.martial.services/competitions/beijing-2007-world-taekwondo-championships/medalists,1.0
world_taekwondo_championships_2007_men_light,athlete_AHMAD_BAHAVEE_NESAR_AFG,2,silver,discipline=taekwondo;weight_class=light;event=Men Light;country=AFG;source_url=https://web.worldtaekwondo.martial.services/competitions/beijing-2007-world-taekwondo-championships/medalists,2.0
world_taekwondo_championships_2007_men_light,athlete_HADI_SAEI_BONEHKOHAL_IRI,3,bronze,discipline=taekwondo;weight_class=light;event=Men Light;country=IRI;source_url=https://web.worldtaekwondo.martial.services/competitions/beijing-2007-world-taekwondo-championships/medalists,1.0
world_taekwondo_championships_2007_men_light,athlete_SUNG_Yu_Chi_TPE,1,gold,discipline=taekwondo;weight_class=light;event=Men Light;country=TPE;source_url=https://web.worldtaekwondo.martial.services/competitions/beijing-2007-world-taekwondo-championships/medalists,3.0
world_taekwondo_championships_2007_men_light,athlete_TOMMY_MOLLET_NED,3,bronze,discipline=taekwondo;weight_class=light;event=Men Light;country=NED;source_url=https://web.worldtaekwondo.martial.services/competitions/beijing-2007-world-taekwondo-championships/medalists,1.0
world_taekwondo_championships_2007_men_middle,athlete_ARMAN_CHILMANOV_KAZ,3,bronze,discipline=taekwondo;weight_class=middle;event=Men Middle;country=KAZ;source_url=https://web.worldtaekwondo.martial.services/competitions/beijing-2007-world-taekwondo-championships/medalists,1.0
world_taekwondo_championships_2007_men_middle,athlete_BAHRI_TANRIKULU_TUR,1,gold,discipline=taekwondo;weight_class=middle;event=Men Middle;country=TUR;source_url=https://web.worldtaekwondo.martial.services/competitions/beijing-2007-world-taekwondo-championships/medalists,3.0
world_taekwondo_championships_2007_men_middle,athlete_MIN-SOO_PARK_KOR,3,bronze,discipline=taekwondo;weight_class=middle;event=Men Middle;country=KOR;source_url=https://web.worldtaekwondo.martial.services/competitions/beijing-2007-world-taekwondo-championships/medalists,1.0
world_taekwondo_championships_2007_men_middle,athlete_TAVAGUL_BAYRAMOV_AZE,2,silver,discipline=taekwondo;weight_class=middle;event=Men Middle;country=AZE;source_url=https://web.worldtaekwondo.martial.services/competitions/beijing-2007-world-taekwondo-championships/medalists,2.0
world_taekwondo_championships_2007_men_welter,athlete_BALAZS_TOTH_HUN,3,bronze,discipline=taekwondo;weight_class=welter;event=Men Welter;country=HUN;source_url=https://web.worldtaekwondo.martial.services/competitions/beijing-2007-world-taekwondo-championships/medalists,1.0
world_taekwondo_championships_2007_men_welter,athlete_CHANG-HA_JANG_KOR,2,silver,discipline=taekwondo;weight_class=welter;event=Men Welter;country=KOR;source_url=https://web.worldtaekwondo.martial.services/competitions/beijing-2007-world-taekwondo-championships/medalists,2.0
world_taekwondo_championships_2007_men_welter,athlete_LOPEZ_Steven_USA,1,gold,discipline=taekwondo;weight_class=welter;event=Men Welter;country=USA;source_url=https://web.worldtaekwondo.martial.services/competitions/beijing-2007-world-taekwondo-championships/medalists,3.0
world_taekwondo_championships_2007_men_welter,athlete_MICHAUD_Sebastien_CAN,3,bronze,discipline=taekwondo;weight_class=welter;event=Men Welter;country=CAN;source_url=https://web.worldtaekwondo.martial.services/competitions/beijing-2007-world-taekwondo-championships/medalists,1.0
world_taekwondo_championships_2007_women_bantam,athlete_ANDREA_RICA_TABOADA_ESP,3,bronze,discipline=taekwondo;weight_class=bantam;event=Women Bantam;country=ESP;source_url=https://web.worldtaekwondo.martial.services/competitions/beijing-2007-world-taekwondo-championships/medalists,1.0
world_taekwondo_championships_2007_women_bantam,athlete_JIN-HEE_JUNG_KOR,1,gold,discipline=taekwondo;weight_class=bantam;event=Women Bantam;country=KOR;source_url=https://web.worldtaekwondo.martial.services/competitions/beijing-2007-world-taekwondo-championships/medalists,3.0
world_taekwondo_championships_2007_women_bantam,athlete_YAIMARA_ROSARIO_CUB,3,bronze,discipline=taekwondo;weight_class=bantam;event=Women Bantam;country=CUB;source_url=https://web.worldtaekwondo.martial.services/competitions/beijing-2007-world-taekwondo-championships/medalists,1.0
world_taekwondo_championships_2007_women_bantam,athlete_YI_HSUAN_TSENG_TPE,2,silver,discipline=taekwondo;weight_class=bantam;event=Women Bantam;country=TPE;source_url=https://web.worldtaekwondo.martial.services/competitions/beijing-2007-world-taekwondo-championships/medalists,2.0
world_taekwondo_championships_2007_women_feather,athlete_DONGNOI_WATCHARAPORN_THA,3,bronze,discipline=taekwondo;weight_class=feather;event=Women Feather;country=THA;source_url=https://web.worldtaekwondo.martial.services/competitions/beijing-2007-world-taekwondo-championships/medalists,1.0
world_taekwondo_championships_2007_women_feather,athlete_HAMIDE_BIKCIN_TUR,2,silver,discipline=taekwondo;weight_class=feather;event=Women Feather;country=TUR;source_url=https://web.worldtaekwondo.martial.services/competitions/beijing-2007-world-taekwondo-championships/medalists,2.0
world_taekwondo_championships_2007_women_feather,athlete_LOPEZ_Diana_USA,3,bronze,discipline=taekwondo;weight_class=feather;event=Women Feather;country=USA;source_url=https://web.worldtaekwondo.martial.services/competitions/beijing-2007-world-taekwondo-championships/medalists,1.0
world_taekwondo_championships_2007_women_feather,athlete_SUNG-HYE_LEE_KOR,1,gold,discipline=taekwondo;weight_class=feather;event=Women Feather;country=KOR;source_url=https://web.worldtaekwondo.martial.services/competitions/beijing-2007-world-taekwondo-championships/medalists,3.0
world_taekwondo_championships_2007_women_fin,athlete_BOORAPOLCHAI_yaowapa_THA,2,silver,discipline=taekwondo;weight_class=fin;event=Women Fin;country=THA;source_url=https://web.worldtaekwondo.martial.services/competitions/beijing-2007-world-taekwondo-championships/medalists,2.0
world_taekwondo_championships_2007_women_fin,athlete_CRAIG_Charlotte_USA,3,bronze,discipline=taekwondo;weight_class=fin;event=Women Fin;country=USA;source_url=https://web.worldtaekwondo.martial.services/competitions/beijing-2007-world-taekwondo-championships/medalists,1.0
world_taekwondo_championships_2007_women_fin,athlete_JINGYU_WU_CHN,1,gold,discipline=taekwondo;weight_class=fin;event=Women Fin;country=CHN;source_url=https://web.worldtaekwondo.martial.services/competitions/beijing-2007-world-taekwondo-championships/medalists,3.0
world_taekwondo_championships_2007_women_fin,athlete_YANG_SHU_CHUN_TPE,3,bronze,discipline=taekwondo;weight_class=fin;event=Women Fin;country=TPE;source_url=https://web.worldtaekwondo.martial.services/competitions/beijing-2007-world-taekwondo-championships/medalists,1.0
world_taekwondo_championships_2007_women_fly,athlete_BRIGITTE_YAGÜE_ENRIQUE_ESP,1,gold,discipline=taekwondo;weight_class=fly;event=Women Fly;country=ESP;source_url=https://web.worldtaekwondo.martial.services/competitions/beijing-2007-world-taekwondo-championships/medalists,3.0
world_taekwondo_championships_2007_women_fly,athlete_NAZGUL_TAZHIGULOVA_KAZ,3,bronze,discipline=taekwondo;weight_class=fly;event=Women Fly;country=KAZ;source_url=https://web.worldtaekwondo.martial.services/competitions/beijing-2007-world-taekwondo-championships/medalists,1.0
world_taekwondo_championships_2007_women_fly,athlete_PEGUERO_Yajaira_DOM,3,bronze,discipline=taekwondo;weight_class=fly;event=Women Fly;country=DOM;source_url=https://web.worldtaekwondo.martial.services/competitions/beijing-2007-world-taekwondo-championships/medalists,1.0
world_taekwondo_championships_2007_women_fly,athlete_ZANINOVIC_Ana_CRO,2,silver,discipline=taekwondo;weight_class=fly;event=Women Fly;country=CRO;source_url=https://web.worldtaekwondo.martial.services/competitions/beijing-2007-world-taekwondo-championships/medalists,2.0
world_taekwondo_championships_2007_women_heavy,athlete_DANIELA_CASTRIGNANO_ITA,3,bronze,discipline=taekwondo;weight_class=heavy;event=Women Heavy;country=ITA;source_url=https://web.worldtaekwondo.martial.services/competitions/beijing-2007-world-taekwondo-championships/medalists,1.0
world_taekwondo_championships_2007_women_heavy,athlete_JIN-SUN_HAN_KOR,2,silver,discipline=taekwondo;weight_class=heavy;event=Women Heavy;country=KOR;source_url=https://web.worldtaekwondo.martial.services/competitions/beijing-2007-world-taekwondo-championships/medalists,2.0
world_taekwondo_championships_2007_women_heavy,athlete_ZHONG_CHEN_CHN,1,gold,discipline=taekwondo;weight_class=heavy;event=Women Heavy;country=CHN;source_url=https://web.worldtaekwondo.martial.services/competitions/beijing-2007-world-taekwondo-championships/medalists,3.0
world_taekwondo_championships_2007_women_light,athlete_HYE-MI_PARK_KOR,2,silver,discipline=taekwondo;weight_class=light;event=Women Light;country=KOR;source_url=https://web.worldtaekwondo.martial.services/competitions/beijing-2007-world-taekwondo-championships/medalists,2.0
world_taekwondo_championships_2007_women_light,athlete_MONA_SOLHEIM_NOR,3,bronze,discipline=taekwondo;weight_class=light;event=Women Light;country=NOR;source_url=https://web.worldtaekwondo.martial.services/competitions/beijing-2007-world-taekwondo-championships/medalists,1.0
world_taekwondo_championships_2007_women_light,athlete_NIA_Abdallah_USA,3,bronze,discipline=taekwondo;weight_class=light;event=Women Light;country=USA;source_url=https://web.worldtaekwondo.martial.services/competitions/beijing-2007-world-taekwondo-championships/medalists,1.0
world_taekwondo_championships_2007_women_light,athlete_SERGERIE_Karine_CAN,1,gold,discipline=taekwondo;weight_class=light;event=Women Light;country=CAN;source_url=https://web.worldtaekwondo.martial.services/competitions/beijing-2007-world-taekwondo-championships/medalists,3.0
world_taekwondo_championships_2007_women_middle,athlete_ESPINOZA_Maria_MEX,1,gold,discipline=taekwondo;weight_class=middle;event=Women Middle;country=MEX;source_url=https://web.worldtaekwondo.martial.services/competitions/beijing-2007-world-taekwondo-championships/medalists,3.0
world_taekwondo_championships_2007_women_middle,athlete_IN-JONG_LEE_KOR,2,silver,discipline=taekwondo;weight_class=middle;event=Women Middle;country=KOR;source_url=https://web.worldtaekwondo.martial.services/competitions/beijing-2007-world-taekwondo-championships/medalists,2.0
world_taekwondo_championships_2007_women_middle,athlete_NATALIA_FALAVIGNA_BRA,3,bronze,discipline=taekwondo;weight_class=middle;event=Women Middle;country=BRA;source_url=https://web.worldtaekwondo.martial.services/competitions/beijing-2007-world-taekwondo-championships/medalists,1.0
world_taekwondo_championships_2007_women_middle,athlete_WEI_LUO_CHN,3,bronze,discipline=taekwondo;weight_class=middle;event=Women Middle;country=CHN;source_url=https://web.worldtaekwondo.martial.services/competitions/beijing-2007-world-taekwondo-championships/medalists,1.0
world_taekwondo_championships_2007_women_welter,athlete_EPANGUE_Gwladys_FRA,2,silver,discipline=taekwondo;weight_class=welter;event=Women Welter;country=FRA;source_url=https://web.worldtaekwondo.martial.services/competitions/beijing-2007-world-taekwondo-championships/medalists,2.0
world_taekwondo_championships_2007_women_welter,athlete_HELENA_FROMM_GER,3,bronze,discipline=taekwondo;weight_class=welter;event=Women Welter;country=GER;source_url=https://web.worldtaekwondo.martial.services/competitions/beijing-2007-world-taekwondo-championships/medalists,1.0
world_taekwondo_championships_2007_women_welter,athlete_KYUNGSEON_HWANG_KOR,1,gold,discipline=taekwondo;weight_class=welter;event=Women Welter;country=KOR;source_url=https://web.worldtaekwondo.martial.services/competitions/beijing-2007-world-taekwondo-championships/medalists,3.0
world_taekwondo_championships_2007_women_welter,athlete_SANDRA_SARIC_CRO,3,bronze,discipline=taekwondo;weight_class=welter;event=Women Welter;country=CRO;source_url=https://web.worldtaekwondo.martial.services/competitions/beijing-2007-world-taekwondo-championships/medalists,1.0
world_taekwondo_championships_2009_men_bantam,athlete_HYO-SEOB_YEOM_KOR,1,gold,discipline=taekwondo;weight_class=bantam;event=Men Bantam;country=KOR;source_url=https://web.worldtaekwondo.martial.services/competitions/copenhagen-2009-world-taekwondo-championships/medalists,3.0
world_taekwondo_championships_2009_men_bantam,athlete_JAVIER_MARRON_JIMENEZ_ESP,3,bronze,discipline=taekwondo;weight_class=bantam;event=Men Bantam;country=ESP;source_url=https://web.worldtaekwondo.martial.services/competitions/copenhagen-2009-world-taekwondo-championships/medalists,1.0
world_taekwondo_championships_2009_men_bantam,athlete_REZA_Naderian_IRI,2,silver,discipline=taekwondo;weight_class=bantam;event=Men Bantam;country=IRI;source_url=https://web.worldtaekwondo.martial.services/competitions/copenhagen-2009-world-taekwondo-championships/medalists,2.0
world_taekwondo_championships_2009_men_bantam,athlete_ULUGNUYAN_Cem_TUR,3,bronze,discipline=taekwondo;weight_class=bantam;event=Men Bantam;country=TUR;source_url=https://web.worldtaekwondo.martial.services/competitions/copenhagen-2009-world-taekwondo-championships/medalists,1.0
world_taekwondo_championships_2009_men_feather,athlete_BAGHERI_MOTAMED_Mohammad_IRI,1,gold,discipline=taekwondo;weight_class=feather;event=Men Feather;country=IRI;source_url=https://web.worldtaekwondo.martial.services/competitions/copenhagen-2009-world-taekwondo-championships/medalists,3.0
world_taekwondo_championships_2009_men_feather,athlete_BALLA_DIEYE_SEN,3,bronze,discipline=taekwondo;weight_class=feather;event=Men Feather;country=SEN;source_url=https://web.worldtaekwondo.martial.services/competitions/copenhagen-2009-world-taekwondo-championships/medalists,1.0
world_taekwondo_championships_2009_men_feather,athlete_ISLAS_Idulio_MEX,2,silver,discipline=taekwondo;weight_class=feather;event=Men Feather;country=MEX;source_url=https://web.worldtaekwondo.martial.services/competitions/copenhagen-2009-world-taekwondo-championships/medalists,2.0
world_taekwondo_championships_2009_men_feather,athlete_TAZEGUL_Servet_TUR,3,bronze,discipline=taekwondo;weight_class=feather;event=Men Feather;country=TUR;source_url=https://web.worldtaekwondo.martial.services/competitions/copenhagen-2009-world-taekwondo-championships/medalists,1.0
world_taekwondo_championships_2009_men_fin,athlete_BAGHERI_DEHCHESHMEH_Meisam_IRI,3,bronze,discipline=taekwondo;weight_class=fin;event=Men Fin;country=IRI;source_url=https://web.worldtaekwondo.martial.services/competitions/copenhagen-2009-world-taekwondo-championships/medalists,1.0
world_taekwondo_championships_2009_men_fin,athlete_CHUTCHAWAL_KHAWLAOR_THA,3,bronze,discipline=taekwondo;weight_class=fin;event=Men Fin;country=THA;source_url=https://web.worldtaekwondo.martial.services/competitions/copenhagen-2009-world-taekwondo-championships/medalists,1.0
world_taekwondo_championships_2009_men_fin,athlete_MAHMOOD_HAIDARI_AFG,2,silver,discipline=taekwondo;weight_class=fin;event=Men Fin;country=AFG;source_url=https://web.worldtaekwondo.martial.services/competitions/copenhagen-2009-world-taekwondo-championships/medalists,2.0
world_taekwondo_championships_2009_men_fin,athlete_YEON-HO_CHOI_KOR,1,gold,discipline=taekwondo;weight_class=fin;event=Men Fin;country=KOR;source_url=https://web.worldtaekwondo.martial.services/competitions/copenhagen-2009-world-taekwondo-championships/medalists,3.0
world_taekwondo_championships_2009_men_fly,athlete_GONZALEZ_BONILLA_Joel_ESP,1,gold,discipline=taekwondo;weight_class=fly;event=Men Fly;country=ESP;source_url=https://web.worldtaekwondo.martial.services/competitions/copenhagen-2009-world-taekwondo-championships/medalists,3.0
world_taekwondo_championships_2009_men_fly,athlete_MAURO_CRISMANICH_ARG,3,bronze,discipline=taekwondo;weight_class=fly;event=Men Fly;country=ARG;source_url=https://web.worldtaekwondo.martial.services/competitions/copenhagen-2009-world-taekwondo-championships/medalists,1.0
world_taekwondo_championships_2009_men_fly,athlete_SAYED_REZAI_AFG,3,bronze,discipline=taekwondo;weight_class=fly;event=Men Fly;country=AFG;source_url=https://web.worldtaekwondo.martial.services/competitions/copenhagen-2009-world-taekwondo-championships/medalists,1.0
world_taekwondo_championships_2009_men_fly,athlete_VILLA_Damian_USA,2,silver,discipline=taekwondo;weight_class=fly;event=Men Fly;country=USA;source_url=https://web.worldtaekwondo.martial.services/competitions/copenhagen-2009-world-taekwondo-championships/medalists,2.0
world_taekwondo_championships_2009_men_heavy,athlete_ARMAN_CHILMANOV_KAZ,3,bronze,discipline=taekwondo;weight_class=heavy;event=Men Heavy;country=KAZ;source_url=https://web.worldtaekwondo.martial.services/competitions/copenhagen-2009-world-taekwondo-championships/medalists,1.0
world_taekwondo_championships_2009_men_heavy,athlete_KéïTA_DABA_MODIBO_MLI,1,gold,discipline=taekwondo;weight_class=heavy;event=Men Heavy;country=MLI;source_url=https://web.worldtaekwondo.martial.services/competitions/copenhagen-2009-world-taekwondo-championships/medalists,3.0
world_taekwondo_championships_2009_men_heavy,athlete_TAJIK_Hossein_IRI,3,bronze,discipline=taekwondo;weight_class=heavy;event=Men Heavy;country=IRI;source_url=https://web.worldtaekwondo.martial.services/competitions/copenhagen-2009-world-taekwondo-championships/medalists,1.0
world_taekwondo_championships_2009_men_heavy,athlete_YUN-BAE_NAM_KOR,2,silver,discipline=taekwondo;weight_class=heavy;event=Men Heavy;country=KOR;source_url=https://web.worldtaekwondo.martial.services/competitions/copenhagen-2009-world-taekwondo-championships/medalists,2.0
world_taekwondo_championships_2009_men_middle,athlete_BAHRI_TANRIKULU_TUR,1,gold,discipline=taekwondo;weight_class=middle;event=Men Middle;country=TUR;source_url=https://web.worldtaekwondo.martial.services/competitions/copenhagen-2009-world-taekwondo-championships/medalists,3.0
world_taekwondo_championships_2009_men_middle,athlete_CARLO_MOLFETTA_ITA,2,silver,discipline=taekwondo;weight_class=middle;event=Men Middle;country=ITA;source_url=https://web.worldtaekwondo.martial.services/competitions/copenhagen-2009-world-taekwondo-championships/medalists,2.0
world_taekwondo_championships_2009_men_middle,athlete_YOUSEF_Karami_IRI,3,bronze,discipline=taekwondo;weight_class=middle;event=Men Middle;country=IRI;source_url=https://web.worldtaekwondo.martial.services/competitions/copenhagen-2009-world-taekwondo-championships/medalists,1.0
world_taekwondo_championships_2009_men_welter,athlete_GARCIA_HEMME_Nicolas_ESP,2,silver,discipline=taekwondo;weight_class=welter;event=Men Welter;country=ESP;source_url=https://web.worldtaekwondo.martial.services/competitions/copenhagen-2009-world-taekwondo-championships/medalists,2.0
world_taekwondo_championships_2009_men_welter,athlete_LOPEZ_Steven_USA,1,gold,discipline=taekwondo;weight_class=welter;event=Men Welter;country=USA;source_url=https://web.worldtaekwondo.martial.services/competitions/copenhagen-2009-world-taekwondo-championships/medalists,3.0
world_taekwondo_championships_2009_men_welter,athlete_MICHAUD_Sebastien_CAN,3,bronze,discipline=taekwondo;weight_class=welter;event=Men Welter;country=CAN;source_url=https://web.worldtaekwondo.martial.services/competitions/copenhagen-2009-world-taekwondo-championships/medalists,1.0
world_taekwondo_championships_2009_men_welter,athlete_RASHAD_AHMADOV_AZE,3,bronze,discipline=taekwondo;weight_class=welter;event=Men Welter;country=AZE;source_url=https://web.worldtaekwondo.martial.services/competitions/copenhagen-2009-world-taekwondo-championships/medalists,1.0
world_taekwondo_championships_2009_women_bantam,athlete_CARIAS_Euda_GUA,3,bronze,discipline=taekwondo;weight_class=bantam;event=Women Bantam;country=GUA;source_url=https://web.worldtaekwondo.martial.services/competitions/copenhagen-2009-world-taekwondo-championships/medalists,1.0
world_taekwondo_championships_2009_women_bantam,athlete_EUN-KYUNG_KWON_KOR,3,bronze,discipline=taekwondo;weight_class=bantam;event=Women Bantam;country=KOR;source_url=https://web.worldtaekwondo.martial.services/competitions/copenhagen-2009-world-taekwondo-championships/medalists,1.0
world_taekwondo_championships_2009_women_bantam,athlete_PELHAM_Danielle_GHA,1,gold,discipline=taekwondo;weight_class=bantam;event=Women Bantam;country=GHA;source_url=https://web.worldtaekwondo.martial.services/competitions/copenhagen-2009-world-taekwondo-championships/medalists,3.0
world_taekwondo_championships_2009_women_bantam,athlete_SARITA_PHONGSRI_THA,2,silver,discipline=taekwondo;weight_class=bantam;event=Women Bantam;country=THA;source_url=https://web.worldtaekwondo.martial.services/competitions/copenhagen-2009-world-taekwondo-championships/medalists,2.0
world_taekwondo_championships_2009_women_feather,athlete_ANDREA_RICA_TABOADA_ESP,3,bronze,discipline=taekwondo;weight_class=feather;event=Women Feather;country=ESP;source_url=https://web.worldtaekwondo.martial.services/competitions/copenhagen-2009-world-taekwondo-championships/medalists,1.0
world_taekwondo_championships_2009_women_feather,athlete_HOU_Yuzhuo_CHN,1,gold,discipline=taekwondo;weight_class=feather;event=Women Feather;country=CHN;source_url=https://web.worldtaekwondo.martial.services/competitions/copenhagen-2009-world-taekwondo-championships/medalists,3.0
world_taekwondo_championships_2009_women_feather,athlete_PEI_TSENG_TPE,3,bronze,discipline=taekwondo;weight_class=feather;event=Women Feather;country=TPE;source_url=https://web.worldtaekwondo.martial.services/competitions/copenhagen-2009-world-taekwondo-championships/medalists,1.0
world_taekwondo_championships_2009_women_feather,athlete_VERONICA_Calabrese_ITA,2,silver,discipline=taekwondo;weight_class=feather;event=Women Feather;country=ITA;source_url=https://web.worldtaekwondo.martial.services/competitions/copenhagen-2009-world-taekwondo-championships/medalists,2.0
world_taekwondo_championships_2009_women_fin,athlete_HYO-JI_PARK_KOR,1,gold,discipline=taekwondo;weight_class=fin;event=Women Fin;country=KOR;source_url=https://web.worldtaekwondo.martial.services/competitions/copenhagen-2009-world-taekwondo-championships/medalists,3.0
world_taekwondo_championships_2009_women_fin,athlete_PUEDPONG_Buttree_THA,3,bronze,discipline=taekwondo;weight_class=fin;event=Women Fin;country=THA;source_url=https://web.worldtaekwondo.martial.services/competitions/copenhagen-2009-world-taekwondo-championships/medalists,1.0
world_taekwondo_championships_2009_women_fin,athlete_YONG_Yvette_Hui_Hua_CAN,3,bronze,discipline=taekwondo;weight_class=fin;event=Women Fin;country=CAN;source_url=https://web.worldtaekwondo.martial.services/competitions/copenhagen-2009-world-taekwondo-championships/medalists,1.0
world_taekwondo_championships_2009_women_fin,athlete_ZORAIDA_SANTIAGO_PUR,2,silver,discipline=taekwondo;weight_class=fin;event=Women Fin;country=PUR;source_url=https://web.worldtaekwondo.martial.services/competitions/copenhagen-2009-world-taekwondo-championships/medalists,2.0
world_taekwondo_championships_2009_women_fly,athlete_ANNA_SOBOLEVA_RUS,2,silver,discipline=taekwondo;weight_class=fly;event=Women Fly;country=RUS;source_url=https://web.worldtaekwondo.martial.services/competitions/copenhagen-2009-world-taekwondo-championships/medalists,2.0
world_taekwondo_championships_2009_women_fly,athlete_AZIEZ_Yasmina_FRA,3,bronze,discipline=taekwondo;weight_class=fly;event=Women Fly;country=FRA;source_url=https://web.worldtaekwondo.martial.services/competitions/copenhagen-2009-world-taekwondo-championships/medalists,1.0
world_taekwondo_championships_2009_women_fly,athlete_BRIGITTE_YAGÜE_ENRIQUE_ESP,1,gold,discipline=taekwondo;weight_class=fly;event=Women Fly;country=ESP;source_url=https://web.worldtaekwondo.martial.services/competitions/copenhagen-2009-world-taekwondo-championships/medalists,3.0
world_taekwondo_championships_2009_women_heavy,athlete_NATALIA_FALAVIGNA_BRA,3,bronze,discipline=taekwondo;weight_class=heavy;event=Women Heavy;country=BRA;source_url=https://web.worldtaekwondo.martial.services/competitions/copenhagen-2009-world-taekwondo-championships/medalists,1.0
world_taekwondo_championships_2009_women_heavy,athlete_RIU_LIU_CHN,2,silver,discipline=taekwondo;weight_class=heavy;event=Women Heavy;country=CHN;source_url=https://web.worldtaekwondo.martial.services/competitions/copenhagen-2009-world-taekwondo-championships/medalists,2.0
world_taekwondo_championships_2009_women_heavy,athlete_SEOL-JO_JO_KOR,3,bronze,discipline=taekwondo;weight_class=heavy;event=Women Heavy;country=KOR;source_url=https://web.worldtaekwondo.martial.services/competitions/copenhagen-2009-world-taekwondo-championships/medalists,1.0
world_taekwondo_championships_2009_women_heavy,athlete_SIMON_ALAMO_Rosanna_ESP,1,gold,discipline=taekwondo;weight_class=heavy;event=Women Heavy;country=ESP;source_url=https://web.worldtaekwondo.martial.services/competitions/copenhagen-2009-world-taekwondo-championships/medalists,3.0
world_taekwondo_championships_2009_women_light,athlete_CHONNAPAS_PREMWAEW_THA,3,bronze,discipline=taekwondo;weight_class=light;event=Women Light;country=THA;source_url=https://web.worldtaekwondo.martial.services/competitions/copenhagen-2009-world-taekwondo-championships/medalists,1.0
world_taekwondo_championships_2009_women_light,athlete_ESTEFANIA_HERNANDEZ_GARCIA_ESP,3,bronze,discipline=taekwondo;weight_class=light;event=Women Light;country=ESP;source_url=https://web.worldtaekwondo.martial.services/competitions/copenhagen-2009-world-taekwondo-championships/medalists,1.0
world_taekwondo_championships_2009_women_light,athlete_SU-JEONG_LIM_KOR,1,gold,discipline=taekwondo;weight_class=light;event=Women Light;country=KOR;source_url=https://web.worldtaekwondo.martial.services/competitions/copenhagen-2009-world-taekwondo-championships/medalists,3.0
world_taekwondo_championships_2009_women_light,athlete_ZHANG_Hua_CHN,2,silver,discipline=taekwondo;weight_class=light;event=Women Light;country=CHN;source_url=https://web.worldtaekwondo.martial.services/competitions/copenhagen-2009-world-taekwondo-championships/medalists,2.0
world_taekwondo_championships_2009_women_welter,athlete_EPANGUE_Gwladys_FRA,1,gold,discipline=taekwondo;weight_class=welter;event=Women Welter;country=FRA;source_url=https://web.worldtaekwondo.martial.services/competitions/copenhagen-2009-world-taekwondo-championships/medalists,3.0
world_taekwondo_championships_2009_women_welter,athlete_NIKOLINA_KURSAR_NOR,3,bronze,discipline=taekwondo;weight_class=welter;event=Women Welter;country=NOR;source_url=https://web.worldtaekwondo.martial.services/competitions/copenhagen-2009-world-taekwondo-championships/medalists,1.0
world_taekwondo_championships_2009_women_welter,athlete_SANDRA_SARIC_CRO,3,bronze,discipline=taekwondo;weight_class=welter;event=Women Welter;country=CRO;source_url=https://web.worldtaekwondo.martial.services/competitions/copenhagen-2009-world-taekwondo-championships/medalists,1.0
world_taekwondo_championships_2009_women_welter,athlete_TAIMI_CASTELLANOS_ESTRADA_CUB,2,silver,discipline=taekwondo;weight_class=welter;event=Women Welter;country=CUB;source_url=https://web.worldtaekwondo.martial.services/competitions/copenhagen-2009-world-taekwondo-championships/medalists,2.0
world_taekwondo_championships_2011_men_bantam,athlete_DAEHOON_LEE_KOR,1,gold,discipline=taekwondo;weight_class=bantam;event=Men Bantam;country=KOR;source_url=https://web.worldtaekwondo.martial.services/competitions/gyeongju-2011-world-taekwondo-championships/medalists,3.0
world_taekwondo_championships_2011_men_bantam,athlete_HARVEY_Michael_GBR,2,silver,discipline=taekwondo;weight_class=bantam;event=Men Bantam;country=GBR;source_url=https://web.worldtaekwondo.martial.services/competitions/gyeongju-2011-world-taekwondo-championships/medalists,2.0
world_taekwondo_championships_2011_men_bantam,athlete_LE_Huynh_Chau_VIE,3,bronze,discipline=taekwondo;weight_class=bantam;event=Men Bantam;country=VIE;source_url=https://web.worldtaekwondo.martial.services/competitions/gyeongju-2011-world-taekwondo-championships/medalists,1.0
world_taekwondo_championships_2011_men_bantam,athlete_NACHA_PUNTHONG_THA,3,bronze,discipline=taekwondo;weight_class=bantam;event=Men Bantam;country=THA;source_url=https://web.worldtaekwondo.martial.services/competitions/gyeongju-2011-world-taekwondo-championships/medalists,1.0
world_taekwondo_championships_2011_men_feather,athlete_BAGHERI_MOTAMED_Mohammad_IRI,2,silver,discipline=taekwondo;weight_class=feather;event=Men Feather;country=IRI;source_url=https://web.worldtaekwondo.martial.services/competitions/gyeongju-2011-world-taekwondo-championships/medalists,2.0
world_taekwondo_championships_2011_men_feather,athlete_MARTIN_STAMPER_GBR,3,bronze,discipline=taekwondo;weight_class=feather;event=Men Feather;country=GBR;source_url=https://web.worldtaekwondo.martial.services/competitions/gyeongju-2011-world-taekwondo-championships/medalists,1.0
world_taekwondo_championships_2011_men_feather,athlete_NIKPAH_Rohullah_AFG,3,bronze,discipline=taekwondo;weight_class=feather;event=Men Feather;country=AFG;source_url=https://web.worldtaekwondo.martial.services/competitions/gyeongju-2011-world-taekwondo-championships/medalists,1.0
world_taekwondo_championships_2011_men_feather,athlete_TAZEGUL_Servet_TUR,1,gold,discipline=taekwondo;weight_class=feather;event=Men Feather;country=TUR;source_url=https://web.worldtaekwondo.martial.services/competitions/gyeongju-2011-world-taekwondo-championships/medalists,3.0
world_taekwondo_championships_2011_men_fin,athlete_BAGHERI_DEHCHESHMEH_Meisam_IRI,3,bronze,discipline=taekwondo;weight_class=fin;event=Men Fin;country=IRI;source_url=https://web.worldtaekwondo.martial.services/competitions/gyeongju-2011-world-taekwondo-championships/medalists,1.0
world_taekwondo_championships_2011_men_fin,athlete_CHUTCHAWAL_KHAWLAOR_THA,1,gold,discipline=taekwondo;weight_class=fin;event=Men Fin;country=THA;source_url=https://web.worldtaekwondo.martial.services/competitions/gyeongju-2011-world-taekwondo-championships/medalists,3.0
world_taekwondo_championships_2011_men_fin,athlete_JI-WOONG_PARK_KOR,2,silver,discipline=taekwondo;weight_class=fin;event=Men Fin;country=KOR;source_url=https://web.worldtaekwondo.martial.services/competitions/gyeongju-2011-world-taekwondo-championships/medalists,2.0
world_taekwondo_championships_2011_men_fin,athlete_SEYFULA_MAGOMEDOV_RUS,3,bronze,discipline=taekwondo;weight_class=fin;event=Men Fin;country=RUS;source_url=https://web.worldtaekwondo.martial.services/competitions/gyeongju-2011-world-taekwondo-championships/medalists,1.0
world_taekwondo_championships_2011_men_fly,athlete_BRAGANCA_Rui_POR,2,silver,discipline=taekwondo;weight_class=fly;event=Men Fly;country=POR;source_url=https://web.worldtaekwondo.martial.services/competitions/gyeongju-2011-world-taekwondo-championships/medalists,2.0
world_taekwondo_championships_2011_men_fly,athlete_GONZALEZ_BONILLA_Joel_ESP,1,gold,discipline=taekwondo;weight_class=fly;event=Men Fly;country=ESP;source_url=https://web.worldtaekwondo.martial.services/competitions/gyeongju-2011-world-taekwondo-championships/medalists,3.0
world_taekwondo_championships_2011_men_fly,athlete_MERCEDES_Yulis_DOM,3,bronze,discipline=taekwondo;weight_class=fly;event=Men Fly;country=DOM;source_url=https://web.worldtaekwondo.martial.services/competitions/gyeongju-2011-world-taekwondo-championships/medalists,1.0
world_taekwondo_championships_2011_men_fly,athlete_WEI_Chen-Yang_TPE,3,bronze,discipline=taekwondo;weight_class=fly;event=Men Fly;country=TPE;source_url=https://web.worldtaekwondo.martial.services/competitions/gyeongju-2011-world-taekwondo-championships/medalists,1.0
world_taekwondo_championships_2011_men_heavy,athlete_IRGASHEV_Akmal_UZB,2,silver,discipline=taekwondo;weight_class=heavy;event=Men Heavy;country=UZB;source_url=https://web.worldtaekwondo.martial.services/competitions/gyeongju-2011-world-taekwondo-championships/medalists,2.0
world_taekwondo_championships_2011_men_heavy,athlete_JO_Chol-ho_KOR,1,gold,discipline=taekwondo;weight_class=heavy;event=Men Heavy;country=KOR;source_url=https://web.worldtaekwondo.martial.services/competitions/gyeongju-2011-world-taekwondo-championships/medalists,3.0
world_taekwondo_championships_2011_men_heavy,athlete_KOUROSH_RAJOLY_IRI,3,bronze,discipline=taekwondo;weight_class=heavy;event=Men Heavy;country=IRI;source_url=https://web.worldtaekwondo.martial.services/competitions/gyeongju-2011-world-taekwondo-championships/medalists,1.0
world_taekwondo_championships_2011_men_heavy,athlete_STYLIANOU_Andreas_CYP,3,bronze,discipline=taekwondo;weight_class=heavy;event=Men Heavy;country=CYP;source_url=https://web.worldtaekwondo.martial.services/competitions/gyeongju-2011-world-taekwondo-championships/medalists,1.0
world_taekwondo_championships_2011_men_light,athlete_ALIREZA_NASSRAZADANY_IRI,1,gold,discipline=taekwondo;weight_class=light;event=Men Light;country=IRI;source_url=https://web.worldtaekwondo.martial.services/competitions/gyeongju-2011-world-taekwondo-championships/medalists,3.0
world_taekwondo_championships_2011_men_light,athlete_BAYGUT_Ridvan_TUR,3,bronze,discipline=taekwondo;weight_class=light;event=Men Light;country=TUR;source_url=https://web.worldtaekwondo.martial.services/competitions/gyeongju-2011-world-taekwondo-championships/medalists,1.0
world_taekwondo_championships_2011_men_light,athlete_COULIBALY_Ismael_MLI,3,bronze,discipline=taekwondo;weight_class=light;event=Men Light;country=MLI;source_url=https://web.worldtaekwondo.martial.services/competitions/gyeongju-2011-world-taekwondo-championships/medalists,1.0
world_taekwondo_championships_2011_men_light,athlete_PATIWAT_THONGSALUP_THA,2,silver,discipline=taekwondo;weight_class=light;event=Men Light;country=THA;source_url=https://web.worldtaekwondo.martial.services/competitions/gyeongju-2011-world-taekwondo-championships/medalists,2.0
world_taekwondo_championships_2011_men_middle,athlete_CARLO_MOLFETTA_ITA,3,bronze,discipline=taekwondo;weight_class=middle;event=Men Middle;country=ITA;source_url=https://web.worldtaekwondo.martial.services/competitions/gyeongju-2011-world-taekwondo-championships/medalists,1.0
world_taekwondo_championships_2011_men_middle,athlete_CHA_Dong-min_KOR,2,silver,discipline=taekwondo;weight_class=middle;event=Men Middle;country=KOR;source_url=https://web.worldtaekwondo.martial.services/competitions/gyeongju-2011-world-taekwondo-championships/medalists,2.0
world_taekwondo_championships_2011_men_middle,athlete_JON_GARCIA_AGUADO_ESP,3,bronze,discipline=taekwondo;weight_class=middle;event=Men Middle;country=ESP;source_url=https://web.worldtaekwondo.martial.services/competitions/gyeongju-2011-world-taekwondo-championships/medalists,1.0
world_taekwondo_championships_2011_men_middle,athlete_YOUSEF_Karami_IRI,1,gold,discipline=taekwondo;weight_class=middle;event=Men Middle;country=IRI;source_url=https://web.worldtaekwondo.martial.services/competitions/gyeongju-2011-world-taekwondo-championships/medalists,3.0
world_taekwondo_championships_2011_men_welter,athlete_ABDOLLAHI_Farzad_IRI,1,gold,discipline=taekwondo;weight_class=welter;event=Men Welter;country=IRI;source_url=https://web.worldtaekwondo.martial.services/competitions/gyeongju-2011-world-taekwondo-championships/medalists,3.0
world_taekwondo_championships_2011_men_welter,athlete_AZIZOV_Ramin_AZE,3,bronze,discipline=taekwondo;weight_class=welter;event=Men Welter;country=AZE;source_url=https://web.worldtaekwondo.martial.services/competitions/gyeongju-2011-world-taekwondo-championships/medalists,1.0
world_taekwondo_championships_2011_men_welter,athlete_CHERNOUBI_Issam_MAR,3,bronze,discipline=taekwondo;weight_class=welter;event=Men Welter;country=MAR;source_url=https://web.worldtaekwondo.martial.services/competitions/gyeongju-2011-world-taekwondo-championships/medalists,1.0
world_taekwondo_championships_2011_men_welter,athlete_SARI_Yunus_TUR,2,silver,discipline=taekwondo;weight_class=welter;event=Men Welter;country=TUR;source_url=https://web.worldtaekwondo.martial.services/competitions/gyeongju-2011-world-taekwondo-championships/medalists,2.0
world_taekwondo_championships_2011_women_bantam,athlete_HYE-YOUNG_LEE_KOR,3,bronze,discipline=taekwondo;weight_class=bantam;event=Women Bantam;country=KOR;source_url=https://web.worldtaekwondo.martial.services/competitions/gyeongju-2011-world-taekwondo-championships/medalists,1.0
world_taekwondo_championships_2011_women_bantam,athlete_LAMYAA_BEKKALI_MAR,2,silver,discipline=taekwondo;weight_class=bantam;event=Women Bantam;country=MAR;source_url=https://web.worldtaekwondo.martial.services/competitions/gyeongju-2011-world-taekwondo-championships/medalists,2.0
world_taekwondo_championships_2011_women_bantam,athlete_YANGIN_Hatice_TUR,3,bronze,discipline=taekwondo;weight_class=bantam;event=Women Bantam;country=TUR;source_url=https://web.worldtaekwondo.martial.services/competitions/gyeongju-2011-world-taekwondo-championships/medalists,1.0
world_taekwondo_championships_2011_women_bantam,athlete_ZANINOVIC_Ana_CRO,1,gold,discipline=taekwondo;weight_class=bantam;event=Women Bantam;country=CRO;source_url=https://web.worldtaekwondo.martial.services/competitions/gyeongju-2011-world-taekwondo-championships/medalists,3.0
world_taekwondo_championships_2011_women_feather,athlete_HARNOIS_Marlene_FRA,3,bronze,discipline=taekwondo;weight_class=feather;event=Women Feather;country=FRA;source_url=https://web.worldtaekwondo.martial.services/competitions/gyeongju-2011-world-taekwondo-championships/medalists,1.0
world_taekwondo_championships_2011_women_feather,athlete_HOU_Yuzhuo_CHN,1,gold,discipline=taekwondo;weight_class=feather;event=Women Feather;country=CHN;source_url=https://web.worldtaekwondo.martial.services/competitions/gyeongju-2011-world-taekwondo-championships/medalists,3.0
world_taekwondo_championships_2011_women_feather,athlete_JONES_Jade_GBR,2,silver,discipline=taekwondo;weight_class=feather;event=Women Feather;country=GBR;source_url=https://web.worldtaekwondo.martial.services/competitions/gyeongju-2011-world-taekwondo-championships/medalists,2.0
world_taekwondo_championships_2011_women_feather,athlete_SU-JEONG_LIM_KOR,3,bronze,discipline=taekwondo;weight_class=feather;event=Women Feather;country=KOR;source_url=https://web.worldtaekwondo.martial.services/competitions/gyeongju-2011-world-taekwondo-championships/medalists,1.0
world_taekwondo_championships_2011_women_fin,athlete_SOHUI_KIM_KOR,1,gold,discipline=taekwondo;weight_class=fin;event=Women Fin;country=KOR;source_url=https://web.worldtaekwondo.martial.services/competitions/gyeongju-2011-world-taekwondo-championships/medalists,3.0
world_taekwondo_championships_2011_women_fin,athlete_SUMEYYE_GULEC_GER,3,bronze,discipline=taekwondo;weight_class=fin;event=Women Fin;country=GER;source_url=https://web.worldtaekwondo.martial.services/competitions/gyeongju-2011-world-taekwondo-championships/medalists,1.0
world_taekwondo_championships_2011_women_fin,athlete_YILDIRIM_Rukiye_TUR,3,bronze,discipline=taekwondo;weight_class=fin;event=Women Fin;country=TUR;source_url=https://web.worldtaekwondo.martial.services/competitions/gyeongju-2011-world-taekwondo-championships/medalists,1.0
world_taekwondo_championships_2011_women_fin,athlete_ZHAOYI_LI_CHN,2,silver,discipline=taekwondo;weight_class=fin;event=Women Fin;country=CHN;source_url=https://web.worldtaekwondo.martial.services/competitions/gyeongju-2011-world-taekwondo-championships/medalists,2.0
world_taekwondo_championships_2011_women_fly,athlete_ATABROUR_Sanaa_MAR,3,bronze,discipline=taekwondo;weight_class=fly;event=Women Fly;country=MAR;source_url=https://web.worldtaekwondo.martial.services/competitions/gyeongju-2011-world-taekwondo-championships/medalists,1.0
world_taekwondo_championships_2011_women_fly,athlete_BRIGITTE_YAGÜE_ENRIQUE_ESP,3,bronze,discipline=taekwondo;weight_class=fly;event=Women Fly;country=ESP;source_url=https://web.worldtaekwondo.martial.services/competitions/gyeongju-2011-world-taekwondo-championships/medalists,1.0
world_taekwondo_championships_2011_women_fly,athlete_JINGYU_WU_CHN,1,gold,discipline=taekwondo;weight_class=fly;event=Women Fly;country=CHN;source_url=https://web.worldtaekwondo.martial.services/competitions/gyeongju-2011-world-taekwondo-championships/medalists,3.0
world_taekwondo_championships_2011_women_fly,athlete_YANG_SHU_CHUN_TPE,2,silver,discipline=taekwondo;weight_class=fly;event=Women Fly;country=TPE;source_url=https://web.worldtaekwondo.martial.services/competitions/gyeongju-2011-world-taekwondo-championships/medalists,2.0
world_taekwondo_championships_2011_women_light,athlete_DURDANE_ALTUNEL_TUR,3,bronze,discipline=taekwondo;weight_class=light;event=Women Light;country=TUR;source_url=https://web.worldtaekwondo.martial.services/competitions/gyeongju-2011-world-taekwondo-championships/medalists,1.0
world_taekwondo_championships_2011_women_light,athlete_MARINA_SUMIC_CRO,2,silver,discipline=taekwondo;weight_class=light;event=Women Light;country=CRO;source_url=https://web.worldtaekwondo.martial.services/competitions/gyeongju-2011-world-taekwondo-championships/medalists,2.0
world_taekwondo_championships_2011_women_light,athlete_RANGSIYA_NISAISOM_THA,1,gold,discipline=taekwondo;weight_class=light;event=Women Light;country=THA;source_url=https://web.worldtaekwondo.martial.services/competitions/gyeongju-2011-world-taekwondo-championships/medalists,3.0
world_taekwondo_championships_2011_women_light,athlete_SERGERIE_Karine_CAN,3,bronze,discipline=taekwondo;weight_class=light;event=Women Light;country=CAN;source_url=https://web.worldtaekwondo.martial.services/competitions/gyeongju-2011-world-taekwondo-championships/medalists,1.0
world_taekwondo_championships_2011_women_middle,athlete_BARYSHNIKOVA_Anastasiia_RUS,3,bronze,discipline=taekwondo;weight_class=middle;event=Women Middle;country=RUS;source_url=https://web.worldtaekwondo.martial.services/competitions/gyeongju-2011-world-taekwondo-championships/medalists,1.0
world_taekwondo_championships_2011_women_middle,athlete_DURICIC_Milica_SRB,3,bronze,discipline=taekwondo;weight_class=middle;event=Women Middle;country=SRB;source_url=https://web.worldtaekwondo.martial.services/competitions/gyeongju-2011-world-taekwondo-championships/medalists,1.0
world_taekwondo_championships_2011_women_middle,athlete_EPANGUE_Gwladys_FRA,1,gold,discipline=taekwondo;weight_class=middle;event=Women Middle;country=FRA;source_url=https://web.worldtaekwondo.martial.services/competitions/gyeongju-2011-world-taekwondo-championships/medalists,3.0
world_taekwondo_championships_2011_women_middle,athlete_HYERI_OH_KOR,2,silver,discipline=taekwondo;weight_class=middle;event=Women Middle;country=KOR;source_url=https://web.worldtaekwondo.martial.services/competitions/gyeongju-2011-world-taekwondo-championships/medalists,2.0
world_taekwondo_championships_2011_women_welter,athlete_GUO_Yunfei_CHN,2,silver,discipline=taekwondo;weight_class=welter;event=Women Welter;country=CHN;source_url=https://web.worldtaekwondo.martial.services/competitions/gyeongju-2011-world-taekwondo-championships/medalists,2.0
world_taekwondo_championships_2011_women_welter,athlete_HELENA_FROMM_GER,3,bronze,discipline=taekwondo;weight_class=welter;event=Women Welter;country=GER;source_url=https://web.worldtaekwondo.martial.services/competitions/gyeongju-2011-world-taekwondo-championships/medalists,1.0
world_taekwondo_championships_2011_women_welter,athlete_KYUNGSEON_HWANG_KOR,3,bronze,discipline=taekwondo;weight_class=welter;event=Women Welter;country=KOR;source_url=https://web.worldtaekwondo.martial.services/competitions/gyeongju-2011-world-taekwondo-championships/medalists,1.0
world_taekwondo_championships_2011_women_welter,athlete_SARAH_STEVENSON_JENNINGS_GBR,1,gold,discipline=taekwondo;weight_class=welter;event=Women Welter;country=GBR;source_url=https://web.worldtaekwondo.martial.services/competitions/gyeongju-2011-world-taekwondo-championships/medalists,3.0
world_taekwondo_championships_2013_men_over-87kg,athlete_MARDANI_Sajjad_IRI,2,silver,discipline=taekwondo;weight_class=over-87kg;event=Men +87 kg;country=IRI;source_url=https://web.worldtaekwondo.martial.services/competitions/2013-wtf-world-taekwondo-championships/medalists,2.0
world_taekwondo_championships_2013_men_over-87kg,athlete_OBAME_Anthony_Mylann_GAB,1,gold,discipline=taekwondo;weight_class=over-87kg;event=Men +87 kg;country=GAB;source_url=https://web.worldtaekwondo.martial.services/competitions/2013-wtf-world-taekwondo-championships/medalists,3.0
world_taekwondo_championships_2013_men_over-87kg,athlete_ROMAN_KUZNETSOV_RUS,3,bronze,discipline=taekwondo;weight_class=over-87kg;event=Men +87 kg;country=RUS;source_url=https://web.worldtaekwondo.martial.services/competitions/2013-wtf-world-taekwondo-championships/medalists,1.0
world_taekwondo_championships_2013_men_over-87kg,athlete_TRAJKOVIC_Ivan_konrad_SLO,3,bronze,discipline=taekwondo;weight_class=over-87kg;event=Men +87 kg;country=SLO;source_url=https://web.worldtaekwondo.martial.services/competitions/2013-wtf-world-taekwondo-championships/medalists,1.0
world_taekwondo_championships_2013_men_under-54kg,athlete_HSU_Chia-Lin_TPE,2,silver,discipline=taekwondo;weight_class=under-54kg;event=Men -54 kg;country=TPE;source_url=https://web.worldtaekwondo.martial.services/competitions/2013-wtf-world-taekwondo-championships/medalists,2.0
world_taekwondo_championships_2013_men_under-54kg,athlete_KIM_TAEHUN_KOR,1,gold,discipline=taekwondo;weight_class=under-54kg;event=Men -54 kg;country=KOR;source_url=https://web.worldtaekwondo.martial.services/competitions/2013-wtf-world-taekwondo-championships/medalists,3.0
world_taekwondo_championships_2013_men_under-54kg,athlete_NAKAVIROJ_Jerranat_THA,3,bronze,discipline=taekwondo;weight_class=under-54kg;event=Men -54 kg;country=THA;source_url=https://web.worldtaekwondo.martial.services/competitions/2013-wtf-world-taekwondo-championships/medalists,1.0
world_taekwondo_championships_2013_men_under-54kg,athlete_SHERIF_Hussein_EGY,3,bronze,discipline=taekwondo;weight_class=under-54kg;event=Men -54 kg;country=EGY;source_url=https://web.worldtaekwondo.martial.services/competitions/2013-wtf-world-taekwondo-championships/medalists,1.0
world_taekwondo_championships_2013_men_under-58kg,athlete_ALVES_Guilherme_BRA,3,bronze,discipline=taekwondo;weight_class=under-58kg;event=Men -58 kg;country=BRA;source_url=https://web.worldtaekwondo.martial.services/competitions/2013-wtf-world-taekwondo-championships/medalists,1.0
world_taekwondo_championships_2013_men_under-58kg,athlete_CHA_Tae-moon_KOR,1,gold,discipline=taekwondo;weight_class=under-58kg;event=Men -58 kg;country=KOR;source_url=https://web.worldtaekwondo.martial.services/competitions/2013-wtf-world-taekwondo-championships/medalists,3.0
world_taekwondo_championships_2013_men_under-58kg,athlete_MOSTEAN_LORON_Hadi_IRI,2,silver,discipline=taekwondo;weight_class=under-58kg;event=Men -58 kg;country=IRI;source_url=https://web.worldtaekwondo.martial.services/competitions/2013-wtf-world-taekwondo-championships/medalists,2.0
world_taekwondo_championships_2013_men_under-58kg,athlete_VILLA_Damian_USA,3,bronze,discipline=taekwondo;weight_class=under-58kg;event=Men -58 kg;country=USA;source_url=https://web.worldtaekwondo.martial.services/competitions/2013-wtf-world-taekwondo-championships/medalists,1.0
world_taekwondo_championships_2013_men_under-63kg,athlete_BARCLAIS_Stevens_FRA,3,bronze,discipline=taekwondo;weight_class=under-63kg;event=Men -63 kg;country=FRA;source_url=https://web.worldtaekwondo.martial.services/competitions/2013-wtf-world-taekwondo-championships/medalists,1.0
world_taekwondo_championships_2013_men_under-63kg,athlete_DAEHOON_LEE_KOR,1,gold,discipline=taekwondo;weight_class=under-63kg;event=Men -63 kg;country=KOR;source_url=https://web.worldtaekwondo.martial.services/competitions/2013-wtf-world-taekwondo-championships/medalists,3.0
world_taekwondo_championships_2013_men_under-63kg,athlete_MENDOZA_Abel_MEX,2,silver,discipline=taekwondo;weight_class=under-63kg;event=Men -63 kg;country=MEX;source_url=https://web.worldtaekwondo.martial.services/competitions/2013-wtf-world-taekwondo-championships/medalists,2.0
world_taekwondo_championships_2013_men_under-63kg,athlete_WEI_Chen-Yang_TPE,3,bronze,discipline=taekwondo;weight_class=under-63kg;event=Men -63 kg;country=TPE;source_url=https://web.worldtaekwondo.martial.services/competitions/2013-wtf-world-taekwondo-championships/medalists,1.0
world_taekwondo_championships_2013_men_under-68kg,athlete_ASBAGHIKHANGHAH_Behnam_IRI,1,gold,discipline=taekwondo;weight_class=under-68kg;event=Men -68 kg;country=IRI;source_url=https://web.worldtaekwondo.martial.services/competitions/2013-wtf-world-taekwondo-championships/medalists,3.0
world_taekwondo_championships_2013_men_under-68kg,athlete_BALLA_DIEYE_SEN,3,bronze,discipline=taekwondo;weight_class=under-68kg;event=Men -68 kg;country=SEN;source_url=https://web.worldtaekwondo.martial.services/competitions/2013-wtf-world-taekwondo-championships/medalists,1.0
world_taekwondo_championships_2013_men_under-68kg,athlete_HUN_KIM_KOR,2,silver,discipline=taekwondo;weight_class=under-68kg;event=Men -68 kg;country=KOR;source_url=https://web.worldtaekwondo.martial.services/competitions/2013-wtf-world-taekwondo-championships/medalists,2.0
world_taekwondo_championships_2013_men_under-68kg,athlete_ROSILLO_ATENCIA_Jose_Antonio_ESP,3,bronze,discipline=taekwondo;weight_class=under-68kg;event=Men -68 kg;country=ESP;source_url=https://web.worldtaekwondo.martial.services/competitions/2013-wtf-world-taekwondo-championships/medalists,1.0
world_taekwondo_championships_2013_men_under-74kg,athlete_ADRIANO_Uriel_MEX,1,gold,discipline=taekwondo;weight_class=under-74kg;event=Men -74 kg;country=MEX;source_url=https://web.worldtaekwondo.martial.services/competitions/2013-wtf-world-taekwondo-championships/medalists,3.0
world_taekwondo_championships_2013_men_under-74kg,athlete_GAUN_Albert_RUS,2,silver,discipline=taekwondo;weight_class=under-74kg;event=Men -74 kg;country=RUS;source_url=https://web.worldtaekwondo.martial.services/competitions/2013-wtf-world-taekwondo-championships/medalists,2.0
world_taekwondo_championships_2013_men_under-74kg,athlete_KIM_Yoo-jin_KOR,3,bronze,discipline=taekwondo;weight_class=under-74kg;event=Men -74 kg;country=KOR;source_url=https://web.worldtaekwondo.martial.services/competitions/2013-wtf-world-taekwondo-championships/medalists,1.0
world_taekwondo_championships_2013_men_under-74kg,athlete_SAIFEDDINE_TRABELSI_TUN,3,bronze,discipline=taekwondo;weight_class=under-74kg;event=Men -74 kg;country=TUN;source_url=https://web.worldtaekwondo.martial.services/competitions/2013-wtf-world-taekwondo-championships/medalists,1.0
world_taekwondo_championships_2013_men_under-80kg,athlete_GARCIA_HEMME_Nicolas_ESP,3,bronze,discipline=taekwondo;weight_class=under-80kg;event=Men -80 kg;country=ESP;source_url=https://web.worldtaekwondo.martial.services/competitions/2013-wtf-world-taekwondo-championships/medalists,1.0
world_taekwondo_championships_2013_men_under-80kg,athlete_KOTKOV_Anton_RUS,3,bronze,discipline=taekwondo;weight_class=under-80kg;event=Men -80 kg;country=RUS;source_url=https://web.worldtaekwondo.martial.services/competitions/2013-wtf-world-taekwondo-championships/medalists,1.0
world_taekwondo_championships_2013_men_under-80kg,athlete_LIZARRAGA_Rene_MEX,2,silver,discipline=taekwondo;weight_class=under-80kg;event=Men -80 kg;country=MEX;source_url=https://web.worldtaekwondo.martial.services/competitions/2013-wtf-world-taekwondo-championships/medalists,2.0
world_taekwondo_championships_2013_men_under-80kg,athlete_TAHIR_GUELEC_GER,1,gold,discipline=taekwondo;weight_class=under-80kg;event=Men -80 kg;country=GER;source_url=https://web.worldtaekwondo.martial.services/competitions/2013-wtf-world-taekwondo-championships/medalists,3.0
world_taekwondo_championships_2013_men_under-87kg,athlete_ALBA_Rafael_CUB,1,gold,discipline=taekwondo;weight_class=under-87kg;event=Men -87 kg;country=CUB;source_url=https://web.worldtaekwondo.martial.services/competitions/2013-wtf-world-taekwondo-championships/medalists,3.0
world_taekwondo_championships_2013_men_under-87kg,athlete_ISAEV_Radik_AZE,3,bronze,discipline=taekwondo;weight_class=under-87kg;event=Men -87 kg;country=AZE;source_url=https://web.worldtaekwondo.martial.services/competitions/2013-wtf-world-taekwondo-championships/medalists,1.0
world_taekwondo_championships_2013_men_under-87kg,athlete_MA_Zhaoyong_CHN,2,silver,discipline=taekwondo;weight_class=under-87kg;event=Men -87 kg;country=CHN;source_url=https://web.worldtaekwondo.martial.services/competitions/2013-wtf-world-taekwondo-championships/medalists,2.0
world_taekwondo_championships_2013_men_under-87kg,athlete_TRABELSI_Yassine_TUN,3,bronze,discipline=taekwondo;weight_class=under-87kg;event=Men -87 kg;country=TUN;source_url=https://web.worldtaekwondo.martial.services/competitions/2013-wtf-world-taekwondo-championships/medalists,1.0
world_taekwondo_championships_2013_women_over-73kg,athlete_ACOSTA_Briseida_MEX,2,silver,discipline=taekwondo;weight_class=over-73kg;event=Women +73 kg;country=MEX;source_url=https://web.worldtaekwondo.martial.services/competitions/2013-wtf-world-taekwondo-championships/medalists,2.0
world_taekwondo_championships_2013_women_over-73kg,athlete_GRAFFE_Anne-Caroline_FRA,3,bronze,discipline=taekwondo;weight_class=over-73kg;event=Women +73 kg;country=FRA;source_url=https://web.worldtaekwondo.martial.services/competitions/2013-wtf-world-taekwondo-championships/medalists,1.0
world_taekwondo_championships_2013_women_over-73kg,athlete_IVANOVA_Olga_RUS,1,gold,discipline=taekwondo;weight_class=over-73kg;event=Women +73 kg;country=RUS;source_url=https://web.worldtaekwondo.martial.services/competitions/2013-wtf-world-taekwondo-championships/medalists,3.0
world_taekwondo_championships_2013_women_over-73kg,athlete_TEPAVAC_Ana_SRB,3,bronze,discipline=taekwondo;weight_class=over-73kg;event=Women +73 kg;country=SRB;source_url=https://web.worldtaekwondo.martial.services/competitions/2013-wtf-world-taekwondo-championships/medalists,1.0
world_taekwondo_championships_2013_women_under-46kg,athlete_FARHANI_Fadia_TUN,3,bronze,discipline=taekwondo;weight_class=under-46kg;event=Women -46 kg;country=TUN;source_url=https://web.worldtaekwondo.martial.services/competitions/2013-wtf-world-taekwondo-championships/medalists,1.0
world_taekwondo_championships_2013_women_under-46kg,athlete_MOZLOVA_Anastasia_RUS,2,silver,discipline=taekwondo;weight_class=under-46kg;event=Women -46 kg;country=RUS;source_url=https://web.worldtaekwondo.martial.services/competitions/2013-wtf-world-taekwondo-championships/medalists,2.0
world_taekwondo_championships_2013_women_under-46kg,athlete_REN_Dandan_CHN,3,bronze,discipline=taekwondo;weight_class=under-46kg;event=Women -46 kg;country=CHN;source_url=https://web.worldtaekwondo.martial.services/competitions/2013-wtf-world-taekwondo-championships/medalists,1.0
world_taekwondo_championships_2013_women_under-46kg,athlete_SOHUI_KIM_KOR,1,gold,discipline=taekwondo;weight_class=under-46kg;event=Women -46 kg;country=KOR;source_url=https://web.worldtaekwondo.martial.services/competitions/2013-wtf-world-taekwondo-championships/medalists,3.0
world_taekwondo_championships_2013_women_under-49kg,athlete_AGUIRRE_Yania_CUB,3,bronze,discipline=taekwondo;weight_class=under-49kg;event=Women -49 kg;country=CUB;source_url=https://web.worldtaekwondo.martial.services/competitions/2013-wtf-world-taekwondo-championships/medalists,1.0
world_taekwondo_championships_2013_women_under-49kg,athlete_CHANATIP_SONKHAM_THA,1,gold,discipline=taekwondo;weight_class=under-49kg;event=Women -49 kg;country=THA;source_url=https://web.worldtaekwondo.martial.services/competitions/2013-wtf-world-taekwondo-championships/medalists,3.0
world_taekwondo_championships_2013_women_under-49kg,athlete_TOURAN_Dana_JOR,2,silver,discipline=taekwondo;weight_class=under-49kg;event=Women -49 kg;country=JOR;source_url=https://web.worldtaekwondo.martial.services/competitions/2013-wtf-world-taekwondo-championships/medalists,2.0
world_taekwondo_championships_2013_women_under-49kg,athlete_ZANINOVIC_Lucija_CRO,3,bronze,discipline=taekwondo;weight_class=under-49kg;event=Women -49 kg;country=CRO;source_url=https://web.worldtaekwondo.martial.services/competitions/2013-wtf-world-taekwondo-championships/medalists,1.0
world_taekwondo_championships_2013_women_under-53kg,athlete_KIM_Yu-jin_KOR,1,gold,discipline=taekwondo;weight_class=under-53kg;event=Women -53 kg;country=KOR;source_url=https://web.worldtaekwondo.martial.services/competitions/2013-wtf-world-taekwondo-championships/medalists,3.0
world_taekwondo_championships_2013_women_under-53kg,athlete_LIBORIO_Floriane_FRA,3,bronze,discipline=taekwondo;weight_class=under-53kg;event=Women -53 kg;country=FRA;source_url=https://web.worldtaekwondo.martial.services/competitions/2013-wtf-world-taekwondo-championships/medalists,1.0
world_taekwondo_championships_2013_women_under-53kg,athlete_NUÑEZ_Yamicel_CUB,3,bronze,discipline=taekwondo;weight_class=under-53kg;event=Women -53 kg;country=CUB;source_url=https://web.worldtaekwondo.martial.services/competitions/2013-wtf-world-taekwondo-championships/medalists,1.0
world_taekwondo_championships_2013_women_under-53kg,athlete_ZANINOVIC_Ana_CRO,2,silver,discipline=taekwondo;weight_class=under-53kg;event=Women -53 kg;country=CRO;source_url=https://web.worldtaekwondo.martial.services/competitions/2013-wtf-world-taekwondo-championships/medalists,2.0
world_taekwondo_championships_2013_women_under-57kg,athlete_CALVO_GOMEZ_Eva_ESP,3,bronze,discipline=taekwondo;weight_class=under-57kg;event=Women -57 kg;country=ESP;source_url=https://web.worldtaekwondo.martial.services/competitions/2013-wtf-world-taekwondo-championships/medalists,1.0
world_taekwondo_championships_2013_women_under-57kg,athlete_FROEMMING_Anna-Lena_GER,3,bronze,discipline=taekwondo;weight_class=under-57kg;event=Women -57 kg;country=GER;source_url=https://web.worldtaekwondo.martial.services/competitions/2013-wtf-world-taekwondo-championships/medalists,1.0
world_taekwondo_championships_2013_women_under-57kg,athlete_HAMADA_Mayu_JPN,1,gold,discipline=taekwondo;weight_class=under-57kg;event=Women -57 kg;country=JPN;source_url=https://web.worldtaekwondo.martial.services/competitions/2013-wtf-world-taekwondo-championships/medalists,3.0
world_taekwondo_championships_2013_women_under-57kg,athlete_KIM_So-hee_KOR,2,silver,discipline=taekwondo;weight_class=under-57kg;event=Women -57 kg;country=KOR;source_url=https://web.worldtaekwondo.martial.services/competitions/2013-wtf-world-taekwondo-championships/medalists,2.0
world_taekwondo_championships_2013_women_under-62kg,athlete_BACHMANN_Rabia_GER,3,bronze,discipline=taekwondo;weight_class=under-62kg;event=Women -62 kg;country=GER;source_url=https://web.worldtaekwondo.martial.services/competitions/2013-wtf-world-taekwondo-championships/medalists,1.0
world_taekwondo_championships_2013_women_under-62kg,athlete_KIM_Hwilang_KOR,2,silver,discipline=taekwondo;weight_class=under-62kg;event=Women -62 kg;country=KOR;source_url=https://web.worldtaekwondo.martial.services/competitions/2013-wtf-world-taekwondo-championships/medalists,2.0
world_taekwondo_championships_2013_women_under-62kg,athlete_KLÄY_Nina_SUI,3,bronze,discipline=taekwondo;weight_class=under-62kg;event=Women -62 kg;country=SUI;source_url=https://web.worldtaekwondo.martial.services/competitions/2013-wtf-world-taekwondo-championships/medalists,1.0
world_taekwondo_championships_2013_women_under-62kg,athlete_MARTON_Caroline_AUS,1,gold,discipline=taekwondo;weight_class=under-62kg;event=Women -62 kg;country=AUS;source_url=https://web.worldtaekwondo.martial.services/competitions/2013-wtf-world-taekwondo-championships/medalists,3.0
world_taekwondo_championships_2013_women_under-67kg,athlete_ANIC_Franka_SLO,3,bronze,discipline=taekwondo;weight_class=under-67kg;event=Women -67 kg;country=SLO;source_url=https://web.worldtaekwondo.martial.services/competitions/2013-wtf-world-taekwondo-championships/medalists,1.0
world_taekwondo_championships_2013_women_under-67kg,athlete_AZIZOVA_Farida_AZE,3,bronze,discipline=taekwondo;weight_class=under-67kg;event=Women -67 kg;country=AZE;source_url=https://web.worldtaekwondo.martial.services/competitions/2013-wtf-world-taekwondo-championships/medalists,1.0
world_taekwondo_championships_2013_women_under-67kg,athlete_CHUANG_CHIA_CHIA_TPE,2,silver,discipline=taekwondo;weight_class=under-67kg;event=Women -67 kg;country=TPE;source_url=https://web.worldtaekwondo.martial.services/competitions/2013-wtf-world-taekwondo-championships/medalists,2.0
world_taekwondo_championships_2013_women_under-67kg,athlete_NIARE_Haby_FRA,1,gold,discipline=taekwondo;weight_class=under-67kg;event=Women -67 kg;country=FRA;source_url=https://web.worldtaekwondo.martial.services/competitions/2013-wtf-world-taekwondo-championships/medalists,3.0
world_taekwondo_championships_2013_women_under-73kg,athlete_HERNANDEZ_Glenhis_CUB,1,gold,discipline=taekwondo;weight_class=under-73kg;event=Women -73 kg;country=CUB;source_url=https://web.worldtaekwondo.martial.services/competitions/2013-wtf-world-taekwondo-championships/medalists,3.0
world_taekwondo_championships_2013_women_under-73kg,athlete_IKONEN_Casandra_SWE,3,bronze,discipline=taekwondo;weight_class=under-73kg;event=Women -73 kg;country=SWE;source_url=https://web.worldtaekwondo.martial.services/competitions/2013-wtf-world-taekwondo-championships/medalists,1.0
world_taekwondo_championships_2013_women_under-73kg,athlete_LEE_In-jong_KOR,2,silver,discipline=taekwondo;weight_class=under-73kg;event=Women -73 kg;country=KOR;source_url=https://web.worldtaekwondo.martial.services/competitions/2013-wtf-world-taekwondo-championships/medalists,2.0
world_taekwondo_championships_2013_women_under-73kg,athlete_VOKEY_Jasmine_CAN,3,bronze,discipline=taekwondo;weight_class=under-73kg;event=Women -73 kg;country=CAN;source_url=https://web.worldtaekwondo.martial.services/competitions/2013-wtf-world-taekwondo-championships/medalists,1.0
world_taekwondo_championships_2015_men_over-87kg,athlete_DESPAIGNE_Robelis_CUB,3,bronze,discipline=taekwondo;weight_class=over-87kg;event=Men +87 kg;country=CUB;source_url=https://web.worldtaekwondo.martial.services/competitions/2015-wtf-world-taekwondo-championships/medalists,1.0
world_taekwondo_championships_2015_men_over-87kg,athlete_OBAME_Anthony_Mylann_GAB,3,bronze,discipline=taekwondo;weight_class=over-87kg;event=Men +87 kg;country=GAB;source_url=https://web.worldtaekwondo.martial.services/competitions/2015-wtf-world-taekwondo-championships/medalists,1.0
world_taekwondo_championships_2015_men_over-87kg,athlete_SHOKIN_Dmitriy_UZB,1,gold,discipline=taekwondo;weight_class=over-87kg;event=Men +87 kg;country=UZB;source_url=https://web.worldtaekwondo.martial.services/competitions/2015-wtf-world-taekwondo-championships/medalists,3.0
world_taekwondo_championships_2015_men_over-87kg,athlete_ZOKOU_Firmin_CIV,2,silver,discipline=taekwondo;weight_class=over-87kg;event=Men +87 kg;country=CIV;source_url=https://web.worldtaekwondo.martial.services/competitions/2015-wtf-world-taekwondo-championships/medalists,2.0
world_taekwondo_championships_2015_men_under-54kg,athlete_DENISOV_Stanislav_RUS,2,silver,discipline=taekwondo;weight_class=under-54kg;event=Men -54 kg;country=RUS;source_url=https://web.worldtaekwondo.martial.services/competitions/2015-wtf-world-taekwondo-championships/medalists,2.0
world_taekwondo_championships_2015_men_under-54kg,athlete_KIM_TAEHUN_KOR,1,gold,discipline=taekwondo;weight_class=under-54kg;event=Men -54 kg;country=KOR;source_url=https://web.worldtaekwondo.martial.services/competitions/2015-wtf-world-taekwondo-championships/medalists,3.0
world_taekwondo_championships_2015_men_under-54kg,athlete_SAWEKWIHAREE_Ramnarong_THA,3,bronze,discipline=taekwondo;weight_class=under-54kg;event=Men -54 kg;country=THA;source_url=https://web.worldtaekwondo.martial.services/competitions/2015-wtf-world-taekwondo-championships/medalists,1.0
world_taekwondo_championships_2015_men_under-54kg,athlete_TEIXEIRA_Venilton_BRA,3,bronze,discipline=taekwondo;weight_class=under-54kg;event=Men -54 kg;country=BRA;source_url=https://web.worldtaekwondo.martial.services/competitions/2015-wtf-world-taekwondo-championships/medalists,1.0
world_taekwondo_championships_2015_men_under-58kg,athlete_ASHOURZADEH_FALLAH_Farzan_IRI,1,gold,discipline=taekwondo;weight_class=under-58kg;event=Men -58 kg;country=IRI;source_url=https://web.worldtaekwondo.martial.services/competitions/2015-wtf-world-taekwondo-championships/medalists,3.0
world_taekwondo_championships_2015_men_under-58kg,athlete_KETBI_Si_Mohamed_BEL,2,silver,discipline=taekwondo;weight_class=under-58kg;event=Men -58 kg;country=BEL;source_url=https://web.worldtaekwondo.martial.services/competitions/2015-wtf-world-taekwondo-championships/medalists,2.0
world_taekwondo_championships_2015_men_under-58kg,athlete_POISEEV_Ruslan_RUS,3,bronze,discipline=taekwondo;weight_class=under-58kg;event=Men -58 kg;country=RUS;source_url=https://web.worldtaekwondo.martial.services/competitions/2015-wtf-world-taekwondo-championships/medalists,1.0
world_taekwondo_championships_2015_men_under-58kg,athlete_ZHAO_Shuai_CHN,3,bronze,discipline=taekwondo;weight_class=under-58kg;event=Men -58 kg;country=CHN;source_url=https://web.worldtaekwondo.martial.services/competitions/2015-wtf-world-taekwondo-championships/medalists,1.0
world_taekwondo_championships_2015_men_under-63kg,athlete_GONZALEZ_BONILLA_Joel_ESP,2,silver,discipline=taekwondo;weight_class=under-63kg;event=Men -63 kg;country=ESP;source_url=https://web.worldtaekwondo.martial.services/competitions/2015-wtf-world-taekwondo-championships/medalists,2.0
world_taekwondo_championships_2015_men_under-63kg,athlete_GUTIERREZ_Saul_MEX,3,bronze,discipline=taekwondo;weight_class=under-63kg;event=Men -63 kg;country=MEX;source_url=https://web.worldtaekwondo.martial.services/competitions/2015-wtf-world-taekwondo-championships/medalists,1.0
world_taekwondo_championships_2015_men_under-63kg,athlete_JAOUAD_Achab_BEL,1,gold,discipline=taekwondo;weight_class=under-63kg;event=Men -63 kg;country=BEL;source_url=https://web.worldtaekwondo.martial.services/competitions/2015-wtf-world-taekwondo-championships/medalists,3.0
world_taekwondo_championships_2015_men_under-63kg,athlete_YAGHOUBIJOUYBARI_Abolfazl_IRI,3,bronze,discipline=taekwondo;weight_class=under-63kg;event=Men -63 kg;country=IRI;source_url=https://web.worldtaekwondo.martial.services/competitions/2015-wtf-world-taekwondo-championships/medalists,1.0
world_taekwondo_championships_2015_men_under-68kg,athlete_DENISENKO_Alexey_RUS,2,silver,discipline=taekwondo;weight_class=under-68kg;event=Men -68 kg;country=RUS;source_url=https://web.worldtaekwondo.martial.services/competitions/2015-wtf-world-taekwondo-championships/medalists,2.0
world_taekwondo_championships_2015_men_under-68kg,athlete_ROSILLO_ATENCIA_Jose_Antonio_ESP,3,bronze,discipline=taekwondo;weight_class=under-68kg;event=Men -68 kg;country=ESP;source_url=https://web.worldtaekwondo.martial.services/competitions/2015-wtf-world-taekwondo-championships/medalists,1.0
world_taekwondo_championships_2015_men_under-68kg,athlete_SHIN_Dong-yun_KOR,3,bronze,discipline=taekwondo;weight_class=under-68kg;event=Men -68 kg;country=KOR;source_url=https://web.worldtaekwondo.martial.services/competitions/2015-wtf-world-taekwondo-championships/medalists,1.0
world_taekwondo_championships_2015_men_under-68kg,athlete_TAZEGUL_Servet_TUR,1,gold,discipline=taekwondo;weight_class=under-68kg;event=Men -68 kg;country=TUR;source_url=https://web.worldtaekwondo.martial.services/competitions/2015-wtf-world-taekwondo-championships/medalists,3.0
world_taekwondo_championships_2015_men_under-74kg,athlete_COULIBALY_Ismael_MLI,3,bronze,discipline=taekwondo;weight_class=under-74kg;event=Men -74 kg;country=MLI;source_url=https://web.worldtaekwondo.martial.services/competitions/2015-wtf-world-taekwondo-championships/medalists,1.0
world_taekwondo_championships_2015_men_under-74kg,athlete_GAUN_Albert_RUS,3,bronze,discipline=taekwondo;weight_class=under-74kg;event=Men -74 kg;country=RUS;source_url=https://web.worldtaekwondo.martial.services/competitions/2015-wtf-world-taekwondo-championships/medalists,1.0
world_taekwondo_championships_2015_men_under-74kg,athlete_HAJIZAVAREH_Masoud_IRI,1,gold,discipline=taekwondo;weight_class=under-74kg;event=Men -74 kg;country=IRI;source_url=https://web.worldtaekwondo.martial.services/competitions/2015-wtf-world-taekwondo-championships/medalists,3.0
world_taekwondo_championships_2015_men_under-74kg,athlete_RAFALOVICH_Nikita_UZB,2,silver,discipline=taekwondo;weight_class=under-74kg;event=Men -74 kg;country=UZB;source_url=https://web.worldtaekwondo.martial.services/competitions/2015-wtf-world-taekwondo-championships/medalists,2.0
world_taekwondo_championships_2015_men_under-80kg,athlete_COOK_Aaron_MDA,3,bronze,discipline=taekwondo;weight_class=under-80kg;event=Men -80 kg;country=MDA;source_url=https://web.worldtaekwondo.martial.services/competitions/2015-wtf-world-taekwondo-championships/medalists,1.0
world_taekwondo_championships_2015_men_under-80kg,athlete_KHODABAKHSHI_Mahdi_SRB,1,gold,discipline=taekwondo;weight_class=under-80kg;event=Men -80 kg;country=SRB;source_url=https://web.worldtaekwondo.martial.services/competitions/2015-wtf-world-taekwondo-championships/medalists,3.0
world_taekwondo_championships_2015_men_under-80kg,athlete_SANSUM_Damon_GBR,2,silver,discipline=taekwondo;weight_class=under-80kg;event=Men -80 kg;country=GBR;source_url=https://web.worldtaekwondo.martial.services/competitions/2015-wtf-world-taekwondo-championships/medalists,2.0
world_taekwondo_championships_2015_men_under-80kg,athlete_TAHIR_GUELEC_GER,3,bronze,discipline=taekwondo;weight_class=under-80kg;event=Men -80 kg;country=GER;source_url=https://web.worldtaekwondo.martial.services/competitions/2015-wtf-world-taekwondo-championships/medalists,1.0
world_taekwondo_championships_2015_men_under-87kg,athlete_ALBA_Rafael_CUB,3,bronze,discipline=taekwondo;weight_class=under-87kg;event=Men -87 kg;country=CUB;source_url=https://web.worldtaekwondo.martial.services/competitions/2015-wtf-world-taekwondo-championships/medalists,1.0
world_taekwondo_championships_2015_men_under-87kg,athlete_ISAEV_Radik_AZE,1,gold,discipline=taekwondo;weight_class=under-87kg;event=Men -87 kg;country=AZE;source_url=https://web.worldtaekwondo.martial.services/competitions/2015-wtf-world-taekwondo-championships/medalists,3.0
world_taekwondo_championships_2015_men_under-87kg,athlete_JASUR_BAYKUZIYEV_UZB,2,silver,discipline=taekwondo;weight_class=under-87kg;event=Men -87 kg;country=UZB;source_url=https://web.worldtaekwondo.martial.services/competitions/2015-wtf-world-taekwondo-championships/medalists,2.0
world_taekwondo_championships_2015_men_under-87kg,athlete_VLADISLAV_LARIN_RUS,3,bronze,discipline=taekwondo;weight_class=under-87kg;event=Men -87 kg;country=RUS;source_url=https://web.worldtaekwondo.martial.services/competitions/2015-wtf-world-taekwondo-championships/medalists,1.0
world_taekwondo_championships_2015_women_over-73kg,athlete_COOK_Bianca_GBR,1,gold,discipline=taekwondo;weight_class=over-73kg;event=Women +73 kg;country=GBR;source_url=https://web.worldtaekwondo.martial.services/competitions/2015-wtf-world-taekwondo-championships/medalists,3.0
world_taekwondo_championships_2015_women_over-73kg,athlete_EPANGUE_Gwladys_FRA,2,silver,discipline=taekwondo;weight_class=over-73kg;event=Women +73 kg;country=FRA;source_url=https://web.worldtaekwondo.martial.services/competitions/2015-wtf-world-taekwondo-championships/medalists,2.0
world_taekwondo_championships_2015_women_over-73kg,athlete_IVANOVA_Olga_RUS,3,bronze,discipline=taekwondo;weight_class=over-73kg;event=Women +73 kg;country=RUS;source_url=https://web.worldtaekwondo.martial.services/competitions/2015-wtf-world-taekwondo-championships/medalists,1.0
world_taekwondo_championships_2015_women_over-73kg,athlete_KUS_AYDIN_Nafia_TUR,3,bronze,discipline=taekwondo;weight_class=over-73kg;event=Women +73 kg;country=TUR;source_url=https://web.worldtaekwondo.martial.services/competitions/2015-wtf-world-taekwondo-championships/medalists,1.0
world_taekwondo_championships_2015_women_under-46kg,athlete_LIN_Wan-Ting_TPE,3,bronze,discipline=taekwondo;weight_class=under-46kg;event=Women -46 kg;country=TPE;source_url=https://web.worldtaekwondo.martial.services/competitions/2015-wtf-world-taekwondo-championships/medalists,1.0
world_taekwondo_championships_2015_women_under-46kg,athlete_ROMOLDANOVA_Iryna_UKR,2,silver,discipline=taekwondo;weight_class=under-46kg;event=Women -46 kg;country=UKR;source_url=https://web.worldtaekwondo.martial.services/competitions/2015-wtf-world-taekwondo-championships/medalists,2.0
world_taekwondo_championships_2015_women_under-46kg,athlete_TANG_SING_Iris_BRA,3,bronze,discipline=taekwondo;weight_class=under-46kg;event=Women -46 kg;country=BRA;source_url=https://web.worldtaekwondo.martial.services/competitions/2015-wtf-world-taekwondo-championships/medalists,1.0
world_taekwondo_championships_2015_women_under-46kg,athlete_WONGPATTANAKIT_Panipak_THA,1,gold,discipline=taekwondo;weight_class=under-46kg;event=Women -46 kg;country=THA;source_url=https://web.worldtaekwondo.martial.services/competitions/2015-wtf-world-taekwondo-championships/medalists,3.0
world_taekwondo_championships_2015_women_under-49kg,athlete_BOGDANOVIC_Tijana_SRB,3,bronze,discipline=taekwondo;weight_class=under-49kg;event=Women -49 kg;country=SRB;source_url=https://web.worldtaekwondo.martial.services/competitions/2015-wtf-world-taekwondo-championships/medalists,1.0
world_taekwondo_championships_2015_women_under-49kg,athlete_HA_Min-Ah_KOR,1,gold,discipline=taekwondo;weight_class=under-49kg;event=Women -49 kg;country=KOR;source_url=https://web.worldtaekwondo.martial.services/competitions/2015-wtf-world-taekwondo-championships/medalists,3.0
world_taekwondo_championships_2015_women_under-49kg,athlete_IGUMENOVA_Svetlana_RUS,3,bronze,discipline=taekwondo;weight_class=under-49kg;event=Women -49 kg;country=RUS;source_url=https://web.worldtaekwondo.martial.services/competitions/2015-wtf-world-taekwondo-championships/medalists,1.0
world_taekwondo_championships_2015_women_under-49kg,athlete_JINGYU_WU_CHN,2,silver,discipline=taekwondo;weight_class=under-49kg;event=Women -49 kg;country=CHN;source_url=https://web.worldtaekwondo.martial.services/competitions/2015-wtf-world-taekwondo-championships/medalists,2.0
world_taekwondo_championships_2015_women_under-53kg,athlete_ASPROGERAKA_Andriana_GRE,3,bronze,discipline=taekwondo;weight_class=under-53kg;event=Women -53 kg;country=GRE;source_url=https://web.worldtaekwondo.martial.services/competitions/2015-wtf-world-taekwondo-championships/medalists,1.0
world_taekwondo_championships_2015_women_under-53kg,athlete_HUANG_YUN-WEN_TPE,2,silver,discipline=taekwondo;weight_class=under-53kg;event=Women -53 kg;country=TPE;source_url=https://web.worldtaekwondo.martial.services/competitions/2015-wtf-world-taekwondo-championships/medalists,2.0
world_taekwondo_championships_2015_women_under-53kg,athlete_LIM_Geum-Byeol_KOR,1,gold,discipline=taekwondo;weight_class=under-53kg;event=Women -53 kg;country=KOR;source_url=https://web.worldtaekwondo.martial.services/competitions/2015-wtf-world-taekwondo-championships/medalists,3.0
world_taekwondo_championships_2015_women_under-53kg,athlete_ZANINOVIC_Ana_CRO,3,bronze,discipline=taekwondo;weight_class=under-53kg;event=Women -53 kg;country=CRO;source_url=https://web.worldtaekwondo.martial.services/competitions/2015-wtf-world-taekwondo-championships/medalists,1.0
world_taekwondo_championships_2015_women_under-57kg,athlete_ALIZADEH_ZENOZI_Kimia_RTA,3,bronze,discipline=taekwondo;weight_class=under-57kg;event=Women -57 kg;country=RTA;source_url=https://web.worldtaekwondo.martial.services/competitions/2015-wtf-world-taekwondo-championships/medalists,1.0
world_taekwondo_championships_2015_women_under-57kg,athlete_CALVO_GOMEZ_Eva_ESP,2,silver,discipline=taekwondo;weight_class=under-57kg;event=Women -57 kg;country=ESP;source_url=https://web.worldtaekwondo.martial.services/competitions/2015-wtf-world-taekwondo-championships/medalists,2.0
world_taekwondo_championships_2015_women_under-57kg,athlete_HAMADA_Mayu_JPN,1,gold,discipline=taekwondo;weight_class=under-57kg;event=Women -57 kg;country=JPN;source_url=https://web.worldtaekwondo.martial.services/competitions/2015-wtf-world-taekwondo-championships/medalists,3.0
world_taekwondo_championships_2015_women_under-57kg,athlete_KOTSIS_Edina_HUN,3,bronze,discipline=taekwondo;weight_class=under-57kg;event=Women -57 kg;country=HUN;source_url=https://web.worldtaekwondo.martial.services/competitions/2015-wtf-world-taekwondo-championships/medalists,1.0
world_taekwondo_championships_2015_women_under-62kg,athlete_BELANOUSKAYA_Viktoryia_BLR,3,bronze,discipline=taekwondo;weight_class=under-62kg;event=Women -62 kg;country=BLR;source_url=https://web.worldtaekwondo.martial.services/competitions/2015-wtf-world-taekwondo-championships/medalists,1.0
world_taekwondo_championships_2015_women_under-62kg,athlete_BOOTH_Rachelle_GBR,3,bronze,discipline=taekwondo;weight_class=under-62kg;event=Women -62 kg;country=GBR;source_url=https://web.worldtaekwondo.martial.services/competitions/2015-wtf-world-taekwondo-championships/medalists,1.0
world_taekwondo_championships_2015_women_under-62kg,athlete_CALVO_GOMEZ_Marta_ESP,2,silver,discipline=taekwondo;weight_class=under-62kg;event=Women -62 kg;country=ESP;source_url=https://web.worldtaekwondo.martial.services/competitions/2015-wtf-world-taekwondo-championships/medalists,2.0
world_taekwondo_championships_2015_women_under-62kg,athlete_YAMAN_Irem_TUR,1,gold,discipline=taekwondo;weight_class=under-62kg;event=Women -62 kg;country=TUR;source_url=https://web.worldtaekwondo.martial.services/competitions/2015-wtf-world-taekwondo-championships/medalists,3.0
world_taekwondo_championships_2015_women_under-67kg,athlete_CHUANG_CHIA_CHIA_TPE,1,gold,discipline=taekwondo;weight_class=under-67kg;event=Women -67 kg;country=TPE;source_url=https://web.worldtaekwondo.martial.services/competitions/2015-wtf-world-taekwondo-championships/medalists,3.0
world_taekwondo_championships_2015_women_under-67kg,athlete_DUMAR_Katherine_COL,3,bronze,discipline=taekwondo;weight_class=under-67kg;event=Women -67 kg;country=COL;source_url=https://web.worldtaekwondo.martial.services/competitions/2015-wtf-world-taekwondo-championships/medalists,1.0
world_taekwondo_championships_2015_women_under-67kg,athlete_MC_PHERSON_Paige_USA,3,bronze,discipline=taekwondo;weight_class=under-67kg;event=Women -67 kg;country=USA;source_url=https://web.worldtaekwondo.martial.services/competitions/2015-wtf-world-taekwondo-championships/medalists,1.0
world_taekwondo_championships_2015_women_under-67kg,athlete_TATAR_Nur_TUR,2,silver,discipline=taekwondo;weight_class=under-67kg;event=Women -67 kg;country=TUR;source_url=https://web.worldtaekwondo.martial.services/competitions/2015-wtf-world-taekwondo-championships/medalists,2.0
world_taekwondo_championships_2015_women_under-73kg,athlete_GALLOWAY_Jackie_USA,3,bronze,discipline=taekwondo;weight_class=under-73kg;event=Women -73 kg;country=USA;source_url=https://web.worldtaekwondo.martial.services/competitions/2015-wtf-world-taekwondo-championships/medalists,1.0
world_taekwondo_championships_2015_women_under-73kg,athlete_HYERI_OH_KOR,1,gold,discipline=taekwondo;weight_class=under-73kg;event=Women -73 kg;country=KOR;source_url=https://web.worldtaekwondo.martial.services/competitions/2015-wtf-world-taekwondo-championships/medalists,3.0
world_taekwondo_championships_2015_women_under-73kg,athlete_RADOS_Iva_CRO,3,bronze,discipline=taekwondo;weight_class=under-73kg;event=Women -73 kg;country=CRO;source_url=https://web.worldtaekwondo.martial.services/competitions/2015-wtf-world-taekwondo-championships/medalists,1.0
world_taekwondo_championships_2015_women_under-73kg,athlete_ZHENG_Shuyin_CHN,2,silver,discipline=taekwondo;weight_class=under-73kg;event=Women -73 kg;country=CHN;source_url=https://web.worldtaekwondo.martial.services/competitions/2015-wtf-world-taekwondo-championships/medalists,2.0
world_taekwondo_championships_2017_men_over-87kg,athlete_CHO_Mahama_GBR,2,silver,discipline=taekwondo;weight_class=over-87kg;event=Men +87 kg;country=GBR;source_url=https://web.worldtaekwondo.martial.services/competitions/2017-wtf-world-taekwondo-championships/medalists,2.0
world_taekwondo_championships_2017_men_over-87kg,athlete_ISSOUFOU_Abdoul_NIG,1,gold,discipline=taekwondo;weight_class=over-87kg;event=Men +87 kg;country=NIG;source_url=https://web.worldtaekwondo.martial.services/competitions/2017-wtf-world-taekwondo-championships/medalists,3.0
world_taekwondo_championships_2017_men_over-87kg,athlete_OBAME_Anthony_Mylann_GAB,3,bronze,discipline=taekwondo;weight_class=over-87kg;event=Men +87 kg;country=GAB;source_url=https://web.worldtaekwondo.martial.services/competitions/2017-wtf-world-taekwondo-championships/medalists,1.0
world_taekwondo_championships_2017_men_over-87kg,athlete_ROMAN_KUZNETSOV_RUS,3,bronze,discipline=taekwondo;weight_class=over-87kg;event=Men +87 kg;country=RUS;source_url=https://web.worldtaekwondo.martial.services/competitions/2017-wtf-world-taekwondo-championships/medalists,1.0
world_taekwondo_championships_2017_men_under-54kg,athlete_DELLAQUILA_Vito_ITA,3,bronze,discipline=taekwondo;weight_class=under-54kg;event=Men -54 kg;country=ITA;source_url=https://web.worldtaekwondo.martial.services/competitions/2017-wtf-world-taekwondo-championships/medalists,1.0
world_taekwondo_championships_2017_men_under-54kg,athlete_HADIPOUR_SEIGHALANI_Armin_IRI,2,silver,discipline=taekwondo;weight_class=under-54kg;event=Men -54 kg;country=IRI;source_url=https://web.worldtaekwondo.martial.services/competitions/2017-wtf-world-taekwondo-championships/medalists,2.0
world_taekwondo_championships_2017_men_under-54kg,athlete_KIM_TAEHUN_KOR,1,gold,discipline=taekwondo;weight_class=under-54kg;event=Men -54 kg;country=KOR;source_url=https://web.worldtaekwondo.martial.services/competitions/2017-wtf-world-taekwondo-championships/medalists,3.0
world_taekwondo_championships_2017_men_under-54kg,athlete_SAWEKWIHAREE_Ramnarong_THA,3,bronze,discipline=taekwondo;weight_class=under-54kg;event=Men -54 kg;country=THA;source_url=https://web.worldtaekwondo.martial.services/competitions/2017-wtf-world-taekwondo-championships/medalists,1.0
world_taekwondo_championships_2017_men_under-58kg,athlete_JEONG_Yun-jo_KOR,1,gold,discipline=taekwondo;weight_class=under-58kg;event=Men -58 kg;country=KOR;source_url=https://web.worldtaekwondo.martial.services/competitions/2017-wtf-world-taekwondo-championships/medalists,3.0
world_taekwondo_championships_2017_men_under-58kg,athlete_MIKHAIL_ARTAMONOV_RUS,2,silver,discipline=taekwondo;weight_class=under-58kg;event=Men -58 kg;country=RUS;source_url=https://web.worldtaekwondo.martial.services/competitions/2017-wtf-world-taekwondo-championships/medalists,2.0
world_taekwondo_championships_2017_men_under-58kg,athlete_NAVARRO_Carlos_MEX,3,bronze,discipline=taekwondo;weight_class=under-58kg;event=Men -58 kg;country=MEX;source_url=https://web.worldtaekwondo.martial.services/competitions/2017-wtf-world-taekwondo-championships/medalists,1.0
world_taekwondo_championships_2017_men_under-58kg,athlete_TORTOSA_CABRERA_Jesus_ESP,3,bronze,discipline=taekwondo;weight_class=under-58kg;event=Men -58 kg;country=ESP;source_url=https://web.worldtaekwondo.martial.services/competitions/2017-wtf-world-taekwondo-championships/medalists,1.0
world_taekwondo_championships_2017_men_under-63kg,athlete_HO_CHIA-HSIN_TPE,2,silver,discipline=taekwondo;weight_class=under-63kg;event=Men -63 kg;country=TPE;source_url=https://web.worldtaekwondo.martial.services/competitions/2017-wtf-world-taekwondo-championships/medalists,2.0
world_taekwondo_championships_2017_men_under-63kg,athlete_MAMMADOV_Mahammad_AZE,3,bronze,discipline=taekwondo;weight_class=under-63kg;event=Men -63 kg;country=AZE;source_url=https://web.worldtaekwondo.martial.services/competitions/2017-wtf-world-taekwondo-championships/medalists,1.0
world_taekwondo_championships_2017_men_under-63kg,athlete_SINDEN_Bradly_GBR,3,bronze,discipline=taekwondo;weight_class=under-63kg;event=Men -63 kg;country=GBR;source_url=https://web.worldtaekwondo.martial.services/competitions/2017-wtf-world-taekwondo-championships/medalists,1.0
world_taekwondo_championships_2017_men_under-63kg,athlete_ZHAO_Shuai_CHN,1,gold,discipline=taekwondo;weight_class=under-63kg;event=Men -63 kg;country=CHN;source_url=https://web.worldtaekwondo.martial.services/competitions/2017-wtf-world-taekwondo-championships/medalists,3.0
world_taekwondo_championships_2017_men_under-68kg,athlete_ABUGHAUSH_Ahmad_JOR,3,bronze,discipline=taekwondo;weight_class=under-68kg;event=Men -68 kg;country=JOR;source_url=https://web.worldtaekwondo.martial.services/competitions/2017-wtf-world-taekwondo-championships/medalists,1.0
world_taekwondo_championships_2017_men_under-68kg,athlete_DAEHOON_LEE_KOR,1,gold,discipline=taekwondo;weight_class=under-68kg;event=Men -68 kg;country=KOR;source_url=https://web.worldtaekwondo.martial.services/competitions/2017-wtf-world-taekwondo-championships/medalists,3.0
world_taekwondo_championships_2017_men_under-68kg,athlete_DALAKLIEV_Vladimir_BUL,3,bronze,discipline=taekwondo;weight_class=under-68kg;event=Men -68 kg;country=BUL;source_url=https://web.worldtaekwondo.martial.services/competitions/2017-wtf-world-taekwondo-championships/medalists,1.0
world_taekwondo_championships_2017_men_under-68kg,athlete_HUANG_Yu-jen_TPE,2,silver,discipline=taekwondo;weight_class=under-68kg;event=Men -68 kg;country=TPE;source_url=https://web.worldtaekwondo.martial.services/competitions/2017-wtf-world-taekwondo-championships/medalists,2.0
world_taekwondo_championships_2017_men_under-74kg,athlete_MAKSIM_Khramtcov_RUS,1,gold,discipline=taekwondo;weight_class=under-74kg;event=Men -74 kg;country=RUS;source_url=https://web.worldtaekwondo.martial.services/competitions/2017-wtf-world-taekwondo-championships/medalists,3.0
world_taekwondo_championships_2017_men_under-74kg,athlete_RAFALOVICH_Nikita_UZB,2,silver,discipline=taekwondo;weight_class=under-74kg;event=Men -74 kg;country=UZB;source_url=https://web.worldtaekwondo.martial.services/competitions/2017-wtf-world-taekwondo-championships/medalists,2.0
world_taekwondo_championships_2017_men_under-74kg,athlete_SARYMSAKOV_Kairat_KAZ,3,bronze,discipline=taekwondo;weight_class=under-74kg;event=Men -74 kg;country=KAZ;source_url=https://web.worldtaekwondo.martial.services/competitions/2017-wtf-world-taekwondo-championships/medalists,1.0
world_taekwondo_championships_2017_men_under-80kg,athlete_BEIGI_HARCHEGANI_Milad_AZE,1,gold,discipline=taekwondo;weight_class=under-80kg;event=Men -80 kg;country=AZE;source_url=https://web.worldtaekwondo.martial.services/competitions/2017-wtf-world-taekwondo-championships/medalists,3.0
world_taekwondo_championships_2017_men_under-80kg,athlete_COOK_Aaron_MDA,3,bronze,discipline=taekwondo;weight_class=under-80kg;event=Men -80 kg;country=MDA;source_url=https://web.worldtaekwondo.martial.services/competitions/2017-wtf-world-taekwondo-championships/medalists,1.0
world_taekwondo_championships_2017_men_under-80kg,athlete_KOTKOV_Anton_RUS,2,silver,discipline=taekwondo;weight_class=under-80kg;event=Men -80 kg;country=RUS;source_url=https://web.worldtaekwondo.martial.services/competitions/2017-wtf-world-taekwondo-championships/medalists,2.0
world_taekwondo_championships_2017_men_under-80kg,athlete_SANSUM_Damon_GBR,3,bronze,discipline=taekwondo;weight_class=under-80kg;event=Men -80 kg;country=GBR;source_url=https://web.worldtaekwondo.martial.services/competitions/2017-wtf-world-taekwondo-championships/medalists,1.0
world_taekwondo_championships_2017_men_under-87kg,athlete_BACHMANN_Alexander_GER,1,gold,discipline=taekwondo;weight_class=under-87kg;event=Men -87 kg;country=GER;source_url=https://web.worldtaekwondo.martial.services/competitions/2017-wtf-world-taekwondo-championships/medalists,3.0
world_taekwondo_championships_2017_men_under-87kg,athlete_IN_KYO_DON_KOR,3,bronze,discipline=taekwondo;weight_class=under-87kg;event=Men -87 kg;country=KOR;source_url=https://web.worldtaekwondo.martial.services/competitions/2017-wtf-world-taekwondo-championships/medalists,1.0
world_taekwondo_championships_2017_men_under-87kg,athlete_TRAJKOVIC_Ivan_konrad_SLO,3,bronze,discipline=taekwondo;weight_class=under-87kg;event=Men -87 kg;country=SLO;source_url=https://web.worldtaekwondo.martial.services/competitions/2017-wtf-world-taekwondo-championships/medalists,1.0
world_taekwondo_championships_2017_men_under-87kg,athlete_VLADISLAV_LARIN_RUS,2,silver,discipline=taekwondo;weight_class=under-87kg;event=Men -87 kg;country=RUS;source_url=https://web.worldtaekwondo.martial.services/competitions/2017-wtf-world-taekwondo-championships/medalists,2.0
world_taekwondo_championships_2017_women_over-73kg,athlete_AN_Saebom_KOR,3,bronze,discipline=taekwondo;weight_class=over-73kg;event=Women +73 kg;country=KOR;source_url=https://web.worldtaekwondo.martial.services/competitions/2017-wtf-world-taekwondo-championships/medalists,1.0
world_taekwondo_championships_2017_women_over-73kg,athlete_COOK_Bianca_GBR,1,gold,discipline=taekwondo;weight_class=over-73kg;event=Women +73 kg;country=GBR;source_url=https://web.worldtaekwondo.martial.services/competitions/2017-wtf-world-taekwondo-championships/medalists,3.0
world_taekwondo_championships_2017_women_over-73kg,athlete_GALLOWAY_Jackie_USA,2,silver,discipline=taekwondo;weight_class=over-73kg;event=Women +73 kg;country=USA;source_url=https://web.worldtaekwondo.martial.services/competitions/2017-wtf-world-taekwondo-championships/medalists,2.0
world_taekwondo_championships_2017_women_over-73kg,athlete_ZHENG_Shuyin_CHN,3,bronze,discipline=taekwondo;weight_class=over-73kg;event=Women +73 kg;country=CHN;source_url=https://web.worldtaekwondo.martial.services/competitions/2017-wtf-world-taekwondo-championships/medalists,1.0
world_taekwondo_championships_2017_women_under-46kg,athlete_CHARANAWAT_Napaporn_THA,3,bronze,discipline=taekwondo;weight_class=under-46kg;event=Women -46 kg;country=THA;source_url=https://web.worldtaekwondo.martial.services/competitions/2017-wtf-world-taekwondo-championships/medalists,1.0
world_taekwondo_championships_2017_women_under-46kg,athlete_RAMIREZ_Andrea_COL,3,bronze,discipline=taekwondo;weight_class=under-46kg;event=Women -46 kg;country=COL;source_url=https://web.worldtaekwondo.martial.services/competitions/2017-wtf-world-taekwondo-championships/medalists,1.0
world_taekwondo_championships_2017_women_under-46kg,athlete_SIM_JAEYOUNG_KOR,1,gold,discipline=taekwondo;weight_class=under-46kg;event=Women -46 kg;country=KOR;source_url=https://web.worldtaekwondo.martial.services/competitions/2017-wtf-world-taekwondo-championships/medalists,3.0
world_taekwondo_championships_2017_women_under-46kg,athlete_TRUONG_Thi_kim_tuyen_VIE,2,silver,discipline=taekwondo;weight_class=under-46kg;event=Women -46 kg;country=VIE;source_url=https://web.worldtaekwondo.martial.services/competitions/2017-wtf-world-taekwondo-championships/medalists,2.0
world_taekwondo_championships_2017_women_under-49kg,athlete_STANKOVIC_Vanja_SRB,1,gold,discipline=taekwondo;weight_class=under-49kg;event=Women -49 kg;country=SRB;source_url=https://web.worldtaekwondo.martial.services/competitions/2017-wtf-world-taekwondo-championships/medalists,3.0
world_taekwondo_championships_2017_women_under-49kg,athlete_TOMIC_Kristina_CRO,3,bronze,discipline=taekwondo;weight_class=under-49kg;event=Women -49 kg;country=CRO;source_url=https://web.worldtaekwondo.martial.services/competitions/2017-wtf-world-taekwondo-championships/medalists,1.0
world_taekwondo_championships_2017_women_under-49kg,athlete_WENREN_Yuntao_CHN,3,bronze,discipline=taekwondo;weight_class=under-49kg;event=Women -49 kg;country=CHN;source_url=https://web.worldtaekwondo.martial.services/competitions/2017-wtf-world-taekwondo-championships/medalists,1.0
world_taekwondo_championships_2017_women_under-49kg,athlete_WONGPATTANAKIT_Panipak_THA,2,silver,discipline=taekwondo;weight_class=under-49kg;event=Women -49 kg;country=THA;source_url=https://web.worldtaekwondo.martial.services/competitions/2017-wtf-world-taekwondo-championships/medalists,2.0
world_taekwondo_championships_2017_women_under-53kg,athlete_AGRIS_Zeliha_TUR,1,gold,discipline=taekwondo;weight_class=under-53kg;event=Women -53 kg;country=TUR;source_url=https://web.worldtaekwondo.martial.services/competitions/2017-wtf-world-taekwondo-championships/medalists,3.0
world_taekwondo_championships_2017_women_under-53kg,athlete_MAMADIBRAGIMOVA_Dinorahon_UZB,3,bronze,discipline=taekwondo;weight_class=under-53kg;event=Women -53 kg;country=UZB;source_url=https://web.worldtaekwondo.martial.services/competitions/2017-wtf-world-taekwondo-championships/medalists,1.0
world_taekwondo_championships_2017_women_under-53kg,athlete_TARVIDA_Inese_LAT,3,bronze,discipline=taekwondo;weight_class=under-53kg;event=Women -53 kg;country=LAT;source_url=https://web.worldtaekwondo.martial.services/competitions/2017-wtf-world-taekwondo-championships/medalists,1.0
world_taekwondo_championships_2017_women_under-53kg,athlete_TATIANA_Minina_RUS,2,silver,discipline=taekwondo;weight_class=under-53kg;event=Women -53 kg;country=RUS;source_url=https://web.worldtaekwondo.martial.services/competitions/2017-wtf-world-taekwondo-championships/medalists,2.0
world_taekwondo_championships_2017_women_under-57kg,athlete_ILGUN_Hatice_kubra_TUR,2,silver,discipline=taekwondo;weight_class=under-57kg;event=Women -57 kg;country=TUR;source_url=https://web.worldtaekwondo.martial.services/competitions/2017-wtf-world-taekwondo-championships/medalists,2.0
world_taekwondo_championships_2017_women_under-57kg,athlete_JONES_Jade_GBR,3,bronze,discipline=taekwondo;weight_class=under-57kg;event=Women -57 kg;country=GBR;source_url=https://web.worldtaekwondo.martial.services/competitions/2017-wtf-world-taekwondo-championships/medalists,1.0
world_taekwondo_championships_2017_women_under-57kg,athlete_LEE_AHREUM_KOR,1,gold,discipline=taekwondo;weight_class=under-57kg;event=Women -57 kg;country=KOR;source_url=https://web.worldtaekwondo.martial.services/competitions/2017-wtf-world-taekwondo-championships/medalists,3.0
world_taekwondo_championships_2017_women_under-57kg,athlete_NIKITA_GLASNOVIC_CRO,3,bronze,discipline=taekwondo;weight_class=under-57kg;event=Women -57 kg;country=CRO;source_url=https://web.worldtaekwondo.martial.services/competitions/2017-wtf-world-taekwondo-championships/medalists,1.0
world_taekwondo_championships_2017_women_under-62kg,athlete_ALIZADEH_ZENOZI_Kimia_RTA,2,silver,discipline=taekwondo;weight_class=under-62kg;event=Women -62 kg;country=RTA;source_url=https://web.worldtaekwondo.martial.services/competitions/2017-wtf-world-taekwondo-championships/medalists,2.0
world_taekwondo_championships_2017_women_under-62kg,athlete_GBAGBI_Ruth_CIV,1,gold,discipline=taekwondo;weight_class=under-62kg;event=Women -62 kg;country=CIV;source_url=https://web.worldtaekwondo.martial.services/competitions/2017-wtf-world-taekwondo-championships/medalists,3.0
world_taekwondo_championships_2017_women_under-62kg,athlete_KIM_So-hee_KOR,3,bronze,discipline=taekwondo;weight_class=under-62kg;event=Women -62 kg;country=KOR;source_url=https://web.worldtaekwondo.martial.services/competitions/2017-wtf-world-taekwondo-championships/medalists,1.0
world_taekwondo_championships_2017_women_under-62kg,athlete_KUZMINA_Tatiana_RUS,3,bronze,discipline=taekwondo;weight_class=under-62kg;event=Women -62 kg;country=RUS;source_url=https://web.worldtaekwondo.martial.services/competitions/2017-wtf-world-taekwondo-championships/medalists,1.0
world_taekwondo_championships_2017_women_under-67kg,athlete_KIM_Jan-di_KOR,3,bronze,discipline=taekwondo;weight_class=under-67kg;event=Women -67 kg;country=KOR;source_url=https://web.worldtaekwondo.martial.services/competitions/2017-wtf-world-taekwondo-championships/medalists,1.0
world_taekwondo_championships_2017_women_under-67kg,athlete_MC_PHERSON_Paige_USA,2,silver,discipline=taekwondo;weight_class=under-67kg;event=Women -67 kg;country=USA;source_url=https://web.worldtaekwondo.martial.services/competitions/2017-wtf-world-taekwondo-championships/medalists,2.0
world_taekwondo_championships_2017_women_under-67kg,athlete_TATAR_Nur_TUR,1,gold,discipline=taekwondo;weight_class=under-67kg;event=Women -67 kg;country=TUR;source_url=https://web.worldtaekwondo.martial.services/competitions/2017-wtf-world-taekwondo-championships/medalists,3.0
world_taekwondo_championships_2017_women_under-67kg,athlete_ZHANG_Mengyu_CHN,3,bronze,discipline=taekwondo;weight_class=under-67kg;event=Women -67 kg;country=CHN;source_url=https://web.worldtaekwondo.martial.services/competitions/2017-wtf-world-taekwondo-championships/medalists,1.0
world_taekwondo_championships_2017_women_under-73kg,athlete_DURICIC_Milica_SRB,1,gold,discipline=taekwondo;weight_class=under-73kg;event=Women -73 kg;country=SRB;source_url=https://web.worldtaekwondo.martial.services/competitions/2017-wtf-world-taekwondo-championships/medalists,3.0
world_taekwondo_championships_2017_women_under-73kg,athlete_ESPINOZA_Maria_MEX,3,bronze,discipline=taekwondo;weight_class=under-73kg;event=Women -73 kg;country=MEX;source_url=https://web.worldtaekwondo.martial.services/competitions/2017-wtf-world-taekwondo-championships/medalists,1.0
world_taekwondo_championships_2017_women_under-73kg,athlete_HYERI_OH_KOR,2,silver,discipline=taekwondo;weight_class=under-73kg;event=Women -73 kg;country=KOR;source_url=https://web.worldtaekwondo.martial.services/competitions/2017-wtf-world-taekwondo-championships/medalists,2.0
world_taekwondo_championships_2017_women_under-73kg,athlete_RESHMIE_OOGINK_NED,3,bronze,discipline=taekwondo;weight_class=under-73kg;event=Women -73 kg;country=NED;source_url=https://web.worldtaekwondo.martial.services/competitions/2017-wtf-world-taekwondo-championships/medalists,1.0
world_taekwondo_championships_2019_men_over-87kg,athlete_ALBA_Rafael_CUB,1,gold,discipline=taekwondo;weight_class=over-87kg;event=Men +87 kg;country=CUB;source_url=https://web.worldtaekwondo.martial.services/competitions/manchester-2019-world-taekwondo-championships/medalists,3.0
world_taekwondo_championships_2019_men_over-87kg,athlete_KATTAN_Hamza_JOR,3,bronze,discipline=taekwondo;weight_class=over-87kg;event=Men +87 kg;country=JOR;source_url=https://web.worldtaekwondo.martial.services/competitions/manchester-2019-world-taekwondo-championships/medalists,1.0
world_taekwondo_championships_2019_men_over-87kg,athlete_SANSORES_Carlos_MEX,2,silver,discipline=taekwondo;weight_class=over-87kg;event=Men +87 kg;country=MEX;source_url=https://web.worldtaekwondo.martial.services/competitions/manchester-2019-world-taekwondo-championships/medalists,2.0
world_taekwondo_championships_2019_men_over-87kg,athlete_SIQUEIRA_Maicon_BRA,3,bronze,discipline=taekwondo;weight_class=over-87kg;event=Men +87 kg;country=BRA;source_url=https://web.worldtaekwondo.martial.services/competitions/manchester-2019-world-taekwondo-championships/medalists,1.0
world_taekwondo_championships_2019_men_under-54kg,athlete_BAE_Jun-seo_KOR,1,gold,discipline=taekwondo;weight_class=under-54kg;event=Men -54 kg;country=KOR;source_url=https://web.worldtaekwondo.martial.services/competitions/manchester-2019-world-taekwondo-championships/medalists,3.0
world_taekwondo_championships_2019_men_under-54kg,athlete_HADIPOUR_SEIGHALANI_Armin_IRI,3,bronze,discipline=taekwondo;weight_class=under-54kg;event=Men -54 kg;country=IRI;source_url=https://web.worldtaekwondo.martial.services/competitions/manchester-2019-world-taekwondo-championships/medalists,1.0
world_taekwondo_championships_2019_men_under-54kg,athlete_MELO_Paulo_BRA,3,bronze,discipline=taekwondo;weight_class=under-54kg;event=Men -54 kg;country=BRA;source_url=https://web.worldtaekwondo.martial.services/competitions/manchester-2019-world-taekwondo-championships/medalists,1.0
world_taekwondo_championships_2019_men_under-54kg,athlete_POPOV_Georgy_RUS,2,silver,discipline=taekwondo;weight_class=under-54kg;event=Men -54 kg;country=RUS;source_url=https://web.worldtaekwondo.martial.services/competitions/manchester-2019-world-taekwondo-championships/medalists,2.0
world_taekwondo_championships_2019_men_under-58kg,athlete_BRAGANCA_Rui_POR,3,bronze,discipline=taekwondo;weight_class=under-58kg;event=Men -58 kg;country=POR;source_url=https://web.worldtaekwondo.martial.services/competitions/manchester-2019-world-taekwondo-championships/medalists,1.0
world_taekwondo_championships_2019_men_under-58kg,athlete_GUZMAN_Lucas_ARG,3,bronze,discipline=taekwondo;weight_class=under-58kg;event=Men -58 kg;country=ARG;source_url=https://web.worldtaekwondo.martial.services/competitions/manchester-2019-world-taekwondo-championships/medalists,1.0
world_taekwondo_championships_2019_men_under-58kg,athlete_JANG_Jun_KOR,1,gold,discipline=taekwondo;weight_class=under-58kg;event=Men -58 kg;country=KOR;source_url=https://web.worldtaekwondo.martial.services/competitions/manchester-2019-world-taekwondo-championships/medalists,3.0
world_taekwondo_championships_2019_men_under-58kg,athlete_PLAZA_HERNANDEZ_BRANDON_MEX,2,silver,discipline=taekwondo;weight_class=under-58kg;event=Men -58 kg;country=MEX;source_url=https://web.worldtaekwondo.martial.services/competitions/manchester-2019-world-taekwondo-championships/medalists,2.0
world_taekwondo_championships_2019_men_under-68kg,athlete_DAEHOON_LEE_KOR,3,bronze,discipline=taekwondo;weight_class=under-68kg;event=Men -68 kg;country=KOR;source_url=https://web.worldtaekwondo.martial.services/competitions/manchester-2019-world-taekwondo-championships/medalists,1.0
world_taekwondo_championships_2019_men_under-68kg,athlete_DENISENKO_Alexey_RUS,3,bronze,discipline=taekwondo;weight_class=under-68kg;event=Men -68 kg;country=RUS;source_url=https://web.worldtaekwondo.martial.services/competitions/manchester-2019-world-taekwondo-championships/medalists,1.0
world_taekwondo_championships_2019_men_under-68kg,athlete_PEREZ_Javier_ESP,2,silver,discipline=taekwondo;weight_class=under-68kg;event=Men -68 kg;country=ESP;source_url=https://web.worldtaekwondo.martial.services/competitions/manchester-2019-world-taekwondo-championships/medalists,2.0
world_taekwondo_championships_2019_men_under-68kg,athlete_SINDEN_Bradly_GBR,1,gold,discipline=taekwondo;weight_class=under-68kg;event=Men -68 kg;country=GBR;source_url=https://web.worldtaekwondo.martial.services/competitions/manchester-2019-world-taekwondo-championships/medalists,3.0
world_taekwondo_championships_2019_men_under-74kg,athlete_ABUGHAUSH_Ahmad_JOR,2,silver,discipline=taekwondo;weight_class=under-74kg;event=Men -74 kg;country=JOR;source_url=https://web.worldtaekwondo.martial.services/competitions/manchester-2019-world-taekwondo-championships/medalists,2.0
world_taekwondo_championships_2019_men_under-74kg,athlete_ALESSIO_Simone_ITA,1,gold,discipline=taekwondo;weight_class=under-74kg;event=Men -74 kg;country=ITA;source_url=https://web.worldtaekwondo.martial.services/competitions/manchester-2019-world-taekwondo-championships/medalists,3.0
world_taekwondo_championships_2019_men_under-74kg,athlete_QUESADA_BARRERA_Daniel_ESP,3,bronze,discipline=taekwondo;weight_class=under-74kg;event=Men -74 kg;country=ESP;source_url=https://web.worldtaekwondo.martial.services/competitions/manchester-2019-world-taekwondo-championships/medalists,1.0
world_taekwondo_championships_2019_men_under-74kg,athlete_SARYMSAKOV_Kairat_KAZ,3,bronze,discipline=taekwondo;weight_class=under-74kg;event=Men -74 kg;country=KAZ;source_url=https://web.worldtaekwondo.martial.services/competitions/manchester-2019-world-taekwondo-championships/medalists,1.0
world_taekwondo_championships_2019_men_under-80kg,athlete_BEIGI_HARCHEGANI_Milad_AZE,1,gold,discipline=taekwondo;weight_class=under-80kg;event=Men -80 kg;country=AZE;source_url=https://web.worldtaekwondo.martial.services/competitions/manchester-2019-world-taekwondo-championships/medalists,3.0
world_taekwondo_championships_2019_men_under-80kg,athlete_HERNANDEZ_Moises_DOM,3,bronze,discipline=taekwondo;weight_class=under-80kg;event=Men -80 kg;country=DOM;source_url=https://web.worldtaekwondo.martial.services/competitions/manchester-2019-world-taekwondo-championships/medalists,1.0
world_taekwondo_championships_2019_men_under-80kg,athlete_PARK_Woo_hyeok_KOR,3,bronze,discipline=taekwondo;weight_class=under-80kg;event=Men -80 kg;country=KOR;source_url=https://web.worldtaekwondo.martial.services/competitions/manchester-2019-world-taekwondo-championships/medalists,1.0
world_taekwondo_championships_2019_men_under-80kg,athlete_TELIKOSTOGLOU_Apostolos_GRE,2,silver,discipline=taekwondo;weight_class=under-80kg;event=Men -80 kg;country=GRE;source_url=https://web.worldtaekwondo.martial.services/competitions/manchester-2019-world-taekwondo-championships/medalists,2.0
world_taekwondo_championships_2019_men_under-87kg,athlete_MARTINS_Icaro_Miguel_BRA,2,silver,discipline=taekwondo;weight_class=under-87kg;event=Men -87 kg;country=BRA;source_url=https://web.worldtaekwondo.martial.services/competitions/manchester-2019-world-taekwondo-championships/medalists,2.0
world_taekwondo_championships_2019_men_under-87kg,athlete_SAPINA_Ivan_CRO,3,bronze,discipline=taekwondo;weight_class=under-87kg;event=Men -87 kg;country=CRO;source_url=https://web.worldtaekwondo.martial.services/competitions/manchester-2019-world-taekwondo-championships/medalists,1.0
world_taekwondo_championships_2019_men_under-87kg,athlete_SONG_Zhaoxiang_CHN,3,bronze,discipline=taekwondo;weight_class=under-87kg;event=Men -87 kg;country=CHN;source_url=https://web.worldtaekwondo.martial.services/competitions/manchester-2019-world-taekwondo-championships/medalists,1.0
world_taekwondo_championships_2019_men_under-87kg,athlete_VLADISLAV_LARIN_RUS,1,gold,discipline=taekwondo;weight_class=under-87kg;event=Men -87 kg;country=RUS;source_url=https://web.worldtaekwondo.martial.services/competitions/manchester-2019-world-taekwondo-championships/medalists,3.0
world_taekwondo_championships_2019_women_over-73kg,athlete_ACOSTA_Briseida_MEX,3,bronze,discipline=taekwondo;weight_class=over-73kg;event=Women +73 kg;country=MEX;source_url=https://web.worldtaekwondo.martial.services/competitions/manchester-2019-world-taekwondo-championships/medalists,1.0
world_taekwondo_championships_2019_women_over-73kg,athlete_COOK_Bianca_GBR,1,gold,discipline=taekwondo;weight_class=over-73kg;event=Women +73 kg;country=GBR;source_url=https://web.worldtaekwondo.martial.services/competitions/manchester-2019-world-taekwondo-championships/medalists,3.0
world_taekwondo_championships_2019_women_over-73kg,athlete_POLE_Doris_CRO,3,bronze,discipline=taekwondo;weight_class=over-73kg;event=Women +73 kg;country=CRO;source_url=https://web.worldtaekwondo.martial.services/competitions/manchester-2019-world-taekwondo-championships/medalists,1.0
world_taekwondo_championships_2019_women_over-73kg,athlete_ZHENG_Shuyin_CHN,2,silver,discipline=taekwondo;weight_class=over-73kg;event=Women +73 kg;country=CHN;source_url=https://web.worldtaekwondo.martial.services/competitions/manchester-2019-world-taekwondo-championships/medalists,2.0
world_taekwondo_championships_2019_women_under-46kg,athlete_KHANTIKULANON_julanan_THA,3,bronze,discipline=taekwondo;weight_class=under-46kg;event=Women -46 kg;country=THA;source_url=https://web.worldtaekwondo.martial.services/competitions/manchester-2019-world-taekwondo-championships/medalists,1.0
world_taekwondo_championships_2019_women_under-46kg,athlete_MOMENZADEH_Mahla_IRI,2,silver,discipline=taekwondo;weight_class=under-46kg;event=Women -46 kg;country=IRI;source_url=https://web.worldtaekwondo.martial.services/competitions/manchester-2019-world-taekwondo-championships/medalists,2.0
world_taekwondo_championships_2019_women_under-46kg,athlete_SIM_JAEYOUNG_KOR,1,gold,discipline=taekwondo;weight_class=under-46kg;event=Women -46 kg;country=KOR;source_url=https://web.worldtaekwondo.martial.services/competitions/manchester-2019-world-taekwondo-championships/medalists,3.0
world_taekwondo_championships_2019_women_under-46kg,athlete_TAN_Xueqin_CHN,3,bronze,discipline=taekwondo;weight_class=under-46kg;event=Women -46 kg;country=CHN;source_url=https://web.worldtaekwondo.martial.services/competitions/manchester-2019-world-taekwondo-championships/medalists,1.0
world_taekwondo_championships_2019_women_under-49kg,athlete_JINGYU_WU_CHN,2,silver,discipline=taekwondo;weight_class=under-49kg;event=Women -49 kg;country=CHN;source_url=https://web.worldtaekwondo.martial.services/competitions/manchester-2019-world-taekwondo-championships/medalists,2.0
world_taekwondo_championships_2019_women_under-49kg,athlete_TOMIC_Kristina_CRO,3,bronze,discipline=taekwondo;weight_class=under-49kg;event=Women -49 kg;country=CRO;source_url=https://web.worldtaekwondo.martial.services/competitions/manchester-2019-world-taekwondo-championships/medalists,1.0
world_taekwondo_championships_2019_women_under-49kg,athlete_WONGPATTANAKIT_Panipak_THA,1,gold,discipline=taekwondo;weight_class=under-49kg;event=Women -49 kg;country=THA;source_url=https://web.worldtaekwondo.martial.services/competitions/manchester-2019-world-taekwondo-championships/medalists,3.0
world_taekwondo_championships_2019_women_under-49kg,athlete_YILDIRIM_Rukiye_TUR,3,bronze,discipline=taekwondo;weight_class=under-49kg;event=Women -49 kg;country=TUR;source_url=https://web.worldtaekwondo.martial.services/competitions/manchester-2019-world-taekwondo-championships/medalists,1.0
world_taekwondo_championships_2019_women_under-53kg,athlete_HARNSUJIN_Phannapa_THA,1,gold,discipline=taekwondo;weight_class=under-53kg;event=Women -53 kg;country=THA;source_url=https://web.worldtaekwondo.martial.services/competitions/manchester-2019-world-taekwondo-championships/medalists,3.0
world_taekwondo_championships_2019_women_under-53kg,athlete_POWELL_Aaliyah_GBR,3,bronze,discipline=taekwondo;weight_class=under-53kg;event=Women -53 kg;country=GBR;source_url=https://web.worldtaekwondo.martial.services/competitions/manchester-2019-world-taekwondo-championships/medalists,1.0
world_taekwondo_championships_2019_women_under-53kg,athlete_TARVIDA_Inese_LAT,3,bronze,discipline=taekwondo;weight_class=under-53kg;event=Women -53 kg;country=LAT;source_url=https://web.worldtaekwondo.martial.services/competitions/manchester-2019-world-taekwondo-championships/medalists,1.0
world_taekwondo_championships_2019_women_under-53kg,athlete_TATIANA_Minina_RUS,2,silver,discipline=taekwondo;weight_class=under-53kg;event=Women -53 kg;country=RUS;source_url=https://web.worldtaekwondo.martial.services/competitions/manchester-2019-world-taekwondo-championships/medalists,2.0
world_taekwondo_championships_2019_women_under-57kg,athlete_JONES_Jade_GBR,1,gold,discipline=taekwondo;weight_class=under-57kg;event=Women -57 kg;country=GBR;source_url=https://web.worldtaekwondo.martial.services/competitions/manchester-2019-world-taekwondo-championships/medalists,3.0
world_taekwondo_championships_2019_women_under-57kg,athlete_LEE_AHREUM_KOR,2,silver,discipline=taekwondo;weight_class=under-57kg;event=Women -57 kg;country=KOR;source_url=https://web.worldtaekwondo.martial.services/competitions/manchester-2019-world-taekwondo-championships/medalists,2.0
world_taekwondo_championships_2019_women_under-57kg,athlete_PARK_Skylar_CAN,3,bronze,discipline=taekwondo;weight_class=under-57kg;event=Women -57 kg;country=CAN;source_url=https://web.worldtaekwondo.martial.services/competitions/manchester-2019-world-taekwondo-championships/medalists,1.0
world_taekwondo_championships_2019_women_under-57kg,athlete_ZHOU_Lijun_CHN,3,bronze,discipline=taekwondo;weight_class=under-57kg;event=Women -57 kg;country=CHN;source_url=https://web.worldtaekwondo.martial.services/competitions/manchester-2019-world-taekwondo-championships/medalists,1.0
world_taekwondo_championships_2019_women_under-62kg,athlete_SANTOS_Caroline_BRA,2,silver,discipline=taekwondo;weight_class=under-62kg;event=Women -62 kg;country=BRA;source_url=https://web.worldtaekwondo.martial.services/competitions/manchester-2019-world-taekwondo-championships/medalists,2.0
world_taekwondo_championships_2019_women_under-62kg,athlete_VULETIC_Bruna_CRO,3,bronze,discipline=taekwondo;weight_class=under-62kg;event=Women -62 kg;country=CRO;source_url=https://web.worldtaekwondo.martial.services/competitions/manchester-2019-world-taekwondo-championships/medalists,1.0
world_taekwondo_championships_2019_women_under-62kg,athlete_WIET_HENIN_Magda_FRA,3,bronze,discipline=taekwondo;weight_class=under-62kg;event=Women -62 kg;country=FRA;source_url=https://web.worldtaekwondo.martial.services/competitions/manchester-2019-world-taekwondo-championships/medalists,1.0
world_taekwondo_championships_2019_women_under-62kg,athlete_YAMAN_Irem_TUR,1,gold,discipline=taekwondo;weight_class=under-62kg;event=Women -62 kg;country=TUR;source_url=https://web.worldtaekwondo.martial.services/competitions/manchester-2019-world-taekwondo-championships/medalists,3.0
world_taekwondo_championships_2019_women_under-67kg,athlete_AZIZOVA_Farida_AZE,3,bronze,discipline=taekwondo;weight_class=under-67kg;event=Women -67 kg;country=AZE;source_url=https://web.worldtaekwondo.martial.services/competitions/manchester-2019-world-taekwondo-championships/medalists,1.0
world_taekwondo_championships_2019_women_under-67kg,athlete_TATAR_Nur_TUR,2,silver,discipline=taekwondo;weight_class=under-67kg;event=Women -67 kg;country=TUR;source_url=https://web.worldtaekwondo.martial.services/competitions/manchester-2019-world-taekwondo-championships/medalists,2.0
world_taekwondo_championships_2019_women_under-67kg,athlete_TITONELI_Milena_BRA,3,bronze,discipline=taekwondo;weight_class=under-67kg;event=Women -67 kg;country=BRA;source_url=https://web.worldtaekwondo.martial.services/competitions/manchester-2019-world-taekwondo-championships/medalists,1.0
world_taekwondo_championships_2019_women_under-67kg,athlete_ZHANG_Mengyu_CHN,1,gold,discipline=taekwondo;weight_class=under-67kg;event=Women -67 kg;country=CHN;source_url=https://web.worldtaekwondo.martial.services/competitions/manchester-2019-world-taekwondo-championships/medalists,3.0
world_taekwondo_championships_2019_women_under-73kg,athlete_BLE_Marie_Paule_FRA,3,bronze,discipline=taekwondo;weight_class=under-73kg;event=Women -73 kg;country=FRA;source_url=https://web.worldtaekwondo.martial.services/competitions/manchester-2019-world-taekwondo-championships/medalists,1.0
world_taekwondo_championships_2019_women_under-73kg,athlete_ESPINOZA_Maria_MEX,2,silver,discipline=taekwondo;weight_class=under-73kg;event=Women -73 kg;country=MEX;source_url=https://web.worldtaekwondo.martial.services/competitions/manchester-2019-world-taekwondo-championships/medalists,2.0
world_taekwondo_championships_2019_women_under-73kg,athlete_KUS_AYDIN_Nafia_TUR,3,bronze,discipline=taekwondo;weight_class=under-73kg;event=Women -73 kg;country=TUR;source_url=https://web.worldtaekwondo.martial.services/competitions/manchester-2019-world-taekwondo-championships/medalists,1.0
world_taekwondo_championships_2019_women_under-73kg,athlete_LEE_Dabin_KOR,1,gold,discipline=taekwondo;weight_class=under-73kg;event=Women -73 kg;country=KOR;source_url=https://web.worldtaekwondo.martial.services/competitions/manchester-2019-world-taekwondo-championships/medalists,3.0
world_taekwondo_championships_2022_men_over-87kg,athlete_GARCIA_MARTINEZ_Ivan_ESP,2,silver,discipline=taekwondo;weight_class=over-87kg;event=Men +87 kg;country=ESP;source_url=https://web.worldtaekwondo.martial.services/competitions/guadalajara-2022-world-taekwondo-championships/medalists,2.0
world_taekwondo_championships_2022_men_over-87kg,athlete_MARDANI_Sajjad_IRI,3,bronze,discipline=taekwondo;weight_class=over-87kg;event=Men +87 kg;country=IRI;source_url=https://web.worldtaekwondo.martial.services/competitions/guadalajara-2022-world-taekwondo-championships/medalists,1.0
world_taekwondo_championships_2022_men_over-87kg,athlete_SANSORES_Carlos_MEX,1,gold,discipline=taekwondo;weight_class=over-87kg;event=Men +87 kg;country=MEX;source_url=https://web.worldtaekwondo.martial.services/competitions/guadalajara-2022-world-taekwondo-championships/medalists,3.0
world_taekwondo_championships_2022_men_over-87kg,athlete_SONG_Zhaoxiang_CHN,3,bronze,discipline=taekwondo;weight_class=over-87kg;event=Men +87 kg;country=CHN;source_url=https://web.worldtaekwondo.martial.services/competitions/guadalajara-2022-world-taekwondo-championships/medalists,1.0
world_taekwondo_championships_2022_men_under-54kg,athlete_BAE_Jun-seo_KOR,3,bronze,discipline=taekwondo;weight_class=under-54kg;event=Men -54 kg;country=KOR;source_url=https://web.worldtaekwondo.martial.services/competitions/guadalajara-2022-world-taekwondo-championships/medalists,1.0
world_taekwondo_championships_2022_men_under-54kg,athlete_CHEN_PO-YEN_TPE,3,bronze,discipline=taekwondo;weight_class=under-54kg;event=Men -54 kg;country=TPE;source_url=https://web.worldtaekwondo.martial.services/competitions/guadalajara-2022-world-taekwondo-championships/medalists,1.0
world_taekwondo_championships_2022_men_under-54kg,athlete_RODRIGUEZ_Cesar_MEX,2,silver,discipline=taekwondo;weight_class=under-54kg;event=Men -54 kg;country=MEX;source_url=https://web.worldtaekwondo.martial.services/competitions/guadalajara-2022-world-taekwondo-championships/medalists,2.0
world_taekwondo_championships_2022_men_under-54kg,athlete_SALIM_Omar_gergely_HUN,1,gold,discipline=taekwondo;weight_class=under-54kg;event=Men -54 kg;country=HUN;source_url=https://web.worldtaekwondo.martial.services/competitions/guadalajara-2022-world-taekwondo-championships/medalists,3.0
world_taekwondo_championships_2022_men_under-58kg,athlete_DELLAQUILA_Vito_ITA,1,gold,discipline=taekwondo;weight_class=under-58kg;event=Men -58 kg;country=ITA;source_url=https://web.worldtaekwondo.martial.services/competitions/guadalajara-2022-world-taekwondo-championships/medalists,3.0
world_taekwondo_championships_2022_men_under-58kg,athlete_JANG_Jun_KOR,2,silver,discipline=taekwondo;weight_class=under-58kg;event=Men -58 kg;country=KOR;source_url=https://web.worldtaekwondo.martial.services/competitions/guadalajara-2022-world-taekwondo-championships/medalists,2.0
world_taekwondo_championships_2022_men_under-58kg,athlete_JENDOUBI_Mohamed_Khalil_TUN,3,bronze,discipline=taekwondo;weight_class=under-58kg;event=Men -58 kg;country=TUN;source_url=https://web.worldtaekwondo.martial.services/competitions/guadalajara-2022-world-taekwondo-championships/medalists,1.0
world_taekwondo_championships_2022_men_under-58kg,athlete_PLAZA_HERNANDEZ_BRANDON_MEX,3,bronze,discipline=taekwondo;weight_class=under-58kg;event=Men -58 kg;country=MEX;source_url=https://web.worldtaekwondo.martial.services/competitions/guadalajara-2022-world-taekwondo-championships/medalists,1.0
world_taekwondo_championships_2022_men_under-63kg,athlete_ALHALAWANI_Zaid_JOR,3,bronze,discipline=taekwondo;weight_class=under-63kg;event=Men -63 kg;country=JOR;source_url=https://web.worldtaekwondo.martial.services/competitions/guadalajara-2022-world-taekwondo-championships/medalists,1.0
world_taekwondo_championships_2022_men_under-63kg,athlete_JORQUERA_CALA_Joan_ESP,3,bronze,discipline=taekwondo;weight_class=under-63kg;event=Men -63 kg;country=ESP;source_url=https://web.worldtaekwondo.martial.services/competitions/guadalajara-2022-world-taekwondo-championships/medalists,1.0
world_taekwondo_championships_2022_men_under-63kg,athlete_LIANG_Yushuai_CHN,1,gold,discipline=taekwondo;weight_class=under-63kg;event=Men -63 kg;country=CHN;source_url=https://web.worldtaekwondo.martial.services/competitions/guadalajara-2022-world-taekwondo-championships/medalists,3.0
world_taekwondo_championships_2022_men_under-63kg,athlete_PULATOV_Niyaz_UZB,2,silver,discipline=taekwondo;weight_class=under-63kg;event=Men -63 kg;country=UZB;source_url=https://web.worldtaekwondo.martial.services/competitions/guadalajara-2022-world-taekwondo-championships/medalists,2.0
world_taekwondo_championships_2022_men_under-68kg,athlete_AGHAYEV_Javad_AZE,3,bronze,discipline=taekwondo;weight_class=under-68kg;event=Men -68 kg;country=AZE;source_url=https://web.worldtaekwondo.martial.services/competitions/guadalajara-2022-world-taekwondo-championships/medalists,1.0
world_taekwondo_championships_2022_men_under-68kg,athlete_KALHOR_Reza_IRI,3,bronze,discipline=taekwondo;weight_class=under-68kg;event=Men -68 kg;country=IRI;source_url=https://web.worldtaekwondo.martial.services/competitions/guadalajara-2022-world-taekwondo-championships/medalists,1.0
world_taekwondo_championships_2022_men_under-68kg,athlete_KWON_Doyun_KOR,1,gold,discipline=taekwondo;weight_class=under-68kg;event=Men -68 kg;country=KOR;source_url=https://web.worldtaekwondo.martial.services/competitions/guadalajara-2022-world-taekwondo-championships/medalists,3.0
world_taekwondo_championships_2022_men_under-68kg,athlete_SINDEN_Bradly_GBR,2,silver,discipline=taekwondo;weight_class=under-68kg;event=Men -68 kg;country=GBR;source_url=https://web.worldtaekwondo.martial.services/competitions/guadalajara-2022-world-taekwondo-championships/medalists,2.0
world_taekwondo_championships_2022_men_under-74kg,athlete_KATOUSI_Firas_TUN,3,bronze,discipline=taekwondo;weight_class=under-74kg;event=Men -74 kg;country=TUN;source_url=https://web.worldtaekwondo.martial.services/competitions/guadalajara-2022-world-taekwondo-championships/medalists,1.0
world_taekwondo_championships_2022_men_under-74kg,athlete_PONTES_Edival_BRA,2,silver,discipline=taekwondo;weight_class=under-74kg;event=Men -74 kg;country=BRA;source_url=https://web.worldtaekwondo.martial.services/competitions/guadalajara-2022-world-taekwondo-championships/medalists,2.0
world_taekwondo_championships_2022_men_under-74kg,athlete_QUESADA_BARRERA_Daniel_ESP,1,gold,discipline=taekwondo;weight_class=under-74kg;event=Men -74 kg;country=ESP;source_url=https://web.worldtaekwondo.martial.services/competitions/guadalajara-2022-world-taekwondo-championships/medalists,3.0
world_taekwondo_championships_2022_men_under-74kg,athlete_TAKOV_Stefan_SRB,3,bronze,discipline=taekwondo;weight_class=under-74kg;event=Men -74 kg;country=SRB;source_url=https://web.worldtaekwondo.martial.services/competitions/guadalajara-2022-world-taekwondo-championships/medalists,1.0
world_taekwondo_championships_2022_men_under-80kg,athlete_BARKHORDARI_Mehran_IRI,3,bronze,discipline=taekwondo;weight_class=under-80kg;event=Men -80 kg;country=IRI;source_url=https://web.worldtaekwondo.martial.services/competitions/guadalajara-2022-world-taekwondo-championships/medalists,1.0
world_taekwondo_championships_2022_men_under-80kg,athlete_CINTADO_ARTECHE_Jon_ESP,2,silver,discipline=taekwondo;weight_class=under-80kg;event=Men -80 kg;country=ESP;source_url=https://web.worldtaekwondo.martial.services/competitions/guadalajara-2022-world-taekwondo-championships/medalists,2.0
world_taekwondo_championships_2022_men_under-80kg,athlete_EISSA_Seif_EGY,3,bronze,discipline=taekwondo;weight_class=under-80kg;event=Men -80 kg;country=EGY;source_url=https://web.worldtaekwondo.martial.services/competitions/guadalajara-2022-world-taekwondo-championships/medalists,1.0
world_taekwondo_championships_2022_men_under-80kg,athlete_PARK_Woo_hyeok_KOR,1,gold,discipline=taekwondo;weight_class=under-80kg;event=Men -80 kg;country=KOR;source_url=https://web.worldtaekwondo.martial.services/competitions/guadalajara-2022-world-taekwondo-championships/medalists,3.0
world_taekwondo_championships_2022_men_under-87kg,athlete_KHODABAKHSHI_Mahdi_SRB,1,gold,discipline=taekwondo;weight_class=under-87kg;event=Men -87 kg;country=SRB;source_url=https://web.worldtaekwondo.martial.services/competitions/guadalajara-2022-world-taekwondo-championships/medalists,3.0
world_taekwondo_championships_2022_men_under-87kg,athlete_MENG_Mingkuan_CHN,2,silver,discipline=taekwondo;weight_class=under-87kg;event=Men -87 kg;country=CHN;source_url=https://web.worldtaekwondo.martial.services/competitions/guadalajara-2022-world-taekwondo-championships/medalists,2.0
world_taekwondo_championships_2022_men_under-87kg,athlete_RAFALOVICH_Nikita_UZB,3,bronze,discipline=taekwondo;weight_class=under-87kg;event=Men -87 kg;country=UZB;source_url=https://web.worldtaekwondo.martial.services/competitions/guadalajara-2022-world-taekwondo-championships/medalists,1.0
world_taekwondo_championships_2022_men_under-87kg,athlete_SALAZAR_Bryan_MEX,3,bronze,discipline=taekwondo;weight_class=under-87kg;event=Men -87 kg;country=MEX;source_url=https://web.worldtaekwondo.martial.services/competitions/guadalajara-2022-world-taekwondo-championships/medalists,1.0
world_taekwondo_championships_2022_women_over-73kg,athlete_AZRAN_Dana_ISR,2,silver,discipline=taekwondo;weight_class=over-73kg;event=Women +73 kg;country=ISR;source_url=https://web.worldtaekwondo.martial.services/competitions/guadalajara-2022-world-taekwondo-championships/medalists,2.0
world_taekwondo_championships_2022_women_over-73kg,athlete_BRANDL_Lorena_GER,3,bronze,discipline=taekwondo;weight_class=over-73kg;event=Women +73 kg;country=GER;source_url=https://web.worldtaekwondo.martial.services/competitions/guadalajara-2022-world-taekwondo-championships/medalists,1.0
world_taekwondo_championships_2022_women_over-73kg,athlete_JAHL_Marlene_AUT,3,bronze,discipline=taekwondo;weight_class=over-73kg;event=Women +73 kg;country=AUT;source_url=https://web.worldtaekwondo.martial.services/competitions/guadalajara-2022-world-taekwondo-championships/medalists,1.0
world_taekwondo_championships_2022_women_over-73kg,athlete_OSIPOVA_Svetlana_UZB,1,gold,discipline=taekwondo;weight_class=over-73kg;event=Women +73 kg;country=UZB;source_url=https://web.worldtaekwondo.martial.services/competitions/guadalajara-2022-world-taekwondo-championships/medalists,3.0
world_taekwondo_championships_2022_women_under-46kg,athlete_HUANG_Ying_hsuan_TPE,3,bronze,discipline=taekwondo;weight_class=under-46kg;event=Women -46 kg;country=TPE;source_url=https://web.worldtaekwondo.martial.services/competitions/guadalajara-2022-world-taekwondo-championships/medalists,1.0
world_taekwondo_championships_2022_women_under-46kg,athlete_RAMIREZ_Andrea_COL,3,bronze,discipline=taekwondo;weight_class=under-46kg;event=Women -46 kg;country=COL;source_url=https://web.worldtaekwondo.martial.services/competitions/guadalajara-2022-world-taekwondo-championships/medalists,1.0
world_taekwondo_championships_2022_women_under-46kg,athlete_STOJKOVIC_Lena_CRO,1,gold,discipline=taekwondo;weight_class=under-46kg;event=Women -46 kg;country=CRO;source_url=https://web.worldtaekwondo.martial.services/competitions/guadalajara-2022-world-taekwondo-championships/medalists,3.0
world_taekwondo_championships_2022_women_under-46kg,athlete_YILDIRIM_Rukiye_TUR,2,silver,discipline=taekwondo;weight_class=under-46kg;event=Women -46 kg;country=TUR;source_url=https://web.worldtaekwondo.martial.services/competitions/guadalajara-2022-world-taekwondo-championships/medalists,2.0
world_taekwondo_championships_2022_women_under-49kg,athlete_ABUTALEB_Dunya_Ali_M_KSA,3,bronze,discipline=taekwondo;weight_class=under-49kg;event=Women -49 kg;country=KSA;source_url=https://web.worldtaekwondo.martial.services/competitions/guadalajara-2022-world-taekwondo-championships/medalists,1.0
world_taekwondo_championships_2022_women_under-49kg,athlete_GUO_Qing_CHN,2,silver,discipline=taekwondo;weight_class=under-49kg;event=Women -49 kg;country=CHN;source_url=https://web.worldtaekwondo.martial.services/competitions/guadalajara-2022-world-taekwondo-championships/medalists,2.0
world_taekwondo_championships_2022_women_under-49kg,athlete_SOUZA_Daniela_Paola_MEX,1,gold,discipline=taekwondo;weight_class=under-49kg;event=Women -49 kg;country=MEX;source_url=https://web.worldtaekwondo.martial.services/competitions/guadalajara-2022-world-taekwondo-championships/medalists,3.0
world_taekwondo_championships_2022_women_under-49kg,athlete_WONGPATTANAKIT_Panipak_THA,3,bronze,discipline=taekwondo;weight_class=under-49kg;event=Women -49 kg;country=THA;source_url=https://web.worldtaekwondo.martial.services/competitions/guadalajara-2022-world-taekwondo-championships/medalists,1.0
world_taekwondo_championships_2022_women_under-53kg,athlete_BOGDANOVIC_Tijana_SRB,3,bronze,discipline=taekwondo;weight_class=under-53kg;event=Women -53 kg;country=SRB;source_url=https://web.worldtaekwondo.martial.services/competitions/guadalajara-2022-world-taekwondo-championships/medalists,1.0
world_taekwondo_championships_2022_women_under-53kg,athlete_DUVANCIC_IVANA_CRO,3,bronze,discipline=taekwondo;weight_class=under-53kg;event=Women -53 kg;country=CRO;source_url=https://web.worldtaekwondo.martial.services/competitions/guadalajara-2022-world-taekwondo-championships/medalists,1.0
world_taekwondo_championships_2022_women_under-53kg,athlete_GREENWOOD_Makayla_USA,1,gold,discipline=taekwondo;weight_class=under-53kg;event=Women -53 kg;country=USA;source_url=https://web.worldtaekwondo.martial.services/competitions/guadalajara-2022-world-taekwondo-championships/medalists,3.0
world_taekwondo_championships_2022_women_under-53kg,athlete_ZUO_JU_CHN,2,silver,discipline=taekwondo;weight_class=under-53kg;event=Women -53 kg;country=CHN;source_url=https://web.worldtaekwondo.martial.services/competitions/guadalajara-2022-world-taekwondo-championships/medalists,2.0
world_taekwondo_championships_2022_women_under-57kg,athlete_ILGUN_Hatice_kubra_TUR,3,bronze,discipline=taekwondo;weight_class=under-57kg;event=Women -57 kg;country=TUR;source_url=https://web.worldtaekwondo.martial.services/competitions/guadalajara-2022-world-taekwondo-championships/medalists,1.0
world_taekwondo_championships_2022_women_under-57kg,athlete_JONES_Jade_GBR,3,bronze,discipline=taekwondo;weight_class=under-57kg;event=Women -57 kg;country=GBR;source_url=https://web.worldtaekwondo.martial.services/competitions/guadalajara-2022-world-taekwondo-championships/medalists,1.0
world_taekwondo_championships_2022_women_under-57kg,athlete_LO_Chia-ling_TPE,2,silver,discipline=taekwondo;weight_class=under-57kg;event=Women -57 kg;country=TPE;source_url=https://web.worldtaekwondo.martial.services/competitions/guadalajara-2022-world-taekwondo-championships/medalists,2.0
world_taekwondo_championships_2022_women_under-57kg,athlete_LUO_Zongshi_CHN,1,gold,discipline=taekwondo;weight_class=under-57kg;event=Women -57 kg;country=CHN;source_url=https://web.worldtaekwondo.martial.services/competitions/guadalajara-2022-world-taekwondo-championships/medalists,3.0
world_taekwondo_championships_2022_women_under-62kg,athlete_CHAARI_Sarah_BEL,1,gold,discipline=taekwondo;weight_class=under-62kg;event=Women -62 kg;country=BEL;source_url=https://web.worldtaekwondo.martial.services/competitions/guadalajara-2022-world-taekwondo-championships/medalists,3.0
world_taekwondo_championships_2022_women_under-62kg,athlete_POWELL_Aaliyah_GBR,3,bronze,discipline=taekwondo;weight_class=under-62kg;event=Women -62 kg;country=GBR;source_url=https://web.worldtaekwondo.martial.services/competitions/guadalajara-2022-world-taekwondo-championships/medalists,1.0
world_taekwondo_championships_2022_women_under-62kg,athlete_SADIKOVA_Feruza_UZB,3,bronze,discipline=taekwondo;weight_class=under-62kg;event=Women -62 kg;country=UZB;source_url=https://web.worldtaekwondo.martial.services/competitions/guadalajara-2022-world-taekwondo-championships/medalists,1.0
world_taekwondo_championships_2022_women_under-62kg,athlete_SARVANAKI_Theopoula_GRE,2,silver,discipline=taekwondo;weight_class=under-62kg;event=Women -62 kg;country=GRE;source_url=https://web.worldtaekwondo.martial.services/competitions/guadalajara-2022-world-taekwondo-championships/medalists,2.0
world_taekwondo_championships_2022_women_under-67kg,athlete_CASTRO_BURGOS_Cecilia_ESP,3,bronze,discipline=taekwondo;weight_class=under-67kg;event=Women -67 kg;country=ESP;source_url=https://web.worldtaekwondo.martial.services/competitions/guadalajara-2022-world-taekwondo-championships/medalists,1.0
world_taekwondo_championships_2022_women_under-67kg,athlete_PERISIC_Aleksandra_SRB,2,silver,discipline=taekwondo;weight_class=under-67kg;event=Women -67 kg;country=SRB;source_url=https://web.worldtaekwondo.martial.services/competitions/guadalajara-2022-world-taekwondo-championships/medalists,2.0
world_taekwondo_championships_2022_women_under-67kg,athlete_SOLTERO_Leslie_MEX,1,gold,discipline=taekwondo;weight_class=under-67kg;event=Women -67 kg;country=MEX;source_url=https://web.worldtaekwondo.martial.services/competitions/guadalajara-2022-world-taekwondo-championships/medalists,3.0
world_taekwondo_championships_2022_women_under-67kg,athlete_TITONELI_Milena_BRA,3,bronze,discipline=taekwondo;weight_class=under-67kg;event=Women -67 kg;country=BRA;source_url=https://web.worldtaekwondo.martial.services/competitions/guadalajara-2022-world-taekwondo-championships/medalists,1.0
world_taekwondo_championships_2022_women_under-73kg,athlete_BOZANIC_Nadica_SRB,1,gold,discipline=taekwondo;weight_class=under-73kg;event=Women -73 kg;country=SRB;source_url=https://web.worldtaekwondo.martial.services/competitions/guadalajara-2022-world-taekwondo-championships/medalists,3.0
world_taekwondo_championships_2022_women_under-73kg,athlete_LEE_Dabin_KOR,2,silver,discipline=taekwondo;weight_class=under-73kg;event=Women -73 kg;country=KOR;source_url=https://web.worldtaekwondo.martial.services/competitions/guadalajara-2022-world-taekwondo-championships/medalists,2.0
world_taekwondo_championships_2022_women_under-73kg,athlete_MCGOWAN_Rebecca_GBR,3,bronze,discipline=taekwondo;weight_class=under-73kg;event=Women -73 kg;country=GBR;source_url=https://web.worldtaekwondo.martial.services/competitions/guadalajara-2022-world-taekwondo-championships/medalists,1.0
world_taekwondo_championships_2022_women_under-73kg,athlete_WEEKES_Crystal_PUR,3,bronze,discipline=taekwondo;weight_class=under-73kg;event=Women -73 kg;country=PUR;source_url=https://web.worldtaekwondo.martial.services/competitions/guadalajara-2022-world-taekwondo-championships/medalists,1.0
world_taekwondo_championships_2023_men_over-87kg,athlete_ATESLI_Emre_kutalmis_TUR,3,bronze,discipline=taekwondo;weight_class=over-87kg;event=Men +87 kg;country=TUR;source_url=https://web.worldtaekwondo.martial.services/competitions/baku-2023-world-taekwondo-championships/medalists,1.0
world_taekwondo_championships_2023_men_over-87kg,athlete_BOZIC_Pasko_CRO,3,bronze,discipline=taekwondo;weight_class=over-87kg;event=Men +87 kg;country=CRO;source_url=https://web.worldtaekwondo.martial.services/competitions/baku-2023-world-taekwondo-championships/medalists,1.0
world_taekwondo_championships_2023_men_over-87kg,athlete_CISSE_Cheick_Sallah_CIV,1,gold,discipline=taekwondo;weight_class=over-87kg;event=Men +87 kg;country=CIV;source_url=https://web.worldtaekwondo.martial.services/competitions/baku-2023-world-taekwondo-championships/medalists,3.0
world_taekwondo_championships_2023_men_over-87kg,athlete_SANSORES_Carlos_MEX,2,silver,discipline=taekwondo;weight_class=over-87kg;event=Men +87 kg;country=MEX;source_url=https://web.worldtaekwondo.martial.services/competitions/baku-2023-world-taekwondo-championships/medalists,2.0
world_taekwondo_championships_2023_men_under-54kg,athlete_ARILLO_VAZQUEZ_Hugo_ESP,2,silver,discipline=taekwondo;weight_class=under-54kg;event=Men -54 kg;country=ESP;source_url=https://web.worldtaekwondo.martial.services/competitions/baku-2023-world-taekwondo-championships/medalists,2.0
world_taekwondo_championships_2023_men_under-54kg,athlete_OTAJONOV_Omonjon_UZB,3,bronze,discipline=taekwondo;weight_class=under-54kg;event=Men -54 kg;country=UZB;source_url=https://web.worldtaekwondo.martial.services/competitions/baku-2023-world-taekwondo-championships/medalists,1.0
world_taekwondo_championships_2023_men_under-54kg,athlete_PARK_Tae-joon_KOR,1,gold,discipline=taekwondo;weight_class=under-54kg;event=Men -54 kg;country=KOR;source_url=https://web.worldtaekwondo.martial.services/competitions/baku-2023-world-taekwondo-championships/medalists,3.0
world_taekwondo_championships_2023_men_under-54kg,athlete_POLAT_Gorkem_TUR,3,bronze,discipline=taekwondo;weight_class=under-54kg;event=Men -54 kg;country=TUR;source_url=https://web.worldtaekwondo.martial.services/competitions/baku-2023-world-taekwondo-championships/medalists,1.0
world_taekwondo_championships_2023_men_under-58kg,athlete_ALTARYREH_Mahmoud_JOR,3,bronze,discipline=taekwondo;weight_class=under-58kg;event=Men -58 kg;country=JOR;source_url=https://web.worldtaekwondo.martial.services/competitions/baku-2023-world-taekwondo-championships/medalists,1.0
world_taekwondo_championships_2023_men_under-58kg,athlete_BAE_Jun-seo_KOR,1,gold,discipline=taekwondo;weight_class=under-58kg;event=Men -58 kg;country=KOR;source_url=https://web.worldtaekwondo.martial.services/competitions/baku-2023-world-taekwondo-championships/medalists,3.0
world_taekwondo_championships_2023_men_under-58kg,athlete_GURTSIEV_Georgii_AIN,2,silver,discipline=taekwondo;weight_class=under-58kg;event=Men -58 kg;country=AIN;source_url=https://web.worldtaekwondo.martial.services/competitions/baku-2023-world-taekwondo-championships/medalists,2.0
world_taekwondo_championships_2023_men_under-58kg,athlete_VICENTE_YUNTA_Adrian_ESP,3,bronze,discipline=taekwondo;weight_class=under-58kg;event=Men -58 kg;country=ESP;source_url=https://web.worldtaekwondo.martial.services/competitions/baku-2023-world-taekwondo-championships/medalists,1.0
world_taekwondo_championships_2023_men_under-63kg,athlete_JORQUERA_CALA_Joan_ESP,3,bronze,discipline=taekwondo;weight_class=under-63kg;event=Men -63 kg;country=ESP;source_url=https://web.worldtaekwondo.martial.services/competitions/baku-2023-world-taekwondo-championships/medalists,1.0
world_taekwondo_championships_2023_men_under-63kg,athlete_NAVARRO_Carlos_MEX,3,bronze,discipline=taekwondo;weight_class=under-63kg;event=Men -63 kg;country=MEX;source_url=https://web.worldtaekwondo.martial.services/competitions/baku-2023-world-taekwondo-championships/medalists,1.0
world_taekwondo_championships_2023_men_under-63kg,athlete_RECBER_Hakan_TUR,1,gold,discipline=taekwondo;weight_class=under-63kg;event=Men -63 kg;country=TUR;source_url=https://web.worldtaekwondo.martial.services/competitions/baku-2023-world-taekwondo-championships/medalists,3.0
world_taekwondo_championships_2023_men_under-63kg,athlete_TUBTIMDANG_Banlung_THA,2,silver,discipline=taekwondo;weight_class=under-63kg;event=Men -63 kg;country=THA;source_url=https://web.worldtaekwondo.martial.services/competitions/baku-2023-world-taekwondo-championships/medalists,2.0
world_taekwondo_championships_2023_men_under-68kg,athlete_JIN_Ho-Jun_KOR,2,silver,discipline=taekwondo;weight_class=under-68kg;event=Men -68 kg;country=KOR;source_url=https://web.worldtaekwondo.martial.services/competitions/baku-2023-world-taekwondo-championships/medalists,2.0
world_taekwondo_championships_2023_men_under-68kg,athlete_RASHITOV_Ulugbek_UZB,3,bronze,discipline=taekwondo;weight_class=under-68kg;event=Men -68 kg;country=UZB;source_url=https://web.worldtaekwondo.martial.services/competitions/baku-2023-world-taekwondo-championships/medalists,1.0
world_taekwondo_championships_2023_men_under-68kg,athlete_REZAEI_Matin_IRI,3,bronze,discipline=taekwondo;weight_class=under-68kg;event=Men -68 kg;country=IRI;source_url=https://web.worldtaekwondo.martial.services/competitions/baku-2023-world-taekwondo-championships/medalists,1.0
world_taekwondo_championships_2023_men_under-68kg,athlete_SINDEN_Bradly_GBR,1,gold,discipline=taekwondo;weight_class=under-68kg;event=Men -68 kg;country=GBR;source_url=https://web.worldtaekwondo.martial.services/competitions/baku-2023-world-taekwondo-championships/medalists,3.0
world_taekwondo_championships_2023_men_under-74kg,athlete_DAUROV_Kadyrbech_AIN,3,bronze,discipline=taekwondo;weight_class=under-74kg;event=Men -74 kg;country=AIN;source_url=https://web.worldtaekwondo.martial.services/competitions/baku-2023-world-taekwondo-championships/medalists,1.0
world_taekwondo_championships_2023_men_under-74kg,athlete_GOLUBIC_Marko_CRO,1,gold,discipline=taekwondo;weight_class=under-74kg;event=Men -74 kg;country=CRO;source_url=https://web.worldtaekwondo.martial.services/competitions/baku-2023-world-taekwondo-championships/medalists,3.0
world_taekwondo_championships_2023_men_under-74kg,athlete_SEJRANOVIC_Leon_AUS,3,bronze,discipline=taekwondo;weight_class=under-74kg;event=Men -74 kg;country=AUS;source_url=https://web.worldtaekwondo.martial.services/competitions/baku-2023-world-taekwondo-championships/medalists,1.0
world_taekwondo_championships_2023_men_under-74kg,athlete_TAKOV_Stefan_SRB,2,silver,discipline=taekwondo;weight_class=under-74kg;event=Men -74 kg;country=SRB;source_url=https://web.worldtaekwondo.martial.services/competitions/baku-2023-world-taekwondo-championships/medalists,2.0
world_taekwondo_championships_2023_men_under-80kg,athlete_ALESSIO_Simone_ITA,1,gold,discipline=taekwondo;weight_class=under-80kg;event=Men -80 kg;country=ITA;source_url=https://web.worldtaekwondo.martial.services/competitions/baku-2023-world-taekwondo-championships/medalists,3.0
world_taekwondo_championships_2023_men_under-80kg,athlete_EISSA_Seif_EGY,3,bronze,discipline=taekwondo;weight_class=under-80kg;event=Men -80 kg;country=EGY;source_url=https://web.worldtaekwondo.martial.services/competitions/baku-2023-world-taekwondo-championships/medalists,1.0
world_taekwondo_championships_2023_men_under-80kg,athlete_NICKOLAS_Cj_USA,2,silver,discipline=taekwondo;weight_class=under-80kg;event=Men -80 kg;country=USA;source_url=https://web.worldtaekwondo.martial.services/competitions/baku-2023-world-taekwondo-championships/medalists,2.0
world_taekwondo_championships_2023_men_under-80kg,athlete_TREJOS_Miguel_Angel_COL,3,bronze,discipline=taekwondo;weight_class=under-80kg;event=Men -80 kg;country=COL;source_url=https://web.worldtaekwondo.martial.services/competitions/baku-2023-world-taekwondo-championships/medalists,1.0
world_taekwondo_championships_2023_men_under-87kg,athlete_KANG_Sanghyun_KOR,1,gold,discipline=taekwondo;weight_class=under-87kg;event=Men -87 kg;country=KOR;source_url=https://web.worldtaekwondo.martial.services/competitions/baku-2023-world-taekwondo-championships/medalists,3.0
world_taekwondo_championships_2023_men_under-87kg,athlete_PLONIS_Artsiom_AIN,3,bronze,discipline=taekwondo;weight_class=under-87kg;event=Men -87 kg;country=AIN;source_url=https://web.worldtaekwondo.martial.services/competitions/baku-2023-world-taekwondo-championships/medalists,1.0
world_taekwondo_championships_2023_men_under-87kg,athlete_SALIMI_Arian_IRI,3,bronze,discipline=taekwondo;weight_class=under-87kg;event=Men -87 kg;country=IRI;source_url=https://web.worldtaekwondo.martial.services/competitions/baku-2023-world-taekwondo-championships/medalists,1.0
world_taekwondo_championships_2023_men_under-87kg,athlete_SAPINA_Ivan_CRO,2,silver,discipline=taekwondo;weight_class=under-87kg;event=Men -87 kg;country=CRO;source_url=https://web.worldtaekwondo.martial.services/competitions/baku-2023-world-taekwondo-championships/medalists,2.0
world_taekwondo_championships_2023_women_over-73kg,athlete_ADEBAIO_Kristina_AIN,3,bronze,discipline=taekwondo;weight_class=over-73kg;event=Women +73 kg;country=AIN;source_url=https://web.worldtaekwondo.martial.services/competitions/baku-2023-world-taekwondo-championships/medalists,1.0
world_taekwondo_championships_2023_women_over-73kg,athlete_COOK_Bianca_GBR,3,bronze,discipline=taekwondo;weight_class=over-73kg;event=Women +73 kg;country=GBR;source_url=https://web.worldtaekwondo.martial.services/competitions/baku-2023-world-taekwondo-championships/medalists,1.0
world_taekwondo_championships_2023_women_over-73kg,athlete_KUS_AYDIN_Nafia_TUR,1,gold,discipline=taekwondo;weight_class=over-73kg;event=Women +73 kg;country=TUR;source_url=https://web.worldtaekwondo.martial.services/competitions/baku-2023-world-taekwondo-championships/medalists,3.0
world_taekwondo_championships_2023_women_over-73kg,athlete_OSIPOVA_Svetlana_UZB,2,silver,discipline=taekwondo;weight_class=over-73kg;event=Women +73 kg;country=UZB;source_url=https://web.worldtaekwondo.martial.services/competitions/baku-2023-world-taekwondo-championships/medalists,2.0
world_taekwondo_championships_2023_women_under-46kg,athlete_OKAMOTO_Ruka_JPN,3,bronze,discipline=taekwondo;weight_class=under-46kg;event=Women -46 kg;country=JPN;source_url=https://web.worldtaekwondo.martial.services/competitions/baku-2023-world-taekwondo-championships/medalists,1.0
world_taekwondo_championships_2023_women_under-46kg,athlete_SEEKEN_Kamonchanok_THA,2,silver,discipline=taekwondo;weight_class=under-46kg;event=Women -46 kg;country=THA;source_url=https://web.worldtaekwondo.martial.services/competitions/baku-2023-world-taekwondo-championships/medalists,2.0
world_taekwondo_championships_2023_women_under-46kg,athlete_STOJKOVIC_Lena_CRO,1,gold,discipline=taekwondo;weight_class=under-46kg;event=Women -46 kg;country=CRO;source_url=https://web.worldtaekwondo.martial.services/competitions/baku-2023-world-taekwondo-championships/medalists,3.0
world_taekwondo_championships_2023_women_under-46kg,athlete_WANG_Xiaolu_CHN,3,bronze,discipline=taekwondo;weight_class=under-46kg;event=Women -46 kg;country=CHN;source_url=https://web.worldtaekwondo.martial.services/competitions/baku-2023-world-taekwondo-championships/medalists,1.0
world_taekwondo_championships_2023_women_under-49kg,athlete_CEREZO_IGLESIAS_Adriana_ESP,3,bronze,discipline=taekwondo;weight_class=under-49kg;event=Women -49 kg;country=ESP;source_url=https://web.worldtaekwondo.martial.services/competitions/baku-2023-world-taekwondo-championships/medalists,1.0
world_taekwondo_championships_2023_women_under-49kg,athlete_DINCEL_KAVURAT_Merve_TUR,1,gold,discipline=taekwondo;weight_class=under-49kg;event=Women -49 kg;country=TUR;source_url=https://web.worldtaekwondo.martial.services/competitions/baku-2023-world-taekwondo-championships/medalists,3.0
world_taekwondo_championships_2023_women_under-49kg,athlete_DUVANCIC_Bruna_CRO,3,bronze,discipline=taekwondo;weight_class=under-49kg;event=Women -49 kg;country=CRO;source_url=https://web.worldtaekwondo.martial.services/competitions/baku-2023-world-taekwondo-championships/medalists,1.0
world_taekwondo_championships_2023_women_under-49kg,athlete_WONGPATTANAKIT_Panipak_THA,2,silver,discipline=taekwondo;weight_class=under-49kg;event=Women -49 kg;country=THA;source_url=https://web.worldtaekwondo.martial.services/competitions/baku-2023-world-taekwondo-championships/medalists,2.0
world_taekwondo_championships_2023_women_under-53kg,athlete_KIYANICHANDEH_Nahid_IRI,1,gold,discipline=taekwondo;weight_class=under-53kg;event=Women -53 kg;country=IRI;source_url=https://web.worldtaekwondo.martial.services/competitions/baku-2023-world-taekwondo-championships/medalists,3.0
world_taekwondo_championships_2023_women_under-53kg,athlete_MININA_Tatiana_AIN,3,bronze,discipline=taekwondo;weight_class=under-53kg;event=Women -53 kg;country=AIN;source_url=https://web.worldtaekwondo.martial.services/competitions/baku-2023-world-taekwondo-championships/medalists,1.0
world_taekwondo_championships_2023_women_under-53kg,athlete_SAMY_Shahd_EGY,3,bronze,discipline=taekwondo;weight_class=under-53kg;event=Women -53 kg;country=EGY;source_url=https://web.worldtaekwondo.martial.services/competitions/baku-2023-world-taekwondo-championships/medalists,1.0
world_taekwondo_championships_2023_women_under-53kg,athlete_ZUO_JU_CHN,2,silver,discipline=taekwondo;weight_class=under-53kg;event=Women -53 kg;country=CHN;source_url=https://web.worldtaekwondo.martial.services/competitions/baku-2023-world-taekwondo-championships/medalists,2.0
world_taekwondo_championships_2023_women_under-57kg,athlete_ILGUN_Hatice_kubra_TUR,3,bronze,discipline=taekwondo;weight_class=under-57kg;event=Women -57 kg;country=TUR;source_url=https://web.worldtaekwondo.martial.services/competitions/baku-2023-world-taekwondo-championships/medalists,1.0
world_taekwondo_championships_2023_women_under-57kg,athlete_LO_Chia-ling_TPE,2,silver,discipline=taekwondo;weight_class=under-57kg;event=Women -57 kg;country=TPE;source_url=https://web.worldtaekwondo.martial.services/competitions/baku-2023-world-taekwondo-championships/medalists,2.0
world_taekwondo_championships_2023_women_under-57kg,athlete_MARTON_Luana_HUN,1,gold,discipline=taekwondo;weight_class=under-57kg;event=Women -57 kg;country=HUN;source_url=https://web.worldtaekwondo.martial.services/competitions/baku-2023-world-taekwondo-championships/medalists,3.0
world_taekwondo_championships_2023_women_under-57kg,athlete_PACHECO_Maria_clara_BRA,3,bronze,discipline=taekwondo;weight_class=under-57kg;event=Women -57 kg;country=BRA;source_url=https://web.worldtaekwondo.martial.services/competitions/baku-2023-world-taekwondo-championships/medalists,1.0
world_taekwondo_championships_2023_women_under-62kg,athlete_KHUZINA_Liliia_AIN,1,gold,discipline=taekwondo;weight_class=under-62kg;event=Women -62 kg;country=AIN;source_url=https://web.worldtaekwondo.martial.services/competitions/baku-2023-world-taekwondo-championships/medalists,3.0
world_taekwondo_championships_2023_women_under-62kg,athlete_POWELL_Aaliyah_GBR,3,bronze,discipline=taekwondo;weight_class=under-62kg;event=Women -62 kg;country=GBR;source_url=https://web.worldtaekwondo.martial.services/competitions/baku-2023-world-taekwondo-championships/medalists,1.0
world_taekwondo_championships_2023_women_under-62kg,athlete_SADIKOVA_Feruza_UZB,3,bronze,discipline=taekwondo;weight_class=under-62kg;event=Women -62 kg;country=UZB;source_url=https://web.worldtaekwondo.martial.services/competitions/baku-2023-world-taekwondo-championships/medalists,1.0
world_taekwondo_championships_2023_women_under-62kg,athlete_SANTOS_Caroline_BRA,2,silver,discipline=taekwondo;weight_class=under-62kg;event=Women -62 kg;country=BRA;source_url=https://web.worldtaekwondo.martial.services/competitions/baku-2023-world-taekwondo-championships/medalists,2.0
world_taekwondo_championships_2023_women_under-67kg,athlete_AL-SADEQ_Julyana_JOR,2,silver,discipline=taekwondo;weight_class=under-67kg;event=Women -67 kg;country=JOR;source_url=https://web.worldtaekwondo.martial.services/competitions/baku-2023-world-taekwondo-championships/medalists,2.0
world_taekwondo_championships_2023_women_under-67kg,athlete_GBAGBI_Ruth_CIV,3,bronze,discipline=taekwondo;weight_class=under-67kg;event=Women -67 kg;country=CIV;source_url=https://web.worldtaekwondo.martial.services/competitions/baku-2023-world-taekwondo-championships/medalists,1.0
world_taekwondo_championships_2023_women_under-67kg,athlete_NILSEN_Mari_romundset_NOR,3,bronze,discipline=taekwondo;weight_class=under-67kg;event=Women -67 kg;country=NOR;source_url=https://web.worldtaekwondo.martial.services/competitions/baku-2023-world-taekwondo-championships/medalists,1.0
world_taekwondo_championships_2023_women_under-67kg,athlete_WIET_HENIN_Magda_FRA,1,gold,discipline=taekwondo;weight_class=under-67kg;event=Women -67 kg;country=FRA;source_url=https://web.worldtaekwondo.martial.services/competitions/baku-2023-world-taekwondo-championships/medalists,3.0
world_taekwondo_championships_2023_women_under-73kg,athlete_JELIC_Matea_CRO,3,bronze,discipline=taekwondo;weight_class=under-73kg;event=Women -73 kg;country=CRO;source_url=https://web.worldtaekwondo.martial.services/competitions/baku-2023-world-taekwondo-championships/medalists,1.0
world_taekwondo_championships_2023_women_under-73kg,athlete_KHAN_Polina_AIN,3,bronze,discipline=taekwondo;weight_class=under-73kg;event=Women -73 kg;country=AIN;source_url=https://web.worldtaekwondo.martial.services/competitions/baku-2023-world-taekwondo-championships/medalists,1.0
world_taekwondo_championships_2023_women_under-73kg,athlete_LAURIN_Althea_FRA,1,gold,discipline=taekwondo;weight_class=under-73kg;event=Women -73 kg;country=FRA;source_url=https://web.worldtaekwondo.martial.services/competitions/baku-2023-world-taekwondo-championships/medalists,3.0
world_taekwondo_championships_2023_women_under-73kg,athlete_MCGOWAN_Rebecca_GBR,2,silver,discipline=taekwondo;weight_class=under-73kg;event=Women -73 kg;country=GBR;source_url=https://web.worldtaekwondo.martial.services/competitions/baku-2023-world-taekwondo-championships/medalists,2.0
world_taekwondo_championships_2025_men_over-87kg,athlete_AIUKAEV_Rafail_AIN,2,silver,discipline=taekwondo;weight_class=over-87kg;event=Men +87 kg;country=AIN;source_url=https://web.worldtaekwondo.martial.services/competitions/wuxi-2025-world-taekwondo-championships/medalists,2.0
world_taekwondo_championships_2025_men_over-87kg,athlete_CUNNINGHAM_Caden_GBR,3,bronze,discipline=taekwondo;weight_class=over-87kg;event=Men +87 kg;country=GBR;source_url=https://web.worldtaekwondo.martial.services/competitions/wuxi-2025-world-taekwondo-championships/medalists,1.0
world_taekwondo_championships_2025_men_over-87kg,athlete_HEALY_Jonathan_USA,3,bronze,discipline=taekwondo;weight_class=over-87kg;event=Men +87 kg;country=USA;source_url=https://web.worldtaekwondo.martial.services/competitions/wuxi-2025-world-taekwondo-championships/medalists,1.0
world_taekwondo_championships_2025_men_over-87kg,athlete_KANG_Sanghyun_KOR,1,gold,discipline=taekwondo;weight_class=over-87kg;event=Men +87 kg;country=KOR;source_url=https://web.worldtaekwondo.martial.services/competitions/wuxi-2025-world-taekwondo-championships/medalists,3.0
world_taekwondo_championships_2025_men_under-54kg,athlete_CAMOGLU_Furkan_ubeyde_TUR,2,silver,discipline=taekwondo;weight_class=under-54kg;event=Men -54 kg;country=TUR;source_url=https://web.worldtaekwondo.martial.services/competitions/wuxi-2025-world-taekwondo-championships/medalists,2.0
world_taekwondo_championships_2025_men_under-54kg,athlete_KHUDAYBERDIEV_Jakhongir_UZB,3,bronze,discipline=taekwondo;weight_class=under-54kg;event=Men -54 kg;country=UZB;source_url=https://web.worldtaekwondo.martial.services/competitions/wuxi-2025-world-taekwondo-championships/medalists,1.0
world_taekwondo_championships_2025_men_under-54kg,athlete_PSARROS_Aristeidis_nikolaos_GRE,3,bronze,discipline=taekwondo;weight_class=under-54kg;event=Men -54 kg;country=GRE;source_url=https://web.worldtaekwondo.martial.services/competitions/wuxi-2025-world-taekwondo-championships/medalists,1.0
world_taekwondo_championships_2025_men_under-54kg,athlete_SEO_Eunsu_KOR,1,gold,discipline=taekwondo;weight_class=under-54kg;event=Men -54 kg;country=KOR;source_url=https://web.worldtaekwondo.martial.services/competitions/wuxi-2025-world-taekwondo-championships/medalists,3.0
world_taekwondo_championships_2025_men_under-58kg,athlete_GURTSIEV_Georgii_AIN,2,silver,discipline=taekwondo;weight_class=under-58kg;event=Men -58 kg;country=AIN;source_url=https://web.worldtaekwondo.martial.services/competitions/wuxi-2025-world-taekwondo-championships/medalists,2.0
world_taekwondo_championships_2025_men_under-58kg,athlete_HUANG_Kefen_CHN,3,bronze,discipline=taekwondo;weight_class=under-58kg;event=Men -58 kg;country=CHN;source_url=https://web.worldtaekwondo.martial.services/competitions/wuxi-2025-world-taekwondo-championships/medalists,1.0
world_taekwondo_championships_2025_men_under-58kg,athlete_MAGOMEDOV_Gashim_AZE,3,bronze,discipline=taekwondo;weight_class=under-58kg;event=Men -58 kg;country=AZE;source_url=https://web.worldtaekwondo.martial.services/competitions/wuxi-2025-world-taekwondo-championships/medalists,1.0
world_taekwondo_championships_2025_men_under-58kg,athlete_ZANDI_Abolfazl_IRI,1,gold,discipline=taekwondo;weight_class=under-58kg;event=Men -58 kg;country=IRI;source_url=https://web.worldtaekwondo.martial.services/competitions/wuxi-2025-world-taekwondo-championships/medalists,3.0
world_taekwondo_championships_2025_men_under-63kg,athlete_ALTARYREH_Mahmoud_JOR,3,bronze,discipline=taekwondo;weight_class=under-63kg;event=Men -63 kg;country=JOR;source_url=https://web.worldtaekwondo.martial.services/competitions/wuxi-2025-world-taekwondo-championships/medalists,1.0
world_taekwondo_championships_2025_men_under-63kg,athlete_HAJIMOUSAEI_Mahdi_IRI,2,silver,discipline=taekwondo;weight_class=under-63kg;event=Men -63 kg;country=IRI;source_url=https://web.worldtaekwondo.martial.services/competitions/wuxi-2025-world-taekwondo-championships/medalists,2.0
world_taekwondo_championships_2025_men_under-63kg,athlete_JANG_Jun_KOR,3,bronze,discipline=taekwondo;weight_class=under-63kg;event=Men -63 kg;country=KOR;source_url=https://web.worldtaekwondo.martial.services/competitions/wuxi-2025-world-taekwondo-championships/medalists,1.0
world_taekwondo_championships_2025_men_under-63kg,athlete_JENDOUBI_Mohamed_Khalil_TUN,1,gold,discipline=taekwondo;weight_class=under-63kg;event=Men -63 kg;country=TUN;source_url=https://web.worldtaekwondo.martial.services/competitions/wuxi-2025-world-taekwondo-championships/medalists,3.0
world_taekwondo_championships_2025_men_under-68kg,athlete_CREP_Matija_CRO,3,bronze,discipline=taekwondo;weight_class=under-68kg;event=Men -68 kg;country=CRO;source_url=https://web.worldtaekwondo.martial.services/competitions/wuxi-2025-world-taekwondo-championships/medalists,1.0
world_taekwondo_championships_2025_men_under-68kg,athlete_RODRIGUEZ_Maikol_USA,3,bronze,discipline=taekwondo;weight_class=under-68kg;event=Men -68 kg;country=USA;source_url=https://web.worldtaekwondo.martial.services/competitions/wuxi-2025-world-taekwondo-championships/medalists,1.0
world_taekwondo_championships_2025_men_under-68kg,athlete_SEONG_Yuhyeon_KOR,2,silver,discipline=taekwondo;weight_class=under-68kg;event=Men -68 kg;country=KOR;source_url=https://web.worldtaekwondo.martial.services/competitions/wuxi-2025-world-taekwondo-championships/medalists,2.0
world_taekwondo_championships_2025_men_under-68kg,athlete_TUBTIMDANG_Banlung_THA,1,gold,discipline=taekwondo;weight_class=under-68kg;event=Men -68 kg;country=THA;source_url=https://web.worldtaekwondo.martial.services/competitions/wuxi-2025-world-taekwondo-championships/medalists,3.0
world_taekwondo_championships_2025_men_under-74kg,athlete_ABDUSALAMOV_Magomed_AIN,3,bronze,discipline=taekwondo;weight_class=under-74kg;event=Men -74 kg;country=AIN;source_url=https://web.worldtaekwondo.martial.services/competitions/wuxi-2025-world-taekwondo-championships/medalists,1.0
world_taekwondo_championships_2025_men_under-74kg,athlete_BAKHTIARI_Amir_sina_IRI,3,bronze,discipline=taekwondo;weight_class=under-74kg;event=Men -74 kg;country=IRI;source_url=https://web.worldtaekwondo.martial.services/competitions/wuxi-2025-world-taekwondo-championships/medalists,1.0
world_taekwondo_championships_2025_men_under-74kg,athlete_KOSIMKHOJIEV_Najmiddin_UZB,1,gold,discipline=taekwondo;weight_class=under-74kg;event=Men -74 kg;country=UZB;source_url=https://web.worldtaekwondo.martial.services/competitions/wuxi-2025-world-taekwondo-championships/medalists,3.0
world_taekwondo_championships_2025_men_under-74kg,athlete_PONTES_Edival_BRA,2,silver,discipline=taekwondo;weight_class=under-74kg;event=Men -74 kg;country=BRA;source_url=https://web.worldtaekwondo.martial.services/competitions/wuxi-2025-world-taekwondo-championships/medalists,2.0
world_taekwondo_championships_2025_men_under-80kg,athlete_MYTAREV_Artem_AIN,3,bronze,discipline=taekwondo;weight_class=under-80kg;event=Men -80 kg;country=AIN;source_url=https://web.worldtaekwondo.martial.services/competitions/wuxi-2025-world-taekwondo-championships/medalists,1.0
world_taekwondo_championships_2025_men_under-80kg,athlete_RODRIGUES_Henrique_Marques_BRA,1,gold,discipline=taekwondo;weight_class=under-80kg;event=Men -80 kg;country=BRA;source_url=https://web.worldtaekwondo.martial.services/competitions/wuxi-2025-world-taekwondo-championships/medalists,3.0
world_taekwondo_championships_2025_men_under-80kg,athlete_SEO_Geon-woo_KOR,3,bronze,discipline=taekwondo;weight_class=under-80kg;event=Men -80 kg;country=KOR;source_url=https://web.worldtaekwondo.martial.services/competitions/wuxi-2025-world-taekwondo-championships/medalists,1.0
world_taekwondo_championships_2025_men_under-80kg,athlete_XIANG_Qizhang_CHN,2,silver,discipline=taekwondo;weight_class=under-80kg;event=Men -80 kg;country=CHN;source_url=https://web.worldtaekwondo.martial.services/competitions/wuxi-2025-world-taekwondo-championships/medalists,2.0
world_taekwondo_championships_2025_men_under-87kg,athlete_ALESSIO_Simone_ITA,2,silver,discipline=taekwondo;weight_class=under-87kg;event=Men -87 kg;country=ITA;source_url=https://web.worldtaekwondo.martial.services/competitions/wuxi-2025-world-taekwondo-championships/medalists,2.0
world_taekwondo_championships_2025_men_under-87kg,athlete_EISSA_Seif_EGY,1,gold,discipline=taekwondo;weight_class=under-87kg;event=Men -87 kg;country=EGY;source_url=https://web.worldtaekwondo.martial.services/competitions/wuxi-2025-world-taekwondo-championships/medalists,3.0
world_taekwondo_championships_2025_men_under-87kg,athlete_HARBAR_Artem_UKR,3,bronze,discipline=taekwondo;weight_class=under-87kg;event=Men -87 kg;country=UKR;source_url=https://web.worldtaekwondo.martial.services/competitions/wuxi-2025-world-taekwondo-championships/medalists,1.0
world_taekwondo_championships_2025_men_under-87kg,athlete_PIATKOWSKI_Szymon_POL,3,bronze,discipline=taekwondo;weight_class=under-87kg;event=Men -87 kg;country=POL;source_url=https://web.worldtaekwondo.martial.services/competitions/wuxi-2025-world-taekwondo-championships/medalists,1.0
world_taekwondo_championships_2025_women_over-73kg,athlete_KUS_AYDIN_Nafia_TUR,1,gold,discipline=taekwondo;weight_class=over-73kg;event=Women +73 kg;country=TUR;source_url=https://web.worldtaekwondo.martial.services/competitions/wuxi-2025-world-taekwondo-championships/medalists,3.0
world_taekwondo_championships_2025_women_over-73kg,athlete_MU_Wenzhe_CHN,3,bronze,discipline=taekwondo;weight_class=over-73kg;event=Women +73 kg;country=CHN;source_url=https://web.worldtaekwondo.martial.services/competitions/wuxi-2025-world-taekwondo-championships/medalists,1.0
world_taekwondo_championships_2025_women_over-73kg,athlete_OSIPOVA_Svetlana_UZB,2,silver,discipline=taekwondo;weight_class=over-73kg;event=Women +73 kg;country=UZB;source_url=https://web.worldtaekwondo.martial.services/competitions/wuxi-2025-world-taekwondo-championships/medalists,2.0
world_taekwondo_championships_2025_women_over-73kg,athlete_WILLIAMS_Lauren_GBR,3,bronze,discipline=taekwondo;weight_class=over-73kg;event=Women +73 kg;country=GBR;source_url=https://web.worldtaekwondo.martial.services/competitions/wuxi-2025-world-taekwondo-championships/medalists,1.0
world_taekwondo_championships_2025_women_under-46kg,athlete_BEKULOVA_Milana_AIN,2,silver,discipline=taekwondo;weight_class=under-46kg;event=Women -46 kg;country=AIN;source_url=https://web.worldtaekwondo.martial.services/competitions/wuxi-2025-world-taekwondo-championships/medalists,2.0
world_taekwondo_championships_2025_women_under-46kg,athlete_GOGEBAKAN_Emine_TUR,1,gold,discipline=taekwondo;weight_class=under-46kg;event=Women -46 kg;country=TUR;source_url=https://web.worldtaekwondo.martial.services/competitions/wuxi-2025-world-taekwondo-championships/medalists,3.0
world_taekwondo_championships_2025_women_under-46kg,athlete_KUMARTAYEVA_Aidana_KAZ,3,bronze,discipline=taekwondo;weight_class=under-46kg;event=Women -46 kg;country=KAZ;source_url=https://web.worldtaekwondo.martial.services/competitions/wuxi-2025-world-taekwondo-championships/medalists,1.0
world_taekwondo_championships_2025_women_under-46kg,athlete_WANG_Shiyi_CHN,3,bronze,discipline=taekwondo;weight_class=under-46kg;event=Women -46 kg;country=CHN;source_url=https://web.worldtaekwondo.martial.services/competitions/wuxi-2025-world-taekwondo-championships/medalists,1.0
world_taekwondo_championships_2025_women_under-49kg,athlete_AKGUL_Elif_sude_TUR,2,silver,discipline=taekwondo;weight_class=under-49kg;event=Women -49 kg;country=TUR;source_url=https://web.worldtaekwondo.martial.services/competitions/wuxi-2025-world-taekwondo-championships/medalists,2.0
world_taekwondo_championships_2025_women_under-49kg,athlete_AKHMEDOVA_Nodira_KAZ,3,bronze,discipline=taekwondo;weight_class=under-49kg;event=Women -49 kg;country=KAZ;source_url=https://web.worldtaekwondo.martial.services/competitions/wuxi-2025-world-taekwondo-championships/medalists,1.0
world_taekwondo_championships_2025_women_under-49kg,athlete_FU_Xiaolu_CHN,3,bronze,discipline=taekwondo;weight_class=under-49kg;event=Women -49 kg;country=CHN;source_url=https://web.worldtaekwondo.martial.services/competitions/wuxi-2025-world-taekwondo-championships/medalists,1.0
world_taekwondo_championships_2025_women_under-49kg,athlete_LIU_You-yun_TPE,1,gold,discipline=taekwondo;weight_class=under-49kg;event=Women -49 kg;country=TPE;source_url=https://web.worldtaekwondo.martial.services/competitions/wuxi-2025-world-taekwondo-championships/medalists,3.0
world_taekwondo_championships_2025_women_under-53kg,athlete_ABUTALEB_Dunya_Ali_M_KSA,2,silver,discipline=taekwondo;weight_class=under-53kg;event=Women -53 kg;country=KSA;source_url=https://web.worldtaekwondo.martial.services/competitions/wuxi-2025-world-taekwondo-championships/medalists,2.0
world_taekwondo_championships_2025_women_under-53kg,athlete_DINCEL_KAVURAT_Merve_TUR,1,gold,discipline=taekwondo;weight_class=under-53kg;event=Women -53 kg;country=TUR;source_url=https://web.worldtaekwondo.martial.services/competitions/wuxi-2025-world-taekwondo-championships/medalists,3.0
world_taekwondo_championships_2025_women_under-53kg,athlete_KHATTAB_Jana_EGY,3,bronze,discipline=taekwondo;weight_class=under-53kg;event=Women -53 kg;country=EGY;source_url=https://web.worldtaekwondo.martial.services/competitions/wuxi-2025-world-taekwondo-championships/medalists,1.0
world_taekwondo_championships_2025_women_under-53kg,athlete_ZHANG_Chuling_CHN,3,bronze,discipline=taekwondo;weight_class=under-53kg;event=Women -53 kg;country=CHN;source_url=https://web.worldtaekwondo.martial.services/competitions/wuxi-2025-world-taekwondo-championships/medalists,1.0
world_taekwondo_championships_2025_women_under-57kg,athlete_KHIRFAN_Fadia_JOR,3,bronze,discipline=taekwondo;weight_class=under-57kg;event=Women -57 kg;country=JOR;source_url=https://web.worldtaekwondo.martial.services/competitions/wuxi-2025-world-taekwondo-championships/medalists,1.0
world_taekwondo_championships_2025_women_under-57kg,athlete_KIM_Yu-jin_KOR,2,silver,discipline=taekwondo;weight_class=under-57kg;event=Women -57 kg;country=KOR;source_url=https://web.worldtaekwondo.martial.services/competitions/wuxi-2025-world-taekwondo-championships/medalists,2.0
world_taekwondo_championships_2025_women_under-57kg,athlete_LUO_Zongshi_CHN,3,bronze,discipline=taekwondo;weight_class=under-57kg;event=Women -57 kg;country=CHN;source_url=https://web.worldtaekwondo.martial.services/competitions/wuxi-2025-world-taekwondo-championships/medalists,1.0
world_taekwondo_championships_2025_women_under-57kg,athlete_PACHECO_Maria_clara_BRA,1,gold,discipline=taekwondo;weight_class=under-57kg;event=Women -57 kg;country=BRA;source_url=https://web.worldtaekwondo.martial.services/competitions/wuxi-2025-world-taekwondo-championships/medalists,3.0
world_taekwondo_championships_2025_women_under-62kg,athlete_BLEWITT_Gabriella_AUS,3,bronze,discipline=taekwondo;weight_class=under-62kg;event=Women -62 kg;country=AUS;source_url=https://web.worldtaekwondo.martial.services/competitions/wuxi-2025-world-taekwondo-championships/medalists,1.0
world_taekwondo_championships_2025_women_under-62kg,athlete_CHEN_Ximin_CHN,3,bronze,discipline=taekwondo;weight_class=under-62kg;event=Women -62 kg;country=CHN;source_url=https://web.worldtaekwondo.martial.services/competitions/wuxi-2025-world-taekwondo-championships/medalists,1.0
world_taekwondo_championships_2025_women_under-62kg,athlete_MARTON_Viviana_HUN,2,silver,discipline=taekwondo;weight_class=under-62kg;event=Women -62 kg;country=HUN;source_url=https://web.worldtaekwondo.martial.services/competitions/wuxi-2025-world-taekwondo-championships/medalists,2.0
world_taekwondo_championships_2025_women_under-62kg,athlete_WAFA_Masghouni_TUN,1,gold,discipline=taekwondo;weight_class=under-62kg;event=Women -62 kg;country=TUN;source_url=https://web.worldtaekwondo.martial.services/competitions/wuxi-2025-world-taekwondo-championships/medalists,3.0
world_taekwondo_championships_2025_women_under-67kg,athlete_ANYANACHO_Elizabeth_oluchi_NGR,3,bronze,discipline=taekwondo;weight_class=under-67kg;event=Women -67 kg;country=NGR;source_url=https://web.worldtaekwondo.martial.services/competitions/wuxi-2025-world-taekwondo-championships/medalists,1.0
world_taekwondo_championships_2025_women_under-67kg,athlete_MARTON_Luana_HUN,1,gold,discipline=taekwondo;weight_class=under-67kg;event=Women -67 kg;country=HUN;source_url=https://web.worldtaekwondo.martial.services/competitions/wuxi-2025-world-taekwondo-championships/medalists,3.0
world_taekwondo_championships_2025_women_under-67kg,athlete_MORENO_REYES_Lena_ESP,3,bronze,discipline=taekwondo;weight_class=under-67kg;event=Women -67 kg;country=ESP;source_url=https://web.worldtaekwondo.martial.services/competitions/wuxi-2025-world-taekwondo-championships/medalists,1.0
world_taekwondo_championships_2025_women_under-67kg,athlete_TITONELI_Milena_BRA,2,silver,discipline=taekwondo;weight_class=under-67kg;event=Women -67 kg;country=BRA;source_url=https://web.worldtaekwondo.martial.services/competitions/wuxi-2025-world-taekwondo-championships/medalists,2.0
world_taekwondo_championships_2025_women_under-73kg,athlete_CHAARI_Sarah_BEL,1,gold,discipline=taekwondo;weight_class=under-73kg;event=Women -73 kg;country=BEL;source_url=https://web.worldtaekwondo.martial.services/competitions/wuxi-2025-world-taekwondo-championships/medalists,3.0
world_taekwondo_championships_2025_women_under-73kg,athlete_OSSIN_Kimi_laurene_CIV,2,silver,discipline=taekwondo;weight_class=under-73kg;event=Women -73 kg;country=CIV;source_url=https://web.worldtaekwondo.martial.services/competitions/wuxi-2025-world-taekwondo-championships/medalists,2.0
world_taekwondo_championships_2025_women_under-73kg,athlete_UZUNCAVDAR_Sude_yaren_TUR,3,bronze,discipline=taekwondo;weight_class=under-73kg;event=Women -73 kg;country=TUR;source_url=https://web.worldtaekwondo.martial.services/competitions/wuxi-2025-world-taekwondo-championships/medalists,1.0
world_taekwondo_championships_2025_women_under-73kg,athlete_ZHOU_Zeqi_CHN,3,bronze,discipline=taekwondo;weight_class=under-73kg;event=Women -73 kg;country=CHN;source_url=https://web.worldtaekwondo.martial.services/competitions/wuxi-2025-world-taekwondo-championships/medalists,1.0
