event_id,participant_id,rank,medal,score_raw,points_awarded
fis_alpine_world_ski_championships_2001_men_combined,fis_alpine_athlete_Kjetil_André_Aamodt_NOR,1,gold,event=Combined;entry_country=NOR;team_members=;source_url=https://en.wikipedia.org/wiki/FIS_Alpine_World_Ski_Championships_2001,10.0
fis_alpine_world_ski_championships_2001_men_combined,fis_alpine_athlete_Mario_Matt_AUT,2,silver,event=Combined;entry_country=AUT;team_members=;source_url=https://en.wikipedia.org/wiki/FIS_Alpine_World_Ski_Championships_2001,7.0
fis_alpine_world_ski_championships_2001_men_combined,fis_alpine_athlete_Paul_Accola_CHE,3,bronze,event=Combined;entry_country=CHE;team_members=;source_url=https://en.wikipedia.org/wiki/FIS_Alpine_World_Ski_Championships_2001,5.0
fis_alpine_world_ski_championships_2001_men_downhill,fis_alpine_athlete_Hannes_Trinkl_AUT,1,gold,event=Downhill;entry_country=AUT;team_members=;source_url=https://en.wikipedia.org/wiki/FIS_Alpine_World_Ski_Championships_2001,10.0
fis_alpine_world_ski_championships_2001_men_downhill,fis_alpine_athlete_Hermann_Maier_AUT,2,silver,event=Downhill;entry_country=AUT;team_members=;source_url=https://en.wikipedia.org/wiki/FIS_Alpine_World_Ski_Championships_2001,7.0
fis_alpine_world_ski_championships_2001_men_downhill,fis_alpine_athlete_Florian_Eckert_DEU,3,bronze,event=Downhill;entry_country=DEU;team_members=;source_url=https://en.wikipedia.org/wiki/FIS_Alpine_World_Ski_Championships_2001,5.0
fis_alpine_world_ski_championships_2001_men_giant-slalom,fis_alpine_athlete_Michael_von_Grünigen_CHE,1,gold,event=Giant slalom;entry_country=CHE;team_members=;source_url=https://en.wikipedia.org/wiki/FIS_Alpine_World_Ski_Championships_2001,10.0
fis_alpine_world_ski_championships_2001_men_giant-slalom,fis_alpine_athlete_Kjetil_André_Aamodt_NOR,2,silver,event=Giant slalom;entry_country=NOR;team_members=;source_url=https://en.wikipedia.org/wiki/FIS_Alpine_World_Ski_Championships_2001,7.0
fis_alpine_world_ski_championships_2001_men_giant-slalom,fis_alpine_athlete_Frédéric_Covili_FRA,3,bronze,event=Giant slalom;entry_country=FRA;team_members=;source_url=https://en.wikipedia.org/wiki/FIS_Alpine_World_Ski_Championships_2001,5.0
fis_alpine_world_ski_championships_2001_men_slalom,fis_alpine_athlete_Mario_Matt_AUT,1,gold,event=Slalom;entry_country=AUT;team_members=;source_url=https://en.wikipedia.org/wiki/FIS_Alpine_World_Ski_Championships_2001,10.0
fis_alpine_world_ski_championships_2001_men_slalom,fis_alpine_athlete_Benjamin_Raich_AUT,2,silver,event=Slalom;entry_country=AUT;team_members=;source_url=https://en.wikipedia.org/wiki/FIS_Alpine_World_Ski_Championships_2001,7.0
fis_alpine_world_ski_championships_2001_men_slalom,fis_alpine_athlete_Mitja_Kunc_SVN,3,bronze,event=Slalom;entry_country=SVN;team_members=;source_url=https://en.wikipedia.org/wiki/FIS_Alpine_World_Ski_Championships_2001,5.0
fis_alpine_world_ski_championships_2001_men_super-g,fis_alpine_athlete_Hannes_Trinkl_AUT,1,gold,event=Super-G;entry_country=AUT;team_members=;source_url=https://en.wikipedia.org/wiki/FIS_Alpine_World_Ski_Championships_2001,10.0
fis_alpine_world_ski_championships_2001_men_super-g,fis_alpine_athlete_Hermann_Maier_AUT,2,silver,event=Super-G;entry_country=AUT;team_members=;source_url=https://en.wikipedia.org/wiki/FIS_Alpine_World_Ski_Championships_2001,7.0
fis_alpine_world_ski_championships_2001_men_super-g,fis_alpine_athlete_Florian_Eckert_DEU,3,bronze,event=Super-G;entry_country=DEU;team_members=;source_url=https://en.wikipedia.org/wiki/FIS_Alpine_World_Ski_Championships_2001,5.0
fis_alpine_world_ski_championships_2001_women_combined,fis_alpine_athlete_Pernilla_Wiberg_SWE,1,gold,event=Combined;entry_country=SWE;team_members=;source_url=https://en.wikipedia.org/wiki/FIS_Alpine_World_Ski_Championships_2001,10.0
fis_alpine_world_ski_championships_2001_women_combined,fis_alpine_athlete_Renate_Götschl_AUT,2,silver,event=Combined;entry_country=AUT;team_members=;source_url=https://en.wikipedia.org/wiki/FIS_Alpine_World_Ski_Championships_2001,7.0
fis_alpine_world_ski_championships_2001_women_combined,fis_alpine_athlete_Florence_Masnada_FRA,3,bronze,event=Combined;entry_country=FRA;team_members=;source_url=https://en.wikipedia.org/wiki/FIS_Alpine_World_Ski_Championships_2001,5.0
fis_alpine_world_ski_championships_2001_women_downhill,fis_alpine_athlete_Michaela_Dorfmeister_AUT,1,gold,event=Downhill;entry_country=AUT;team_members=;source_url=https://en.wikipedia.org/wiki/FIS_Alpine_World_Ski_Championships_2001,10.0
fis_alpine_world_ski_championships_2001_women_downhill,fis_alpine_athlete_Renate_Götschl_AUT,2,silver,event=Downhill;entry_country=AUT;team_members=;source_url=https://en.wikipedia.org/wiki/FIS_Alpine_World_Ski_Championships_2001,7.0
fis_alpine_world_ski_championships_2001_women_downhill,fis_alpine_athlete_Stefanie_Schuster_AUT,3,bronze,event=Downhill;entry_country=AUT;team_members=;source_url=https://en.wikipedia.org/wiki/FIS_Alpine_World_Ski_Championships_2001,5.0
fis_alpine_world_ski_championships_2001_women_giant-slalom,fis_alpine_athlete_Sonja_Nef_CHE,1,gold,event=Giant slalom;entry_country=CHE;team_members=;source_url=https://en.wikipedia.org/wiki/FIS_Alpine_World_Ski_Championships_2001,10.0
fis_alpine_world_ski_championships_2001_women_giant-slalom,fis_alpine_athlete_Karen_Putzer_ITA,2,silver,event=Giant slalom;entry_country=ITA;team_members=;source_url=https://en.wikipedia.org/wiki/FIS_Alpine_World_Ski_Championships_2001,7.0
fis_alpine_world_ski_championships_2001_women_giant-slalom,fis_alpine_athlete_Anja_Pärson_SWE,3,bronze,event=Giant slalom;entry_country=SWE;team_members=;source_url=https://en.wikipedia.org/wiki/FIS_Alpine_World_Ski_Championships_2001,5.0
fis_alpine_world_ski_championships_2001_women_slalom,fis_alpine_athlete_Anja_Pärson_SWE,1,gold,event=Slalom;entry_country=SWE;team_members=;source_url=https://en.wikipedia.org/wiki/FIS_Alpine_World_Ski_Championships_2001,10.0
fis_alpine_world_ski_championships_2001_women_slalom,fis_alpine_athlete_Christel_Pascal_FRA,2,silver,event=Slalom;entry_country=FRA;team_members=;source_url=https://en.wikipedia.org/wiki/FIS_Alpine_World_Ski_Championships_2001,7.0
fis_alpine_world_ski_championships_2001_women_slalom,fis_alpine_athlete_Hedda_Berntsen_NOR,3,bronze,event=Slalom;entry_country=NOR;team_members=;source_url=https://en.wikipedia.org/wiki/FIS_Alpine_World_Ski_Championships_2001,5.0
fis_alpine_world_ski_championships_2001_women_super-g,fis_alpine_athlete_Régine_Cavagnoud_FRA,1,gold,event=Super-G;entry_country=FRA;team_members=;source_url=https://en.wikipedia.org/wiki/FIS_Alpine_World_Ski_Championships_2001,10.0
fis_alpine_world_ski_championships_2001_women_super-g,fis_alpine_athlete_Isolde_Kostner_ITA,2,silver,event=Super-G;entry_country=ITA;team_members=;source_url=https://en.wikipedia.org/wiki/FIS_Alpine_World_Ski_Championships_2001,7.0
fis_alpine_world_ski_championships_2001_women_super-g,fis_alpine_athlete_Hilde_Gerg_DEU,3,bronze,event=Super-G;entry_country=DEU;team_members=;source_url=https://en.wikipedia.org/wiki/FIS_Alpine_World_Ski_Championships_2001,5.0
fis_alpine_world_ski_championships_2003_men_combined,fis_alpine_athlete_Bode_Miller_USA,1,gold,event=Combined;entry_country=USA;team_members=;source_url=https://en.wikipedia.org/wiki/FIS_Alpine_World_Ski_Championships_2003,10.0
fis_alpine_world_ski_championships_2003_men_combined,fis_alpine_athlete_Lasse_Kjus_NOR,2,silver,event=Combined;entry_country=NOR;team_members=;source_url=https://en.wikipedia.org/wiki/FIS_Alpine_World_Ski_Championships_2003,7.0
fis_alpine_world_ski_championships_2003_men_combined,fis_alpine_athlete_Kjetil_André_Aamodt_NOR,3,bronze,event=Combined;entry_country=NOR;team_members=;source_url=https://en.wikipedia.org/wiki/FIS_Alpine_World_Ski_Championships_2003,5.0
fis_alpine_world_ski_championships_2003_men_downhill,fis_alpine_athlete_Michael_Walchhofer_AUT,1,gold,event=Downhill;entry_country=AUT;team_members=;source_url=https://en.wikipedia.org/wiki/FIS_Alpine_World_Ski_Championships_2003,10.0
fis_alpine_world_ski_championships_2003_men_downhill,fis_alpine_athlete_Kjetil_André_Aamodt_NOR,2,silver,event=Downhill;entry_country=NOR;team_members=;source_url=https://en.wikipedia.org/wiki/FIS_Alpine_World_Ski_Championships_2003,7.0
fis_alpine_world_ski_championships_2003_men_downhill,fis_alpine_athlete_Bruno_Kernen_CHE,3,bronze,event=Downhill;entry_country=CHE;team_members=;source_url=https://en.wikipedia.org/wiki/FIS_Alpine_World_Ski_Championships_2003,5.0
fis_alpine_world_ski_championships_2003_men_giant-slalom,fis_alpine_athlete_Bode_Miller_USA,1,gold,event=Giant slalom;entry_country=USA;team_members=;source_url=https://en.wikipedia.org/wiki/FIS_Alpine_World_Ski_Championships_2003,10.0
fis_alpine_world_ski_championships_2003_men_giant-slalom,fis_alpine_athlete_Hans_Knauß_AUT,2,silver,event=Giant slalom;entry_country=AUT;team_members=;source_url=https://en.wikipedia.org/wiki/FIS_Alpine_World_Ski_Championships_2003,7.0
fis_alpine_world_ski_championships_2003_men_giant-slalom,fis_alpine_athlete_Erik_Schlopy_USA,3,bronze,event=Giant slalom;entry_country=USA;team_members=;source_url=https://en.wikipedia.org/wiki/FIS_Alpine_World_Ski_Championships_2003,5.0
fis_alpine_world_ski_championships_2003_men_slalom,fis_alpine_athlete_Ivica_Kosteli_HRV,1,gold,event=Slalom;entry_country=HRV;team_members=;source_url=https://en.wikipedia.org/wiki/FIS_Alpine_World_Ski_Championships_2003,10.0
fis_alpine_world_ski_championships_2003_men_slalom,fis_alpine_athlete_Silvan_Zurbriggen_CHE,2,silver,event=Slalom;entry_country=CHE;team_members=;source_url=https://en.wikipedia.org/wiki/FIS_Alpine_World_Ski_Championships_2003,7.0
fis_alpine_world_ski_championships_2003_men_slalom,fis_alpine_athlete_Giorgio_Rocca_ITA,3,bronze,event=Slalom;entry_country=ITA;team_members=;source_url=https://en.wikipedia.org/wiki/FIS_Alpine_World_Ski_Championships_2003,5.0
fis_alpine_world_ski_championships_2003_men_super-g,fis_alpine_athlete_Stephan_Eberharter_AUT,1,gold,event=Super-G;entry_country=AUT;team_members=;source_url=https://en.wikipedia.org/wiki/FIS_Alpine_World_Ski_Championships_2003,10.0
fis_alpine_world_ski_championships_2003_men_super-g,fis_alpine_athlete_Hermann_Maier_AUT,2,silver,event=Super-G;entry_country=AUT;team_members=;source_url=https://en.wikipedia.org/wiki/FIS_Alpine_World_Ski_Championships_2003,7.0
fis_alpine_world_ski_championships_2003_men_super-g,fis_alpine_athlete_Bode_Miller_USA,2,silver,event=Super-G;entry_country=USA;team_members=;source_url=https://en.wikipedia.org/wiki/FIS_Alpine_World_Ski_Championships_2003,7.0
fis_alpine_world_ski_championships_2003_women_combined,fis_alpine_athlete_Janica_Kosteli_HRV,1,gold,event=Combined;entry_country=HRV;team_members=;source_url=https://en.wikipedia.org/wiki/FIS_Alpine_World_Ski_Championships_2003,10.0
fis_alpine_world_ski_championships_2003_women_combined,fis_alpine_athlete_Nicole_Hosp_AUT,2,silver,event=Combined;entry_country=AUT;team_members=;source_url=https://en.wikipedia.org/wiki/FIS_Alpine_World_Ski_Championships_2003,7.0
fis_alpine_world_ski_championships_2003_women_combined,fis_alpine_athlete_Marlies_Oester_CHE,3,bronze,event=Combined;entry_country=CHE;team_members=;source_url=https://en.wikipedia.org/wiki/FIS_Alpine_World_Ski_Championships_2003,5.0
fis_alpine_world_ski_championships_2003_women_downhill,fis_alpine_athlete_Mélanie_Turgeon_CAN,1,gold,event=Downhill;entry_country=CAN;team_members=;source_url=https://en.wikipedia.org/wiki/FIS_Alpine_World_Ski_Championships_2003,10.0
fis_alpine_world_ski_championships_2003_women_downhill,fis_alpine_athlete_Alexandra_Meissnitzer_AUT,2,silver,event=Downhill;entry_country=AUT;team_members=;source_url=https://en.wikipedia.org/wiki/FIS_Alpine_World_Ski_Championships_2003,7.0
fis_alpine_world_ski_championships_2003_women_downhill,fis_alpine_athlete_Corinne_Rey-Bellet_CHE,2,silver,event=Downhill;entry_country=CHE;team_members=;source_url=https://en.wikipedia.org/wiki/FIS_Alpine_World_Ski_Championships_2003,7.0
fis_alpine_world_ski_championships_2003_women_giant-slalom,fis_alpine_athlete_Anja_Pärson_SWE,1,gold,event=Giant slalom;entry_country=SWE;team_members=;source_url=https://en.wikipedia.org/wiki/FIS_Alpine_World_Ski_Championships_2003,10.0
fis_alpine_world_ski_championships_2003_women_giant-slalom,fis_alpine_athlete_Denise_Karbon_ITA,2,silver,event=Giant slalom;entry_country=ITA;team_members=;source_url=https://en.wikipedia.org/wiki/FIS_Alpine_World_Ski_Championships_2003,7.0
fis_alpine_world_ski_championships_2003_women_giant-slalom,fis_alpine_athlete_Allison_Forsyth_CAN,3,bronze,event=Giant slalom;entry_country=CAN;team_members=;source_url=https://en.wikipedia.org/wiki/FIS_Alpine_World_Ski_Championships_2003,5.0
fis_alpine_world_ski_championships_2003_women_slalom,fis_alpine_athlete_Janica_Kosteli_HRV,1,gold,event=Slalom;entry_country=HRV;team_members=;source_url=https://en.wikipedia.org/wiki/FIS_Alpine_World_Ski_Championships_2003,10.0
fis_alpine_world_ski_championships_2003_women_slalom,fis_alpine_athlete_Marlies_Schild_AUT,2,silver,event=Slalom;entry_country=AUT;team_members=;source_url=https://en.wikipedia.org/wiki/FIS_Alpine_World_Ski_Championships_2003,7.0
fis_alpine_world_ski_championships_2003_women_slalom,fis_alpine_athlete_Nicole_Hosp_AUT,3,bronze,event=Slalom;entry_country=AUT;team_members=;source_url=https://en.wikipedia.org/wiki/FIS_Alpine_World_Ski_Championships_2003,5.0
fis_alpine_world_ski_championships_2003_women_super-g,fis_alpine_athlete_Michaela_Dorfmeister_AUT,1,gold,event=Super-G;entry_country=AUT;team_members=;source_url=https://en.wikipedia.org/wiki/FIS_Alpine_World_Ski_Championships_2003,10.0
fis_alpine_world_ski_championships_2003_women_super-g,fis_alpine_athlete_Kirsten_Lee_Clark_USA,2,silver,event=Super-G;entry_country=USA;team_members=;source_url=https://en.wikipedia.org/wiki/FIS_Alpine_World_Ski_Championships_2003,7.0
fis_alpine_world_ski_championships_2003_women_super-g,fis_alpine_athlete_Jonna_Mendes_USA,3,bronze,event=Super-G;entry_country=USA;team_members=;source_url=https://en.wikipedia.org/wiki/FIS_Alpine_World_Ski_Championships_2003,5.0
fis_alpine_world_ski_championships_2005_men_combined,fis_alpine_athlete_Benjamin_Raich_AUT,1,gold,event=Combined;entry_country=AUT;team_members=;source_url=https://en.wikipedia.org/wiki/FIS_Alpine_World_Ski_Championships_2005,10.0
fis_alpine_world_ski_championships_2005_men_combined,fis_alpine_athlete_Aksel_Lund_Svindal_NOR,2,silver,event=Combined;entry_country=NOR;team_members=;source_url=https://en.wikipedia.org/wiki/FIS_Alpine_World_Ski_Championships_2005,7.0
fis_alpine_world_ski_championships_2005_men_combined,fis_alpine_athlete_Giorgio_Rocca_ITA,3,bronze,event=Combined;entry_country=ITA;team_members=;source_url=https://en.wikipedia.org/wiki/FIS_Alpine_World_Ski_Championships_2005,5.0
fis_alpine_world_ski_championships_2005_men_downhill,fis_alpine_athlete_Bode_Miller_USA,1,gold,event=Downhill;entry_country=USA;team_members=;source_url=https://en.wikipedia.org/wiki/FIS_Alpine_World_Ski_Championships_2005,10.0
fis_alpine_world_ski_championships_2005_men_downhill,fis_alpine_athlete_Daron_Rahlves_USA,2,silver,event=Downhill;entry_country=USA;team_members=;source_url=https://en.wikipedia.org/wiki/FIS_Alpine_World_Ski_Championships_2005,7.0
fis_alpine_world_ski_championships_2005_men_downhill,fis_alpine_athlete_Michael_Walchhofer_AUT,3,bronze,event=Downhill;entry_country=AUT;team_members=;source_url=https://en.wikipedia.org/wiki/FIS_Alpine_World_Ski_Championships_2005,5.0
fis_alpine_world_ski_championships_2005_men_giant-slalom,fis_alpine_athlete_Hermann_Maier_AUT,1,gold,event=Giant slalom;entry_country=AUT;team_members=;source_url=https://en.wikipedia.org/wiki/FIS_Alpine_World_Ski_Championships_2005,10.0
fis_alpine_world_ski_championships_2005_men_giant-slalom,fis_alpine_athlete_Benjamin_Raich_AUT,2,silver,event=Giant slalom;entry_country=AUT;team_members=;source_url=https://en.wikipedia.org/wiki/FIS_Alpine_World_Ski_Championships_2005,7.0
fis_alpine_world_ski_championships_2005_men_giant-slalom,fis_alpine_athlete_Daron_Rahlves_USA,3,bronze,event=Giant slalom;entry_country=USA;team_members=;source_url=https://en.wikipedia.org/wiki/FIS_Alpine_World_Ski_Championships_2005,5.0
fis_alpine_world_ski_championships_2005_men_slalom,fis_alpine_athlete_Benjamin_Raich_AUT,1,gold,event=Slalom;entry_country=AUT;team_members=;source_url=https://en.wikipedia.org/wiki/FIS_Alpine_World_Ski_Championships_2005,10.0
fis_alpine_world_ski_championships_2005_men_slalom,fis_alpine_athlete_Rainer_Schönfelder_AUT,2,silver,event=Slalom;entry_country=AUT;team_members=;source_url=https://en.wikipedia.org/wiki/FIS_Alpine_World_Ski_Championships_2005,7.0
fis_alpine_world_ski_championships_2005_men_slalom,fis_alpine_athlete_Giorgio_Rocca_ITA,3,bronze,event=Slalom;entry_country=ITA;team_members=;source_url=https://en.wikipedia.org/wiki/FIS_Alpine_World_Ski_Championships_2005,5.0
fis_alpine_world_ski_championships_2005_men_super-g,fis_alpine_athlete_Bode_Miller_USA,1,gold,event=Super-G;entry_country=USA;team_members=;source_url=https://en.wikipedia.org/wiki/FIS_Alpine_World_Ski_Championships_2005,10.0
fis_alpine_world_ski_championships_2005_men_super-g,fis_alpine_athlete_Daron_Rahlves_USA,2,silver,event=Super-G;entry_country=USA;team_members=;source_url=https://en.wikipedia.org/wiki/FIS_Alpine_World_Ski_Championships_2005,7.0
fis_alpine_world_ski_championships_2005_men_super-g,fis_alpine_athlete_Michael_Walchhofer_AUT,3,bronze,event=Super-G;entry_country=AUT;team_members=;source_url=https://en.wikipedia.org/wiki/FIS_Alpine_World_Ski_Championships_2005,5.0
fis_alpine_world_ski_championships_2005_mixed_mixed-team,fis_alpine_team_Germany_DEU,1,gold,event=Mixed team;entry_country=DEU;team_members=M. Bergmann-Schmuderer; Andreas Ertl; Martina Ertl; Florian Eckert; Hilde Gerg; Felix Neureuther;source_url=https://en.wikipedia.org/wiki/FIS_Alpine_World_Ski_Championships_2005#Team_event,10.0
fis_alpine_world_ski_championships_2005_mixed_mixed-team,fis_alpine_team_Austria_AUT,2,silver,event=Mixed team;entry_country=AUT;team_members=Nicole Hosp; Renate Götschl; Benjamin Raich; Rainer Schönfelder; Michael Walchhofer; Kathrin Zettel;source_url=https://en.wikipedia.org/wiki/FIS_Alpine_World_Ski_Championships_2005#Team_event,7.0
fis_alpine_world_ski_championships_2005_mixed_mixed-team,fis_alpine_team_France_FRA,3,bronze,event=Mixed team;entry_country=FRA;team_members=Pierrick Bourgeat; Ingrid Jacquemod; Carole Montillet; Christel Pascal; Laure Pequegnot; Jean-Pierre Vidal;source_url=https://en.wikipedia.org/wiki/FIS_Alpine_World_Ski_Championships_2005#Team_event,5.0
fis_alpine_world_ski_championships_2005_women_combined,fis_alpine_athlete_Janica_Kosteli_HRV,1,gold,event=Combined;entry_country=HRV;team_members=;source_url=https://en.wikipedia.org/wiki/FIS_Alpine_World_Ski_Championships_2005,10.0
fis_alpine_world_ski_championships_2005_women_combined,fis_alpine_athlete_Anja_Pärson_SWE,2,silver,event=Combined;entry_country=SWE;team_members=;source_url=https://en.wikipedia.org/wiki/FIS_Alpine_World_Ski_Championships_2005,7.0
fis_alpine_world_ski_championships_2005_women_combined,fis_alpine_athlete_Marlies_Schild_AUT,3,bronze,event=Combined;entry_country=AUT;team_members=;source_url=https://en.wikipedia.org/wiki/FIS_Alpine_World_Ski_Championships_2005,5.0
fis_alpine_world_ski_championships_2005_women_downhill,fis_alpine_athlete_Janica_Kosteli_HRV,1,gold,event=Downhill;entry_country=HRV;team_members=;source_url=https://en.wikipedia.org/wiki/FIS_Alpine_World_Ski_Championships_2005,10.0
fis_alpine_world_ski_championships_2005_women_downhill,fis_alpine_athlete_Elena_Fanchini_ITA,2,silver,event=Downhill;entry_country=ITA;team_members=;source_url=https://en.wikipedia.org/wiki/FIS_Alpine_World_Ski_Championships_2005,7.0
fis_alpine_world_ski_championships_2005_women_downhill,fis_alpine_athlete_Renate_Götschl_AUT,3,bronze,event=Downhill;entry_country=AUT;team_members=;source_url=https://en.wikipedia.org/wiki/FIS_Alpine_World_Ski_Championships_2005,5.0
fis_alpine_world_ski_championships_2005_women_giant-slalom,fis_alpine_athlete_Anja_Pärson_SWE,1,gold,event=Giant slalom;entry_country=SWE;team_members=;source_url=https://en.wikipedia.org/wiki/FIS_Alpine_World_Ski_Championships_2005,10.0
fis_alpine_world_ski_championships_2005_women_giant-slalom,fis_alpine_athlete_Tanja_Poutiainen_FIN,2,silver,event=Giant slalom;entry_country=FIN;team_members=;source_url=https://en.wikipedia.org/wiki/FIS_Alpine_World_Ski_Championships_2005,7.0
fis_alpine_world_ski_championships_2005_women_giant-slalom,fis_alpine_athlete_Julia_Mancuso_USA,3,bronze,event=Giant slalom;entry_country=USA;team_members=;source_url=https://en.wikipedia.org/wiki/FIS_Alpine_World_Ski_Championships_2005,5.0
fis_alpine_world_ski_championships_2005_women_slalom,fis_alpine_athlete_Janica_Kosteli_HRV,1,gold,event=Slalom;entry_country=HRV;team_members=;source_url=https://en.wikipedia.org/wiki/FIS_Alpine_World_Ski_Championships_2005,10.0
fis_alpine_world_ski_championships_2005_women_slalom,fis_alpine_athlete_Tanja_Poutiainen_FIN,2,silver,event=Slalom;entry_country=FIN;team_members=;source_url=https://en.wikipedia.org/wiki/FIS_Alpine_World_Ski_Championships_2005,7.0
fis_alpine_world_ski_championships_2005_women_slalom,fis_alpine_athlete_árka_Záhrobská_CZE,3,bronze,event=Slalom;entry_country=CZE;team_members=;source_url=https://en.wikipedia.org/wiki/FIS_Alpine_World_Ski_Championships_2005,5.0
fis_alpine_world_ski_championships_2005_women_super-g,fis_alpine_athlete_Anja_Pärson_SWE,1,gold,event=Super-G;entry_country=SWE;team_members=;source_url=https://en.wikipedia.org/wiki/FIS_Alpine_World_Ski_Championships_2005,10.0
fis_alpine_world_ski_championships_2005_women_super-g,fis_alpine_athlete_Lucia_Recchia_ITA,2,silver,event=Super-G;entry_country=ITA;team_members=;source_url=https://en.wikipedia.org/wiki/FIS_Alpine_World_Ski_Championships_2005,7.0
fis_alpine_world_ski_championships_2005_women_super-g,fis_alpine_athlete_Julia_Mancuso_USA,3,bronze,event=Super-G;entry_country=USA;team_members=;source_url=https://en.wikipedia.org/wiki/FIS_Alpine_World_Ski_Championships_2005,5.0
fis_alpine_world_ski_championships_2007_men_combined,fis_alpine_athlete_Daniel_Albrecht_CHE,1,gold,event=Combined;entry_country=CHE;team_members=;source_url=https://en.wikipedia.org/wiki/FIS_Alpine_World_Ski_Championships_2007_%E2%80%93_Men%27s_super_combined,10.0
fis_alpine_world_ski_championships_2007_men_combined,fis_alpine_athlete_Benjamin_Raich_AUT,2,silver,event=Combined;entry_country=AUT;team_members=;source_url=https://en.wikipedia.org/wiki/FIS_Alpine_World_Ski_Championships_2007_%E2%80%93_Men%27s_super_combined,7.0
fis_alpine_world_ski_championships_2007_men_combined,fis_alpine_athlete_Marc_Berthod_CHE,3,bronze,event=Combined;entry_country=CHE;team_members=;source_url=https://en.wikipedia.org/wiki/FIS_Alpine_World_Ski_Championships_2007_%E2%80%93_Men%27s_super_combined,5.0
fis_alpine_world_ski_championships_2007_men_downhill,fis_alpine_athlete_Aksel_Lund_Svindal_NOR,1,gold,event=Downhill;entry_country=NOR;team_members=;source_url=https://en.wikipedia.org/wiki/FIS_Alpine_World_Ski_Championships_2007_%E2%80%93_Men%27s_downhill,10.0
fis_alpine_world_ski_championships_2007_men_downhill,fis_alpine_athlete_Jan_Hudec_CAN,2,silver,event=Downhill;entry_country=CAN;team_members=;source_url=https://en.wikipedia.org/wiki/FIS_Alpine_World_Ski_Championships_2007_%E2%80%93_Men%27s_downhill,7.0
fis_alpine_world_ski_championships_2007_men_downhill,fis_alpine_athlete_Patrik_Järbyn_SWE,3,bronze,event=Downhill;entry_country=SWE;team_members=;source_url=https://en.wikipedia.org/wiki/FIS_Alpine_World_Ski_Championships_2007_%E2%80%93_Men%27s_downhill,5.0
fis_alpine_world_ski_championships_2007_men_giant-slalom,fis_alpine_athlete_Aksel_Lund_Svindal_NOR,1,gold,event=Giant slalom;entry_country=NOR;team_members=;source_url=https://en.wikipedia.org/wiki/FIS_Alpine_World_Ski_Championships_2007,10.0
fis_alpine_world_ski_championships_2007_men_giant-slalom,fis_alpine_athlete_Daniel_Albrecht_CHE,2,silver,event=Giant slalom;entry_country=CHE;team_members=;source_url=https://en.wikipedia.org/wiki/FIS_Alpine_World_Ski_Championships_2007,7.0
fis_alpine_world_ski_championships_2007_men_giant-slalom,fis_alpine_athlete_Didier_Cuche_CHE,3,bronze,event=Giant slalom;entry_country=CHE;team_members=;source_url=https://en.wikipedia.org/wiki/FIS_Alpine_World_Ski_Championships_2007,5.0
fis_alpine_world_ski_championships_2007_men_slalom,fis_alpine_athlete_Mario_Matt_AUT,1,gold,event=Slalom;entry_country=AUT;team_members=;source_url=https://en.wikipedia.org/wiki/FIS_Alpine_World_Ski_Championships_2007_%E2%80%93_Men%27s_slalom,10.0
fis_alpine_world_ski_championships_2007_men_slalom,fis_alpine_athlete_Manfred_Mölgg_ITA,2,silver,event=Slalom;entry_country=ITA;team_members=;source_url=https://en.wikipedia.org/wiki/FIS_Alpine_World_Ski_Championships_2007_%E2%80%93_Men%27s_slalom,7.0
fis_alpine_world_ski_championships_2007_men_slalom,fis_alpine_athlete_Jean-Baptiste_Grange_FRA,3,bronze,event=Slalom;entry_country=FRA;team_members=;source_url=https://en.wikipedia.org/wiki/FIS_Alpine_World_Ski_Championships_2007_%E2%80%93_Men%27s_slalom,5.0
fis_alpine_world_ski_championships_2007_men_super-g,fis_alpine_athlete_Patrick_Staudacher_ITA,1,gold,event=Super-G;entry_country=ITA;team_members=;source_url=https://en.wikipedia.org/wiki/FIS_Alpine_World_Ski_Championships_2007_%E2%80%93_Men%27s_super-G,10.0
fis_alpine_world_ski_championships_2007_men_super-g,fis_alpine_athlete_Fritz_Strobl_AUT,2,silver,event=Super-G;entry_country=AUT;team_members=;source_url=https://en.wikipedia.org/wiki/FIS_Alpine_World_Ski_Championships_2007_%E2%80%93_Men%27s_super-G,7.0
fis_alpine_world_ski_championships_2007_men_super-g,fis_alpine_athlete_Bruno_Kernen_CHE,3,bronze,event=Super-G;entry_country=CHE;team_members=;source_url=https://en.wikipedia.org/wiki/FIS_Alpine_World_Ski_Championships_2007_%E2%80%93_Men%27s_super-G,5.0
fis_alpine_world_ski_championships_2007_mixed_mixed-team,fis_alpine_team_Austria_AUT,1,gold,event=Mixed team;entry_country=AUT;team_members=Renate Götschl; Michaela Kirchgasser; Mario Matt; Benjamin Raich; Marlies Schild; Fritz Strobl;source_url=https://en.wikipedia.org/wiki/FIS_Alpine_World_Ski_Championships_2007#Team_event,10.0
fis_alpine_world_ski_championships_2007_mixed_mixed-team,fis_alpine_team_Sweden_SWE,2,silver,event=Mixed team;entry_country=SWE;team_members=Jens Byggmark; Patrik Järbyn; Markus Larsson; Hans Olsson; Anna Ottosson; Anja Pärson;source_url=https://en.wikipedia.org/wiki/FIS_Alpine_World_Ski_Championships_2007#Team_event,7.0
fis_alpine_world_ski_championships_2007_mixed_mixed-team,fis_alpine_team_Switzerland_CHE,3,bronze,event=Mixed team;entry_country=CHE;team_members=Daniel Albrecht; Marc Berthod; Sandra Gini; Rabea Grand; Nadia Styger; Fabienne Suter;source_url=https://en.wikipedia.org/wiki/FIS_Alpine_World_Ski_Championships_2007#Team_event,5.0
fis_alpine_world_ski_championships_2007_women_combined,fis_alpine_athlete_Anja_Pärson_SWE,1,gold,event=Combined;entry_country=SWE;team_members=;source_url=https://en.wikipedia.org/wiki/FIS_Alpine_World_Ski_Championships_2007_%E2%80%93_Women%27s_super_combined,10.0
fis_alpine_world_ski_championships_2007_women_combined,fis_alpine_athlete_Julia_Mancuso_USA,2,silver,event=Combined;entry_country=USA;team_members=;source_url=https://en.wikipedia.org/wiki/FIS_Alpine_World_Ski_Championships_2007_%E2%80%93_Women%27s_super_combined,7.0
fis_alpine_world_ski_championships_2007_women_combined,fis_alpine_athlete_Marlies_Schild_AUT,3,bronze,event=Combined;entry_country=AUT;team_members=;source_url=https://en.wikipedia.org/wiki/FIS_Alpine_World_Ski_Championships_2007_%E2%80%93_Women%27s_super_combined,5.0
fis_alpine_world_ski_championships_2007_women_downhill,fis_alpine_athlete_Anja_Pärson_SWE,1,gold,event=Downhill;entry_country=SWE;team_members=;source_url=https://en.wikipedia.org/wiki/FIS_Alpine_World_Ski_Championships_2007_%E2%80%93_Women%27s_downhill,10.0
fis_alpine_world_ski_championships_2007_women_downhill,fis_alpine_athlete_Lindsey_Kildow_USA,2,silver,event=Downhill;entry_country=USA;team_members=;source_url=https://en.wikipedia.org/wiki/FIS_Alpine_World_Ski_Championships_2007_%E2%80%93_Women%27s_downhill,7.0
fis_alpine_world_ski_championships_2007_women_downhill,fis_alpine_athlete_Nicole_Hosp_AUT,3,bronze,event=Downhill;entry_country=AUT;team_members=;source_url=https://en.wikipedia.org/wiki/FIS_Alpine_World_Ski_Championships_2007_%E2%80%93_Women%27s_downhill,5.0
fis_alpine_world_ski_championships_2007_women_giant-slalom,fis_alpine_athlete_Nicole_Hosp_AUT,1,gold,event=Giant slalom;entry_country=AUT;team_members=;source_url=https://en.wikipedia.org/wiki/FIS_Alpine_World_Ski_Championships_2007_%E2%80%93_Women%27s_giant_slalom,10.0
fis_alpine_world_ski_championships_2007_women_giant-slalom,fis_alpine_athlete_Maria_Pietilä_Holmner_SWE,2,silver,event=Giant slalom;entry_country=SWE;team_members=;source_url=https://en.wikipedia.org/wiki/FIS_Alpine_World_Ski_Championships_2007_%E2%80%93_Women%27s_giant_slalom,7.0
fis_alpine_world_ski_championships_2007_women_giant-slalom,fis_alpine_athlete_Denise_Karbon_ITA,3,bronze,event=Giant slalom;entry_country=ITA;team_members=;source_url=https://en.wikipedia.org/wiki/FIS_Alpine_World_Ski_Championships_2007_%E2%80%93_Women%27s_giant_slalom,5.0
fis_alpine_world_ski_championships_2007_women_slalom,fis_alpine_athlete_árka_Záhrobská_CZE,1,gold,event=Slalom;entry_country=CZE;team_members=;source_url=https://en.wikipedia.org/wiki/FIS_Alpine_World_Ski_Championships_2007_%E2%80%93_Women%27s_slalom,10.0
fis_alpine_world_ski_championships_2007_women_slalom,fis_alpine_athlete_Marlies_Schild_AUT,2,silver,event=Slalom;entry_country=AUT;team_members=;source_url=https://en.wikipedia.org/wiki/FIS_Alpine_World_Ski_Championships_2007_%E2%80%93_Women%27s_slalom,7.0
fis_alpine_world_ski_championships_2007_women_slalom,fis_alpine_athlete_Anja_Pärson_SWE,3,bronze,event=Slalom;entry_country=SWE;team_members=;source_url=https://en.wikipedia.org/wiki/FIS_Alpine_World_Ski_Championships_2007_%E2%80%93_Women%27s_slalom,5.0
fis_alpine_world_ski_championships_2007_women_super-g,fis_alpine_athlete_Anja_Pärson_SWE,1,gold,event=Super-G;entry_country=SWE;team_members=;source_url=https://en.wikipedia.org/wiki/FIS_Alpine_World_Ski_Championships_2007_%E2%80%93_Women%27s_super-G,10.0
fis_alpine_world_ski_championships_2007_women_super-g,fis_alpine_athlete_Lindsey_Kildow_USA,2,silver,event=Super-G;entry_country=USA;team_members=;source_url=https://en.wikipedia.org/wiki/FIS_Alpine_World_Ski_Championships_2007_%E2%80%93_Women%27s_super-G,7.0
fis_alpine_world_ski_championships_2007_women_super-g,fis_alpine_athlete_Renate_Götschl_AUT,3,bronze,event=Super-G;entry_country=AUT;team_members=;source_url=https://en.wikipedia.org/wiki/FIS_Alpine_World_Ski_Championships_2007_%E2%80%93_Women%27s_super-G,5.0
fis_alpine_world_ski_championships_2009_men_combined,fis_alpine_athlete_Aksel_Lund_Svindal_NOR,1,gold,event=Combined;entry_country=NOR;team_members=;source_url=https://en.wikipedia.org/wiki/FIS_Alpine_World_Ski_Championships_2009_%E2%80%93_Men%27s_super_combined,10.0
fis_alpine_world_ski_championships_2009_men_combined,fis_alpine_athlete_Julien_Lizeroux_FRA,2,silver,event=Combined;entry_country=FRA;team_members=;source_url=https://en.wikipedia.org/wiki/FIS_Alpine_World_Ski_Championships_2009_%E2%80%93_Men%27s_super_combined,7.0
fis_alpine_world_ski_championships_2009_men_combined,fis_alpine_athlete_Natko_Zrni-Dim_HRV,3,bronze,event=Combined;entry_country=HRV;team_members=;source_url=https://en.wikipedia.org/wiki/FIS_Alpine_World_Ski_Championships_2009_%E2%80%93_Men%27s_super_combined,5.0
fis_alpine_world_ski_championships_2009_men_downhill,fis_alpine_athlete_John_Kucera_CAN,1,gold,event=Downhill;entry_country=CAN;team_members=;source_url=https://en.wikipedia.org/wiki/FIS_Alpine_World_Ski_Championships_2009_%E2%80%93_Men%27s_downhill,10.0
fis_alpine_world_ski_championships_2009_men_downhill,fis_alpine_athlete_Didier_Cuche_CHE,2,silver,event=Downhill;entry_country=CHE;team_members=;source_url=https://en.wikipedia.org/wiki/FIS_Alpine_World_Ski_Championships_2009_%E2%80%93_Men%27s_downhill,7.0
fis_alpine_world_ski_championships_2009_men_downhill,fis_alpine_athlete_Carlo_Janka_CHE,3,bronze,event=Downhill;entry_country=CHE;team_members=;source_url=https://en.wikipedia.org/wiki/FIS_Alpine_World_Ski_Championships_2009_%E2%80%93_Men%27s_downhill,5.0
fis_alpine_world_ski_championships_2009_men_giant-slalom,fis_alpine_athlete_Carlo_Janka_CHE,1,gold,event=Giant slalom;entry_country=CHE;team_members=;source_url=https://en.wikipedia.org/wiki/FIS_Alpine_World_Ski_Championships_2009_%E2%80%93_Men%27s_giant_slalom,10.0
fis_alpine_world_ski_championships_2009_men_giant-slalom,fis_alpine_athlete_Benjamin_Raich_AUT,2,silver,event=Giant slalom;entry_country=AUT;team_members=;source_url=https://en.wikipedia.org/wiki/FIS_Alpine_World_Ski_Championships_2009_%E2%80%93_Men%27s_giant_slalom,7.0
fis_alpine_world_ski_championships_2009_men_giant-slalom,fis_alpine_athlete_Ted_Ligety_USA,3,bronze,event=Giant slalom;entry_country=USA;team_members=;source_url=https://en.wikipedia.org/wiki/FIS_Alpine_World_Ski_Championships_2009_%E2%80%93_Men%27s_giant_slalom,5.0
fis_alpine_world_ski_championships_2009_men_slalom,fis_alpine_athlete_Manfred_Pranger_AUT,1,gold,event=Slalom;entry_country=AUT;team_members=;source_url=https://en.wikipedia.org/wiki/FIS_Alpine_World_Ski_Championships_2009_%E2%80%93_Men%27s_slalom,10.0
fis_alpine_world_ski_championships_2009_men_slalom,fis_alpine_athlete_Julien_Lizeroux_FRA,2,silver,event=Slalom;entry_country=FRA;team_members=;source_url=https://en.wikipedia.org/wiki/FIS_Alpine_World_Ski_Championships_2009_%E2%80%93_Men%27s_slalom,7.0
fis_alpine_world_ski_championships_2009_men_slalom,fis_alpine_athlete_Michael_Janyk_CAN,3,bronze,event=Slalom;entry_country=CAN;team_members=;source_url=https://en.wikipedia.org/wiki/FIS_Alpine_World_Ski_Championships_2009_%E2%80%93_Men%27s_slalom,5.0
fis_alpine_world_ski_championships_2009_men_super-g,fis_alpine_athlete_Didier_Cuche_CHE,1,gold,event=Super-G;entry_country=CHE;team_members=;source_url=https://en.wikipedia.org/wiki/FIS_Alpine_World_Ski_Championships_2009_%E2%80%93_Men%27s_super-G,10.0
fis_alpine_world_ski_championships_2009_men_super-g,fis_alpine_athlete_Peter_Fill_ITA,2,silver,event=Super-G;entry_country=ITA;team_members=;source_url=https://en.wikipedia.org/wiki/FIS_Alpine_World_Ski_Championships_2009_%E2%80%93_Men%27s_super-G,7.0
fis_alpine_world_ski_championships_2009_men_super-g,fis_alpine_athlete_Aksel_Lund_Svindal_NOR,3,bronze,event=Super-G;entry_country=NOR;team_members=;source_url=https://en.wikipedia.org/wiki/FIS_Alpine_World_Ski_Championships_2009_%E2%80%93_Men%27s_super-G,5.0
fis_alpine_world_ski_championships_2009_women_combined,fis_alpine_athlete_Kathrin_Zettel_AUT,1,gold,event=Combined;entry_country=AUT;team_members=;source_url=https://en.wikipedia.org/wiki/FIS_Alpine_World_Ski_Championships_2009_%E2%80%93_Women%27s_super_combined,10.0
fis_alpine_world_ski_championships_2009_women_combined,fis_alpine_athlete_Lara_Gut_CHE,2,silver,event=Combined;entry_country=CHE;team_members=;source_url=https://en.wikipedia.org/wiki/FIS_Alpine_World_Ski_Championships_2009_%E2%80%93_Women%27s_super_combined,7.0
fis_alpine_world_ski_championships_2009_women_combined,fis_alpine_athlete_Elisabeth_Görgl_AUT,3,bronze,event=Combined;entry_country=AUT;team_members=;source_url=https://en.wikipedia.org/wiki/FIS_Alpine_World_Ski_Championships_2009_%E2%80%93_Women%27s_super_combined,5.0
fis_alpine_world_ski_championships_2009_women_downhill,fis_alpine_athlete_Lindsey_Vonn_USA,1,gold,event=Downhill;entry_country=USA;team_members=;source_url=https://en.wikipedia.org/wiki/FIS_Alpine_World_Ski_Championships_2009_%E2%80%93_Women%27s_downhill,10.0
fis_alpine_world_ski_championships_2009_women_downhill,fis_alpine_athlete_Lara_Gut_CHE,2,silver,event=Downhill;entry_country=CHE;team_members=;source_url=https://en.wikipedia.org/wiki/FIS_Alpine_World_Ski_Championships_2009_%E2%80%93_Women%27s_downhill,7.0
fis_alpine_world_ski_championships_2009_women_downhill,fis_alpine_athlete_Nadia_Fanchini_ITA,3,bronze,event=Downhill;entry_country=ITA;team_members=;source_url=https://en.wikipedia.org/wiki/FIS_Alpine_World_Ski_Championships_2009_%E2%80%93_Women%27s_downhill,5.0
fis_alpine_world_ski_championships_2009_women_giant-slalom,fis_alpine_athlete_Kathrin_Hölzl_DEU,1,gold,event=Giant slalom;entry_country=DEU;team_members=;source_url=https://en.wikipedia.org/wiki/FIS_Alpine_World_Ski_Championships_2009_%E2%80%93_Women%27s_giant_slalom,10.0
fis_alpine_world_ski_championships_2009_women_giant-slalom,fis_alpine_athlete_Tina_Maze_SVN,2,silver,event=Giant slalom;entry_country=SVN;team_members=;source_url=https://en.wikipedia.org/wiki/FIS_Alpine_World_Ski_Championships_2009_%E2%80%93_Women%27s_giant_slalom,7.0
fis_alpine_world_ski_championships_2009_women_giant-slalom,fis_alpine_athlete_Tanja_Poutiainen_FIN,3,bronze,event=Giant slalom;entry_country=FIN;team_members=;source_url=https://en.wikipedia.org/wiki/FIS_Alpine_World_Ski_Championships_2009_%E2%80%93_Women%27s_giant_slalom,5.0
fis_alpine_world_ski_championships_2009_women_slalom,fis_alpine_athlete_Maria_Höfl-Riesch_DEU,1,gold,event=Slalom;entry_country=DEU;team_members=;source_url=https://en.wikipedia.org/wiki/FIS_Alpine_World_Ski_Championships_2009_%E2%80%93_Women%27s_slalom,10.0
fis_alpine_world_ski_championships_2009_women_slalom,fis_alpine_athlete_árka_Záhrobská_CZE,2,silver,event=Slalom;entry_country=CZE;team_members=;source_url=https://en.wikipedia.org/wiki/FIS_Alpine_World_Ski_Championships_2009_%E2%80%93_Women%27s_slalom,7.0
fis_alpine_world_ski_championships_2009_women_slalom,fis_alpine_athlete_Tanja_Poutiainen_FIN,3,bronze,event=Slalom;entry_country=FIN;team_members=;source_url=https://en.wikipedia.org/wiki/FIS_Alpine_World_Ski_Championships_2009_%E2%80%93_Women%27s_slalom,5.0
fis_alpine_world_ski_championships_2009_women_super-g,fis_alpine_athlete_Lindsey_Vonn_USA,1,gold,event=Super-G;entry_country=USA;team_members=;source_url=https://en.wikipedia.org/wiki/FIS_Alpine_World_Ski_Championships_2009_%E2%80%93_Women%27s_super-G,10.0
fis_alpine_world_ski_championships_2009_women_super-g,fis_alpine_athlete_Marie_Marchand-Arvier_FRA,2,silver,event=Super-G;entry_country=FRA;team_members=;source_url=https://en.wikipedia.org/wiki/FIS_Alpine_World_Ski_Championships_2009_%E2%80%93_Women%27s_super-G,7.0
fis_alpine_world_ski_championships_2009_women_super-g,fis_alpine_athlete_Andrea_Fischbacher_AUT,3,bronze,event=Super-G;entry_country=AUT;team_members=;source_url=https://en.wikipedia.org/wiki/FIS_Alpine_World_Ski_Championships_2009_%E2%80%93_Women%27s_super-G,5.0
fis_alpine_world_ski_championships_2011_men_combined,fis_alpine_athlete_Aksel_Lund_Svindal_NOR,1,gold,event=Combined;entry_country=NOR;team_members=;source_url=https://en.wikipedia.org/wiki/FIS_Alpine_World_Ski_Championships_2011_%E2%80%93_Men%27s_super_combined,10.0
fis_alpine_world_ski_championships_2011_men_combined,fis_alpine_athlete_Christof_Innerhofer_ITA,2,silver,event=Combined;entry_country=ITA;team_members=;source_url=https://en.wikipedia.org/wiki/FIS_Alpine_World_Ski_Championships_2011_%E2%80%93_Men%27s_super_combined,7.0
fis_alpine_world_ski_championships_2011_men_combined,fis_alpine_athlete_Peter_Fill_ITA,3,bronze,event=Combined;entry_country=ITA;team_members=;source_url=https://en.wikipedia.org/wiki/FIS_Alpine_World_Ski_Championships_2011_%E2%80%93_Men%27s_super_combined,5.0
fis_alpine_world_ski_championships_2011_men_downhill,fis_alpine_athlete_Erik_Guay_CAN,1,gold,event=Downhill;entry_country=CAN;team_members=;source_url=https://en.wikipedia.org/wiki/FIS_Alpine_World_Ski_Championships_2011_%E2%80%93_Men%27s_downhill,10.0
fis_alpine_world_ski_championships_2011_men_downhill,fis_alpine_athlete_Didier_Cuche_CHE,2,silver,event=Downhill;entry_country=CHE;team_members=;source_url=https://en.wikipedia.org/wiki/FIS_Alpine_World_Ski_Championships_2011_%E2%80%93_Men%27s_downhill,7.0
fis_alpine_world_ski_championships_2011_men_downhill,fis_alpine_athlete_Christof_Innerhofer_ITA,3,bronze,event=Downhill;entry_country=ITA;team_members=;source_url=https://en.wikipedia.org/wiki/FIS_Alpine_World_Ski_Championships_2011_%E2%80%93_Men%27s_downhill,5.0
fis_alpine_world_ski_championships_2011_men_giant-slalom,fis_alpine_athlete_Ted_Ligety_USA,1,gold,event=Giant slalom;entry_country=USA;team_members=;source_url=https://en.wikipedia.org/wiki/FIS_Alpine_World_Ski_Championships_2011_%E2%80%93_Men%27s_giant_slalom,10.0
fis_alpine_world_ski_championships_2011_men_giant-slalom,fis_alpine_athlete_Cyprien_Richard_FRA,2,silver,event=Giant slalom;entry_country=FRA;team_members=;source_url=https://en.wikipedia.org/wiki/FIS_Alpine_World_Ski_Championships_2011_%E2%80%93_Men%27s_giant_slalom,7.0
fis_alpine_world_ski_championships_2011_men_giant-slalom,fis_alpine_athlete_Philipp_Schörghofer_AUT,3,bronze,event=Giant slalom;entry_country=AUT;team_members=;source_url=https://en.wikipedia.org/wiki/FIS_Alpine_World_Ski_Championships_2011_%E2%80%93_Men%27s_giant_slalom,5.0
fis_alpine_world_ski_championships_2011_men_slalom,fis_alpine_athlete_Jean-Baptiste_Grange_FRA,1,gold,event=Slalom;entry_country=FRA;team_members=;source_url=https://en.wikipedia.org/wiki/FIS_Alpine_World_Ski_Championships_2011_%E2%80%93_Men%27s_slalom,10.0
fis_alpine_world_ski_championships_2011_men_slalom,fis_alpine_athlete_Jens_Byggmark_SWE,2,silver,event=Slalom;entry_country=SWE;team_members=;source_url=https://en.wikipedia.org/wiki/FIS_Alpine_World_Ski_Championships_2011_%E2%80%93_Men%27s_slalom,7.0
fis_alpine_world_ski_championships_2011_men_slalom,fis_alpine_athlete_Manfred_Mölgg_ITA,3,bronze,event=Slalom;entry_country=ITA;team_members=;source_url=https://en.wikipedia.org/wiki/FIS_Alpine_World_Ski_Championships_2011_%E2%80%93_Men%27s_slalom,5.0
fis_alpine_world_ski_championships_2011_men_super-g,fis_alpine_athlete_Christof_Innerhofer_ITA,1,gold,event=Super-G;entry_country=ITA;team_members=;source_url=https://en.wikipedia.org/wiki/FIS_Alpine_World_Ski_Championships_2011_%E2%80%93_Men%27s_super-G,10.0
fis_alpine_world_ski_championships_2011_men_super-g,fis_alpine_athlete_Hannes_Reichelt_AUT,2,silver,event=Super-G;entry_country=AUT;team_members=;source_url=https://en.wikipedia.org/wiki/FIS_Alpine_World_Ski_Championships_2011_%E2%80%93_Men%27s_super-G,7.0
fis_alpine_world_ski_championships_2011_men_super-g,fis_alpine_athlete_Ivica_Kosteli_HRV,3,bronze,event=Super-G;entry_country=HRV;team_members=;source_url=https://en.wikipedia.org/wiki/FIS_Alpine_World_Ski_Championships_2011_%E2%80%93_Men%27s_super-G,5.0
fis_alpine_world_ski_championships_2011_mixed_mixed-team,fis_alpine_team_France_FRA,1,gold,event=Mixed team;entry_country=FRA;team_members=Taina Barioz; Thomas Fanara; Anémone Marmottan; Cyprien Richard; Tessa Worley; Gauthier de Tessieres;source_url=https://en.wikipedia.org/wiki/FIS_Alpine_World_Ski_Championships_2011_%E2%80%93_Nations_team_event,10.0
fis_alpine_world_ski_championships_2011_mixed_mixed-team,fis_alpine_team_Austria_AUT,2,silver,event=Mixed team;entry_country=AUT;team_members=Romed Baumann; Anna Fenninger; Michaela Kirchgasser; Benjamin Raich; Marlies Schild; Philipp Schörghofer;source_url=https://en.wikipedia.org/wiki/FIS_Alpine_World_Ski_Championships_2011_%E2%80%93_Nations_team_event,7.0
fis_alpine_world_ski_championships_2011_mixed_mixed-team,fis_alpine_team_Sweden_SWE,3,bronze,event=Mixed team;entry_country=SWE;team_members=Hans Olsson; Matts Olsson; Anja Pärson; Maria Pietilä Holmner; Axel Bäck; Sara Hector;source_url=https://en.wikipedia.org/wiki/FIS_Alpine_World_Ski_Championships_2011_%E2%80%93_Nations_team_event,5.0
fis_alpine_world_ski_championships_2011_women_combined,fis_alpine_athlete_Anna_Fenninger_AUT,1,gold,event=Combined;entry_country=AUT;team_members=;source_url=https://en.wikipedia.org/wiki/FIS_Alpine_World_Ski_Championships_2011_%E2%80%93_Women%27s_super_combined,10.0
fis_alpine_world_ski_championships_2011_women_combined,fis_alpine_athlete_Tina_Maze_SVN,2,silver,event=Combined;entry_country=SVN;team_members=;source_url=https://en.wikipedia.org/wiki/FIS_Alpine_World_Ski_Championships_2011_%E2%80%93_Women%27s_super_combined,7.0
fis_alpine_world_ski_championships_2011_women_combined,fis_alpine_athlete_Anja_Pärson_SWE,3,bronze,event=Combined;entry_country=SWE;team_members=;source_url=https://en.wikipedia.org/wiki/FIS_Alpine_World_Ski_Championships_2011_%E2%80%93_Women%27s_super_combined,5.0
fis_alpine_world_ski_championships_2011_women_downhill,fis_alpine_athlete_Elisabeth_Görgl_AUT,1,gold,event=Downhill;entry_country=AUT;team_members=;source_url=https://en.wikipedia.org/wiki/FIS_Alpine_World_Ski_Championships_2011_%E2%80%93_Women%27s_downhill,10.0
fis_alpine_world_ski_championships_2011_women_downhill,fis_alpine_athlete_Lindsey_Vonn_USA,2,silver,event=Downhill;entry_country=USA;team_members=;source_url=https://en.wikipedia.org/wiki/FIS_Alpine_World_Ski_Championships_2011_%E2%80%93_Women%27s_downhill,7.0
fis_alpine_world_ski_championships_2011_women_downhill,fis_alpine_athlete_Maria_Riesch_DEU,3,bronze,event=Downhill;entry_country=DEU;team_members=;source_url=https://en.wikipedia.org/wiki/FIS_Alpine_World_Ski_Championships_2011_%E2%80%93_Women%27s_downhill,5.0
fis_alpine_world_ski_championships_2011_women_giant-slalom,fis_alpine_athlete_Tina_Maze_SVN,1,gold,event=Giant slalom;entry_country=SVN;team_members=;source_url=https://en.wikipedia.org/wiki/FIS_Alpine_World_Ski_Championships_2011_%E2%80%93_Women%27s_giant_slalom,10.0
fis_alpine_world_ski_championships_2011_women_giant-slalom,fis_alpine_athlete_Federica_Brignone_ITA,2,silver,event=Giant slalom;entry_country=ITA;team_members=;source_url=https://en.wikipedia.org/wiki/FIS_Alpine_World_Ski_Championships_2011_%E2%80%93_Women%27s_giant_slalom,7.0
fis_alpine_world_ski_championships_2011_women_giant-slalom,fis_alpine_athlete_Tessa_Worley_FRA,3,bronze,event=Giant slalom;entry_country=FRA;team_members=;source_url=https://en.wikipedia.org/wiki/FIS_Alpine_World_Ski_Championships_2011_%E2%80%93_Women%27s_giant_slalom,5.0
fis_alpine_world_ski_championships_2011_women_slalom,fis_alpine_athlete_Marlies_Schild_AUT,1,gold,event=Slalom;entry_country=AUT;team_members=;source_url=https://en.wikipedia.org/wiki/FIS_Alpine_World_Ski_Championships_2011_%E2%80%93_Women%27s_slalom,10.0
fis_alpine_world_ski_championships_2011_women_slalom,fis_alpine_athlete_Kathrin_Zettel_AUT,2,silver,event=Slalom;entry_country=AUT;team_members=;source_url=https://en.wikipedia.org/wiki/FIS_Alpine_World_Ski_Championships_2011_%E2%80%93_Women%27s_slalom,7.0
fis_alpine_world_ski_championships_2011_women_slalom,fis_alpine_athlete_Maria_Pietilä_Holmner_SWE,3,bronze,event=Slalom;entry_country=SWE;team_members=;source_url=https://en.wikipedia.org/wiki/FIS_Alpine_World_Ski_Championships_2011_%E2%80%93_Women%27s_slalom,5.0
fis_alpine_world_ski_championships_2011_women_super-g,fis_alpine_athlete_Elisabeth_Görgl_AUT,1,gold,event=Super-G;entry_country=AUT;team_members=;source_url=https://en.wikipedia.org/wiki/FIS_Alpine_World_Ski_Championships_2011_%E2%80%93_Women%27s_super-G,10.0
fis_alpine_world_ski_championships_2011_women_super-g,fis_alpine_athlete_Julia_Mancuso_USA,2,silver,event=Super-G;entry_country=USA;team_members=;source_url=https://en.wikipedia.org/wiki/FIS_Alpine_World_Ski_Championships_2011_%E2%80%93_Women%27s_super-G,7.0
fis_alpine_world_ski_championships_2011_women_super-g,fis_alpine_athlete_Maria_Riesch_DEU,3,bronze,event=Super-G;entry_country=DEU;team_members=;source_url=https://en.wikipedia.org/wiki/FIS_Alpine_World_Ski_Championships_2011_%E2%80%93_Women%27s_super-G,5.0
fis_alpine_world_ski_championships_2013_men_combined,fis_alpine_athlete_Ted_Ligety_USA,1,gold,event=Combined;entry_country=USA;team_members=;source_url=https://en.wikipedia.org/wiki/FIS_Alpine_World_Ski_Championships_2013_%E2%80%93_Men%27s_super_combined,10.0
fis_alpine_world_ski_championships_2013_men_combined,fis_alpine_athlete_Ivica_Kosteli_HRV,2,silver,event=Combined;entry_country=HRV;team_members=;source_url=https://en.wikipedia.org/wiki/FIS_Alpine_World_Ski_Championships_2013_%E2%80%93_Men%27s_super_combined,7.0
fis_alpine_world_ski_championships_2013_men_combined,fis_alpine_athlete_Romed_Baumann_AUT,3,bronze,event=Combined;entry_country=AUT;team_members=;source_url=https://en.wikipedia.org/wiki/FIS_Alpine_World_Ski_Championships_2013_%E2%80%93_Men%27s_super_combined,5.0
fis_alpine_world_ski_championships_2013_men_downhill,fis_alpine_athlete_Aksel_Lund_Svindal_NOR,1,gold,event=Downhill;entry_country=NOR;team_members=;source_url=https://en.wikipedia.org/wiki/FIS_Alpine_World_Ski_Championships_2013_%E2%80%93_Men%27s_downhill,10.0
fis_alpine_world_ski_championships_2013_men_downhill,fis_alpine_athlete_Dominik_Paris_ITA,2,silver,event=Downhill;entry_country=ITA;team_members=;source_url=https://en.wikipedia.org/wiki/FIS_Alpine_World_Ski_Championships_2013_%E2%80%93_Men%27s_downhill,7.0
fis_alpine_world_ski_championships_2013_men_downhill,fis_alpine_athlete_David_Poisson_FRA,3,bronze,event=Downhill;entry_country=FRA;team_members=;source_url=https://en.wikipedia.org/wiki/FIS_Alpine_World_Ski_Championships_2013_%E2%80%93_Men%27s_downhill,5.0
fis_alpine_world_ski_championships_2013_men_giant-slalom,fis_alpine_athlete_Ted_Ligety_USA,1,gold,event=Giant slalom;entry_country=USA;team_members=;source_url=https://en.wikipedia.org/wiki/FIS_Alpine_World_Ski_Championships_2013_%E2%80%93_Men%27s_giant_slalom,10.0
fis_alpine_world_ski_championships_2013_men_giant-slalom,fis_alpine_athlete_Marcel_Hirscher_AUT,2,silver,event=Giant slalom;entry_country=AUT;team_members=;source_url=https://en.wikipedia.org/wiki/FIS_Alpine_World_Ski_Championships_2013_%E2%80%93_Men%27s_giant_slalom,7.0
fis_alpine_world_ski_championships_2013_men_giant-slalom,fis_alpine_athlete_Manfred_Mölgg_ITA,3,bronze,event=Giant slalom;entry_country=ITA;team_members=;source_url=https://en.wikipedia.org/wiki/FIS_Alpine_World_Ski_Championships_2013_%E2%80%93_Men%27s_giant_slalom,5.0
fis_alpine_world_ski_championships_2013_men_slalom,fis_alpine_athlete_Marcel_Hirscher_AUT,1,gold,event=Slalom;entry_country=AUT;team_members=;source_url=https://en.wikipedia.org/wiki/FIS_Alpine_World_Ski_Championships_2013_%E2%80%93_Men%27s_slalom,10.0
fis_alpine_world_ski_championships_2013_men_slalom,fis_alpine_athlete_Felix_Neureuther_DEU,2,silver,event=Slalom;entry_country=DEU;team_members=;source_url=https://en.wikipedia.org/wiki/FIS_Alpine_World_Ski_Championships_2013_%E2%80%93_Men%27s_slalom,7.0
fis_alpine_world_ski_championships_2013_men_slalom,fis_alpine_athlete_Mario_Matt_AUT,3,bronze,event=Slalom;entry_country=AUT;team_members=;source_url=https://en.wikipedia.org/wiki/FIS_Alpine_World_Ski_Championships_2013_%E2%80%93_Men%27s_slalom,5.0
fis_alpine_world_ski_championships_2013_men_super-g,fis_alpine_athlete_Ted_Ligety_USA,1,gold,event=Super-G;entry_country=USA;team_members=;source_url=https://en.wikipedia.org/wiki/FIS_Alpine_World_Ski_Championships_2013_%E2%80%93_Men%27s_super-G,10.0
fis_alpine_world_ski_championships_2013_men_super-g,fis_alpine_athlete_Gauthier_de_Tessieres_FRA,2,silver,event=Super-G;entry_country=FRA;team_members=;source_url=https://en.wikipedia.org/wiki/FIS_Alpine_World_Ski_Championships_2013_%E2%80%93_Men%27s_super-G,7.0
fis_alpine_world_ski_championships_2013_men_super-g,fis_alpine_athlete_Aksel_Lund_Svindal_NOR,3,bronze,event=Super-G;entry_country=NOR;team_members=;source_url=https://en.wikipedia.org/wiki/FIS_Alpine_World_Ski_Championships_2013_%E2%80%93_Men%27s_super-G,5.0
fis_alpine_world_ski_championships_2013_mixed_mixed-team,fis_alpine_team_Austria_AUT,1,gold,event=Mixed team;entry_country=AUT;team_members=Marcel Hirscher; Nicole Hosp; Michaela Kirchgasser; Philipp Schörghofer; Carmen Thalmann; Marcel Mathis;source_url=https://en.wikipedia.org/wiki/FIS_Alpine_World_Ski_Championships_2013_%E2%80%93_Nations_team_event,10.0
fis_alpine_world_ski_championships_2013_mixed_mixed-team,fis_alpine_team_Sweden_SWE,2,silver,event=Mixed team;entry_country=SWE;team_members=Frida Hansdotter; Mattias Hargin; André Myhrer; Maria Pietilä Holmner; Jens Byggmark; Nathalie Eklund;source_url=https://en.wikipedia.org/wiki/FIS_Alpine_World_Ski_Championships_2013_%E2%80%93_Nations_team_event,7.0
fis_alpine_world_ski_championships_2013_mixed_mixed-team,fis_alpine_team_Germany_DEU,3,bronze,event=Mixed team;entry_country=DEU;team_members=Fritz Dopfer; Lena Dürr; Maria Höfl-Riesch; Felix Neureuther; Veronique Hronek; Stefan Luitz;source_url=https://en.wikipedia.org/wiki/FIS_Alpine_World_Ski_Championships_2013_%E2%80%93_Nations_team_event,5.0
fis_alpine_world_ski_championships_2013_women_combined,fis_alpine_athlete_Maria_Höfl-Riesch_DEU,1,gold,event=Combined;entry_country=DEU;team_members=;source_url=https://en.wikipedia.org/wiki/FIS_Alpine_World_Ski_Championships_2013_%E2%80%93_Women%27s_super_combined,10.0
fis_alpine_world_ski_championships_2013_women_combined,fis_alpine_athlete_Tina_Maze_SVN,2,silver,event=Combined;entry_country=SVN;team_members=;source_url=https://en.wikipedia.org/wiki/FIS_Alpine_World_Ski_Championships_2013_%E2%80%93_Women%27s_super_combined,7.0
fis_alpine_world_ski_championships_2013_women_combined,fis_alpine_athlete_Nicole_Hosp_AUT,3,bronze,event=Combined;entry_country=AUT;team_members=;source_url=https://en.wikipedia.org/wiki/FIS_Alpine_World_Ski_Championships_2013_%E2%80%93_Women%27s_super_combined,5.0
fis_alpine_world_ski_championships_2013_women_downhill,fis_alpine_athlete_Marion_Rolland_FRA,1,gold,event=Downhill;entry_country=FRA;team_members=;source_url=https://en.wikipedia.org/wiki/FIS_Alpine_World_Ski_Championships_2013_%E2%80%93_Women%27s_downhill,10.0
fis_alpine_world_ski_championships_2013_women_downhill,fis_alpine_athlete_Nadia_Fanchini_ITA,2,silver,event=Downhill;entry_country=ITA;team_members=;source_url=https://en.wikipedia.org/wiki/FIS_Alpine_World_Ski_Championships_2013_%E2%80%93_Women%27s_downhill,7.0
fis_alpine_world_ski_championships_2013_women_downhill,fis_alpine_athlete_Maria_Höfl-Riesch_DEU,3,bronze,event=Downhill;entry_country=DEU;team_members=;source_url=https://en.wikipedia.org/wiki/FIS_Alpine_World_Ski_Championships_2013_%E2%80%93_Women%27s_downhill,5.0
fis_alpine_world_ski_championships_2013_women_giant-slalom,fis_alpine_athlete_Tessa_Worley_FRA,1,gold,event=Giant slalom;entry_country=FRA;team_members=;source_url=https://en.wikipedia.org/wiki/FIS_Alpine_World_Ski_Championships_2013_%E2%80%93_Women%27s_giant_slalom,10.0
fis_alpine_world_ski_championships_2013_women_giant-slalom,fis_alpine_athlete_Tina_Maze_SVN,2,silver,event=Giant slalom;entry_country=SVN;team_members=;source_url=https://en.wikipedia.org/wiki/FIS_Alpine_World_Ski_Championships_2013_%E2%80%93_Women%27s_giant_slalom,7.0
fis_alpine_world_ski_championships_2013_women_giant-slalom,fis_alpine_athlete_Anna_Fenninger_AUT,3,bronze,event=Giant slalom;entry_country=AUT;team_members=;source_url=https://en.wikipedia.org/wiki/FIS_Alpine_World_Ski_Championships_2013_%E2%80%93_Women%27s_giant_slalom,5.0
fis_alpine_world_ski_championships_2013_women_slalom,fis_alpine_athlete_Mikaela_Shiffrin_USA,1,gold,event=Slalom;entry_country=USA;team_members=;source_url=https://en.wikipedia.org/wiki/FIS_Alpine_World_Ski_Championships_2013_%E2%80%93_Women%27s_slalom,10.0
fis_alpine_world_ski_championships_2013_women_slalom,fis_alpine_athlete_Michaela_Kirchgasser_AUT,2,silver,event=Slalom;entry_country=AUT;team_members=;source_url=https://en.wikipedia.org/wiki/FIS_Alpine_World_Ski_Championships_2013_%E2%80%93_Women%27s_slalom,7.0
fis_alpine_world_ski_championships_2013_women_slalom,fis_alpine_athlete_Frida_Hansdotter_SWE,3,bronze,event=Slalom;entry_country=SWE;team_members=;source_url=https://en.wikipedia.org/wiki/FIS_Alpine_World_Ski_Championships_2013_%E2%80%93_Women%27s_slalom,5.0
fis_alpine_world_ski_championships_2013_women_super-g,fis_alpine_athlete_Tina_Maze_SVN,1,gold,event=Super-G;entry_country=SVN;team_members=;source_url=https://en.wikipedia.org/wiki/FIS_Alpine_World_Ski_Championships_2013_%E2%80%93_Women%27s_super-G,10.0
fis_alpine_world_ski_championships_2013_women_super-g,fis_alpine_athlete_Lara_Gut_CHE,2,silver,event=Super-G;entry_country=CHE;team_members=;source_url=https://en.wikipedia.org/wiki/FIS_Alpine_World_Ski_Championships_2013_%E2%80%93_Women%27s_super-G,7.0
fis_alpine_world_ski_championships_2013_women_super-g,fis_alpine_athlete_Julia_Mancuso_USA,3,bronze,event=Super-G;entry_country=USA;team_members=;source_url=https://en.wikipedia.org/wiki/FIS_Alpine_World_Ski_Championships_2013_%E2%80%93_Women%27s_super-G,5.0
fis_alpine_world_ski_championships_2015_men_combined,fis_alpine_athlete_Marcel_Hirscher_AUT,1,gold,event=Combined;entry_country=AUT;team_members=;source_url=https://en.wikipedia.org/wiki/FIS_Alpine_World_Ski_Championships_2015_%E2%80%93_Men%27s_super_combined,10.0
fis_alpine_world_ski_championships_2015_men_combined,fis_alpine_athlete_Kjetil_Jansrud_NOR,2,silver,event=Combined;entry_country=NOR;team_members=;source_url=https://en.wikipedia.org/wiki/FIS_Alpine_World_Ski_Championships_2015_%E2%80%93_Men%27s_super_combined,7.0
fis_alpine_world_ski_championships_2015_men_combined,fis_alpine_athlete_Ted_Ligety_USA,3,bronze,event=Combined;entry_country=USA;team_members=;source_url=https://en.wikipedia.org/wiki/FIS_Alpine_World_Ski_Championships_2015_%E2%80%93_Men%27s_super_combined,5.0
fis_alpine_world_ski_championships_2015_men_downhill,fis_alpine_athlete_Patrick_Küng_CHE,1,gold,event=Downhill;entry_country=CHE;team_members=;source_url=https://en.wikipedia.org/wiki/FIS_Alpine_World_Ski_Championships_2015_%E2%80%93_Men%27s_downhill,10.0
fis_alpine_world_ski_championships_2015_men_downhill,fis_alpine_athlete_Travis_Ganong_USA,2,silver,event=Downhill;entry_country=USA;team_members=;source_url=https://en.wikipedia.org/wiki/FIS_Alpine_World_Ski_Championships_2015_%E2%80%93_Men%27s_downhill,7.0
fis_alpine_world_ski_championships_2015_men_downhill,fis_alpine_athlete_Beat_Feuz_CHE,3,bronze,event=Downhill;entry_country=CHE;team_members=;source_url=https://en.wikipedia.org/wiki/FIS_Alpine_World_Ski_Championships_2015_%E2%80%93_Men%27s_downhill,5.0
fis_alpine_world_ski_championships_2015_men_giant-slalom,fis_alpine_athlete_Ted_Ligety_USA,1,gold,event=Giant slalom;entry_country=USA;team_members=;source_url=https://en.wikipedia.org/wiki/FIS_Alpine_World_Ski_Championships_2015_%E2%80%93_Men%27s_giant_slalom,10.0
fis_alpine_world_ski_championships_2015_men_giant-slalom,fis_alpine_athlete_Marcel_Hirscher_AUT,2,silver,event=Giant slalom;entry_country=AUT;team_members=;source_url=https://en.wikipedia.org/wiki/FIS_Alpine_World_Ski_Championships_2015_%E2%80%93_Men%27s_giant_slalom,7.0
fis_alpine_world_ski_championships_2015_men_giant-slalom,fis_alpine_athlete_Alexis_Pinturault_FRA,3,bronze,event=Giant slalom;entry_country=FRA;team_members=;source_url=https://en.wikipedia.org/wiki/FIS_Alpine_World_Ski_Championships_2015_%E2%80%93_Men%27s_giant_slalom,5.0
fis_alpine_world_ski_championships_2015_men_slalom,fis_alpine_athlete_Jean-Baptiste_Grange_FRA,1,gold,event=Slalom;entry_country=FRA;team_members=;source_url=https://en.wikipedia.org/wiki/FIS_Alpine_World_Ski_Championships_2015_%E2%80%93_Men%27s_slalom,10.0
fis_alpine_world_ski_championships_2015_men_slalom,fis_alpine_athlete_Fritz_Dopfer_DEU,2,silver,event=Slalom;entry_country=DEU;team_members=;source_url=https://en.wikipedia.org/wiki/FIS_Alpine_World_Ski_Championships_2015_%E2%80%93_Men%27s_slalom,7.0
fis_alpine_world_ski_championships_2015_men_slalom,fis_alpine_athlete_Felix_Neureuther_DEU,3,bronze,event=Slalom;entry_country=DEU;team_members=;source_url=https://en.wikipedia.org/wiki/FIS_Alpine_World_Ski_Championships_2015_%E2%80%93_Men%27s_slalom,5.0
fis_alpine_world_ski_championships_2015_men_super-g,fis_alpine_athlete_Hannes_Reichelt_AUT,1,gold,event=Super-G;entry_country=AUT;team_members=;source_url=https://en.wikipedia.org/wiki/FIS_Alpine_World_Ski_Championships_2015_%E2%80%93_Men%27s_super-G,10.0
fis_alpine_world_ski_championships_2015_men_super-g,fis_alpine_athlete_Dustin_Cook_CAN,2,silver,event=Super-G;entry_country=CAN;team_members=;source_url=https://en.wikipedia.org/wiki/FIS_Alpine_World_Ski_Championships_2015_%E2%80%93_Men%27s_super-G,7.0
fis_alpine_world_ski_championships_2015_men_super-g,fis_alpine_athlete_Adrien_Théaux_FRA,3,bronze,event=Super-G;entry_country=FRA;team_members=;source_url=https://en.wikipedia.org/wiki/FIS_Alpine_World_Ski_Championships_2015_%E2%80%93_Men%27s_super-G,5.0
fis_alpine_world_ski_championships_2015_mixed_mixed-team,fis_alpine_team_Austria_AUT,1,gold,event=Mixed team;entry_country=AUT;team_members=Eva-Maria Brem; Marcel Hirscher; Michaela Kirchgasser; Christoph Nösig; Nicole Hosp; Philipp Schörghofer;source_url=https://en.wikipedia.org/wiki/FIS_Alpine_World_Ski_Championships_2015_%E2%80%93_Nations_team_event,10.0
fis_alpine_world_ski_championships_2015_mixed_mixed-team,fis_alpine_team_Canada_CAN,2,silver,event=Mixed team;entry_country=CAN;team_members=Phil Brown; Candace Crawford; Erin Mielzynski; Trevor Philp; Marie-Pier Préfontaine; Erik Read;source_url=https://en.wikipedia.org/wiki/FIS_Alpine_World_Ski_Championships_2015_%E2%80%93_Nations_team_event,7.0
fis_alpine_world_ski_championships_2015_mixed_mixed-team,fis_alpine_team_Sweden_SWE,3,bronze,event=Mixed team;entry_country=SWE;team_members=Mattias Hargin; André Myhrer; Maria Pietilä Holmner; Anna Swenn-Larsson; Sara Hector; Markus Larsson;source_url=https://en.wikipedia.org/wiki/FIS_Alpine_World_Ski_Championships_2015_%E2%80%93_Nations_team_event,5.0
fis_alpine_world_ski_championships_2015_women_combined,fis_alpine_athlete_Tina_Maze_SVN,1,gold,event=Combined;entry_country=SVN;team_members=;source_url=https://en.wikipedia.org/wiki/FIS_Alpine_World_Ski_Championships_2015_%E2%80%93_Women%27s_super_combined,10.0
fis_alpine_world_ski_championships_2015_women_combined,fis_alpine_athlete_Nicole_Hosp_AUT,2,silver,event=Combined;entry_country=AUT;team_members=;source_url=https://en.wikipedia.org/wiki/FIS_Alpine_World_Ski_Championships_2015_%E2%80%93_Women%27s_super_combined,7.0
fis_alpine_world_ski_championships_2015_women_combined,fis_alpine_athlete_Michaela_Kirchgasser_AUT,3,bronze,event=Combined;entry_country=AUT;team_members=;source_url=https://en.wikipedia.org/wiki/FIS_Alpine_World_Ski_Championships_2015_%E2%80%93_Women%27s_super_combined,5.0
fis_alpine_world_ski_championships_2015_women_downhill,fis_alpine_athlete_Tina_Maze_SVN,1,gold,event=Downhill;entry_country=SVN;team_members=;source_url=https://en.wikipedia.org/wiki/FIS_Alpine_World_Ski_Championships_2015_%E2%80%93_Women%27s_downhill,10.0
fis_alpine_world_ski_championships_2015_women_downhill,fis_alpine_athlete_Anna_Fenninger_AUT,2,silver,event=Downhill;entry_country=AUT;team_members=;source_url=https://en.wikipedia.org/wiki/FIS_Alpine_World_Ski_Championships_2015_%E2%80%93_Women%27s_downhill,7.0
fis_alpine_world_ski_championships_2015_women_downhill,fis_alpine_athlete_Lara_Gut_CHE,3,bronze,event=Downhill;entry_country=CHE;team_members=;source_url=https://en.wikipedia.org/wiki/FIS_Alpine_World_Ski_Championships_2015_%E2%80%93_Women%27s_downhill,5.0
fis_alpine_world_ski_championships_2015_women_giant-slalom,fis_alpine_athlete_Anna_Fenninger_AUT,1,gold,event=Giant slalom;entry_country=AUT;team_members=;source_url=https://en.wikipedia.org/wiki/FIS_Alpine_World_Ski_Championships_2015_%E2%80%93_Women%27s_giant_slalom,10.0
fis_alpine_world_ski_championships_2015_women_giant-slalom,fis_alpine_athlete_Viktoria_Rebensburg_DEU,2,silver,event=Giant slalom;entry_country=DEU;team_members=;source_url=https://en.wikipedia.org/wiki/FIS_Alpine_World_Ski_Championships_2015_%E2%80%93_Women%27s_giant_slalom,7.0
fis_alpine_world_ski_championships_2015_women_giant-slalom,fis_alpine_athlete_Jessica_Lindell-Vikarby_SWE,3,bronze,event=Giant slalom;entry_country=SWE;team_members=;source_url=https://en.wikipedia.org/wiki/FIS_Alpine_World_Ski_Championships_2015_%E2%80%93_Women%27s_giant_slalom,5.0
fis_alpine_world_ski_championships_2015_women_slalom,fis_alpine_athlete_Mikaela_Shiffrin_USA,1,gold,event=Slalom;entry_country=USA;team_members=;source_url=https://en.wikipedia.org/wiki/FIS_Alpine_World_Ski_Championships_2015_%E2%80%93_Women%27s_slalom,10.0
fis_alpine_world_ski_championships_2015_women_slalom,fis_alpine_athlete_Frida_Hansdotter_SWE,2,silver,event=Slalom;entry_country=SWE;team_members=;source_url=https://en.wikipedia.org/wiki/FIS_Alpine_World_Ski_Championships_2015_%E2%80%93_Women%27s_slalom,7.0
fis_alpine_world_ski_championships_2015_women_slalom,fis_alpine_athlete_árka_Strachová_CZE,3,bronze,event=Slalom;entry_country=CZE;team_members=;source_url=https://en.wikipedia.org/wiki/FIS_Alpine_World_Ski_Championships_2015_%E2%80%93_Women%27s_slalom,5.0
fis_alpine_world_ski_championships_2015_women_super-g,fis_alpine_athlete_Anna_Fenninger_AUT,1,gold,event=Super-G;entry_country=AUT;team_members=;source_url=https://en.wikipedia.org/wiki/FIS_Alpine_World_Ski_Championships_2015_%E2%80%93_Women%27s_super-G,10.0
fis_alpine_world_ski_championships_2015_women_super-g,fis_alpine_athlete_Tina_Maze_SVN,2,silver,event=Super-G;entry_country=SVN;team_members=;source_url=https://en.wikipedia.org/wiki/FIS_Alpine_World_Ski_Championships_2015_%E2%80%93_Women%27s_super-G,7.0
fis_alpine_world_ski_championships_2015_women_super-g,fis_alpine_athlete_Lindsey_Vonn_USA,3,bronze,event=Super-G;entry_country=USA;team_members=;source_url=https://en.wikipedia.org/wiki/FIS_Alpine_World_Ski_Championships_2015_%E2%80%93_Women%27s_super-G,5.0
fis_alpine_world_ski_championships_2017_men_combined,fis_alpine_athlete_Luca_Aerni_CHE,1,gold,event=Combined;entry_country=CHE;team_members=;source_url=https://en.wikipedia.org/wiki/FIS_Alpine_World_Ski_Championships_2017_%E2%80%93_Men%27s_alpine_combined,10.0
fis_alpine_world_ski_championships_2017_men_combined,fis_alpine_athlete_Marcel_Hirscher_AUT,2,silver,event=Combined;entry_country=AUT;team_members=;source_url=https://en.wikipedia.org/wiki/FIS_Alpine_World_Ski_Championships_2017_%E2%80%93_Men%27s_alpine_combined,7.0
fis_alpine_world_ski_championships_2017_men_combined,fis_alpine_athlete_Mauro_Caviezel_CHE,3,bronze,event=Combined;entry_country=CHE;team_members=;source_url=https://en.wikipedia.org/wiki/FIS_Alpine_World_Ski_Championships_2017_%E2%80%93_Men%27s_alpine_combined,5.0
fis_alpine_world_ski_championships_2017_men_downhill,fis_alpine_athlete_Beat_Feuz_CHE,1,gold,event=Downhill;entry_country=CHE;team_members=;source_url=https://en.wikipedia.org/wiki/FIS_Alpine_World_Ski_Championships_2017_%E2%80%93_Men%27s_downhill,10.0
fis_alpine_world_ski_championships_2017_men_downhill,fis_alpine_athlete_Erik_Guay_CAN,2,silver,event=Downhill;entry_country=CAN;team_members=;source_url=https://en.wikipedia.org/wiki/FIS_Alpine_World_Ski_Championships_2017_%E2%80%93_Men%27s_downhill,7.0
fis_alpine_world_ski_championships_2017_men_downhill,fis_alpine_athlete_Max_Franz_AUT,3,bronze,event=Downhill;entry_country=AUT;team_members=;source_url=https://en.wikipedia.org/wiki/FIS_Alpine_World_Ski_Championships_2017_%E2%80%93_Men%27s_downhill,5.0
fis_alpine_world_ski_championships_2017_men_giant-slalom,fis_alpine_athlete_Marcel_Hirscher_AUT,1,gold,event=Giant slalom;entry_country=AUT;team_members=;source_url=https://en.wikipedia.org/wiki/FIS_Alpine_World_Ski_Championships_2017_%E2%80%93_Men%27s_giant_slalom,10.0
fis_alpine_world_ski_championships_2017_men_giant-slalom,fis_alpine_athlete_Roland_Leitinger_AUT,2,silver,event=Giant slalom;entry_country=AUT;team_members=;source_url=https://en.wikipedia.org/wiki/FIS_Alpine_World_Ski_Championships_2017_%E2%80%93_Men%27s_giant_slalom,7.0
fis_alpine_world_ski_championships_2017_men_giant-slalom,fis_alpine_athlete_Leif_Kristian_Haugen_NOR,3,bronze,event=Giant slalom;entry_country=NOR;team_members=;source_url=https://en.wikipedia.org/wiki/FIS_Alpine_World_Ski_Championships_2017_%E2%80%93_Men%27s_giant_slalom,5.0
fis_alpine_world_ski_championships_2017_men_slalom,fis_alpine_athlete_Marcel_Hirscher_AUT,1,gold,event=Slalom;entry_country=AUT;team_members=;source_url=https://en.wikipedia.org/wiki/FIS_Alpine_World_Ski_Championships_2017_%E2%80%93_Men%27s_slalom,10.0
fis_alpine_world_ski_championships_2017_men_slalom,fis_alpine_athlete_Manuel_Feller_AUT,2,silver,event=Slalom;entry_country=AUT;team_members=;source_url=https://en.wikipedia.org/wiki/FIS_Alpine_World_Ski_Championships_2017_%E2%80%93_Men%27s_slalom,7.0
fis_alpine_world_ski_championships_2017_men_slalom,fis_alpine_athlete_Felix_Neureuther_DEU,3,bronze,event=Slalom;entry_country=DEU;team_members=;source_url=https://en.wikipedia.org/wiki/FIS_Alpine_World_Ski_Championships_2017_%E2%80%93_Men%27s_slalom,5.0
fis_alpine_world_ski_championships_2017_men_super-g,fis_alpine_athlete_Erik_Guay_CAN,1,gold,event=Super-G;entry_country=CAN;team_members=;source_url=https://en.wikipedia.org/wiki/FIS_Alpine_World_Ski_Championships_2017_%E2%80%93_Men%27s_super-G,10.0
fis_alpine_world_ski_championships_2017_men_super-g,fis_alpine_athlete_Kjetil_Jansrud_NOR,2,silver,event=Super-G;entry_country=NOR;team_members=;source_url=https://en.wikipedia.org/wiki/FIS_Alpine_World_Ski_Championships_2017_%E2%80%93_Men%27s_super-G,7.0
fis_alpine_world_ski_championships_2017_men_super-g,fis_alpine_athlete_Manuel_Osborne-Paradis_CAN,3,bronze,event=Super-G;entry_country=CAN;team_members=;source_url=https://en.wikipedia.org/wiki/FIS_Alpine_World_Ski_Championships_2017_%E2%80%93_Men%27s_super-G,5.0
fis_alpine_world_ski_championships_2017_mixed_mixed-team,fis_alpine_team_France_FRA,1,gold,event=Mixed team;entry_country=FRA;team_members=Adeline Baud-Mugnier; Mathieu Faivre; Alexis Pinturault; Tessa Worley; Julien Lizeroux; Nastasia Noens;source_url=https://en.wikipedia.org/wiki/FIS_Alpine_World_Ski_Championships_2017_%E2%80%93_Nations_team_event,10.0
fis_alpine_world_ski_championships_2017_mixed_mixed-team,fis_alpine_team_Slovakia_SVK,2,silver,event=Mixed team;entry_country=SVK;team_members=Matej Falat; Veronika Velez-Zuzulová; Petra Vlhová; Andreas Žampa; Tereza Jančová; Adam Žampa;source_url=https://en.wikipedia.org/wiki/FIS_Alpine_World_Ski_Championships_2017_%E2%80%93_Nations_team_event,7.0
fis_alpine_world_ski_championships_2017_mixed_mixed-team,fis_alpine_team_Sweden_SWE,3,bronze,event=Mixed team;entry_country=SWE;team_members=Frida Hansdotter; Mattias Hargin; André Myhrer; Maria Pietilä Holmner; Gustav Lundbäck; Emelie Wikström;source_url=https://en.wikipedia.org/wiki/FIS_Alpine_World_Ski_Championships_2017_%E2%80%93_Nations_team_event,5.0
fis_alpine_world_ski_championships_2017_women_combined,fis_alpine_athlete_Wendy_Holdener_CHE,1,gold,event=Combined;entry_country=CHE;team_members=;source_url=https://en.wikipedia.org/wiki/FIS_Alpine_World_Ski_Championships_2017_%E2%80%93_Women%27s_alpine_combined,10.0
fis_alpine_world_ski_championships_2017_women_combined,fis_alpine_athlete_Michelle_Gisin_CHE,2,silver,event=Combined;entry_country=CHE;team_members=;source_url=https://en.wikipedia.org/wiki/FIS_Alpine_World_Ski_Championships_2017_%E2%80%93_Women%27s_alpine_combined,7.0
fis_alpine_world_ski_championships_2017_women_combined,fis_alpine_athlete_Michaela_Kirchgasser_AUT,3,bronze,event=Combined;entry_country=AUT;team_members=;source_url=https://en.wikipedia.org/wiki/FIS_Alpine_World_Ski_Championships_2017_%E2%80%93_Women%27s_alpine_combined,5.0
fis_alpine_world_ski_championships_2017_women_downhill,fis_alpine_athlete_Ilka_tuhec_SVN,1,gold,event=Downhill;entry_country=SVN;team_members=;source_url=https://en.wikipedia.org/wiki/FIS_Alpine_World_Ski_Championships_2017_%E2%80%93_Women%27s_downhill,10.0
fis_alpine_world_ski_championships_2017_women_downhill,fis_alpine_athlete_Stephanie_Venier_AUT,2,silver,event=Downhill;entry_country=AUT;team_members=;source_url=https://en.wikipedia.org/wiki/FIS_Alpine_World_Ski_Championships_2017_%E2%80%93_Women%27s_downhill,7.0
fis_alpine_world_ski_championships_2017_women_downhill,fis_alpine_athlete_Lindsey_Vonn_USA,3,bronze,event=Downhill;entry_country=USA;team_members=;source_url=https://en.wikipedia.org/wiki/FIS_Alpine_World_Ski_Championships_2017_%E2%80%93_Women%27s_downhill,5.0
fis_alpine_world_ski_championships_2017_women_giant-slalom,fis_alpine_athlete_Tessa_Worley_FRA,1,gold,event=Giant slalom;entry_country=FRA;team_members=;source_url=https://en.wikipedia.org/wiki/FIS_Alpine_World_Ski_Championships_2017_%E2%80%93_Women%27s_giant_slalom,10.0
fis_alpine_world_ski_championships_2017_women_giant-slalom,fis_alpine_athlete_Mikaela_Shiffrin_USA,2,silver,event=Giant slalom;entry_country=USA;team_members=;source_url=https://en.wikipedia.org/wiki/FIS_Alpine_World_Ski_Championships_2017_%E2%80%93_Women%27s_giant_slalom,7.0
fis_alpine_world_ski_championships_2017_women_giant-slalom,fis_alpine_athlete_Sofia_Goggia_ITA,3,bronze,event=Giant slalom;entry_country=ITA;team_members=;source_url=https://en.wikipedia.org/wiki/FIS_Alpine_World_Ski_Championships_2017_%E2%80%93_Women%27s_giant_slalom,5.0
fis_alpine_world_ski_championships_2017_women_slalom,fis_alpine_athlete_Mikaela_Shiffrin_USA,1,gold,event=Slalom;entry_country=USA;team_members=;source_url=https://en.wikipedia.org/wiki/FIS_Alpine_World_Ski_Championships_2017_%E2%80%93_Women%27s_slalom,10.0
fis_alpine_world_ski_championships_2017_women_slalom,fis_alpine_athlete_Frida_Hansdotter_SWE,2,silver,event=Slalom;entry_country=SWE;team_members=;source_url=https://en.wikipedia.org/wiki/FIS_Alpine_World_Ski_Championships_2017_%E2%80%93_Women%27s_slalom,7.0
fis_alpine_world_ski_championships_2017_women_slalom,fis_alpine_athlete_árka_Strachová_CZE,3,bronze,event=Slalom;entry_country=CZE;team_members=;source_url=https://en.wikipedia.org/wiki/FIS_Alpine_World_Ski_Championships_2017_%E2%80%93_Women%27s_slalom,5.0
fis_alpine_world_ski_championships_2017_women_super-g,fis_alpine_athlete_Nicole_Schmidhofer_AUT,1,gold,event=Super-G;entry_country=AUT;team_members=;source_url=https://en.wikipedia.org/wiki/FIS_Alpine_World_Ski_Championships_2017_%E2%80%93_Women%27s_super-G,10.0
fis_alpine_world_ski_championships_2017_women_super-g,fis_alpine_athlete_Tina_Weirather_LIE,2,silver,event=Super-G;entry_country=LIE;team_members=;source_url=https://en.wikipedia.org/wiki/FIS_Alpine_World_Ski_Championships_2017_%E2%80%93_Women%27s_super-G,7.0
fis_alpine_world_ski_championships_2017_women_super-g,fis_alpine_athlete_Lara_Gut_CHE,3,bronze,event=Super-G;entry_country=CHE;team_members=;source_url=https://en.wikipedia.org/wiki/FIS_Alpine_World_Ski_Championships_2017_%E2%80%93_Women%27s_super-G,5.0
fis_alpine_world_ski_championships_2019_men_combined,fis_alpine_athlete_Alexis_Pinturault_FRA,1,gold,event=Combined;entry_country=FRA;team_members=;source_url=https://en.wikipedia.org/wiki/FIS_Alpine_World_Ski_Championships_2019_%E2%80%93_Men%27s_alpine_combined,10.0
fis_alpine_world_ski_championships_2019_men_combined,fis_alpine_athlete_tefan_Hadalin_SVN,2,silver,event=Combined;entry_country=SVN;team_members=;source_url=https://en.wikipedia.org/wiki/FIS_Alpine_World_Ski_Championships_2019_%E2%80%93_Men%27s_alpine_combined,7.0
fis_alpine_world_ski_championships_2019_men_combined,fis_alpine_athlete_Marco_Schwarz_AUT,3,bronze,event=Combined;entry_country=AUT;team_members=;source_url=https://en.wikipedia.org/wiki/FIS_Alpine_World_Ski_Championships_2019_%E2%80%93_Men%27s_alpine_combined,5.0
fis_alpine_world_ski_championships_2019_men_downhill,fis_alpine_athlete_Kjetil_Jansrud_NOR,1,gold,event=Downhill;entry_country=NOR;team_members=;source_url=https://en.wikipedia.org/wiki/FIS_Alpine_World_Ski_Championships_2019_%E2%80%93_Men%27s_downhill,10.0
fis_alpine_world_ski_championships_2019_men_downhill,fis_alpine_athlete_Aksel_Lund_Svindal_NOR,2,silver,event=Downhill;entry_country=NOR;team_members=;source_url=https://en.wikipedia.org/wiki/FIS_Alpine_World_Ski_Championships_2019_%E2%80%93_Men%27s_downhill,7.0
fis_alpine_world_ski_championships_2019_men_downhill,fis_alpine_athlete_Vincent_Kriechmayr_AUT,3,bronze,event=Downhill;entry_country=AUT;team_members=;source_url=https://en.wikipedia.org/wiki/FIS_Alpine_World_Ski_Championships_2019_%E2%80%93_Men%27s_downhill,5.0
fis_alpine_world_ski_championships_2019_men_giant-slalom,fis_alpine_athlete_Henrik_Kristoffersen_NOR,1,gold,event=Giant slalom;entry_country=NOR;team_members=;source_url=https://en.wikipedia.org/wiki/FIS_Alpine_World_Ski_Championships_2019_%E2%80%93_Men%27s_giant_slalom,10.0
fis_alpine_world_ski_championships_2019_men_giant-slalom,fis_alpine_athlete_Marcel_Hirscher_AUT,2,silver,event=Giant slalom;entry_country=AUT;team_members=;source_url=https://en.wikipedia.org/wiki/FIS_Alpine_World_Ski_Championships_2019_%E2%80%93_Men%27s_giant_slalom,7.0
fis_alpine_world_ski_championships_2019_men_giant-slalom,fis_alpine_athlete_Alexis_Pinturault_FRA,3,bronze,event=Giant slalom;entry_country=FRA;team_members=;source_url=https://en.wikipedia.org/wiki/FIS_Alpine_World_Ski_Championships_2019_%E2%80%93_Men%27s_giant_slalom,5.0
fis_alpine_world_ski_championships_2019_men_slalom,fis_alpine_athlete_Marcel_Hirscher_AUT,1,gold,event=Slalom;entry_country=AUT;team_members=;source_url=https://en.wikipedia.org/wiki/FIS_Alpine_World_Ski_Championships_2019_%E2%80%93_Men%27s_slalom,10.0
fis_alpine_world_ski_championships_2019_men_slalom,fis_alpine_athlete_Michael_Matt_AUT,2,silver,event=Slalom;entry_country=AUT;team_members=;source_url=https://en.wikipedia.org/wiki/FIS_Alpine_World_Ski_Championships_2019_%E2%80%93_Men%27s_slalom,7.0
fis_alpine_world_ski_championships_2019_men_slalom,fis_alpine_athlete_Marco_Schwarz_AUT,3,bronze,event=Slalom;entry_country=AUT;team_members=;source_url=https://en.wikipedia.org/wiki/FIS_Alpine_World_Ski_Championships_2019_%E2%80%93_Men%27s_slalom,5.0
fis_alpine_world_ski_championships_2019_men_super-g,fis_alpine_athlete_Dominik_Paris_ITA,1,gold,event=Super-G;entry_country=ITA;team_members=;source_url=https://en.wikipedia.org/wiki/FIS_Alpine_World_Ski_Championships_2019_%E2%80%93_Men%27s_super-G,10.0
fis_alpine_world_ski_championships_2019_men_super-g,fis_alpine_athlete_Vincent_Kriechmayr_AUT,2,silver,event=Super-G;entry_country=AUT;team_members=;source_url=https://en.wikipedia.org/wiki/FIS_Alpine_World_Ski_Championships_2019_%E2%80%93_Men%27s_super-G,7.0
fis_alpine_world_ski_championships_2019_men_super-g,fis_alpine_athlete_Johan_Clarey_FRA,2,silver,event=Super-G;entry_country=FRA;team_members=;source_url=https://en.wikipedia.org/wiki/FIS_Alpine_World_Ski_Championships_2019_%E2%80%93_Men%27s_super-G,7.0
fis_alpine_world_ski_championships_2019_mixed_mixed-team,fis_alpine_team_Switzerland_CHE,1,gold,event=Mixed team;entry_country=CHE;team_members=Wendy Holdener; Daniel Yule; Aline Danioth; Ramon Zenhäusern; Andrea Ellenberger; Sandro Simonet;source_url=https://en.wikipedia.org/wiki/FIS_Alpine_World_Ski_Championships_2019_%E2%80%93_Nations_team_event,10.0
fis_alpine_world_ski_championships_2019_mixed_mixed-team,fis_alpine_team_Austria_AUT,2,silver,event=Mixed team;entry_country=AUT;team_members=Katharina Liensberger; Michael Matt; Katharina Truppe; Marco Schwarz; Franziska Gritsch; Christian Hirschbühl;source_url=https://en.wikipedia.org/wiki/FIS_Alpine_World_Ski_Championships_2019_%E2%80%93_Nations_team_event,7.0
fis_alpine_world_ski_championships_2019_mixed_mixed-team,fis_alpine_team_Italy_ITA,3,bronze,event=Mixed team;entry_country=ITA;team_members=Lara Della Mea; Simon Maurberger; Irene Curtoni; Alex Vinatzer; Marta Bassino; Riccardo Tonetti;source_url=https://en.wikipedia.org/wiki/FIS_Alpine_World_Ski_Championships_2019_%E2%80%93_Nations_team_event,5.0
fis_alpine_world_ski_championships_2019_women_combined,fis_alpine_athlete_Wendy_Holdener_CHE,1,gold,event=Combined;entry_country=CHE;team_members=;source_url=https://en.wikipedia.org/wiki/FIS_Alpine_World_Ski_Championships_2019_%E2%80%93_Women%27s_alpine_combined,10.0
fis_alpine_world_ski_championships_2019_women_combined,fis_alpine_athlete_Petra_Vlhová_SVK,2,silver,event=Combined;entry_country=SVK;team_members=;source_url=https://en.wikipedia.org/wiki/FIS_Alpine_World_Ski_Championships_2019_%E2%80%93_Women%27s_alpine_combined,7.0
fis_alpine_world_ski_championships_2019_women_combined,fis_alpine_athlete_Ragnhild_Mowinckel_NOR,3,bronze,event=Combined;entry_country=NOR;team_members=;source_url=https://en.wikipedia.org/wiki/FIS_Alpine_World_Ski_Championships_2019_%E2%80%93_Women%27s_alpine_combined,5.0
fis_alpine_world_ski_championships_2019_women_downhill,fis_alpine_athlete_Ilka_tuhec_SVN,1,gold,event=Downhill;entry_country=SVN;team_members=;source_url=https://en.wikipedia.org/wiki/FIS_Alpine_World_Ski_Championships_2019_%E2%80%93_Women%27s_downhill,10.0
fis_alpine_world_ski_championships_2019_women_downhill,fis_alpine_athlete_Corinne_Suter_CHE,2,silver,event=Downhill;entry_country=CHE;team_members=;source_url=https://en.wikipedia.org/wiki/FIS_Alpine_World_Ski_Championships_2019_%E2%80%93_Women%27s_downhill,7.0
fis_alpine_world_ski_championships_2019_women_downhill,fis_alpine_athlete_Lindsey_Vonn_USA,3,bronze,event=Downhill;entry_country=USA;team_members=;source_url=https://en.wikipedia.org/wiki/FIS_Alpine_World_Ski_Championships_2019_%E2%80%93_Women%27s_downhill,5.0
fis_alpine_world_ski_championships_2019_women_giant-slalom,fis_alpine_athlete_Petra_Vlhová_SVK,1,gold,event=Giant slalom;entry_country=SVK;team_members=;source_url=https://en.wikipedia.org/wiki/FIS_Alpine_World_Ski_Championships_2019_%E2%80%93_Women%27s_giant_slalom,10.0
fis_alpine_world_ski_championships_2019_women_giant-slalom,fis_alpine_athlete_Viktoria_Rebensburg_DEU,2,silver,event=Giant slalom;entry_country=DEU;team_members=;source_url=https://en.wikipedia.org/wiki/FIS_Alpine_World_Ski_Championships_2019_%E2%80%93_Women%27s_giant_slalom,7.0
fis_alpine_world_ski_championships_2019_women_giant-slalom,fis_alpine_athlete_Mikaela_Shiffrin_USA,3,bronze,event=Giant slalom;entry_country=USA;team_members=;source_url=https://en.wikipedia.org/wiki/FIS_Alpine_World_Ski_Championships_2019_%E2%80%93_Women%27s_giant_slalom,5.0
fis_alpine_world_ski_championships_2019_women_slalom,fis_alpine_athlete_Mikaela_Shiffrin_USA,1,gold,event=Slalom;entry_country=USA;team_members=;source_url=https://en.wikipedia.org/wiki/FIS_Alpine_World_Ski_Championships_2019_%E2%80%93_Women%27s_slalom,10.0
fis_alpine_world_ski_championships_2019_women_slalom,fis_alpine_athlete_Anna_Swenn-Larsson_SWE,2,silver,event=Slalom;entry_country=SWE;team_members=;source_url=https://en.wikipedia.org/wiki/FIS_Alpine_World_Ski_Championships_2019_%E2%80%93_Women%27s_slalom,7.0
fis_alpine_world_ski_championships_2019_women_slalom,fis_alpine_athlete_Petra_Vlhová_CZE,3,bronze,event=Slalom;entry_country=CZE;team_members=;source_url=https://en.wikipedia.org/wiki/FIS_Alpine_World_Ski_Championships_2019_%E2%80%93_Women%27s_slalom,5.0
fis_alpine_world_ski_championships_2019_women_super-g,fis_alpine_athlete_Mikaela_Shiffrin_USA,1,gold,event=Super-G;entry_country=USA;team_members=;source_url=https://en.wikipedia.org/wiki/FIS_Alpine_World_Ski_Championships_2019_%E2%80%93_Women%27s_super-G,10.0
fis_alpine_world_ski_championships_2019_women_super-g,fis_alpine_athlete_Sofia_Goggia_ITA,2,silver,event=Super-G;entry_country=ITA;team_members=;source_url=https://en.wikipedia.org/wiki/FIS_Alpine_World_Ski_Championships_2019_%E2%80%93_Women%27s_super-G,7.0
fis_alpine_world_ski_championships_2019_women_super-g,fis_alpine_athlete_Corinne_Suter_CHE,3,bronze,event=Super-G;entry_country=CHE;team_members=;source_url=https://en.wikipedia.org/wiki/FIS_Alpine_World_Ski_Championships_2019_%E2%80%93_Women%27s_super-G,5.0
fis_alpine_world_ski_championships_2021_men_combined,fis_alpine_athlete_Marco_Schwarz_AUT,1,gold,event=Combined;entry_country=AUT;team_members=;source_url=https://en.wikipedia.org/wiki/FIS_Alpine_World_Ski_Championships_2021_%E2%80%93_Men%27s_alpine_combined,10.0
fis_alpine_world_ski_championships_2021_men_combined,fis_alpine_athlete_Alexis_Pinturault_FRA,2,silver,event=Combined;entry_country=FRA;team_members=;source_url=https://en.wikipedia.org/wiki/FIS_Alpine_World_Ski_Championships_2021_%E2%80%93_Men%27s_alpine_combined,7.0
fis_alpine_world_ski_championships_2021_men_combined,fis_alpine_athlete_Loïc_Meillard_CHE,3,bronze,event=Combined;entry_country=CHE;team_members=;source_url=https://en.wikipedia.org/wiki/FIS_Alpine_World_Ski_Championships_2021_%E2%80%93_Men%27s_alpine_combined,5.0
fis_alpine_world_ski_championships_2021_men_downhill,fis_alpine_athlete_Vincent_Kriechmayr_AUT,1,gold,event=Downhill;entry_country=AUT;team_members=;source_url=https://en.wikipedia.org/wiki/FIS_Alpine_World_Ski_Championships_2021_%E2%80%93_Men%27s_downhill,10.0
fis_alpine_world_ski_championships_2021_men_downhill,fis_alpine_athlete_Andreas_Sander_DEU,2,silver,event=Downhill;entry_country=DEU;team_members=;source_url=https://en.wikipedia.org/wiki/FIS_Alpine_World_Ski_Championships_2021_%E2%80%93_Men%27s_downhill,7.0
fis_alpine_world_ski_championships_2021_men_downhill,fis_alpine_athlete_Beat_Feuz_CHE,3,bronze,event=Downhill;entry_country=CHE;team_members=;source_url=https://en.wikipedia.org/wiki/FIS_Alpine_World_Ski_Championships_2021_%E2%80%93_Men%27s_downhill,5.0
fis_alpine_world_ski_championships_2021_men_giant-slalom,fis_alpine_athlete_Mathieu_Faivre_FRA,1,gold,event=Giant slalom;entry_country=FRA;team_members=;source_url=https://en.wikipedia.org/wiki/FIS_Alpine_World_Ski_Championships_2021_%E2%80%93_Men%27s_giant_slalom,10.0
fis_alpine_world_ski_championships_2021_men_giant-slalom,fis_alpine_athlete_Luca_De_Aliprandini_ITA,2,silver,event=Giant slalom;entry_country=ITA;team_members=;source_url=https://en.wikipedia.org/wiki/FIS_Alpine_World_Ski_Championships_2021_%E2%80%93_Men%27s_giant_slalom,7.0
fis_alpine_world_ski_championships_2021_men_giant-slalom,fis_alpine_athlete_Marco_Schwarz_AUT,3,bronze,event=Giant slalom;entry_country=AUT;team_members=;source_url=https://en.wikipedia.org/wiki/FIS_Alpine_World_Ski_Championships_2021_%E2%80%93_Men%27s_giant_slalom,5.0
fis_alpine_world_ski_championships_2021_men_parallel-giant-slalom,fis_alpine_athlete_Mathieu_Faivre_FRA,1,gold,event=Parallel giant slalom;entry_country=FRA;team_members=;source_url=https://en.wikipedia.org/wiki/FIS_Alpine_World_Ski_Championships_2021_%E2%80%93_Men%27s_parallel_giant_slalom,10.0
fis_alpine_world_ski_championships_2021_men_parallel-giant-slalom,fis_alpine_athlete_Filip_Zubi_HRV,2,silver,event=Parallel giant slalom;entry_country=HRV;team_members=;source_url=https://en.wikipedia.org/wiki/FIS_Alpine_World_Ski_Championships_2021_%E2%80%93_Men%27s_parallel_giant_slalom,7.0
fis_alpine_world_ski_championships_2021_men_parallel-giant-slalom,fis_alpine_athlete_Loïc_Meillard_CHE,3,bronze,event=Parallel giant slalom;entry_country=CHE;team_members=;source_url=https://en.wikipedia.org/wiki/FIS_Alpine_World_Ski_Championships_2021_%E2%80%93_Men%27s_parallel_giant_slalom,5.0
fis_alpine_world_ski_championships_2021_men_slalom,fis_alpine_athlete_Sebastian_Foss_Solevag_NOR,1,gold,event=Slalom;entry_country=NOR;team_members=;source_url=https://en.wikipedia.org/wiki/FIS_Alpine_World_Ski_Championships_2021_%E2%80%93_Men%27s_slalom,10.0
fis_alpine_world_ski_championships_2021_men_slalom,fis_alpine_athlete_Adrian_Pertl_AUT,2,silver,event=Slalom;entry_country=AUT;team_members=;source_url=https://en.wikipedia.org/wiki/FIS_Alpine_World_Ski_Championships_2021_%E2%80%93_Men%27s_slalom,7.0
fis_alpine_world_ski_championships_2021_men_slalom,fis_alpine_athlete_Henrik_Kristoffersen_NOR,3,bronze,event=Slalom;entry_country=NOR;team_members=;source_url=https://en.wikipedia.org/wiki/FIS_Alpine_World_Ski_Championships_2021_%E2%80%93_Men%27s_slalom,5.0
fis_alpine_world_ski_championships_2021_men_super-g,fis_alpine_athlete_Vincent_Kriechmayr_AUT,1,gold,event=Super-G;entry_country=AUT;team_members=;source_url=https://en.wikipedia.org/wiki/FIS_Alpine_World_Ski_Championships_2021_%E2%80%93_Men%27s_super-G,10.0
fis_alpine_world_ski_championships_2021_men_super-g,fis_alpine_athlete_Romed_Baumann_DEU,2,silver,event=Super-G;entry_country=DEU;team_members=;source_url=https://en.wikipedia.org/wiki/FIS_Alpine_World_Ski_Championships_2021_%E2%80%93_Men%27s_super-G,7.0
fis_alpine_world_ski_championships_2021_men_super-g,fis_alpine_athlete_Alexis_Pinturault_FRA,3,bronze,event=Super-G;entry_country=FRA;team_members=;source_url=https://en.wikipedia.org/wiki/FIS_Alpine_World_Ski_Championships_2021_%E2%80%93_Men%27s_super-G,5.0
fis_alpine_world_ski_championships_2021_mixed_mixed-team,fis_alpine_team_Norway_NOR,1,gold,event=Mixed team;entry_country=NOR;team_members=Thea Louise Stjernesund; Sebastian Foss Solevag; Kristina Riis-Johannessen; Fabian Wilkens Solheim; Kristin Lysdahl;source_url=https://en.wikipedia.org/wiki/FIS_Alpine_World_Ski_Championships_2021_%E2%80%93_Nations_team_event,10.0
fis_alpine_world_ski_championships_2021_mixed_mixed-team,fis_alpine_team_Sweden_SWE,2,silver,event=Mixed team;entry_country=SWE;team_members=Sara Hector; Kristoffer Jakobsen; Estelle Alphand; Mattias Rönngren; Jonna Luthman; William Hansson;source_url=https://en.wikipedia.org/wiki/FIS_Alpine_World_Ski_Championships_2021_%E2%80%93_Nations_team_event,7.0
fis_alpine_world_ski_championships_2021_mixed_mixed-team,fis_alpine_team_Germany_DEU,3,bronze,event=Mixed team;entry_country=DEU;team_members=Andrea Filser; Stefan Luitz; Emma Aicher; Alexander Schmid; Lena Dürr; Linus Straßer;source_url=https://en.wikipedia.org/wiki/FIS_Alpine_World_Ski_Championships_2021_%E2%80%93_Nations_team_event,5.0
fis_alpine_world_ski_championships_2021_women_combined,fis_alpine_athlete_Mikaela_Shiffrin_USA,1,gold,event=Combined;entry_country=USA;team_members=;source_url=https://en.wikipedia.org/wiki/FIS_Alpine_World_Ski_Championships_2021_%E2%80%93_Women%27s_alpine_combined,10.0
fis_alpine_world_ski_championships_2021_women_combined,fis_alpine_athlete_Petra_Vlhová_SVK,2,silver,event=Combined;entry_country=SVK;team_members=;source_url=https://en.wikipedia.org/wiki/FIS_Alpine_World_Ski_Championships_2021_%E2%80%93_Women%27s_alpine_combined,7.0
fis_alpine_world_ski_championships_2021_women_combined,fis_alpine_athlete_Michelle_Gisin_CHE,3,bronze,event=Combined;entry_country=CHE;team_members=;source_url=https://en.wikipedia.org/wiki/FIS_Alpine_World_Ski_Championships_2021_%E2%80%93_Women%27s_alpine_combined,5.0
fis_alpine_world_ski_championships_2021_women_downhill,fis_alpine_athlete_Corinne_Suter_CHE,1,gold,event=Downhill;entry_country=CHE;team_members=;source_url=https://en.wikipedia.org/wiki/FIS_Alpine_World_Ski_Championships_2021_%E2%80%93_Women%27s_downhill,10.0
fis_alpine_world_ski_championships_2021_women_downhill,fis_alpine_athlete_Kira_Weidle_DEU,2,silver,event=Downhill;entry_country=DEU;team_members=;source_url=https://en.wikipedia.org/wiki/FIS_Alpine_World_Ski_Championships_2021_%E2%80%93_Women%27s_downhill,7.0
fis_alpine_world_ski_championships_2021_women_downhill,fis_alpine_athlete_Lara_Gut-Behrami_CHE,3,bronze,event=Downhill;entry_country=CHE;team_members=;source_url=https://en.wikipedia.org/wiki/FIS_Alpine_World_Ski_Championships_2021_%E2%80%93_Women%27s_downhill,5.0
fis_alpine_world_ski_championships_2021_women_giant-slalom,fis_alpine_athlete_Lara_Gut-Behrami_CHE,1,gold,event=Giant slalom;entry_country=CHE;team_members=;source_url=https://en.wikipedia.org/wiki/FIS_Alpine_World_Ski_Championships_2021_%E2%80%93_Women%27s_giant_slalom,10.0
fis_alpine_world_ski_championships_2021_women_giant-slalom,fis_alpine_athlete_Mikaela_Shiffrin_USA,2,silver,event=Giant slalom;entry_country=USA;team_members=;source_url=https://en.wikipedia.org/wiki/FIS_Alpine_World_Ski_Championships_2021_%E2%80%93_Women%27s_giant_slalom,7.0
fis_alpine_world_ski_championships_2021_women_giant-slalom,fis_alpine_athlete_Katharina_Liensberger_AUT,3,bronze,event=Giant slalom;entry_country=AUT;team_members=;source_url=https://en.wikipedia.org/wiki/FIS_Alpine_World_Ski_Championships_2021_%E2%80%93_Women%27s_giant_slalom,5.0
fis_alpine_world_ski_championships_2021_women_parallel-giant-slalom,fis_alpine_athlete_Katharina_Liensberger_AUT,1,gold,event=Parallel giant slalom;entry_country=AUT;team_members=;source_url=https://en.wikipedia.org/wiki/FIS_Alpine_World_Ski_Championships_2021_%E2%80%93_Women%27s_parallel_giant_slalom,10.0
fis_alpine_world_ski_championships_2021_women_parallel-giant-slalom,fis_alpine_athlete_Marta_Bassino_ITA,1,gold,event=Parallel giant slalom;entry_country=ITA;team_members=;source_url=https://en.wikipedia.org/wiki/FIS_Alpine_World_Ski_Championships_2021_%E2%80%93_Women%27s_parallel_giant_slalom,10.0
fis_alpine_world_ski_championships_2021_women_parallel-giant-slalom,fis_alpine_athlete_Tessa_Worley_FRA,3,bronze,event=Parallel giant slalom;entry_country=FRA;team_members=;source_url=https://en.wikipedia.org/wiki/FIS_Alpine_World_Ski_Championships_2021_%E2%80%93_Women%27s_parallel_giant_slalom,5.0
fis_alpine_world_ski_championships_2021_women_slalom,fis_alpine_athlete_Katharina_Liensberger_AUT,1,gold,event=Slalom;entry_country=AUT;team_members=;source_url=https://en.wikipedia.org/wiki/FIS_Alpine_World_Ski_Championships_2021_%E2%80%93_Women%27s_slalom,10.0
fis_alpine_world_ski_championships_2021_women_slalom,fis_alpine_athlete_Petra_Vlhová_CZE,2,silver,event=Slalom;entry_country=CZE;team_members=;source_url=https://en.wikipedia.org/wiki/FIS_Alpine_World_Ski_Championships_2021_%E2%80%93_Women%27s_slalom,7.0
fis_alpine_world_ski_championships_2021_women_slalom,fis_alpine_athlete_Mikaela_Shiffrin_USA,3,bronze,event=Slalom;entry_country=USA;team_members=;source_url=https://en.wikipedia.org/wiki/FIS_Alpine_World_Ski_Championships_2021_%E2%80%93_Women%27s_slalom,5.0
fis_alpine_world_ski_championships_2021_women_super-g,fis_alpine_athlete_Lara_Gut-Behrami_CHE,1,gold,event=Super-G;entry_country=CHE;team_members=;source_url=https://en.wikipedia.org/wiki/FIS_Alpine_World_Ski_Championships_2021_%E2%80%93_Women%27s_super-G,10.0
fis_alpine_world_ski_championships_2021_women_super-g,fis_alpine_athlete_Corinne_Suter_CHE,2,silver,event=Super-G;entry_country=CHE;team_members=;source_url=https://en.wikipedia.org/wiki/FIS_Alpine_World_Ski_Championships_2021_%E2%80%93_Women%27s_super-G,7.0
fis_alpine_world_ski_championships_2021_women_super-g,fis_alpine_athlete_Mikaela_Shiffrin_USA,3,bronze,event=Super-G;entry_country=USA;team_members=;source_url=https://en.wikipedia.org/wiki/FIS_Alpine_World_Ski_Championships_2021_%E2%80%93_Women%27s_super-G,5.0
fis_alpine_world_ski_championships_2023_men_combined,fis_alpine_athlete_Alexis_Pinturault_FRA,1,gold,event=Combined;entry_country=FRA;team_members=;source_url=https://en.wikipedia.org/wiki/FIS_Alpine_World_Ski_Championships_2023_%E2%80%93_Men%27s_alpine_combined,10.0
fis_alpine_world_ski_championships_2023_men_combined,fis_alpine_athlete_Marco_Schwarz_AUT,2,silver,event=Combined;entry_country=AUT;team_members=;source_url=https://en.wikipedia.org/wiki/FIS_Alpine_World_Ski_Championships_2023_%E2%80%93_Men%27s_alpine_combined,7.0
fis_alpine_world_ski_championships_2023_men_combined,fis_alpine_athlete_Raphael_Haaser_AUT,3,bronze,event=Combined;entry_country=AUT;team_members=;source_url=https://en.wikipedia.org/wiki/FIS_Alpine_World_Ski_Championships_2023_%E2%80%93_Men%27s_alpine_combined,5.0
fis_alpine_world_ski_championships_2023_men_downhill,fis_alpine_athlete_Marco_Odermatt_CHE,1,gold,event=Downhill;entry_country=CHE;team_members=;source_url=https://en.wikipedia.org/wiki/FIS_Alpine_World_Ski_Championships_2023_%E2%80%93_Men%27s_downhill,10.0
fis_alpine_world_ski_championships_2023_men_downhill,fis_alpine_athlete_Aleksander_Aamodt_Kilde_NOR,2,silver,event=Downhill;entry_country=NOR;team_members=;source_url=https://en.wikipedia.org/wiki/FIS_Alpine_World_Ski_Championships_2023_%E2%80%93_Men%27s_downhill,7.0
fis_alpine_world_ski_championships_2023_men_downhill,fis_alpine_athlete_Cameron_Alexander_CAN,3,bronze,event=Downhill;entry_country=CAN;team_members=;source_url=https://en.wikipedia.org/wiki/FIS_Alpine_World_Ski_Championships_2023_%E2%80%93_Men%27s_downhill,5.0
fis_alpine_world_ski_championships_2023_men_giant-slalom,fis_alpine_athlete_Marco_Odermatt_CHE,1,gold,event=Giant slalom;entry_country=CHE;team_members=;source_url=https://en.wikipedia.org/wiki/FIS_Alpine_World_Ski_Championships_2023_%E2%80%93_Men%27s_giant_slalom,10.0
fis_alpine_world_ski_championships_2023_men_giant-slalom,fis_alpine_athlete_Loic_Meillard_CHE,2,silver,event=Giant slalom;entry_country=CHE;team_members=;source_url=https://en.wikipedia.org/wiki/FIS_Alpine_World_Ski_Championships_2023_%E2%80%93_Men%27s_giant_slalom,7.0
fis_alpine_world_ski_championships_2023_men_giant-slalom,fis_alpine_athlete_Marco_Schwarz_AUT,3,bronze,event=Giant slalom;entry_country=AUT;team_members=;source_url=https://en.wikipedia.org/wiki/FIS_Alpine_World_Ski_Championships_2023_%E2%80%93_Men%27s_giant_slalom,5.0
fis_alpine_world_ski_championships_2023_men_parallel-giant-slalom,fis_alpine_athlete_Alexander_Schmid_DEU,1,gold,event=Parallel giant slalom;entry_country=DEU;team_members=;source_url=https://en.wikipedia.org/wiki/FIS_Alpine_World_Ski_Championships_2023_%E2%80%93_Men%27s_parallel_giant_slalom,10.0
fis_alpine_world_ski_championships_2023_men_parallel-giant-slalom,fis_alpine_athlete_Dominik_Raschner_AUT,2,silver,event=Parallel giant slalom;entry_country=AUT;team_members=;source_url=https://en.wikipedia.org/wiki/FIS_Alpine_World_Ski_Championships_2023_%E2%80%93_Men%27s_parallel_giant_slalom,7.0
fis_alpine_world_ski_championships_2023_men_parallel-giant-slalom,fis_alpine_athlete_Timon_Haugan_NOR,3,bronze,event=Parallel giant slalom;entry_country=NOR;team_members=;source_url=https://en.wikipedia.org/wiki/FIS_Alpine_World_Ski_Championships_2023_%E2%80%93_Men%27s_parallel_giant_slalom,5.0
fis_alpine_world_ski_championships_2023_men_slalom,fis_alpine_athlete_Henrik_Kristoffersen_NOR,1,gold,event=Slalom;entry_country=NOR;team_members=;source_url=https://en.wikipedia.org/wiki/FIS_Alpine_World_Ski_Championships_2023_%E2%80%93_Men%27s_slalom,10.0
fis_alpine_world_ski_championships_2023_men_slalom,fis_alpine_athlete_AJ_Ginnis_GRC,2,silver,event=Slalom;entry_country=GRC;team_members=;source_url=https://en.wikipedia.org/wiki/FIS_Alpine_World_Ski_Championships_2023_%E2%80%93_Men%27s_slalom,7.0
fis_alpine_world_ski_championships_2023_men_slalom,fis_alpine_athlete_Alex_Vinatzer_ITA,3,bronze,event=Slalom;entry_country=ITA;team_members=;source_url=https://en.wikipedia.org/wiki/FIS_Alpine_World_Ski_Championships_2023_%E2%80%93_Men%27s_slalom,5.0
fis_alpine_world_ski_championships_2023_men_super-g,fis_alpine_athlete_James_Crawford_CAN,1,gold,event=Super-G;entry_country=CAN;team_members=;source_url=https://en.wikipedia.org/wiki/FIS_Alpine_World_Ski_Championships_2023_%E2%80%93_Men%27s_super-G,10.0
fis_alpine_world_ski_championships_2023_men_super-g,fis_alpine_athlete_Aleksander_Aamodt_Kilde_NOR,2,silver,event=Super-G;entry_country=NOR;team_members=;source_url=https://en.wikipedia.org/wiki/FIS_Alpine_World_Ski_Championships_2023_%E2%80%93_Men%27s_super-G,7.0
fis_alpine_world_ski_championships_2023_men_super-g,fis_alpine_athlete_Alexis_Pinturault_FRA,3,bronze,event=Super-G;entry_country=FRA;team_members=;source_url=https://en.wikipedia.org/wiki/FIS_Alpine_World_Ski_Championships_2023_%E2%80%93_Men%27s_super-G,5.0
fis_alpine_world_ski_championships_2023_mixed_mixed-team,fis_alpine_team_United_States_USA,1,gold,event=Mixed team;entry_country=USA;team_members=Nina O'Brien; River Radamus; Paula Moltzan; Tommy Ford; Katie Hensien; Luke Winters;source_url=https://en.wikipedia.org/wiki/FIS_Alpine_World_Ski_Championships_2023_%E2%80%93_Nations_team_event,10.0
fis_alpine_world_ski_championships_2023_mixed_mixed-team,fis_alpine_team_Norway_NOR,2,silver,event=Mixed team;entry_country=NOR;team_members=Thea Louise Stjernesund; Maria Therese Tviberg; Alexander Steen Olsen; Timon Haugan; Kristin Lysdahl; L. K. Nestvold-Haugen;source_url=https://en.wikipedia.org/wiki/FIS_Alpine_World_Ski_Championships_2023_%E2%80%93_Nations_team_event,7.0
fis_alpine_world_ski_championships_2023_mixed_mixed-team,fis_alpine_team_Canada_CAN,3,bronze,event=Mixed team;entry_country=CAN;team_members=Valérie Grenier; Jeffrey Read; Britt Richardson; Erik Read;source_url=https://en.wikipedia.org/wiki/FIS_Alpine_World_Ski_Championships_2023_%E2%80%93_Nations_team_event,5.0
fis_alpine_world_ski_championships_2023_women_combined,fis_alpine_athlete_Federica_Brignone_ITA,1,gold,event=Combined;entry_country=ITA;team_members=;source_url=https://en.wikipedia.org/wiki/FIS_Alpine_World_Ski_Championships_2023_%E2%80%93_Women%27s_alpine_combined,10.0
fis_alpine_world_ski_championships_2023_women_combined,fis_alpine_athlete_Wendy_Holdener_CHE,2,silver,event=Combined;entry_country=CHE;team_members=;source_url=https://en.wikipedia.org/wiki/FIS_Alpine_World_Ski_Championships_2023_%E2%80%93_Women%27s_alpine_combined,7.0
fis_alpine_world_ski_championships_2023_women_combined,fis_alpine_athlete_Ricarda_Haaser_AUT,3,bronze,event=Combined;entry_country=AUT;team_members=;source_url=https://en.wikipedia.org/wiki/FIS_Alpine_World_Ski_Championships_2023_%E2%80%93_Women%27s_alpine_combined,5.0
fis_alpine_world_ski_championships_2023_women_downhill,fis_alpine_athlete_Jasmine_Flury_CHE,1,gold,event=Downhill;entry_country=CHE;team_members=;source_url=https://en.wikipedia.org/wiki/FIS_Alpine_World_Ski_Championships_2023_%E2%80%93_Women%27s_downhill,10.0
fis_alpine_world_ski_championships_2023_women_downhill,fis_alpine_athlete_Nina_Ortlieb_AUT,2,silver,event=Downhill;entry_country=AUT;team_members=;source_url=https://en.wikipedia.org/wiki/FIS_Alpine_World_Ski_Championships_2023_%E2%80%93_Women%27s_downhill,7.0
fis_alpine_world_ski_championships_2023_women_downhill,fis_alpine_athlete_Corinne_Suter_CHE,3,bronze,event=Downhill;entry_country=CHE;team_members=;source_url=https://en.wikipedia.org/wiki/FIS_Alpine_World_Ski_Championships_2023_%E2%80%93_Women%27s_downhill,5.0
fis_alpine_world_ski_championships_2023_women_giant-slalom,fis_alpine_athlete_Mikaela_Shiffrin_USA,1,gold,event=Giant slalom;entry_country=USA;team_members=;source_url=https://en.wikipedia.org/wiki/FIS_Alpine_World_Ski_Championships_2023_%E2%80%93_Women%27s_giant_slalom,10.0
fis_alpine_world_ski_championships_2023_women_giant-slalom,fis_alpine_athlete_Federica_Brignone_ITA,2,silver,event=Giant slalom;entry_country=ITA;team_members=;source_url=https://en.wikipedia.org/wiki/FIS_Alpine_World_Ski_Championships_2023_%E2%80%93_Women%27s_giant_slalom,7.0
fis_alpine_world_ski_championships_2023_women_giant-slalom,fis_alpine_athlete_Ragnhild_Mowinckel_NOR,3,bronze,event=Giant slalom;entry_country=NOR;team_members=;source_url=https://en.wikipedia.org/wiki/FIS_Alpine_World_Ski_Championships_2023_%E2%80%93_Women%27s_giant_slalom,5.0
fis_alpine_world_ski_championships_2023_women_parallel-giant-slalom,fis_alpine_athlete_Maria_Therese_Tviberg_NOR,1,gold,event=Parallel giant slalom;entry_country=NOR;team_members=;source_url=https://en.wikipedia.org/wiki/FIS_Alpine_World_Ski_Championships_2023_%E2%80%93_Women%27s_parallel_giant_slalom,10.0
fis_alpine_world_ski_championships_2023_women_parallel-giant-slalom,fis_alpine_athlete_Wendy_Holdener_CHE,2,silver,event=Parallel giant slalom;entry_country=CHE;team_members=;source_url=https://en.wikipedia.org/wiki/FIS_Alpine_World_Ski_Championships_2023_%E2%80%93_Women%27s_parallel_giant_slalom,7.0
fis_alpine_world_ski_championships_2023_women_parallel-giant-slalom,fis_alpine_athlete_Thea_Louise_Stjernesund_NOR,3,bronze,event=Parallel giant slalom;entry_country=NOR;team_members=;source_url=https://en.wikipedia.org/wiki/FIS_Alpine_World_Ski_Championships_2023_%E2%80%93_Women%27s_parallel_giant_slalom,5.0
fis_alpine_world_ski_championships_2023_women_slalom,fis_alpine_athlete_Laurence_St-Germain_CAN,1,gold,event=Slalom;entry_country=CAN;team_members=;source_url=https://en.wikipedia.org/wiki/FIS_Alpine_World_Ski_Championships_2023_%E2%80%93_Women%27s_slalom,10.0
fis_alpine_world_ski_championships_2023_women_slalom,fis_alpine_athlete_Mikaela_Shiffrin_USA,2,silver,event=Slalom;entry_country=USA;team_members=;source_url=https://en.wikipedia.org/wiki/FIS_Alpine_World_Ski_Championships_2023_%E2%80%93_Women%27s_slalom,7.0
fis_alpine_world_ski_championships_2023_women_slalom,fis_alpine_athlete_Lena_Dürr_DEU,3,bronze,event=Slalom;entry_country=DEU;team_members=;source_url=https://en.wikipedia.org/wiki/FIS_Alpine_World_Ski_Championships_2023_%E2%80%93_Women%27s_slalom,5.0
fis_alpine_world_ski_championships_2023_women_super-g,fis_alpine_athlete_Marta_Bassino_ITA,1,gold,event=Super-G;entry_country=ITA;team_members=;source_url=https://en.wikipedia.org/wiki/FIS_Alpine_World_Ski_Championships_2023_%E2%80%93_Women%27s_super-G,10.0
fis_alpine_world_ski_championships_2023_women_super-g,fis_alpine_athlete_Mikaela_Shiffrin_USA,2,silver,event=Super-G;entry_country=USA;team_members=;source_url=https://en.wikipedia.org/wiki/FIS_Alpine_World_Ski_Championships_2023_%E2%80%93_Women%27s_super-G,7.0
fis_alpine_world_ski_championships_2023_women_super-g,fis_alpine_athlete_Cornelia_Hütter_AUT,3,bronze,event=Super-G;entry_country=AUT;team_members=;source_url=https://en.wikipedia.org/wiki/FIS_Alpine_World_Ski_Championships_2023_%E2%80%93_Women%27s_super-G,5.0
fis_alpine_world_ski_championships_2023_women_super-g,fis_alpine_athlete_Kajsa_Vickhoff_Lie_NOR,3,bronze,event=Super-G;entry_country=NOR;team_members=;source_url=https://en.wikipedia.org/wiki/FIS_Alpine_World_Ski_Championships_2023_%E2%80%93_Women%27s_super-G,5.0
fis_alpine_world_ski_championships_2025_men_downhill,fis_alpine_athlete_Franjo_von_Allmen_CHE,1,gold,event=Downhill;entry_country=CHE;team_members=;source_url=https://en.wikipedia.org/wiki/FIS_Alpine_World_Ski_Championships_2025_%E2%80%93_Men%27s_downhill,10.0
fis_alpine_world_ski_championships_2025_men_downhill,fis_alpine_athlete_Vincent_Kriechmayr_AUT,2,silver,event=Downhill;entry_country=AUT;team_members=;source_url=https://en.wikipedia.org/wiki/FIS_Alpine_World_Ski_Championships_2025_%E2%80%93_Men%27s_downhill,7.0
fis_alpine_world_ski_championships_2025_men_downhill,fis_alpine_athlete_Alexis_Monney_CHE,3,bronze,event=Downhill;entry_country=CHE;team_members=;source_url=https://en.wikipedia.org/wiki/FIS_Alpine_World_Ski_Championships_2025_%E2%80%93_Men%27s_downhill,5.0
fis_alpine_world_ski_championships_2025_men_giant-slalom,fis_alpine_athlete_Raphael_Haaser_AUT,1,gold,event=Giant slalom;entry_country=AUT;team_members=;source_url=https://en.wikipedia.org/wiki/FIS_Alpine_World_Ski_Championships_2025_%E2%80%93_Men%27s_giant_slalom,10.0
fis_alpine_world_ski_championships_2025_men_giant-slalom,fis_alpine_athlete_Thomas_Tumler_CHE,2,silver,event=Giant slalom;entry_country=CHE;team_members=;source_url=https://en.wikipedia.org/wiki/FIS_Alpine_World_Ski_Championships_2025_%E2%80%93_Men%27s_giant_slalom,7.0
fis_alpine_world_ski_championships_2025_men_giant-slalom,fis_alpine_athlete_Loic_Meillard_CHE,3,bronze,event=Giant slalom;entry_country=CHE;team_members=;source_url=https://en.wikipedia.org/wiki/FIS_Alpine_World_Ski_Championships_2025_%E2%80%93_Men%27s_giant_slalom,5.0
fis_alpine_world_ski_championships_2025_men_slalom,fis_alpine_athlete_Loic_Meillard_CHE,1,gold,event=Slalom;entry_country=CHE;team_members=;source_url=https://en.wikipedia.org/wiki/FIS_Alpine_World_Ski_Championships_2025_%E2%80%93_Men%27s_slalom,10.0
fis_alpine_world_ski_championships_2025_men_slalom,fis_alpine_athlete_Atle_Lie_McGrath_NOR,2,silver,event=Slalom;entry_country=NOR;team_members=;source_url=https://en.wikipedia.org/wiki/FIS_Alpine_World_Ski_Championships_2025_%E2%80%93_Men%27s_slalom,7.0
fis_alpine_world_ski_championships_2025_men_slalom,fis_alpine_athlete_Linus_Straßer_DEU,3,bronze,event=Slalom;entry_country=DEU;team_members=;source_url=https://en.wikipedia.org/wiki/FIS_Alpine_World_Ski_Championships_2025_%E2%80%93_Men%27s_slalom,5.0
fis_alpine_world_ski_championships_2025_men_super-g,fis_alpine_athlete_Marco_Odermatt_CHE,1,gold,event=Super-G;entry_country=CHE;team_members=;source_url=https://en.wikipedia.org/wiki/FIS_Alpine_World_Ski_Championships_2025_%E2%80%93_Men%27s_super-G,10.0
fis_alpine_world_ski_championships_2025_men_super-g,fis_alpine_athlete_Raphael_Haaser_AUT,2,silver,event=Super-G;entry_country=AUT;team_members=;source_url=https://en.wikipedia.org/wiki/FIS_Alpine_World_Ski_Championships_2025_%E2%80%93_Men%27s_super-G,7.0
fis_alpine_world_ski_championships_2025_men_super-g,fis_alpine_athlete_Adrian_Smiseth_Sejersted_NOR,3,bronze,event=Super-G;entry_country=NOR;team_members=;source_url=https://en.wikipedia.org/wiki/FIS_Alpine_World_Ski_Championships_2025_%E2%80%93_Men%27s_super-G,5.0
fis_alpine_world_ski_championships_2025_men_team-combined,fis_alpine_team_Switzerland_I_CHE,1,gold,event=Team combined;entry_country=CHE;team_members=Franjo von Allmen; Loic Meillard;source_url=https://en.wikipedia.org/wiki/FIS_Alpine_World_Ski_Championships_2025_%E2%80%93_Men%27s_team_combined,10.0
fis_alpine_world_ski_championships_2025_men_team-combined,fis_alpine_team_Switzerland_II_CHE,2,silver,event=Team combined;entry_country=CHE;team_members=Alexis Monney; Tanguy Nef;source_url=https://en.wikipedia.org/wiki/FIS_Alpine_World_Ski_Championships_2025_%E2%80%93_Men%27s_team_combined,7.0
fis_alpine_world_ski_championships_2025_men_team-combined,fis_alpine_team_Switzerland_IV_CHE,3,bronze,event=Team combined;entry_country=CHE;team_members=Stefan Rogentin; Marc Rochat;source_url=https://en.wikipedia.org/wiki/FIS_Alpine_World_Ski_Championships_2025_%E2%80%93_Men%27s_team_combined,5.0
fis_alpine_world_ski_championships_2025_mixed_mixed-team,fis_alpine_team_Italy_ITA,1,gold,event=Mixed team;entry_country=ITA;team_members=Giorgia Collomb; Filippo Della Vite; Lara Della Mea; Alex Vinatzer;source_url=https://en.wikipedia.org/wiki/FIS_Alpine_World_Ski_Championships_2025_%E2%80%93_Nations_team_event,10.0
fis_alpine_world_ski_championships_2025_mixed_mixed-team,fis_alpine_team_Switzerland_CHE,2,silver,event=Mixed team;entry_country=CHE;team_members=Wendy Holdener; Luca Aerni; Delphine Darbellay; Thomas Tumler;source_url=https://en.wikipedia.org/wiki/FIS_Alpine_World_Ski_Championships_2025_%E2%80%93_Nations_team_event,7.0
fis_alpine_world_ski_championships_2025_mixed_mixed-team,fis_alpine_team_Sweden_SWE,3,bronze,event=Mixed team;entry_country=SWE;team_members=Sara Hector; Kristoffer Jakobsen; Estelle Alphand; Fabian Ax Swartz; Lisa Nyberg; William Hansson;source_url=https://en.wikipedia.org/wiki/FIS_Alpine_World_Ski_Championships_2025_%E2%80%93_Nations_team_event,5.0
fis_alpine_world_ski_championships_2025_women_downhill,fis_alpine_athlete_Breezy_Johnson_USA,1,gold,event=Downhill;entry_country=USA;team_members=;source_url=https://en.wikipedia.org/wiki/FIS_Alpine_World_Ski_Championships_2025_%E2%80%93_Women%27s_downhill,10.0
fis_alpine_world_ski_championships_2025_women_downhill,fis_alpine_athlete_Mirjam_Puchner_AUT,2,silver,event=Downhill;entry_country=AUT;team_members=;source_url=https://en.wikipedia.org/wiki/FIS_Alpine_World_Ski_Championships_2025_%E2%80%93_Women%27s_downhill,7.0
fis_alpine_world_ski_championships_2025_women_downhill,fis_alpine_athlete_Ester_Ledecká_CZE,3,bronze,event=Downhill;entry_country=CZE;team_members=;source_url=https://en.wikipedia.org/wiki/FIS_Alpine_World_Ski_Championships_2025_%E2%80%93_Women%27s_downhill,5.0
fis_alpine_world_ski_championships_2025_women_giant-slalom,fis_alpine_athlete_Federica_Brignone_ITA,1,gold,event=Giant slalom;entry_country=ITA;team_members=;source_url=https://en.wikipedia.org/wiki/FIS_Alpine_World_Ski_Championships_2025_%E2%80%93_Women%27s_giant_slalom,10.0
fis_alpine_world_ski_championships_2025_women_giant-slalom,fis_alpine_athlete_Alice_Robinson_NZL,2,silver,event=Giant slalom;entry_country=NZL;team_members=;source_url=https://en.wikipedia.org/wiki/FIS_Alpine_World_Ski_Championships_2025_%E2%80%93_Women%27s_giant_slalom,7.0
fis_alpine_world_ski_championships_2025_women_giant-slalom,fis_alpine_athlete_Paula_Moltzan_USA,3,bronze,event=Giant slalom;entry_country=USA;team_members=;source_url=https://en.wikipedia.org/wiki/FIS_Alpine_World_Ski_Championships_2025_%E2%80%93_Women%27s_giant_slalom,5.0
fis_alpine_world_ski_championships_2025_women_slalom,fis_alpine_athlete_Camille_Rast_CHE,1,gold,event=Slalom;entry_country=CHE;team_members=;source_url=https://en.wikipedia.org/wiki/FIS_Alpine_World_Ski_Championships_2025_%E2%80%93_Women%27s_slalom,10.0
fis_alpine_world_ski_championships_2025_women_slalom,fis_alpine_athlete_Wendy_Holdener_CHE,2,silver,event=Slalom;entry_country=CHE;team_members=;source_url=https://en.wikipedia.org/wiki/FIS_Alpine_World_Ski_Championships_2025_%E2%80%93_Women%27s_slalom,7.0
fis_alpine_world_ski_championships_2025_women_slalom,fis_alpine_athlete_Katharina_Liensberger_AUT,3,bronze,event=Slalom;entry_country=AUT;team_members=;source_url=https://en.wikipedia.org/wiki/FIS_Alpine_World_Ski_Championships_2025_%E2%80%93_Women%27s_slalom,5.0
fis_alpine_world_ski_championships_2025_women_super-g,fis_alpine_athlete_Stephanie_Venier_AUT,1,gold,event=Super-G;entry_country=AUT;team_members=;source_url=https://en.wikipedia.org/wiki/FIS_Alpine_World_Ski_Championships_2025_%E2%80%93_Women%27s_super-G,10.0
fis_alpine_world_ski_championships_2025_women_super-g,fis_alpine_athlete_Federica_Brignone_ITA,2,silver,event=Super-G;entry_country=ITA;team_members=;source_url=https://en.wikipedia.org/wiki/FIS_Alpine_World_Ski_Championships_2025_%E2%80%93_Women%27s_super-G,7.0
fis_alpine_world_ski_championships_2025_women_super-g,fis_alpine_athlete_Kajsa_Vickhoff_Lie_NOR,3,bronze,event=Super-G;entry_country=NOR;team_members=;source_url=https://en.wikipedia.org/wiki/FIS_Alpine_World_Ski_Championships_2025_%E2%80%93_Women%27s_super-G,5.0
fis_alpine_world_ski_championships_2025_women_super-g,fis_alpine_athlete_Lauren_Macuga_USA,3,bronze,event=Super-G;entry_country=USA;team_members=;source_url=https://en.wikipedia.org/wiki/FIS_Alpine_World_Ski_Championships_2025_%E2%80%93_Women%27s_super-G,5.0
fis_alpine_world_ski_championships_2025_women_team-combined,fis_alpine_team_United_States_I_USA,1,gold,event=Team combined;entry_country=USA;team_members=Breezy Johnson; Mikaela Shiffrin;source_url=https://en.wikipedia.org/wiki/FIS_Alpine_World_Ski_Championships_2025_%E2%80%93_Women%27s_team_combined,10.0
fis_alpine_world_ski_championships_2025_women_team-combined,fis_alpine_team_Switzerland_I_CHE,2,silver,event=Team combined;entry_country=CHE;team_members=Lara Gut-Behrami; Wendy Holdener;source_url=https://en.wikipedia.org/wiki/FIS_Alpine_World_Ski_Championships_2025_%E2%80%93_Women%27s_team_combined,7.0
fis_alpine_world_ski_championships_2025_women_team-combined,fis_alpine_team_Austria_III_AUT,3,bronze,event=Team combined;entry_country=AUT;team_members=Stephanie Venier; Katharina Truppe;source_url=https://en.wikipedia.org/wiki/FIS_Alpine_World_Ski_Championships_2025_%E2%80%93_Women%27s_team_combined,5.0
