competition_id,competition_name,year,event_date,discipline_key,discipline_name,event_name,gender,event_format,rank,medal,participant_type,participant_name,country_name,country_code,team_members,source_url
fie_world_championships,FIE World Championships,2001,2001-12-31,epee,Epee,Men Individual Epee,men,individual,1,gold,athlete,Paolo Milanoli,Italy,ITA,,https://en.wikipedia.org/wiki/2001_World_Fencing_Championships
fie_world_championships,FIE World Championships,2001,2001-12-31,epee,Epee,Men Individual Epee,men,individual,2,silver,athlete,Basil Hoffmann,Switzerland,CHE,,https://en.wikipedia.org/wiki/2001_World_Fencing_Championships
fie_world_championships,FIE World Championships,2001,2001-12-31,epee,Epee,Men Individual Epee,men,individual,3,bronze,athlete,Oliver Lücke,Germany,DEU,,https://en.wikipedia.org/wiki/2001_World_Fencing_Championships
fie_world_championships,FIE World Championships,2001,2001-12-31,epee,Epee,Men Individual Epee,men,individual,3,bronze,athlete,Fabrice Jeannet,France,FRA,,https://en.wikipedia.org/wiki/2001_World_Fencing_Championships
fie_world_championships,FIE World Championships,2001,2001-12-31,epee,Epee,Men Team Epee,men,team,1,gold,team,Hungary,Hungary,HUN,Krisztián Kulcsár; Iván Kovács; Géza Imre; Attila Fekete,https://en.wikipedia.org/wiki/2001_World_Fencing_Championships
fie_world_championships,FIE World Championships,2001,2001-12-31,epee,Epee,Men Team Epee,men,team,2,silver,team,Estonia,Estonia,EST,Kaido Kaaberma; Nikolai Novosjolov; Sergei Vaht; Meelis Loit,https://en.wikipedia.org/wiki/2001_World_Fencing_Championships
fie_world_championships,FIE World Championships,2001,2001-12-31,epee,Epee,Men Team Epee,men,team,3,bronze,team,France,France,FRA,Fabrice Jeannet; Hugues Obry; Rémy Delhomme; Jérôme Jeannet,https://en.wikipedia.org/wiki/2001_World_Fencing_Championships
fie_world_championships,FIE World Championships,2001,2001-12-31,foil,Foil,Men Individual Foil,men,individual,1,gold,athlete,Salvatore Sanzo,Italy,ITA,,https://en.wikipedia.org/wiki/2001_World_Fencing_Championships
fie_world_championships,FIE World Championships,2001,2001-12-31,foil,Foil,Men Individual Foil,men,individual,2,silver,athlete,Loïc Attely,France,FRA,,https://en.wikipedia.org/wiki/2001_World_Fencing_Championships
fie_world_championships,FIE World Championships,2001,2001-12-31,foil,Foil,Men Individual Foil,men,individual,3,bronze,athlete,Brice Guyart,France,FRA,,https://en.wikipedia.org/wiki/2001_World_Fencing_Championships
fie_world_championships,FIE World Championships,2001,2001-12-31,foil,Foil,Men Individual Foil,men,individual,3,bronze,athlete,Franck Boidin,France,FRA,,https://en.wikipedia.org/wiki/2001_World_Fencing_Championships
fie_world_championships,FIE World Championships,2001,2001-12-31,foil,Foil,Men Team Foil,men,team,1,gold,team,France,France,FRA,Loïc Attely; Jean-Noël Ferrari; Brice Guyart; Franck Boidin,https://en.wikipedia.org/wiki/2001_World_Fencing_Championships
fie_world_championships,FIE World Championships,2001,2001-12-31,foil,Foil,Men Team Foil,men,team,2,silver,team,Poland,Poland,POL,Adam Krzesiński; Sławomir Mocek; Tomasz Ciepły; Piotr Kielpikowski,https://en.wikipedia.org/wiki/2001_World_Fencing_Championships
fie_world_championships,FIE World Championships,2001,2001-12-31,foil,Foil,Men Team Foil,men,team,3,bronze,team,Cuba,Cuba,CUB,Elvis Gregory; Oscar García; Raúl Perojo; Eddy Patterson,https://en.wikipedia.org/wiki/2001_World_Fencing_Championships
fie_world_championships,FIE World Championships,2001,2001-12-31,sabre,Sabre,Men Individual Sabre,men,individual,1,gold,athlete,Stanislav Pozdnyakov,Russian Federation,RUS,,https://en.wikipedia.org/wiki/2001_World_Fencing_Championships
fie_world_championships,FIE World Championships,2001,2001-12-31,sabre,Sabre,Men Individual Sabre,men,individual,2,silver,athlete,Julien Pillet,France,FRA,,https://en.wikipedia.org/wiki/2001_World_Fencing_Championships
fie_world_championships,FIE World Championships,2001,2001-12-31,sabre,Sabre,Men Individual Sabre,men,individual,3,bronze,athlete,Mathieu Gourdain,France,FRA,,https://en.wikipedia.org/wiki/2001_World_Fencing_Championships
fie_world_championships,FIE World Championships,2001,2001-12-31,sabre,Sabre,Men Individual Sabre,men,individual,3,bronze,athlete,Rafal Sznajder,Poland,POL,,https://en.wikipedia.org/wiki/2001_World_Fencing_Championships
fie_world_championships,FIE World Championships,2001,2001-12-31,sabre,Sabre,Men Team Sabre,men,team,1,gold,team,Russian Federation,Russian Federation,RUS,Stanislav Pozdnyakov; Sergey Sharikov; Aleksey Frosin; Aleksey Dyachenko,https://en.wikipedia.org/wiki/2001_World_Fencing_Championships
fie_world_championships,FIE World Championships,2001,2001-12-31,sabre,Sabre,Men Team Sabre,men,team,2,silver,team,Hungary,Hungary,HUN,Domonkos Ferjancsik; Kende Fodor; Balázs Lengyel; Zsolt Nemcsik,https://en.wikipedia.org/wiki/2001_World_Fencing_Championships
fie_world_championships,FIE World Championships,2001,2001-12-31,sabre,Sabre,Men Team Sabre,men,team,3,bronze,team,Romania,Romania,ROU,Mihai Covaliu; Florin Zalomir; Florin Lupeică; Victor Găureanu,https://en.wikipedia.org/wiki/2001_World_Fencing_Championships
fie_world_championships,FIE World Championships,2001,2001-12-31,epee,Epee,Women Individual Epee,women,individual,1,gold,athlete,Claudia Bokel,Germany,DEU,,https://en.wikipedia.org/wiki/2001_World_Fencing_Championships
fie_world_championships,FIE World Championships,2001,2001-12-31,epee,Epee,Women Individual Epee,women,individual,2,silver,athlete,Laura Flessel-Colovic,France,FRA,,https://en.wikipedia.org/wiki/2001_World_Fencing_Championships
fie_world_championships,FIE World Championships,2001,2001-12-31,epee,Epee,Women Individual Epee,women,individual,3,bronze,athlete,Gianna Hablützel-Bürki,Switzerland,CHE,,https://en.wikipedia.org/wiki/2001_World_Fencing_Championships
fie_world_championships,FIE World Championships,2001,2001-12-31,epee,Epee,Women Individual Epee,women,individual,3,bronze,athlete,Maria Isaksson,Sweden,SWE,,https://en.wikipedia.org/wiki/2001_World_Fencing_Championships
fie_world_championships,FIE World Championships,2001,2001-12-31,epee,Epee,Women Team Epee,women,team,1,gold,team,Russian Federation,Russian Federation,RUS,Tatyana Logunova; Anna Sivkova; Maria Mazina; Tatyana Fakhrutdinova,https://en.wikipedia.org/wiki/2001_World_Fencing_Championships
fie_world_championships,FIE World Championships,2001,2001-12-31,epee,Epee,Women Team Epee,women,team,2,silver,team,Switzerland,Switzerland,CHE,Gianna Hablützel-Bürki; Sophie Lamon; Diana Romagnoli; Tabea Steffen,https://en.wikipedia.org/wiki/2001_World_Fencing_Championships
fie_world_championships,FIE World Championships,2001,2001-12-31,epee,Epee,Women Team Epee,women,team,3,bronze,team,Hungary,Hungary,HUN,Ildikó Mincza; Tímea Nagy; Hajnalka Tóth; Adrienn Hormay,https://en.wikipedia.org/wiki/2001_World_Fencing_Championships
fie_world_championships,FIE World Championships,2001,2001-12-31,foil,Foil,Women Individual Foil,women,individual,1,gold,athlete,Valentina Vezzali,Italy,ITA,,https://en.wikipedia.org/wiki/2001_World_Fencing_Championships
fie_world_championships,FIE World Championships,2001,2001-12-31,foil,Foil,Women Individual Foil,women,individual,2,silver,athlete,Sabine Bau,Germany,DEU,,https://en.wikipedia.org/wiki/2001_World_Fencing_Championships
fie_world_championships,FIE World Championships,2001,2001-12-31,foil,Foil,Women Individual Foil,women,individual,3,bronze,athlete,Roxana Scarlat,Romania,ROU,,https://en.wikipedia.org/wiki/2001_World_Fencing_Championships
fie_world_championships,FIE World Championships,2001,2001-12-31,foil,Foil,Women Individual Foil,women,individual,3,bronze,athlete,Ekaterina Youcheva,Russian Federation,RUS,,https://en.wikipedia.org/wiki/2001_World_Fencing_Championships
fie_world_championships,FIE World Championships,2001,2001-12-31,foil,Foil,Women Team Foil,women,team,1,gold,team,Italy,Italy,ITA,Diana Bianchedi; Giovanna Trillini; Valentina Vezzali; Frida Scarpa,https://en.wikipedia.org/wiki/2001_World_Fencing_Championships
fie_world_championships,FIE World Championships,2001,2001-12-31,foil,Foil,Women Team Foil,women,team,2,silver,team,Russian Federation,Russian Federation,RUS,Yekaterina Yusheva; Svetlana Boyko; Olga Lobyntseva; Julia Khakimova,https://en.wikipedia.org/wiki/2001_World_Fencing_Championships
fie_world_championships,FIE World Championships,2001,2001-12-31,foil,Foil,Women Team Foil,women,team,3,bronze,team,United States,United States,USA,Erinn Smart; Ann Marsh; Iris Zimmermann; Felicia Zimmermann,https://en.wikipedia.org/wiki/2001_World_Fencing_Championships
fie_world_championships,FIE World Championships,2001,2001-12-31,sabre,Sabre,Women Individual Sabre,women,individual,1,gold,athlete,Anne-Lise Touya,France,FRA,,https://en.wikipedia.org/wiki/2001_World_Fencing_Championships
fie_world_championships,FIE World Championships,2001,2001-12-31,sabre,Sabre,Women Individual Sabre,women,individual,2,silver,athlete,Ilaria Bianco,Italy,ITA,,https://en.wikipedia.org/wiki/2001_World_Fencing_Championships
fie_world_championships,FIE World Championships,2001,2001-12-31,sabre,Sabre,Women Individual Sabre,women,individual,3,bronze,athlete,Yelena Jemayeva,Azerbaijan,AZE,,https://en.wikipedia.org/wiki/2001_World_Fencing_Championships
fie_world_championships,FIE World Championships,2001,2001-12-31,sabre,Sabre,Women Individual Sabre,women,individual,3,bronze,athlete,Gioia Marzocca,Italy,ITA,,https://en.wikipedia.org/wiki/2001_World_Fencing_Championships
fie_world_championships,FIE World Championships,2001,2001-12-31,sabre,Sabre,Women Team Sabre,women,team,1,gold,team,Russian Federation,Russian Federation,RUS,Yelena Nechayeva; Natalya Makeyeva; Irina Bazhenova; Elisaveta Gorst,https://en.wikipedia.org/wiki/2001_World_Fencing_Championships
fie_world_championships,FIE World Championships,2001,2001-12-31,sabre,Sabre,Women Team Sabre,women,team,2,silver,team,Romania,Romania,ROU,Andreea Pelei; Cătălina Gheorghițoaia; Irina Drăghici,https://en.wikipedia.org/wiki/2001_World_Fencing_Championships
fie_world_championships,FIE World Championships,2001,2001-12-31,sabre,Sabre,Women Team Sabre,women,team,3,bronze,team,Germany,Germany,DEU,Sandra Benad; Sabine Thieltges; Doreen Häntzsch; Stefanie Kubissa,https://en.wikipedia.org/wiki/2001_World_Fencing_Championships
fie_world_championships,FIE World Championships,2002,2002-12-31,epee,Epee,Men Individual Epee,men,individual,1,gold,athlete,Pavel Kolobkov,Russian Federation,RUS,,https://en.wikipedia.org/wiki/2002_World_Fencing_Championships
fie_world_championships,FIE World Championships,2002,2002-12-31,epee,Epee,Men Individual Epee,men,individual,2,silver,athlete,Fabrice Jeannet,France,FRA,,https://en.wikipedia.org/wiki/2002_World_Fencing_Championships
fie_world_championships,FIE World Championships,2002,2002-12-31,epee,Epee,Men Individual Epee,men,individual,3,bronze,athlete,Vitaly Zakharov,Belarus,BLR,,https://en.wikipedia.org/wiki/2002_World_Fencing_Championships
fie_world_championships,FIE World Championships,2002,2002-12-31,epee,Epee,Men Individual Epee,men,individual,3,bronze,athlete,Ku Kyo-dong,"Korea, Republic of",KOR,,https://en.wikipedia.org/wiki/2002_World_Fencing_Championships
fie_world_championships,FIE World Championships,2002,2002-12-31,epee,Epee,Men Team Epee,men,team,1,gold,team,France,France,FRA,Benoît Janvier; Fabrice Jeannet; Jean-Michel Lucenay; Hugues Obry,https://en.wikipedia.org/wiki/2002_World_Fencing_Championships
fie_world_championships,FIE World Championships,2002,2002-12-31,epee,Epee,Men Team Epee,men,team,2,silver,team,Russian Federation,Russian Federation,RUS,Pavel Kolobkov; Sergey Kochetkov; Aleksey Selin; Vyacheslav Selin,https://en.wikipedia.org/wiki/2002_World_Fencing_Championships
fie_world_championships,FIE World Championships,2002,2002-12-31,epee,Epee,Men Team Epee,men,team,3,bronze,team,"Korea, Republic of","Korea, Republic of",KOR,Gu Gyo-Dong; Kim Jeong-Gwan; Lee Sang-Yeop; Yang Roy-Sung,https://en.wikipedia.org/wiki/2002_World_Fencing_Championships
fie_world_championships,FIE World Championships,2002,2002-12-31,foil,Foil,Men Individual Foil,men,individual,1,gold,athlete,Simone Vanni,Italy,ITA,,https://en.wikipedia.org/wiki/2002_World_Fencing_Championships
fie_world_championships,FIE World Championships,2002,2002-12-31,foil,Foil,Men Individual Foil,men,individual,2,silver,athlete,Andre Wessels,Germany,DEU,,https://en.wikipedia.org/wiki/2002_World_Fencing_Championships
fie_world_championships,FIE World Championships,2002,2002-12-31,foil,Foil,Men Individual Foil,men,individual,3,bronze,athlete,Wu Hanxiong,China,CHN,,https://en.wikipedia.org/wiki/2002_World_Fencing_Championships
fie_world_championships,FIE World Championships,2002,2002-12-31,foil,Foil,Men Individual Foil,men,individual,3,bronze,athlete,Piotr Kielpikowski,Poland,POL,,https://en.wikipedia.org/wiki/2002_World_Fencing_Championships
fie_world_championships,FIE World Championships,2002,2002-12-31,foil,Foil,Men Team Foil,men,team,1,gold,team,Germany,Germany,DEU,Ralf Bißdorf; Dominik Behr; André Weßels; Lars Schache,https://en.wikipedia.org/wiki/2002_World_Fencing_Championships
fie_world_championships,FIE World Championships,2002,2002-12-31,foil,Foil,Men Team Foil,men,team,2,silver,team,France,France,FRA,Brice Guyart; Loïc Attely; Jean-Noël Ferrari; Franck Boidin,https://en.wikipedia.org/wiki/2002_World_Fencing_Championships
fie_world_championships,FIE World Championships,2002,2002-12-31,foil,Foil,Men Team Foil,men,team,3,bronze,team,Spain,Spain,ESP,Javier Menéndez; Luis Caplliure; José Francisco Guerra; Javier García Delgado,https://en.wikipedia.org/wiki/2002_World_Fencing_Championships
fie_world_championships,FIE World Championships,2002,2002-12-31,sabre,Sabre,Men Individual Sabre,men,individual,1,gold,athlete,Stanislav Pozdnyakov,Russian Federation,RUS,,https://en.wikipedia.org/wiki/2002_World_Fencing_Championships
fie_world_championships,FIE World Championships,2002,2002-12-31,sabre,Sabre,Men Individual Sabre,men,individual,2,silver,athlete,Julien Pillet,France,FRA,,https://en.wikipedia.org/wiki/2002_World_Fencing_Championships
fie_world_championships,FIE World Championships,2002,2002-12-31,sabre,Sabre,Men Individual Sabre,men,individual,3,bronze,athlete,Luigi Tarantino,Italy,ITA,,https://en.wikipedia.org/wiki/2002_World_Fencing_Championships
fie_world_championships,FIE World Championships,2002,2002-12-31,sabre,Sabre,Men Individual Sabre,men,individual,3,bronze,athlete,Mihai Covaliu,Romania,ROU,,https://en.wikipedia.org/wiki/2002_World_Fencing_Championships
fie_world_championships,FIE World Championships,2002,2002-12-31,sabre,Sabre,Men Team Sabre,men,team,1,gold,team,Russian Federation,Russian Federation,RUS,Aleksey Dyachenko; Aleksey Yakimenko; Stanislav Pozdniakov; Sergey Sharikov,https://en.wikipedia.org/wiki/2002_World_Fencing_Championships
fie_world_championships,FIE World Championships,2002,2002-12-31,sabre,Sabre,Men Team Sabre,men,team,2,silver,team,Italy,Italy,ITA,Giampiero Pastore; Giacomo Guidi; Aldo Montano; Luigi Tarantino,https://en.wikipedia.org/wiki/2002_World_Fencing_Championships
fie_world_championships,FIE World Championships,2002,2002-12-31,sabre,Sabre,Men Team Sabre,men,team,3,bronze,team,Germany,Germany,DEU,Dennis Bauer; Michael Herm; Harald Stehr; Alexander Weber,https://en.wikipedia.org/wiki/2002_World_Fencing_Championships
fie_world_championships,FIE World Championships,2002,2002-12-31,epee,Epee,Women Individual Epee,women,individual,1,gold,athlete,Hyun Hee,"Korea, Republic of",KOR,,https://en.wikipedia.org/wiki/2002_World_Fencing_Championships
fie_world_championships,FIE World Championships,2002,2002-12-31,epee,Epee,Women Individual Epee,women,individual,2,silver,athlete,Imke Duplitzer,Germany,DEU,,https://en.wikipedia.org/wiki/2002_World_Fencing_Championships
fie_world_championships,FIE World Championships,2002,2002-12-31,epee,Epee,Women Individual Epee,women,individual,3,bronze,athlete,Britta Heidemann,Germany,DEU,,https://en.wikipedia.org/wiki/2002_World_Fencing_Championships
fie_world_championships,FIE World Championships,2002,2002-12-31,epee,Epee,Women Individual Epee,women,individual,3,bronze,athlete,Ana Maria Brânză,Romania,ROU,,https://en.wikipedia.org/wiki/2002_World_Fencing_Championships
fie_world_championships,FIE World Championships,2002,2002-12-31,epee,Epee,Women Team Epee,women,team,1,gold,team,Hungary,Hungary,HUN,Hajnalka Kiraly; Tímea Nagy; Hajnalka Tóth,https://en.wikipedia.org/wiki/2002_World_Fencing_Championships
fie_world_championships,FIE World Championships,2002,2002-12-31,epee,Epee,Women Team Epee,women,team,2,silver,team,Estonia,Estonia,EST,Maarika Võsu; Irina Embrich; Olga Aleksejeva; Heidi Rohi,https://en.wikipedia.org/wiki/2002_World_Fencing_Championships
fie_world_championships,FIE World Championships,2002,2002-12-31,epee,Epee,Women Team Epee,women,team,3,bronze,team,China,China,CHN,Luo Xiaojuan; Li Na; Shen Weiwei; Zhong Weiping,https://en.wikipedia.org/wiki/2002_World_Fencing_Championships
fie_world_championships,FIE World Championships,2002,2002-12-31,foil,Foil,Women Individual Foil,women,individual,1,gold,athlete,Svetlana Boyko,Russian Federation,RUS,,https://en.wikipedia.org/wiki/2002_World_Fencing_Championships
fie_world_championships,FIE World Championships,2002,2002-12-31,foil,Foil,Women Individual Foil,women,individual,2,silver,athlete,Yekaterina Yusheva,Russian Federation,RUS,,https://en.wikipedia.org/wiki/2002_World_Fencing_Championships
fie_world_championships,FIE World Championships,2002,2002-12-31,foil,Foil,Women Individual Foil,women,individual,3,bronze,athlete,Aida Mohamed,Hungary,HUN,,https://en.wikipedia.org/wiki/2002_World_Fencing_Championships
fie_world_championships,FIE World Championships,2002,2002-12-31,foil,Foil,Women Individual Foil,women,individual,3,bronze,athlete,Edina Knapek,Hungary,HUN,,https://en.wikipedia.org/wiki/2002_World_Fencing_Championships
fie_world_championships,FIE World Championships,2002,2002-12-31,foil,Foil,Women Team Foil,women,team,1,gold,team,Russian Federation,Russian Federation,RUS,Svetlana Boyko; Yekaterina Yusheva; Julia Khakimova; Olga Lobyntseva,https://en.wikipedia.org/wiki/2002_World_Fencing_Championships
fie_world_championships,FIE World Championships,2002,2002-12-31,foil,Foil,Women Team Foil,women,team,2,silver,team,Poland,Poland,POL,Sylwia Gruchała; Magdalena Mroczkiewicz; Anna Rybicka; Małgorzata Wojtkowiak,https://en.wikipedia.org/wiki/2002_World_Fencing_Championships
fie_world_championships,FIE World Championships,2002,2002-12-31,foil,Foil,Women Team Foil,women,team,3,bronze,team,Romania,Romania,ROU,Laura Badea; Roxana Scarlat; Cristina Stahl; Reka Szabo,https://en.wikipedia.org/wiki/2002_World_Fencing_Championships
fie_world_championships,FIE World Championships,2002,2002-12-31,sabre,Sabre,Women Individual Sabre,women,individual,1,gold,athlete,Tan Xue,China,CHN,,https://en.wikipedia.org/wiki/2002_World_Fencing_Championships
fie_world_championships,FIE World Championships,2002,2002-12-31,sabre,Sabre,Women Individual Sabre,women,individual,2,silver,athlete,Yelena Jemayeva,Azerbaijan,AZE,,https://en.wikipedia.org/wiki/2002_World_Fencing_Championships
fie_world_championships,FIE World Championships,2002,2002-12-31,sabre,Sabre,Women Individual Sabre,women,individual,3,bronze,athlete,Cécile Argiolas,France,FRA,,https://en.wikipedia.org/wiki/2002_World_Fencing_Championships
fie_world_championships,FIE World Championships,2002,2002-12-31,sabre,Sabre,Women Individual Sabre,women,individual,3,bronze,athlete,Yelena Nechayeva,Russian Federation,RUS,,https://en.wikipedia.org/wiki/2002_World_Fencing_Championships
fie_world_championships,FIE World Championships,2002,2002-12-31,sabre,Sabre,Women Team Sabre,women,team,1,gold,team,Russian Federation,Russian Federation,RUS,Yelena Nechayeva; Margarita Zhukova; Irina Bazhenova; Natalia Makeyeva,https://en.wikipedia.org/wiki/2002_World_Fencing_Championships
fie_world_championships,FIE World Championships,2002,2002-12-31,sabre,Sabre,Women Team Sabre,women,team,2,silver,team,Hungary,Hungary,HUN,Edina Csaba; Orsolya Nagy; Annamária Nagy; Gabriella Sznopek,https://en.wikipedia.org/wiki/2002_World_Fencing_Championships
fie_world_championships,FIE World Championships,2002,2002-12-31,sabre,Sabre,Women Team Sabre,women,team,3,bronze,team,Azerbaijan,Azerbaijan,AZE,Yelena Amirova; Yelena Jemayeva; Anzhela Volkova; Yana Siukayeva,https://en.wikipedia.org/wiki/2002_World_Fencing_Championships
fie_world_championships,FIE World Championships,2003,2003-12-31,epee,Epee,Men Team Epee,men,team,1,gold,team,Russian Federation,Russian Federation,RUS,Pavel Kolobkov; Sergey Kochetkov; Aleksey Selin; Igor Turchin,https://en.wikipedia.org/wiki/2003_World_Fencing_Championships
fie_world_championships,FIE World Championships,2003,2003-12-31,epee,Epee,Men Team Epee,men,team,2,silver,team,Germany,Germany,DEU,Jörg Fiedler; Norman Ackermann; Christoph Kneip; Wolfgang Raich,https://en.wikipedia.org/wiki/2003_World_Fencing_Championships
fie_world_championships,FIE World Championships,2003,2003-12-31,epee,Epee,Men Team Epee,men,team,3,bronze,team,Sweden,Sweden,SWE,Fredrik Nilsson; Robert Dingl; Péter Vánky; Magnus Malmgren,https://en.wikipedia.org/wiki/2003_World_Fencing_Championships
fie_world_championships,FIE World Championships,2003,2003-12-31,foil,Foil,Men Team Foil,men,team,1,gold,team,Italy,Italy,ITA,Andrea Cassarà; Marco Ramacci; Salvatore Sanzo; Simone Vanni,https://en.wikipedia.org/wiki/2003_World_Fencing_Championships
fie_world_championships,FIE World Championships,2003,2003-12-31,foil,Foil,Men Team Foil,men,team,2,silver,team,China,China,CHN,Wang Haibin; Wu Hanxiong; Ye Chong; Zhu Rui,https://en.wikipedia.org/wiki/2003_World_Fencing_Championships
fie_world_championships,FIE World Championships,2003,2003-12-31,foil,Foil,Men Team Foil,men,team,3,bronze,team,Germany,Germany,DEU,Ralf Bißdorf; Dominik Behr; Peter Joppich; André Weßels,https://en.wikipedia.org/wiki/2003_World_Fencing_Championships
fie_world_championships,FIE World Championships,2003,2003-12-31,sabre,Sabre,Men Team Sabre,men,team,1,gold,team,Russian Federation,Russian Federation,RUS,Sergey Sharikov; Stanislav Pozdnyakov; Aleksey Yakimenko; Aleksey Dyachenko,https://en.wikipedia.org/wiki/2003_World_Fencing_Championships
fie_world_championships,FIE World Championships,2003,2003-12-31,sabre,Sabre,Men Team Sabre,men,team,2,silver,team,Hungary,Hungary,HUN,Domonkos Ferjancsik; Kende Fodor; Balázs Lengyel; Zsolt Nemcsik,https://en.wikipedia.org/wiki/2003_World_Fencing_Championships
fie_world_championships,FIE World Championships,2003,2003-12-31,sabre,Sabre,Men Team Sabre,men,team,3,bronze,team,Ukraine,Ukraine,UKR,Dmytro Boiko; Volodymyr Lukashenko; Oleg Shturbabin; Vladyslav Tretiak,https://en.wikipedia.org/wiki/2003_World_Fencing_Championships
fie_world_championships,FIE World Championships,2003,2003-12-31,epee,Epee,Women Individual Epee,women,individual,1,gold,athlete,Natalia Konrad,Ukraine,UKR,,https://en.wikipedia.org/wiki/2003_World_Fencing_Championships
fie_world_championships,FIE World Championships,2003,2003-12-31,epee,Epee,Women Individual Epee,women,individual,2,silver,athlete,Maureen Nisima,France,FRA,,https://en.wikipedia.org/wiki/2003_World_Fencing_Championships
fie_world_championships,FIE World Championships,2003,2003-12-31,epee,Epee,Women Individual Epee,women,individual,3,bronze,athlete,Li Na,China,CHN,,https://en.wikipedia.org/wiki/2003_World_Fencing_Championships
fie_world_championships,FIE World Championships,2003,2003-12-31,epee,Epee,Women Individual Epee,women,individual,3,bronze,athlete,Christiana Cascioli,Italy,ITA,,https://en.wikipedia.org/wiki/2003_World_Fencing_Championships
fie_world_championships,FIE World Championships,2003,2003-12-31,epee,Epee,Women Team Epee,women,team,1,gold,team,Russian Federation,Russian Federation,RUS,,https://en.wikipedia.org/wiki/2003_World_Fencing_Championships
fie_world_championships,FIE World Championships,2003,2003-12-31,epee,Epee,Women Team Epee,women,team,2,silver,team,Germany,Germany,DEU,,https://en.wikipedia.org/wiki/2003_World_Fencing_Championships
fie_world_championships,FIE World Championships,2003,2003-12-31,epee,Epee,Women Team Epee,women,team,3,bronze,team,Hungary,Hungary,HUN,,https://en.wikipedia.org/wiki/2003_World_Fencing_Championships
fie_world_championships,FIE World Championships,2003,2003-12-31,foil,Foil,Women Individual Foil,women,individual,1,gold,athlete,Valentina Vezzali,Italy,ITA,,https://en.wikipedia.org/wiki/2003_World_Fencing_Championships
fie_world_championships,FIE World Championships,2003,2003-12-31,foil,Foil,Women Individual Foil,women,individual,2,silver,athlete,Sylwia Gruchała,Poland,POL,,https://en.wikipedia.org/wiki/2003_World_Fencing_Championships
fie_world_championships,FIE World Championships,2003,2003-12-31,foil,Foil,Women Individual Foil,women,individual,3,bronze,athlete,Aida Mohamed,Hungary,HUN,,https://en.wikipedia.org/wiki/2003_World_Fencing_Championships
fie_world_championships,FIE World Championships,2003,2003-12-31,foil,Foil,Women Individual Foil,women,individual,3,bronze,athlete,Roxana Scarlat,Romania,ROU,,https://en.wikipedia.org/wiki/2003_World_Fencing_Championships
fie_world_championships,FIE World Championships,2003,2003-12-31,foil,Foil,Women Team Foil,women,team,1,gold,team,Poland,Poland,POL,,https://en.wikipedia.org/wiki/2003_World_Fencing_Championships
fie_world_championships,FIE World Championships,2003,2003-12-31,foil,Foil,Women Team Foil,women,team,2,silver,team,Russian Federation,Russian Federation,RUS,,https://en.wikipedia.org/wiki/2003_World_Fencing_Championships
fie_world_championships,FIE World Championships,2003,2003-12-31,foil,Foil,Women Team Foil,women,team,3,bronze,team,Romania,Romania,ROU,,https://en.wikipedia.org/wiki/2003_World_Fencing_Championships
fie_world_championships,FIE World Championships,2003,2003-12-31,sabre,Sabre,Women Individual Sabre,women,individual,1,gold,athlete,Dorina Mihai,Romania,ROU,,https://en.wikipedia.org/wiki/2003_World_Fencing_Championships
fie_world_championships,FIE World Championships,2003,2003-12-31,sabre,Sabre,Women Individual Sabre,women,individual,2,silver,athlete,Xue Tan,China,CHN,,https://en.wikipedia.org/wiki/2003_World_Fencing_Championships
fie_world_championships,FIE World Championships,2003,2003-12-31,sabre,Sabre,Women Individual Sabre,women,individual,3,bronze,athlete,Gioia Marzocca,Italy,ITA,,https://en.wikipedia.org/wiki/2003_World_Fencing_Championships
fie_world_championships,FIE World Championships,2003,2003-12-31,sabre,Sabre,Women Individual Sabre,women,individual,3,bronze,athlete,Aleksandra Socha,Poland,POL,,https://en.wikipedia.org/wiki/2003_World_Fencing_Championships
fie_world_championships,FIE World Championships,2003,2003-12-31,sabre,Sabre,Women Team Sabre,women,team,1,gold,team,Italy,Italy,ITA,,https://en.wikipedia.org/wiki/2003_World_Fencing_Championships
fie_world_championships,FIE World Championships,2003,2003-12-31,sabre,Sabre,Women Team Sabre,women,team,2,silver,team,China,China,CHN,,https://en.wikipedia.org/wiki/2003_World_Fencing_Championships
fie_world_championships,FIE World Championships,2003,2003-12-31,sabre,Sabre,Women Team Sabre,women,team,3,bronze,team,Azerbaijan,Azerbaijan,AZE,,https://en.wikipedia.org/wiki/2003_World_Fencing_Championships
fie_world_championships,FIE World Championships,2004,2004-12-31,foil,Foil,Women Team Foil,women,team,1,gold,team,Italy,Italy,ITA,Margherita Granbassi; Giovanna Trillini; Valentina Vezzali; Elisa Di Francisca,https://en.wikipedia.org/wiki/2004_World_Fencing_Championships
fie_world_championships,FIE World Championships,2004,2004-12-31,foil,Foil,Women Team Foil,women,team,2,silver,team,Romania,Romania,ROU,Roxana Scarlat; Laura Badea; Cristina Stahl,https://en.wikipedia.org/wiki/2004_World_Fencing_Championships
fie_world_championships,FIE World Championships,2004,2004-12-31,foil,Foil,Women Team Foil,women,team,3,bronze,team,Poland,Poland,POL,Sylwia Gruchała; Magdalena Mroczkiewicz; Anna Rybicka; Małgorzata Wojtkowiak,https://en.wikipedia.org/wiki/2004_World_Fencing_Championships
fie_world_championships,FIE World Championships,2004,2004-12-31,sabre,Sabre,Women Team Sabre,women,team,1,gold,team,Russian Federation,Russian Federation,RUS,Sofiya Velikaya; Yekaterina Fedorkina; Yelena Nechayeva; Svetlana Kormilitsyna,https://en.wikipedia.org/wiki/2004_World_Fencing_Championships
fie_world_championships,FIE World Championships,2004,2004-12-31,sabre,Sabre,Women Team Sabre,women,team,2,silver,team,United States,United States,USA,Emma Baratta; Emily Jacobson; Sada Jacobson; Mariel Zagunis,https://en.wikipedia.org/wiki/2004_World_Fencing_Championships
fie_world_championships,FIE World Championships,2004,2004-12-31,sabre,Sabre,Women Team Sabre,women,team,3,bronze,team,France,France,FRA,Anne-Lise Touya; Léonore Perrus; Cécile Argiolas,https://en.wikipedia.org/wiki/2004_World_Fencing_Championships
fie_world_championships,FIE World Championships,2005,2005-12-31,epee,Epee,Men Team Epee,men,team,1,gold,team,France,France,FRA,Érik Boisse Ulrich Robeiri Fabrice Jeannet Jérôme Jeannet,https://en.wikipedia.org/wiki/2005_World_Fencing_Championships
fie_world_championships,FIE World Championships,2005,2005-12-31,epee,Epee,Men Team Epee,men,team,2,silver,team,Germany,Germany,DEU,Daniel Strigel Martin Schmitt Sven Schmid Jörg Fiedler,https://en.wikipedia.org/wiki/2005_World_Fencing_Championships
fie_world_championships,FIE World Championships,2005,2005-12-31,epee,Epee,Men Team Epee,men,team,3,bronze,team,Ukraine,Ukraine,UKR,Dmytro Chumak; Dmitriy Karuchenko; Maksym Khvorost; Vitaly Osharov,https://en.wikipedia.org/wiki/2005_World_Fencing_Championships
fie_world_championships,FIE World Championships,2005,2005-12-31,foil,Foil,Men Team Foil,men,team,1,gold,team,France,France,FRA,Victor Sintès Nicolas Beaudan Erwann Le Péchoux Brice Guyart,https://en.wikipedia.org/wiki/2005_World_Fencing_Championships
fie_world_championships,FIE World Championships,2005,2005-12-31,foil,Foil,Men Team Foil,men,team,2,silver,team,Italy,Italy,ITA,Andrea Baldini Andrea Cassarà Salvatore Sanzo Simone Vanni,https://en.wikipedia.org/wiki/2005_World_Fencing_Championships
fie_world_championships,FIE World Championships,2005,2005-12-31,foil,Foil,Men Team Foil,men,team,3,bronze,team,Germany,Germany,DEU,Dominik Behr Ralf Bissdorf Peter Joppich Benjamin Kleibrink,https://en.wikipedia.org/wiki/2005_World_Fencing_Championships
fie_world_championships,FIE World Championships,2005,2005-12-31,sabre,Sabre,Men Team Sabre,men,team,1,gold,team,Russian Federation,Russian Federation,RUS,Aleksey Dyachenko Aleksey Frosin Stanislav Pozdnyakov Aleksey Yakimenko,https://en.wikipedia.org/wiki/2005_World_Fencing_Championships
fie_world_championships,FIE World Championships,2005,2005-12-31,sabre,Sabre,Men Team Sabre,men,team,2,silver,team,Italy,Italy,ITA,Andrea Aquili Aldo Montano Gianpiero Pastore Luigi Tarantino,https://en.wikipedia.org/wiki/2005_World_Fencing_Championships
fie_world_championships,FIE World Championships,2005,2005-12-31,sabre,Sabre,Men Team Sabre,men,team,3,bronze,team,France,France,FRA,Vincent Anstett Nicolas Lopez Julien Pillet Boris Sanson,https://en.wikipedia.org/wiki/2005_World_Fencing_Championships
fie_world_championships,FIE World Championships,2005,2005-12-31,epee,Epee,Women Team Epee,women,team,1,gold,team,France,France,FRA,Sarah Daninthe Laura Flessel-Colovic Hajnalka Kiraly Picot Maureen Nisima,https://en.wikipedia.org/wiki/2005_World_Fencing_Championships
fie_world_championships,FIE World Championships,2005,2005-12-31,epee,Epee,Women Team Epee,women,team,2,silver,team,Hungary,Hungary,HUN,Julianna Révész; Emese Szász; Hajnalka Toth; Adrienn Hormay,https://en.wikipedia.org/wiki/2005_World_Fencing_Championships
fie_world_championships,FIE World Championships,2005,2005-12-31,epee,Epee,Women Team Epee,women,team,3,bronze,team,Germany,Germany,DEU,Monika Sozanska Imke Duplitzer Britta Heidemann Claudia Bokel,https://en.wikipedia.org/wiki/2005_World_Fencing_Championships
fie_world_championships,FIE World Championships,2005,2005-12-31,foil,Foil,Women Team Foil,women,team,1,gold,team,"Korea, Republic of","Korea, Republic of",KOR,Lee Hyun-sun; Jung Gil-ok; Nam Hyun-hee; Seo Mi-jung,https://en.wikipedia.org/wiki/2005_World_Fencing_Championships
fie_world_championships,FIE World Championships,2005,2005-12-31,foil,Foil,Women Team Foil,women,team,2,silver,team,Romania,Romania,ROU,Andreea Andrei; Cristina Ghiță; Roxana Scarlat; Cristina Stahl,https://en.wikipedia.org/wiki/2005_World_Fencing_Championships
fie_world_championships,FIE World Championships,2005,2005-12-31,foil,Foil,Women Team Foil,women,team,3,bronze,team,France,France,FRA,Corinne Maîtrejean Astrid Guyart Céline Seigneur Adeline Wuillème,https://en.wikipedia.org/wiki/2005_World_Fencing_Championships
fie_world_championships,FIE World Championships,2005,2005-12-31,sabre,Sabre,Women Team Sabre,women,team,1,gold,team,United States,United States,USA,Sada Jacobson Caitlin Thompson Rebecca Ward Mariel Zagunis,https://en.wikipedia.org/wiki/2005_World_Fencing_Championships
fie_world_championships,FIE World Championships,2005,2005-12-31,sabre,Sabre,Women Team Sabre,women,team,2,silver,team,Russian Federation,Russian Federation,RUS,Sofiya Velikaya Ekaterina Fedorkina Yelena Nechayeva Svetlana Kormilitsyna,https://en.wikipedia.org/wiki/2005_World_Fencing_Championships
fie_world_championships,FIE World Championships,2005,2005-12-31,sabre,Sabre,Women Team Sabre,women,team,3,bronze,team,Hungary,Hungary,HUN,Edina Csaba; Orsolya Nagy; Dora Varga; Gabriella Sznopek,https://en.wikipedia.org/wiki/2005_World_Fencing_Championships
fie_world_championships,FIE World Championships,2006,2006-12-31,epee,Epee,Men Individual Epee,men,individual,1,gold,athlete,Wang Lei,China,CHN,,https://en.wikipedia.org/wiki/2006_World_Fencing_Championships
fie_world_championships,FIE World Championships,2006,2006-12-31,epee,Epee,Men Individual Epee,men,individual,2,silver,athlete,Joaquim Videira,Portugal,PRT,,https://en.wikipedia.org/wiki/2006_World_Fencing_Championships
fie_world_championships,FIE World Championships,2006,2006-12-31,epee,Epee,Men Individual Epee,men,individual,3,bronze,athlete,Igor Tikhomirov,Canada,CAN,,https://en.wikipedia.org/wiki/2006_World_Fencing_Championships
fie_world_championships,FIE World Championships,2006,2006-12-31,epee,Epee,Men Individual Epee,men,individual,3,bronze,athlete,Sven Järve,Estonia,EST,,https://en.wikipedia.org/wiki/2006_World_Fencing_Championships
fie_world_championships,FIE World Championships,2006,2006-12-31,epee,Epee,Men Team Epee,men,team,1,gold,team,France,France,FRA,Érik Boisse; Gauthier Grumier; Fabrice Jeannet; Ulrich Robeiri,https://en.wikipedia.org/wiki/2006_World_Fencing_Championships
fie_world_championships,FIE World Championships,2006,2006-12-31,epee,Epee,Men Team Epee,men,team,2,silver,team,Spain,Spain,ESP,José Luis Abajo; Ignacio Canto; Juan Castañeda; Eduardo Sepulveda Puerto,https://en.wikipedia.org/wiki/2006_World_Fencing_Championships
fie_world_championships,FIE World Championships,2006,2006-12-31,epee,Epee,Men Team Epee,men,team,3,bronze,team,Ukraine,Ukraine,UKR,Dmytro Chumak; Dmytro Karyuchenko; Maksym Khvorost; Bohdan Nikishyn,https://en.wikipedia.org/wiki/2006_World_Fencing_Championships
fie_world_championships,FIE World Championships,2006,2006-12-31,foil,Foil,Men Individual Foil,men,individual,1,gold,athlete,Peter Joppich,Germany,DEU,,https://en.wikipedia.org/wiki/2006_World_Fencing_Championships
fie_world_championships,FIE World Championships,2006,2006-12-31,foil,Foil,Men Individual Foil,men,individual,2,silver,athlete,Andrea Baldini,Italy,ITA,,https://en.wikipedia.org/wiki/2006_World_Fencing_Championships
fie_world_championships,FIE World Championships,2006,2006-12-31,foil,Foil,Men Individual Foil,men,individual,3,bronze,athlete,Lei Sheng,China,CHN,,https://en.wikipedia.org/wiki/2006_World_Fencing_Championships
fie_world_championships,FIE World Championships,2006,2006-12-31,foil,Foil,Men Individual Foil,men,individual,3,bronze,athlete,Stefano Barrera,Italy,ITA,,https://en.wikipedia.org/wiki/2006_World_Fencing_Championships
fie_world_championships,FIE World Championships,2006,2006-12-31,foil,Foil,Men Team Foil,men,team,1,gold,team,France,France,FRA,Loïc Attely; Nicolas Beaudan; Erwann Le Péchoux; Marcel Marcilloux,https://en.wikipedia.org/wiki/2006_World_Fencing_Championships
fie_world_championships,FIE World Championships,2006,2006-12-31,foil,Foil,Men Team Foil,men,team,2,silver,team,Germany,Germany,DEU,Dominik Behr; Richard Breutner; Peter Joppich; Benjamin Kleibrink,https://en.wikipedia.org/wiki/2006_World_Fencing_Championships
fie_world_championships,FIE World Championships,2006,2006-12-31,foil,Foil,Men Team Foil,men,team,3,bronze,team,Italy,Italy,ITA,Andrea Baldini; Andrea Cassarà; Salvatore Sanzo; Simone Vanni,https://en.wikipedia.org/wiki/2006_World_Fencing_Championships
fie_world_championships,FIE World Championships,2006,2006-12-31,sabre,Sabre,Men Individual Sabre,men,individual,1,gold,athlete,Stanislav Pozdnyakov,Russian Federation,RUS,,https://en.wikipedia.org/wiki/2006_World_Fencing_Championships
fie_world_championships,FIE World Championships,2006,2006-12-31,sabre,Sabre,Men Individual Sabre,men,individual,2,silver,athlete,Zsolt Nemcsik,Hungary,HUN,,https://en.wikipedia.org/wiki/2006_World_Fencing_Championships
fie_world_championships,FIE World Championships,2006,2006-12-31,sabre,Sabre,Men Individual Sabre,men,individual,3,bronze,athlete,Won Woo-young,"Korea, Republic of",KOR,,https://en.wikipedia.org/wiki/2006_World_Fencing_Championships
fie_world_championships,FIE World Championships,2006,2006-12-31,sabre,Sabre,Men Individual Sabre,men,individual,3,bronze,athlete,Aleksey Frosin,Russian Federation,RUS,,https://en.wikipedia.org/wiki/2006_World_Fencing_Championships
fie_world_championships,FIE World Championships,2006,2006-12-31,sabre,Sabre,Men Team Sabre,men,team,1,gold,team,France,France,FRA,Vincent Anstett; Nicolas Lopez; Julien Pillet; Boris Sanson,https://en.wikipedia.org/wiki/2006_World_Fencing_Championships
fie_world_championships,FIE World Championships,2006,2006-12-31,sabre,Sabre,Men Team Sabre,men,team,2,silver,team,Ukraine,Ukraine,UKR,Dmytro Boiko; Volodymyr Lukashenko; Oleh Shturbabin; Vladyslav Tretiak,https://en.wikipedia.org/wiki/2006_World_Fencing_Championships
fie_world_championships,FIE World Championships,2006,2006-12-31,sabre,Sabre,Men Team Sabre,men,team,3,bronze,team,Russian Federation,Russian Federation,RUS,Aleksey Frosin; Nikolay Kovalev; Stanislav Pozdnyakov; Aleksey Yakimenko,https://en.wikipedia.org/wiki/2006_World_Fencing_Championships
fie_world_championships,FIE World Championships,2006,2006-12-31,epee,Epee,Women Individual Epee,women,individual,1,gold,athlete,Tímea Nagy,Hungary,HUN,,https://en.wikipedia.org/wiki/2006_World_Fencing_Championships
fie_world_championships,FIE World Championships,2006,2006-12-31,epee,Epee,Women Individual Epee,women,individual,2,silver,athlete,Irina Embrich,Estonia,EST,,https://en.wikipedia.org/wiki/2006_World_Fencing_Championships
fie_world_championships,FIE World Championships,2006,2006-12-31,epee,Epee,Women Individual Epee,women,individual,3,bronze,athlete,Laura Flessel-Colovic,France,FRA,,https://en.wikipedia.org/wiki/2006_World_Fencing_Championships
fie_world_championships,FIE World Championships,2006,2006-12-31,epee,Epee,Women Individual Epee,women,individual,3,bronze,athlete,Emese Szász,Hungary,HUN,,https://en.wikipedia.org/wiki/2006_World_Fencing_Championships
fie_world_championships,FIE World Championships,2006,2006-12-31,epee,Epee,Women Team Epee,women,team,1,gold,team,China,China,CHN,Li Na; Luo Xiaojuan; Zhang Li; Zhong Weiping,https://en.wikipedia.org/wiki/2006_World_Fencing_Championships
fie_world_championships,FIE World Championships,2006,2006-12-31,epee,Epee,Women Team Epee,women,team,2,silver,team,France,France,FRA,Marysa Baradji-Duchêne; Laura Flessel-Colovic; Hajnalka Kiraly Picot; Maureen Nisima,https://en.wikipedia.org/wiki/2006_World_Fencing_Championships
fie_world_championships,FIE World Championships,2006,2006-12-31,epee,Epee,Women Team Epee,women,team,3,bronze,team,Germany,Germany,DEU,Claudia Bokel; Imke Duplitzer; Britta Heidemann; Marijana Markovic,https://en.wikipedia.org/wiki/2006_World_Fencing_Championships
fie_world_championships,FIE World Championships,2006,2006-12-31,foil,Foil,Women Individual Foil,women,individual,1,gold,athlete,Margherita Granbassi,Italy,ITA,,https://en.wikipedia.org/wiki/2006_World_Fencing_Championships
fie_world_championships,FIE World Championships,2006,2006-12-31,foil,Foil,Women Individual Foil,women,individual,2,silver,athlete,Valentina Vezzali,Italy,ITA,,https://en.wikipedia.org/wiki/2006_World_Fencing_Championships
fie_world_championships,FIE World Championships,2006,2006-12-31,foil,Foil,Women Individual Foil,women,individual,3,bronze,athlete,Aida Mohamed,Hungary,HUN,,https://en.wikipedia.org/wiki/2006_World_Fencing_Championships
fie_world_championships,FIE World Championships,2006,2006-12-31,foil,Foil,Women Individual Foil,women,individual,3,bronze,athlete,Giovanna Trillini,Italy,ITA,,https://en.wikipedia.org/wiki/2006_World_Fencing_Championships
fie_world_championships,FIE World Championships,2006,2006-12-31,foil,Foil,Women Team Foil,women,team,1,gold,team,Russian Federation,Russian Federation,RUS,Svetlana Boyko; Aida Shanayeva; Julia Khakimova; Ianna Rouzavina,https://en.wikipedia.org/wiki/2006_World_Fencing_Championships
fie_world_championships,FIE World Championships,2006,2006-12-31,foil,Foil,Women Team Foil,women,team,2,silver,team,Italy,Italy,ITA,Elisa di Francisca; Margherita Granbassi; Giovanna Trillini; Valentina Vezzali,https://en.wikipedia.org/wiki/2006_World_Fencing_Championships
fie_world_championships,FIE World Championships,2006,2006-12-31,foil,Foil,Women Team Foil,women,team,3,bronze,team,"Korea, Republic of","Korea, Republic of",KOR,Jeon Hee-sook; Jung Gil-ok; Nam Hyun-hee; Seo Mi-jung,https://en.wikipedia.org/wiki/2006_World_Fencing_Championships
fie_world_championships,FIE World Championships,2006,2006-12-31,sabre,Sabre,Women Individual Sabre,women,individual,1,gold,athlete,Rebecca Ward,United States,USA,,https://en.wikipedia.org/wiki/2006_World_Fencing_Championships
fie_world_championships,FIE World Championships,2006,2006-12-31,sabre,Sabre,Women Individual Sabre,women,individual,2,silver,athlete,Mariel Zagunis,United States,USA,,https://en.wikipedia.org/wiki/2006_World_Fencing_Championships
fie_world_championships,FIE World Championships,2006,2006-12-31,sabre,Sabre,Women Individual Sabre,women,individual,3,bronze,athlete,Kim Hye-lim,"Korea, Republic of",KOR,,https://en.wikipedia.org/wiki/2006_World_Fencing_Championships
fie_world_championships,FIE World Championships,2006,2006-12-31,sabre,Sabre,Women Individual Sabre,women,individual,3,bronze,athlete,Sada Jacobson,United States,USA,,https://en.wikipedia.org/wiki/2006_World_Fencing_Championships
fie_world_championships,FIE World Championships,2006,2006-12-31,sabre,Sabre,Women Team Sabre,women,team,1,gold,team,France,France,FRA,Cécile Argiolas; Solenne Mary; Léonore Perrus; Anne-Lise Touya,https://en.wikipedia.org/wiki/2006_World_Fencing_Championships
fie_world_championships,FIE World Championships,2006,2006-12-31,sabre,Sabre,Women Team Sabre,women,team,2,silver,team,United States,United States,USA,Sada Jacobson; Rebecca Ward; Mariel Zagunis,https://en.wikipedia.org/wiki/2006_World_Fencing_Championships
fie_world_championships,FIE World Championships,2006,2006-12-31,sabre,Sabre,Women Team Sabre,women,team,3,bronze,team,Russian Federation,Russian Federation,RUS,Yekaterina Dyachenko; Ekaterina Fedorkina; Yelena Nechayeva; Sofiya Velikaya,https://en.wikipedia.org/wiki/2006_World_Fencing_Championships
fie_world_championships,FIE World Championships,2007,2007-12-31,epee,Epee,Men Individual Epee,men,individual,1,gold,athlete,Krisztián Kulcsár,Hungary,HUN,,https://en.wikipedia.org/wiki/2007_World_Fencing_Championships
fie_world_championships,FIE World Championships,2007,2007-12-31,epee,Epee,Men Individual Epee,men,individual,2,silver,athlete,Érik Boisse,France,FRA,,https://en.wikipedia.org/wiki/2007_World_Fencing_Championships
fie_world_championships,FIE World Championships,2007,2007-12-31,epee,Epee,Men Individual Epee,men,individual,3,bronze,athlete,Jérôme Jeannet,France,FRA,,https://en.wikipedia.org/wiki/2007_World_Fencing_Championships
fie_world_championships,FIE World Championships,2007,2007-12-31,epee,Epee,Men Individual Epee,men,individual,3,bronze,athlete,Diego Confalonieri,Italy,ITA,,https://en.wikipedia.org/wiki/2007_World_Fencing_Championships
fie_world_championships,FIE World Championships,2007,2007-12-31,epee,Epee,Men Team Epee,men,team,1,gold,team,France,France,FRA,,https://en.wikipedia.org/wiki/2007_World_Fencing_Championships
fie_world_championships,FIE World Championships,2007,2007-12-31,epee,Epee,Men Team Epee,men,team,2,silver,team,Italy,Italy,ITA,,https://en.wikipedia.org/wiki/2007_World_Fencing_Championships
fie_world_championships,FIE World Championships,2007,2007-12-31,epee,Epee,Men Team Epee,men,team,3,bronze,team,Hungary,Hungary,HUN,,https://en.wikipedia.org/wiki/2007_World_Fencing_Championships
fie_world_championships,FIE World Championships,2007,2007-12-31,foil,Foil,Men Individual Foil,men,individual,1,gold,athlete,Peter Joppich,Germany,DEU,,https://en.wikipedia.org/wiki/2007_World_Fencing_Championships
fie_world_championships,FIE World Championships,2007,2007-12-31,foil,Foil,Men Individual Foil,men,individual,2,silver,athlete,Andrea Baldini,Italy,ITA,,https://en.wikipedia.org/wiki/2007_World_Fencing_Championships
fie_world_championships,FIE World Championships,2007,2007-12-31,foil,Foil,Men Individual Foil,men,individual,3,bronze,athlete,Lei Sheng,China,CHN,,https://en.wikipedia.org/wiki/2007_World_Fencing_Championships
fie_world_championships,FIE World Championships,2007,2007-12-31,foil,Foil,Men Individual Foil,men,individual,3,bronze,athlete,Benjamin Kleibrink,Germany,DEU,,https://en.wikipedia.org/wiki/2007_World_Fencing_Championships
fie_world_championships,FIE World Championships,2007,2007-12-31,foil,Foil,Men Team Foil,men,team,1,gold,team,France,France,FRA,,https://en.wikipedia.org/wiki/2007_World_Fencing_Championships
fie_world_championships,FIE World Championships,2007,2007-12-31,foil,Foil,Men Team Foil,men,team,2,silver,team,Germany,Germany,DEU,,https://en.wikipedia.org/wiki/2007_World_Fencing_Championships
fie_world_championships,FIE World Championships,2007,2007-12-31,foil,Foil,Men Team Foil,men,team,3,bronze,team,"Korea, Republic of","Korea, Republic of",KOR,,https://en.wikipedia.org/wiki/2007_World_Fencing_Championships
fie_world_championships,FIE World Championships,2007,2007-12-31,sabre,Sabre,Men Individual Sabre,men,individual,1,gold,athlete,Stanislav Pozdnyakov,Russian Federation,RUS,,https://en.wikipedia.org/wiki/2007_World_Fencing_Championships
fie_world_championships,FIE World Championships,2007,2007-12-31,sabre,Sabre,Men Individual Sabre,men,individual,2,silver,athlete,Aldo Montano,Italy,ITA,,https://en.wikipedia.org/wiki/2007_World_Fencing_Championships
fie_world_championships,FIE World Championships,2007,2007-12-31,sabre,Sabre,Men Individual Sabre,men,individual,3,bronze,athlete,Nicolas Limbach,Germany,DEU,,https://en.wikipedia.org/wiki/2007_World_Fencing_Championships
fie_world_championships,FIE World Championships,2007,2007-12-31,sabre,Sabre,Men Individual Sabre,men,individual,3,bronze,athlete,Oh Eun-seok,"Korea, Republic of",KOR,,https://en.wikipedia.org/wiki/2007_World_Fencing_Championships
fie_world_championships,FIE World Championships,2007,2007-12-31,sabre,Sabre,Men Team Sabre,men,team,1,gold,team,Hungary,Hungary,HUN,,https://en.wikipedia.org/wiki/2007_World_Fencing_Championships
fie_world_championships,FIE World Championships,2007,2007-12-31,sabre,Sabre,Men Team Sabre,men,team,2,silver,team,France,France,FRA,,https://en.wikipedia.org/wiki/2007_World_Fencing_Championships
fie_world_championships,FIE World Championships,2007,2007-12-31,sabre,Sabre,Men Team Sabre,men,team,3,bronze,team,Italy,Italy,ITA,,https://en.wikipedia.org/wiki/2007_World_Fencing_Championships
fie_world_championships,FIE World Championships,2007,2007-12-31,epee,Epee,Women Individual Epee,women,individual,1,gold,athlete,Britta Heidemann,Germany,DEU,,https://en.wikipedia.org/wiki/2007_World_Fencing_Championships
fie_world_championships,FIE World Championships,2007,2007-12-31,epee,Epee,Women Individual Epee,women,individual,2,silver,athlete,Li Na,China,CHN,,https://en.wikipedia.org/wiki/2007_World_Fencing_Championships
fie_world_championships,FIE World Championships,2007,2007-12-31,epee,Epee,Women Individual Epee,women,individual,3,bronze,athlete,Irina Embrich,Estonia,EST,,https://en.wikipedia.org/wiki/2007_World_Fencing_Championships
fie_world_championships,FIE World Championships,2007,2007-12-31,epee,Epee,Women Individual Epee,women,individual,3,bronze,athlete,Maureen Nisima,France,FRA,,https://en.wikipedia.org/wiki/2007_World_Fencing_Championships
fie_world_championships,FIE World Championships,2007,2007-12-31,epee,Epee,Women Team Epee,women,team,1,gold,team,France,France,FRA,,https://en.wikipedia.org/wiki/2007_World_Fencing_Championships
fie_world_championships,FIE World Championships,2007,2007-12-31,epee,Epee,Women Team Epee,women,team,2,silver,team,Russian Federation,Russian Federation,RUS,,https://en.wikipedia.org/wiki/2007_World_Fencing_Championships
fie_world_championships,FIE World Championships,2007,2007-12-31,epee,Epee,Women Team Epee,women,team,3,bronze,team,Germany,Germany,DEU,,https://en.wikipedia.org/wiki/2007_World_Fencing_Championships
fie_world_championships,FIE World Championships,2007,2007-12-31,foil,Foil,Women Individual Foil,women,individual,1,gold,athlete,Valentina Vezzali,Italy,ITA,,https://en.wikipedia.org/wiki/2007_World_Fencing_Championships
fie_world_championships,FIE World Championships,2007,2007-12-31,foil,Foil,Women Individual Foil,women,individual,2,silver,athlete,Margherita Granbassi,Italy,ITA,,https://en.wikipedia.org/wiki/2007_World_Fencing_Championships
fie_world_championships,FIE World Championships,2007,2007-12-31,foil,Foil,Women Individual Foil,women,individual,3,bronze,athlete,Aida Mohamed,Hungary,HUN,,https://en.wikipedia.org/wiki/2007_World_Fencing_Championships
fie_world_championships,FIE World Championships,2007,2007-12-31,foil,Foil,Women Individual Foil,women,individual,3,bronze,athlete,Giovanna Trillini,Italy,ITA,,https://en.wikipedia.org/wiki/2007_World_Fencing_Championships
fie_world_championships,FIE World Championships,2007,2007-12-31,foil,Foil,Women Team Foil,women,team,1,gold,team,Poland,Poland,POL,,https://en.wikipedia.org/wiki/2007_World_Fencing_Championships
fie_world_championships,FIE World Championships,2007,2007-12-31,foil,Foil,Women Team Foil,women,team,2,silver,team,Russian Federation,Russian Federation,RUS,,https://en.wikipedia.org/wiki/2007_World_Fencing_Championships
fie_world_championships,FIE World Championships,2007,2007-12-31,foil,Foil,Women Team Foil,women,team,3,bronze,team,Japan,Japan,JPN,,https://en.wikipedia.org/wiki/2007_World_Fencing_Championships
fie_world_championships,FIE World Championships,2007,2007-12-31,sabre,Sabre,Women Individual Sabre,women,individual,1,gold,athlete,Yelena Nechayeva,Russian Federation,RUS,,https://en.wikipedia.org/wiki/2007_World_Fencing_Championships
fie_world_championships,FIE World Championships,2007,2007-12-31,sabre,Sabre,Women Individual Sabre,women,individual,2,silver,athlete,Tan Xue,China,CHN,,https://en.wikipedia.org/wiki/2007_World_Fencing_Championships
fie_world_championships,FIE World Championships,2007,2007-12-31,sabre,Sabre,Women Individual Sabre,women,individual,3,bronze,athlete,Gioia Marzocca,Italy,ITA,,https://en.wikipedia.org/wiki/2007_World_Fencing_Championships
fie_world_championships,FIE World Championships,2007,2007-12-31,sabre,Sabre,Women Individual Sabre,women,individual,3,bronze,athlete,Bogna Jóźwiak,Poland,POL,,https://en.wikipedia.org/wiki/2007_World_Fencing_Championships
fie_world_championships,FIE World Championships,2007,2007-12-31,sabre,Sabre,Women Team Sabre,women,team,1,gold,team,France,France,FRA,,https://en.wikipedia.org/wiki/2007_World_Fencing_Championships
fie_world_championships,FIE World Championships,2007,2007-12-31,sabre,Sabre,Women Team Sabre,women,team,2,silver,team,Ukraine,Ukraine,UKR,,https://en.wikipedia.org/wiki/2007_World_Fencing_Championships
fie_world_championships,FIE World Championships,2007,2007-12-31,sabre,Sabre,Women Team Sabre,women,team,3,bronze,team,Russian Federation,Russian Federation,RUS,,https://en.wikipedia.org/wiki/2007_World_Fencing_Championships
fie_world_championships,FIE World Championships,2008,2008-12-31,foil,Foil,Men Team Foil,men,team,1,gold,team,Italy,Italy,ITA,Andrea Baldini; Andrea Cassarà; Stefano Barrera; Salvatore Sanzo,https://en.wikipedia.org/wiki/2008_World_Fencing_Championships
fie_world_championships,FIE World Championships,2008,2008-12-31,foil,Foil,Men Team Foil,men,team,2,silver,team,Germany,Germany,DEU,Peter Joppich; Benjamin Kleibrink; Dominik Behr,https://en.wikipedia.org/wiki/2008_World_Fencing_Championships
fie_world_championships,FIE World Championships,2008,2008-12-31,foil,Foil,Men Team Foil,men,team,3,bronze,team,Poland,Poland,POL,Michał Majewski; Radosław Glonek; Marcin Zawada; Sławomir Mocek,https://en.wikipedia.org/wiki/2008_World_Fencing_Championships
fie_world_championships,FIE World Championships,2008,2008-12-31,epee,Epee,Women Team Epee,women,team,1,gold,team,France,France,FRA,Laura Flessel; Hajnalka Kiraly-Picot; Maureen Nisima; Sarah Daninthe,https://en.wikipedia.org/wiki/2008_World_Fencing_Championships
fie_world_championships,FIE World Championships,2008,2008-12-31,epee,Epee,Women Team Epee,women,team,2,silver,team,China,China,CHN,Li Na; Luo Xiaojuan; Zhang Li; Zhong Weiping,https://en.wikipedia.org/wiki/2008_World_Fencing_Championships
fie_world_championships,FIE World Championships,2008,2008-12-31,epee,Epee,Women Team Epee,women,team,3,bronze,team,Germany,Germany,DEU,Imke Duplitzer; Britta Heidemann; Marijana Markovic; Monika Sozanska,https://en.wikipedia.org/wiki/2008_World_Fencing_Championships
fie_world_championships,FIE World Championships,2009,2009-12-31,epee,Epee,Men Team Epee,men,team,1,gold,team,France,France,FRA,,https://en.wikipedia.org/wiki/2009_World_Fencing_Championships
fie_world_championships,FIE World Championships,2009,2009-12-31,epee,Epee,Men Team Epee,men,team,2,silver,team,Hungary,Hungary,HUN,,https://en.wikipedia.org/wiki/2009_World_Fencing_Championships
fie_world_championships,FIE World Championships,2009,2009-12-31,epee,Epee,Men Team Epee,men,team,3,bronze,team,Poland,Poland,POL,,https://en.wikipedia.org/wiki/2009_World_Fencing_Championships
fie_world_championships,FIE World Championships,2009,2009-12-31,foil,Foil,Men Team Foil,men,team,1,gold,team,Italy,Italy,ITA,,https://en.wikipedia.org/wiki/2009_World_Fencing_Championships
fie_world_championships,FIE World Championships,2009,2009-12-31,foil,Foil,Men Team Foil,men,team,2,silver,team,Germany,Germany,DEU,,https://en.wikipedia.org/wiki/2009_World_Fencing_Championships
fie_world_championships,FIE World Championships,2009,2009-12-31,foil,Foil,Men Team Foil,men,team,3,bronze,team,Russian Federation,Russian Federation,RUS,,https://en.wikipedia.org/wiki/2009_World_Fencing_Championships
fie_world_championships,FIE World Championships,2009,2009-12-31,sabre,Sabre,Men Team Sabre,men,team,1,gold,team,Romania,Romania,ROU,,https://en.wikipedia.org/wiki/2009_World_Fencing_Championships
fie_world_championships,FIE World Championships,2009,2009-12-31,sabre,Sabre,Men Team Sabre,men,team,2,silver,team,Italy,Italy,ITA,,https://en.wikipedia.org/wiki/2009_World_Fencing_Championships
fie_world_championships,FIE World Championships,2009,2009-12-31,sabre,Sabre,Men Team Sabre,men,team,3,bronze,team,Hungary,Hungary,HUN,,https://en.wikipedia.org/wiki/2009_World_Fencing_Championships
fie_world_championships,FIE World Championships,2009,2009-12-31,epee,Epee,Women Team Epee,women,team,1,gold,team,Italy,Italy,ITA,,https://en.wikipedia.org/wiki/2009_World_Fencing_Championships
fie_world_championships,FIE World Championships,2009,2009-12-31,epee,Epee,Women Team Epee,women,team,2,silver,team,Poland,Poland,POL,,https://en.wikipedia.org/wiki/2009_World_Fencing_Championships
fie_world_championships,FIE World Championships,2009,2009-12-31,epee,Epee,Women Team Epee,women,team,3,bronze,team,Germany,Germany,DEU,,https://en.wikipedia.org/wiki/2009_World_Fencing_Championships
fie_world_championships,FIE World Championships,2009,2009-12-31,foil,Foil,Women Team Foil,women,team,1,gold,team,Italy,Italy,ITA,,https://en.wikipedia.org/wiki/2009_World_Fencing_Championships
fie_world_championships,FIE World Championships,2009,2009-12-31,foil,Foil,Women Team Foil,women,team,2,silver,team,Russian Federation,Russian Federation,RUS,,https://en.wikipedia.org/wiki/2009_World_Fencing_Championships
fie_world_championships,FIE World Championships,2009,2009-12-31,foil,Foil,Women Team Foil,women,team,3,bronze,team,Germany,Germany,DEU,,https://en.wikipedia.org/wiki/2009_World_Fencing_Championships
fie_world_championships,FIE World Championships,2009,2009-12-31,sabre,Sabre,Women Team Sabre,women,team,1,gold,team,Ukraine,Ukraine,UKR,,https://en.wikipedia.org/wiki/2009_World_Fencing_Championships
fie_world_championships,FIE World Championships,2009,2009-12-31,sabre,Sabre,Women Team Sabre,women,team,2,silver,team,France,France,FRA,,https://en.wikipedia.org/wiki/2009_World_Fencing_Championships
fie_world_championships,FIE World Championships,2009,2009-12-31,sabre,Sabre,Women Team Sabre,women,team,3,bronze,team,China,China,CHN,,https://en.wikipedia.org/wiki/2009_World_Fencing_Championships
fie_world_championships,FIE World Championships,2010,2010-12-31,epee,Epee,Men Team Epee,men,team,1,gold,team,France,France,FRA,Gauthier Grumier; Jérôme Jeannet; Jean-Michel Lucenay; Ulrich Robeiri,https://en.wikipedia.org/wiki/2010_World_Fencing_Championships
fie_world_championships,FIE World Championships,2010,2010-12-31,epee,Epee,Men Team Epee,men,team,2,silver,team,United States,United States,USA,Benjamin Bratton; Weston Kelsey; Cody Mattern; Benjamin Ungar,https://en.wikipedia.org/wiki/2010_World_Fencing_Championships
fie_world_championships,FIE World Championships,2010,2010-12-31,epee,Epee,Men Team Epee,men,team,3,bronze,team,Hungary,Hungary,HUN,Gábor Boczkó; Géza Imre; András Rédli; Péter Somfai,https://en.wikipedia.org/wiki/2010_World_Fencing_Championships
fie_world_championships,FIE World Championships,2010,2010-12-31,foil,Foil,Men Team Foil,men,team,1,gold,team,China,China,CHN,Huang Liangcai; Lei Sheng; Zhang Liangliang; Zhu Jun,https://en.wikipedia.org/wiki/2010_World_Fencing_Championships
fie_world_championships,FIE World Championships,2010,2010-12-31,foil,Foil,Men Team Foil,men,team,2,silver,team,Italy,Italy,ITA,Valerio Aspromonte; Andrea Baldini; Stefano Barrera; Andrea Cassarà,https://en.wikipedia.org/wiki/2010_World_Fencing_Championships
fie_world_championships,FIE World Championships,2010,2010-12-31,foil,Foil,Men Team Foil,men,team,3,bronze,team,Japan,Japan,JPN,Suguru Awaji; Kenta Chida; Ryo Miyake; Yuki Ota,https://en.wikipedia.org/wiki/2010_World_Fencing_Championships
fie_world_championships,FIE World Championships,2010,2010-12-31,sabre,Sabre,Men Team Sabre,men,team,1,gold,team,Russian Federation,Russian Federation,RUS,Nikolay Kovalev; Veniamin Reshetnikov; Aleksey Yakimenko; Artem Zanin,https://en.wikipedia.org/wiki/2010_World_Fencing_Championships
fie_world_championships,FIE World Championships,2010,2010-12-31,sabre,Sabre,Men Team Sabre,men,team,2,silver,team,Italy,Italy,ITA,Aldo Montano; Diego Occhiuzzi; Luigi Samele; Luigi Tarantino,https://en.wikipedia.org/wiki/2010_World_Fencing_Championships
fie_world_championships,FIE World Championships,2010,2010-12-31,sabre,Sabre,Men Team Sabre,men,team,3,bronze,team,Romania,Romania,ROU,Tiberiu Dolniceanu; Rareș Dumitrescu; Cosmin Hănceanu; Florin Zalomir,https://en.wikipedia.org/wiki/2010_World_Fencing_Championships
fie_world_championships,FIE World Championships,2010,2010-12-31,epee,Epee,Women Team Epee,women,team,1,gold,team,Romania,Romania,ROU,Simona Alexandru; Ana Maria Brânză; Loredana Iordăchioiu; Anca Măroiu,https://en.wikipedia.org/wiki/2010_World_Fencing_Championships
fie_world_championships,FIE World Championships,2010,2010-12-31,epee,Epee,Women Team Epee,women,team,2,silver,team,Germany,Germany,DEU,Imke Duplitzer; Britta Heidemann; Ricarda Multerer; Monika Sozanska,https://en.wikipedia.org/wiki/2010_World_Fencing_Championships
fie_world_championships,FIE World Championships,2010,2010-12-31,epee,Epee,Women Team Epee,women,team,3,bronze,team,"Korea, Republic of","Korea, Republic of",KOR,Jung Hyo-jung; Oh Yun-hee; Park Se-ra; Shin A-lam,https://en.wikipedia.org/wiki/2010_World_Fencing_Championships
fie_world_championships,FIE World Championships,2010,2010-12-31,foil,Foil,Women Team Foil,women,team,1,gold,team,Italy,Italy,ITA,Elisa Di Francisca; Arianna Errigo; Ilaria Salvatori; Valentina Vezzali,https://en.wikipedia.org/wiki/2010_World_Fencing_Championships
fie_world_championships,FIE World Championships,2010,2010-12-31,foil,Foil,Women Team Foil,women,team,2,silver,team,Poland,Poland,POL,Karolina Chlewińska; Sylwia Gruchała; Katarzyna Kryczalo; Anna Rybicka,https://en.wikipedia.org/wiki/2010_World_Fencing_Championships
fie_world_championships,FIE World Championships,2010,2010-12-31,foil,Foil,Women Team Foil,women,team,3,bronze,team,"Korea, Republic of","Korea, Republic of",KOR,Jeon Hee-sook; Nam Hyun-see; Oh Ha-na; Seo Mi-jung,https://en.wikipedia.org/wiki/2010_World_Fencing_Championships
fie_world_championships,FIE World Championships,2010,2010-12-31,sabre,Sabre,Women Team Sabre,women,team,1,gold,team,Russian Federation,Russian Federation,RUS,Dina Galiakbarova; Yuliya Gavrilova; Svetlana Kormilitsyna; Sofiya Velikaya,https://en.wikipedia.org/wiki/2010_World_Fencing_Championships
fie_world_championships,FIE World Championships,2010,2010-12-31,sabre,Sabre,Women Team Sabre,women,team,2,silver,team,Ukraine,Ukraine,UKR,Olha Kharlan; Olena Khomrova; Halyna Pundyk; Olga Zhovnir,https://en.wikipedia.org/wiki/2010_World_Fencing_Championships
fie_world_championships,FIE World Championships,2010,2010-12-31,sabre,Sabre,Women Team Sabre,women,team,3,bronze,team,France,France,FRA,Cécilia Berder; Solenne Mary; Léonore Perrus; Carole Vergne,https://en.wikipedia.org/wiki/2010_World_Fencing_Championships
fie_world_championships,FIE World Championships,2011,2011-12-31,epee,Epee,Men Team Epee,men,team,1,gold,team,France,France,FRA,Ronan Gustin; Gauthier Grumier; Jean-Michel Lucenay; Yannick Borel,https://en.wikipedia.org/wiki/2011_World_Fencing_Championships
fie_world_championships,FIE World Championships,2011,2011-12-31,epee,Epee,Men Team Epee,men,team,2,silver,team,Hungary,Hungary,HUN,Géza Imre; Péter Somfai; Gábor Boczkó; Péter Szényi,https://en.wikipedia.org/wiki/2011_World_Fencing_Championships
fie_world_championships,FIE World Championships,2011,2011-12-31,epee,Epee,Men Team Epee,men,team,3,bronze,team,Switzerland,Switzerland,CHE,Fabian Kauter; Benjamin Steffen; Max Heinzer; Florian Staub,https://en.wikipedia.org/wiki/2011_World_Fencing_Championships
fie_world_championships,FIE World Championships,2011,2011-12-31,foil,Foil,Men Team Foil,men,team,1,gold,team,China,China,CHN,Zhang Liangliang; Lei Sheng; Zhu Jun; Ma Jianfei,https://en.wikipedia.org/wiki/2011_World_Fencing_Championships
fie_world_championships,FIE World Championships,2011,2011-12-31,foil,Foil,Men Team Foil,men,team,2,silver,team,France,France,FRA,Marcel Marcilloux; Victor Sintès; Erwann Le Péchoux; Brice Guyart,https://en.wikipedia.org/wiki/2011_World_Fencing_Championships
fie_world_championships,FIE World Championships,2011,2011-12-31,foil,Foil,Men Team Foil,men,team,3,bronze,team,Germany,Germany,DEU,Sebastian Bachmann; Peter Joppich; Benjamin Kleibrink; Andre Wessels,https://en.wikipedia.org/wiki/2011_World_Fencing_Championships
fie_world_championships,FIE World Championships,2011,2011-12-31,sabre,Sabre,Men Team Sabre,men,team,1,gold,team,Russian Federation,Russian Federation,RUS,Nikolay Kovalev; Veniamin Reshetnikov; Aleksey Yakimenko; Pavel Bykov,https://en.wikipedia.org/wiki/2011_World_Fencing_Championships
fie_world_championships,FIE World Championships,2011,2011-12-31,sabre,Sabre,Men Team Sabre,men,team,2,silver,team,Belarus,Belarus,BLR,Valery Pryiemka; Aliaksandr Buikevich; Dmitri Lapkes; Aliaksei Likhacheuski,https://en.wikipedia.org/wiki/2011_World_Fencing_Championships
fie_world_championships,FIE World Championships,2011,2011-12-31,sabre,Sabre,Men Team Sabre,men,team,3,bronze,team,Italy,Italy,ITA,Diego Occhiuzzi; Aldo Montano; Gianpiero Pastore; Luigi Tarantino,https://en.wikipedia.org/wiki/2011_World_Fencing_Championships
fie_world_championships,FIE World Championships,2011,2011-12-31,epee,Epee,Women Team Epee,women,team,1,gold,team,Romania,Romania,ROU,Anca Măroiu; Loredana Dinu; Simona Alexandru; Ana Maria Brânză,https://en.wikipedia.org/wiki/2011_World_Fencing_Championships
fie_world_championships,FIE World Championships,2011,2011-12-31,epee,Epee,Women Team Epee,women,team,2,silver,team,China,China,CHN,Luo Xiaojuan; Li Na; Sun Yujie; Xu Anqi,https://en.wikipedia.org/wiki/2011_World_Fencing_Championships
fie_world_championships,FIE World Championships,2011,2011-12-31,epee,Epee,Women Team Epee,women,team,3,bronze,team,Italy,Italy,ITA,Rossella Fiamingo; Mara Navarria; Nathalie Moellhausen; Bianca Del Carretto,https://en.wikipedia.org/wiki/2011_World_Fencing_Championships
fie_world_championships,FIE World Championships,2011,2011-12-31,foil,Foil,Women Team Foil,women,team,1,gold,team,Russian Federation,Russian Federation,RUS,Inna Deriglazova; Aida Shanayeva; Larisa Korobeynikova; Yevgeniya Lamonova,https://en.wikipedia.org/wiki/2011_World_Fencing_Championships
fie_world_championships,FIE World Championships,2011,2011-12-31,foil,Foil,Women Team Foil,women,team,2,silver,team,Italy,Italy,ITA,Arianna Errigo; Valentina Vezzali; Elisa Di Francisca; Ilaria Salvatori,https://en.wikipedia.org/wiki/2011_World_Fencing_Championships
fie_world_championships,FIE World Championships,2011,2011-12-31,foil,Foil,Women Team Foil,women,team,3,bronze,team,"Korea, Republic of","Korea, Republic of",KOR,Lee Hye-sun; Nam Hyun-hee; Jeon Hee-sook; Jung Gil-ok,https://en.wikipedia.org/wiki/2011_World_Fencing_Championships
fie_world_championships,FIE World Championships,2011,2011-12-31,sabre,Sabre,Women Team Sabre,women,team,1,gold,team,Russian Federation,Russian Federation,RUS,Ekaterina Dyachenko; Sofiya Velikaya; Yuliya Gavrilova; Dina Galiakbarova,https://en.wikipedia.org/wiki/2011_World_Fencing_Championships
fie_world_championships,FIE World Championships,2011,2011-12-31,sabre,Sabre,Women Team Sabre,women,team,2,silver,team,Ukraine,Ukraine,UKR,Olena Khomrova; Halyna Pundyk; Olha Kharlan; Olha Zhovnir,https://en.wikipedia.org/wiki/2011_World_Fencing_Championships
fie_world_championships,FIE World Championships,2011,2011-12-31,sabre,Sabre,Women Team Sabre,women,team,3,bronze,team,United States,United States,USA,Ibtihaj Muhammad; Mariel Zagunis; Dagmara Wozniak; Daria Schneider,https://en.wikipedia.org/wiki/2011_World_Fencing_Championships
fie_world_championships,FIE World Championships,2012,2012-12-31,epee,Epee,Men Team Epee,men,team,1,gold,team,United States,United States,USA,Soren Thompson; Weston Kelsey; Cody Mattern; Benjamin Bratton,https://en.wikipedia.org/wiki/2012_World_Fencing_Championships
fie_world_championships,FIE World Championships,2012,2012-12-31,epee,Epee,Men Team Epee,men,team,2,silver,team,France,France,FRA,Gauthier Grumier; Yannick Borel; Jean-Michel Lucenay; Ulrich Robeiri,https://en.wikipedia.org/wiki/2012_World_Fencing_Championships
fie_world_championships,FIE World Championships,2012,2012-12-31,epee,Epee,Men Team Epee,men,team,3,bronze,team,Hungary,Hungary,HUN,Géza Imre; Gábor Boczkó; Péter Somfai; András Rédli,https://en.wikipedia.org/wiki/2012_World_Fencing_Championships
fie_world_championships,FIE World Championships,2012,2012-12-31,sabre,Sabre,Women Team Sabre,women,team,1,gold,team,Russian Federation,Russian Federation,RUS,Sofiya Velikaya; Yuliya Gavrilova; Ekaterina Dyachenko; Dina Galiakbarova,https://en.wikipedia.org/wiki/2012_World_Fencing_Championships
fie_world_championships,FIE World Championships,2012,2012-12-31,sabre,Sabre,Women Team Sabre,women,team,2,silver,team,Ukraine,Ukraine,UKR,Olha Kharlan; Olha Zhovnir; Olena Khomrova; Halyna Pundyk,https://en.wikipedia.org/wiki/2012_World_Fencing_Championships
fie_world_championships,FIE World Championships,2012,2012-12-31,sabre,Sabre,Women Team Sabre,women,team,3,bronze,team,United States,United States,USA,Mariel Zagunis; Dagmara Wozniak; Daria Schneider; Ibtihaj Muhammad,https://en.wikipedia.org/wiki/2012_World_Fencing_Championships
fie_world_championships,FIE World Championships,2013,2013-12-31,epee,Epee,Men Team Epee,men,team,1,gold,team,Hungary,Hungary,HUN,Géza Imre; Gábor Boczkó; András Rédli; Péter Szényi,https://en.wikipedia.org/wiki/2013_World_Fencing_Championships
fie_world_championships,FIE World Championships,2013,2013-12-31,epee,Epee,Men Team Epee,men,team,2,silver,team,Ukraine,Ukraine,UKR,Anatoliy Herey; Dmytro Karyuchenko; Vitalii Medvediev; Bohdan Nikishyn,https://en.wikipedia.org/wiki/2013_World_Fencing_Championships
fie_world_championships,FIE World Championships,2013,2013-12-31,epee,Epee,Men Team Epee,men,team,3,bronze,team,France,France,FRA,Alexandre Blaszyck; Daniel Jerent; Ulrich Robeiri; Iván Trevejo,https://en.wikipedia.org/wiki/2013_World_Fencing_Championships
fie_world_championships,FIE World Championships,2013,2013-12-31,foil,Foil,Men Team Foil,men,team,1,gold,team,Italy,Italy,ITA,Valerio Aspromonte; Giorgio Avola; Andrea Baldini; Andrea Cassarà,https://en.wikipedia.org/wiki/2013_World_Fencing_Championships
fie_world_championships,FIE World Championships,2013,2013-12-31,foil,Foil,Men Team Foil,men,team,2,silver,team,United States,United States,USA,Miles Chamley-Watson; Race Imboden; Alexander Massialas; Gerek Meinhardt,https://en.wikipedia.org/wiki/2013_World_Fencing_Championships
fie_world_championships,FIE World Championships,2013,2013-12-31,foil,Foil,Men Team Foil,men,team,3,bronze,team,France,France,FRA,Jérémy Cadot; Erwann Le Péchoux; Enzo Lefort; Marcel Marcilloux,https://en.wikipedia.org/wiki/2013_World_Fencing_Championships
fie_world_championships,FIE World Championships,2013,2013-12-31,sabre,Sabre,Men Team Sabre,men,team,1,gold,team,Russian Federation,Russian Federation,RUS,Kamil Ibragimov; Nikolay Kovalev; Veniamin Reshetnikov; Aleksey Yakimenko,https://en.wikipedia.org/wiki/2013_World_Fencing_Championships
fie_world_championships,FIE World Championships,2013,2013-12-31,sabre,Sabre,Men Team Sabre,men,team,2,silver,team,Romania,Romania,ROU,Alin Badea; Tiberiu Dolniceanu; Ciprian Gălățanu; Iulian Teodosiu,https://en.wikipedia.org/wiki/2013_World_Fencing_Championships
fie_world_championships,FIE World Championships,2013,2013-12-31,sabre,Sabre,Men Team Sabre,men,team,3,bronze,team,"Korea, Republic of","Korea, Republic of",KOR,Gu Bon-gil; Kim Jung-hwan; Oh Eun-seok; Won Jun-ho,https://en.wikipedia.org/wiki/2013_World_Fencing_Championships
fie_world_championships,FIE World Championships,2013,2013-12-31,epee,Epee,Women Team Epee,women,team,1,gold,team,Russian Federation,Russian Federation,RUS,Tatyana Andryushina; Violetta Kolobova; Anna Sivkova; Yana Zvereva,https://en.wikipedia.org/wiki/2013_World_Fencing_Championships
fie_world_championships,FIE World Championships,2013,2013-12-31,epee,Epee,Women Team Epee,women,team,2,silver,team,China,China,CHN,Hou Yingming; Luo Xiaojuan; Sun Yiwen; Xu Anqi,https://en.wikipedia.org/wiki/2013_World_Fencing_Championships
fie_world_championships,FIE World Championships,2013,2013-12-31,epee,Epee,Women Team Epee,women,team,3,bronze,team,Romania,Romania,ROU,Ana Maria Brânză; Simona Pop; Raluca Sbîrcia; Maria Udrea,https://en.wikipedia.org/wiki/2013_World_Fencing_Championships
fie_world_championships,FIE World Championships,2013,2013-12-31,foil,Foil,Women Team Foil,women,team,1,gold,team,Italy,Italy,ITA,Elisa Di Francisca; Carolina Erba; Arianna Errigo; Valentina Vezzali,https://en.wikipedia.org/wiki/2013_World_Fencing_Championships
fie_world_championships,FIE World Championships,2013,2013-12-31,foil,Foil,Women Team Foil,women,team,2,silver,team,France,France,FRA,Anita Blaze; Astrid Guyart; Corinne Maîtrejean; Ysaora Thibus,https://en.wikipedia.org/wiki/2013_World_Fencing_Championships
fie_world_championships,FIE World Championships,2013,2013-12-31,foil,Foil,Women Team Foil,women,team,3,bronze,team,Russian Federation,Russian Federation,RUS,Yuliya Biryukova; Inna Deriglazova; Larisa Korobeynikova; Diana Yakovleva,https://en.wikipedia.org/wiki/2013_World_Fencing_Championships
fie_world_championships,FIE World Championships,2013,2013-12-31,sabre,Sabre,Women Team Sabre,women,team,1,gold,team,Ukraine,Ukraine,UKR,Olha Kharlan; Alina Komashchuk; Halyna Pundyk; Olena Voronina,https://en.wikipedia.org/wiki/2013_World_Fencing_Championships
fie_world_championships,FIE World Championships,2013,2013-12-31,sabre,Sabre,Women Team Sabre,women,team,2,silver,team,Russian Federation,Russian Federation,RUS,Yekaterina Dyachenko; Yana Egorian; Dina Galiakbarova; Yuliya Gavrilova,https://en.wikipedia.org/wiki/2013_World_Fencing_Championships
fie_world_championships,FIE World Championships,2013,2013-12-31,sabre,Sabre,Women Team Sabre,women,team,3,bronze,team,United States,United States,USA,Ibtihaj Muhammad; Anne-Elizabeth Stone; Dagmara Wozniak; Mariel Zagunis,https://en.wikipedia.org/wiki/2013_World_Fencing_Championships
fie_world_championships,FIE World Championships,2014,2014-12-31,epee,Epee,Men Team Epee,men,team,1,gold,team,France,France,FRA,Gauthier Grumier; Daniel Jerent; Jean-Michel Lucenay; Ulrich Robeiri,https://en.wikipedia.org/wiki/2014_World_Fencing_Championships
fie_world_championships,FIE World Championships,2014,2014-12-31,epee,Epee,Men Team Epee,men,team,2,silver,team,"Korea, Republic of","Korea, Republic of",KOR,Jung Jin-sun; Kweon Young-jun; Park Kyoung-doo; Park Sang-young,https://en.wikipedia.org/wiki/2014_World_Fencing_Championships
fie_world_championships,FIE World Championships,2014,2014-12-31,epee,Epee,Men Team Epee,men,team,3,bronze,team,Switzerland,Switzerland,CHE,Peer Borsky; Max Heinzer; Fabian Kauter; Benjamin Steffen,https://en.wikipedia.org/wiki/2014_World_Fencing_Championships
fie_world_championships,FIE World Championships,2014,2014-12-31,foil,Foil,Men Team Foil,men,team,1,gold,team,France,France,FRA,Enzo Lefort; Erwann Le Péchoux; Julien Mertine; Vincent Simon,https://en.wikipedia.org/wiki/2014_World_Fencing_Championships
fie_world_championships,FIE World Championships,2014,2014-12-31,foil,Foil,Men Team Foil,men,team,2,silver,team,China,China,CHN,Chen Haiwei; Lei Sheng; Ma Jianfei; Shi Jialuo,https://en.wikipedia.org/wiki/2014_World_Fencing_Championships
fie_world_championships,FIE World Championships,2014,2014-12-31,foil,Foil,Men Team Foil,men,team,3,bronze,team,Italy,Italy,ITA,Valerio Aspromonte; Giorgio Avola; Andrea Baldini; Andrea Cassarà,https://en.wikipedia.org/wiki/2014_World_Fencing_Championships
fie_world_championships,FIE World Championships,2014,2014-12-31,sabre,Sabre,Men Team Sabre,men,team,1,gold,team,Germany,Germany,DEU,Max Hartung; Nicolas Limbach; Matyas Szabo; Benedikt Wagner,https://en.wikipedia.org/wiki/2014_World_Fencing_Championships
fie_world_championships,FIE World Championships,2014,2014-12-31,sabre,Sabre,Men Team Sabre,men,team,2,silver,team,"Korea, Republic of","Korea, Republic of",KOR,Gu Bon-gil; Kim Jung-hwan; Oh Eun-seok; Won Woo-young,https://en.wikipedia.org/wiki/2014_World_Fencing_Championships
fie_world_championships,FIE World Championships,2014,2014-12-31,sabre,Sabre,Men Team Sabre,men,team,3,bronze,team,Hungary,Hungary,HUN,Tamás Decsi; Csanád Gémesi; András Szatmári; Áron Szilágyi,https://en.wikipedia.org/wiki/2014_World_Fencing_Championships
fie_world_championships,FIE World Championships,2014,2014-12-31,epee,Epee,Women Team Epee,women,team,1,gold,team,Russian Federation,Russian Federation,RUS,Tatyana Gudkova; Violetta Kolobova; Lyubov Shutova; Yana Zvereva,https://en.wikipedia.org/wiki/2014_World_Fencing_Championships
fie_world_championships,FIE World Championships,2014,2014-12-31,epee,Epee,Women Team Epee,women,team,2,silver,team,Estonia,Estonia,EST,Julia Beljajeva; Irina Embrich; Erika Kirpu; Kristina Kuusk,https://en.wikipedia.org/wiki/2014_World_Fencing_Championships
fie_world_championships,FIE World Championships,2014,2014-12-31,epee,Epee,Women Team Epee,women,team,3,bronze,team,Italy,Italy,ITA,Bianca Del Carretto; Rossella Fiamingo; Francesca Quondamcarlo; Mara Navarria,https://en.wikipedia.org/wiki/2014_World_Fencing_Championships
fie_world_championships,FIE World Championships,2014,2014-12-31,foil,Foil,Women Team Foil,women,team,1,gold,team,Italy,Italy,ITA,Martina Batini; Elisa Di Francisca; Arianna Errigo; Valentina Vezzali,https://en.wikipedia.org/wiki/2014_World_Fencing_Championships
fie_world_championships,FIE World Championships,2014,2014-12-31,foil,Foil,Women Team Foil,women,team,2,silver,team,Russian Federation,Russian Federation,RUS,Yuliya Biryukova; Inna Deriglazova; Larisa Korobeynikova; Diana Yakovleva,https://en.wikipedia.org/wiki/2014_World_Fencing_Championships
fie_world_championships,FIE World Championships,2014,2014-12-31,foil,Foil,Women Team Foil,women,team,3,bronze,team,France,France,FRA,Astrid Guyart; Corinne Maîtrejean; Ysaora Thibus,https://en.wikipedia.org/wiki/2014_World_Fencing_Championships
fie_world_championships,FIE World Championships,2014,2014-12-31,sabre,Sabre,Women Team Sabre,women,team,1,gold,team,United States,United States,USA,Ibtihaj Muhammad; Anne-Elizabeth Stone; Dagmara Wozniak; Mariel Zagunis,https://en.wikipedia.org/wiki/2014_World_Fencing_Championships
fie_world_championships,FIE World Championships,2014,2014-12-31,sabre,Sabre,Women Team Sabre,women,team,2,silver,team,France,France,FRA,Cécilia Berder; Saoussen Boudiaf; Manon Brunet; Charlotte Lembach,https://en.wikipedia.org/wiki/2014_World_Fencing_Championships
fie_world_championships,FIE World Championships,2014,2014-12-31,sabre,Sabre,Women Team Sabre,women,team,3,bronze,team,Ukraine,Ukraine,UKR,Olha Kharlan; Olena Kravatska; Olena Voronina; Olha Zhovnir,https://en.wikipedia.org/wiki/2014_World_Fencing_Championships
fie_world_championships,FIE World Championships,2015,2015-12-31,epee,Epee,Men Team Epee,men,team,1,gold,team,Ukraine,Ukraine,UKR,Anatoliy Herey; Dmytro Karyuchenko; Maksym Khvorost; Bohdan Nikishyn,https://en.wikipedia.org/wiki/2015_World_Fencing_Championships
fie_world_championships,FIE World Championships,2015,2015-12-31,epee,Epee,Men Team Epee,men,team,2,silver,team,"Korea, Republic of","Korea, Republic of",KOR,Jung Seung-hwa; Kweon Young-jun; Na Jong-kwan; Park Kyoung-doo,https://en.wikipedia.org/wiki/2015_World_Fencing_Championships
fie_world_championships,FIE World Championships,2015,2015-12-31,epee,Epee,Men Team Epee,men,team,3,bronze,team,Switzerland,Switzerland,CHE,Peer Borsky; Max Heinzer; Fabian Kauter; Benjamin Steffen,https://en.wikipedia.org/wiki/2015_World_Fencing_Championships
fie_world_championships,FIE World Championships,2015,2015-12-31,foil,Foil,Men Team Foil,men,team,1,gold,team,Italy,Italy,ITA,Giorgio Avola; Andrea Baldini; Andrea Cassarà; Daniele Garozzo,https://en.wikipedia.org/wiki/2015_World_Fencing_Championships
fie_world_championships,FIE World Championships,2015,2015-12-31,foil,Foil,Men Team Foil,men,team,2,silver,team,Russian Federation,Russian Federation,RUS,Artur Akhmatkhuzin; Aleksey Cheremisinov; Renal Ganeyev; Dmitry Rigin,https://en.wikipedia.org/wiki/2015_World_Fencing_Championships
fie_world_championships,FIE World Championships,2015,2015-12-31,foil,Foil,Men Team Foil,men,team,3,bronze,team,China,China,CHN,Chen Haiwei; Lei Sheng; Ma Jianfei; Li Chen,https://en.wikipedia.org/wiki/2015_World_Fencing_Championships
fie_world_championships,FIE World Championships,2015,2015-12-31,sabre,Sabre,Men Team Sabre,men,team,1,gold,team,Italy,Italy,ITA,Enrico Berrè; Luca Curatoli; Aldo Montano; Diego Occhiuzzi,https://en.wikipedia.org/wiki/2015_World_Fencing_Championships
fie_world_championships,FIE World Championships,2015,2015-12-31,sabre,Sabre,Men Team Sabre,men,team,2,silver,team,Russian Federation,Russian Federation,RUS,Kamil Ibragimov; Nikolay Kovalev; Veniamin Reshetnikov; Aleksey Yakimenko,https://en.wikipedia.org/wiki/2015_World_Fencing_Championships
fie_world_championships,FIE World Championships,2015,2015-12-31,sabre,Sabre,Men Team Sabre,men,team,3,bronze,team,Germany,Germany,DEU,Max Hartung; Nicolas Limbach; Matyas Szabo; Benedikt Wagner,https://en.wikipedia.org/wiki/2015_World_Fencing_Championships
fie_world_championships,FIE World Championships,2015,2015-12-31,epee,Epee,Women Team Epee,women,team,1,gold,team,China,China,CHN,Hao Jialu; Sun Yujie; Sun Yiwen; Xu Anqi,https://en.wikipedia.org/wiki/2015_World_Fencing_Championships
fie_world_championships,FIE World Championships,2015,2015-12-31,epee,Epee,Women Team Epee,women,team,2,silver,team,Romania,Romania,ROU,Ana Maria Brânză; Loredana Dinu; Simona Gherman; Simona Pop,https://en.wikipedia.org/wiki/2015_World_Fencing_Championships
fie_world_championships,FIE World Championships,2015,2015-12-31,epee,Epee,Women Team Epee,women,team,3,bronze,team,Ukraine,Ukraine,UKR,Olena Kryvytska; Kseniya Pantelyeyeva; Anfisa Pochkalova; Yana Shemyakina,https://en.wikipedia.org/wiki/2015_World_Fencing_Championships
fie_world_championships,FIE World Championships,2015,2015-12-31,foil,Foil,Women Team Foil,women,team,1,gold,team,Italy,Italy,ITA,Martina Batini; Elisa Di Francisca; Arianna Errigo; Valentina Vezzali,https://en.wikipedia.org/wiki/2015_World_Fencing_Championships
fie_world_championships,FIE World Championships,2015,2015-12-31,foil,Foil,Women Team Foil,women,team,2,silver,team,Russian Federation,Russian Federation,RUS,Yuliya Biryukova; Inna Deriglazova; Larisa Korobeynikova; Aida Shanayeva,https://en.wikipedia.org/wiki/2015_World_Fencing_Championships
fie_world_championships,FIE World Championships,2015,2015-12-31,foil,Foil,Women Team Foil,women,team,3,bronze,team,France,France,FRA,Anita Blaze; Astrid Guyart; Pauline Ranvier; Ysaora Thibus,https://en.wikipedia.org/wiki/2015_World_Fencing_Championships
fie_world_championships,FIE World Championships,2015,2015-12-31,sabre,Sabre,Women Team Sabre,women,team,1,gold,team,Russian Federation,Russian Federation,RUS,Yekaterina Dyachenko; Yana Egorian; Yuliya Gavrilova; Sofiya Velikaya,https://en.wikipedia.org/wiki/2015_World_Fencing_Championships
fie_world_championships,FIE World Championships,2015,2015-12-31,sabre,Sabre,Women Team Sabre,women,team,2,silver,team,Ukraine,Ukraine,UKR,Olha Kharlan; Alina Komashchuk; Olena Kravatska; Olena Voronina,https://en.wikipedia.org/wiki/2015_World_Fencing_Championships
fie_world_championships,FIE World Championships,2015,2015-12-31,sabre,Sabre,Women Team Sabre,women,team,3,bronze,team,United States,United States,USA,Ibtihaj Muhammad; Anne-Elizabeth Stone; Dagmara Wozniak; Mariel Zagunis,https://en.wikipedia.org/wiki/2015_World_Fencing_Championships
fie_world_championships,FIE World Championships,2016,2016-12-31,sabre,Sabre,Men Team Sabre,men,team,1,gold,team,Russian Federation,Russian Federation,RUS,Dmitriy Danilenko; Kamil Ibragimov; Nikolay Kovalev; Aleksey Yakimenko,https://en.wikipedia.org/wiki/2016_World_Fencing_Championships
fie_world_championships,FIE World Championships,2016,2016-12-31,sabre,Sabre,Men Team Sabre,men,team,2,silver,team,Hungary,Hungary,HUN,Tamás Decsi; Nikolász Iliász; András Szatmári; Áron Szilágyi,https://en.wikipedia.org/wiki/2016_World_Fencing_Championships
fie_world_championships,FIE World Championships,2016,2016-12-31,sabre,Sabre,Men Team Sabre,men,team,3,bronze,team,Romania,Romania,ROU,Alin Badea; Ciprian Gălățanu; Tiberiu Dolniceanu; Iulian Teodosiu,https://en.wikipedia.org/wiki/2016_World_Fencing_Championships
fie_world_championships,FIE World Championships,2016,2016-12-31,foil,Foil,Women Team Foil,women,team,1,gold,team,Russian Federation,Russian Federation,RUS,Inna Deriglazova; Larisa Korobeynikova; Aida Shanayeva; Adelina Zagidullina,https://en.wikipedia.org/wiki/2016_World_Fencing_Championships
fie_world_championships,FIE World Championships,2016,2016-12-31,foil,Foil,Women Team Foil,women,team,2,silver,team,Italy,Italy,ITA,Martina Batini; Elisa Di Francisca; Arianna Errigo; Valentina Vezzali,https://en.wikipedia.org/wiki/2016_World_Fencing_Championships
fie_world_championships,FIE World Championships,2016,2016-12-31,foil,Foil,Women Team Foil,women,team,3,bronze,team,France,France,FRA,Gaëlle Gebet; Astrid Guyart; Pauline Ranvier; Ysaora Thibus,https://en.wikipedia.org/wiki/2016_World_Fencing_Championships
fie_world_championships,FIE World Championships,2017,2017-12-31,epee,Epee,Men Individual Epee,men,individual,1,gold,athlete,Paolo Pizzo,Italy,ITA,,https://en.wikipedia.org/wiki/2017_World_Fencing_Championships
fie_world_championships,FIE World Championships,2017,2017-12-31,epee,Epee,Men Individual Epee,men,individual,2,silver,athlete,Nikolai Novosjolov,Estonia,EST,,https://en.wikipedia.org/wiki/2017_World_Fencing_Championships
fie_world_championships,FIE World Championships,2017,2017-12-31,epee,Epee,Men Individual Epee,men,individual,3,bronze,athlete,Richard Schmidt,Germany,DEU,,https://en.wikipedia.org/wiki/2017_World_Fencing_Championships
fie_world_championships,FIE World Championships,2017,2017-12-31,epee,Epee,Men Individual Epee,men,individual,3,bronze,athlete,András Rédli,Hungary,HUN,,https://en.wikipedia.org/wiki/2017_World_Fencing_Championships
fie_world_championships,FIE World Championships,2017,2017-12-31,epee,Epee,Men Team Epee,men,team,1,gold,team,France,France,FRA,Yannick Borel; Ronan Gustin; Daniel Jérent; Jean-Michel Lucenay,https://en.wikipedia.org/wiki/2017_World_Fencing_Championships
fie_world_championships,FIE World Championships,2017,2017-12-31,epee,Epee,Men Team Epee,men,team,2,silver,team,Switzerland,Switzerland,CHE,Max Heinzer; Georg Kuhn; Michele Niggeler; Benjamin Steffen,https://en.wikipedia.org/wiki/2017_World_Fencing_Championships
fie_world_championships,FIE World Championships,2017,2017-12-31,epee,Epee,Men Team Epee,men,team,3,bronze,team,Russian Federation,Russian Federation,RUS,Nikita Glazkov; Anton Glebko; Sergey Khodos; Pavel Sukhov,https://en.wikipedia.org/wiki/2017_World_Fencing_Championships
fie_world_championships,FIE World Championships,2017,2017-12-31,foil,Foil,Men Individual Foil,men,individual,1,gold,athlete,Dmitry Zherebchenko,Russian Federation,RUS,,https://en.wikipedia.org/wiki/2017_World_Fencing_Championships
fie_world_championships,FIE World Championships,2017,2017-12-31,foil,Foil,Men Individual Foil,men,individual,2,silver,athlete,Toshiya Saito,Japan,JPN,,https://en.wikipedia.org/wiki/2017_World_Fencing_Championships
fie_world_championships,FIE World Championships,2017,2017-12-31,foil,Foil,Men Individual Foil,men,individual,3,bronze,athlete,Daniele Garozzo,Italy,ITA,,https://en.wikipedia.org/wiki/2017_World_Fencing_Championships
fie_world_championships,FIE World Championships,2017,2017-12-31,foil,Foil,Men Individual Foil,men,individual,3,bronze,athlete,Takahiro Shikine,Japan,JPN,,https://en.wikipedia.org/wiki/2017_World_Fencing_Championships
fie_world_championships,FIE World Championships,2017,2017-12-31,foil,Foil,Men Team Foil,men,team,1,gold,team,Italy,Italy,ITA,Giorgio Avola; Andrea Cassarà; Alessio Foconi; Daniele Garozzo,https://en.wikipedia.org/wiki/2017_World_Fencing_Championships
fie_world_championships,FIE World Championships,2017,2017-12-31,foil,Foil,Men Team Foil,men,team,2,silver,team,United States,United States,USA,Miles Chamley-Watson; Race Imboden; Alexander Massialas; Gerek Meinhardt,https://en.wikipedia.org/wiki/2017_World_Fencing_Championships
fie_world_championships,FIE World Championships,2017,2017-12-31,foil,Foil,Men Team Foil,men,team,3,bronze,team,France,France,FRA,Jérémy Cadot; Enzo Lefort; Erwann Le Péchoux; Julien Mertine,https://en.wikipedia.org/wiki/2017_World_Fencing_Championships
fie_world_championships,FIE World Championships,2017,2017-12-31,sabre,Sabre,Men Individual Sabre,men,individual,1,gold,athlete,András Szatmári,Hungary,HUN,,https://en.wikipedia.org/wiki/2017_World_Fencing_Championships
fie_world_championships,FIE World Championships,2017,2017-12-31,sabre,Sabre,Men Individual Sabre,men,individual,2,silver,athlete,Gu Bon-gil,"Korea, Republic of",KOR,,https://en.wikipedia.org/wiki/2017_World_Fencing_Championships
fie_world_championships,FIE World Championships,2017,2017-12-31,sabre,Sabre,Men Individual Sabre,men,individual,3,bronze,athlete,Vincent Anstett,France,FRA,,https://en.wikipedia.org/wiki/2017_World_Fencing_Championships
fie_world_championships,FIE World Championships,2017,2017-12-31,sabre,Sabre,Men Individual Sabre,men,individual,3,bronze,athlete,Kamil Ibragimov,Russian Federation,RUS,,https://en.wikipedia.org/wiki/2017_World_Fencing_Championships
fie_world_championships,FIE World Championships,2017,2017-12-31,sabre,Sabre,Men Team Sabre,men,team,1,gold,team,"Korea, Republic of","Korea, Republic of",KOR,Gu Bon-gil; Kim Jun-ho; Kim Jung-hwan; Oh Sang-uk,https://en.wikipedia.org/wiki/2017_World_Fencing_Championships
fie_world_championships,FIE World Championships,2017,2017-12-31,sabre,Sabre,Men Team Sabre,men,team,2,silver,team,Hungary,Hungary,HUN,Tamás Decsi; Csanád Gémesi; András Szatmári; Áron Szilágyi,https://en.wikipedia.org/wiki/2017_World_Fencing_Championships
fie_world_championships,FIE World Championships,2017,2017-12-31,sabre,Sabre,Men Team Sabre,men,team,3,bronze,team,Italy,Italy,ITA,Enrico Berrè; Dario Cavaliere; Luca Curatoli; Luigi Samele,https://en.wikipedia.org/wiki/2017_World_Fencing_Championships
fie_world_championships,FIE World Championships,2017,2017-12-31,epee,Epee,Women Individual Epee,women,individual,1,gold,athlete,Tatyana Gudkova,Russian Federation,RUS,,https://en.wikipedia.org/wiki/2017_World_Fencing_Championships
fie_world_championships,FIE World Championships,2017,2017-12-31,epee,Epee,Women Individual Epee,women,individual,2,silver,athlete,Ewa Nelip,Poland,POL,,https://en.wikipedia.org/wiki/2017_World_Fencing_Championships
fie_world_championships,FIE World Championships,2017,2017-12-31,epee,Epee,Women Individual Epee,women,individual,3,bronze,athlete,Julia Beljajeva,Estonia,EST,,https://en.wikipedia.org/wiki/2017_World_Fencing_Championships
fie_world_championships,FIE World Championships,2017,2017-12-31,epee,Epee,Women Individual Epee,women,individual,3,bronze,athlete,Olena Kryvytska,Ukraine,UKR,,https://en.wikipedia.org/wiki/2017_World_Fencing_Championships
fie_world_championships,FIE World Championships,2017,2017-12-31,epee,Epee,Women Team Epee,women,team,1,gold,team,Estonia,Estonia,EST,Julia Beljajeva; Irina Embrich; Erika Kirpu; Kristina Kuusk,https://en.wikipedia.org/wiki/2017_World_Fencing_Championships
fie_world_championships,FIE World Championships,2017,2017-12-31,epee,Epee,Women Team Epee,women,team,2,silver,team,China,China,CHN,Sun Yiwen; Sun Yujie; Xu Chengzi; Zhu Mingye,https://en.wikipedia.org/wiki/2017_World_Fencing_Championships
fie_world_championships,FIE World Championships,2017,2017-12-31,epee,Epee,Women Team Epee,women,team,3,bronze,team,Poland,Poland,POL,Renata Knapik-Miazga; Ewa Nelip; Magdalena Piekarska; Barbara Rutz,https://en.wikipedia.org/wiki/2017_World_Fencing_Championships
fie_world_championships,FIE World Championships,2017,2017-12-31,foil,Foil,Women Individual Foil,women,individual,1,gold,athlete,Inna Deriglazova,Russian Federation,RUS,,https://en.wikipedia.org/wiki/2017_World_Fencing_Championships
fie_world_championships,FIE World Championships,2017,2017-12-31,foil,Foil,Women Individual Foil,women,individual,2,silver,athlete,Alice Volpi,Italy,ITA,,https://en.wikipedia.org/wiki/2017_World_Fencing_Championships
fie_world_championships,FIE World Championships,2017,2017-12-31,foil,Foil,Women Individual Foil,women,individual,3,bronze,athlete,Ysaora Thibus,France,FRA,,https://en.wikipedia.org/wiki/2017_World_Fencing_Championships
fie_world_championships,FIE World Championships,2017,2017-12-31,foil,Foil,Women Individual Foil,women,individual,3,bronze,athlete,Arianna Errigo,Italy,ITA,,https://en.wikipedia.org/wiki/2017_World_Fencing_Championships
fie_world_championships,FIE World Championships,2017,2017-12-31,foil,Foil,Women Team Foil,women,team,1,gold,team,Italy,Italy,ITA,Martina Batini; Arianna Errigo; Camilla Mancini; Alice Volpi,https://en.wikipedia.org/wiki/2017_World_Fencing_Championships
fie_world_championships,FIE World Championships,2017,2017-12-31,foil,Foil,Women Team Foil,women,team,2,silver,team,United States,United States,USA,Lee Kiefer; Margaret Lu; Nzingha Prescod; Nicole Ross,https://en.wikipedia.org/wiki/2017_World_Fencing_Championships
fie_world_championships,FIE World Championships,2017,2017-12-31,foil,Foil,Women Team Foil,women,team,3,bronze,team,Russian Federation,Russian Federation,RUS,Inna Deriglazova; Anastasia Ivanova; Svetlana Tripapina; Adelina Zagidullina,https://en.wikipedia.org/wiki/2017_World_Fencing_Championships
fie_world_championships,FIE World Championships,2017,2017-12-31,sabre,Sabre,Women Individual Sabre,women,individual,1,gold,athlete,Olha Kharlan,Ukraine,UKR,,https://en.wikipedia.org/wiki/2017_World_Fencing_Championships
fie_world_championships,FIE World Championships,2017,2017-12-31,sabre,Sabre,Women Individual Sabre,women,individual,2,silver,athlete,Azza Besbes,Tunisia,TUN,,https://en.wikipedia.org/wiki/2017_World_Fencing_Championships
fie_world_championships,FIE World Championships,2017,2017-12-31,sabre,Sabre,Women Individual Sabre,women,individual,3,bronze,athlete,Cécilia Berder,France,FRA,,https://en.wikipedia.org/wiki/2017_World_Fencing_Championships
fie_world_championships,FIE World Championships,2017,2017-12-31,sabre,Sabre,Women Individual Sabre,women,individual,3,bronze,athlete,Irene Vecchi,Italy,ITA,,https://en.wikipedia.org/wiki/2017_World_Fencing_Championships
fie_world_championships,FIE World Championships,2017,2017-12-31,sabre,Sabre,Women Team Sabre,women,team,1,gold,team,Italy,Italy,ITA,Martina Criscio; Rossella Gregorio; Loreta Gulotta; Irene Vecchi,https://en.wikipedia.org/wiki/2017_World_Fencing_Championships
fie_world_championships,FIE World Championships,2017,2017-12-31,sabre,Sabre,Women Team Sabre,women,team,2,silver,team,"Korea, Republic of","Korea, Republic of",KOR,Hwang Seon-a; Kim Ji-yeon; Seo Ji-yeon; Yoon Ji-su,https://en.wikipedia.org/wiki/2017_World_Fencing_Championships
fie_world_championships,FIE World Championships,2017,2017-12-31,sabre,Sabre,Women Team Sabre,women,team,3,bronze,team,France,France,FRA,Cécilia Berder; Manon Brunet; Charlotte Lembach; Caroline Queroli,https://en.wikipedia.org/wiki/2017_World_Fencing_Championships
fie_world_championships,FIE World Championships,2018,2018-12-31,epee,Epee,Men Individual Epee,men,individual,1,gold,athlete,Yannick Borel,France,FRA,,https://en.wikipedia.org/wiki/2018_World_Fencing_Championships
fie_world_championships,FIE World Championships,2018,2018-12-31,epee,Epee,Men Individual Epee,men,individual,2,silver,athlete,Rubén Limardo,"Venezuela, Bolivarian Republic of",VEN,,https://en.wikipedia.org/wiki/2018_World_Fencing_Championships
fie_world_championships,FIE World Championships,2018,2018-12-31,epee,Epee,Men Individual Epee,men,individual,3,bronze,athlete,Bohdan Nikishyn,Ukraine,UKR,,https://en.wikipedia.org/wiki/2018_World_Fencing_Championships
fie_world_championships,FIE World Championships,2018,2018-12-31,epee,Epee,Men Individual Epee,men,individual,3,bronze,athlete,Roman Svichkar,Ukraine,UKR,,https://en.wikipedia.org/wiki/2018_World_Fencing_Championships
fie_world_championships,FIE World Championships,2018,2018-12-31,epee,Epee,Men Team Epee,men,team,1,gold,team,Switzerland,Switzerland,CHE,Max Heinzer; Lucas Malcotti; Michele Niggeler; Benjamin Steffen,https://en.wikipedia.org/wiki/2018_World_Fencing_Championships
fie_world_championships,FIE World Championships,2018,2018-12-31,epee,Epee,Men Team Epee,men,team,2,silver,team,"Korea, Republic of","Korea, Republic of",KOR,Jung Jin-sun; Kweon Young-jun; Park Kyoung-doo; Park Sang-young,https://en.wikipedia.org/wiki/2018_World_Fencing_Championships
fie_world_championships,FIE World Championships,2018,2018-12-31,epee,Epee,Men Team Epee,men,team,3,bronze,team,Russian Federation,Russian Federation,RUS,Sergey Bida; Nikita Glazkov; Sergey Khodos; Pavel Sukhov,https://en.wikipedia.org/wiki/2018_World_Fencing_Championships
fie_world_championships,FIE World Championships,2018,2018-12-31,foil,Foil,Men Individual Foil,men,individual,1,gold,athlete,Alessio Foconi,Italy,ITA,,https://en.wikipedia.org/wiki/2018_World_Fencing_Championships
fie_world_championships,FIE World Championships,2018,2018-12-31,foil,Foil,Men Individual Foil,men,individual,2,silver,athlete,Richard Kruse,United Kingdom,GBR,,https://en.wikipedia.org/wiki/2018_World_Fencing_Championships
fie_world_championships,FIE World Championships,2018,2018-12-31,foil,Foil,Men Individual Foil,men,individual,3,bronze,athlete,Carlos Llavador,Spain,ESP,,https://en.wikipedia.org/wiki/2018_World_Fencing_Championships
fie_world_championships,FIE World Championships,2018,2018-12-31,foil,Foil,Men Individual Foil,men,individual,3,bronze,athlete,Heo Jun,"Korea, Republic of",KOR,,https://en.wikipedia.org/wiki/2018_World_Fencing_Championships
fie_world_championships,FIE World Championships,2018,2018-12-31,foil,Foil,Men Team Foil,men,team,1,gold,team,Italy,Italy,ITA,Giorgio Avola; Andrea Cassarà; Alessio Foconi; Daniele Garozzo,https://en.wikipedia.org/wiki/2018_World_Fencing_Championships
fie_world_championships,FIE World Championships,2018,2018-12-31,foil,Foil,Men Team Foil,men,team,2,silver,team,United States,United States,USA,Miles Chamley-Watson; Race Imboden; Alexander Massialas; Gerek Meinhardt,https://en.wikipedia.org/wiki/2018_World_Fencing_Championships
fie_world_championships,FIE World Championships,2018,2018-12-31,foil,Foil,Men Team Foil,men,team,3,bronze,team,Russian Federation,Russian Federation,RUS,Timur Arslanov; Aleksey Cheremisinov; Timur Safin; Dmitry Zherebchenko,https://en.wikipedia.org/wiki/2018_World_Fencing_Championships
fie_world_championships,FIE World Championships,2018,2018-12-31,sabre,Sabre,Men Individual Sabre,men,individual,1,gold,athlete,Kim Jung-hwan,"Korea, Republic of",KOR,,https://en.wikipedia.org/wiki/2018_World_Fencing_Championships
fie_world_championships,FIE World Championships,2018,2018-12-31,sabre,Sabre,Men Individual Sabre,men,individual,2,silver,athlete,Eli Dershwitz,United States,USA,,https://en.wikipedia.org/wiki/2018_World_Fencing_Championships
fie_world_championships,FIE World Championships,2018,2018-12-31,sabre,Sabre,Men Individual Sabre,men,individual,3,bronze,athlete,Kim Jun-ho,"Korea, Republic of",KOR,,https://en.wikipedia.org/wiki/2018_World_Fencing_Championships
fie_world_championships,FIE World Championships,2018,2018-12-31,sabre,Sabre,Men Individual Sabre,men,individual,3,bronze,athlete,Kamil Ibragimov,Russian Federation,RUS,,https://en.wikipedia.org/wiki/2018_World_Fencing_Championships
fie_world_championships,FIE World Championships,2018,2018-12-31,sabre,Sabre,Men Team Sabre,men,team,1,gold,team,"Korea, Republic of","Korea, Republic of",KOR,Gu Bon-gil; Kim Jung-hwan; Kim Jun-ho; Oh Sang-uk,https://en.wikipedia.org/wiki/2018_World_Fencing_Championships
fie_world_championships,FIE World Championships,2018,2018-12-31,sabre,Sabre,Men Team Sabre,men,team,2,silver,team,Italy,Italy,ITA,Enrico Berrè; Luca Curatoli; Aldo Montano; Luigi Samele,https://en.wikipedia.org/wiki/2018_World_Fencing_Championships
fie_world_championships,FIE World Championships,2018,2018-12-31,sabre,Sabre,Men Team Sabre,men,team,3,bronze,team,Hungary,Hungary,HUN,Tamás Decsi; Csanád Gémesi; András Szatmári; Áron Szilágyi,https://en.wikipedia.org/wiki/2018_World_Fencing_Championships
fie_world_championships,FIE World Championships,2018,2018-12-31,epee,Epee,Women Individual Epee,women,individual,1,gold,athlete,Mara Navarria,Italy,ITA,,https://en.wikipedia.org/wiki/2018_World_Fencing_Championships
fie_world_championships,FIE World Championships,2018,2018-12-31,epee,Epee,Women Individual Epee,women,individual,2,silver,athlete,Ana Maria Brânză,Romania,ROU,,https://en.wikipedia.org/wiki/2018_World_Fencing_Championships
fie_world_championships,FIE World Championships,2018,2018-12-31,epee,Epee,Women Individual Epee,women,individual,3,bronze,athlete,Laura Staehli,Switzerland,CHE,,https://en.wikipedia.org/wiki/2018_World_Fencing_Championships
fie_world_championships,FIE World Championships,2018,2018-12-31,epee,Epee,Women Individual Epee,women,individual,3,bronze,athlete,Courtney Hurley,United States,USA,,https://en.wikipedia.org/wiki/2018_World_Fencing_Championships
fie_world_championships,FIE World Championships,2018,2018-12-31,epee,Epee,Women Team Epee,women,team,1,gold,team,United States,United States,USA,Katharine Holmes; Courtney Hurley; Kelley Hurley; Amanda Sirico,https://en.wikipedia.org/wiki/2018_World_Fencing_Championships
fie_world_championships,FIE World Championships,2018,2018-12-31,epee,Epee,Women Team Epee,women,team,2,silver,team,"Korea, Republic of","Korea, Republic of",KOR,Choi In-jeong; Kang Young-mi; Lee Hye-in; Shin A-lam,https://en.wikipedia.org/wiki/2018_World_Fencing_Championships
fie_world_championships,FIE World Championships,2018,2018-12-31,epee,Epee,Women Team Epee,women,team,3,bronze,team,China,China,CHN,Lin Sheng; Sun Yiwen; Xu Chengzi; Zhu Mingye,https://en.wikipedia.org/wiki/2018_World_Fencing_Championships
fie_world_championships,FIE World Championships,2018,2018-12-31,foil,Foil,Women Individual Foil,women,individual,1,gold,athlete,Alice Volpi,Italy,ITA,,https://en.wikipedia.org/wiki/2018_World_Fencing_Championships
fie_world_championships,FIE World Championships,2018,2018-12-31,foil,Foil,Women Individual Foil,women,individual,2,silver,athlete,Ysaora Thibus,France,FRA,,https://en.wikipedia.org/wiki/2018_World_Fencing_Championships
fie_world_championships,FIE World Championships,2018,2018-12-31,foil,Foil,Women Individual Foil,women,individual,3,bronze,athlete,Arianna Errigo,Italy,ITA,,https://en.wikipedia.org/wiki/2018_World_Fencing_Championships
fie_world_championships,FIE World Championships,2018,2018-12-31,foil,Foil,Women Individual Foil,women,individual,3,bronze,athlete,Inès Boubakri,Tunisia,TUN,,https://en.wikipedia.org/wiki/2018_World_Fencing_Championships
fie_world_championships,FIE World Championships,2018,2018-12-31,foil,Foil,Women Team Foil,women,team,1,gold,team,United States,United States,USA,Lee Kiefer; Margaret Lu; Nzingha Prescod; Nicole Ross,https://en.wikipedia.org/wiki/2018_World_Fencing_Championships
fie_world_championships,FIE World Championships,2018,2018-12-31,foil,Foil,Women Team Foil,women,team,2,silver,team,Italy,Italy,ITA,Chiara Cini; Arianna Errigo; Camilla Mancini; Alice Volpi,https://en.wikipedia.org/wiki/2018_World_Fencing_Championships
fie_world_championships,FIE World Championships,2018,2018-12-31,foil,Foil,Women Team Foil,women,team,3,bronze,team,France,France,FRA,Anita Blaze; Astrid Guyart; Pauline Ranvier; Ysaora Thibus,https://en.wikipedia.org/wiki/2018_World_Fencing_Championships
fie_world_championships,FIE World Championships,2018,2018-12-31,sabre,Sabre,Women Individual Sabre,women,individual,1,gold,athlete,Sofia Pozdniakova,Russian Federation,RUS,,https://en.wikipedia.org/wiki/2018_World_Fencing_Championships
fie_world_championships,FIE World Championships,2018,2018-12-31,sabre,Sabre,Women Individual Sabre,women,individual,2,silver,athlete,Sofya Velikaya,Russian Federation,RUS,,https://en.wikipedia.org/wiki/2018_World_Fencing_Championships
fie_world_championships,FIE World Championships,2018,2018-12-31,sabre,Sabre,Women Individual Sabre,women,individual,3,bronze,athlete,Yana Egorian,Russian Federation,RUS,,https://en.wikipedia.org/wiki/2018_World_Fencing_Championships
fie_world_championships,FIE World Championships,2018,2018-12-31,sabre,Sabre,Women Individual Sabre,women,individual,3,bronze,athlete,Anne-Elizabeth Stone,United States,USA,,https://en.wikipedia.org/wiki/2018_World_Fencing_Championships
fie_world_championships,FIE World Championships,2018,2018-12-31,sabre,Sabre,Women Team Sabre,women,team,1,gold,team,France,France,FRA,Cécilia Berder; Manon Brunet; Charlotte Lembach; Caroline Quéroli,https://en.wikipedia.org/wiki/2018_World_Fencing_Championships
fie_world_championships,FIE World Championships,2018,2018-12-31,sabre,Sabre,Women Team Sabre,women,team,2,silver,team,Russian Federation,Russian Federation,RUS,Yana Egorian; Sofia Pozdniakova; Svetlana Sheveleva; Sofya Velikaya,https://en.wikipedia.org/wiki/2018_World_Fencing_Championships
fie_world_championships,FIE World Championships,2018,2018-12-31,sabre,Sabre,Women Team Sabre,women,team,3,bronze,team,"Korea, Republic of","Korea, Republic of",KOR,Choi Soo-yeon; Hwang Seo-na; Kim Ji-yeon; Yoon Ji-su,https://en.wikipedia.org/wiki/2018_World_Fencing_Championships
fie_world_championships,FIE World Championships,2019,2019-12-31,epee,Epee,Men Individual Epee,men,individual,1,gold,athlete,Gergely Siklósi,Hungary,HUN,,https://en.wikipedia.org/wiki/2019_World_Fencing_Championships
fie_world_championships,FIE World Championships,2019,2019-12-31,epee,Epee,Men Individual Epee,men,individual,2,silver,athlete,Sergey Bida,Russian Federation,RUS,,https://en.wikipedia.org/wiki/2019_World_Fencing_Championships
fie_world_championships,FIE World Championships,2019,2019-12-31,epee,Epee,Men Individual Epee,men,individual,3,bronze,athlete,Andrea Santarelli,Italy,ITA,,https://en.wikipedia.org/wiki/2019_World_Fencing_Championships
fie_world_championships,FIE World Championships,2019,2019-12-31,epee,Epee,Men Individual Epee,men,individual,3,bronze,athlete,Ihor Reizlin,Ukraine,UKR,,https://en.wikipedia.org/wiki/2019_World_Fencing_Championships
fie_world_championships,FIE World Championships,2019,2019-12-31,epee,Epee,Men Team Epee,men,team,1,gold,team,France,France,FRA,Alexandre Bardenet; Yannick Borel; Ronan Gustin; Daniel Jérent,https://en.wikipedia.org/wiki/2019_World_Fencing_Championships
fie_world_championships,FIE World Championships,2019,2019-12-31,epee,Epee,Men Team Epee,men,team,2,silver,team,Ukraine,Ukraine,UKR,Anatoliy Herey; Bohdan Nikishyn; Ihor Reizlin; Roman Svichkar,https://en.wikipedia.org/wiki/2019_World_Fencing_Championships
fie_world_championships,FIE World Championships,2019,2019-12-31,epee,Epee,Men Team Epee,men,team,3,bronze,team,Switzerland,Switzerland,CHE,Max Heinzer; Lucas Malcotti; Michele Niggeler; Benjamin Steffen,https://en.wikipedia.org/wiki/2019_World_Fencing_Championships
fie_world_championships,FIE World Championships,2019,2019-12-31,foil,Foil,Men Individual Foil,men,individual,1,gold,athlete,Enzo Lefort,France,FRA,,https://en.wikipedia.org/wiki/2019_World_Fencing_Championships
fie_world_championships,FIE World Championships,2019,2019-12-31,foil,Foil,Men Individual Foil,men,individual,2,silver,athlete,Marcus Mepstead,United Kingdom,GBR,,https://en.wikipedia.org/wiki/2019_World_Fencing_Championships
fie_world_championships,FIE World Championships,2019,2019-12-31,foil,Foil,Men Individual Foil,men,individual,3,bronze,athlete,Son Young-ki,"Korea, Republic of",KOR,,https://en.wikipedia.org/wiki/2019_World_Fencing_Championships
fie_world_championships,FIE World Championships,2019,2019-12-31,foil,Foil,Men Individual Foil,men,individual,3,bronze,athlete,Dmitry Zherebchenko,Russian Federation,RUS,,https://en.wikipedia.org/wiki/2019_World_Fencing_Championships
fie_world_championships,FIE World Championships,2019,2019-12-31,foil,Foil,Men Team Foil,men,team,1,gold,team,United States,United States,USA,Miles Chamley-Watson; Race Imboden; Alexander Massialas; Gerek Meinhardt,https://en.wikipedia.org/wiki/2019_World_Fencing_Championships
fie_world_championships,FIE World Championships,2019,2019-12-31,foil,Foil,Men Team Foil,men,team,2,silver,team,France,France,FRA,Erwann Le Pechoux; Enzo Lefort; Julien Mertine; Maxime Pauty,https://en.wikipedia.org/wiki/2019_World_Fencing_Championships
fie_world_championships,FIE World Championships,2019,2019-12-31,foil,Foil,Men Team Foil,men,team,3,bronze,team,Italy,Italy,ITA,Giorgio Avola; Andrea Cassarà; Alessio Foconi; Daniele Garozzo,https://en.wikipedia.org/wiki/2019_World_Fencing_Championships
fie_world_championships,FIE World Championships,2019,2019-12-31,sabre,Sabre,Men Individual Sabre,men,individual,1,gold,athlete,Oh Sang-uk,"Korea, Republic of",KOR,,https://en.wikipedia.org/wiki/2019_World_Fencing_Championships
fie_world_championships,FIE World Championships,2019,2019-12-31,sabre,Sabre,Men Individual Sabre,men,individual,2,silver,athlete,András Szatmári,Hungary,HUN,,https://en.wikipedia.org/wiki/2019_World_Fencing_Championships
fie_world_championships,FIE World Championships,2019,2019-12-31,sabre,Sabre,Men Individual Sabre,men,individual,3,bronze,athlete,Mojtaba Abedini,"Iran, Islamic Republic of",IRN,,https://en.wikipedia.org/wiki/2019_World_Fencing_Championships
fie_world_championships,FIE World Championships,2019,2019-12-31,sabre,Sabre,Men Individual Sabre,men,individual,3,bronze,athlete,Luca Curatoli,Italy,ITA,,https://en.wikipedia.org/wiki/2019_World_Fencing_Championships
fie_world_championships,FIE World Championships,2019,2019-12-31,sabre,Sabre,Men Team Sabre,men,team,1,gold,team,"Korea, Republic of","Korea, Republic of",KOR,Gu Bon-gil; Ha Han-sol; Kim Jun-ho; Oh Sang-uk,https://en.wikipedia.org/wiki/2019_World_Fencing_Championships
fie_world_championships,FIE World Championships,2019,2019-12-31,sabre,Sabre,Men Team Sabre,men,team,2,silver,team,Hungary,Hungary,HUN,Tamás Decsi; Csanád Gémesi; András Szatmári; Áron Szilágyi,https://en.wikipedia.org/wiki/2019_World_Fencing_Championships
fie_world_championships,FIE World Championships,2019,2019-12-31,sabre,Sabre,Men Team Sabre,men,team,3,bronze,team,Italy,Italy,ITA,Enrico Berrè; Luca Curatoli; Aldo Montano; Luigi Samele,https://en.wikipedia.org/wiki/2019_World_Fencing_Championships
fie_world_championships,FIE World Championships,2019,2019-12-31,epee,Epee,Women Individual Epee,women,individual,1,gold,athlete,Nathalie Moellhausen,Brazil,BRA,,https://en.wikipedia.org/wiki/2019_World_Fencing_Championships
fie_world_championships,FIE World Championships,2019,2019-12-31,epee,Epee,Women Individual Epee,women,individual,2,silver,athlete,Lin Sheng,China,CHN,,https://en.wikipedia.org/wiki/2019_World_Fencing_Championships
fie_world_championships,FIE World Championships,2019,2019-12-31,epee,Epee,Women Individual Epee,women,individual,3,bronze,athlete,Vivian Kong,Hong Kong,HKG,,https://en.wikipedia.org/wiki/2019_World_Fencing_Championships
fie_world_championships,FIE World Championships,2019,2019-12-31,epee,Epee,Women Individual Epee,women,individual,3,bronze,athlete,Olena Kryvytska,Ukraine,UKR,,https://en.wikipedia.org/wiki/2019_World_Fencing_Championships
fie_world_championships,FIE World Championships,2019,2019-12-31,epee,Epee,Women Team Epee,women,team,1,gold,team,China,China,CHN,Lin Sheng; Sun Yiwen; Xu Anqi; Zhu Mingye,https://en.wikipedia.org/wiki/2019_World_Fencing_Championships
fie_world_championships,FIE World Championships,2019,2019-12-31,epee,Epee,Women Team Epee,women,team,2,silver,team,Russian Federation,Russian Federation,RUS,Tatyana Andryushina; Violetta Khrapina; Violetta Kolobova; Lyubov Shutova,https://en.wikipedia.org/wiki/2019_World_Fencing_Championships
fie_world_championships,FIE World Championships,2019,2019-12-31,epee,Epee,Women Team Epee,women,team,3,bronze,team,Italy,Italy,ITA,Alice Clerici; Rossella Fiamingo; Federica Isola; Mara Navarria,https://en.wikipedia.org/wiki/2019_World_Fencing_Championships
fie_world_championships,FIE World Championships,2019,2019-12-31,foil,Foil,Women Individual Foil,women,individual,1,gold,athlete,Inna Deriglazova,Russian Federation,RUS,,https://en.wikipedia.org/wiki/2019_World_Fencing_Championships
fie_world_championships,FIE World Championships,2019,2019-12-31,foil,Foil,Women Individual Foil,women,individual,2,silver,athlete,Pauline Ranvier,France,FRA,,https://en.wikipedia.org/wiki/2019_World_Fencing_Championships
fie_world_championships,FIE World Championships,2019,2019-12-31,foil,Foil,Women Individual Foil,women,individual,3,bronze,athlete,Arianna Errigo,Italy,ITA,,https://en.wikipedia.org/wiki/2019_World_Fencing_Championships
fie_world_championships,FIE World Championships,2019,2019-12-31,foil,Foil,Women Individual Foil,women,individual,3,bronze,athlete,Elisa Di Francisca,Italy,ITA,,https://en.wikipedia.org/wiki/2019_World_Fencing_Championships
fie_world_championships,FIE World Championships,2019,2019-12-31,foil,Foil,Women Team Foil,women,team,1,gold,team,Russian Federation,Russian Federation,RUS,Inna Deriglazova; Anastasiia Ivanova; Larisa Korobeynikova; Adelina Zagidullina,https://en.wikipedia.org/wiki/2019_World_Fencing_Championships
fie_world_championships,FIE World Championships,2019,2019-12-31,foil,Foil,Women Team Foil,women,team,2,silver,team,Italy,Italy,ITA,Elisa Di Francisca; Arianna Errigo; Francesca Palumbo; Alice Volpi,https://en.wikipedia.org/wiki/2019_World_Fencing_Championships
fie_world_championships,FIE World Championships,2019,2019-12-31,foil,Foil,Women Team Foil,women,team,3,bronze,team,United States,United States,USA,Jacqueline Dubrovich; Lee Kiefer; Nzingha Prescod; Nicole Ross,https://en.wikipedia.org/wiki/2019_World_Fencing_Championships
fie_world_championships,FIE World Championships,2019,2019-12-31,sabre,Sabre,Women Individual Sabre,women,individual,1,gold,athlete,Olha Kharlan,Ukraine,UKR,,https://en.wikipedia.org/wiki/2019_World_Fencing_Championships
fie_world_championships,FIE World Championships,2019,2019-12-31,sabre,Sabre,Women Individual Sabre,women,individual,2,silver,athlete,Sofya Velikaya,Russian Federation,RUS,,https://en.wikipedia.org/wiki/2019_World_Fencing_Championships
fie_world_championships,FIE World Championships,2019,2019-12-31,sabre,Sabre,Women Individual Sabre,women,individual,3,bronze,athlete,Theodora Goudoura,Greece,GRC,,https://en.wikipedia.org/wiki/2019_World_Fencing_Championships
fie_world_championships,FIE World Championships,2019,2019-12-31,sabre,Sabre,Women Individual Sabre,women,individual,3,bronze,athlete,Bianca Pascu,Romania,ROU,,https://en.wikipedia.org/wiki/2019_World_Fencing_Championships
fie_world_championships,FIE World Championships,2019,2019-12-31,sabre,Sabre,Women Team Sabre,women,team,1,gold,team,Russian Federation,Russian Federation,RUS,Yana Egorian; Olga Nikitina; Sofia Pozdniakova; Sofya Velikaya,https://en.wikipedia.org/wiki/2019_World_Fencing_Championships
fie_world_championships,FIE World Championships,2019,2019-12-31,sabre,Sabre,Women Team Sabre,women,team,2,silver,team,France,France,FRA,Cécilia Berder; Manon Brunet; Charlotte Lembach; Caroline Queroli,https://en.wikipedia.org/wiki/2019_World_Fencing_Championships
fie_world_championships,FIE World Championships,2019,2019-12-31,sabre,Sabre,Women Team Sabre,women,team,3,bronze,team,"Korea, Republic of","Korea, Republic of",KOR,Choi Soo-yeon; Hwang Seon-a; Kim Ji-yeon; Yoon Ji-su,https://en.wikipedia.org/wiki/2019_World_Fencing_Championships
fie_world_championships,FIE World Championships,2022,2022-12-31,epee,Epee,Men Individual Epee,men,individual,1,gold,athlete,Romain Cannone,France,FRA,,https://en.wikipedia.org/wiki/2022_World_Fencing_Championships
fie_world_championships,FIE World Championships,2022,2022-12-31,epee,Epee,Men Individual Epee,men,individual,2,silver,athlete,Kazuyasu Minobe,Japan,JPN,,https://en.wikipedia.org/wiki/2022_World_Fencing_Championships
fie_world_championships,FIE World Championships,2022,2022-12-31,epee,Epee,Men Individual Epee,men,individual,3,bronze,athlete,Neisser Loyola,Belgium,BEL,,https://en.wikipedia.org/wiki/2022_World_Fencing_Championships
fie_world_championships,FIE World Championships,2022,2022-12-31,epee,Epee,Men Individual Epee,men,individual,3,bronze,athlete,Ihor Reizlin,Ukraine,UKR,,https://en.wikipedia.org/wiki/2022_World_Fencing_Championships
fie_world_championships,FIE World Championships,2022,2022-12-31,epee,Epee,Men Team Epee,men,team,1,gold,team,France,France,FRA,Alexandre Bardenet; Yannick Borel; Romain Cannone; Alex Fava,https://en.wikipedia.org/wiki/2022_World_Fencing_Championships
fie_world_championships,FIE World Championships,2022,2022-12-31,epee,Epee,Men Team Epee,men,team,2,silver,team,Italy,Italy,ITA,Gabriele Cimini; Davide Di Veroli; Andrea Santarelli; Federico Vismara,https://en.wikipedia.org/wiki/2022_World_Fencing_Championships
fie_world_championships,FIE World Championships,2022,2022-12-31,epee,Epee,Men Team Epee,men,team,3,bronze,team,Japan,Japan,JPN,Koki Kano; Ryu Matsumoto; Kazuyasu Minobe; Masaru Yamada,https://en.wikipedia.org/wiki/2022_World_Fencing_Championships
fie_world_championships,FIE World Championships,2022,2022-12-31,foil,Foil,Men Individual Foil,men,individual,1,gold,athlete,Enzo Lefort,France,FRA,,https://en.wikipedia.org/wiki/2022_World_Fencing_Championships
fie_world_championships,FIE World Championships,2022,2022-12-31,foil,Foil,Men Individual Foil,men,individual,2,silver,athlete,Tommaso Marini,Italy,ITA,,https://en.wikipedia.org/wiki/2022_World_Fencing_Championships
fie_world_championships,FIE World Championships,2022,2022-12-31,foil,Foil,Men Individual Foil,men,individual,3,bronze,athlete,Cheung Ka Long,Hong Kong,HKG,,https://en.wikipedia.org/wiki/2022_World_Fencing_Championships
fie_world_championships,FIE World Championships,2022,2022-12-31,foil,Foil,Men Individual Foil,men,individual,3,bronze,athlete,Nick Itkin,United States,USA,,https://en.wikipedia.org/wiki/2022_World_Fencing_Championships
fie_world_championships,FIE World Championships,2022,2022-12-31,foil,Foil,Men Team Foil,men,team,1,gold,team,Italy,Italy,ITA,Guillaume Bianchi; Alessio Foconi; Daniele Garozzo; Tommaso Marini,https://en.wikipedia.org/wiki/2022_World_Fencing_Championships
fie_world_championships,FIE World Championships,2022,2022-12-31,foil,Foil,Men Team Foil,men,team,2,silver,team,United States,United States,USA,Chase Emmer; Nick Itkin; Alexander Massialas; Gerek Meinhardt,https://en.wikipedia.org/wiki/2022_World_Fencing_Championships
fie_world_championships,FIE World Championships,2022,2022-12-31,foil,Foil,Men Team Foil,men,team,3,bronze,team,France,France,FRA,Maximilien Chastanet; Enzo Lefort; Pierre Loisel; Alexandre Sido,https://en.wikipedia.org/wiki/2022_World_Fencing_Championships
fie_world_championships,FIE World Championships,2022,2022-12-31,sabre,Sabre,Men Individual Sabre,men,individual,1,gold,athlete,Áron Szilágyi,Hungary,HUN,,https://en.wikipedia.org/wiki/2022_World_Fencing_Championships
fie_world_championships,FIE World Championships,2022,2022-12-31,sabre,Sabre,Men Individual Sabre,men,individual,2,silver,athlete,Maxime Pianfetti,France,FRA,,https://en.wikipedia.org/wiki/2022_World_Fencing_Championships
fie_world_championships,FIE World Championships,2022,2022-12-31,sabre,Sabre,Men Individual Sabre,men,individual,3,bronze,athlete,Sandro Bazadze,Georgia,GEO,,https://en.wikipedia.org/wiki/2022_World_Fencing_Championships
fie_world_championships,FIE World Championships,2022,2022-12-31,sabre,Sabre,Men Individual Sabre,men,individual,3,bronze,athlete,Iulian Teodosiu,Romania,ROU,,https://en.wikipedia.org/wiki/2022_World_Fencing_Championships
fie_world_championships,FIE World Championships,2022,2022-12-31,sabre,Sabre,Men Team Sabre,men,team,1,gold,team,"Korea, Republic of","Korea, Republic of",KOR,Gu Bon-gil; Kim Jun-ho; Kim Jung-hwan; Oh Sang-uk,https://en.wikipedia.org/wiki/2022_World_Fencing_Championships
fie_world_championships,FIE World Championships,2022,2022-12-31,sabre,Sabre,Men Team Sabre,men,team,2,silver,team,Hungary,Hungary,HUN,Tamás Decsi; Csanád Gémesi; András Szatmári; Áron Szilágyi,https://en.wikipedia.org/wiki/2022_World_Fencing_Championships
fie_world_championships,FIE World Championships,2022,2022-12-31,sabre,Sabre,Men Team Sabre,men,team,3,bronze,team,Italy,Italy,ITA,Luca Curatoli; Michele Gallo; Luigi Samele; Pietro Torre,https://en.wikipedia.org/wiki/2022_World_Fencing_Championships
fie_world_championships,FIE World Championships,2022,2022-12-31,epee,Epee,Women Individual Epee,women,individual,1,gold,athlete,Song Se-ra,"Korea, Republic of",KOR,,https://en.wikipedia.org/wiki/2022_World_Fencing_Championships
fie_world_championships,FIE World Championships,2022,2022-12-31,epee,Epee,Women Individual Epee,women,individual,2,silver,athlete,Alexandra Ndolo,Germany,DEU,,https://en.wikipedia.org/wiki/2022_World_Fencing_Championships
fie_world_championships,FIE World Championships,2022,2022-12-31,epee,Epee,Women Individual Epee,women,individual,3,bronze,athlete,Vivian Kong,Hong Kong,HKG,,https://en.wikipedia.org/wiki/2022_World_Fencing_Championships
fie_world_championships,FIE World Championships,2022,2022-12-31,epee,Epee,Women Individual Epee,women,individual,3,bronze,athlete,Rossella Fiamingo,Italy,ITA,,https://en.wikipedia.org/wiki/2022_World_Fencing_Championships
fie_world_championships,FIE World Championships,2022,2022-12-31,epee,Epee,Women Team Epee,women,team,1,gold,team,"Korea, Republic of","Korea, Republic of",KOR,Choi In-jeong; Kang Young-mi; Lee Hye-in; Song Se-ra,https://en.wikipedia.org/wiki/2022_World_Fencing_Championships
fie_world_championships,FIE World Championships,2022,2022-12-31,epee,Epee,Women Team Epee,women,team,2,silver,team,Italy,Italy,ITA,Rossella Fiamingo; Federica Isola; Mara Navarria; Alberta Santuccio,https://en.wikipedia.org/wiki/2022_World_Fencing_Championships
fie_world_championships,FIE World Championships,2022,2022-12-31,epee,Epee,Women Team Epee,women,team,3,bronze,team,Poland,Poland,POL,Renata Knapik-Miazga; Magdalena Pawłowska; Kamila Pytka; Martyna Swatowska-Wenglarczyk,https://en.wikipedia.org/wiki/2022_World_Fencing_Championships
fie_world_championships,FIE World Championships,2022,2022-12-31,foil,Foil,Women Individual Foil,women,individual,1,gold,athlete,Ysaora Thibus,France,FRA,,https://en.wikipedia.org/wiki/2022_World_Fencing_Championships
fie_world_championships,FIE World Championships,2022,2022-12-31,foil,Foil,Women Individual Foil,women,individual,2,silver,athlete,Arianna Errigo,Italy,ITA,,https://en.wikipedia.org/wiki/2022_World_Fencing_Championships
fie_world_championships,FIE World Championships,2022,2022-12-31,foil,Foil,Women Individual Foil,women,individual,3,bronze,athlete,Maria Boldor,Romania,ROU,,https://en.wikipedia.org/wiki/2022_World_Fencing_Championships
fie_world_championships,FIE World Championships,2022,2022-12-31,foil,Foil,Women Individual Foil,women,individual,3,bronze,athlete,Lee Kiefer,United States,USA,,https://en.wikipedia.org/wiki/2022_World_Fencing_Championships
fie_world_championships,FIE World Championships,2022,2022-12-31,foil,Foil,Women Team Foil,women,team,1,gold,team,Italy,Italy,ITA,Arianna Errigo; Martina Favaretto; Francesca Palumbo; Alice Volpi,https://en.wikipedia.org/wiki/2022_World_Fencing_Championships
fie_world_championships,FIE World Championships,2022,2022-12-31,foil,Foil,Women Team Foil,women,team,2,silver,team,United States,United States,USA,Jacqueline Dubrovich; Lee Kiefer; Zander Rhodes; Maia Weintraub,https://en.wikipedia.org/wiki/2022_World_Fencing_Championships
fie_world_championships,FIE World Championships,2022,2022-12-31,foil,Foil,Women Team Foil,women,team,3,bronze,team,France,France,FRA,Anita Blaze; Solène Butruille; Pauline Ranvier; Ysaora Thibus,https://en.wikipedia.org/wiki/2022_World_Fencing_Championships
fie_world_championships,FIE World Championships,2022,2022-12-31,sabre,Sabre,Women Individual Sabre,women,individual,1,gold,athlete,Misaki Emura,Japan,JPN,,https://en.wikipedia.org/wiki/2022_World_Fencing_Championships
fie_world_championships,FIE World Championships,2022,2022-12-31,sabre,Sabre,Women Individual Sabre,women,individual,2,silver,athlete,Anna Bashta,Azerbaijan,AZE,,https://en.wikipedia.org/wiki/2022_World_Fencing_Championships
fie_world_championships,FIE World Championships,2022,2022-12-31,sabre,Sabre,Women Individual Sabre,women,individual,3,bronze,athlete,Araceli Navarro,Spain,ESP,,https://en.wikipedia.org/wiki/2022_World_Fencing_Championships
fie_world_championships,FIE World Championships,2022,2022-12-31,sabre,Sabre,Women Individual Sabre,women,individual,3,bronze,athlete,Despina Georgiadou,Greece,GRC,,https://en.wikipedia.org/wiki/2022_World_Fencing_Championships
fie_world_championships,FIE World Championships,2022,2022-12-31,sabre,Sabre,Women Team Sabre,women,team,1,gold,team,Hungary,Hungary,HUN,Sugár Katinka Battai; Renáta Katona; Liza Pusztai; Luca Szűcs,https://en.wikipedia.org/wiki/2022_World_Fencing_Championships
fie_world_championships,FIE World Championships,2022,2022-12-31,sabre,Sabre,Women Team Sabre,women,team,2,silver,team,France,France,FRA,Sara Balzer; Sarah Noutcha; Anne Poupinet; Caroline Queroli,https://en.wikipedia.org/wiki/2022_World_Fencing_Championships
fie_world_championships,FIE World Championships,2022,2022-12-31,sabre,Sabre,Women Team Sabre,women,team,3,bronze,team,Japan,Japan,JPN,Misaki Emura; Shihomi Fukushima; Kanae Kobayashi; Seri Ozaki,https://en.wikipedia.org/wiki/2022_World_Fencing_Championships
fie_world_championships,FIE World Championships,2023,2023-12-31,epee,Epee,Men Individual Epee,men,individual,1,gold,athlete,Máté Tamás Koch,Hungary,HUN,,https://en.wikipedia.org/wiki/2023_World_Fencing_Championships
fie_world_championships,FIE World Championships,2023,2023-12-31,epee,Epee,Men Individual Epee,men,individual,2,silver,athlete,Davide Di Veroli,Italy,ITA,,https://en.wikipedia.org/wiki/2023_World_Fencing_Championships
fie_world_championships,FIE World Championships,2023,2023-12-31,epee,Epee,Men Individual Epee,men,individual,3,bronze,athlete,Romain Cannone,France,FRA,,https://en.wikipedia.org/wiki/2023_World_Fencing_Championships
fie_world_championships,FIE World Championships,2023,2023-12-31,epee,Epee,Men Individual Epee,men,individual,3,bronze,athlete,Ruslan Kurbanov,Kazakhstan,KAZ,,https://en.wikipedia.org/wiki/2023_World_Fencing_Championships
fie_world_championships,FIE World Championships,2023,2023-12-31,epee,Epee,Men Team Epee,men,team,1,gold,team,Italy,Italy,ITA,Gabriele Cimini; Davide Di Veroli; Andrea Santarelli; Federico Vismara,https://en.wikipedia.org/wiki/2023_World_Fencing_Championships
fie_world_championships,FIE World Championships,2023,2023-12-31,epee,Epee,Men Team Epee,men,team,2,silver,team,France,France,FRA,Alexandre Bardenet; Gaétan Billa; Yannick Borel; Romain Cannone,https://en.wikipedia.org/wiki/2023_World_Fencing_Championships
fie_world_championships,FIE World Championships,2023,2023-12-31,epee,Epee,Men Team Epee,men,team,3,bronze,team,"Venezuela, Bolivarian Republic of","Venezuela, Bolivarian Republic of",VEN,Francisco Limardo; Jesús Limardo; Rubén Limardo; Grabiel Lugo,https://en.wikipedia.org/wiki/2023_World_Fencing_Championships
fie_world_championships,FIE World Championships,2023,2023-12-31,foil,Foil,Men Individual Foil,men,individual,1,gold,athlete,Tommaso Marini,Italy,ITA,,https://en.wikipedia.org/wiki/2023_World_Fencing_Championships
fie_world_championships,FIE World Championships,2023,2023-12-31,foil,Foil,Men Individual Foil,men,individual,2,silver,athlete,Nick Itkin,United States,USA,,https://en.wikipedia.org/wiki/2023_World_Fencing_Championships
fie_world_championships,FIE World Championships,2023,2023-12-31,foil,Foil,Men Individual Foil,men,individual,3,bronze,athlete,Enzo Lefort,France,FRA,,https://en.wikipedia.org/wiki/2023_World_Fencing_Championships
fie_world_championships,FIE World Championships,2023,2023-12-31,foil,Foil,Men Individual Foil,men,individual,3,bronze,athlete,Kyosuke Matsuyama,Japan,JPN,,https://en.wikipedia.org/wiki/2023_World_Fencing_Championships
fie_world_championships,FIE World Championships,2023,2023-12-31,foil,Foil,Men Team Foil,men,team,1,gold,team,Japan,Japan,JPN,Kazuki Iimura; Kyosuke Matsuyama; Takahiro Shikine; Kenta Suzumura,https://en.wikipedia.org/wiki/2023_World_Fencing_Championships
fie_world_championships,FIE World Championships,2023,2023-12-31,foil,Foil,Men Team Foil,men,team,2,silver,team,China,China,CHN,Chen Haiwei; Mo Ziwei; Wu Bin; Xu Jie,https://en.wikipedia.org/wiki/2023_World_Fencing_Championships
fie_world_championships,FIE World Championships,2023,2023-12-31,foil,Foil,Men Team Foil,men,team,3,bronze,team,Hong Kong,Hong Kong,HKG,Cheung Ka Long; Ryan Choi; Leung Chin Yu; Yeung Chi Ka,https://en.wikipedia.org/wiki/2023_World_Fencing_Championships
fie_world_championships,FIE World Championships,2023,2023-12-31,sabre,Sabre,Men Individual Sabre,men,individual,1,gold,athlete,Eli Dershwitz,United States,USA,,https://en.wikipedia.org/wiki/2023_World_Fencing_Championships
fie_world_championships,FIE World Championships,2023,2023-12-31,sabre,Sabre,Men Individual Sabre,men,individual,2,silver,athlete,Sandro Bazadze,Georgia,GEO,,https://en.wikipedia.org/wiki/2023_World_Fencing_Championships
fie_world_championships,FIE World Championships,2023,2023-12-31,sabre,Sabre,Men Individual Sabre,men,individual,3,bronze,athlete,Ziad El-Sissy,Egypt,EGY,,https://en.wikipedia.org/wiki/2023_World_Fencing_Championships
fie_world_championships,FIE World Championships,2023,2023-12-31,sabre,Sabre,Men Individual Sabre,men,individual,3,bronze,athlete,Áron Szilágyi,Hungary,HUN,,https://en.wikipedia.org/wiki/2023_World_Fencing_Championships
fie_world_championships,FIE World Championships,2023,2023-12-31,sabre,Sabre,Men Team Sabre,men,team,1,gold,team,Hungary,Hungary,HUN,Tamás Decsi; Csanád Gémesi; András Szatmári; Áron Szilágyi,https://en.wikipedia.org/wiki/2023_World_Fencing_Championships
fie_world_championships,FIE World Championships,2023,2023-12-31,sabre,Sabre,Men Team Sabre,men,team,2,silver,team,"Korea, Republic of","Korea, Republic of",KOR,Gu Bon-gil; Ha Han-sol; Kim Jun-ho; Oh Sang-uk,https://en.wikipedia.org/wiki/2023_World_Fencing_Championships
fie_world_championships,FIE World Championships,2023,2023-12-31,sabre,Sabre,Men Team Sabre,men,team,3,bronze,team,United States,United States,USA,Eli Dershwitz; Andrew Doddo; Colin Heathcock; Mitchell Saron,https://en.wikipedia.org/wiki/2023_World_Fencing_Championships
fie_world_championships,FIE World Championships,2023,2023-12-31,epee,Epee,Women Individual Epee,women,individual,1,gold,athlete,Marie-Florence Candassamy,France,FRA,,https://en.wikipedia.org/wiki/2023_World_Fencing_Championships
fie_world_championships,FIE World Championships,2023,2023-12-31,epee,Epee,Women Individual Epee,women,individual,2,silver,athlete,Alberta Santuccio,Italy,ITA,,https://en.wikipedia.org/wiki/2023_World_Fencing_Championships
fie_world_championships,FIE World Championships,2023,2023-12-31,epee,Epee,Women Individual Epee,women,individual,3,bronze,athlete,Sun Yiwen,China,CHN,,https://en.wikipedia.org/wiki/2023_World_Fencing_Championships
fie_world_championships,FIE World Championships,2023,2023-12-31,epee,Epee,Women Individual Epee,women,individual,3,bronze,athlete,Mara Navarria,Italy,ITA,,https://en.wikipedia.org/wiki/2023_World_Fencing_Championships
fie_world_championships,FIE World Championships,2023,2023-12-31,epee,Epee,Women Team Epee,women,team,1,gold,team,Poland,Poland,POL,Renata Knapik-Miazga; Magdalena Pawłowska; Martyna Swatowska-Wenglarczyk; Ewa Trzebińska,https://en.wikipedia.org/wiki/2023_World_Fencing_Championships
fie_world_championships,FIE World Championships,2023,2023-12-31,epee,Epee,Women Team Epee,women,team,2,silver,team,Italy,Italy,ITA,Rossella Fiamingo; Federica Isola; Mara Navarria; Alberta Santuccio,https://en.wikipedia.org/wiki/2023_World_Fencing_Championships
fie_world_championships,FIE World Championships,2023,2023-12-31,epee,Epee,Women Team Epee,women,team,3,bronze,team,"Korea, Republic of","Korea, Republic of",KOR,Choi In-jeong; Kang Young-mi; Lee Hye-in; Song Se-ra,https://en.wikipedia.org/wiki/2023_World_Fencing_Championships
fie_world_championships,FIE World Championships,2023,2023-12-31,foil,Foil,Women Individual Foil,women,individual,1,gold,athlete,Alice Volpi,Italy,ITA,,https://en.wikipedia.org/wiki/2023_World_Fencing_Championships
fie_world_championships,FIE World Championships,2023,2023-12-31,foil,Foil,Women Individual Foil,women,individual,2,silver,athlete,Arianna Errigo,Italy,ITA,,https://en.wikipedia.org/wiki/2023_World_Fencing_Championships
fie_world_championships,FIE World Championships,2023,2023-12-31,foil,Foil,Women Individual Foil,women,individual,3,bronze,athlete,Martina Favaretto,Italy,ITA,,https://en.wikipedia.org/wiki/2023_World_Fencing_Championships
fie_world_championships,FIE World Championships,2023,2023-12-31,foil,Foil,Women Individual Foil,women,individual,3,bronze,athlete,Lee Kiefer,United States,USA,,https://en.wikipedia.org/wiki/2023_World_Fencing_Championships
fie_world_championships,FIE World Championships,2023,2023-12-31,foil,Foil,Women Team Foil,women,team,1,gold,team,Italy,Italy,ITA,Arianna Errigo; Martina Favaretto; Francesca Palumbo; Alice Volpi,https://en.wikipedia.org/wiki/2023_World_Fencing_Championships
fie_world_championships,FIE World Championships,2023,2023-12-31,foil,Foil,Women Team Foil,women,team,2,silver,team,France,France,FRA,Solène Butruille; Morgane Patru; Pauline Ranvier; Ysaora Thibus,https://en.wikipedia.org/wiki/2023_World_Fencing_Championships
fie_world_championships,FIE World Championships,2023,2023-12-31,foil,Foil,Women Team Foil,women,team,3,bronze,team,Japan,Japan,JPN,Sera Azuma; Komaki Kikuchi; Karin Miyawaki; Yuka Ueno,https://en.wikipedia.org/wiki/2023_World_Fencing_Championships
fie_world_championships,FIE World Championships,2023,2023-12-31,sabre,Sabre,Women Individual Sabre,women,individual,1,gold,athlete,Misaki Emura,Japan,JPN,,https://en.wikipedia.org/wiki/2023_World_Fencing_Championships
fie_world_championships,FIE World Championships,2023,2023-12-31,sabre,Sabre,Women Individual Sabre,women,individual,2,silver,athlete,Despina Georgiadou,Greece,GRC,,https://en.wikipedia.org/wiki/2023_World_Fencing_Championships
fie_world_championships,FIE World Championships,2023,2023-12-31,sabre,Sabre,Women Individual Sabre,women,individual,3,bronze,athlete,Yoana Ilieva,Bulgaria,BGR,,https://en.wikipedia.org/wiki/2023_World_Fencing_Championships
fie_world_championships,FIE World Championships,2023,2023-12-31,sabre,Sabre,Women Individual Sabre,women,individual,3,bronze,athlete,Theodora Gkountoura,Greece,GRC,,https://en.wikipedia.org/wiki/2023_World_Fencing_Championships
fie_world_championships,FIE World Championships,2023,2023-12-31,sabre,Sabre,Women Team Sabre,women,team,1,gold,team,Hungary,Hungary,HUN,Sugár Katinka Battai; Anna Márton; Liza Pusztai; Luca Szűcs,https://en.wikipedia.org/wiki/2023_World_Fencing_Championships
fie_world_championships,FIE World Championships,2023,2023-12-31,sabre,Sabre,Women Team Sabre,women,team,2,silver,team,France,France,FRA,Sara Balzer; Manon Brunet; Caroline Queroli; Margaux Rifkiss,https://en.wikipedia.org/wiki/2023_World_Fencing_Championships
fie_world_championships,FIE World Championships,2023,2023-12-31,sabre,Sabre,Women Team Sabre,women,team,3,bronze,team,"Korea, Republic of","Korea, Republic of",KOR,Choi Se-bin; Jeon Eun-hye; Jeon Ha-young; Yoon Ji-su,https://en.wikipedia.org/wiki/2023_World_Fencing_Championships
fie_world_championships,FIE World Championships,2025,2025-12-31,epee,Epee,Men Individual Epee,men,individual,1,gold,athlete,Koki Kano,Japan,JPN,,https://en.wikipedia.org/wiki/2025_World_Fencing_Championships
fie_world_championships,FIE World Championships,2025,2025-12-31,epee,Epee,Men Individual Epee,men,individual,2,silver,athlete,Gergely Siklósi,Hungary,HUN,,https://en.wikipedia.org/wiki/2025_World_Fencing_Championships
fie_world_championships,FIE World Championships,2025,2025-12-31,epee,Epee,Men Individual Epee,men,individual,3,bronze,athlete,Masaru Yamada,Japan,JPN,,https://en.wikipedia.org/wiki/2025_World_Fencing_Championships
fie_world_championships,FIE World Championships,2025,2025-12-31,epee,Epee,Men Individual Epee,men,individual,3,bronze,athlete,Nikita Koshman,Ukraine,UKR,,https://en.wikipedia.org/wiki/2025_World_Fencing_Championships
fie_world_championships,FIE World Championships,2025,2025-12-31,epee,Epee,Men Team Epee,men,team,1,gold,team,Japan,Japan,JPN,Seiya Asami; Koki Kano; Akira Komata; Masaru Yamada,https://en.wikipedia.org/wiki/2025_World_Fencing_Championships
fie_world_championships,FIE World Championships,2025,2025-12-31,epee,Epee,Men Team Epee,men,team,2,silver,team,Hungary,Hungary,HUN,Tibor Andrásfi; Zsombor Keszthelyi; Máté Tamás Koch; Gergely Siklósi,https://en.wikipedia.org/wiki/2025_World_Fencing_Championships
fie_world_championships,FIE World Championships,2025,2025-12-31,epee,Epee,Men Team Epee,men,team,3,bronze,team,Kazakhstan,Kazakhstan,KAZ,Ruslan Kurbanov; Elmir Alimzhanov; Kirill Prokhodov; Vadim Sharlaimov,https://en.wikipedia.org/wiki/2025_World_Fencing_Championships
fie_world_championships,FIE World Championships,2025,2025-12-31,foil,Foil,Men Individual Foil,men,individual,1,gold,athlete,Ryan Choi,Hong Kong,HKG,,https://en.wikipedia.org/wiki/2025_World_Fencing_Championships
fie_world_championships,FIE World Championships,2025,2025-12-31,foil,Foil,Men Individual Foil,men,individual,2,silver,athlete,Kirill Borodachev,Individual Neutral Athletes,AIN,,https://en.wikipedia.org/wiki/2025_World_Fencing_Championships
fie_world_championships,FIE World Championships,2025,2025-12-31,foil,Foil,Men Individual Foil,men,individual,3,bronze,athlete,Maxime Pauty,France,FRA,,https://en.wikipedia.org/wiki/2025_World_Fencing_Championships
fie_world_championships,FIE World Championships,2025,2025-12-31,foil,Foil,Men Individual Foil,men,individual,3,bronze,athlete,Gergő Szemes,Hungary,HUN,,https://en.wikipedia.org/wiki/2025_World_Fencing_Championships
fie_world_championships,FIE World Championships,2025,2025-12-31,foil,Foil,Men Team Foil,men,team,1,gold,team,Italy,Italy,ITA,Guillaume Bianchi; Alessio Foconi; Filippo Macchi; Tommaso Marini,https://en.wikipedia.org/wiki/2025_World_Fencing_Championships
fie_world_championships,FIE World Championships,2025,2025-12-31,foil,Foil,Men Team Foil,men,team,2,silver,team,United States,United States,USA,Nick Itkin; Bryce Louie; Alexander Massialas; Gerek Meinhardt,https://en.wikipedia.org/wiki/2025_World_Fencing_Championships
fie_world_championships,FIE World Championships,2025,2025-12-31,foil,Foil,Men Team Foil,men,team,3,bronze,team,Hungary,Hungary,HUN,Dániel Dósa; Andor Mihályi; Gergő Szemes; Gergely Tóth,https://en.wikipedia.org/wiki/2025_World_Fencing_Championships
fie_world_championships,FIE World Championships,2025,2025-12-31,sabre,Sabre,Men Individual Sabre,men,individual,1,gold,athlete,Sandro Bazadze,Georgia,GEO,,https://en.wikipedia.org/wiki/2025_World_Fencing_Championships
fie_world_championships,FIE World Championships,2025,2025-12-31,sabre,Sabre,Men Individual Sabre,men,individual,2,silver,athlete,Jean-Philippe Patrice,France,FRA,,https://en.wikipedia.org/wiki/2025_World_Fencing_Championships
fie_world_championships,FIE World Championships,2025,2025-12-31,sabre,Sabre,Men Individual Sabre,men,individual,3,bronze,athlete,Ahmed Hesham,Egypt,EGY,,https://en.wikipedia.org/wiki/2025_World_Fencing_Championships
fie_world_championships,FIE World Championships,2025,2025-12-31,sabre,Sabre,Men Individual Sabre,men,individual,3,bronze,athlete,Luca Curatoli,Italy,ITA,,https://en.wikipedia.org/wiki/2025_World_Fencing_Championships
fie_world_championships,FIE World Championships,2025,2025-12-31,sabre,Sabre,Men Team Sabre,men,team,1,gold,team,Italy,Italy,ITA,Luca Curatoli; Michele Gallo; Matteo Neri; Pietro Torre,https://en.wikipedia.org/wiki/2025_World_Fencing_Championships
fie_world_championships,FIE World Championships,2025,2025-12-31,sabre,Sabre,Men Team Sabre,men,team,2,silver,team,Hungary,Hungary,HUN,Csanád Gémesi; Nikolász Iliász; Krisztián Rabb; Áron Szilágyi,https://en.wikipedia.org/wiki/2025_World_Fencing_Championships
fie_world_championships,FIE World Championships,2025,2025-12-31,sabre,Sabre,Men Team Sabre,men,team,3,bronze,team,Romania,Romania,ROU,Vlad Covaliu; George Dragomir; Radu Nițu; Răzvan Ursachi,https://en.wikipedia.org/wiki/2025_World_Fencing_Championships
fie_world_championships,FIE World Championships,2025,2025-12-31,epee,Epee,Women Individual Epee,women,individual,1,gold,athlete,Vlada Kharkova,Ukraine,UKR,,https://en.wikipedia.org/wiki/2025_World_Fencing_Championships
fie_world_championships,FIE World Championships,2025,2025-12-31,epee,Epee,Women Individual Epee,women,individual,2,silver,athlete,Katrina Lehis,Estonia,EST,,https://en.wikipedia.org/wiki/2025_World_Fencing_Championships
fie_world_championships,FIE World Championships,2025,2025-12-31,epee,Epee,Women Individual Epee,women,individual,3,bronze,athlete,Irina Embrich,Estonia,EST,,https://en.wikipedia.org/wiki/2025_World_Fencing_Championships
fie_world_championships,FIE World Championships,2025,2025-12-31,epee,Epee,Women Individual Epee,women,individual,3,bronze,athlete,Song Se-ra,"Korea, Republic of",KOR,,https://en.wikipedia.org/wiki/2025_World_Fencing_Championships
fie_world_championships,FIE World Championships,2025,2025-12-31,epee,Epee,Women Team Epee,women,team,1,gold,team,France,France,FRA,Marie-Florence Candassamy; Alexandra Louis-Marie; Lauren Rembi; Éloïse Vanryssel,https://en.wikipedia.org/wiki/2025_World_Fencing_Championships
fie_world_championships,FIE World Championships,2025,2025-12-31,epee,Epee,Women Team Epee,women,team,2,silver,team,Individual Neutral Athletes,Individual Neutral Athletes,AIN,Milen Bavuge Khabimana; Iana Bekmurzova; Aizanat Murtazaeva; Kristina Yasinskaya,https://en.wikipedia.org/wiki/2025_World_Fencing_Championships
fie_world_championships,FIE World Championships,2025,2025-12-31,epee,Epee,Women Team Epee,women,team,3,bronze,team,"Korea, Republic of","Korea, Republic of",KOR,Kim Hyang-eun; Lee Hye-in; Lim Tae-hee; Song Se-ra,https://en.wikipedia.org/wiki/2025_World_Fencing_Championships
fie_world_championships,FIE World Championships,2025,2025-12-31,foil,Foil,Women Individual Foil,women,individual,1,gold,athlete,Lee Kiefer,United States,USA,,https://en.wikipedia.org/wiki/2025_World_Fencing_Championships
fie_world_championships,FIE World Championships,2025,2025-12-31,foil,Foil,Women Individual Foil,women,individual,2,silver,athlete,Pauline Ranvier,France,FRA,,https://en.wikipedia.org/wiki/2025_World_Fencing_Championships
fie_world_championships,FIE World Championships,2025,2025-12-31,foil,Foil,Women Individual Foil,women,individual,3,bronze,athlete,Anna Cristino,Italy,ITA,,https://en.wikipedia.org/wiki/2025_World_Fencing_Championships
fie_world_championships,FIE World Championships,2025,2025-12-31,foil,Foil,Women Individual Foil,women,individual,3,bronze,athlete,Martina Favaretto,Italy,ITA,,https://en.wikipedia.org/wiki/2025_World_Fencing_Championships
fie_world_championships,FIE World Championships,2025,2025-12-31,foil,Foil,Women Team Foil,women,team,1,gold,team,United States,United States,USA,Emily Jing; Lee Kiefer; Jaelyn Liu; Lauren Scruggs,https://en.wikipedia.org/wiki/2025_World_Fencing_Championships
fie_world_championships,FIE World Championships,2025,2025-12-31,foil,Foil,Women Team Foil,women,team,2,silver,team,France,France,FRA,Anita Blaze; Éva Lacheray; Morgane Patru; Pauline Ranvier,https://en.wikipedia.org/wiki/2025_World_Fencing_Championships
fie_world_championships,FIE World Championships,2025,2025-12-31,foil,Foil,Women Team Foil,women,team,3,bronze,team,Italy,Italy,ITA,Anna Cristino; Arianna Errigo; Martina Favaretto; Alice Volpi,https://en.wikipedia.org/wiki/2025_World_Fencing_Championships
fie_world_championships,FIE World Championships,2025,2025-12-31,sabre,Sabre,Women Individual Sabre,women,individual,1,gold,athlete,Yana Egorian,Individual Neutral Athletes,AIN,,https://en.wikipedia.org/wiki/2025_World_Fencing_Championships
fie_world_championships,FIE World Championships,2025,2025-12-31,sabre,Sabre,Women Individual Sabre,women,individual,2,silver,athlete,Zuzanna Cieślar,Poland,POL,,https://en.wikipedia.org/wiki/2025_World_Fencing_Championships
fie_world_championships,FIE World Championships,2025,2025-12-31,sabre,Sabre,Women Individual Sabre,women,individual,3,bronze,athlete,Pan Qimiao,China,CHN,,https://en.wikipedia.org/wiki/2025_World_Fencing_Championships
fie_world_championships,FIE World Championships,2025,2025-12-31,sabre,Sabre,Women Individual Sabre,women,individual,3,bronze,athlete,Alina Komashchuk,Ukraine,UKR,,https://en.wikipedia.org/wiki/2025_World_Fencing_Championships
fie_world_championships,FIE World Championships,2025,2025-12-31,sabre,Sabre,Women Team Sabre,women,team,1,gold,team,France,France,FRA,Sara Balzer; Faustine Clapier; Sarah Noutcha; Toscane Tori,https://en.wikipedia.org/wiki/2025_World_Fencing_Championships
fie_world_championships,FIE World Championships,2025,2025-12-31,sabre,Sabre,Women Team Sabre,women,team,2,silver,team,"Korea, Republic of","Korea, Republic of",KOR,Choi Se-bin; Jeon Ha-young; Kim Jeong-mi; Seo Ji-yeon,https://en.wikipedia.org/wiki/2025_World_Fencing_Championships
fie_world_championships,FIE World Championships,2025,2025-12-31,sabre,Sabre,Women Team Sabre,women,team,3,bronze,team,Hungary,Hungary,HUN,Sugár Katinka Battai; Renáta Katona; Liza Pusztai; Luca Szűcs,https://en.wikipedia.org/wiki/2025_World_Fencing_Championships
