competition_id,competition_name,edition_name,year,event_date,discipline_key,discipline_name,event_key,event_name,gender,rank,medal,participant_type,participant_name,country_name,country_code,source_url
fei_world_championships,FEI World Championships,FEI World Equestrian Games,2002,2002-12-31,equestrian-dressage-equestrian,Equestrian Dressage (Equestrian),individual-dressage,Individual dressage,mixed,1,gold,athlete,Nadine Capellmann,Germany,DEU,https://en.wikipedia.org/wiki/2002_FEI_World_Equestrian_Games
fei_world_championships,FEI World Championships,FEI World Equestrian Games,2002,2002-12-31,equestrian-dressage-equestrian,Equestrian Dressage (Equestrian),individual-dressage,Individual dressage,mixed,2,silver,athlete,Beatriz Ferrer-Salat,Spain,ESP,https://en.wikipedia.org/wiki/2002_FEI_World_Equestrian_Games
fei_world_championships,FEI World Championships,FEI World Equestrian Games,2002,2002-12-31,equestrian-dressage-equestrian,Equestrian Dressage (Equestrian),individual-dressage,Individual dressage,mixed,3,bronze,athlete,Ulla Salzgeber,Germany,DEU,https://en.wikipedia.org/wiki/2002_FEI_World_Equestrian_Games
fei_world_championships,FEI World Championships,FEI World Equestrian Games,2002,2002-12-31,equestrian-dressage-equestrian,Equestrian Dressage (Equestrian),team-dressage,Team dressage,mixed,1,gold,team,Germany,Germany,DEU,https://en.wikipedia.org/wiki/2002_FEI_World_Equestrian_Games
fei_world_championships,FEI World Championships,FEI World Equestrian Games,2002,2002-12-31,equestrian-dressage-equestrian,Equestrian Dressage (Equestrian),team-dressage,Team dressage,mixed,2,silver,team,United States,United States,USA,https://en.wikipedia.org/wiki/2002_FEI_World_Equestrian_Games
fei_world_championships,FEI World Championships,FEI World Equestrian Games,2002,2002-12-31,equestrian-dressage-equestrian,Equestrian Dressage (Equestrian),team-dressage,Team dressage,mixed,3,bronze,team,Spain,Spain,ESP,https://en.wikipedia.org/wiki/2002_FEI_World_Equestrian_Games
fei_world_championships,FEI World Championships,FEI World Equestrian Games,2002,2002-12-31,equestrian-driving,Driving,individual-driving,Individual driving,mixed,1,gold,athlete,Ijsbrand Chardon,Netherlands,NLD,https://en.wikipedia.org/wiki/2002_FEI_World_Equestrian_Games
fei_world_championships,FEI World Championships,FEI World Equestrian Games,2002,2002-12-31,equestrian-driving,Driving,individual-driving,Individual driving,mixed,2,silver,athlete,Christoph Sandmann,Germany,DEU,https://en.wikipedia.org/wiki/2002_FEI_World_Equestrian_Games
fei_world_championships,FEI World Championships,FEI World Equestrian Games,2002,2002-12-31,equestrian-driving,Driving,individual-driving,Individual driving,mixed,3,bronze,athlete,Tomas Eriksson,Sweden,SWE,https://en.wikipedia.org/wiki/2002_FEI_World_Equestrian_Games
fei_world_championships,FEI World Championships,FEI World Equestrian Games,2002,2002-12-31,equestrian-driving,Driving,team-driving,Team driving,mixed,1,gold,team,Netherlands,Netherlands,NLD,https://en.wikipedia.org/wiki/2002_FEI_World_Equestrian_Games
fei_world_championships,FEI World Championships,FEI World Equestrian Games,2002,2002-12-31,equestrian-driving,Driving,team-driving,Team driving,mixed,2,silver,team,United States,United States,USA,https://en.wikipedia.org/wiki/2002_FEI_World_Equestrian_Games
fei_world_championships,FEI World Championships,FEI World Equestrian Games,2002,2002-12-31,equestrian-driving,Driving,team-driving,Team driving,mixed,3,bronze,team,Germany,Germany,DEU,https://en.wikipedia.org/wiki/2002_FEI_World_Equestrian_Games
fei_world_championships,FEI World Championships,FEI World Equestrian Games,2002,2002-12-31,equestrian-endurance,Endurance,individual-endurance,Individual endurance,mixed,1,gold,athlete,Ahmed bin Mohd al Maktoum,United Arab Emirates,ARE,https://en.wikipedia.org/wiki/2002_FEI_World_Equestrian_Games
fei_world_championships,FEI World Championships,FEI World Equestrian Games,2002,2002-12-31,equestrian-endurance,Endurance,individual-endurance,Individual endurance,mixed,2,silver,athlete,Antonio Rosi,Italy,ITA,https://en.wikipedia.org/wiki/2002_FEI_World_Equestrian_Games
fei_world_championships,FEI World Championships,FEI World Equestrian Games,2002,2002-12-31,equestrian-endurance,Endurance,individual-endurance,Individual endurance,mixed,3,bronze,athlete,Sunny Demedy,France,FRA,https://en.wikipedia.org/wiki/2002_FEI_World_Equestrian_Games
fei_world_championships,FEI World Championships,FEI World Equestrian Games,2002,2002-12-31,equestrian-endurance,Endurance,team-endurance,Team endurance,mixed,1,gold,team,France,France,FRA,https://en.wikipedia.org/wiki/2002_FEI_World_Equestrian_Games
fei_world_championships,FEI World Championships,FEI World Equestrian Games,2002,2002-12-31,equestrian-endurance,Endurance,team-endurance,Team endurance,mixed,2,silver,team,Italy,Italy,ITA,https://en.wikipedia.org/wiki/2002_FEI_World_Equestrian_Games
fei_world_championships,FEI World Championships,FEI World Equestrian Games,2002,2002-12-31,equestrian-endurance,Endurance,team-endurance,Team endurance,mixed,3,bronze,team,Australia,Australia,AUS,https://en.wikipedia.org/wiki/2002_FEI_World_Equestrian_Games
fei_world_championships,FEI World Championships,FEI World Equestrian Games,2002,2002-12-31,equestrian-eventing-equestrian,Equestrian Eventing (Equestrian),individual-eventing,Individual eventing,mixed,1,gold,athlete,Jean Teulère,France,FRA,https://en.wikipedia.org/wiki/2002_FEI_World_Equestrian_Games
fei_world_championships,FEI World Championships,FEI World Equestrian Games,2002,2002-12-31,equestrian-eventing-equestrian,Equestrian Eventing (Equestrian),individual-eventing,Individual eventing,mixed,2,silver,athlete,Jeanette Brakewell,United Kingdom,GBR,https://en.wikipedia.org/wiki/2002_FEI_World_Equestrian_Games
fei_world_championships,FEI World Championships,FEI World Equestrian Games,2002,2002-12-31,equestrian-eventing-equestrian,Equestrian Eventing (Equestrian),individual-eventing,Individual eventing,mixed,3,bronze,athlete,Piia Pantsu,Finland,FIN,https://en.wikipedia.org/wiki/2002_FEI_World_Equestrian_Games
fei_world_championships,FEI World Championships,FEI World Equestrian Games,2002,2002-12-31,equestrian-eventing-equestrian,Equestrian Eventing (Equestrian),team-eventing,Team eventing,mixed,1,gold,team,United States,United States,USA,https://en.wikipedia.org/wiki/2002_FEI_World_Equestrian_Games
fei_world_championships,FEI World Championships,FEI World Equestrian Games,2002,2002-12-31,equestrian-eventing-equestrian,Equestrian Eventing (Equestrian),team-eventing,Team eventing,mixed,2,silver,team,France,France,FRA,https://en.wikipedia.org/wiki/2002_FEI_World_Equestrian_Games
fei_world_championships,FEI World Championships,FEI World Equestrian Games,2002,2002-12-31,equestrian-eventing-equestrian,Equestrian Eventing (Equestrian),team-eventing,Team eventing,mixed,3,bronze,team,United Kingdom,United Kingdom,GBR,https://en.wikipedia.org/wiki/2002_FEI_World_Equestrian_Games
fei_world_championships,FEI World Championships,FEI World Equestrian Games,2002,2002-12-31,equestrian-jumping-equestrian,Equestrian Jumping (Equestrian),individual-jumping,Individual jumping,mixed,1,gold,athlete,Dermott Lennon,Ireland,IRL,https://en.wikipedia.org/wiki/2002_FEI_World_Equestrian_Games
fei_world_championships,FEI World Championships,FEI World Equestrian Games,2002,2002-12-31,equestrian-jumping-equestrian,Equestrian Jumping (Equestrian),individual-jumping,Individual jumping,mixed,2,silver,athlete,Eric Navet,France,FRA,https://en.wikipedia.org/wiki/2002_FEI_World_Equestrian_Games
fei_world_championships,FEI World Championships,FEI World Equestrian Games,2002,2002-12-31,equestrian-jumping-equestrian,Equestrian Jumping (Equestrian),individual-jumping,Individual jumping,mixed,3,bronze,athlete,Peter Wylde,United States,USA,https://en.wikipedia.org/wiki/2002_FEI_World_Equestrian_Games
fei_world_championships,FEI World Championships,FEI World Equestrian Games,2002,2002-12-31,equestrian-jumping-equestrian,Equestrian Jumping (Equestrian),team-jumping,Team jumping,mixed,1,gold,team,France,France,FRA,https://en.wikipedia.org/wiki/2002_FEI_World_Equestrian_Games
fei_world_championships,FEI World Championships,FEI World Equestrian Games,2002,2002-12-31,equestrian-jumping-equestrian,Equestrian Jumping (Equestrian),team-jumping,Team jumping,mixed,2,silver,team,Sweden,Sweden,SWE,https://en.wikipedia.org/wiki/2002_FEI_World_Equestrian_Games
fei_world_championships,FEI World Championships,FEI World Equestrian Games,2002,2002-12-31,equestrian-jumping-equestrian,Equestrian Jumping (Equestrian),team-jumping,Team jumping,mixed,3,bronze,team,Belgium,Belgium,BEL,https://en.wikipedia.org/wiki/2002_FEI_World_Equestrian_Games
fei_world_championships,FEI World Championships,FEI World Equestrian Games,2002,2002-12-31,equestrian-reining,Reining,individual-reining,Individual reining,mixed,1,gold,athlete,Shawn Flarida,United States,USA,https://en.wikipedia.org/wiki/2002_FEI_World_Equestrian_Games
fei_world_championships,FEI World Championships,FEI World Equestrian Games,2002,2002-12-31,equestrian-reining,Reining,individual-reining,Individual reining,mixed,2,silver,athlete,Tom McCutcheon,United States,USA,https://en.wikipedia.org/wiki/2002_FEI_World_Equestrian_Games
fei_world_championships,FEI World Championships,FEI World Equestrian Games,2002,2002-12-31,equestrian-reining,Reining,individual-reining,Individual reining,mixed,3,bronze,athlete,Shawna Sapergia,Canada,CAN,https://en.wikipedia.org/wiki/2002_FEI_World_Equestrian_Games
fei_world_championships,FEI World Championships,FEI World Equestrian Games,2002,2002-12-31,equestrian-reining,Reining,team-reining,Team reining,mixed,1,gold,team,United States,United States,USA,https://en.wikipedia.org/wiki/2002_FEI_World_Equestrian_Games
fei_world_championships,FEI World Championships,FEI World Equestrian Games,2002,2002-12-31,equestrian-reining,Reining,team-reining,Team reining,mixed,2,silver,team,Canada,Canada,CAN,https://en.wikipedia.org/wiki/2002_FEI_World_Equestrian_Games
fei_world_championships,FEI World Championships,FEI World Equestrian Games,2002,2002-12-31,equestrian-reining,Reining,team-reining,Team reining,mixed,3,bronze,team,Italy,Italy,ITA,https://en.wikipedia.org/wiki/2002_FEI_World_Equestrian_Games
fei_world_championships,FEI World Championships,FEI World Equestrian Games,2002,2002-12-31,equestrian-vaulting,Vaulting,men-vaulting,Men's vaulting,men,1,gold,athlete,Matthias Lang,France,FRA,https://en.wikipedia.org/wiki/2002_FEI_World_Equestrian_Games
fei_world_championships,FEI World Championships,FEI World Equestrian Games,2002,2002-12-31,equestrian-vaulting,Vaulting,men-vaulting,Men's vaulting,men,2,silver,athlete,Gero Meyer,Germany,DEU,https://en.wikipedia.org/wiki/2002_FEI_World_Equestrian_Games
fei_world_championships,FEI World Championships,FEI World Equestrian Games,2002,2002-12-31,equestrian-vaulting,Vaulting,men-vaulting,Men's vaulting,men,3,bronze,athlete,Devon Maitozo,United States,USA,https://en.wikipedia.org/wiki/2002_FEI_World_Equestrian_Games
fei_world_championships,FEI World Championships,FEI World Equestrian Games,2002,2002-12-31,equestrian-vaulting,Vaulting,squad-vaulting,Squad vaulting,mixed,1,gold,team,Germany,Germany,DEU,https://en.wikipedia.org/wiki/2002_FEI_World_Equestrian_Games
fei_world_championships,FEI World Championships,FEI World Equestrian Games,2002,2002-12-31,equestrian-vaulting,Vaulting,squad-vaulting,Squad vaulting,mixed,2,silver,team,Switzerland,Switzerland,CHE,https://en.wikipedia.org/wiki/2002_FEI_World_Equestrian_Games
fei_world_championships,FEI World Championships,FEI World Equestrian Games,2002,2002-12-31,equestrian-vaulting,Vaulting,squad-vaulting,Squad vaulting,mixed,3,bronze,team,Sweden,Sweden,SWE,https://en.wikipedia.org/wiki/2002_FEI_World_Equestrian_Games
fei_world_championships,FEI World Championships,FEI World Equestrian Games,2002,2002-12-31,equestrian-vaulting,Vaulting,women-vaulting,Women's vaulting,women,1,gold,athlete,Nadia Zulow,Germany,DEU,https://en.wikipedia.org/wiki/2002_FEI_World_Equestrian_Games
fei_world_championships,FEI World Championships,FEI World Equestrian Games,2002,2002-12-31,equestrian-vaulting,Vaulting,women-vaulting,Women's vaulting,women,2,silver,athlete,Rikke Laumann,Denmark,DNK,https://en.wikipedia.org/wiki/2002_FEI_World_Equestrian_Games
fei_world_championships,FEI World Championships,FEI World Equestrian Games,2002,2002-12-31,equestrian-vaulting,Vaulting,women-vaulting,Women's vaulting,women,3,bronze,athlete,Ines Juckstow,Germany,DEU,https://en.wikipedia.org/wiki/2002_FEI_World_Equestrian_Games
fei_world_championships,FEI World Championships,FEI World Equestrian Games,2006,2006-12-31,equestrian-dressage-equestrian,Equestrian Dressage (Equestrian),individual-freestyle-dressage,Individual freestyle dressage,mixed,1,gold,athlete,Anky van Grunsven,Netherlands,NLD,https://en.wikipedia.org/wiki/2006_FEI_World_Equestrian_Games
fei_world_championships,FEI World Championships,FEI World Equestrian Games,2006,2006-12-31,equestrian-dressage-equestrian,Equestrian Dressage (Equestrian),individual-freestyle-dressage,Individual freestyle dressage,mixed,2,silver,athlete,Andreas Helgstrand,Denmark,DNK,https://en.wikipedia.org/wiki/2006_FEI_World_Equestrian_Games
fei_world_championships,FEI World Championships,FEI World Equestrian Games,2006,2006-12-31,equestrian-dressage-equestrian,Equestrian Dressage (Equestrian),individual-freestyle-dressage,Individual freestyle dressage,mixed,3,bronze,athlete,Isabell Werth,Germany,DEU,https://en.wikipedia.org/wiki/2006_FEI_World_Equestrian_Games
fei_world_championships,FEI World Championships,FEI World Equestrian Games,2006,2006-12-31,equestrian-dressage-equestrian,Equestrian Dressage (Equestrian),individual-special-dressage,Individual special dressage,mixed,1,gold,athlete,Isabell Werth,Germany,DEU,https://en.wikipedia.org/wiki/2006_FEI_World_Equestrian_Games
fei_world_championships,FEI World Championships,FEI World Equestrian Games,2006,2006-12-31,equestrian-dressage-equestrian,Equestrian Dressage (Equestrian),individual-special-dressage,Individual special dressage,mixed,2,silver,athlete,Anky van Grunsven,Netherlands,NLD,https://en.wikipedia.org/wiki/2006_FEI_World_Equestrian_Games
fei_world_championships,FEI World Championships,FEI World Equestrian Games,2006,2006-12-31,equestrian-dressage-equestrian,Equestrian Dressage (Equestrian),individual-special-dressage,Individual special dressage,mixed,3,bronze,athlete,Andreas Helgstrand,Denmark,DNK,https://en.wikipedia.org/wiki/2006_FEI_World_Equestrian_Games
fei_world_championships,FEI World Championships,FEI World Equestrian Games,2006,2006-12-31,equestrian-dressage-equestrian,Equestrian Dressage (Equestrian),team-dressage,Team dressage,mixed,1,gold,team,Germany,Germany,DEU,https://en.wikipedia.org/wiki/2006_FEI_World_Equestrian_Games
fei_world_championships,FEI World Championships,FEI World Equestrian Games,2006,2006-12-31,equestrian-dressage-equestrian,Equestrian Dressage (Equestrian),team-dressage,Team dressage,mixed,2,silver,team,Netherlands,Netherlands,NLD,https://en.wikipedia.org/wiki/2006_FEI_World_Equestrian_Games
fei_world_championships,FEI World Championships,FEI World Equestrian Games,2006,2006-12-31,equestrian-dressage-equestrian,Equestrian Dressage (Equestrian),team-dressage,Team dressage,mixed,3,bronze,team,United States,United States,USA,https://en.wikipedia.org/wiki/2006_FEI_World_Equestrian_Games
fei_world_championships,FEI World Championships,FEI World Equestrian Games,2006,2006-12-31,equestrian-driving,Driving,individual-driving,Individual driving,mixed,1,gold,athlete,Felix-Marie Brasseur,Belgium,BEL,https://en.wikipedia.org/wiki/2006_FEI_World_Equestrian_Games
fei_world_championships,FEI World Championships,FEI World Equestrian Games,2006,2006-12-31,equestrian-driving,Driving,individual-driving,Individual driving,mixed,2,silver,athlete,Ijsbrand Chardon,Netherlands,NLD,https://en.wikipedia.org/wiki/2006_FEI_World_Equestrian_Games
fei_world_championships,FEI World Championships,FEI World Equestrian Games,2006,2006-12-31,equestrian-driving,Driving,individual-driving,Individual driving,mixed,3,bronze,athlete,Christoph Sandmann,Germany,DEU,https://en.wikipedia.org/wiki/2006_FEI_World_Equestrian_Games
fei_world_championships,FEI World Championships,FEI World Equestrian Games,2006,2006-12-31,equestrian-driving,Driving,team-driving,Team driving,mixed,1,gold,team,Germany,Germany,DEU,https://en.wikipedia.org/wiki/2006_FEI_World_Equestrian_Games
fei_world_championships,FEI World Championships,FEI World Equestrian Games,2006,2006-12-31,equestrian-driving,Driving,team-driving,Team driving,mixed,2,silver,team,Belgium,Belgium,BEL,https://en.wikipedia.org/wiki/2006_FEI_World_Equestrian_Games
fei_world_championships,FEI World Championships,FEI World Equestrian Games,2006,2006-12-31,equestrian-driving,Driving,team-driving,Team driving,mixed,3,bronze,team,Netherlands,Netherlands,NLD,https://en.wikipedia.org/wiki/2006_FEI_World_Equestrian_Games
fei_world_championships,FEI World Championships,FEI World Equestrian Games,2006,2006-12-31,equestrian-endurance,Endurance,individual-endurance,Individual endurance,mixed,1,gold,athlete,Miguel Vila Ubach,Spain,ESP,https://en.wikipedia.org/wiki/2006_FEI_World_Equestrian_Games
fei_world_championships,FEI World Championships,FEI World Equestrian Games,2006,2006-12-31,equestrian-endurance,Endurance,individual-endurance,Individual endurance,mixed,2,silver,athlete,Virginie Atger,France,FRA,https://en.wikipedia.org/wiki/2006_FEI_World_Equestrian_Games
fei_world_championships,FEI World Championships,FEI World Equestrian Games,2006,2006-12-31,equestrian-endurance,Endurance,individual-endurance,Individual endurance,mixed,3,bronze,athlete,Elodie Le Labourier,France,FRA,https://en.wikipedia.org/wiki/2006_FEI_World_Equestrian_Games
fei_world_championships,FEI World Championships,FEI World Equestrian Games,2006,2006-12-31,equestrian-endurance,Endurance,team-endurance,Team endurance,mixed,1,gold,team,France,France,FRA,https://en.wikipedia.org/wiki/2006_FEI_World_Equestrian_Games
fei_world_championships,FEI World Championships,FEI World Equestrian Games,2006,2006-12-31,equestrian-endurance,Endurance,team-endurance,Team endurance,mixed,2,silver,team,Switzerland,Switzerland,CHE,https://en.wikipedia.org/wiki/2006_FEI_World_Equestrian_Games
fei_world_championships,FEI World Championships,FEI World Equestrian Games,2006,2006-12-31,equestrian-endurance,Endurance,team-endurance,Team endurance,mixed,3,bronze,team,POR,POR,POR,https://en.wikipedia.org/wiki/2006_FEI_World_Equestrian_Games
fei_world_championships,FEI World Championships,FEI World Equestrian Games,2006,2006-12-31,equestrian-eventing-equestrian,Equestrian Eventing (Equestrian),individual-eventing,Individual eventing,mixed,1,gold,athlete,Zara Phillips,United Kingdom,GBR,https://en.wikipedia.org/wiki/2006_FEI_World_Equestrian_Games
fei_world_championships,FEI World Championships,FEI World Equestrian Games,2006,2006-12-31,equestrian-eventing-equestrian,Equestrian Eventing (Equestrian),individual-eventing,Individual eventing,mixed,2,silver,athlete,Clayton Fredericks,Australia,AUS,https://en.wikipedia.org/wiki/2006_FEI_World_Equestrian_Games
fei_world_championships,FEI World Championships,FEI World Equestrian Games,2006,2006-12-31,equestrian-eventing-equestrian,Equestrian Eventing (Equestrian),individual-eventing,Individual eventing,mixed,3,bronze,athlete,Amy Tryon,United States,USA,https://en.wikipedia.org/wiki/2006_FEI_World_Equestrian_Games
fei_world_championships,FEI World Championships,FEI World Equestrian Games,2006,2006-12-31,equestrian-eventing-equestrian,Equestrian Eventing (Equestrian),team-eventing,Team eventing,mixed,1,gold,team,Germany,Germany,DEU,https://en.wikipedia.org/wiki/2006_FEI_World_Equestrian_Games
fei_world_championships,FEI World Championships,FEI World Equestrian Games,2006,2006-12-31,equestrian-eventing-equestrian,Equestrian Eventing (Equestrian),team-eventing,Team eventing,mixed,2,silver,team,United Kingdom,United Kingdom,GBR,https://en.wikipedia.org/wiki/2006_FEI_World_Equestrian_Games
fei_world_championships,FEI World Championships,FEI World Equestrian Games,2006,2006-12-31,equestrian-eventing-equestrian,Equestrian Eventing (Equestrian),team-eventing,Team eventing,mixed,3,bronze,team,Australia,Australia,AUS,https://en.wikipedia.org/wiki/2006_FEI_World_Equestrian_Games
fei_world_championships,FEI World Championships,FEI World Equestrian Games,2006,2006-12-31,equestrian-jumping-equestrian,Equestrian Jumping (Equestrian),individual-jumping,Individual jumping,mixed,1,gold,athlete,Jos Lansink,Belgium,BEL,https://en.wikipedia.org/wiki/2006_FEI_World_Equestrian_Games
fei_world_championships,FEI World Championships,FEI World Equestrian Games,2006,2006-12-31,equestrian-jumping-equestrian,Equestrian Jumping (Equestrian),individual-jumping,Individual jumping,mixed,2,silver,athlete,Beezie Madden,United States,USA,https://en.wikipedia.org/wiki/2006_FEI_World_Equestrian_Games
fei_world_championships,FEI World Championships,FEI World Equestrian Games,2006,2006-12-31,equestrian-jumping-equestrian,Equestrian Jumping (Equestrian),individual-jumping,Individual jumping,mixed,3,bronze,athlete,Meredith Michaels-Beerbaum,Germany,DEU,https://en.wikipedia.org/wiki/2006_FEI_World_Equestrian_Games
fei_world_championships,FEI World Championships,FEI World Equestrian Games,2006,2006-12-31,equestrian-jumping-equestrian,Equestrian Jumping (Equestrian),team-jumping,Team jumping,mixed,1,gold,team,Netherlands,Netherlands,NLD,https://en.wikipedia.org/wiki/2006_FEI_World_Equestrian_Games
fei_world_championships,FEI World Championships,FEI World Equestrian Games,2006,2006-12-31,equestrian-jumping-equestrian,Equestrian Jumping (Equestrian),team-jumping,Team jumping,mixed,2,silver,team,United States,United States,USA,https://en.wikipedia.org/wiki/2006_FEI_World_Equestrian_Games
fei_world_championships,FEI World Championships,FEI World Equestrian Games,2006,2006-12-31,equestrian-jumping-equestrian,Equestrian Jumping (Equestrian),team-jumping,Team jumping,mixed,3,bronze,team,Germany,Germany,DEU,https://en.wikipedia.org/wiki/2006_FEI_World_Equestrian_Games
fei_world_championships,FEI World Championships,FEI World Equestrian Games,2006,2006-12-31,equestrian-reining,Reining,individual-reining,Individual reining,mixed,1,gold,athlete,Duane Latimer,Canada,CAN,https://en.wikipedia.org/wiki/2006_FEI_World_Equestrian_Games
fei_world_championships,FEI World Championships,FEI World Equestrian Games,2006,2006-12-31,equestrian-reining,Reining,individual-reining,Individual reining,mixed,2,silver,athlete,Tim McQuay,United States,USA,https://en.wikipedia.org/wiki/2006_FEI_World_Equestrian_Games
fei_world_championships,FEI World Championships,FEI World Equestrian Games,2006,2006-12-31,equestrian-reining,Reining,individual-reining,Individual reining,mixed,3,bronze,athlete,Aaron Ralston,United States,USA,https://en.wikipedia.org/wiki/2006_FEI_World_Equestrian_Games
fei_world_championships,FEI World Championships,FEI World Equestrian Games,2006,2006-12-31,equestrian-reining,Reining,team-reining,Team reining,mixed,1,gold,team,United States,United States,USA,https://en.wikipedia.org/wiki/2006_FEI_World_Equestrian_Games
fei_world_championships,FEI World Championships,FEI World Equestrian Games,2006,2006-12-31,equestrian-reining,Reining,team-reining,Team reining,mixed,2,silver,team,Canada,Canada,CAN,https://en.wikipedia.org/wiki/2006_FEI_World_Equestrian_Games
fei_world_championships,FEI World Championships,FEI World Equestrian Games,2006,2006-12-31,equestrian-reining,Reining,team-reining,Team reining,mixed,3,bronze,team,Italy,Italy,ITA,https://en.wikipedia.org/wiki/2006_FEI_World_Equestrian_Games
fei_world_championships,FEI World Championships,FEI World Equestrian Games,2006,2006-12-31,equestrian-vaulting,Vaulting,men-vaulting,Men's vaulting,men,1,gold,athlete,Kai Vorberg,Germany,DEU,https://en.wikipedia.org/wiki/2006_FEI_World_Equestrian_Games
fei_world_championships,FEI World Championships,FEI World Equestrian Games,2006,2006-12-31,equestrian-vaulting,Vaulting,men-vaulting,Men's vaulting,men,2,silver,athlete,Gero Meyer,Germany,DEU,https://en.wikipedia.org/wiki/2006_FEI_World_Equestrian_Games
fei_world_championships,FEI World Championships,FEI World Equestrian Games,2006,2006-12-31,equestrian-vaulting,Vaulting,men-vaulting,Men's vaulting,men,3,bronze,athlete,Ladislav Majdlen,Slovakia,SVK,https://en.wikipedia.org/wiki/2006_FEI_World_Equestrian_Games
fei_world_championships,FEI World Championships,FEI World Equestrian Games,2006,2006-12-31,equestrian-vaulting,Vaulting,squad-vaulting,Squad vaulting,mixed,1,gold,team,Germany,Germany,DEU,https://en.wikipedia.org/wiki/2006_FEI_World_Equestrian_Games
fei_world_championships,FEI World Championships,FEI World Equestrian Games,2006,2006-12-31,equestrian-vaulting,Vaulting,squad-vaulting,Squad vaulting,mixed,2,silver,team,United States,United States,USA,https://en.wikipedia.org/wiki/2006_FEI_World_Equestrian_Games
fei_world_championships,FEI World Championships,FEI World Equestrian Games,2006,2006-12-31,equestrian-vaulting,Vaulting,squad-vaulting,Squad vaulting,mixed,3,bronze,team,Austria,Austria,AUT,https://en.wikipedia.org/wiki/2006_FEI_World_Equestrian_Games
fei_world_championships,FEI World Championships,FEI World Equestrian Games,2006,2006-12-31,equestrian-vaulting,Vaulting,women-vaulting,Women's vaulting,women,1,gold,athlete,Megan Benjamin,United States,USA,https://en.wikipedia.org/wiki/2006_FEI_World_Equestrian_Games
fei_world_championships,FEI World Championships,FEI World Equestrian Games,2006,2006-12-31,equestrian-vaulting,Vaulting,women-vaulting,Women's vaulting,women,2,silver,athlete,Katharina Faltin,Austria,AUT,https://en.wikipedia.org/wiki/2006_FEI_World_Equestrian_Games
fei_world_championships,FEI World Championships,FEI World Equestrian Games,2006,2006-12-31,equestrian-vaulting,Vaulting,women-vaulting,Women's vaulting,women,3,bronze,athlete,Sissa Jarz,Austria,AUT,https://en.wikipedia.org/wiki/2006_FEI_World_Equestrian_Games
fei_world_championships,FEI World Championships,FEI World Equestrian Games,2010,2010-12-31,equestrian-dressage-equestrian,Equestrian Dressage (Equestrian),dressage-grand-prix-freestyle,Dressage Grand Prix Freestyle,mixed,1,gold,athlete,Edward Gal,Netherlands,NLD,https://en.wikipedia.org/wiki/2010_FEI_World_Equestrian_Games
fei_world_championships,FEI World Championships,FEI World Equestrian Games,2010,2010-12-31,equestrian-dressage-equestrian,Equestrian Dressage (Equestrian),dressage-grand-prix-freestyle,Dressage Grand Prix Freestyle,mixed,2,silver,athlete,Laura Bechtolsheimer,United Kingdom,GBR,https://en.wikipedia.org/wiki/2010_FEI_World_Equestrian_Games
fei_world_championships,FEI World Championships,FEI World Equestrian Games,2010,2010-12-31,equestrian-dressage-equestrian,Equestrian Dressage (Equestrian),dressage-grand-prix-freestyle,Dressage Grand Prix Freestyle,mixed,3,bronze,athlete,Steffen Peters,United States,USA,https://en.wikipedia.org/wiki/2010_FEI_World_Equestrian_Games
fei_world_championships,FEI World Championships,FEI World Equestrian Games,2010,2010-12-31,equestrian-dressage-equestrian,Equestrian Dressage (Equestrian),dressage-grand-prix-special,Dressage Grand Prix Special,mixed,1,gold,athlete,Edward Gal,Netherlands,NLD,https://en.wikipedia.org/wiki/2010_FEI_World_Equestrian_Games
fei_world_championships,FEI World Championships,FEI World Equestrian Games,2010,2010-12-31,equestrian-dressage-equestrian,Equestrian Dressage (Equestrian),dressage-grand-prix-special,Dressage Grand Prix Special,mixed,2,silver,athlete,Laura Bechtolsheimer,United Kingdom,GBR,https://en.wikipedia.org/wiki/2010_FEI_World_Equestrian_Games
fei_world_championships,FEI World Championships,FEI World Equestrian Games,2010,2010-12-31,equestrian-dressage-equestrian,Equestrian Dressage (Equestrian),dressage-grand-prix-special,Dressage Grand Prix Special,mixed,3,bronze,athlete,Steffen Peters,United States,USA,https://en.wikipedia.org/wiki/2010_FEI_World_Equestrian_Games
fei_world_championships,FEI World Championships,FEI World Equestrian Games,2010,2010-12-31,equestrian-dressage-equestrian,Equestrian Dressage (Equestrian),dressage-team-grand-prix,Dressage Team Grand Prix,mixed,1,gold,team,Netherlands,Netherlands,NLD,https://en.wikipedia.org/wiki/2010_FEI_World_Equestrian_Games
fei_world_championships,FEI World Championships,FEI World Equestrian Games,2010,2010-12-31,equestrian-dressage-equestrian,Equestrian Dressage (Equestrian),dressage-team-grand-prix,Dressage Team Grand Prix,mixed,2,silver,team,United Kingdom,United Kingdom,GBR,https://en.wikipedia.org/wiki/2010_FEI_World_Equestrian_Games
fei_world_championships,FEI World Championships,FEI World Equestrian Games,2010,2010-12-31,equestrian-dressage-equestrian,Equestrian Dressage (Equestrian),dressage-team-grand-prix,Dressage Team Grand Prix,mixed,3,bronze,team,Germany,Germany,DEU,https://en.wikipedia.org/wiki/2010_FEI_World_Equestrian_Games
fei_world_championships,FEI World Championships,FEI World Equestrian Games,2010,2010-12-31,equestrian-dressage-equestrian,Equestrian Dressage (Equestrian),para-dressage-team,Para Dressage Team,mixed,1,gold,team,United Kingdom,United Kingdom,GBR,https://en.wikipedia.org/wiki/2010_FEI_World_Equestrian_Games
fei_world_championships,FEI World Championships,FEI World Equestrian Games,2010,2010-12-31,equestrian-dressage-equestrian,Equestrian Dressage (Equestrian),para-dressage-team,Para Dressage Team,mixed,2,silver,team,Germany,Germany,DEU,https://en.wikipedia.org/wiki/2010_FEI_World_Equestrian_Games
fei_world_championships,FEI World Championships,FEI World Equestrian Games,2010,2010-12-31,equestrian-dressage-equestrian,Equestrian Dressage (Equestrian),para-dressage-team,Para Dressage Team,mixed,3,bronze,team,Denmark,Denmark,DNK,https://en.wikipedia.org/wiki/2010_FEI_World_Equestrian_Games
fei_world_championships,FEI World Championships,FEI World Equestrian Games,2010,2010-12-31,equestrian-driving,Driving,driving-individual,Driving Individual,mixed,1,gold,athlete,Boyd Exell,Australia,AUS,https://en.wikipedia.org/wiki/2010_FEI_World_Equestrian_Games
fei_world_championships,FEI World Championships,FEI World Equestrian Games,2010,2010-12-31,equestrian-driving,Driving,driving-individual,Driving Individual,mixed,2,silver,athlete,IJsbrand Chardon,Netherlands,NLD,https://en.wikipedia.org/wiki/2010_FEI_World_Equestrian_Games
fei_world_championships,FEI World Championships,FEI World Equestrian Games,2010,2010-12-31,equestrian-driving,Driving,driving-individual,Driving Individual,mixed,3,bronze,athlete,Tucker Johnson,United States,USA,https://en.wikipedia.org/wiki/2010_FEI_World_Equestrian_Games
fei_world_championships,FEI World Championships,FEI World Equestrian Games,2010,2010-12-31,equestrian-driving,Driving,driving-team,Driving Team,mixed,1,gold,team,Netherlands,Netherlands,NLD,https://en.wikipedia.org/wiki/2010_FEI_World_Equestrian_Games
fei_world_championships,FEI World Championships,FEI World Equestrian Games,2010,2010-12-31,equestrian-driving,Driving,driving-team,Driving Team,mixed,2,silver,team,United States,United States,USA,https://en.wikipedia.org/wiki/2010_FEI_World_Equestrian_Games
fei_world_championships,FEI World Championships,FEI World Equestrian Games,2010,2010-12-31,equestrian-driving,Driving,driving-team,Driving Team,mixed,3,bronze,team,Germany,Germany,DEU,https://en.wikipedia.org/wiki/2010_FEI_World_Equestrian_Games
fei_world_championships,FEI World Championships,FEI World Equestrian Games,2010,2010-12-31,equestrian-endurance,Endurance,endurance-individual,Endurance Individual,mixed,1,gold,athlete,Maria Mercedes Alvarez Ponton,Spain,ESP,https://en.wikipedia.org/wiki/2010_FEI_World_Equestrian_Games
fei_world_championships,FEI World Championships,FEI World Equestrian Games,2010,2010-12-31,equestrian-endurance,Endurance,endurance-individual,Endurance Individual,mixed,2,silver,athlete,Mohammed bin Rashid Al Maktoum,United Arab Emirates,ARE,https://en.wikipedia.org/wiki/2010_FEI_World_Equestrian_Games
fei_world_championships,FEI World Championships,FEI World Equestrian Games,2010,2010-12-31,equestrian-endurance,Endurance,endurance-individual,Endurance Individual,mixed,3,bronze,athlete,Hamdan bin Mohammed Al Maktoum,United Arab Emirates,ARE,https://en.wikipedia.org/wiki/2010_FEI_World_Equestrian_Games
fei_world_championships,FEI World Championships,FEI World Equestrian Games,2010,2010-12-31,equestrian-endurance,Endurance,endurance-team,Endurance Team,mixed,1,gold,team,United Arab Emirates,United Arab Emirates,ARE,https://en.wikipedia.org/wiki/2010_FEI_World_Equestrian_Games
fei_world_championships,FEI World Championships,FEI World Equestrian Games,2010,2010-12-31,equestrian-endurance,Endurance,endurance-team,Endurance Team,mixed,2,silver,team,France,France,FRA,https://en.wikipedia.org/wiki/2010_FEI_World_Equestrian_Games
fei_world_championships,FEI World Championships,FEI World Equestrian Games,2010,2010-12-31,equestrian-endurance,Endurance,endurance-team,Endurance Team,mixed,3,bronze,team,Germany,Germany,DEU,https://en.wikipedia.org/wiki/2010_FEI_World_Equestrian_Games
fei_world_championships,FEI World Championships,FEI World Equestrian Games,2010,2010-12-31,equestrian-eventing-equestrian,Equestrian Eventing (Equestrian),eventing-individual,Eventing Individual,mixed,1,gold,athlete,Michael Jung,Germany,DEU,https://en.wikipedia.org/wiki/2010_FEI_World_Equestrian_Games
fei_world_championships,FEI World Championships,FEI World Equestrian Games,2010,2010-12-31,equestrian-eventing-equestrian,Equestrian Eventing (Equestrian),eventing-individual,Eventing Individual,mixed,2,silver,athlete,William Fox-Pitt,United Kingdom,GBR,https://en.wikipedia.org/wiki/2010_FEI_World_Equestrian_Games
fei_world_championships,FEI World Championships,FEI World Equestrian Games,2010,2010-12-31,equestrian-eventing-equestrian,Equestrian Eventing (Equestrian),eventing-individual,Eventing Individual,mixed,3,bronze,athlete,Andrew Nicholson,New Zealand,NZL,https://en.wikipedia.org/wiki/2010_FEI_World_Equestrian_Games
fei_world_championships,FEI World Championships,FEI World Equestrian Games,2010,2010-12-31,equestrian-eventing-equestrian,Equestrian Eventing (Equestrian),eventing-team,Eventing Team,mixed,1,gold,team,United Kingdom,United Kingdom,GBR,https://en.wikipedia.org/wiki/2010_FEI_World_Equestrian_Games
fei_world_championships,FEI World Championships,FEI World Equestrian Games,2010,2010-12-31,equestrian-eventing-equestrian,Equestrian Eventing (Equestrian),eventing-team,Eventing Team,mixed,2,silver,team,Canada,Canada,CAN,https://en.wikipedia.org/wiki/2010_FEI_World_Equestrian_Games
fei_world_championships,FEI World Championships,FEI World Equestrian Games,2010,2010-12-31,equestrian-eventing-equestrian,Equestrian Eventing (Equestrian),eventing-team,Eventing Team,mixed,3,bronze,team,New Zealand,New Zealand,NZL,https://en.wikipedia.org/wiki/2010_FEI_World_Equestrian_Games
fei_world_championships,FEI World Championships,FEI World Equestrian Games,2010,2010-12-31,equestrian-jumping-equestrian,Equestrian Jumping (Equestrian),jumping-individual,Jumping Individual,mixed,1,gold,athlete,Philippe Le Jeune,Belgium,BEL,https://en.wikipedia.org/wiki/2010_FEI_World_Equestrian_Games
fei_world_championships,FEI World Championships,FEI World Equestrian Games,2010,2010-12-31,equestrian-jumping-equestrian,Equestrian Jumping (Equestrian),jumping-individual,Jumping Individual,mixed,2,silver,athlete,Abdullah Al-Sharbatly,Saudi Arabia,SAU,https://en.wikipedia.org/wiki/2010_FEI_World_Equestrian_Games
fei_world_championships,FEI World Championships,FEI World Equestrian Games,2010,2010-12-31,equestrian-jumping-equestrian,Equestrian Jumping (Equestrian),jumping-individual,Jumping Individual,mixed,3,bronze,athlete,Eric Lamaze,Canada,CAN,https://en.wikipedia.org/wiki/2010_FEI_World_Equestrian_Games
fei_world_championships,FEI World Championships,FEI World Equestrian Games,2010,2010-12-31,equestrian-jumping-equestrian,Equestrian Jumping (Equestrian),jumping-team,Jumping Team,mixed,1,gold,team,Germany,Germany,DEU,https://en.wikipedia.org/wiki/2010_FEI_World_Equestrian_Games
fei_world_championships,FEI World Championships,FEI World Equestrian Games,2010,2010-12-31,equestrian-jumping-equestrian,Equestrian Jumping (Equestrian),jumping-team,Jumping Team,mixed,2,silver,team,France,France,FRA,https://en.wikipedia.org/wiki/2010_FEI_World_Equestrian_Games
fei_world_championships,FEI World Championships,FEI World Equestrian Games,2010,2010-12-31,equestrian-jumping-equestrian,Equestrian Jumping (Equestrian),jumping-team,Jumping Team,mixed,3,bronze,team,Belgium,Belgium,BEL,https://en.wikipedia.org/wiki/2010_FEI_World_Equestrian_Games
fei_world_championships,FEI World Championships,FEI World Equestrian Games,2010,2010-12-31,equestrian-para-dressage,Para-dressage,para-dressage-individual-championship-test-grade-ia,Para Dressage Individual Championship Test Grade Ia,mixed,1,gold,athlete,Sophie Christiansen,United Kingdom,GBR,https://en.wikipedia.org/wiki/2010_FEI_World_Equestrian_Games
fei_world_championships,FEI World Championships,FEI World Equestrian Games,2010,2010-12-31,equestrian-para-dressage,Para-dressage,para-dressage-individual-championship-test-grade-ia,Para Dressage Individual Championship Test Grade Ia,mixed,2,silver,athlete,Anne Dunham,United Kingdom,GBR,https://en.wikipedia.org/wiki/2010_FEI_World_Equestrian_Games
fei_world_championships,FEI World Championships,FEI World Equestrian Games,2010,2010-12-31,equestrian-para-dressage,Para-dressage,para-dressage-individual-championship-test-grade-ia,Para Dressage Individual Championship Test Grade Ia,mixed,3,bronze,athlete,Emma Sheardown,United Kingdom,GBR,https://en.wikipedia.org/wiki/2010_FEI_World_Equestrian_Games
fei_world_championships,FEI World Championships,FEI World Equestrian Games,2010,2010-12-31,equestrian-para-dressage,Para-dressage,para-dressage-individual-championship-test-grade-ib,Para Dressage Individual Championship Test Grade Ib,mixed,1,gold,athlete,Lee Pearson,United Kingdom,GBR,https://en.wikipedia.org/wiki/2010_FEI_World_Equestrian_Games
fei_world_championships,FEI World Championships,FEI World Equestrian Games,2010,2010-12-31,equestrian-para-dressage,Para-dressage,para-dressage-individual-championship-test-grade-ib,Para Dressage Individual Championship Test Grade Ib,mixed,2,silver,athlete,Ricky Balshaw,United Kingdom,GBR,https://en.wikipedia.org/wiki/2010_FEI_World_Equestrian_Games
fei_world_championships,FEI World Championships,FEI World Equestrian Games,2010,2010-12-31,equestrian-para-dressage,Para-dressage,para-dressage-individual-championship-test-grade-ib,Para Dressage Individual Championship Test Grade Ib,mixed,3,bronze,athlete,Jens Lasse Dokkan,Norway,NOR,https://en.wikipedia.org/wiki/2010_FEI_World_Equestrian_Games
fei_world_championships,FEI World Championships,FEI World Equestrian Games,2010,2010-12-31,equestrian-para-dressage,Para-dressage,para-dressage-individual-championship-test-grade-ii,Para Dressage Individual Championship Test Grade II,mixed,1,gold,athlete,Petra van de Sande,Netherlands,NLD,https://en.wikipedia.org/wiki/2010_FEI_World_Equestrian_Games
fei_world_championships,FEI World Championships,FEI World Equestrian Games,2010,2010-12-31,equestrian-para-dressage,Para-dressage,para-dressage-individual-championship-test-grade-ii,Para Dressage Individual Championship Test Grade II,mixed,2,silver,athlete,Britta Näpel on Aquilina %,Germany,DEU,https://en.wikipedia.org/wiki/2010_FEI_World_Equestrian_Games
fei_world_championships,FEI World Championships,FEI World Equestrian Games,2010,2010-12-31,equestrian-para-dressage,Para-dressage,para-dressage-individual-championship-test-grade-ii,Para Dressage Individual Championship Test Grade II,mixed,3,bronze,athlete,Caroline Cecilie Nielsen,Denmark,DNK,https://en.wikipedia.org/wiki/2010_FEI_World_Equestrian_Games
fei_world_championships,FEI World Championships,FEI World Equestrian Games,2010,2010-12-31,equestrian-para-dressage,Para-dressage,para-dressage-individual-championship-test-grade-iii,Para Dressage Individual Championship Test Grade III,mixed,1,gold,athlete,Hannelore Brenner,Germany,DEU,https://en.wikipedia.org/wiki/2010_FEI_World_Equestrian_Games
fei_world_championships,FEI World Championships,FEI World Equestrian Games,2010,2010-12-31,equestrian-para-dressage,Para-dressage,para-dressage-individual-championship-test-grade-iii,Para Dressage Individual Championship Test Grade III,mixed,2,silver,athlete,Annika Lykke Dalskov,Denmark,DNK,https://en.wikipedia.org/wiki/2010_FEI_World_Equestrian_Games
fei_world_championships,FEI World Championships,FEI World Equestrian Games,2010,2010-12-31,equestrian-para-dressage,Para-dressage,para-dressage-individual-championship-test-grade-iii,Para Dressage Individual Championship Test Grade III,mixed,3,bronze,athlete,Sharon Jarvis,Australia,AUS,https://en.wikipedia.org/wiki/2010_FEI_World_Equestrian_Games
fei_world_championships,FEI World Championships,FEI World Equestrian Games,2010,2010-12-31,equestrian-para-dressage,Para-dressage,para-dressage-individual-championship-test-grade-iv,Para Dressage Individual Championship Test Grade IV,mixed,1,gold,athlete,Sophie Wells,United Kingdom,GBR,https://en.wikipedia.org/wiki/2010_FEI_World_Equestrian_Games
fei_world_championships,FEI World Championships,FEI World Equestrian Games,2010,2010-12-31,equestrian-para-dressage,Para-dressage,para-dressage-individual-championship-test-grade-iv,Para Dressage Individual Championship Test Grade IV,mixed,2,silver,athlete,Frank Hosmar,Netherlands,NLD,https://en.wikipedia.org/wiki/2010_FEI_World_Equestrian_Games
fei_world_championships,FEI World Championships,FEI World Equestrian Games,2010,2010-12-31,equestrian-para-dressage,Para-dressage,para-dressage-individual-championship-test-grade-iv,Para Dressage Individual Championship Test Grade IV,mixed,3,bronze,athlete,Henrik Weber Sibbesen,Denmark,DNK,https://en.wikipedia.org/wiki/2010_FEI_World_Equestrian_Games
fei_world_championships,FEI World Championships,FEI World Equestrian Games,2010,2010-12-31,equestrian-para-dressage,Para-dressage,para-dressage-individual-freestyle-tests-grade-ia,Para Dressage Individual Freestyle Tests Grade Ia,mixed,1,gold,athlete,Emma Sheardown,United Kingdom,GBR,https://en.wikipedia.org/wiki/2010_FEI_World_Equestrian_Games
fei_world_championships,FEI World Championships,FEI World Equestrian Games,2010,2010-12-31,equestrian-para-dressage,Para-dressage,para-dressage-individual-freestyle-tests-grade-ia,Para Dressage Individual Freestyle Tests Grade Ia,mixed,2,silver,athlete,Sophie Christiansen,United Kingdom,GBR,https://en.wikipedia.org/wiki/2010_FEI_World_Equestrian_Games
fei_world_championships,FEI World Championships,FEI World Equestrian Games,2010,2010-12-31,equestrian-para-dressage,Para-dressage,para-dressage-individual-freestyle-tests-grade-ia,Para Dressage Individual Freestyle Tests Grade Ia,mixed,3,bronze,athlete,Anne Dunham,United Kingdom,GBR,https://en.wikipedia.org/wiki/2010_FEI_World_Equestrian_Games
fei_world_championships,FEI World Championships,FEI World Equestrian Games,2010,2010-12-31,equestrian-para-dressage,Para-dressage,para-dressage-individual-freestyle-tests-grade-ib,Para Dressage Individual Freestyle Tests Grade Ib,mixed,1,gold,athlete,Lee Pearson,United Kingdom,GBR,https://en.wikipedia.org/wiki/2010_FEI_World_Equestrian_Games
fei_world_championships,FEI World Championships,FEI World Equestrian Games,2010,2010-12-31,equestrian-para-dressage,Para-dressage,para-dressage-individual-freestyle-tests-grade-ib,Para Dressage Individual Freestyle Tests Grade Ib,mixed,2,silver,athlete,Stinna Tange Kaastrup,Denmark,DNK,https://en.wikipedia.org/wiki/2010_FEI_World_Equestrian_Games
fei_world_championships,FEI World Championships,FEI World Equestrian Games,2010,2010-12-31,equestrian-para-dressage,Para-dressage,para-dressage-individual-freestyle-tests-grade-ib,Para Dressage Individual Freestyle Tests Grade Ib,mixed,3,bronze,athlete,Katja Karjalainen,Finland,FIN,https://en.wikipedia.org/wiki/2010_FEI_World_Equestrian_Games
fei_world_championships,FEI World Championships,FEI World Equestrian Games,2010,2010-12-31,equestrian-para-dressage,Para-dressage,para-dressage-individual-freestyle-tests-grade-ii,Para Dressage Individual Freestyle Tests Grade II,mixed,1,gold,athlete,Angelika Trabert,Germany,DEU,https://en.wikipedia.org/wiki/2010_FEI_World_Equestrian_Games
fei_world_championships,FEI World Championships,FEI World Equestrian Games,2010,2010-12-31,equestrian-para-dressage,Para-dressage,para-dressage-individual-freestyle-tests-grade-ii,Para Dressage Individual Freestyle Tests Grade II,mixed,2,silver,athlete,Gert Bolmer,Netherlands,NLD,https://en.wikipedia.org/wiki/2010_FEI_World_Equestrian_Games
fei_world_championships,FEI World Championships,FEI World Equestrian Games,2010,2010-12-31,equestrian-para-dressage,Para-dressage,para-dressage-individual-freestyle-tests-grade-ii,Para Dressage Individual Freestyle Tests Grade II,mixed,3,bronze,athlete,Jo Pitt,United Kingdom,GBR,https://en.wikipedia.org/wiki/2010_FEI_World_Equestrian_Games
fei_world_championships,FEI World Championships,FEI World Equestrian Games,2010,2010-12-31,equestrian-para-dressage,Para-dressage,para-dressage-individual-freestyle-tests-grade-iii,Para Dressage Individual Freestyle Tests Grade III,mixed,1,gold,athlete,Hannelore Brenner,Germany,DEU,https://en.wikipedia.org/wiki/2010_FEI_World_Equestrian_Games
fei_world_championships,FEI World Championships,FEI World Equestrian Games,2010,2010-12-31,equestrian-para-dressage,Para-dressage,para-dressage-individual-freestyle-tests-grade-iii,Para Dressage Individual Freestyle Tests Grade III,mixed,2,silver,athlete,Annika Lykke Dalskov,Denmark,DNK,https://en.wikipedia.org/wiki/2010_FEI_World_Equestrian_Games
fei_world_championships,FEI World Championships,FEI World Equestrian Games,2010,2010-12-31,equestrian-para-dressage,Para-dressage,para-dressage-individual-freestyle-tests-grade-iii,Para Dressage Individual Freestyle Tests Grade III,mixed,3,bronze,athlete,Sharon Jarvis,Australia,AUS,https://en.wikipedia.org/wiki/2010_FEI_World_Equestrian_Games
fei_world_championships,FEI World Championships,FEI World Equestrian Games,2010,2010-12-31,equestrian-para-dressage,Para-dressage,para-dressage-individual-freestyle-tests-grade-iv,Para Dressage Individual Freestyle Tests Grade IV,mixed,1,gold,athlete,Sophie Wells,United Kingdom,GBR,https://en.wikipedia.org/wiki/2010_FEI_World_Equestrian_Games
fei_world_championships,FEI World Championships,FEI World Equestrian Games,2010,2010-12-31,equestrian-para-dressage,Para-dressage,para-dressage-individual-freestyle-tests-grade-iv,Para Dressage Individual Freestyle Tests Grade IV,mixed,2,silver,athlete,Michele George,Belgium,BEL,https://en.wikipedia.org/wiki/2010_FEI_World_Equestrian_Games
fei_world_championships,FEI World Championships,FEI World Equestrian Games,2010,2010-12-31,equestrian-para-dressage,Para-dressage,para-dressage-individual-freestyle-tests-grade-iv,Para Dressage Individual Freestyle Tests Grade IV,mixed,3,bronze,athlete,Frank Hosmar,Netherlands,NLD,https://en.wikipedia.org/wiki/2010_FEI_World_Equestrian_Games
fei_world_championships,FEI World Championships,FEI World Equestrian Games,2010,2010-12-31,equestrian-reining,Reining,reining-individual,Reining Individual,mixed,1,gold,athlete,Tom McCutcheon,United States,USA,https://en.wikipedia.org/wiki/2010_FEI_World_Equestrian_Games
fei_world_championships,FEI World Championships,FEI World Equestrian Games,2010,2010-12-31,equestrian-reining,Reining,reining-individual,Reining Individual,mixed,2,silver,athlete,Craig Schmersal,United States,USA,https://en.wikipedia.org/wiki/2010_FEI_World_Equestrian_Games
fei_world_championships,FEI World Championships,FEI World Equestrian Games,2010,2010-12-31,equestrian-reining,Reining,reining-individual,Reining Individual,mixed,3,bronze,athlete,Duane Latimer,Canada,CAN,https://en.wikipedia.org/wiki/2010_FEI_World_Equestrian_Games
fei_world_championships,FEI World Championships,FEI World Equestrian Games,2010,2010-12-31,equestrian-reining,Reining,reining-team,Reining Team,mixed,1,gold,team,United States,United States,USA,https://en.wikipedia.org/wiki/2010_FEI_World_Equestrian_Games
fei_world_championships,FEI World Championships,FEI World Equestrian Games,2010,2010-12-31,equestrian-reining,Reining,reining-team,Reining Team,mixed,2,silver,team,Belgium,Belgium,BEL,https://en.wikipedia.org/wiki/2010_FEI_World_Equestrian_Games
fei_world_championships,FEI World Championships,FEI World Equestrian Games,2010,2010-12-31,equestrian-reining,Reining,reining-team,Reining Team,mixed,3,bronze,team,Italy,Italy,ITA,https://en.wikipedia.org/wiki/2010_FEI_World_Equestrian_Games
fei_world_championships,FEI World Championships,FEI World Equestrian Games,2010,2010-12-31,equestrian-vaulting,Vaulting,vaulting-individual-female,Vaulting Individual Female,women,1,gold,athlete,Joanne Eccles,United Kingdom,GBR,https://en.wikipedia.org/wiki/2010_FEI_World_Equestrian_Games
fei_world_championships,FEI World Championships,FEI World Equestrian Games,2010,2010-12-31,equestrian-vaulting,Vaulting,vaulting-individual-female,Vaulting Individual Female,women,2,silver,athlete,Antje Hill,Germany,DEU,https://en.wikipedia.org/wiki/2010_FEI_World_Equestrian_Games
fei_world_championships,FEI World Championships,FEI World Equestrian Games,2010,2010-12-31,equestrian-vaulting,Vaulting,vaulting-individual-female,Vaulting Individual Female,women,3,bronze,athlete,Simone Wiegele,Germany,DEU,https://en.wikipedia.org/wiki/2010_FEI_World_Equestrian_Games
fei_world_championships,FEI World Championships,FEI World Equestrian Games,2010,2010-12-31,equestrian-vaulting,Vaulting,vaulting-individual-male,Vaulting Individual Male,men,1,gold,athlete,Patric Looser,Switzerland,CHE,https://en.wikipedia.org/wiki/2010_FEI_World_Equestrian_Games
fei_world_championships,FEI World Championships,FEI World Equestrian Games,2010,2010-12-31,equestrian-vaulting,Vaulting,vaulting-individual-male,Vaulting Individual Male,men,2,silver,athlete,Kai Vorberg,Germany,DEU,https://en.wikipedia.org/wiki/2010_FEI_World_Equestrian_Games
fei_world_championships,FEI World Championships,FEI World Equestrian Games,2010,2010-12-31,equestrian-vaulting,Vaulting,vaulting-individual-male,Vaulting Individual Male,men,3,bronze,athlete,Nicolas Andreani,France,FRA,https://en.wikipedia.org/wiki/2010_FEI_World_Equestrian_Games
fei_world_championships,FEI World Championships,FEI World Equestrian Games,2010,2010-12-31,equestrian-vaulting,Vaulting,vaulting-squad,Vaulting Squad,mixed,1,gold,team,United States,United States,USA,https://en.wikipedia.org/wiki/2010_FEI_World_Equestrian_Games
fei_world_championships,FEI World Championships,FEI World Equestrian Games,2010,2010-12-31,equestrian-vaulting,Vaulting,vaulting-squad,Vaulting Squad,mixed,2,silver,team,Germany,Germany,DEU,https://en.wikipedia.org/wiki/2010_FEI_World_Equestrian_Games
fei_world_championships,FEI World Championships,FEI World Equestrian Games,2010,2010-12-31,equestrian-vaulting,Vaulting,vaulting-squad,Vaulting Squad,mixed,3,bronze,team,Austria,Austria,AUT,https://en.wikipedia.org/wiki/2010_FEI_World_Equestrian_Games
fei_world_championships,FEI World Championships,FEI World Equestrian Games,2014,2014-12-31,equestrian-dressage-equestrian,Equestrian Dressage (Equestrian),individual-freestyle-dressage,Individual freestyle dressage,mixed,1,gold,athlete,Charlotte Dujardin,United Kingdom,GBR,https://en.wikipedia.org/wiki/2014_FEI_World_Equestrian_Games
fei_world_championships,FEI World Championships,FEI World Equestrian Games,2014,2014-12-31,equestrian-dressage-equestrian,Equestrian Dressage (Equestrian),individual-freestyle-dressage,Individual freestyle dressage,mixed,2,silver,athlete,Helen Langehanenberg,Germany,DEU,https://en.wikipedia.org/wiki/2014_FEI_World_Equestrian_Games
fei_world_championships,FEI World Championships,FEI World Equestrian Games,2014,2014-12-31,equestrian-dressage-equestrian,Equestrian Dressage (Equestrian),individual-freestyle-dressage,Individual freestyle dressage,mixed,3,bronze,athlete,Adelinde Cornelissen,Netherlands,NLD,https://en.wikipedia.org/wiki/2014_FEI_World_Equestrian_Games
fei_world_championships,FEI World Championships,FEI World Equestrian Games,2014,2014-12-31,equestrian-dressage-equestrian,Equestrian Dressage (Equestrian),individual-special-dressage,Individual special dressage,mixed,1,gold,athlete,Charlotte Dujardin,United Kingdom,GBR,https://en.wikipedia.org/wiki/2014_FEI_World_Equestrian_Games
fei_world_championships,FEI World Championships,FEI World Equestrian Games,2014,2014-12-31,equestrian-dressage-equestrian,Equestrian Dressage (Equestrian),individual-special-dressage,Individual special dressage,mixed,2,silver,athlete,Helen Langehanenberg,Germany,DEU,https://en.wikipedia.org/wiki/2014_FEI_World_Equestrian_Games
fei_world_championships,FEI World Championships,FEI World Equestrian Games,2014,2014-12-31,equestrian-dressage-equestrian,Equestrian Dressage (Equestrian),individual-special-dressage,Individual special dressage,mixed,3,bronze,athlete,Kristina Sprehe,Germany,DEU,https://en.wikipedia.org/wiki/2014_FEI_World_Equestrian_Games
fei_world_championships,FEI World Championships,FEI World Equestrian Games,2014,2014-12-31,equestrian-dressage-equestrian,Equestrian Dressage (Equestrian),team-dressage,Team dressage,mixed,1,gold,team,Germany,Germany,DEU,https://en.wikipedia.org/wiki/2014_FEI_World_Equestrian_Games
fei_world_championships,FEI World Championships,FEI World Equestrian Games,2014,2014-12-31,equestrian-dressage-equestrian,Equestrian Dressage (Equestrian),team-dressage,Team dressage,mixed,2,silver,team,United Kingdom,United Kingdom,GBR,https://en.wikipedia.org/wiki/2014_FEI_World_Equestrian_Games
fei_world_championships,FEI World Championships,FEI World Equestrian Games,2014,2014-12-31,equestrian-dressage-equestrian,Equestrian Dressage (Equestrian),team-dressage,Team dressage,mixed,3,bronze,team,Netherlands,Netherlands,NLD,https://en.wikipedia.org/wiki/2014_FEI_World_Equestrian_Games
fei_world_championships,FEI World Championships,FEI World Equestrian Games,2014,2014-12-31,equestrian-driving,Driving,individual-driving,Individual driving,mixed,1,gold,athlete,Boyd Exell,Australia,AUS,https://en.wikipedia.org/wiki/2014_FEI_World_Equestrian_Games
fei_world_championships,FEI World Championships,FEI World Equestrian Games,2014,2014-12-31,equestrian-driving,Driving,individual-driving,Individual driving,mixed,2,silver,athlete,Chester Weber,United States,USA,https://en.wikipedia.org/wiki/2014_FEI_World_Equestrian_Games
fei_world_championships,FEI World Championships,FEI World Equestrian Games,2014,2014-12-31,equestrian-driving,Driving,individual-driving,Individual driving,mixed,3,bronze,athlete,Theo Timmerman,Netherlands,NLD,https://en.wikipedia.org/wiki/2014_FEI_World_Equestrian_Games
fei_world_championships,FEI World Championships,FEI World Equestrian Games,2014,2014-12-31,equestrian-driving,Driving,team-driving,Team driving,mixed,1,gold,team,Netherlands,Netherlands,NLD,https://en.wikipedia.org/wiki/2014_FEI_World_Equestrian_Games
fei_world_championships,FEI World Championships,FEI World Equestrian Games,2014,2014-12-31,equestrian-driving,Driving,team-driving,Team driving,mixed,2,silver,team,Germany,Germany,DEU,https://en.wikipedia.org/wiki/2014_FEI_World_Equestrian_Games
fei_world_championships,FEI World Championships,FEI World Equestrian Games,2014,2014-12-31,equestrian-driving,Driving,team-driving,Team driving,mixed,3,bronze,team,Hungary,Hungary,HUN,https://en.wikipedia.org/wiki/2014_FEI_World_Equestrian_Games
fei_world_championships,FEI World Championships,FEI World Equestrian Games,2014,2014-12-31,equestrian-endurance,Endurance,individual-endurance,Individual endurance,mixed,1,gold,athlete,Hamdan bin Mohammed Al Maktoum,United Arab Emirates,ARE,https://en.wikipedia.org/wiki/2014_FEI_World_Equestrian_Games
fei_world_championships,FEI World Championships,FEI World Equestrian Games,2014,2014-12-31,equestrian-endurance,Endurance,individual-endurance,Individual endurance,mixed,2,silver,athlete,Marijke Visser on Laiza de Jalima,Netherlands,NLD,https://en.wikipedia.org/wiki/2014_FEI_World_Equestrian_Games
fei_world_championships,FEI World Championships,FEI World Equestrian Games,2014,2014-12-31,equestrian-endurance,Endurance,individual-endurance,Individual endurance,mixed,3,bronze,athlete,Abdulrahman Al Sulaiteen on Koheilan Kincso,Qatar,QAT,https://en.wikipedia.org/wiki/2014_FEI_World_Equestrian_Games
fei_world_championships,FEI World Championships,FEI World Equestrian Games,2014,2014-12-31,equestrian-endurance,Endurance,team-endurance,Team endurance,mixed,1,gold,team,Spain,Spain,ESP,https://en.wikipedia.org/wiki/2014_FEI_World_Equestrian_Games
fei_world_championships,FEI World Championships,FEI World Equestrian Games,2014,2014-12-31,equestrian-endurance,Endurance,team-endurance,Team endurance,mixed,2,silver,team,France,France,FRA,https://en.wikipedia.org/wiki/2014_FEI_World_Equestrian_Games
fei_world_championships,FEI World Championships,FEI World Equestrian Games,2014,2014-12-31,equestrian-endurance,Endurance,team-endurance,Team endurance,mixed,3,bronze,team,Switzerland,Switzerland,CHE,https://en.wikipedia.org/wiki/2014_FEI_World_Equestrian_Games
fei_world_championships,FEI World Championships,FEI World Equestrian Games,2014,2014-12-31,equestrian-eventing-equestrian,Equestrian Eventing (Equestrian),individual-eventing,Individual eventing,mixed,1,gold,athlete,Sandra Auffarth,Germany,DEU,https://en.wikipedia.org/wiki/2014_FEI_World_Equestrian_Games
fei_world_championships,FEI World Championships,FEI World Equestrian Games,2014,2014-12-31,equestrian-eventing-equestrian,Equestrian Eventing (Equestrian),individual-eventing,Individual eventing,mixed,2,silver,athlete,Michael Jung,Germany,DEU,https://en.wikipedia.org/wiki/2014_FEI_World_Equestrian_Games
fei_world_championships,FEI World Championships,FEI World Equestrian Games,2014,2014-12-31,equestrian-eventing-equestrian,Equestrian Eventing (Equestrian),individual-eventing,Individual eventing,mixed,3,bronze,athlete,William Fox-Pitt,United Kingdom,GBR,https://en.wikipedia.org/wiki/2014_FEI_World_Equestrian_Games
fei_world_championships,FEI World Championships,FEI World Equestrian Games,2014,2014-12-31,equestrian-eventing-equestrian,Equestrian Eventing (Equestrian),team-eventing,Team eventing,mixed,1,gold,team,Germany,Germany,DEU,https://en.wikipedia.org/wiki/2014_FEI_World_Equestrian_Games
fei_world_championships,FEI World Championships,FEI World Equestrian Games,2014,2014-12-31,equestrian-eventing-equestrian,Equestrian Eventing (Equestrian),team-eventing,Team eventing,mixed,2,silver,team,United Kingdom,United Kingdom,GBR,https://en.wikipedia.org/wiki/2014_FEI_World_Equestrian_Games
fei_world_championships,FEI World Championships,FEI World Equestrian Games,2014,2014-12-31,equestrian-eventing-equestrian,Equestrian Eventing (Equestrian),team-eventing,Team eventing,mixed,3,bronze,team,Netherlands,Netherlands,NLD,https://en.wikipedia.org/wiki/2014_FEI_World_Equestrian_Games
fei_world_championships,FEI World Championships,FEI World Equestrian Games,2014,2014-12-31,equestrian-jumping-equestrian,Equestrian Jumping (Equestrian),individual-jumping,Individual jumping,mixed,1,gold,athlete,Jeroen Dubbeldam,Netherlands,NLD,https://en.wikipedia.org/wiki/2014_FEI_World_Equestrian_Games
fei_world_championships,FEI World Championships,FEI World Equestrian Games,2014,2014-12-31,equestrian-jumping-equestrian,Equestrian Jumping (Equestrian),individual-jumping,Individual jumping,mixed,2,silver,athlete,Patrice Delaveau,France,FRA,https://en.wikipedia.org/wiki/2014_FEI_World_Equestrian_Games
fei_world_championships,FEI World Championships,FEI World Equestrian Games,2014,2014-12-31,equestrian-jumping-equestrian,Equestrian Jumping (Equestrian),individual-jumping,Individual jumping,mixed,3,bronze,athlete,Beezie Madden,United States,USA,https://en.wikipedia.org/wiki/2014_FEI_World_Equestrian_Games
fei_world_championships,FEI World Championships,FEI World Equestrian Games,2014,2014-12-31,equestrian-jumping-equestrian,Equestrian Jumping (Equestrian),team-jumping,Team jumping,mixed,1,gold,team,Netherlands,Netherlands,NLD,https://en.wikipedia.org/wiki/2014_FEI_World_Equestrian_Games
fei_world_championships,FEI World Championships,FEI World Equestrian Games,2014,2014-12-31,equestrian-jumping-equestrian,Equestrian Jumping (Equestrian),team-jumping,Team jumping,mixed,2,silver,team,France,France,FRA,https://en.wikipedia.org/wiki/2014_FEI_World_Equestrian_Games
fei_world_championships,FEI World Championships,FEI World Equestrian Games,2014,2014-12-31,equestrian-jumping-equestrian,Equestrian Jumping (Equestrian),team-jumping,Team jumping,mixed,3,bronze,team,United States,United States,USA,https://en.wikipedia.org/wiki/2014_FEI_World_Equestrian_Games
fei_world_championships,FEI World Championships,FEI World Equestrian Games,2014,2014-12-31,equestrian-para-dressage,Para-dressage,individual-para-dressage-championship-test-grade-ia,Individual para-dressage championship test grade Ia,mixed,1,gold,athlete,Sophie Christiansen,United Kingdom,GBR,https://en.wikipedia.org/wiki/2014_FEI_World_Equestrian_Games
fei_world_championships,FEI World Championships,FEI World Equestrian Games,2014,2014-12-31,equestrian-para-dressage,Para-dressage,individual-para-dressage-championship-test-grade-ia,Individual para-dressage championship test grade Ia,mixed,2,silver,athlete,Sara Morganti,Italy,ITA,https://en.wikipedia.org/wiki/2014_FEI_World_Equestrian_Games
fei_world_championships,FEI World Championships,FEI World Equestrian Games,2014,2014-12-31,equestrian-para-dressage,Para-dressage,individual-para-dressage-championship-test-grade-ia,Individual para-dressage championship test grade Ia,mixed,3,bronze,athlete,Laurentia Tan,Singapore,SGP,https://en.wikipedia.org/wiki/2014_FEI_World_Equestrian_Games
fei_world_championships,FEI World Championships,FEI World Equestrian Games,2014,2014-12-31,equestrian-para-dressage,Para-dressage,individual-para-dressage-championship-test-grade-ib,Individual para-dressage championship test grade Ib,mixed,1,gold,athlete,Lee Pearson,United Kingdom,GBR,https://en.wikipedia.org/wiki/2014_FEI_World_Equestrian_Games
fei_world_championships,FEI World Championships,FEI World Equestrian Games,2014,2014-12-31,equestrian-para-dressage,Para-dressage,individual-para-dressage-championship-test-grade-ib,Individual para-dressage championship test grade Ib,mixed,2,silver,athlete,Pepo Puch,Austria,AUT,https://en.wikipedia.org/wiki/2014_FEI_World_Equestrian_Games
fei_world_championships,FEI World Championships,FEI World Equestrian Games,2014,2014-12-31,equestrian-para-dressage,Para-dressage,individual-para-dressage-championship-test-grade-ib,Individual para-dressage championship test grade Ib,mixed,3,bronze,athlete,Nicole den Dulk,Netherlands,NLD,https://en.wikipedia.org/wiki/2014_FEI_World_Equestrian_Games
fei_world_championships,FEI World Championships,FEI World Equestrian Games,2014,2014-12-31,equestrian-para-dressage,Para-dressage,individual-para-dressage-championship-test-grade-ii,Individual para-dressage championship test grade II,mixed,1,gold,athlete,Rixt van der Horst on Uniek,Netherlands,NLD,https://en.wikipedia.org/wiki/2014_FEI_World_Equestrian_Games
fei_world_championships,FEI World Championships,FEI World Equestrian Games,2014,2014-12-31,equestrian-para-dressage,Para-dressage,individual-para-dressage-championship-test-grade-ii,Individual para-dressage championship test grade II,mixed,2,silver,athlete,Natasha Baker,United Kingdom,GBR,https://en.wikipedia.org/wiki/2014_FEI_World_Equestrian_Games
fei_world_championships,FEI World Championships,FEI World Equestrian Games,2014,2014-12-31,equestrian-para-dressage,Para-dressage,individual-para-dressage-championship-test-grade-ii,Individual para-dressage championship test grade II,mixed,3,bronze,athlete,Lauren Barwick,Canada,CAN,https://en.wikipedia.org/wiki/2014_FEI_World_Equestrian_Games
fei_world_championships,FEI World Championships,FEI World Equestrian Games,2014,2014-12-31,equestrian-para-dressage,Para-dressage,individual-para-dressage-championship-test-grade-iii,Individual para-dressage championship test grade III,mixed,1,gold,athlete,Hannelore Brenner,Germany,DEU,https://en.wikipedia.org/wiki/2014_FEI_World_Equestrian_Games
fei_world_championships,FEI World Championships,FEI World Equestrian Games,2014,2014-12-31,equestrian-para-dressage,Para-dressage,individual-para-dressage-championship-test-grade-iii,Individual para-dressage championship test grade III,mixed,2,silver,athlete,Sanne Voets,Netherlands,NLD,https://en.wikipedia.org/wiki/2014_FEI_World_Equestrian_Games
fei_world_championships,FEI World Championships,FEI World Equestrian Games,2014,2014-12-31,equestrian-para-dressage,Para-dressage,individual-para-dressage-championship-test-grade-iii,Individual para-dressage championship test grade III,mixed,3,bronze,athlete,Susanne Jensby Sunesen on Thy's Que Faire,Denmark,DNK,https://en.wikipedia.org/wiki/2014_FEI_World_Equestrian_Games
fei_world_championships,FEI World Championships,FEI World Equestrian Games,2014,2014-12-31,equestrian-para-dressage,Para-dressage,individual-para-dressage-championship-test-grade-iv,Individual para-dressage championship test grade IV,mixed,1,gold,athlete,Michèle George,Belgium,BEL,https://en.wikipedia.org/wiki/2014_FEI_World_Equestrian_Games
fei_world_championships,FEI World Championships,FEI World Equestrian Games,2014,2014-12-31,equestrian-para-dressage,Para-dressage,individual-para-dressage-championship-test-grade-iv,Individual para-dressage championship test grade IV,mixed,2,silver,athlete,Sophie Wells,United Kingdom,GBR,https://en.wikipedia.org/wiki/2014_FEI_World_Equestrian_Games
fei_world_championships,FEI World Championships,FEI World Equestrian Games,2014,2014-12-31,equestrian-para-dressage,Para-dressage,individual-para-dressage-championship-test-grade-iv,Individual para-dressage championship test grade IV,mixed,3,bronze,athlete,Frank Hosmar,Netherlands,NLD,https://en.wikipedia.org/wiki/2014_FEI_World_Equestrian_Games
fei_world_championships,FEI World Championships,FEI World Equestrian Games,2014,2014-12-31,equestrian-para-dressage,Para-dressage,individual-para-dressage-freestyle-test-grade-ia,Individual para-dressage freestyle test grade Ia,mixed,1,gold,athlete,Sara Morganti,Italy,ITA,https://en.wikipedia.org/wiki/2014_FEI_World_Equestrian_Games
fei_world_championships,FEI World Championships,FEI World Equestrian Games,2014,2014-12-31,equestrian-para-dressage,Para-dressage,individual-para-dressage-freestyle-test-grade-ia,Individual para-dressage freestyle test grade Ia,mixed,2,silver,athlete,Sophie Christiansen,United Kingdom,GBR,https://en.wikipedia.org/wiki/2014_FEI_World_Equestrian_Games
fei_world_championships,FEI World Championships,FEI World Equestrian Games,2014,2014-12-31,equestrian-para-dressage,Para-dressage,individual-para-dressage-freestyle-test-grade-ia,Individual para-dressage freestyle test grade Ia,mixed,3,bronze,athlete,Elke Philipp,Germany,DEU,https://en.wikipedia.org/wiki/2014_FEI_World_Equestrian_Games
fei_world_championships,FEI World Championships,FEI World Equestrian Games,2014,2014-12-31,equestrian-para-dressage,Para-dressage,individual-para-dressage-freestyle-test-grade-ib,Individual para-dressage freestyle test grade Ib,mixed,1,gold,athlete,Lee Pearson,United Kingdom,GBR,https://en.wikipedia.org/wiki/2014_FEI_World_Equestrian_Games
fei_world_championships,FEI World Championships,FEI World Equestrian Games,2014,2014-12-31,equestrian-para-dressage,Para-dressage,individual-para-dressage-freestyle-test-grade-ib,Individual para-dressage freestyle test grade Ib,mixed,2,silver,athlete,Pepo Puch,Austria,AUT,https://en.wikipedia.org/wiki/2014_FEI_World_Equestrian_Games
fei_world_championships,FEI World Championships,FEI World Equestrian Games,2014,2014-12-31,equestrian-para-dressage,Para-dressage,individual-para-dressage-freestyle-test-grade-ib,Individual para-dressage freestyle test grade Ib,mixed,3,bronze,athlete,Nicole den Dulk,Netherlands,NLD,https://en.wikipedia.org/wiki/2014_FEI_World_Equestrian_Games
fei_world_championships,FEI World Championships,FEI World Equestrian Games,2014,2014-12-31,equestrian-para-dressage,Para-dressage,individual-para-dressage-freestyle-test-grade-ii,Individual para-dressage freestyle test grade II,mixed,1,gold,athlete,Rixt van der Horst on Uniek,Netherlands,NLD,https://en.wikipedia.org/wiki/2014_FEI_World_Equestrian_Games
fei_world_championships,FEI World Championships,FEI World Equestrian Games,2014,2014-12-31,equestrian-para-dressage,Para-dressage,individual-para-dressage-freestyle-test-grade-ii,Individual para-dressage freestyle test grade II,mixed,2,silver,athlete,Lauren Barwick,Canada,CAN,https://en.wikipedia.org/wiki/2014_FEI_World_Equestrian_Games
fei_world_championships,FEI World Championships,FEI World Equestrian Games,2014,2014-12-31,equestrian-para-dressage,Para-dressage,individual-para-dressage-freestyle-test-grade-ii,Individual para-dressage freestyle test grade II,mixed,3,bronze,athlete,Demi Vermeulen,Netherlands,NLD,https://en.wikipedia.org/wiki/2014_FEI_World_Equestrian_Games
fei_world_championships,FEI World Championships,FEI World Equestrian Games,2014,2014-12-31,equestrian-para-dressage,Para-dressage,individual-para-dressage-freestyle-test-grade-iii,Individual para-dressage freestyle test grade III,mixed,1,gold,athlete,Sanne Voets,Netherlands,NLD,https://en.wikipedia.org/wiki/2014_FEI_World_Equestrian_Games
fei_world_championships,FEI World Championships,FEI World Equestrian Games,2014,2014-12-31,equestrian-para-dressage,Para-dressage,individual-para-dressage-freestyle-test-grade-iii,Individual para-dressage freestyle test grade III,mixed,2,silver,athlete,Hannelore Brenner,Germany,DEU,https://en.wikipedia.org/wiki/2014_FEI_World_Equestrian_Games
fei_world_championships,FEI World Championships,FEI World Equestrian Games,2014,2014-12-31,equestrian-para-dressage,Para-dressage,individual-para-dressage-freestyle-test-grade-iii,Individual para-dressage freestyle test grade III,mixed,3,bronze,athlete,Annika Lykke Risum on Aros A Ferris,Denmark,DNK,https://en.wikipedia.org/wiki/2014_FEI_World_Equestrian_Games
fei_world_championships,FEI World Championships,FEI World Equestrian Games,2014,2014-12-31,equestrian-para-dressage,Para-dressage,individual-para-dressage-freestyle-test-grade-iv,Individual para-dressage freestyle test grade IV,mixed,1,gold,athlete,Michèle George,Belgium,BEL,https://en.wikipedia.org/wiki/2014_FEI_World_Equestrian_Games
fei_world_championships,FEI World Championships,FEI World Equestrian Games,2014,2014-12-31,equestrian-para-dressage,Para-dressage,individual-para-dressage-freestyle-test-grade-iv,Individual para-dressage freestyle test grade IV,mixed,2,silver,athlete,Sophie Wells,United Kingdom,GBR,https://en.wikipedia.org/wiki/2014_FEI_World_Equestrian_Games
fei_world_championships,FEI World Championships,FEI World Equestrian Games,2014,2014-12-31,equestrian-para-dressage,Para-dressage,individual-para-dressage-freestyle-test-grade-iv,Individual para-dressage freestyle test grade IV,mixed,3,bronze,athlete,Frank Hosmar,Netherlands,NLD,https://en.wikipedia.org/wiki/2014_FEI_World_Equestrian_Games
fei_world_championships,FEI World Championships,FEI World Equestrian Games,2014,2014-12-31,equestrian-para-dressage,Para-dressage,team-para-dressage,Team para-dressage,mixed,1,gold,team,United Kingdom,United Kingdom,GBR,https://en.wikipedia.org/wiki/2014_FEI_World_Equestrian_Games
fei_world_championships,FEI World Championships,FEI World Equestrian Games,2014,2014-12-31,equestrian-para-dressage,Para-dressage,team-para-dressage,Team para-dressage,mixed,2,silver,team,Netherlands,Netherlands,NLD,https://en.wikipedia.org/wiki/2014_FEI_World_Equestrian_Games
fei_world_championships,FEI World Championships,FEI World Equestrian Games,2014,2014-12-31,equestrian-para-dressage,Para-dressage,team-para-dressage,Team para-dressage,mixed,3,bronze,team,Germany,Germany,DEU,https://en.wikipedia.org/wiki/2014_FEI_World_Equestrian_Games
fei_world_championships,FEI World Championships,FEI World Equestrian Games,2014,2014-12-31,equestrian-reining,Reining,individual-reining,Individual reining,mixed,1,gold,athlete,Shawn Flarida,United States,USA,https://en.wikipedia.org/wiki/2014_FEI_World_Equestrian_Games
fei_world_championships,FEI World Championships,FEI World Equestrian Games,2014,2014-12-31,equestrian-reining,Reining,individual-reining,Individual reining,mixed,2,silver,athlete,Andrea Fappani,United States,USA,https://en.wikipedia.org/wiki/2014_FEI_World_Equestrian_Games
fei_world_championships,FEI World Championships,FEI World Equestrian Games,2014,2014-12-31,equestrian-reining,Reining,individual-reining,Individual reining,mixed,3,bronze,athlete,Mandy McCutcheon,United States,USA,https://en.wikipedia.org/wiki/2014_FEI_World_Equestrian_Games
fei_world_championships,FEI World Championships,FEI World Equestrian Games,2014,2014-12-31,equestrian-reining,Reining,team-reining,Team reining,mixed,1,gold,team,United States,United States,USA,https://en.wikipedia.org/wiki/2014_FEI_World_Equestrian_Games
fei_world_championships,FEI World Championships,FEI World Equestrian Games,2014,2014-12-31,equestrian-reining,Reining,team-reining,Team reining,mixed,2,silver,team,Belgium,Belgium,BEL,https://en.wikipedia.org/wiki/2014_FEI_World_Equestrian_Games
fei_world_championships,FEI World Championships,FEI World Equestrian Games,2014,2014-12-31,equestrian-reining,Reining,team-reining,Team reining,mixed,3,bronze,team,Austria,Austria,AUT,https://en.wikipedia.org/wiki/2014_FEI_World_Equestrian_Games
fei_world_championships,FEI World Championships,FEI World Equestrian Games,2014,2014-12-31,equestrian-vaulting,Vaulting,men-vaulting,Men's vaulting,men,1,gold,athlete,Jacques Ferrari on Poivre Vert lunged by François Athimon,France,FRA,https://en.wikipedia.org/wiki/2014_FEI_World_Equestrian_Games
fei_world_championships,FEI World Championships,FEI World Equestrian Games,2014,2014-12-31,equestrian-vaulting,Vaulting,men-vaulting,Men's vaulting,men,2,silver,athlete,Nicholas Andreani on Just a Kiss HN lunged by Marina Joosten Dupon,France,FRA,https://en.wikipedia.org/wiki/2014_FEI_World_Equestrian_Games
fei_world_championships,FEI World Championships,FEI World Equestrian Games,2014,2014-12-31,equestrian-vaulting,Vaulting,men-vaulting,Men's vaulting,men,3,bronze,athlete,Erik Oese on Calvador lunged by Andreas Bassler,Germany,DEU,https://en.wikipedia.org/wiki/2014_FEI_World_Equestrian_Games
fei_world_championships,FEI World Championships,FEI World Equestrian Games,2014,2014-12-31,equestrian-vaulting,Vaulting,pas-de-deux-vaulting,Pas-de-deux vaulting,mixed,1,gold,team,Austria,Austria,AUT,https://en.wikipedia.org/wiki/2014_FEI_World_Equestrian_Games
fei_world_championships,FEI World Championships,FEI World Equestrian Games,2014,2014-12-31,equestrian-vaulting,Vaulting,pas-de-deux-vaulting,Pas-de-deux vaulting,mixed,2,silver,team,Germany,Germany,DEU,https://en.wikipedia.org/wiki/2014_FEI_World_Equestrian_Games
fei_world_championships,FEI World Championships,FEI World Equestrian Games,2014,2014-12-31,equestrian-vaulting,Vaulting,pas-de-deux-vaulting,Pas-de-deux vaulting,mixed,3,bronze,team,Joanne Eccles,United Kingdom,GBR,https://en.wikipedia.org/wiki/2014_FEI_World_Equestrian_Games
fei_world_championships,FEI World Championships,FEI World Equestrian Games,2014,2014-12-31,equestrian-vaulting,Vaulting,squad-vaulting,Squad vaulting,mixed,1,gold,team,Germany,Germany,DEU,https://en.wikipedia.org/wiki/2014_FEI_World_Equestrian_Games
fei_world_championships,FEI World Championships,FEI World Equestrian Games,2014,2014-12-31,equestrian-vaulting,Vaulting,squad-vaulting,Squad vaulting,mixed,2,silver,team,Switzerland,Switzerland,CHE,https://en.wikipedia.org/wiki/2014_FEI_World_Equestrian_Games
fei_world_championships,FEI World Championships,FEI World Equestrian Games,2014,2014-12-31,equestrian-vaulting,Vaulting,squad-vaulting,Squad vaulting,mixed,3,bronze,team,France,France,FRA,https://en.wikipedia.org/wiki/2014_FEI_World_Equestrian_Games
fei_world_championships,FEI World Championships,FEI World Equestrian Games,2014,2014-12-31,equestrian-vaulting,Vaulting,women-vaulting,Women's vaulting,women,1,gold,athlete,Joanne Eccles,United Kingdom,GBR,https://en.wikipedia.org/wiki/2014_FEI_World_Equestrian_Games
fei_world_championships,FEI World Championships,FEI World Equestrian Games,2014,2014-12-31,equestrian-vaulting,Vaulting,women-vaulting,Women's vaulting,women,2,silver,athlete,Anna Cavallaro on Harley lunged by Nelson Vidoni,Italy,ITA,https://en.wikipedia.org/wiki/2014_FEI_World_Equestrian_Games
fei_world_championships,FEI World Championships,FEI World Equestrian Games,2014,2014-12-31,equestrian-vaulting,Vaulting,women-vaulting,Women's vaulting,women,3,bronze,athlete,Simone Jaiser on Luk lunged by Rita Blieske,Switzerland,CHE,https://en.wikipedia.org/wiki/2014_FEI_World_Equestrian_Games
fei_world_championships,FEI World Championships,FEI World Equestrian Games,2018,2018-12-31,equestrian-dressage-equestrian,Equestrian Dressage (Equestrian),individual-driving,Individual driving,mixed,1,gold,athlete,Boyd Exell,Australia,AUS,https://en.wikipedia.org/wiki/2018_FEI_World_Equestrian_Games
fei_world_championships,FEI World Championships,FEI World Equestrian Games,2018,2018-12-31,equestrian-dressage-equestrian,Equestrian Dressage (Equestrian),individual-driving,Individual driving,mixed,2,silver,athlete,Chester Weber,United States,USA,https://en.wikipedia.org/wiki/2018_FEI_World_Equestrian_Games
fei_world_championships,FEI World Championships,FEI World Equestrian Games,2018,2018-12-31,equestrian-dressage-equestrian,Equestrian Dressage (Equestrian),individual-driving,Individual driving,mixed,3,bronze,athlete,Edouard Simonet,Belgium,BEL,https://en.wikipedia.org/wiki/2018_FEI_World_Equestrian_Games
fei_world_championships,FEI World Championships,FEI World Equestrian Games,2018,2018-12-31,equestrian-dressage-equestrian,Equestrian Dressage (Equestrian),individual-special-dressage,Individual special dressage,mixed,1,gold,athlete,Isabell Werth,Germany,DEU,https://en.wikipedia.org/wiki/2018_FEI_World_Equestrian_Games
fei_world_championships,FEI World Championships,FEI World Equestrian Games,2018,2018-12-31,equestrian-dressage-equestrian,Equestrian Dressage (Equestrian),individual-special-dressage,Individual special dressage,mixed,2,silver,athlete,Laura Graves,United States,USA,https://en.wikipedia.org/wiki/2018_FEI_World_Equestrian_Games
fei_world_championships,FEI World Championships,FEI World Equestrian Games,2018,2018-12-31,equestrian-dressage-equestrian,Equestrian Dressage (Equestrian),individual-special-dressage,Individual special dressage,mixed,3,bronze,athlete,Charlotte Dujardin,United Kingdom,GBR,https://en.wikipedia.org/wiki/2018_FEI_World_Equestrian_Games
fei_world_championships,FEI World Championships,FEI World Equestrian Games,2018,2018-12-31,equestrian-dressage-equestrian,Equestrian Dressage (Equestrian),team-dressage,Team dressage,mixed,1,gold,team,Germany,Germany,DEU,https://en.wikipedia.org/wiki/2018_FEI_World_Equestrian_Games
fei_world_championships,FEI World Championships,FEI World Equestrian Games,2018,2018-12-31,equestrian-dressage-equestrian,Equestrian Dressage (Equestrian),team-dressage,Team dressage,mixed,2,silver,team,United States,United States,USA,https://en.wikipedia.org/wiki/2018_FEI_World_Equestrian_Games
fei_world_championships,FEI World Championships,FEI World Equestrian Games,2018,2018-12-31,equestrian-dressage-equestrian,Equestrian Dressage (Equestrian),team-dressage,Team dressage,mixed,3,bronze,team,United Kingdom,United Kingdom,GBR,https://en.wikipedia.org/wiki/2018_FEI_World_Equestrian_Games
fei_world_championships,FEI World Championships,FEI World Equestrian Games,2018,2018-12-31,equestrian-dressage-equestrian,Equestrian Dressage (Equestrian),team-driving,Team driving,mixed,1,gold,team,United States,United States,USA,https://en.wikipedia.org/wiki/2018_FEI_World_Equestrian_Games
fei_world_championships,FEI World Championships,FEI World Equestrian Games,2018,2018-12-31,equestrian-dressage-equestrian,Equestrian Dressage (Equestrian),team-driving,Team driving,mixed,2,silver,team,Netherlands,Netherlands,NLD,https://en.wikipedia.org/wiki/2018_FEI_World_Equestrian_Games
fei_world_championships,FEI World Championships,FEI World Equestrian Games,2018,2018-12-31,equestrian-dressage-equestrian,Equestrian Dressage (Equestrian),team-driving,Team driving,mixed,3,bronze,team,Belgium,Belgium,BEL,https://en.wikipedia.org/wiki/2018_FEI_World_Equestrian_Games
fei_world_championships,FEI World Championships,FEI World Equestrian Games,2018,2018-12-31,equestrian-driving,Driving,individual-eventing,Individual eventing,mixed,1,gold,athlete,Rosalind Canter,United Kingdom,GBR,https://en.wikipedia.org/wiki/2018_FEI_World_Equestrian_Games
fei_world_championships,FEI World Championships,FEI World Equestrian Games,2018,2018-12-31,equestrian-driving,Driving,individual-eventing,Individual eventing,mixed,2,silver,athlete,Padraig McCarthy,Ireland,IRL,https://en.wikipedia.org/wiki/2018_FEI_World_Equestrian_Games
fei_world_championships,FEI World Championships,FEI World Equestrian Games,2018,2018-12-31,equestrian-driving,Driving,individual-eventing,Individual eventing,mixed,3,bronze,athlete,Ingrid Klimke,Germany,DEU,https://en.wikipedia.org/wiki/2018_FEI_World_Equestrian_Games
fei_world_championships,FEI World Championships,FEI World Equestrian Games,2018,2018-12-31,equestrian-driving,Driving,team-eventing,Team eventing,mixed,1,gold,team,United Kingdom,United Kingdom,GBR,https://en.wikipedia.org/wiki/2018_FEI_World_Equestrian_Games
fei_world_championships,FEI World Championships,FEI World Equestrian Games,2018,2018-12-31,equestrian-driving,Driving,team-eventing,Team eventing,mixed,2,silver,team,Ireland,Ireland,IRL,https://en.wikipedia.org/wiki/2018_FEI_World_Equestrian_Games
fei_world_championships,FEI World Championships,FEI World Equestrian Games,2018,2018-12-31,equestrian-driving,Driving,team-eventing,Team eventing,mixed,3,bronze,team,France,France,FRA,https://en.wikipedia.org/wiki/2018_FEI_World_Equestrian_Games
fei_world_championships,FEI World Championships,FEI World Equestrian Games,2018,2018-12-31,equestrian-endurance,Endurance,individual-jumping,Individual jumping,mixed,1,gold,athlete,Simone Blum,Germany,DEU,https://en.wikipedia.org/wiki/2018_FEI_World_Equestrian_Games
fei_world_championships,FEI World Championships,FEI World Equestrian Games,2018,2018-12-31,equestrian-endurance,Endurance,individual-jumping,Individual jumping,mixed,2,silver,athlete,Martin Fuchs,Switzerland,CHE,https://en.wikipedia.org/wiki/2018_FEI_World_Equestrian_Games
fei_world_championships,FEI World Championships,FEI World Equestrian Games,2018,2018-12-31,equestrian-endurance,Endurance,individual-jumping,Individual jumping,mixed,3,bronze,athlete,Steve Guerdat,Switzerland,CHE,https://en.wikipedia.org/wiki/2018_FEI_World_Equestrian_Games
fei_world_championships,FEI World Championships,FEI World Equestrian Games,2018,2018-12-31,equestrian-endurance,Endurance,team-jumping,Team jumping,mixed,1,gold,team,United States,United States,USA,https://en.wikipedia.org/wiki/2018_FEI_World_Equestrian_Games
fei_world_championships,FEI World Championships,FEI World Equestrian Games,2018,2018-12-31,equestrian-endurance,Endurance,team-jumping,Team jumping,mixed,2,silver,team,Sweden,Sweden,SWE,https://en.wikipedia.org/wiki/2018_FEI_World_Equestrian_Games
fei_world_championships,FEI World Championships,FEI World Equestrian Games,2018,2018-12-31,equestrian-endurance,Endurance,team-jumping,Team jumping,mixed,3,bronze,team,Germany,Germany,DEU,https://en.wikipedia.org/wiki/2018_FEI_World_Equestrian_Games
fei_world_championships,FEI World Championships,FEI World Equestrian Games,2018,2018-12-31,equestrian-eventing-equestrian,Equestrian Eventing (Equestrian),individual-reining,Individual reining,mixed,1,gold,athlete,Bernard Fonck,Belgium,BEL,https://en.wikipedia.org/wiki/2018_FEI_World_Equestrian_Games
fei_world_championships,FEI World Championships,FEI World Equestrian Games,2018,2018-12-31,equestrian-eventing-equestrian,Equestrian Eventing (Equestrian),individual-reining,Individual reining,mixed,2,silver,athlete,Daniel Huss,United States,USA,https://en.wikipedia.org/wiki/2018_FEI_World_Equestrian_Games
fei_world_championships,FEI World Championships,FEI World Equestrian Games,2018,2018-12-31,equestrian-eventing-equestrian,Equestrian Eventing (Equestrian),individual-reining,Individual reining,mixed,3,bronze,athlete,Cade McCutcheon,United States,USA,https://en.wikipedia.org/wiki/2018_FEI_World_Equestrian_Games
fei_world_championships,FEI World Championships,FEI World Equestrian Games,2018,2018-12-31,equestrian-eventing-equestrian,Equestrian Eventing (Equestrian),team-reining,Team reining,mixed,1,gold,team,United States,United States,USA,https://en.wikipedia.org/wiki/2018_FEI_World_Equestrian_Games
fei_world_championships,FEI World Championships,FEI World Equestrian Games,2018,2018-12-31,equestrian-eventing-equestrian,Equestrian Eventing (Equestrian),team-reining,Team reining,mixed,2,silver,team,Belgium,Belgium,BEL,https://en.wikipedia.org/wiki/2018_FEI_World_Equestrian_Games
fei_world_championships,FEI World Championships,FEI World Equestrian Games,2018,2018-12-31,equestrian-eventing-equestrian,Equestrian Eventing (Equestrian),team-reining,Team reining,mixed,3,bronze,team,Germany,Germany,DEU,https://en.wikipedia.org/wiki/2018_FEI_World_Equestrian_Games
fei_world_championships,FEI World Championships,FEI World Equestrian Games,2018,2018-12-31,equestrian-jumping-equestrian,Equestrian Jumping (Equestrian),men-individual,Men's individual,men,1,gold,athlete,Lambert Leclezio,France,FRA,https://en.wikipedia.org/wiki/2018_FEI_World_Equestrian_Games
fei_world_championships,FEI World Championships,FEI World Equestrian Games,2018,2018-12-31,equestrian-jumping-equestrian,Equestrian Jumping (Equestrian),men-individual,Men's individual,men,2,silver,athlete,Jannik Heiland,Germany,DEU,https://en.wikipedia.org/wiki/2018_FEI_World_Equestrian_Games
fei_world_championships,FEI World Championships,FEI World Equestrian Games,2018,2018-12-31,equestrian-jumping-equestrian,Equestrian Jumping (Equestrian),men-individual,Men's individual,men,3,bronze,athlete,Thomas Brüsewitz,Germany,DEU,https://en.wikipedia.org/wiki/2018_FEI_World_Equestrian_Games
fei_world_championships,FEI World Championships,FEI World Equestrian Games,2018,2018-12-31,equestrian-jumping-equestrian,Equestrian Jumping (Equestrian),pas-de-deux,Pas-de-deux,mixed,1,gold,team,Lorenzo Lupacchini / Silvia Stopazzini,Italy,ITA,https://en.wikipedia.org/wiki/2018_FEI_World_Equestrian_Games
fei_world_championships,FEI World Championships,FEI World Equestrian Games,2018,2018-12-31,equestrian-jumping-equestrian,Equestrian Jumping (Equestrian),pas-de-deux,Pas-de-deux,mixed,2,silver,team,Jasmin Lindner / Lukas Wacha,Austria,AUT,https://en.wikipedia.org/wiki/2018_FEI_World_Equestrian_Games
fei_world_championships,FEI World Championships,FEI World Equestrian Games,2018,2018-12-31,equestrian-jumping-equestrian,Equestrian Jumping (Equestrian),pas-de-deux,Pas-de-deux,mixed,3,bronze,team,Janika Derks / Johannes Kay,Germany,DEU,https://en.wikipedia.org/wiki/2018_FEI_World_Equestrian_Games
fei_world_championships,FEI World Championships,FEI World Equestrian Games,2018,2018-12-31,equestrian-jumping-equestrian,Equestrian Jumping (Equestrian),squad,Squad,mixed,1,gold,team,Germany,Germany,DEU,https://en.wikipedia.org/wiki/2018_FEI_World_Equestrian_Games
fei_world_championships,FEI World Championships,FEI World Equestrian Games,2018,2018-12-31,equestrian-jumping-equestrian,Equestrian Jumping (Equestrian),squad,Squad,mixed,2,silver,team,Switzerland,Switzerland,CHE,https://en.wikipedia.org/wiki/2018_FEI_World_Equestrian_Games
fei_world_championships,FEI World Championships,FEI World Equestrian Games,2018,2018-12-31,equestrian-jumping-equestrian,Equestrian Jumping (Equestrian),squad,Squad,mixed,3,bronze,team,Austria,Austria,AUT,https://en.wikipedia.org/wiki/2018_FEI_World_Equestrian_Games
fei_world_championships,FEI World Championships,FEI World Equestrian Games,2018,2018-12-31,equestrian-jumping-equestrian,Equestrian Jumping (Equestrian),team,Team,mixed,1,gold,team,Germany,Germany,DEU,https://en.wikipedia.org/wiki/2018_FEI_World_Equestrian_Games
fei_world_championships,FEI World Championships,FEI World Equestrian Games,2018,2018-12-31,equestrian-jumping-equestrian,Equestrian Jumping (Equestrian),team,Team,mixed,2,silver,team,Switzerland,Switzerland,CHE,https://en.wikipedia.org/wiki/2018_FEI_World_Equestrian_Games
fei_world_championships,FEI World Championships,FEI World Equestrian Games,2018,2018-12-31,equestrian-jumping-equestrian,Equestrian Jumping (Equestrian),team,Team,mixed,3,bronze,team,Austria,Austria,AUT,https://en.wikipedia.org/wiki/2018_FEI_World_Equestrian_Games
fei_world_championships,FEI World Championships,FEI World Equestrian Games,2018,2018-12-31,equestrian-jumping-equestrian,Equestrian Jumping (Equestrian),women-individual,Women's individual,women,1,gold,athlete,Kristina Boe,Germany,DEU,https://en.wikipedia.org/wiki/2018_FEI_World_Equestrian_Games
fei_world_championships,FEI World Championships,FEI World Equestrian Games,2018,2018-12-31,equestrian-jumping-equestrian,Equestrian Jumping (Equestrian),women-individual,Women's individual,women,2,silver,athlete,Janika Derks,Germany,DEU,https://en.wikipedia.org/wiki/2018_FEI_World_Equestrian_Games
fei_world_championships,FEI World Championships,FEI World Equestrian Games,2018,2018-12-31,equestrian-jumping-equestrian,Equestrian Jumping (Equestrian),women-individual,Women's individual,women,3,bronze,athlete,Lisa Wild,Austria,AUT,https://en.wikipedia.org/wiki/2018_FEI_World_Equestrian_Games
fei_world_championships,FEI World Championships,FEI World Equestrian Games,2018,2018-12-31,equestrian-para-dressage,Para-dressage,individual-championship-grade-i,Individual championship grade I,mixed,1,gold,athlete,Sara Morganti,Italy,ITA,https://en.wikipedia.org/wiki/2018_FEI_World_Equestrian_Games
fei_world_championships,FEI World Championships,FEI World Equestrian Games,2018,2018-12-31,equestrian-para-dressage,Para-dressage,individual-championship-grade-i,Individual championship grade I,mixed,2,silver,athlete,Laurentia Tan,Singapore,SGP,https://en.wikipedia.org/wiki/2018_FEI_World_Equestrian_Games
fei_world_championships,FEI World Championships,FEI World Equestrian Games,2018,2018-12-31,equestrian-para-dressage,Para-dressage,individual-championship-grade-i,Individual championship grade I,mixed,3,bronze,athlete,Elke Philipp,Germany,DEU,https://en.wikipedia.org/wiki/2018_FEI_World_Equestrian_Games
fei_world_championships,FEI World Championships,FEI World Equestrian Games,2018,2018-12-31,equestrian-para-dressage,Para-dressage,individual-championship-grade-ii,Individual championship grade II,mixed,1,gold,athlete,Stinna Kaastrup,Denmark,DNK,https://en.wikipedia.org/wiki/2018_FEI_World_Equestrian_Games
fei_world_championships,FEI World Championships,FEI World Equestrian Games,2018,2018-12-31,equestrian-para-dressage,Para-dressage,individual-championship-grade-ii,Individual championship grade II,mixed,2,silver,athlete,Pepo Puch,Austria,AUT,https://en.wikipedia.org/wiki/2018_FEI_World_Equestrian_Games
fei_world_championships,FEI World Championships,FEI World Equestrian Games,2018,2018-12-31,equestrian-para-dressage,Para-dressage,individual-championship-grade-ii,Individual championship grade II,mixed,3,bronze,athlete,Nicole den Dulk,Netherlands,NLD,https://en.wikipedia.org/wiki/2018_FEI_World_Equestrian_Games
fei_world_championships,FEI World Championships,FEI World Equestrian Games,2018,2018-12-31,equestrian-para-dressage,Para-dressage,individual-championship-grade-iii,Individual championship grade III,mixed,1,gold,athlete,Rixt van der Horst,Netherlands,NLD,https://en.wikipedia.org/wiki/2018_FEI_World_Equestrian_Games
fei_world_championships,FEI World Championships,FEI World Equestrian Games,2018,2018-12-31,equestrian-para-dressage,Para-dressage,individual-championship-grade-iii,Individual championship grade III,mixed,2,silver,athlete,Natasha Baker,United Kingdom,GBR,https://en.wikipedia.org/wiki/2018_FEI_World_Equestrian_Games
fei_world_championships,FEI World Championships,FEI World Equestrian Games,2018,2018-12-31,equestrian-para-dressage,Para-dressage,individual-championship-grade-iii,Individual championship grade III,mixed,3,bronze,athlete,Rebecca Hart,United States,USA,https://en.wikipedia.org/wiki/2018_FEI_World_Equestrian_Games
fei_world_championships,FEI World Championships,FEI World Equestrian Games,2018,2018-12-31,equestrian-para-dressage,Para-dressage,individual-championship-grade-iv,Individual championship grade IV,mixed,1,gold,athlete,Sanne Voets,Netherlands,NLD,https://en.wikipedia.org/wiki/2018_FEI_World_Equestrian_Games
fei_world_championships,FEI World Championships,FEI World Equestrian Games,2018,2018-12-31,equestrian-para-dressage,Para-dressage,individual-championship-grade-iv,Individual championship grade IV,mixed,2,silver,athlete,Rodolpho Riskalla,Brazil,BRA,https://en.wikipedia.org/wiki/2018_FEI_World_Equestrian_Games
fei_world_championships,FEI World Championships,FEI World Equestrian Games,2018,2018-12-31,equestrian-para-dressage,Para-dressage,individual-championship-grade-iv,Individual championship grade IV,mixed,3,bronze,athlete,Susanne Sunesen,Denmark,DNK,https://en.wikipedia.org/wiki/2018_FEI_World_Equestrian_Games
fei_world_championships,FEI World Championships,FEI World Equestrian Games,2018,2018-12-31,equestrian-para-dressage,Para-dressage,individual-championship-grade-v,Individual championship grade V,mixed,1,gold,athlete,Sophie Wells,United Kingdom,GBR,https://en.wikipedia.org/wiki/2018_FEI_World_Equestrian_Games
fei_world_championships,FEI World Championships,FEI World Equestrian Games,2018,2018-12-31,equestrian-para-dressage,Para-dressage,individual-championship-grade-v,Individual championship grade V,mixed,2,silver,athlete,Frank Hosmar,Netherlands,NLD,https://en.wikipedia.org/wiki/2018_FEI_World_Equestrian_Games
fei_world_championships,FEI World Championships,FEI World Equestrian Games,2018,2018-12-31,equestrian-para-dressage,Para-dressage,individual-championship-grade-v,Individual championship grade V,mixed,3,bronze,athlete,Regine Mispelkamp,Germany,DEU,https://en.wikipedia.org/wiki/2018_FEI_World_Equestrian_Games
fei_world_championships,FEI World Championships,FEI World Equestrian Games,2018,2018-12-31,equestrian-para-dressage,Para-dressage,individual-freestyle-grade-i,Individual freestyle grade I,mixed,1,gold,athlete,Sara Morganti,Italy,ITA,https://en.wikipedia.org/wiki/2018_FEI_World_Equestrian_Games
fei_world_championships,FEI World Championships,FEI World Equestrian Games,2018,2018-12-31,equestrian-para-dressage,Para-dressage,individual-freestyle-grade-i,Individual freestyle grade I,mixed,2,silver,athlete,Rihards Snikus,Latvia,LVA,https://en.wikipedia.org/wiki/2018_FEI_World_Equestrian_Games
fei_world_championships,FEI World Championships,FEI World Equestrian Games,2018,2018-12-31,equestrian-para-dressage,Para-dressage,individual-freestyle-grade-i,Individual freestyle grade I,mixed,3,bronze,athlete,Roxanne Trunnell,United States,USA,https://en.wikipedia.org/wiki/2018_FEI_World_Equestrian_Games
fei_world_championships,FEI World Championships,FEI World Equestrian Games,2018,2018-12-31,equestrian-para-dressage,Para-dressage,individual-freestyle-grade-ii,Individual freestyle grade II,mixed,1,gold,athlete,Stinna Kaastrup,Denmark,DNK,https://en.wikipedia.org/wiki/2018_FEI_World_Equestrian_Games
fei_world_championships,FEI World Championships,FEI World Equestrian Games,2018,2018-12-31,equestrian-para-dressage,Para-dressage,individual-freestyle-grade-ii,Individual freestyle grade II,mixed,2,silver,athlete,Pepo Puch,Austria,AUT,https://en.wikipedia.org/wiki/2018_FEI_World_Equestrian_Games
fei_world_championships,FEI World Championships,FEI World Equestrian Games,2018,2018-12-31,equestrian-para-dressage,Para-dressage,individual-freestyle-grade-ii,Individual freestyle grade II,mixed,3,bronze,athlete,Nicole den Dulk,Netherlands,NLD,https://en.wikipedia.org/wiki/2018_FEI_World_Equestrian_Games
fei_world_championships,FEI World Championships,FEI World Equestrian Games,2018,2018-12-31,equestrian-para-dressage,Para-dressage,individual-freestyle-grade-iii,Individual freestyle grade III,mixed,1,gold,athlete,Rixt van der Horst,Netherlands,NLD,https://en.wikipedia.org/wiki/2018_FEI_World_Equestrian_Games
fei_world_championships,FEI World Championships,FEI World Equestrian Games,2018,2018-12-31,equestrian-para-dressage,Para-dressage,individual-freestyle-grade-iii,Individual freestyle grade III,mixed,2,silver,athlete,Rebecca Hart,United States,USA,https://en.wikipedia.org/wiki/2018_FEI_World_Equestrian_Games
fei_world_championships,FEI World Championships,FEI World Equestrian Games,2018,2018-12-31,equestrian-para-dressage,Para-dressage,individual-freestyle-grade-iii,Individual freestyle grade III,mixed,3,bronze,athlete,Angelika Trabert,Germany,DEU,https://en.wikipedia.org/wiki/2018_FEI_World_Equestrian_Games
fei_world_championships,FEI World Championships,FEI World Equestrian Games,2018,2018-12-31,equestrian-para-dressage,Para-dressage,individual-freestyle-grade-iv,Individual freestyle grade IV,mixed,1,gold,athlete,Sanne Voets,Netherlands,NLD,https://en.wikipedia.org/wiki/2018_FEI_World_Equestrian_Games
fei_world_championships,FEI World Championships,FEI World Equestrian Games,2018,2018-12-31,equestrian-para-dressage,Para-dressage,individual-freestyle-grade-iv,Individual freestyle grade IV,mixed,2,silver,athlete,Rodolpho Riskalla,Brazil,BRA,https://en.wikipedia.org/wiki/2018_FEI_World_Equestrian_Games
fei_world_championships,FEI World Championships,FEI World Equestrian Games,2018,2018-12-31,equestrian-para-dressage,Para-dressage,individual-freestyle-grade-iv,Individual freestyle grade IV,mixed,3,bronze,athlete,Kate Shoemaker,United States,USA,https://en.wikipedia.org/wiki/2018_FEI_World_Equestrian_Games
fei_world_championships,FEI World Championships,FEI World Equestrian Games,2018,2018-12-31,equestrian-para-dressage,Para-dressage,individual-freestyle-grade-v,Individual freestyle grade V,mixed,1,gold,athlete,Sophie Wells,United Kingdom,GBR,https://en.wikipedia.org/wiki/2018_FEI_World_Equestrian_Games
fei_world_championships,FEI World Championships,FEI World Equestrian Games,2018,2018-12-31,equestrian-para-dressage,Para-dressage,individual-freestyle-grade-v,Individual freestyle grade V,mixed,2,silver,athlete,Frank Hosmar,Netherlands,NLD,https://en.wikipedia.org/wiki/2018_FEI_World_Equestrian_Games
fei_world_championships,FEI World Championships,FEI World Equestrian Games,2018,2018-12-31,equestrian-para-dressage,Para-dressage,individual-freestyle-grade-v,Individual freestyle grade V,mixed,3,bronze,athlete,Tomoko Nakamura,Japan,JPN,https://en.wikipedia.org/wiki/2018_FEI_World_Equestrian_Games
fei_world_championships,FEI World Championships,FEI World Equestrian Games,2018,2018-12-31,equestrian-para-dressage,Para-dressage,team-para-dressage,Team para-dressage,mixed,1,gold,team,Netherlands,Netherlands,NLD,https://en.wikipedia.org/wiki/2018_FEI_World_Equestrian_Games
fei_world_championships,FEI World Championships,FEI World Equestrian Games,2018,2018-12-31,equestrian-para-dressage,Para-dressage,team-para-dressage,Team para-dressage,mixed,2,silver,team,United Kingdom,United Kingdom,GBR,https://en.wikipedia.org/wiki/2018_FEI_World_Equestrian_Games
fei_world_championships,FEI World Championships,FEI World Equestrian Games,2018,2018-12-31,equestrian-para-dressage,Para-dressage,team-para-dressage,Team para-dressage,mixed,3,bronze,team,Germany,Germany,DEU,https://en.wikipedia.org/wiki/2018_FEI_World_Equestrian_Games
fei_world_championships,FEI World Championships,FEI World Championships,2022,2022-12-31,equestrian-dressage-equestrian,Equestrian Dressage (Equestrian),individual-freestyle-dressage,Individual freestyle dressage,mixed,1,gold,athlete,Charlotte Fry,United Kingdom,GBR,https://en.wikipedia.org/wiki/2022_FEI_World_Championships
fei_world_championships,FEI World Championships,FEI World Championships,2022,2022-12-31,equestrian-dressage-equestrian,Equestrian Dressage (Equestrian),individual-freestyle-dressage,Individual freestyle dressage,mixed,2,silver,athlete,Cathrine Laudrup-Dufour,Denmark,DNK,https://en.wikipedia.org/wiki/2022_FEI_World_Championships
fei_world_championships,FEI World Championships,FEI World Championships,2022,2022-12-31,equestrian-dressage-equestrian,Equestrian Dressage (Equestrian),individual-freestyle-dressage,Individual freestyle dressage,mixed,3,bronze,athlete,Dinja van Liere,Netherlands,NLD,https://en.wikipedia.org/wiki/2022_FEI_World_Championships
fei_world_championships,FEI World Championships,FEI World Championships,2022,2022-12-31,equestrian-dressage-equestrian,Equestrian Dressage (Equestrian),individual-special-dressage,Individual special dressage,mixed,1,gold,athlete,Charlotte Fry,United Kingdom,GBR,https://en.wikipedia.org/wiki/2022_FEI_World_Championships
fei_world_championships,FEI World Championships,FEI World Championships,2022,2022-12-31,equestrian-dressage-equestrian,Equestrian Dressage (Equestrian),individual-special-dressage,Individual special dressage,mixed,2,silver,athlete,Cathrine Laudrup-Dufour,Denmark,DNK,https://en.wikipedia.org/wiki/2022_FEI_World_Championships
fei_world_championships,FEI World Championships,FEI World Championships,2022,2022-12-31,equestrian-dressage-equestrian,Equestrian Dressage (Equestrian),individual-special-dressage,Individual special dressage,mixed,3,bronze,athlete,Dinja van Liere,Netherlands,NLD,https://en.wikipedia.org/wiki/2022_FEI_World_Championships
fei_world_championships,FEI World Championships,FEI World Championships,2022,2022-12-31,equestrian-dressage-equestrian,Equestrian Dressage (Equestrian),team-dressage,Team dressage,mixed,1,gold,team,Denmark,Denmark,DNK,https://en.wikipedia.org/wiki/2022_FEI_World_Championships
fei_world_championships,FEI World Championships,FEI World Championships,2022,2022-12-31,equestrian-dressage-equestrian,Equestrian Dressage (Equestrian),team-dressage,Team dressage,mixed,2,silver,team,United Kingdom,United Kingdom,GBR,https://en.wikipedia.org/wiki/2022_FEI_World_Championships
fei_world_championships,FEI World Championships,FEI World Championships,2022,2022-12-31,equestrian-dressage-equestrian,Equestrian Dressage (Equestrian),team-dressage,Team dressage,mixed,3,bronze,team,Germany,Germany,DEU,https://en.wikipedia.org/wiki/2022_FEI_World_Championships
fei_world_championships,FEI World Championships,FEI World Championships,2022,2022-12-31,equestrian-jumping-equestrian,Equestrian Jumping (Equestrian),individual-jumping,Individual jumping,mixed,1,gold,athlete,Henrik von Eckermann,Sweden,SWE,https://en.wikipedia.org/wiki/2022_FEI_World_Championships
fei_world_championships,FEI World Championships,FEI World Championships,2022,2022-12-31,equestrian-jumping-equestrian,Equestrian Jumping (Equestrian),individual-jumping,Individual jumping,mixed,2,silver,athlete,Jérôme Guery,Belgium,BEL,https://en.wikipedia.org/wiki/2022_FEI_World_Championships
fei_world_championships,FEI World Championships,FEI World Championships,2022,2022-12-31,equestrian-jumping-equestrian,Equestrian Jumping (Equestrian),individual-jumping,Individual jumping,mixed,3,bronze,athlete,Maikel van der Vleuten,Netherlands,NLD,https://en.wikipedia.org/wiki/2022_FEI_World_Championships
fei_world_championships,FEI World Championships,FEI World Championships,2022,2022-12-31,equestrian-jumping-equestrian,Equestrian Jumping (Equestrian),team-jumping,Team jumping,mixed,1,gold,team,Sweden,Sweden,SWE,https://en.wikipedia.org/wiki/2022_FEI_World_Championships
fei_world_championships,FEI World Championships,FEI World Championships,2022,2022-12-31,equestrian-jumping-equestrian,Equestrian Jumping (Equestrian),team-jumping,Team jumping,mixed,2,silver,team,Netherlands,Netherlands,NLD,https://en.wikipedia.org/wiki/2022_FEI_World_Championships
fei_world_championships,FEI World Championships,FEI World Championships,2022,2022-12-31,equestrian-jumping-equestrian,Equestrian Jumping (Equestrian),team-jumping,Team jumping,mixed,3,bronze,team,United Kingdom,United Kingdom,GBR,https://en.wikipedia.org/wiki/2022_FEI_World_Championships
fei_world_championships,FEI World Championships,FEI World Championships,2022,2022-12-31,equestrian-para-dressage,Para-dressage,individual-para-dressage-championship-test-grade-i,Individual para-dressage championship test grade I,mixed,1,gold,athlete,Rihards Snikus,Latvia,LVA,https://en.wikipedia.org/wiki/2022_FEI_World_Championships
fei_world_championships,FEI World Championships,FEI World Championships,2022,2022-12-31,equestrian-para-dressage,Para-dressage,individual-para-dressage-championship-test-grade-i,Individual para-dressage championship test grade I,mixed,2,silver,athlete,Sara Morganti,Italy,ITA,https://en.wikipedia.org/wiki/2022_FEI_World_Championships
fei_world_championships,FEI World Championships,FEI World Championships,2022,2022-12-31,equestrian-para-dressage,Para-dressage,individual-para-dressage-championship-test-grade-i,Individual para-dressage championship test grade I,mixed,3,bronze,athlete,Michael Murphy,Ireland,IRL,https://en.wikipedia.org/wiki/2022_FEI_World_Championships
fei_world_championships,FEI World Championships,FEI World Championships,2022,2022-12-31,equestrian-para-dressage,Para-dressage,individual-para-dressage-championship-test-grade-ii,Individual para-dressage championship test grade II,mixed,1,gold,athlete,Katrine Kristensen,Denmark,DNK,https://en.wikipedia.org/wiki/2022_FEI_World_Championships
fei_world_championships,FEI World Championships,FEI World Championships,2022,2022-12-31,equestrian-para-dressage,Para-dressage,individual-para-dressage-championship-test-grade-ii,Individual para-dressage championship test grade II,mixed,2,silver,athlete,Pepo Puch,Austria,AUT,https://en.wikipedia.org/wiki/2022_FEI_World_Championships
fei_world_championships,FEI World Championships,FEI World Championships,2022,2022-12-31,equestrian-para-dressage,Para-dressage,individual-para-dressage-championship-test-grade-ii,Individual para-dressage championship test grade II,mixed,3,bronze,athlete,Lee Pearson,United Kingdom,GBR,https://en.wikipedia.org/wiki/2022_FEI_World_Championships
fei_world_championships,FEI World Championships,FEI World Championships,2022,2022-12-31,equestrian-para-dressage,Para-dressage,individual-para-dressage-championship-test-grade-iii,Individual para-dressage championship test grade III,mixed,1,gold,athlete,Tobias Jørgensen,Denmark,DNK,https://en.wikipedia.org/wiki/2022_FEI_World_Championships
fei_world_championships,FEI World Championships,FEI World Championships,2022,2022-12-31,equestrian-para-dressage,Para-dressage,individual-para-dressage-championship-test-grade-iii,Individual para-dressage championship test grade III,mixed,2,silver,athlete,Natasha Baker,United Kingdom,GBR,https://en.wikipedia.org/wiki/2022_FEI_World_Championships
fei_world_championships,FEI World Championships,FEI World Championships,2022,2022-12-31,equestrian-para-dressage,Para-dressage,individual-para-dressage-championship-test-grade-iii,Individual para-dressage championship test grade III,mixed,3,bronze,athlete,Rebecca Hart,United States,USA,https://en.wikipedia.org/wiki/2022_FEI_World_Championships
fei_world_championships,FEI World Championships,FEI World Championships,2022,2022-12-31,equestrian-para-dressage,Para-dressage,individual-para-dressage-championship-test-grade-iv,Individual para-dressage championship test grade IV,mixed,1,gold,athlete,Sanne Voets,Netherlands,NLD,https://en.wikipedia.org/wiki/2022_FEI_World_Championships
fei_world_championships,FEI World Championships,FEI World Championships,2022,2022-12-31,equestrian-para-dressage,Para-dressage,individual-para-dressage-championship-test-grade-iv,Individual para-dressage championship test grade IV,mixed,2,silver,athlete,Demi Haerkens,Netherlands,NLD,https://en.wikipedia.org/wiki/2022_FEI_World_Championships
fei_world_championships,FEI World Championships,FEI World Championships,2022,2022-12-31,equestrian-para-dressage,Para-dressage,individual-para-dressage-championship-test-grade-iv,Individual para-dressage championship test grade IV,mixed,3,bronze,athlete,Rodolpho Riskalla,Brazil,BRA,https://en.wikipedia.org/wiki/2022_FEI_World_Championships
fei_world_championships,FEI World Championships,FEI World Championships,2022,2022-12-31,equestrian-para-dressage,Para-dressage,individual-para-dressage-championship-test-grade-v,Individual para-dressage championship test grade V,mixed,1,gold,athlete,Michèle George,Belgium,BEL,https://en.wikipedia.org/wiki/2022_FEI_World_Championships
fei_world_championships,FEI World Championships,FEI World Championships,2022,2022-12-31,equestrian-para-dressage,Para-dressage,individual-para-dressage-championship-test-grade-v,Individual para-dressage championship test grade V,mixed,2,silver,athlete,Sophie Wells,United Kingdom,GBR,https://en.wikipedia.org/wiki/2022_FEI_World_Championships
fei_world_championships,FEI World Championships,FEI World Championships,2022,2022-12-31,equestrian-para-dressage,Para-dressage,individual-para-dressage-championship-test-grade-v,Individual para-dressage championship test grade V,mixed,3,bronze,athlete,Frank Hosmar,Netherlands,NLD,https://en.wikipedia.org/wiki/2022_FEI_World_Championships
fei_world_championships,FEI World Championships,FEI World Championships,2022,2022-12-31,equestrian-para-dressage,Para-dressage,individual-para-dressage-freestyle-test-grade-i,Individual para-dressage freestyle test grade I,mixed,1,gold,athlete,Sara Morganti,Italy,ITA,https://en.wikipedia.org/wiki/2022_FEI_World_Championships
fei_world_championships,FEI World Championships,FEI World Championships,2022,2022-12-31,equestrian-para-dressage,Para-dressage,individual-para-dressage-freestyle-test-grade-i,Individual para-dressage freestyle test grade I,mixed,2,silver,athlete,Rihards Snikus,Latvia,LVA,https://en.wikipedia.org/wiki/2022_FEI_World_Championships
fei_world_championships,FEI World Championships,FEI World Championships,2022,2022-12-31,equestrian-para-dressage,Para-dressage,individual-para-dressage-freestyle-test-grade-i,Individual para-dressage freestyle test grade I,mixed,3,bronze,athlete,Michael Murphy,Ireland,IRL,https://en.wikipedia.org/wiki/2022_FEI_World_Championships
fei_world_championships,FEI World Championships,FEI World Championships,2022,2022-12-31,equestrian-para-dressage,Para-dressage,individual-para-dressage-freestyle-test-grade-ii,Individual para-dressage freestyle test grade II,mixed,1,gold,athlete,Katrine Kristensen,Denmark,DNK,https://en.wikipedia.org/wiki/2022_FEI_World_Championships
fei_world_championships,FEI World Championships,FEI World Championships,2022,2022-12-31,equestrian-para-dressage,Para-dressage,individual-para-dressage-freestyle-test-grade-ii,Individual para-dressage freestyle test grade II,mixed,2,silver,athlete,Lee Pearson,United Kingdom,GBR,https://en.wikipedia.org/wiki/2022_FEI_World_Championships
fei_world_championships,FEI World Championships,FEI World Championships,2022,2022-12-31,equestrian-para-dressage,Para-dressage,individual-para-dressage-freestyle-test-grade-ii,Individual para-dressage freestyle test grade II,mixed,3,bronze,athlete,Georgia Wilson,United Kingdom,GBR,https://en.wikipedia.org/wiki/2022_FEI_World_Championships
fei_world_championships,FEI World Championships,FEI World Championships,2022,2022-12-31,equestrian-para-dressage,Para-dressage,individual-para-dressage-freestyle-test-grade-iii,Individual para-dressage freestyle test grade III,mixed,1,gold,athlete,Tobias Jørgensen,Denmark,DNK,https://en.wikipedia.org/wiki/2022_FEI_World_Championships
fei_world_championships,FEI World Championships,FEI World Championships,2022,2022-12-31,equestrian-para-dressage,Para-dressage,individual-para-dressage-freestyle-test-grade-iii,Individual para-dressage freestyle test grade III,mixed,2,silver,athlete,Lotte Krijnsen,Netherlands,NLD,https://en.wikipedia.org/wiki/2022_FEI_World_Championships
fei_world_championships,FEI World Championships,FEI World Championships,2022,2022-12-31,equestrian-para-dressage,Para-dressage,individual-para-dressage-freestyle-test-grade-iii,Individual para-dressage freestyle test grade III,mixed,3,bronze,athlete,Natasha Baker,United Kingdom,GBR,https://en.wikipedia.org/wiki/2022_FEI_World_Championships
fei_world_championships,FEI World Championships,FEI World Championships,2022,2022-12-31,equestrian-para-dressage,Para-dressage,individual-para-dressage-freestyle-test-grade-iv,Individual para-dressage freestyle test grade IV,mixed,1,gold,athlete,Sanne Voets,Netherlands,NLD,https://en.wikipedia.org/wiki/2022_FEI_World_Championships
fei_world_championships,FEI World Championships,FEI World Championships,2022,2022-12-31,equestrian-para-dressage,Para-dressage,individual-para-dressage-freestyle-test-grade-iv,Individual para-dressage freestyle test grade IV,mixed,2,silver,athlete,Kate Shoemaker,United States,USA,https://en.wikipedia.org/wiki/2022_FEI_World_Championships
fei_world_championships,FEI World Championships,FEI World Championships,2022,2022-12-31,equestrian-para-dressage,Para-dressage,individual-para-dressage-freestyle-test-grade-iv,Individual para-dressage freestyle test grade IV,mixed,3,bronze,athlete,Rodolpho Riskalla,Brazil,BRA,https://en.wikipedia.org/wiki/2022_FEI_World_Championships
fei_world_championships,FEI World Championships,FEI World Championships,2022,2022-12-31,equestrian-para-dressage,Para-dressage,individual-para-dressage-freestyle-test-grade-v,Individual para-dressage freestyle test grade V,mixed,1,gold,athlete,Michèle George,Belgium,BEL,https://en.wikipedia.org/wiki/2022_FEI_World_Championships
fei_world_championships,FEI World Championships,FEI World Championships,2022,2022-12-31,equestrian-para-dressage,Para-dressage,individual-para-dressage-freestyle-test-grade-v,Individual para-dressage freestyle test grade V,mixed,2,silver,athlete,Frank Hosmar,Netherlands,NLD,https://en.wikipedia.org/wiki/2022_FEI_World_Championships
fei_world_championships,FEI World Championships,FEI World Championships,2022,2022-12-31,equestrian-para-dressage,Para-dressage,individual-para-dressage-freestyle-test-grade-v,Individual para-dressage freestyle test grade V,mixed,3,bronze,athlete,Sophie Wells,United Kingdom,GBR,https://en.wikipedia.org/wiki/2022_FEI_World_Championships
fei_world_championships,FEI World Championships,FEI World Championships,2022,2022-12-31,equestrian-para-dressage,Para-dressage,team-para-dressage,Team para-dressage,mixed,1,gold,team,Netherlands,Netherlands,NLD,https://en.wikipedia.org/wiki/2022_FEI_World_Championships
fei_world_championships,FEI World Championships,FEI World Championships,2022,2022-12-31,equestrian-para-dressage,Para-dressage,team-para-dressage,Team para-dressage,mixed,2,silver,team,Denmark,Denmark,DNK,https://en.wikipedia.org/wiki/2022_FEI_World_Championships
fei_world_championships,FEI World Championships,FEI World Championships,2022,2022-12-31,equestrian-para-dressage,Para-dressage,team-para-dressage,Team para-dressage,mixed,3,bronze,team,United States,United States,USA,https://en.wikipedia.org/wiki/2022_FEI_World_Championships
fei_world_championships,FEI World Championships,FEI World Championships,2022,2022-12-31,equestrian-vaulting,Vaulting,men-vaulting,Men's vaulting,men,1,gold,athlete,Lambert Leclezio,France,FRA,https://en.wikipedia.org/wiki/2022_FEI_World_Championships
fei_world_championships,FEI World Championships,FEI World Championships,2022,2022-12-31,equestrian-vaulting,Vaulting,men-vaulting,Men's vaulting,men,2,silver,athlete,Quentin Jabet,France,FRA,https://en.wikipedia.org/wiki/2022_FEI_World_Championships
fei_world_championships,FEI World Championships,FEI World Championships,2022,2022-12-31,equestrian-vaulting,Vaulting,men-vaulting,Men's vaulting,men,3,bronze,athlete,Jannik Heiland,Germany,DEU,https://en.wikipedia.org/wiki/2022_FEI_World_Championships
fei_world_championships,FEI World Championships,FEI World Championships,2022,2022-12-31,equestrian-vaulting,Vaulting,pas-de-deux-vaulting,Pas-de-deux vaulting,mixed,1,gold,team,Chiara Congia / Justin van Gerven,Germany,DEU,https://en.wikipedia.org/wiki/2022_FEI_World_Championships
fei_world_championships,FEI World Championships,FEI World Championships,2022,2022-12-31,equestrian-vaulting,Vaulting,pas-de-deux-vaulting,Pas-de-deux vaulting,mixed,2,silver,team,Diana Harwardt / Peter Künne,Germany,DEU,https://en.wikipedia.org/wiki/2022_FEI_World_Championships
fei_world_championships,FEI World Championships,FEI World Championships,2022,2022-12-31,equestrian-vaulting,Vaulting,pas-de-deux-vaulting,Pas-de-deux vaulting,mixed,3,bronze,team,Rebecca Greggio / Davide Zanella,Italy,ITA,https://en.wikipedia.org/wiki/2022_FEI_World_Championships
fei_world_championships,FEI World Championships,FEI World Championships,2022,2022-12-31,equestrian-vaulting,Vaulting,squad-vaulting,Squad vaulting,mixed,1,gold,team,Germany,Germany,DEU,https://en.wikipedia.org/wiki/2022_FEI_World_Championships
fei_world_championships,FEI World Championships,FEI World Championships,2022,2022-12-31,equestrian-vaulting,Vaulting,squad-vaulting,Squad vaulting,mixed,2,silver,team,France,France,FRA,https://en.wikipedia.org/wiki/2022_FEI_World_Championships
fei_world_championships,FEI World Championships,FEI World Championships,2022,2022-12-31,equestrian-vaulting,Vaulting,squad-vaulting,Squad vaulting,mixed,3,bronze,team,Switzerland,Switzerland,CHE,https://en.wikipedia.org/wiki/2022_FEI_World_Championships
fei_world_championships,FEI World Championships,FEI World Championships,2022,2022-12-31,equestrian-vaulting,Vaulting,team-vaulting,Team vaulting,mixed,1,gold,team,France,France,FRA,https://en.wikipedia.org/wiki/2022_FEI_World_Championships
fei_world_championships,FEI World Championships,FEI World Championships,2022,2022-12-31,equestrian-vaulting,Vaulting,team-vaulting,Team vaulting,mixed,2,silver,team,Denmark,Denmark,DNK,https://en.wikipedia.org/wiki/2022_FEI_World_Championships
fei_world_championships,FEI World Championships,FEI World Championships,2022,2022-12-31,equestrian-vaulting,Vaulting,team-vaulting,Team vaulting,mixed,3,bronze,team,Austria,Austria,AUT,https://en.wikipedia.org/wiki/2022_FEI_World_Championships
fei_world_championships,FEI World Championships,FEI World Championships,2022,2022-12-31,equestrian-vaulting,Vaulting,women-vaulting,Women's vaulting,women,1,gold,athlete,Manon Moutinho,France,FRA,https://en.wikipedia.org/wiki/2022_FEI_World_Championships
fei_world_championships,FEI World Championships,FEI World Championships,2022,2022-12-31,equestrian-vaulting,Vaulting,women-vaulting,Women's vaulting,women,2,silver,athlete,Julia Sophie Wagner,Germany,DEU,https://en.wikipedia.org/wiki/2022_FEI_World_Championships
fei_world_championships,FEI World Championships,FEI World Championships,2022,2022-12-31,equestrian-vaulting,Vaulting,women-vaulting,Women's vaulting,women,3,bronze,athlete,Sheena Bendixen,Denmark,DNK,https://en.wikipedia.org/wiki/2022_FEI_World_Championships
