competition_id,competition_name,year,event_date,discipline_key,discipline_name,event_key,event_name,gender,event_label,rank,medal,participant_type,participant_name,country_name,country_code,team_members,source_url
biathlon_world_championships,Biathlon World Championships,2001,2001-12-31,biathlon,Biathlon,individual-20-km,Biathlon World Championships Men Individual (20 km),men,Individual (20 km),1,gold,athlete,Paavo Puurunen,Finland,FIN,,https://en.wikipedia.org/wiki/Biathlon_World_Championships
biathlon_world_championships,Biathlon World Championships,2001,2001-12-31,biathlon,Biathlon,individual-20-km,Biathlon World Championships Men Individual (20 km),men,Individual (20 km),2,silver,athlete,Vadim Sashurin,Belarus,BLR,,https://en.wikipedia.org/wiki/Biathlon_World_Championships
biathlon_world_championships,Biathlon World Championships,2001,2001-12-31,biathlon,Biathlon,individual-20-km,Biathlon World Championships Men Individual (20 km),men,Individual (20 km),3,bronze,athlete,Ilmārs Bricis,Latvia,LAT,,https://en.wikipedia.org/wiki/Biathlon_World_Championships
biathlon_world_championships,Biathlon World Championships,2001,2001-12-31,biathlon,Biathlon,mass-start-15-km,Biathlon World Championships Men Mass start (15 km),men,Mass start (15 km),1,gold,athlete,Raphaël Poirée,France,FRA,,https://en.wikipedia.org/wiki/Biathlon_World_Championships
biathlon_world_championships,Biathlon World Championships,2001,2001-12-31,biathlon,Biathlon,mass-start-15-km,Biathlon World Championships Men Mass start (15 km),men,Mass start (15 km),2,silver,athlete,Ole Einar Bjørndalen,Norway,NOR,,https://en.wikipedia.org/wiki/Biathlon_World_Championships
biathlon_world_championships,Biathlon World Championships,2001,2001-12-31,biathlon,Biathlon,mass-start-15-km,Biathlon World Championships Men Mass start (15 km),men,Mass start (15 km),3,bronze,athlete,Sven Fischer,Germany,GER,,https://en.wikipedia.org/wiki/Biathlon_World_Championships
biathlon_world_championships,Biathlon World Championships,2001,2001-12-31,biathlon,Biathlon,pursuit-12-5-km,Biathlon World Championships Men Pursuit (12.5 km),men,Pursuit (12.5 km),1,gold,athlete,Pavel Rostovtsev,Russia,RUS,,https://en.wikipedia.org/wiki/Biathlon_World_Championships
biathlon_world_championships,Biathlon World Championships,2001,2001-12-31,biathlon,Biathlon,pursuit-12-5-km,Biathlon World Championships Men Pursuit (12.5 km),men,Pursuit (12.5 km),2,silver,athlete,Raphaël Poirée,France,FRA,,https://en.wikipedia.org/wiki/Biathlon_World_Championships
biathlon_world_championships,Biathlon World Championships,2001,2001-12-31,biathlon,Biathlon,pursuit-12-5-km,Biathlon World Championships Men Pursuit (12.5 km),men,Pursuit (12.5 km),3,bronze,athlete,Sven Fischer,Germany,GER,,https://en.wikipedia.org/wiki/Biathlon_World_Championships
biathlon_world_championships,Biathlon World Championships,2001,2001-12-31,biathlon,Biathlon,relay-4-7-5-km,Biathlon World Championships Men Relay (4 × 7.5 km),men,Relay (4 × 7.5 km),1,gold,team,France,France,FRA,Gilles Marguet / Vincent Defrasne / Julien Robert / Raphaël Poirée,https://en.wikipedia.org/wiki/Biathlon_World_Championships
biathlon_world_championships,Biathlon World Championships,2001,2001-12-31,biathlon,Biathlon,relay-4-7-5-km,Biathlon World Championships Men Relay (4 × 7.5 km),men,Relay (4 × 7.5 km),2,silver,team,Belarus,Belarus,BLR,Alexei Aidarov / Alexander Syman / Oleg Ryzhenkov / Vadim Sashurin,https://en.wikipedia.org/wiki/Biathlon_World_Championships
biathlon_world_championships,Biathlon World Championships,2001,2001-12-31,biathlon,Biathlon,relay-4-7-5-km,Biathlon World Championships Men Relay (4 × 7.5 km),men,Relay (4 × 7.5 km),3,bronze,team,Norway,Norway,NOR,Egil Gjelland / Frode Andresen / Halvard Hanevold / Ole Einar Bjørndalen,https://en.wikipedia.org/wiki/Biathlon_World_Championships
biathlon_world_championships,Biathlon World Championships,2001,2001-12-31,biathlon,Biathlon,sprint-10-km,Biathlon World Championships Men Sprint (10 km),men,Sprint (10 km),1,gold,athlete,Pavel Rostovtsev,Russia,RUS,,https://en.wikipedia.org/wiki/Biathlon_World_Championships
biathlon_world_championships,Biathlon World Championships,2001,2001-12-31,biathlon,Biathlon,sprint-10-km,Biathlon World Championships Men Sprint (10 km),men,Sprint (10 km),2,silver,athlete,René Cattarinussi,Italy,ITA,,https://en.wikipedia.org/wiki/Biathlon_World_Championships
biathlon_world_championships,Biathlon World Championships,2001,2001-12-31,biathlon,Biathlon,sprint-10-km,Biathlon World Championships Men Sprint (10 km),men,Sprint (10 km),3,bronze,athlete,Halvard Hanevold,Norway,NOR,,https://en.wikipedia.org/wiki/Biathlon_World_Championships
biathlon_world_championships,Biathlon World Championships,2001,2001-12-31,biathlon,Biathlon,individual-15-km,Biathlon World Championships Women Individual (15 km),women,Individual (15 km),1,gold,athlete,Magdalena Forsberg,Sweden,SWE,,https://en.wikipedia.org/wiki/Biathlon_World_Championships
biathlon_world_championships,Biathlon World Championships,2001,2001-12-31,biathlon,Biathlon,individual-15-km,Biathlon World Championships Women Individual (15 km),women,Individual (15 km),2,silver,athlete,Liv Grete Poirée,Norway,NOR,,https://en.wikipedia.org/wiki/Biathlon_World_Championships
biathlon_world_championships,Biathlon World Championships,2001,2001-12-31,biathlon,Biathlon,individual-15-km,Biathlon World Championships Women Individual (15 km),women,Individual (15 km),3,bronze,athlete,Olena Zubrilova,Ukraine,UKR,,https://en.wikipedia.org/wiki/Biathlon_World_Championships
biathlon_world_championships,Biathlon World Championships,2001,2001-12-31,biathlon,Biathlon,mass-start-12-5-km,Biathlon World Championships Women Mass start (12.5 km),women,Mass start (12.5 km),1,gold,athlete,Magdalena Forsberg,Sweden,SWE,,https://en.wikipedia.org/wiki/Biathlon_World_Championships
biathlon_world_championships,Biathlon World Championships,2001,2001-12-31,biathlon,Biathlon,mass-start-12-5-km,Biathlon World Championships Women Mass start (12.5 km),women,Mass start (12.5 km),2,silver,athlete,Martina Glagow,Germany,GER,,https://en.wikipedia.org/wiki/Biathlon_World_Championships
biathlon_world_championships,Biathlon World Championships,2001,2001-12-31,biathlon,Biathlon,mass-start-12-5-km,Biathlon World Championships Women Mass start (12.5 km),women,Mass start (12.5 km),3,bronze,athlete,Liv Grete Poirée,Norway,NOR,,https://en.wikipedia.org/wiki/Biathlon_World_Championships
biathlon_world_championships,Biathlon World Championships,2001,2001-12-31,biathlon,Biathlon,pursuit-10-km,Biathlon World Championships Women Pursuit (10 km),women,Pursuit (10 km),1,gold,athlete,Liv Grete Poirée,Norway,NOR,,https://en.wikipedia.org/wiki/Biathlon_World_Championships
biathlon_world_championships,Biathlon World Championships,2001,2001-12-31,biathlon,Biathlon,pursuit-10-km,Biathlon World Championships Women Pursuit (10 km),women,Pursuit (10 km),2,silver,athlete,Corinne Niogret,France,FRA,,https://en.wikipedia.org/wiki/Biathlon_World_Championships
biathlon_world_championships,Biathlon World Championships,2001,2001-12-31,biathlon,Biathlon,pursuit-10-km,Biathlon World Championships Women Pursuit (10 km),women,Pursuit (10 km),3,bronze,athlete,Magdalena Forsberg,Sweden,SWE,,https://en.wikipedia.org/wiki/Biathlon_World_Championships
biathlon_world_championships,Biathlon World Championships,2001,2001-12-31,biathlon,Biathlon,relay-4-6-km,Biathlon World Championships Women Relay (4 × 6 km),women,Relay (4 × 6 km),1,gold,team,Russia,Russia,RUS,Olga Pyleva / Anna Bogaliy / Galina Kukleva / Svetlana Ishmouratova,https://en.wikipedia.org/wiki/Biathlon_World_Championships
biathlon_world_championships,Biathlon World Championships,2001,2001-12-31,biathlon,Biathlon,relay-4-6-km,Biathlon World Championships Women Relay (4 × 6 km),women,Relay (4 × 6 km),2,silver,team,Germany,Germany,GER,Uschi Disl / Katrin Apel / Andrea Henkel / Kati Wilhelm,https://en.wikipedia.org/wiki/Biathlon_World_Championships
biathlon_world_championships,Biathlon World Championships,2001,2001-12-31,biathlon,Biathlon,relay-4-6-km,Biathlon World Championships Women Relay (4 × 6 km),women,Relay (4 × 6 km),3,bronze,team,Ukraine,Ukraine,UKR,Olena Zubrilova / Olena Petrova / Nina Lemesh / Tetyana Vodopyanova,https://en.wikipedia.org/wiki/Biathlon_World_Championships
biathlon_world_championships,Biathlon World Championships,2001,2001-12-31,biathlon,Biathlon,sprint-7-5-km,Biathlon World Championships Women Sprint (7.5 km),women,Sprint (7.5 km),1,gold,athlete,Kati Wilhelm,Germany,GER,,https://en.wikipedia.org/wiki/Biathlon_World_Championships
biathlon_world_championships,Biathlon World Championships,2001,2001-12-31,biathlon,Biathlon,sprint-7-5-km,Biathlon World Championships Women Sprint (7.5 km),women,Sprint (7.5 km),2,silver,athlete,Uschi Disl,Germany,GER,,https://en.wikipedia.org/wiki/Biathlon_World_Championships
biathlon_world_championships,Biathlon World Championships,2001,2001-12-31,biathlon,Biathlon,sprint-7-5-km,Biathlon World Championships Women Sprint (7.5 km),women,Sprint (7.5 km),3,bronze,athlete,Liv Grete Poirée,Norway,NOR,,https://en.wikipedia.org/wiki/Biathlon_World_Championships
biathlon_world_championships,Biathlon World Championships,2002,2002-12-31,biathlon,Biathlon,mass-start-15-km,Biathlon World Championships Men Mass start (15 km),men,Mass start (15 km),1,gold,athlete,Raphaël Poirée,France,FRA,,https://en.wikipedia.org/wiki/Biathlon_World_Championships
biathlon_world_championships,Biathlon World Championships,2002,2002-12-31,biathlon,Biathlon,mass-start-15-km,Biathlon World Championships Men Mass start (15 km),men,Mass start (15 km),2,silver,athlete,Sven Fischer,Germany,GER,,https://en.wikipedia.org/wiki/Biathlon_World_Championships
biathlon_world_championships,Biathlon World Championships,2002,2002-12-31,biathlon,Biathlon,mass-start-15-km,Biathlon World Championships Men Mass start (15 km),men,Mass start (15 km),3,bronze,athlete,Frode Andresen,Norway,NOR,,https://en.wikipedia.org/wiki/Biathlon_World_Championships
biathlon_world_championships,Biathlon World Championships,2002,2002-12-31,biathlon,Biathlon,mass-start-12-5-km,Biathlon World Championships Women Mass start (12.5 km),women,Mass start (12.5 km),1,gold,athlete,Olena Zubrilova,Ukraine,UKR,,https://en.wikipedia.org/wiki/Biathlon_World_Championships
biathlon_world_championships,Biathlon World Championships,2002,2002-12-31,biathlon,Biathlon,mass-start-12-5-km,Biathlon World Championships Women Mass start (12.5 km),women,Mass start (12.5 km),2,silver,athlete,Olga Pyleva,Russia,RUS,,https://en.wikipedia.org/wiki/Biathlon_World_Championships
biathlon_world_championships,Biathlon World Championships,2002,2002-12-31,biathlon,Biathlon,mass-start-12-5-km,Biathlon World Championships Women Mass start (12.5 km),women,Mass start (12.5 km),3,bronze,athlete,Olga Nazarova,Belarus,BLR,,https://en.wikipedia.org/wiki/Biathlon_World_Championships
biathlon_world_championships,Biathlon World Championships,2003,2003-12-31,biathlon,Biathlon,individual-20-km,Biathlon World Championships Men Individual (20 km),men,Individual (20 km),1,gold,athlete,Halvard Hanevold,Norway,NOR,,https://en.wikipedia.org/wiki/Biathlon_World_Championships
biathlon_world_championships,Biathlon World Championships,2003,2003-12-31,biathlon,Biathlon,individual-20-km,Biathlon World Championships Men Individual (20 km),men,Individual (20 km),2,silver,athlete,Vesa Hietalahti,Finland,FIN,,https://en.wikipedia.org/wiki/Biathlon_World_Championships
biathlon_world_championships,Biathlon World Championships,2003,2003-12-31,biathlon,Biathlon,individual-20-km,Biathlon World Championships Men Individual (20 km),men,Individual (20 km),3,bronze,athlete,Ricco Groß,Germany,GER,,https://en.wikipedia.org/wiki/Biathlon_World_Championships
biathlon_world_championships,Biathlon World Championships,2003,2003-12-31,biathlon,Biathlon,mass-start-15-km,Biathlon World Championships Men Mass start (15 km),men,Mass start (15 km),1,gold,athlete,Ole Einar Bjørndalen,Norway,NOR,,https://en.wikipedia.org/wiki/Biathlon_World_Championships
biathlon_world_championships,Biathlon World Championships,2003,2003-12-31,biathlon,Biathlon,mass-start-15-km,Biathlon World Championships Men Mass start (15 km),men,Mass start (15 km),2,silver,athlete,Sven Fischer,Germany,GER,,https://en.wikipedia.org/wiki/Biathlon_World_Championships
biathlon_world_championships,Biathlon World Championships,2003,2003-12-31,biathlon,Biathlon,mass-start-15-km,Biathlon World Championships Men Mass start (15 km),men,Mass start (15 km),3,bronze,athlete,Raphaël Poirée,France,FRA,,https://en.wikipedia.org/wiki/Biathlon_World_Championships
biathlon_world_championships,Biathlon World Championships,2003,2003-12-31,biathlon,Biathlon,pursuit-12-5-km,Biathlon World Championships Men Pursuit (12.5 km),men,Pursuit (12.5 km),1,gold,athlete,Ricco Groß,Germany,GER,,https://en.wikipedia.org/wiki/Biathlon_World_Championships
biathlon_world_championships,Biathlon World Championships,2003,2003-12-31,biathlon,Biathlon,pursuit-12-5-km,Biathlon World Championships Men Pursuit (12.5 km),men,Pursuit (12.5 km),2,silver,athlete,Halvard Hanevold,Norway,NOR,,https://en.wikipedia.org/wiki/Biathlon_World_Championships
biathlon_world_championships,Biathlon World Championships,2003,2003-12-31,biathlon,Biathlon,pursuit-12-5-km,Biathlon World Championships Men Pursuit (12.5 km),men,Pursuit (12.5 km),3,bronze,athlete,Paavo Puurunen,Finland,FIN,,https://en.wikipedia.org/wiki/Biathlon_World_Championships
biathlon_world_championships,Biathlon World Championships,2003,2003-12-31,biathlon,Biathlon,relay-4-7-5-km,Biathlon World Championships Men Relay (4 × 7.5 km),men,Relay (4 × 7.5 km),1,gold,team,Germany,Germany,GER,Peter Sendel / Sven Fischer / Ricco Groß / Frank Luck,https://en.wikipedia.org/wiki/Biathlon_World_Championships
biathlon_world_championships,Biathlon World Championships,2003,2003-12-31,biathlon,Biathlon,relay-4-7-5-km,Biathlon World Championships Men Relay (4 × 7.5 km),men,Relay (4 × 7.5 km),2,silver,team,Russia,Russia,RUS,Viktor Maigourov / Pavel Rostovtsev / Sergei Rozhkov / Sergei Tchepikov,https://en.wikipedia.org/wiki/Biathlon_World_Championships
biathlon_world_championships,Biathlon World Championships,2003,2003-12-31,biathlon,Biathlon,relay-4-7-5-km,Biathlon World Championships Men Relay (4 × 7.5 km),men,Relay (4 × 7.5 km),3,bronze,team,Belarus,Belarus,BLR,Alexei Aidarov / Vladimir Drachev / Rustam Valliulin / Oleg Ryzhenkov,https://en.wikipedia.org/wiki/Biathlon_World_Championships
biathlon_world_championships,Biathlon World Championships,2003,2003-12-31,biathlon,Biathlon,sprint-10-km,Biathlon World Championships Men Sprint (10 km),men,Sprint (10 km),1,gold,athlete,Ole Einar Bjørndalen,Norway,NOR,,https://en.wikipedia.org/wiki/Biathlon_World_Championships
biathlon_world_championships,Biathlon World Championships,2003,2003-12-31,biathlon,Biathlon,sprint-10-km,Biathlon World Championships Men Sprint (10 km),men,Sprint (10 km),2,silver,athlete,Ricco Groß,Germany,GER,,https://en.wikipedia.org/wiki/Biathlon_World_Championships
biathlon_world_championships,Biathlon World Championships,2003,2003-12-31,biathlon,Biathlon,sprint-10-km,Biathlon World Championships Men Sprint (10 km),men,Sprint (10 km),3,bronze,athlete,Zdeněk Vítek,Czech Republic,CZE,,https://en.wikipedia.org/wiki/Biathlon_World_Championships
biathlon_world_championships,Biathlon World Championships,2003,2003-12-31,biathlon,Biathlon,individual-15-km,Biathlon World Championships Women Individual (15 km),women,Individual (15 km),1,gold,athlete,Kateřina Holubcová,Czech Republic,CZE,,https://en.wikipedia.org/wiki/Biathlon_World_Championships
biathlon_world_championships,Biathlon World Championships,2003,2003-12-31,biathlon,Biathlon,individual-15-km,Biathlon World Championships Women Individual (15 km),women,Individual (15 km),2,silver,athlete,Olena Zubrilova,Belarus,BLR,,https://en.wikipedia.org/wiki/Biathlon_World_Championships
biathlon_world_championships,Biathlon World Championships,2003,2003-12-31,biathlon,Biathlon,individual-15-km,Biathlon World Championships Women Individual (15 km),women,Individual (15 km),3,bronze,athlete,Gunn Margit Andreassen,Norway,NOR,,https://en.wikipedia.org/wiki/Biathlon_World_Championships
biathlon_world_championships,Biathlon World Championships,2003,2003-12-31,biathlon,Biathlon,mass-start-12-5-km,Biathlon World Championships Women Mass start (12.5 km),women,Mass start (12.5 km),1,gold,athlete,Albina Akhatova,Russia,RUS,,https://en.wikipedia.org/wiki/Biathlon_World_Championships
biathlon_world_championships,Biathlon World Championships,2003,2003-12-31,biathlon,Biathlon,mass-start-12-5-km,Biathlon World Championships Women Mass start (12.5 km),women,Mass start (12.5 km),2,silver,athlete,Svetlana Ishmouratova,Russia,RUS,,https://en.wikipedia.org/wiki/Biathlon_World_Championships
biathlon_world_championships,Biathlon World Championships,2003,2003-12-31,biathlon,Biathlon,mass-start-12-5-km,Biathlon World Championships Women Mass start (12.5 km),women,Mass start (12.5 km),3,bronze,athlete,Sandrine Bailly,France,FRA,,https://en.wikipedia.org/wiki/Biathlon_World_Championships
biathlon_world_championships,Biathlon World Championships,2003,2003-12-31,biathlon,Biathlon,pursuit-10-km,Biathlon World Championships Women Pursuit (10 km),women,Pursuit (10 km),1,gold,athlete,Sandrine Bailly,France,FRA,,https://en.wikipedia.org/wiki/Biathlon_World_Championships
biathlon_world_championships,Biathlon World Championships,2003,2003-12-31,biathlon,Biathlon,pursuit-10-km,Biathlon World Championships Women Pursuit (10 km),women,Pursuit (10 km),3,bronze,athlete,Svetlana Ishmouratova,Russia,RUS,,https://en.wikipedia.org/wiki/Biathlon_World_Championships
biathlon_world_championships,Biathlon World Championships,2003,2003-12-31,biathlon,Biathlon,relay-4-6-km,Biathlon World Championships Women Relay (4 × 6 km),women,Relay (4 × 6 km),1,gold,team,Russia,Russia,RUS,Albina Akhatova / Svetlana Ishmouratova / Galina Kukleva / Svetlana Tchernousova,https://en.wikipedia.org/wiki/Biathlon_World_Championships
biathlon_world_championships,Biathlon World Championships,2003,2003-12-31,biathlon,Biathlon,relay-4-6-km,Biathlon World Championships Women Relay (4 × 6 km),women,Relay (4 × 6 km),2,silver,team,Ukraine,Ukraine,UKR,Oksana Khvostenko / Iryna Merkushina / Oksana Yakovleva / Olena Petrova,https://en.wikipedia.org/wiki/Biathlon_World_Championships
biathlon_world_championships,Biathlon World Championships,2003,2003-12-31,biathlon,Biathlon,relay-4-6-km,Biathlon World Championships Women Relay (4 × 6 km),women,Relay (4 × 6 km),3,bronze,team,Germany,Germany,GER,Simone Denkinger / Uschi Disl / Kati Wilhelm / Martina Glagow,https://en.wikipedia.org/wiki/Biathlon_World_Championships
biathlon_world_championships,Biathlon World Championships,2003,2003-12-31,biathlon,Biathlon,sprint-7-5-km,Biathlon World Championships Women Sprint (7.5 km),women,Sprint (7.5 km),1,gold,athlete,Sylvie Becaert,France,FRA,,https://en.wikipedia.org/wiki/Biathlon_World_Championships
biathlon_world_championships,Biathlon World Championships,2003,2003-12-31,biathlon,Biathlon,sprint-7-5-km,Biathlon World Championships Women Sprint (7.5 km),women,Sprint (7.5 km),2,silver,athlete,Olena Petrova,Ukraine,UKR,,https://en.wikipedia.org/wiki/Biathlon_World_Championships
biathlon_world_championships,Biathlon World Championships,2003,2003-12-31,biathlon,Biathlon,sprint-7-5-km,Biathlon World Championships Women Sprint (7.5 km),women,Sprint (7.5 km),3,bronze,athlete,Kateřina Holubcová,Czech Republic,CZE,,https://en.wikipedia.org/wiki/Biathlon_World_Championships
biathlon_world_championships,Biathlon World Championships,2004,2004-12-31,biathlon,Biathlon,individual-20-km,Biathlon World Championships Men Individual (20 km),men,Individual (20 km),1,gold,athlete,Raphaël Poirée,France,FRA,,https://en.wikipedia.org/wiki/Biathlon_World_Championships
biathlon_world_championships,Biathlon World Championships,2004,2004-12-31,biathlon,Biathlon,individual-20-km,Biathlon World Championships Men Individual (20 km),men,Individual (20 km),2,silver,athlete,Tomasz Sikora,Poland,POL,,https://en.wikipedia.org/wiki/Biathlon_World_Championships
biathlon_world_championships,Biathlon World Championships,2004,2004-12-31,biathlon,Biathlon,individual-20-km,Biathlon World Championships Men Individual (20 km),men,Individual (20 km),3,bronze,athlete,Ole Einar Bjørndalen,Norway,NOR,,https://en.wikipedia.org/wiki/Biathlon_World_Championships
biathlon_world_championships,Biathlon World Championships,2004,2004-12-31,biathlon,Biathlon,mass-start-15-km,Biathlon World Championships Men Mass start (15 km),men,Mass start (15 km),1,gold,athlete,Raphaël Poirée,France,FRA,,https://en.wikipedia.org/wiki/Biathlon_World_Championships
biathlon_world_championships,Biathlon World Championships,2004,2004-12-31,biathlon,Biathlon,mass-start-15-km,Biathlon World Championships Men Mass start (15 km),men,Mass start (15 km),2,silver,athlete,Lars Berger,Norway,NOR,,https://en.wikipedia.org/wiki/Biathlon_World_Championships
biathlon_world_championships,Biathlon World Championships,2004,2004-12-31,biathlon,Biathlon,mass-start-15-km,Biathlon World Championships Men Mass start (15 km),men,Mass start (15 km),3,bronze,athlete,Sergei Konovalov,Russia,RUS,,https://en.wikipedia.org/wiki/Biathlon_World_Championships
biathlon_world_championships,Biathlon World Championships,2004,2004-12-31,biathlon,Biathlon,pursuit-12-5-km,Biathlon World Championships Men Pursuit (12.5 km),men,Pursuit (12.5 km),1,gold,athlete,Ricco Groß,Germany,GER,,https://en.wikipedia.org/wiki/Biathlon_World_Championships
biathlon_world_championships,Biathlon World Championships,2004,2004-12-31,biathlon,Biathlon,pursuit-12-5-km,Biathlon World Championships Men Pursuit (12.5 km),men,Pursuit (12.5 km),2,silver,athlete,Raphaël Poirée,France,FRA,,https://en.wikipedia.org/wiki/Biathlon_World_Championships
biathlon_world_championships,Biathlon World Championships,2004,2004-12-31,biathlon,Biathlon,pursuit-12-5-km,Biathlon World Championships Men Pursuit (12.5 km),men,Pursuit (12.5 km),3,bronze,athlete,Ole Einar Bjørndalen,Norway,NOR,,https://en.wikipedia.org/wiki/Biathlon_World_Championships
biathlon_world_championships,Biathlon World Championships,2004,2004-12-31,biathlon,Biathlon,relay-4-7-5-km,Biathlon World Championships Men Relay (4 × 7.5 km),men,Relay (4 × 7.5 km),1,gold,team,Germany,Germany,GER,Frank Luck / Ricco Groß / Sven Fischer / Michael Greis,https://en.wikipedia.org/wiki/Biathlon_World_Championships
biathlon_world_championships,Biathlon World Championships,2004,2004-12-31,biathlon,Biathlon,relay-4-7-5-km,Biathlon World Championships Men Relay (4 × 7.5 km),men,Relay (4 × 7.5 km),2,silver,team,Norway,Norway,NOR,Halvard Hanevold / Lars Berger / Egil Gjelland / Ole Einar Bjørndalen,https://en.wikipedia.org/wiki/Biathlon_World_Championships
biathlon_world_championships,Biathlon World Championships,2004,2004-12-31,biathlon,Biathlon,relay-4-7-5-km,Biathlon World Championships Men Relay (4 × 7.5 km),men,Relay (4 × 7.5 km),3,bronze,team,France,France,FRA,Ferreol Cannard / Vincent Defrasne / Julien Robert / Raphaël Poirée,https://en.wikipedia.org/wiki/Biathlon_World_Championships
biathlon_world_championships,Biathlon World Championships,2004,2004-12-31,biathlon,Biathlon,sprint-10-km,Biathlon World Championships Men Sprint (10 km),men,Sprint (10 km),1,gold,athlete,Raphaël Poirée,France,FRA,,https://en.wikipedia.org/wiki/Biathlon_World_Championships
biathlon_world_championships,Biathlon World Championships,2004,2004-12-31,biathlon,Biathlon,sprint-10-km,Biathlon World Championships Men Sprint (10 km),men,Sprint (10 km),2,silver,athlete,Ricco Groß,Germany,GER,,https://en.wikipedia.org/wiki/Biathlon_World_Championships
biathlon_world_championships,Biathlon World Championships,2004,2004-12-31,biathlon,Biathlon,sprint-10-km,Biathlon World Championships Men Sprint (10 km),men,Sprint (10 km),3,bronze,athlete,Ole Einar Bjørndalen,Norway,NOR,,https://en.wikipedia.org/wiki/Biathlon_World_Championships
biathlon_world_championships,Biathlon World Championships,2004,2004-12-31,biathlon,Biathlon,individual-15-km,Biathlon World Championships Women Individual (15 km),women,Individual (15 km),1,gold,athlete,Olga Pyleva,Russia,RUS,,https://en.wikipedia.org/wiki/Biathlon_World_Championships
biathlon_world_championships,Biathlon World Championships,2004,2004-12-31,biathlon,Biathlon,individual-15-km,Biathlon World Championships Women Individual (15 km),women,Individual (15 km),2,silver,athlete,Albina Akhatova,Russia,RUS,,https://en.wikipedia.org/wiki/Biathlon_World_Championships
biathlon_world_championships,Biathlon World Championships,2004,2004-12-31,biathlon,Biathlon,individual-15-km,Biathlon World Championships Women Individual (15 km),women,Individual (15 km),3,bronze,athlete,Olena Petrova,Ukraine,UKR,,https://en.wikipedia.org/wiki/Biathlon_World_Championships
biathlon_world_championships,Biathlon World Championships,2004,2004-12-31,biathlon,Biathlon,mass-start-12-5-km,Biathlon World Championships Women Mass start (12.5 km),women,Mass start (12.5 km),1,gold,athlete,Liv Grete Poirée,Norway,NOR,,https://en.wikipedia.org/wiki/Biathlon_World_Championships
biathlon_world_championships,Biathlon World Championships,2004,2004-12-31,biathlon,Biathlon,mass-start-12-5-km,Biathlon World Championships Women Mass start (12.5 km),women,Mass start (12.5 km),2,silver,athlete,Katrin Apel,Germany,GER,,https://en.wikipedia.org/wiki/Biathlon_World_Championships
biathlon_world_championships,Biathlon World Championships,2004,2004-12-31,biathlon,Biathlon,mass-start-12-5-km,Biathlon World Championships Women Mass start (12.5 km),women,Mass start (12.5 km),3,bronze,athlete,Sandrine Bailly,France,FRA,,https://en.wikipedia.org/wiki/Biathlon_World_Championships
biathlon_world_championships,Biathlon World Championships,2004,2004-12-31,biathlon,Biathlon,pursuit-10-km,Biathlon World Championships Women Pursuit (10 km),women,Pursuit (10 km),1,gold,athlete,Liv Grete Poirée,Norway,NOR,,https://en.wikipedia.org/wiki/Biathlon_World_Championships
biathlon_world_championships,Biathlon World Championships,2004,2004-12-31,biathlon,Biathlon,pursuit-10-km,Biathlon World Championships Women Pursuit (10 km),women,Pursuit (10 km),2,silver,athlete,Martina Glagow,Germany,GER,,https://en.wikipedia.org/wiki/Biathlon_World_Championships
biathlon_world_championships,Biathlon World Championships,2004,2004-12-31,biathlon,Biathlon,pursuit-10-km,Biathlon World Championships Women Pursuit (10 km),women,Pursuit (10 km),3,bronze,athlete,Anna Bogaliy,Russia,RUS,,https://en.wikipedia.org/wiki/Biathlon_World_Championships
biathlon_world_championships,Biathlon World Championships,2004,2004-12-31,biathlon,Biathlon,relay-4-6-km,Biathlon World Championships Women Relay (4 × 6 km),women,Relay (4 × 6 km),1,gold,team,Norway,Norway,NOR,Linda Tjørhom / Gro Marit Istad Kristiansen / Gunn Margit Andreassen / Liv Grete Poirée,https://en.wikipedia.org/wiki/Biathlon_World_Championships
biathlon_world_championships,Biathlon World Championships,2004,2004-12-31,biathlon,Biathlon,relay-4-6-km,Biathlon World Championships Women Relay (4 × 6 km),women,Relay (4 × 6 km),2,silver,team,Russia,Russia,RUS,Olga Pyleva / Svetlana Ishmouratova / Anna Bogaliy / Albina Akhatova,https://en.wikipedia.org/wiki/Biathlon_World_Championships
biathlon_world_championships,Biathlon World Championships,2004,2004-12-31,biathlon,Biathlon,relay-4-6-km,Biathlon World Championships Women Relay (4 × 6 km),women,Relay (4 × 6 km),3,bronze,team,Germany,Germany,GER,Martina Glagow / Katrin Apel / Simone Denkinger / Kati Wilhelm,https://en.wikipedia.org/wiki/Biathlon_World_Championships
biathlon_world_championships,Biathlon World Championships,2004,2004-12-31,biathlon,Biathlon,sprint-7-5-km,Biathlon World Championships Women Sprint (7.5 km),women,Sprint (7.5 km),1,gold,athlete,Liv Grete Poirée,Norway,NOR,,https://en.wikipedia.org/wiki/Biathlon_World_Championships
biathlon_world_championships,Biathlon World Championships,2004,2004-12-31,biathlon,Biathlon,sprint-7-5-km,Biathlon World Championships Women Sprint (7.5 km),women,Sprint (7.5 km),2,silver,athlete,Anna Bogaliy,Russia,RUS,,https://en.wikipedia.org/wiki/Biathlon_World_Championships
biathlon_world_championships,Biathlon World Championships,2004,2004-12-31,biathlon,Biathlon,sprint-7-5-km,Biathlon World Championships Women Sprint (7.5 km),women,Sprint (7.5 km),3,bronze,athlete,Martina Glagow,Germany,GER,,https://en.wikipedia.org/wiki/Biathlon_World_Championships
biathlon_world_championships,Biathlon World Championships,2005,2005-12-31,biathlon,Biathlon,individual-20-km,Biathlon World Championships Men Individual (20 km),men,Individual (20 km),1,gold,athlete,Roman Dostál,Czech Republic,CZE,,https://en.wikipedia.org/wiki/Biathlon_World_Championships
biathlon_world_championships,Biathlon World Championships,2005,2005-12-31,biathlon,Biathlon,individual-20-km,Biathlon World Championships Men Individual (20 km),men,Individual (20 km),2,silver,athlete,Michael Greis,Germany,GER,,https://en.wikipedia.org/wiki/Biathlon_World_Championships
biathlon_world_championships,Biathlon World Championships,2005,2005-12-31,biathlon,Biathlon,individual-20-km,Biathlon World Championships Men Individual (20 km),men,Individual (20 km),3,bronze,athlete,Ricco Groß,Germany,GER,,https://en.wikipedia.org/wiki/Biathlon_World_Championships
biathlon_world_championships,Biathlon World Championships,2005,2005-12-31,biathlon,Biathlon,mass-start-15-km,Biathlon World Championships Men Mass start (15 km),men,Mass start (15 km),1,gold,athlete,Ole Einar Bjørndalen,Norway,NOR,,https://en.wikipedia.org/wiki/Biathlon_World_Championships
biathlon_world_championships,Biathlon World Championships,2005,2005-12-31,biathlon,Biathlon,mass-start-15-km,Biathlon World Championships Men Mass start (15 km),men,Mass start (15 km),2,silver,athlete,Sven Fischer,Germany,GER,,https://en.wikipedia.org/wiki/Biathlon_World_Championships
biathlon_world_championships,Biathlon World Championships,2005,2005-12-31,biathlon,Biathlon,mass-start-15-km,Biathlon World Championships Men Mass start (15 km),men,Mass start (15 km),3,bronze,athlete,Raphaël Poirée,France,FRA,,https://en.wikipedia.org/wiki/Biathlon_World_Championships
biathlon_world_championships,Biathlon World Championships,2005,2005-12-31,biathlon,Biathlon,pursuit-12-5-km,Biathlon World Championships Men Pursuit (12.5 km),men,Pursuit (12.5 km),1,gold,athlete,Ole Einar Bjørndalen,Norway,NOR,,https://en.wikipedia.org/wiki/Biathlon_World_Championships
biathlon_world_championships,Biathlon World Championships,2005,2005-12-31,biathlon,Biathlon,pursuit-12-5-km,Biathlon World Championships Men Pursuit (12.5 km),men,Pursuit (12.5 km),2,silver,athlete,Sergei Tchepikov,Russia,RUS,,https://en.wikipedia.org/wiki/Biathlon_World_Championships
biathlon_world_championships,Biathlon World Championships,2005,2005-12-31,biathlon,Biathlon,pursuit-12-5-km,Biathlon World Championships Men Pursuit (12.5 km),men,Pursuit (12.5 km),3,bronze,athlete,Sven Fischer,Germany,GER,,https://en.wikipedia.org/wiki/Biathlon_World_Championships
biathlon_world_championships,Biathlon World Championships,2005,2005-12-31,biathlon,Biathlon,relay-4-7-5-km,Biathlon World Championships Men Relay (4 × 7.5 km),men,Relay (4 × 7.5 km),1,gold,team,Norway,Norway,NOR,Halvard Hanevold / Stian Eckhoff / Egil Gjelland / Ole Einar Bjørndalen,https://en.wikipedia.org/wiki/Biathlon_World_Championships
biathlon_world_championships,Biathlon World Championships,2005,2005-12-31,biathlon,Biathlon,relay-4-7-5-km,Biathlon World Championships Men Relay (4 × 7.5 km),men,Relay (4 × 7.5 km),2,silver,team,Russia,Russia,RUS,Sergei Rozhkov / Nikolay Kruglov Jr. / Pavel Rostovtsev / Sergei Tchepikov,https://en.wikipedia.org/wiki/Biathlon_World_Championships
biathlon_world_championships,Biathlon World Championships,2005,2005-12-31,biathlon,Biathlon,relay-4-7-5-km,Biathlon World Championships Men Relay (4 × 7.5 km),men,Relay (4 × 7.5 km),3,bronze,team,Austria,Austria,AUT,Daniel Mesotitsch / Friedrich Pinter / Wolfgang Rottmann / Christoph Sumann,https://en.wikipedia.org/wiki/Biathlon_World_Championships
biathlon_world_championships,Biathlon World Championships,2005,2005-12-31,biathlon,Biathlon,sprint-10-km,Biathlon World Championships Men Sprint (10 km),men,Sprint (10 km),1,gold,athlete,Ole Einar Bjørndalen,Norway,NOR,,https://en.wikipedia.org/wiki/Biathlon_World_Championships
biathlon_world_championships,Biathlon World Championships,2005,2005-12-31,biathlon,Biathlon,sprint-10-km,Biathlon World Championships Men Sprint (10 km),men,Sprint (10 km),2,silver,athlete,Sven Fischer,Germany,GER,,https://en.wikipedia.org/wiki/Biathlon_World_Championships
biathlon_world_championships,Biathlon World Championships,2005,2005-12-31,biathlon,Biathlon,sprint-10-km,Biathlon World Championships Men Sprint (10 km),men,Sprint (10 km),3,bronze,athlete,Ilmārs Bricis,Latvia,LAT,,https://en.wikipedia.org/wiki/Biathlon_World_Championships
biathlon_world_championships,Biathlon World Championships,2005,2005-12-31,biathlon,Biathlon,mixed-relay,Biathlon World Championships Mixed Mixed relay,mixed,Mixed relay,1,gold,team,Russia,Russia,RUS,Olga Pyleva / Svetlana Ishmouratova / Ivan Tcherezov / Nikolay Kruglov Jr.,https://en.wikipedia.org/wiki/Biathlon_World_Championships
biathlon_world_championships,Biathlon World Championships,2005,2005-12-31,biathlon,Biathlon,mixed-relay,Biathlon World Championships Mixed Mixed relay,mixed,Mixed relay,2,silver,team,Russia,Russia,RUS,Anna Bogaliy-Titovets / Olga Zaitseva / Sergei Tchepikov / Sergei Rozhkov,https://en.wikipedia.org/wiki/Biathlon_World_Championships
biathlon_world_championships,Biathlon World Championships,2005,2005-12-31,biathlon,Biathlon,mixed-relay,Biathlon World Championships Mixed Mixed relay,mixed,Mixed relay,3,bronze,team,Germany,Germany,GER,Uschi Disl / Kati Wilhelm / Michael Greis / Ricco Groß,https://en.wikipedia.org/wiki/Biathlon_World_Championships
biathlon_world_championships,Biathlon World Championships,2005,2005-12-31,biathlon,Biathlon,individual-15-km,Biathlon World Championships Women Individual (15 km),women,Individual (15 km),1,gold,athlete,Andrea Henkel,Germany,GER,,https://en.wikipedia.org/wiki/Biathlon_World_Championships
biathlon_world_championships,Biathlon World Championships,2005,2005-12-31,biathlon,Biathlon,individual-15-km,Biathlon World Championships Women Individual (15 km),women,Individual (15 km),2,silver,athlete,Sun Ribo,China,CHN,,https://en.wikipedia.org/wiki/Biathlon_World_Championships
biathlon_world_championships,Biathlon World Championships,2005,2005-12-31,biathlon,Biathlon,individual-15-km,Biathlon World Championships Women Individual (15 km),women,Individual (15 km),3,bronze,athlete,Linda Tjørhom,Norway,NOR,,https://en.wikipedia.org/wiki/Biathlon_World_Championships
biathlon_world_championships,Biathlon World Championships,2005,2005-12-31,biathlon,Biathlon,mass-start-12-5-km,Biathlon World Championships Women Mass start (12.5 km),women,Mass start (12.5 km),1,gold,athlete,Gro Marit Istad Kristiansen,Norway,NOR,,https://en.wikipedia.org/wiki/Biathlon_World_Championships
biathlon_world_championships,Biathlon World Championships,2005,2005-12-31,biathlon,Biathlon,mass-start-12-5-km,Biathlon World Championships Women Mass start (12.5 km),women,Mass start (12.5 km),2,silver,athlete,Anna Carin Olofsson,Sweden,SWE,,https://en.wikipedia.org/wiki/Biathlon_World_Championships
biathlon_world_championships,Biathlon World Championships,2005,2005-12-31,biathlon,Biathlon,mass-start-12-5-km,Biathlon World Championships Women Mass start (12.5 km),women,Mass start (12.5 km),3,bronze,athlete,Olga Pyleva,Russia,RUS,,https://en.wikipedia.org/wiki/Biathlon_World_Championships
biathlon_world_championships,Biathlon World Championships,2005,2005-12-31,biathlon,Biathlon,pursuit-10-km,Biathlon World Championships Women Pursuit (10 km),women,Pursuit (10 km),1,gold,athlete,Uschi Disl,Germany,GER,,https://en.wikipedia.org/wiki/Biathlon_World_Championships
biathlon_world_championships,Biathlon World Championships,2005,2005-12-31,biathlon,Biathlon,pursuit-10-km,Biathlon World Championships Women Pursuit (10 km),women,Pursuit (10 km),2,silver,athlete,Liu Xianying,China,CHN,,https://en.wikipedia.org/wiki/Biathlon_World_Championships
biathlon_world_championships,Biathlon World Championships,2005,2005-12-31,biathlon,Biathlon,pursuit-10-km,Biathlon World Championships Women Pursuit (10 km),women,Pursuit (10 km),3,bronze,athlete,Olga Zaitseva,Russia,RUS,,https://en.wikipedia.org/wiki/Biathlon_World_Championships
biathlon_world_championships,Biathlon World Championships,2005,2005-12-31,biathlon,Biathlon,relay-4-6-km,Biathlon World Championships Women Relay (4 × 6 km),women,Relay (4 × 6 km),1,gold,team,Russia,Russia,RUS,Olga Pyleva / Svetlana Ishmouratova / Anna Bogaliy-Titovets / Olga Zaitseva,https://en.wikipedia.org/wiki/Biathlon_World_Championships
biathlon_world_championships,Biathlon World Championships,2005,2005-12-31,biathlon,Biathlon,relay-4-6-km,Biathlon World Championships Women Relay (4 × 6 km),women,Relay (4 × 6 km),2,silver,team,Germany,Germany,GER,Uschi Disl / Katrin Apel / Andrea Henkel / Kati Wilhelm,https://en.wikipedia.org/wiki/Biathlon_World_Championships
biathlon_world_championships,Biathlon World Championships,2005,2005-12-31,biathlon,Biathlon,relay-4-6-km,Biathlon World Championships Women Relay (4 × 6 km),women,Relay (4 × 6 km),3,bronze,team,Belarus,Belarus,BLR,Ekaterina Ivanova / Olga Nazarova / Liudmilla Ananko / Olena Zubrilova,https://en.wikipedia.org/wiki/Biathlon_World_Championships
biathlon_world_championships,Biathlon World Championships,2005,2005-12-31,biathlon,Biathlon,sprint-7-5-km,Biathlon World Championships Women Sprint (7.5 km),women,Sprint (7.5 km),1,gold,athlete,Uschi Disl,Germany,GER,,https://en.wikipedia.org/wiki/Biathlon_World_Championships
biathlon_world_championships,Biathlon World Championships,2005,2005-12-31,biathlon,Biathlon,sprint-7-5-km,Biathlon World Championships Women Sprint (7.5 km),women,Sprint (7.5 km),2,silver,athlete,Olga Zaitseva,Russia,RUS,,https://en.wikipedia.org/wiki/Biathlon_World_Championships
biathlon_world_championships,Biathlon World Championships,2005,2005-12-31,biathlon,Biathlon,sprint-7-5-km,Biathlon World Championships Women Sprint (7.5 km),women,Sprint (7.5 km),3,bronze,athlete,Olena Zubrilova,Belarus,BLR,,https://en.wikipedia.org/wiki/Biathlon_World_Championships
biathlon_world_championships,Biathlon World Championships,2006,2006-12-31,biathlon,Biathlon,mixed-relay,Biathlon World Championships Mixed Mixed relay,mixed,Mixed relay,1,gold,team,Russia,Russia,RUS,Anna Bogaliy-Titovets / Sergei Tchepikov / Irina Malgina / Nikolay Kruglov Jr.,https://en.wikipedia.org/wiki/Biathlon_World_Championships
biathlon_world_championships,Biathlon World Championships,2006,2006-12-31,biathlon,Biathlon,mixed-relay,Biathlon World Championships Mixed Mixed relay,mixed,Mixed relay,2,silver,team,Norway,Norway,NOR,Linda Tjørhom / Halvard Hanevold / Tora Berger / Ole Einar Bjørndalen,https://en.wikipedia.org/wiki/Biathlon_World_Championships
biathlon_world_championships,Biathlon World Championships,2006,2006-12-31,biathlon,Biathlon,mixed-relay,Biathlon World Championships Mixed Mixed relay,mixed,Mixed relay,3,bronze,team,France,France,FRA,Florence Baverel-Robert / Vincent Defrasne / Sandrine Bailly / Raphaël Poirée,https://en.wikipedia.org/wiki/Biathlon_World_Championships
biathlon_world_championships,Biathlon World Championships,2007,2007-12-31,biathlon,Biathlon,individual-20-km,Biathlon World Championships Men Individual (20 km),men,Individual (20 km),1,gold,athlete,Raphaël Poirée,France,FRA,,https://en.wikipedia.org/wiki/Biathlon_World_Championships
biathlon_world_championships,Biathlon World Championships,2007,2007-12-31,biathlon,Biathlon,individual-20-km,Biathlon World Championships Men Individual (20 km),men,Individual (20 km),2,silver,athlete,Michael Greis,Germany,GER,,https://en.wikipedia.org/wiki/Biathlon_World_Championships
biathlon_world_championships,Biathlon World Championships,2007,2007-12-31,biathlon,Biathlon,individual-20-km,Biathlon World Championships Men Individual (20 km),men,Individual (20 km),3,bronze,athlete,Michal Šlesingr,Czech Republic,CZE,,https://en.wikipedia.org/wiki/Biathlon_World_Championships
biathlon_world_championships,Biathlon World Championships,2007,2007-12-31,biathlon,Biathlon,mass-start-15-km,Biathlon World Championships Men Mass start (15 km),men,Mass start (15 km),1,gold,athlete,Michael Greis,Germany,GER,,https://en.wikipedia.org/wiki/Biathlon_World_Championships
biathlon_world_championships,Biathlon World Championships,2007,2007-12-31,biathlon,Biathlon,mass-start-15-km,Biathlon World Championships Men Mass start (15 km),men,Mass start (15 km),2,silver,athlete,Andreas Birnbacher,Germany,GER,,https://en.wikipedia.org/wiki/Biathlon_World_Championships
biathlon_world_championships,Biathlon World Championships,2007,2007-12-31,biathlon,Biathlon,mass-start-15-km,Biathlon World Championships Men Mass start (15 km),men,Mass start (15 km),3,bronze,athlete,Raphaël Poirée,France,FRA,,https://en.wikipedia.org/wiki/Biathlon_World_Championships
biathlon_world_championships,Biathlon World Championships,2007,2007-12-31,biathlon,Biathlon,pursuit-12-5-km,Biathlon World Championships Men Pursuit (12.5 km),men,Pursuit (12.5 km),1,gold,athlete,Ole Einar Bjørndalen,Norway,NOR,,https://en.wikipedia.org/wiki/Biathlon_World_Championships
biathlon_world_championships,Biathlon World Championships,2007,2007-12-31,biathlon,Biathlon,pursuit-12-5-km,Biathlon World Championships Men Pursuit (12.5 km),men,Pursuit (12.5 km),2,silver,athlete,Maxim Chudov,Russia,RUS,,https://en.wikipedia.org/wiki/Biathlon_World_Championships
biathlon_world_championships,Biathlon World Championships,2007,2007-12-31,biathlon,Biathlon,pursuit-12-5-km,Biathlon World Championships Men Pursuit (12.5 km),men,Pursuit (12.5 km),3,bronze,athlete,Vincent Defrasne,France,FRA,,https://en.wikipedia.org/wiki/Biathlon_World_Championships
biathlon_world_championships,Biathlon World Championships,2007,2007-12-31,biathlon,Biathlon,relay-4-7-5-km,Biathlon World Championships Men Relay (4 × 7.5 km),men,Relay (4 × 7.5 km),1,gold,team,Russia,Russia,RUS,Ivan Tcherezov / Maxim Chudov / Dmitri Yaroshenko / Nikolay Kruglov Jr.,https://en.wikipedia.org/wiki/Biathlon_World_Championships
biathlon_world_championships,Biathlon World Championships,2007,2007-12-31,biathlon,Biathlon,relay-4-7-5-km,Biathlon World Championships Men Relay (4 × 7.5 km),men,Relay (4 × 7.5 km),2,silver,team,Norway,Norway,NOR,Halvard Hanevold / Lars Berger / Frode Andresen / Ole Einar Bjørndalen,https://en.wikipedia.org/wiki/Biathlon_World_Championships
biathlon_world_championships,Biathlon World Championships,2007,2007-12-31,biathlon,Biathlon,relay-4-7-5-km,Biathlon World Championships Men Relay (4 × 7.5 km),men,Relay (4 × 7.5 km),3,bronze,team,Germany,Germany,GER,Ricco Groß / Michael Rösch / Sven Fischer / Michael Greis,https://en.wikipedia.org/wiki/Biathlon_World_Championships
biathlon_world_championships,Biathlon World Championships,2007,2007-12-31,biathlon,Biathlon,sprint-10-km,Biathlon World Championships Men Sprint (10 km),men,Sprint (10 km),1,gold,athlete,Ole Einar Bjørndalen,Norway,NOR,,https://en.wikipedia.org/wiki/Biathlon_World_Championships
biathlon_world_championships,Biathlon World Championships,2007,2007-12-31,biathlon,Biathlon,sprint-10-km,Biathlon World Championships Men Sprint (10 km),men,Sprint (10 km),2,silver,athlete,Michal Šlesingr,Czech Republic,CZE,,https://en.wikipedia.org/wiki/Biathlon_World_Championships
biathlon_world_championships,Biathlon World Championships,2007,2007-12-31,biathlon,Biathlon,sprint-10-km,Biathlon World Championships Men Sprint (10 km),men,Sprint (10 km),3,bronze,athlete,Andriy Deryzemlya,Ukraine,UKR,,https://en.wikipedia.org/wiki/Biathlon_World_Championships
biathlon_world_championships,Biathlon World Championships,2007,2007-12-31,biathlon,Biathlon,mixed-relay,Biathlon World Championships Mixed Mixed relay,mixed,Mixed relay,1,gold,team,Sweden,Sweden,SWE,Helena Jonsson / Anna Carin Olofsson / Björn Ferry / Carl Johan Bergman,https://en.wikipedia.org/wiki/Biathlon_World_Championships
biathlon_world_championships,Biathlon World Championships,2007,2007-12-31,biathlon,Biathlon,mixed-relay,Biathlon World Championships Mixed Mixed relay,mixed,Mixed relay,2,silver,team,France,France,FRA,Florence Baverel-Robert / Sandrine Bailly / Vincent Defrasne / Raphaël Poirée,https://en.wikipedia.org/wiki/Biathlon_World_Championships
biathlon_world_championships,Biathlon World Championships,2007,2007-12-31,biathlon,Biathlon,mixed-relay,Biathlon World Championships Mixed Mixed relay,mixed,Mixed relay,3,bronze,team,Norway,Norway,NOR,Tora Berger / Jori Mørkve / Emil Hegle Svendsen / Frode Andresen,https://en.wikipedia.org/wiki/Biathlon_World_Championships
biathlon_world_championships,Biathlon World Championships,2007,2007-12-31,biathlon,Biathlon,individual-15-km,Biathlon World Championships Women Individual (15 km),women,Individual (15 km),1,gold,athlete,Linda Grubben,Norway,NOR,,https://en.wikipedia.org/wiki/Biathlon_World_Championships
biathlon_world_championships,Biathlon World Championships,2007,2007-12-31,biathlon,Biathlon,individual-15-km,Biathlon World Championships Women Individual (15 km),women,Individual (15 km),2,silver,athlete,Florence Baverel-Robert,France,FRA,,https://en.wikipedia.org/wiki/Biathlon_World_Championships
biathlon_world_championships,Biathlon World Championships,2007,2007-12-31,biathlon,Biathlon,individual-15-km,Biathlon World Championships Women Individual (15 km),women,Individual (15 km),3,bronze,athlete,Martina Glagow,Germany,GER,,https://en.wikipedia.org/wiki/Biathlon_World_Championships
biathlon_world_championships,Biathlon World Championships,2007,2007-12-31,biathlon,Biathlon,mass-start-12-5-km,Biathlon World Championships Women Mass start (12.5 km),women,Mass start (12.5 km),1,gold,athlete,Andrea Henkel,Germany,GER,,https://en.wikipedia.org/wiki/Biathlon_World_Championships
biathlon_world_championships,Biathlon World Championships,2007,2007-12-31,biathlon,Biathlon,mass-start-12-5-km,Biathlon World Championships Women Mass start (12.5 km),women,Mass start (12.5 km),2,silver,athlete,Martina Glagow,Germany,GER,,https://en.wikipedia.org/wiki/Biathlon_World_Championships
biathlon_world_championships,Biathlon World Championships,2007,2007-12-31,biathlon,Biathlon,mass-start-12-5-km,Biathlon World Championships Women Mass start (12.5 km),women,Mass start (12.5 km),3,bronze,athlete,Kati Wilhelm,Germany,GER,,https://en.wikipedia.org/wiki/Biathlon_World_Championships
biathlon_world_championships,Biathlon World Championships,2007,2007-12-31,biathlon,Biathlon,pursuit-10-km,Biathlon World Championships Women Pursuit (10 km),women,Pursuit (10 km),1,gold,athlete,Magdalena Neuner,Germany,GER,,https://en.wikipedia.org/wiki/Biathlon_World_Championships
biathlon_world_championships,Biathlon World Championships,2007,2007-12-31,biathlon,Biathlon,pursuit-10-km,Biathlon World Championships Women Pursuit (10 km),women,Pursuit (10 km),2,silver,athlete,Linda Grubben,Norway,NOR,,https://en.wikipedia.org/wiki/Biathlon_World_Championships
biathlon_world_championships,Biathlon World Championships,2007,2007-12-31,biathlon,Biathlon,pursuit-10-km,Biathlon World Championships Women Pursuit (10 km),women,Pursuit (10 km),3,bronze,athlete,Anna Carin Olofsson,Sweden,SWE,,https://en.wikipedia.org/wiki/Biathlon_World_Championships
biathlon_world_championships,Biathlon World Championships,2007,2007-12-31,biathlon,Biathlon,relay-4-6-km,Biathlon World Championships Women Relay (4 × 6 km),women,Relay (4 × 6 km),1,gold,team,Germany,Germany,GER,Martina Glagow / Andrea Henkel / Magdalena Neuner / Kati Wilhelm,https://en.wikipedia.org/wiki/Biathlon_World_Championships
biathlon_world_championships,Biathlon World Championships,2007,2007-12-31,biathlon,Biathlon,relay-4-6-km,Biathlon World Championships Women Relay (4 × 6 km),women,Relay (4 × 6 km),2,silver,team,France,France,FRA,Florence Baverel-Robert / Delphyne Peretto / Sylvie Becaert / Sandrine Bailly,https://en.wikipedia.org/wiki/Biathlon_World_Championships
biathlon_world_championships,Biathlon World Championships,2007,2007-12-31,biathlon,Biathlon,relay-4-6-km,Biathlon World Championships Women Relay (4 × 6 km),women,Relay (4 × 6 km),3,bronze,team,Norway,Norway,NOR,Tora Berger / Ann Kristin Aafedt Flatland / Jori Mørkve / Linda Grubben,https://en.wikipedia.org/wiki/Biathlon_World_Championships
biathlon_world_championships,Biathlon World Championships,2007,2007-12-31,biathlon,Biathlon,sprint-7-5-km,Biathlon World Championships Women Sprint (7.5 km),women,Sprint (7.5 km),1,gold,athlete,Magdalena Neuner,Germany,GER,,https://en.wikipedia.org/wiki/Biathlon_World_Championships
biathlon_world_championships,Biathlon World Championships,2007,2007-12-31,biathlon,Biathlon,sprint-7-5-km,Biathlon World Championships Women Sprint (7.5 km),women,Sprint (7.5 km),2,silver,athlete,Anna Carin Olofsson,Sweden,SWE,,https://en.wikipedia.org/wiki/Biathlon_World_Championships
biathlon_world_championships,Biathlon World Championships,2007,2007-12-31,biathlon,Biathlon,sprint-7-5-km,Biathlon World Championships Women Sprint (7.5 km),women,Sprint (7.5 km),3,bronze,athlete,Natalia Guseva,Russia,RUS,,https://en.wikipedia.org/wiki/Biathlon_World_Championships
biathlon_world_championships,Biathlon World Championships,2008,2008-12-31,biathlon,Biathlon,individual-20-km,Biathlon World Championships Men Individual (20 km),men,Individual (20 km),1,gold,athlete,Emil Hegle Svendsen,Norway,NOR,,https://en.wikipedia.org/wiki/Biathlon_World_Championships
biathlon_world_championships,Biathlon World Championships,2008,2008-12-31,biathlon,Biathlon,individual-20-km,Biathlon World Championships Men Individual (20 km),men,Individual (20 km),2,silver,athlete,Ole Einar Bjørndalen,Norway,NOR,,https://en.wikipedia.org/wiki/Biathlon_World_Championships
biathlon_world_championships,Biathlon World Championships,2008,2008-12-31,biathlon,Biathlon,individual-20-km,Biathlon World Championships Men Individual (20 km),men,Individual (20 km),3,bronze,athlete,Maxim Maksimov,Russia,RUS,,https://en.wikipedia.org/wiki/Biathlon_World_Championships
biathlon_world_championships,Biathlon World Championships,2008,2008-12-31,biathlon,Biathlon,mass-start-15-km,Biathlon World Championships Men Mass start (15 km),men,Mass start (15 km),1,gold,athlete,Emil Hegle Svendsen,Norway,NOR,,https://en.wikipedia.org/wiki/Biathlon_World_Championships
biathlon_world_championships,Biathlon World Championships,2008,2008-12-31,biathlon,Biathlon,mass-start-15-km,Biathlon World Championships Men Mass start (15 km),men,Mass start (15 km),2,silver,athlete,Ole Einar Bjørndalen,Norway,NOR,,https://en.wikipedia.org/wiki/Biathlon_World_Championships
biathlon_world_championships,Biathlon World Championships,2008,2008-12-31,biathlon,Biathlon,mass-start-15-km,Biathlon World Championships Men Mass start (15 km),men,Mass start (15 km),3,bronze,athlete,Maxim Chudov,Russia,RUS,,https://en.wikipedia.org/wiki/Biathlon_World_Championships
biathlon_world_championships,Biathlon World Championships,2008,2008-12-31,biathlon,Biathlon,pursuit-12-5-km,Biathlon World Championships Men Pursuit (12.5 km),men,Pursuit (12.5 km),1,gold,athlete,Ole Einar Bjørndalen,Norway,NOR,,https://en.wikipedia.org/wiki/Biathlon_World_Championships
biathlon_world_championships,Biathlon World Championships,2008,2008-12-31,biathlon,Biathlon,pursuit-12-5-km,Biathlon World Championships Men Pursuit (12.5 km),men,Pursuit (12.5 km),2,silver,athlete,Maxim Chudov,Russia,RUS,,https://en.wikipedia.org/wiki/Biathlon_World_Championships
biathlon_world_championships,Biathlon World Championships,2008,2008-12-31,biathlon,Biathlon,pursuit-12-5-km,Biathlon World Championships Men Pursuit (12.5 km),men,Pursuit (12.5 km),3,bronze,athlete,Alexander Wolf,Germany,GER,,https://en.wikipedia.org/wiki/Biathlon_World_Championships
biathlon_world_championships,Biathlon World Championships,2008,2008-12-31,biathlon,Biathlon,relay-4-7-5-km,Biathlon World Championships Men Relay (4 × 7.5 km),men,Relay (4 × 7.5 km),1,gold,team,Russia,Russia,RUS,Ivan Tcherezov / Nikolay Kruglov Jr. / Dmitri Yaroshenko / Maxim Chudov,https://en.wikipedia.org/wiki/Biathlon_World_Championships
biathlon_world_championships,Biathlon World Championships,2008,2008-12-31,biathlon,Biathlon,relay-4-7-5-km,Biathlon World Championships Men Relay (4 × 7.5 km),men,Relay (4 × 7.5 km),2,silver,team,Norway,Norway,NOR,Emil Hegle Svendsen / Rune Brattsveen / Halvard Hanevold / Ole Einar Bjørndalen,https://en.wikipedia.org/wiki/Biathlon_World_Championships
biathlon_world_championships,Biathlon World Championships,2008,2008-12-31,biathlon,Biathlon,relay-4-7-5-km,Biathlon World Championships Men Relay (4 × 7.5 km),men,Relay (4 × 7.5 km),3,bronze,team,Germany,Germany,GER,Michael Rösch / Alexander Wolf / Andreas Birnbacher / Michael Greis,https://en.wikipedia.org/wiki/Biathlon_World_Championships
biathlon_world_championships,Biathlon World Championships,2008,2008-12-31,biathlon,Biathlon,sprint-10-km,Biathlon World Championships Men Sprint (10 km),men,Sprint (10 km),1,gold,athlete,Maxim Chudov,Russia,RUS,,https://en.wikipedia.org/wiki/Biathlon_World_Championships
biathlon_world_championships,Biathlon World Championships,2008,2008-12-31,biathlon,Biathlon,sprint-10-km,Biathlon World Championships Men Sprint (10 km),men,Sprint (10 km),2,silver,athlete,Halvard Hanevold,Norway,NOR,,https://en.wikipedia.org/wiki/Biathlon_World_Championships
biathlon_world_championships,Biathlon World Championships,2008,2008-12-31,biathlon,Biathlon,sprint-10-km,Biathlon World Championships Men Sprint (10 km),men,Sprint (10 km),3,bronze,athlete,Ole Einar Bjørndalen,Norway,NOR,,https://en.wikipedia.org/wiki/Biathlon_World_Championships
biathlon_world_championships,Biathlon World Championships,2008,2008-12-31,biathlon,Biathlon,mixed-relay,Biathlon World Championships Mixed Mixed relay,mixed,Mixed relay,1,gold,team,Germany,Germany,GER,Sabrina Buchholz / Magdalena Neuner / Andreas Birnbacher / Michael Greis,https://en.wikipedia.org/wiki/Biathlon_World_Championships
biathlon_world_championships,Biathlon World Championships,2008,2008-12-31,biathlon,Biathlon,mixed-relay,Biathlon World Championships Mixed Mixed relay,mixed,Mixed relay,2,silver,team,Belarus,Belarus,BLR,Liudmila Kalinchik / Darya Domracheva / Rustam Valiullin / Sergey Novikov,https://en.wikipedia.org/wiki/Biathlon_World_Championships
biathlon_world_championships,Biathlon World Championships,2008,2008-12-31,biathlon,Biathlon,mixed-relay,Biathlon World Championships Mixed Mixed relay,mixed,Mixed relay,3,bronze,team,Russia,Russia,RUS,Svetlana Sleptsova / Oksana Neupokoeva / Nikolay Kruglov Jr. / Dmitri Yaroshenko,https://en.wikipedia.org/wiki/Biathlon_World_Championships
biathlon_world_championships,Biathlon World Championships,2008,2008-12-31,biathlon,Biathlon,individual-15-km,Biathlon World Championships Women Individual (15 km),women,Individual (15 km),1,gold,athlete,Ekaterina Iourieva,Russia,RUS,,https://en.wikipedia.org/wiki/Biathlon_World_Championships
biathlon_world_championships,Biathlon World Championships,2008,2008-12-31,biathlon,Biathlon,individual-15-km,Biathlon World Championships Women Individual (15 km),women,Individual (15 km),2,silver,athlete,Martina Glagow,Germany,GER,,https://en.wikipedia.org/wiki/Biathlon_World_Championships
biathlon_world_championships,Biathlon World Championships,2008,2008-12-31,biathlon,Biathlon,individual-15-km,Biathlon World Championships Women Individual (15 km),women,Individual (15 km),3,bronze,athlete,Oksana Khvostenko,Ukraine,UKR,,https://en.wikipedia.org/wiki/Biathlon_World_Championships
biathlon_world_championships,Biathlon World Championships,2008,2008-12-31,biathlon,Biathlon,mass-start-12-5-km,Biathlon World Championships Women Mass start (12.5 km),women,Mass start (12.5 km),1,gold,athlete,Magdalena Neuner,Germany,GER,,https://en.wikipedia.org/wiki/Biathlon_World_Championships
biathlon_world_championships,Biathlon World Championships,2008,2008-12-31,biathlon,Biathlon,mass-start-12-5-km,Biathlon World Championships Women Mass start (12.5 km),women,Mass start (12.5 km),2,silver,athlete,Tora Berger,Norway,NOR,,https://en.wikipedia.org/wiki/Biathlon_World_Championships
biathlon_world_championships,Biathlon World Championships,2008,2008-12-31,biathlon,Biathlon,mass-start-12-5-km,Biathlon World Championships Women Mass start (12.5 km),women,Mass start (12.5 km),3,bronze,athlete,Ekaterina Iourieva,Russia,RUS,,https://en.wikipedia.org/wiki/Biathlon_World_Championships
biathlon_world_championships,Biathlon World Championships,2008,2008-12-31,biathlon,Biathlon,pursuit-10-km,Biathlon World Championships Women Pursuit (10 km),women,Pursuit (10 km),1,gold,athlete,Andrea Henkel,Germany,GER,,https://en.wikipedia.org/wiki/Biathlon_World_Championships
biathlon_world_championships,Biathlon World Championships,2008,2008-12-31,biathlon,Biathlon,pursuit-10-km,Biathlon World Championships Women Pursuit (10 km),women,Pursuit (10 km),2,silver,athlete,Ekaterina Iourieva,Russia,RUS,,https://en.wikipedia.org/wiki/Biathlon_World_Championships
biathlon_world_championships,Biathlon World Championships,2008,2008-12-31,biathlon,Biathlon,pursuit-10-km,Biathlon World Championships Women Pursuit (10 km),women,Pursuit (10 km),3,bronze,athlete,Albina Akhatova,Russia,RUS,,https://en.wikipedia.org/wiki/Biathlon_World_Championships
biathlon_world_championships,Biathlon World Championships,2008,2008-12-31,biathlon,Biathlon,relay-4-6-km,Biathlon World Championships Women Relay (4 × 6 km),women,Relay (4 × 6 km),1,gold,team,Germany,Germany,GER,Martina Glagow / Andrea Henkel / Magdalena Neuner / Kati Wilhelm,https://en.wikipedia.org/wiki/Biathlon_World_Championships
biathlon_world_championships,Biathlon World Championships,2008,2008-12-31,biathlon,Biathlon,relay-4-6-km,Biathlon World Championships Women Relay (4 × 6 km),women,Relay (4 × 6 km),2,silver,team,Ukraine,Ukraine,UKR,Oksana Yakovleva / Vita Semerenko / Valentyna Semerenko / Oksana Khvostenko,https://en.wikipedia.org/wiki/Biathlon_World_Championships
biathlon_world_championships,Biathlon World Championships,2008,2008-12-31,biathlon,Biathlon,relay-4-6-km,Biathlon World Championships Women Relay (4 × 6 km),women,Relay (4 × 6 km),3,bronze,team,France,France,FRA,Delphine Peretto / Marie-Laure Brunet / Sylvie Becaert / Sandrine Bailly,https://en.wikipedia.org/wiki/Biathlon_World_Championships
biathlon_world_championships,Biathlon World Championships,2008,2008-12-31,biathlon,Biathlon,sprint-7-5-km,Biathlon World Championships Women Sprint (7.5 km),women,Sprint (7.5 km),1,gold,athlete,Andrea Henkel,Germany,GER,,https://en.wikipedia.org/wiki/Biathlon_World_Championships
biathlon_world_championships,Biathlon World Championships,2008,2008-12-31,biathlon,Biathlon,sprint-7-5-km,Biathlon World Championships Women Sprint (7.5 km),women,Sprint (7.5 km),2,silver,athlete,Albina Akhatova,Russia,RUS,,https://en.wikipedia.org/wiki/Biathlon_World_Championships
biathlon_world_championships,Biathlon World Championships,2008,2008-12-31,biathlon,Biathlon,sprint-7-5-km,Biathlon World Championships Women Sprint (7.5 km),women,Sprint (7.5 km),3,bronze,athlete,Oksana Khvostenko,Ukraine,UKR,,https://en.wikipedia.org/wiki/Biathlon_World_Championships
biathlon_world_championships,Biathlon World Championships,2009,2009-12-31,biathlon,Biathlon,individual-20-km,Biathlon World Championships Men Individual (20 km),men,Individual (20 km),1,gold,athlete,Ole Einar Bjørndalen,Norway,NOR,,https://en.wikipedia.org/wiki/Biathlon_World_Championships
biathlon_world_championships,Biathlon World Championships,2009,2009-12-31,biathlon,Biathlon,individual-20-km,Biathlon World Championships Men Individual (20 km),men,Individual (20 km),2,silver,athlete,Christoph Stephan,Germany,GER,,https://en.wikipedia.org/wiki/Biathlon_World_Championships
biathlon_world_championships,Biathlon World Championships,2009,2009-12-31,biathlon,Biathlon,individual-20-km,Biathlon World Championships Men Individual (20 km),men,Individual (20 km),3,bronze,athlete,Jakov Fak,Croatia,CRO,,https://en.wikipedia.org/wiki/Biathlon_World_Championships
biathlon_world_championships,Biathlon World Championships,2009,2009-12-31,biathlon,Biathlon,mass-start-15-km,Biathlon World Championships Men Mass start (15 km),men,Mass start (15 km),1,gold,athlete,Dominik Landertinger,Austria,AUT,,https://en.wikipedia.org/wiki/Biathlon_World_Championships
biathlon_world_championships,Biathlon World Championships,2009,2009-12-31,biathlon,Biathlon,mass-start-15-km,Biathlon World Championships Men Mass start (15 km),men,Mass start (15 km),2,silver,athlete,Christoph Sumann,Austria,AUT,,https://en.wikipedia.org/wiki/Biathlon_World_Championships
biathlon_world_championships,Biathlon World Championships,2009,2009-12-31,biathlon,Biathlon,mass-start-15-km,Biathlon World Championships Men Mass start (15 km),men,Mass start (15 km),3,bronze,athlete,Ivan Tcherezov,Russia,RUS,,https://en.wikipedia.org/wiki/Biathlon_World_Championships
biathlon_world_championships,Biathlon World Championships,2009,2009-12-31,biathlon,Biathlon,pursuit-12-5-km,Biathlon World Championships Men Pursuit (12.5 km),men,Pursuit (12.5 km),1,gold,athlete,Ole Einar Bjørndalen,Norway,NOR,,https://en.wikipedia.org/wiki/Biathlon_World_Championships
biathlon_world_championships,Biathlon World Championships,2009,2009-12-31,biathlon,Biathlon,pursuit-12-5-km,Biathlon World Championships Men Pursuit (12.5 km),men,Pursuit (12.5 km),2,silver,athlete,Maxim Chudov,Russia,RUS,,https://en.wikipedia.org/wiki/Biathlon_World_Championships
biathlon_world_championships,Biathlon World Championships,2009,2009-12-31,biathlon,Biathlon,pursuit-12-5-km,Biathlon World Championships Men Pursuit (12.5 km),men,Pursuit (12.5 km),3,bronze,athlete,Alexander Os,Norway,NOR,,https://en.wikipedia.org/wiki/Biathlon_World_Championships
biathlon_world_championships,Biathlon World Championships,2009,2009-12-31,biathlon,Biathlon,relay-4-7-5-km,Biathlon World Championships Men Relay (4 × 7.5 km),men,Relay (4 × 7.5 km),1,gold,team,Norway,Norway,NOR,Emil Hegle Svendsen / Lars Berger / Halvard Hanevold / Ole Einar Bjørndalen,https://en.wikipedia.org/wiki/Biathlon_World_Championships
biathlon_world_championships,Biathlon World Championships,2009,2009-12-31,biathlon,Biathlon,relay-4-7-5-km,Biathlon World Championships Men Relay (4 × 7.5 km),men,Relay (4 × 7.5 km),2,silver,team,Austria,Austria,AUT,Daniel Mesotitsch / Simon Eder / Dominik Landertinger / Christoph Sumann,https://en.wikipedia.org/wiki/Biathlon_World_Championships
biathlon_world_championships,Biathlon World Championships,2009,2009-12-31,biathlon,Biathlon,relay-4-7-5-km,Biathlon World Championships Men Relay (4 × 7.5 km),men,Relay (4 × 7.5 km),3,bronze,team,Germany,Germany,GER,Michael Rösch / Christoph Stephan / Arnd Peiffer / Michael Greis,https://en.wikipedia.org/wiki/Biathlon_World_Championships
biathlon_world_championships,Biathlon World Championships,2009,2009-12-31,biathlon,Biathlon,sprint-10-km,Biathlon World Championships Men Sprint (10 km),men,Sprint (10 km),1,gold,athlete,Ole Einar Bjørndalen,Norway,NOR,,https://en.wikipedia.org/wiki/Biathlon_World_Championships
biathlon_world_championships,Biathlon World Championships,2009,2009-12-31,biathlon,Biathlon,sprint-10-km,Biathlon World Championships Men Sprint (10 km),men,Sprint (10 km),2,silver,athlete,Lars Berger,Norway,NOR,,https://en.wikipedia.org/wiki/Biathlon_World_Championships
biathlon_world_championships,Biathlon World Championships,2009,2009-12-31,biathlon,Biathlon,sprint-10-km,Biathlon World Championships Men Sprint (10 km),men,Sprint (10 km),3,bronze,athlete,Halvard Hanevold,Norway,NOR,,https://en.wikipedia.org/wiki/Biathlon_World_Championships
biathlon_world_championships,Biathlon World Championships,2009,2009-12-31,biathlon,Biathlon,mixed-relay,Biathlon World Championships Mixed Mixed relay,mixed,Mixed relay,1,gold,team,France,France,FRA,Marie-Laure Brunet / Sylvie Becaert / Vincent Defrasne / Simon Fourcade,https://en.wikipedia.org/wiki/Biathlon_World_Championships
biathlon_world_championships,Biathlon World Championships,2009,2009-12-31,biathlon,Biathlon,mixed-relay,Biathlon World Championships Mixed Mixed relay,mixed,Mixed relay,2,silver,team,Sweden,Sweden,SWE,Helena Jonsson / Anna Carin Olofsson-Zidek / David Ekholm / Carl Johan Bergman,https://en.wikipedia.org/wiki/Biathlon_World_Championships
biathlon_world_championships,Biathlon World Championships,2009,2009-12-31,biathlon,Biathlon,mixed-relay,Biathlon World Championships Mixed Mixed relay,mixed,Mixed relay,3,bronze,team,Germany,Germany,GER,Andrea Henkel / Simone Hauswald / Arnd Peiffer / Michael Greis,https://en.wikipedia.org/wiki/Biathlon_World_Championships
biathlon_world_championships,Biathlon World Championships,2009,2009-12-31,biathlon,Biathlon,individual-15-km,Biathlon World Championships Women Individual (15 km),women,Individual (15 km),1,gold,athlete,Kati Wilhelm,Germany,GER,,https://en.wikipedia.org/wiki/Biathlon_World_Championships
biathlon_world_championships,Biathlon World Championships,2009,2009-12-31,biathlon,Biathlon,individual-15-km,Biathlon World Championships Women Individual (15 km),women,Individual (15 km),2,silver,athlete,Teja Gregorin,Slovenia,SLO,,https://en.wikipedia.org/wiki/Biathlon_World_Championships
biathlon_world_championships,Biathlon World Championships,2009,2009-12-31,biathlon,Biathlon,individual-15-km,Biathlon World Championships Women Individual (15 km),women,Individual (15 km),3,bronze,athlete,Tora Berger,Norway,NOR,,https://en.wikipedia.org/wiki/Biathlon_World_Championships
biathlon_world_championships,Biathlon World Championships,2009,2009-12-31,biathlon,Biathlon,mass-start-12-5-km,Biathlon World Championships Women Mass start (12.5 km),women,Mass start (12.5 km),1,gold,athlete,Olga Zaitseva,Russia,RUS,,https://en.wikipedia.org/wiki/Biathlon_World_Championships
biathlon_world_championships,Biathlon World Championships,2009,2009-12-31,biathlon,Biathlon,mass-start-12-5-km,Biathlon World Championships Women Mass start (12.5 km),women,Mass start (12.5 km),2,silver,athlete,Anastasiya Kuzmina,Slovakia,SVK,,https://en.wikipedia.org/wiki/Biathlon_World_Championships
biathlon_world_championships,Biathlon World Championships,2009,2009-12-31,biathlon,Biathlon,mass-start-12-5-km,Biathlon World Championships Women Mass start (12.5 km),women,Mass start (12.5 km),3,bronze,athlete,Helena Jonsson,Sweden,SWE,,https://en.wikipedia.org/wiki/Biathlon_World_Championships
biathlon_world_championships,Biathlon World Championships,2009,2009-12-31,biathlon,Biathlon,pursuit-10-km,Biathlon World Championships Women Pursuit (10 km),women,Pursuit (10 km),1,gold,athlete,Helena Jonsson,Sweden,SWE,,https://en.wikipedia.org/wiki/Biathlon_World_Championships
biathlon_world_championships,Biathlon World Championships,2009,2009-12-31,biathlon,Biathlon,pursuit-10-km,Biathlon World Championships Women Pursuit (10 km),women,Pursuit (10 km),2,silver,athlete,Kati Wilhelm,Germany,GER,,https://en.wikipedia.org/wiki/Biathlon_World_Championships
biathlon_world_championships,Biathlon World Championships,2009,2009-12-31,biathlon,Biathlon,pursuit-10-km,Biathlon World Championships Women Pursuit (10 km),women,Pursuit (10 km),3,bronze,athlete,Olga Zaitseva,Russia,RUS,,https://en.wikipedia.org/wiki/Biathlon_World_Championships
biathlon_world_championships,Biathlon World Championships,2009,2009-12-31,biathlon,Biathlon,relay-4-6-km,Biathlon World Championships Women Relay (4 × 6 km),women,Relay (4 × 6 km),1,gold,team,Russia,Russia,RUS,Svetlana Sleptsova / Anna Boulygina / Olga Medvedtseva / Olga Zaitseva,https://en.wikipedia.org/wiki/Biathlon_World_Championships
biathlon_world_championships,Biathlon World Championships,2009,2009-12-31,biathlon,Biathlon,relay-4-6-km,Biathlon World Championships Women Relay (4 × 6 km),women,Relay (4 × 6 km),2,silver,team,Germany,Germany,GER,Martina Beck / Magdalena Neuner / Andrea Henkel / Kati Wilhelm,https://en.wikipedia.org/wiki/Biathlon_World_Championships
biathlon_world_championships,Biathlon World Championships,2009,2009-12-31,biathlon,Biathlon,relay-4-6-km,Biathlon World Championships Women Relay (4 × 6 km),women,Relay (4 × 6 km),3,bronze,team,France,France,FRA,Marie-Laure Brunet / Sylvie Becaert / Marie Dorin / Sandrine Bailly,https://en.wikipedia.org/wiki/Biathlon_World_Championships
biathlon_world_championships,Biathlon World Championships,2009,2009-12-31,biathlon,Biathlon,sprint-7-5-km,Biathlon World Championships Women Sprint (7.5 km),women,Sprint (7.5 km),1,gold,athlete,Kati Wilhelm,Germany,GER,,https://en.wikipedia.org/wiki/Biathlon_World_Championships
biathlon_world_championships,Biathlon World Championships,2009,2009-12-31,biathlon,Biathlon,sprint-7-5-km,Biathlon World Championships Women Sprint (7.5 km),women,Sprint (7.5 km),2,silver,athlete,Simone Hauswald,Germany,GER,,https://en.wikipedia.org/wiki/Biathlon_World_Championships
biathlon_world_championships,Biathlon World Championships,2009,2009-12-31,biathlon,Biathlon,sprint-7-5-km,Biathlon World Championships Women Sprint (7.5 km),women,Sprint (7.5 km),3,bronze,athlete,Olga Zaitseva,Russia,RUS,,https://en.wikipedia.org/wiki/Biathlon_World_Championships
biathlon_world_championships,Biathlon World Championships,2010,2010-12-31,biathlon,Biathlon,mixed-relay,Biathlon World Championships Mixed Mixed relay,mixed,Mixed relay,1,gold,team,Germany,Germany,GER,Simone Hauswald / Magdalena Neuner / Simon Schempp / Arnd Peiffer,https://en.wikipedia.org/wiki/Biathlon_World_Championships
biathlon_world_championships,Biathlon World Championships,2010,2010-12-31,biathlon,Biathlon,mixed-relay,Biathlon World Championships Mixed Mixed relay,mixed,Mixed relay,2,silver,team,Norway,Norway,NOR,Ann Kristin Aafedt Flatland / Tora Berger / Emil Hegle Svendsen / Ole Einar Bjørndalen,https://en.wikipedia.org/wiki/Biathlon_World_Championships
biathlon_world_championships,Biathlon World Championships,2010,2010-12-31,biathlon,Biathlon,mixed-relay,Biathlon World Championships Mixed Mixed relay,mixed,Mixed relay,3,bronze,team,Sweden,Sweden,SWE,Helena Jonsson / Anna Carin Olofsson-Zidek / Björn Ferry / Carl Johan Bergman,https://en.wikipedia.org/wiki/Biathlon_World_Championships
biathlon_world_championships,Biathlon World Championships,2011,2011-12-31,biathlon,Biathlon,individual-20-km,Biathlon World Championships Men Individual (20 km),men,Individual (20 km),1,gold,athlete,Tarjei Bø,Norway,NOR,,https://en.wikipedia.org/wiki/Biathlon_World_Championships
biathlon_world_championships,Biathlon World Championships,2011,2011-12-31,biathlon,Biathlon,individual-20-km,Biathlon World Championships Men Individual (20 km),men,Individual (20 km),2,silver,athlete,Maxim Maksimov,Russia,RUS,,https://en.wikipedia.org/wiki/Biathlon_World_Championships
biathlon_world_championships,Biathlon World Championships,2011,2011-12-31,biathlon,Biathlon,individual-20-km,Biathlon World Championships Men Individual (20 km),men,Individual (20 km),3,bronze,athlete,Christoph Sumann,Austria,AUT,,https://en.wikipedia.org/wiki/Biathlon_World_Championships
biathlon_world_championships,Biathlon World Championships,2011,2011-12-31,biathlon,Biathlon,mass-start-15-km,Biathlon World Championships Men Mass start (15 km),men,Mass start (15 km),1,gold,athlete,Emil Hegle Svendsen,Norway,NOR,,https://en.wikipedia.org/wiki/Biathlon_World_Championships
biathlon_world_championships,Biathlon World Championships,2011,2011-12-31,biathlon,Biathlon,mass-start-15-km,Biathlon World Championships Men Mass start (15 km),men,Mass start (15 km),2,silver,athlete,Lukas Hofer,Italy,ITA,,https://en.wikipedia.org/wiki/Biathlon_World_Championships
biathlon_world_championships,Biathlon World Championships,2011,2011-12-31,biathlon,Biathlon,mass-start-15-km,Biathlon World Championships Men Mass start (15 km),men,Mass start (15 km),3,bronze,athlete,Tarjei Bø,Norway,NOR,,https://en.wikipedia.org/wiki/Biathlon_World_Championships
biathlon_world_championships,Biathlon World Championships,2011,2011-12-31,biathlon,Biathlon,pursuit-12-5-km,Biathlon World Championships Men Pursuit (12.5 km),men,Pursuit (12.5 km),1,gold,athlete,Martin Fourcade,France,FRA,,https://en.wikipedia.org/wiki/Biathlon_World_Championships
biathlon_world_championships,Biathlon World Championships,2011,2011-12-31,biathlon,Biathlon,pursuit-12-5-km,Biathlon World Championships Men Pursuit (12.5 km),men,Pursuit (12.5 km),2,silver,athlete,Emil Hegle Svendsen,Norway,NOR,,https://en.wikipedia.org/wiki/Biathlon_World_Championships
biathlon_world_championships,Biathlon World Championships,2011,2011-12-31,biathlon,Biathlon,pursuit-12-5-km,Biathlon World Championships Men Pursuit (12.5 km),men,Pursuit (12.5 km),3,bronze,athlete,Tarjei Bø,Norway,NOR,,https://en.wikipedia.org/wiki/Biathlon_World_Championships
biathlon_world_championships,Biathlon World Championships,2011,2011-12-31,biathlon,Biathlon,relay-4-7-5-km,Biathlon World Championships Men Relay (4 × 7.5 km),men,Relay (4 × 7.5 km),1,gold,team,Norway,Norway,NOR,Ole Einar Bjørndalen / Alexander Os / Emil Hegle Svendsen / Tarjei Bø,https://en.wikipedia.org/wiki/Biathlon_World_Championships
biathlon_world_championships,Biathlon World Championships,2011,2011-12-31,biathlon,Biathlon,relay-4-7-5-km,Biathlon World Championships Men Relay (4 × 7.5 km),men,Relay (4 × 7.5 km),2,silver,team,Ukraine,Ukraine,UKR,Olexander Bilanenko / Andriy Deryzemlya / Serhiy Semenov / Serhiy Sednev,https://en.wikipedia.org/wiki/Biathlon_World_Championships
biathlon_world_championships,Biathlon World Championships,2011,2011-12-31,biathlon,Biathlon,relay-4-7-5-km,Biathlon World Championships Men Relay (4 × 7.5 km),men,Relay (4 × 7.5 km),3,bronze,team,Sweden,Sweden,SWE,Fredrik Lindström / Magnus Jonsson / Carl Johan Bergman / Björn Ferry,https://en.wikipedia.org/wiki/Biathlon_World_Championships
biathlon_world_championships,Biathlon World Championships,2011,2011-12-31,biathlon,Biathlon,sprint-10-km,Biathlon World Championships Men Sprint (10 km),men,Sprint (10 km),1,gold,athlete,Arnd Peiffer,Germany,GER,,https://en.wikipedia.org/wiki/Biathlon_World_Championships
biathlon_world_championships,Biathlon World Championships,2011,2011-12-31,biathlon,Biathlon,sprint-10-km,Biathlon World Championships Men Sprint (10 km),men,Sprint (10 km),2,silver,athlete,Martin Fourcade,France,FRA,,https://en.wikipedia.org/wiki/Biathlon_World_Championships
biathlon_world_championships,Biathlon World Championships,2011,2011-12-31,biathlon,Biathlon,sprint-10-km,Biathlon World Championships Men Sprint (10 km),men,Sprint (10 km),3,bronze,athlete,Tarjei Bø,Norway,NOR,,https://en.wikipedia.org/wiki/Biathlon_World_Championships
biathlon_world_championships,Biathlon World Championships,2011,2011-12-31,biathlon,Biathlon,mixed-relay,Biathlon World Championships Mixed Mixed relay,mixed,Mixed relay,1,gold,team,Norway,Norway,NOR,Tora Berger / Ann Kristin Aafedt Flatland / Ole Einar Bjørndalen / Tarjei Bø,https://en.wikipedia.org/wiki/Biathlon_World_Championships
biathlon_world_championships,Biathlon World Championships,2011,2011-12-31,biathlon,Biathlon,mixed-relay,Biathlon World Championships Mixed Mixed relay,mixed,Mixed relay,2,silver,team,Germany,Germany,GER,Andrea Henkel / Magdalena Neuner / Arnd Peiffer / Michael Greis,https://en.wikipedia.org/wiki/Biathlon_World_Championships
biathlon_world_championships,Biathlon World Championships,2011,2011-12-31,biathlon,Biathlon,mixed-relay,Biathlon World Championships Mixed Mixed relay,mixed,Mixed relay,3,bronze,team,France,France,FRA,Marie-Laure Brunet / Marie Dorin / Alexis Bœuf / Martin Fourcade,https://en.wikipedia.org/wiki/Biathlon_World_Championships
biathlon_world_championships,Biathlon World Championships,2011,2011-12-31,biathlon,Biathlon,individual-15-km,Biathlon World Championships Women Individual (15 km),women,Individual (15 km),1,gold,athlete,Helena Ekholm,Sweden,SWE,,https://en.wikipedia.org/wiki/Biathlon_World_Championships
biathlon_world_championships,Biathlon World Championships,2011,2011-12-31,biathlon,Biathlon,individual-15-km,Biathlon World Championships Women Individual (15 km),women,Individual (15 km),2,silver,athlete,Tina Bachmann,Germany,GER,,https://en.wikipedia.org/wiki/Biathlon_World_Championships
biathlon_world_championships,Biathlon World Championships,2011,2011-12-31,biathlon,Biathlon,individual-15-km,Biathlon World Championships Women Individual (15 km),women,Individual (15 km),3,bronze,athlete,Vita Semerenko,Ukraine,UKR,,https://en.wikipedia.org/wiki/Biathlon_World_Championships
biathlon_world_championships,Biathlon World Championships,2011,2011-12-31,biathlon,Biathlon,mass-start-12-5-km,Biathlon World Championships Women Mass start (12.5 km),women,Mass start (12.5 km),1,gold,athlete,Magdalena Neuner,Germany,GER,,https://en.wikipedia.org/wiki/Biathlon_World_Championships
biathlon_world_championships,Biathlon World Championships,2011,2011-12-31,biathlon,Biathlon,mass-start-12-5-km,Biathlon World Championships Women Mass start (12.5 km),women,Mass start (12.5 km),2,silver,athlete,Darya Domracheva,Belarus,BLR,,https://en.wikipedia.org/wiki/Biathlon_World_Championships
biathlon_world_championships,Biathlon World Championships,2011,2011-12-31,biathlon,Biathlon,mass-start-12-5-km,Biathlon World Championships Women Mass start (12.5 km),women,Mass start (12.5 km),3,bronze,athlete,Tora Berger,Norway,NOR,,https://en.wikipedia.org/wiki/Biathlon_World_Championships
biathlon_world_championships,Biathlon World Championships,2011,2011-12-31,biathlon,Biathlon,pursuit-10-km,Biathlon World Championships Women Pursuit (10 km),women,Pursuit (10 km),1,gold,athlete,Kaisa Mäkäräinen,Finland,FIN,,https://en.wikipedia.org/wiki/Biathlon_World_Championships
biathlon_world_championships,Biathlon World Championships,2011,2011-12-31,biathlon,Biathlon,pursuit-10-km,Biathlon World Championships Women Pursuit (10 km),women,Pursuit (10 km),2,silver,athlete,Magdalena Neuner,Germany,GER,,https://en.wikipedia.org/wiki/Biathlon_World_Championships
biathlon_world_championships,Biathlon World Championships,2011,2011-12-31,biathlon,Biathlon,pursuit-10-km,Biathlon World Championships Women Pursuit (10 km),women,Pursuit (10 km),3,bronze,athlete,Helena Ekholm,Sweden,SWE,,https://en.wikipedia.org/wiki/Biathlon_World_Championships
biathlon_world_championships,Biathlon World Championships,2011,2011-12-31,biathlon,Biathlon,relay-4-6-km,Biathlon World Championships Women Relay (4 × 6 km),women,Relay (4 × 6 km),1,gold,team,Germany,Germany,GER,Andrea Henkel / Miriam Gössner / Tina Bachmann / Magdalena Neuner,https://en.wikipedia.org/wiki/Biathlon_World_Championships
biathlon_world_championships,Biathlon World Championships,2011,2011-12-31,biathlon,Biathlon,relay-4-6-km,Biathlon World Championships Women Relay (4 × 6 km),women,Relay (4 × 6 km),2,silver,team,France,France,FRA,Anaïs Bescond / Marie-Laure Brunet / Sophie Boilley / Marie Dorin,https://en.wikipedia.org/wiki/Biathlon_World_Championships
biathlon_world_championships,Biathlon World Championships,2011,2011-12-31,biathlon,Biathlon,relay-4-6-km,Biathlon World Championships Women Relay (4 × 6 km),women,Relay (4 × 6 km),3,bronze,team,Belarus,Belarus,BLR,Nadezhda Skardino / Darya Domracheva / Nadzeya Pisareva / Liudmila Kalinchik,https://en.wikipedia.org/wiki/Biathlon_World_Championships
biathlon_world_championships,Biathlon World Championships,2011,2011-12-31,biathlon,Biathlon,sprint-7-5-km,Biathlon World Championships Women Sprint (7.5 km),women,Sprint (7.5 km),1,gold,athlete,Magdalena Neuner,Germany,GER,,https://en.wikipedia.org/wiki/Biathlon_World_Championships
biathlon_world_championships,Biathlon World Championships,2011,2011-12-31,biathlon,Biathlon,sprint-7-5-km,Biathlon World Championships Women Sprint (7.5 km),women,Sprint (7.5 km),2,silver,athlete,Kaisa Mäkäräinen,Finland,FIN,,https://en.wikipedia.org/wiki/Biathlon_World_Championships
biathlon_world_championships,Biathlon World Championships,2011,2011-12-31,biathlon,Biathlon,sprint-7-5-km,Biathlon World Championships Women Sprint (7.5 km),women,Sprint (7.5 km),3,bronze,athlete,Anastasiya Kuzmina,Slovakia,SVK,,https://en.wikipedia.org/wiki/Biathlon_World_Championships
biathlon_world_championships,Biathlon World Championships,2012,2012-12-31,biathlon,Biathlon,individual-20-km,Biathlon World Championships Men Individual (20 km),men,Individual (20 km),1,gold,athlete,Jakov Fak,Slovenia,SLO,,https://en.wikipedia.org/wiki/Biathlon_World_Championships
biathlon_world_championships,Biathlon World Championships,2012,2012-12-31,biathlon,Biathlon,individual-20-km,Biathlon World Championships Men Individual (20 km),men,Individual (20 km),2,silver,athlete,Simon Fourcade,France,FRA,,https://en.wikipedia.org/wiki/Biathlon_World_Championships
biathlon_world_championships,Biathlon World Championships,2012,2012-12-31,biathlon,Biathlon,individual-20-km,Biathlon World Championships Men Individual (20 km),men,Individual (20 km),3,bronze,athlete,Jaroslav Soukup,Czech Republic,CZE,,https://en.wikipedia.org/wiki/Biathlon_World_Championships
biathlon_world_championships,Biathlon World Championships,2012,2012-12-31,biathlon,Biathlon,mass-start-15-km,Biathlon World Championships Men Mass start (15 km),men,Mass start (15 km),1,gold,athlete,Martin Fourcade,France,FRA,,https://en.wikipedia.org/wiki/Biathlon_World_Championships
biathlon_world_championships,Biathlon World Championships,2012,2012-12-31,biathlon,Biathlon,mass-start-15-km,Biathlon World Championships Men Mass start (15 km),men,Mass start (15 km),2,silver,athlete,Björn Ferry,Sweden,SWE,,https://en.wikipedia.org/wiki/Biathlon_World_Championships
biathlon_world_championships,Biathlon World Championships,2012,2012-12-31,biathlon,Biathlon,mass-start-15-km,Biathlon World Championships Men Mass start (15 km),men,Mass start (15 km),3,bronze,athlete,Fredrik Lindström,Sweden,SWE,,https://en.wikipedia.org/wiki/Biathlon_World_Championships
biathlon_world_championships,Biathlon World Championships,2012,2012-12-31,biathlon,Biathlon,pursuit-12-5-km,Biathlon World Championships Men Pursuit (12.5 km),men,Pursuit (12.5 km),1,gold,athlete,Martin Fourcade,France,FRA,,https://en.wikipedia.org/wiki/Biathlon_World_Championships
biathlon_world_championships,Biathlon World Championships,2012,2012-12-31,biathlon,Biathlon,pursuit-12-5-km,Biathlon World Championships Men Pursuit (12.5 km),men,Pursuit (12.5 km),2,silver,athlete,Carl Johan Bergman,Sweden,SWE,,https://en.wikipedia.org/wiki/Biathlon_World_Championships
biathlon_world_championships,Biathlon World Championships,2012,2012-12-31,biathlon,Biathlon,pursuit-12-5-km,Biathlon World Championships Men Pursuit (12.5 km),men,Pursuit (12.5 km),3,bronze,athlete,Anton Shipulin,Russia,RUS,,https://en.wikipedia.org/wiki/Biathlon_World_Championships
biathlon_world_championships,Biathlon World Championships,2012,2012-12-31,biathlon,Biathlon,relay-4-7-5-km,Biathlon World Championships Men Relay (4 × 7.5 km),men,Relay (4 × 7.5 km),1,gold,team,Norway,Norway,NOR,Ole Einar Bjørndalen / Rune Brattsveen / Tarjei Bø / Emil Hegle Svendsen,https://en.wikipedia.org/wiki/Biathlon_World_Championships
biathlon_world_championships,Biathlon World Championships,2012,2012-12-31,biathlon,Biathlon,relay-4-7-5-km,Biathlon World Championships Men Relay (4 × 7.5 km),men,Relay (4 × 7.5 km),2,silver,team,France,France,FRA,Jean-Guillaume Béatrix / Simon Fourcade / Alexis Bœuf / Martin Fourcade,https://en.wikipedia.org/wiki/Biathlon_World_Championships
biathlon_world_championships,Biathlon World Championships,2012,2012-12-31,biathlon,Biathlon,relay-4-7-5-km,Biathlon World Championships Men Relay (4 × 7.5 km),men,Relay (4 × 7.5 km),3,bronze,team,Germany,Germany,GER,Simon Schempp / Andreas Birnbacher / Michael Greis / Arnd Peiffer,https://en.wikipedia.org/wiki/Biathlon_World_Championships
biathlon_world_championships,Biathlon World Championships,2012,2012-12-31,biathlon,Biathlon,sprint-10-km,Biathlon World Championships Men Sprint (10 km),men,Sprint (10 km),1,gold,athlete,Martin Fourcade,France,FRA,,https://en.wikipedia.org/wiki/Biathlon_World_Championships
biathlon_world_championships,Biathlon World Championships,2012,2012-12-31,biathlon,Biathlon,sprint-10-km,Biathlon World Championships Men Sprint (10 km),men,Sprint (10 km),2,silver,athlete,Emil Hegle Svendsen,Norway,NOR,,https://en.wikipedia.org/wiki/Biathlon_World_Championships
biathlon_world_championships,Biathlon World Championships,2012,2012-12-31,biathlon,Biathlon,sprint-10-km,Biathlon World Championships Men Sprint (10 km),men,Sprint (10 km),3,bronze,athlete,Carl Johan Bergman,Sweden,SWE,,https://en.wikipedia.org/wiki/Biathlon_World_Championships
biathlon_world_championships,Biathlon World Championships,2012,2012-12-31,biathlon,Biathlon,mixed-relay,Biathlon World Championships Mixed Mixed relay,mixed,Mixed relay,1,gold,team,Norway,Norway,NOR,Tora Berger / Synnøve Solemdal / Ole Einar Bjørndalen / Emil Hegle Svendsen,https://en.wikipedia.org/wiki/Biathlon_World_Championships
biathlon_world_championships,Biathlon World Championships,2012,2012-12-31,biathlon,Biathlon,mixed-relay,Biathlon World Championships Mixed Mixed relay,mixed,Mixed relay,2,silver,team,Slovenia,Slovenia,SLO,Andreja Mali / Teja Gregorin / Klemen Bauer / Jakov Fak,https://en.wikipedia.org/wiki/Biathlon_World_Championships
biathlon_world_championships,Biathlon World Championships,2012,2012-12-31,biathlon,Biathlon,mixed-relay,Biathlon World Championships Mixed Mixed relay,mixed,Mixed relay,3,bronze,team,Germany,Germany,GER,Andrea Henkel / Magdalena Neuner / Andreas Birnbacher / Arnd Peiffer,https://en.wikipedia.org/wiki/Biathlon_World_Championships
biathlon_world_championships,Biathlon World Championships,2012,2012-12-31,biathlon,Biathlon,individual-15-km,Biathlon World Championships Women Individual (15 km),women,Individual (15 km),1,gold,athlete,Tora Berger,Norway,NOR,,https://en.wikipedia.org/wiki/Biathlon_World_Championships
biathlon_world_championships,Biathlon World Championships,2012,2012-12-31,biathlon,Biathlon,individual-15-km,Biathlon World Championships Women Individual (15 km),women,Individual (15 km),2,silver,athlete,Marie-Laure Brunet,France,FRA,,https://en.wikipedia.org/wiki/Biathlon_World_Championships
biathlon_world_championships,Biathlon World Championships,2012,2012-12-31,biathlon,Biathlon,individual-15-km,Biathlon World Championships Women Individual (15 km),women,Individual (15 km),3,bronze,athlete,Helena Ekholm,Sweden,SWE,,https://en.wikipedia.org/wiki/Biathlon_World_Championships
biathlon_world_championships,Biathlon World Championships,2012,2012-12-31,biathlon,Biathlon,mass-start-12-5-km,Biathlon World Championships Women Mass start (12.5 km),women,Mass start (12.5 km),1,gold,athlete,Tora Berger,Norway,NOR,,https://en.wikipedia.org/wiki/Biathlon_World_Championships
biathlon_world_championships,Biathlon World Championships,2012,2012-12-31,biathlon,Biathlon,mass-start-12-5-km,Biathlon World Championships Women Mass start (12.5 km),women,Mass start (12.5 km),2,silver,athlete,Marie-Laure Brunet,France,FRA,,https://en.wikipedia.org/wiki/Biathlon_World_Championships
biathlon_world_championships,Biathlon World Championships,2012,2012-12-31,biathlon,Biathlon,mass-start-12-5-km,Biathlon World Championships Women Mass start (12.5 km),women,Mass start (12.5 km),3,bronze,athlete,Kaisa Mäkäräinen,Finland,FIN,,https://en.wikipedia.org/wiki/Biathlon_World_Championships
biathlon_world_championships,Biathlon World Championships,2012,2012-12-31,biathlon,Biathlon,pursuit-10-km,Biathlon World Championships Women Pursuit (10 km),women,Pursuit (10 km),1,gold,athlete,Darya Domracheva,Belarus,BLR,,https://en.wikipedia.org/wiki/Biathlon_World_Championships
biathlon_world_championships,Biathlon World Championships,2012,2012-12-31,biathlon,Biathlon,pursuit-10-km,Biathlon World Championships Women Pursuit (10 km),women,Pursuit (10 km),2,silver,athlete,Magdalena Neuner,Germany,GER,,https://en.wikipedia.org/wiki/Biathlon_World_Championships
biathlon_world_championships,Biathlon World Championships,2012,2012-12-31,biathlon,Biathlon,pursuit-10-km,Biathlon World Championships Women Pursuit (10 km),women,Pursuit (10 km),3,bronze,athlete,Olga Vilukhina,Russia,RUS,,https://en.wikipedia.org/wiki/Biathlon_World_Championships
biathlon_world_championships,Biathlon World Championships,2012,2012-12-31,biathlon,Biathlon,relay-4-6-km,Biathlon World Championships Women Relay (4 × 6 km),women,Relay (4 × 6 km),1,gold,team,Germany,Germany,GER,Tina Bachmann / Magdalena Neuner / Miriam Gössner / Andrea Henkel,https://en.wikipedia.org/wiki/Biathlon_World_Championships
biathlon_world_championships,Biathlon World Championships,2012,2012-12-31,biathlon,Biathlon,relay-4-6-km,Biathlon World Championships Women Relay (4 × 6 km),women,Relay (4 × 6 km),2,silver,team,France,France,FRA,Marie-Laure Brunet / Sophie Boilley / Anaïs Bescond / Marie Dorin,https://en.wikipedia.org/wiki/Biathlon_World_Championships
biathlon_world_championships,Biathlon World Championships,2012,2012-12-31,biathlon,Biathlon,relay-4-6-km,Biathlon World Championships Women Relay (4 × 6 km),women,Relay (4 × 6 km),3,bronze,team,Norway,Norway,NOR,Fanny Welle-Strand Horn / Elise Ringen / Synnøve Solemdal / Tora Berger,https://en.wikipedia.org/wiki/Biathlon_World_Championships
biathlon_world_championships,Biathlon World Championships,2012,2012-12-31,biathlon,Biathlon,sprint-7-5-km,Biathlon World Championships Women Sprint (7.5 km),women,Sprint (7.5 km),1,gold,athlete,Magdalena Neuner,Germany,GER,,https://en.wikipedia.org/wiki/Biathlon_World_Championships
biathlon_world_championships,Biathlon World Championships,2012,2012-12-31,biathlon,Biathlon,sprint-7-5-km,Biathlon World Championships Women Sprint (7.5 km),women,Sprint (7.5 km),2,silver,athlete,Darya Domracheva,Belarus,BLR,,https://en.wikipedia.org/wiki/Biathlon_World_Championships
biathlon_world_championships,Biathlon World Championships,2012,2012-12-31,biathlon,Biathlon,sprint-7-5-km,Biathlon World Championships Women Sprint (7.5 km),women,Sprint (7.5 km),3,bronze,athlete,Vita Semerenko,Ukraine,UKR,,https://en.wikipedia.org/wiki/Biathlon_World_Championships
biathlon_world_championships,Biathlon World Championships,2013,2013-12-31,biathlon,Biathlon,individual-20-km,Biathlon World Championships Men Individual (20 km),men,Individual (20 km),1,gold,athlete,Martin Fourcade,France,FRA,,https://en.wikipedia.org/wiki/Biathlon_World_Championships
biathlon_world_championships,Biathlon World Championships,2013,2013-12-31,biathlon,Biathlon,individual-20-km,Biathlon World Championships Men Individual (20 km),men,Individual (20 km),2,silver,athlete,Tim Burke,United States,USA,,https://en.wikipedia.org/wiki/Biathlon_World_Championships
biathlon_world_championships,Biathlon World Championships,2013,2013-12-31,biathlon,Biathlon,individual-20-km,Biathlon World Championships Men Individual (20 km),men,Individual (20 km),3,bronze,athlete,Fredrik Lindström,Sweden,SWE,,https://en.wikipedia.org/wiki/Biathlon_World_Championships
biathlon_world_championships,Biathlon World Championships,2013,2013-12-31,biathlon,Biathlon,mass-start-15-km,Biathlon World Championships Men Mass start (15 km),men,Mass start (15 km),1,gold,athlete,Tarjei Bø,Norway,NOR,,https://en.wikipedia.org/wiki/Biathlon_World_Championships
biathlon_world_championships,Biathlon World Championships,2013,2013-12-31,biathlon,Biathlon,mass-start-15-km,Biathlon World Championships Men Mass start (15 km),men,Mass start (15 km),2,silver,athlete,Anton Shipulin,Russia,RUS,,https://en.wikipedia.org/wiki/Biathlon_World_Championships
biathlon_world_championships,Biathlon World Championships,2013,2013-12-31,biathlon,Biathlon,mass-start-15-km,Biathlon World Championships Men Mass start (15 km),men,Mass start (15 km),3,bronze,athlete,Emil Hegle Svendsen,Norway,NOR,,https://en.wikipedia.org/wiki/Biathlon_World_Championships
biathlon_world_championships,Biathlon World Championships,2013,2013-12-31,biathlon,Biathlon,pursuit-12-5-km,Biathlon World Championships Men Pursuit (12.5 km),men,Pursuit (12.5 km),1,gold,athlete,Emil Hegle Svendsen,Norway,NOR,,https://en.wikipedia.org/wiki/Biathlon_World_Championships
biathlon_world_championships,Biathlon World Championships,2013,2013-12-31,biathlon,Biathlon,pursuit-12-5-km,Biathlon World Championships Men Pursuit (12.5 km),men,Pursuit (12.5 km),2,silver,athlete,Martin Fourcade,France,FRA,,https://en.wikipedia.org/wiki/Biathlon_World_Championships
biathlon_world_championships,Biathlon World Championships,2013,2013-12-31,biathlon,Biathlon,pursuit-12-5-km,Biathlon World Championships Men Pursuit (12.5 km),men,Pursuit (12.5 km),3,bronze,athlete,Anton Shipulin,Russia,RUS,,https://en.wikipedia.org/wiki/Biathlon_World_Championships
biathlon_world_championships,Biathlon World Championships,2013,2013-12-31,biathlon,Biathlon,relay-4-7-5-km,Biathlon World Championships Men Relay (4 × 7.5 km),men,Relay (4 × 7.5 km),1,gold,team,Norway,Norway,NOR,Ole Einar Bjørndalen / Henrik L'Abée-Lund / Tarjei Bø / Emil Hegle Svendsen,https://en.wikipedia.org/wiki/Biathlon_World_Championships
biathlon_world_championships,Biathlon World Championships,2013,2013-12-31,biathlon,Biathlon,relay-4-7-5-km,Biathlon World Championships Men Relay (4 × 7.5 km),men,Relay (4 × 7.5 km),2,silver,team,France,France,FRA,Simon Fourcade / Jean-Guillaume Béatrix / Alexis Bœuf / Martin Fourcade,https://en.wikipedia.org/wiki/Biathlon_World_Championships
biathlon_world_championships,Biathlon World Championships,2013,2013-12-31,biathlon,Biathlon,relay-4-7-5-km,Biathlon World Championships Men Relay (4 × 7.5 km),men,Relay (4 × 7.5 km),3,bronze,team,Germany,Germany,GER,Simon Schempp / Andreas Birnbacher / Arnd Peiffer / Erik Lesser,https://en.wikipedia.org/wiki/Biathlon_World_Championships
biathlon_world_championships,Biathlon World Championships,2013,2013-12-31,biathlon,Biathlon,sprint-10-km,Biathlon World Championships Men Sprint (10 km),men,Sprint (10 km),1,gold,athlete,Emil Hegle Svendsen,Norway,NOR,,https://en.wikipedia.org/wiki/Biathlon_World_Championships
biathlon_world_championships,Biathlon World Championships,2013,2013-12-31,biathlon,Biathlon,sprint-10-km,Biathlon World Championships Men Sprint (10 km),men,Sprint (10 km),2,silver,athlete,Martin Fourcade,France,FRA,,https://en.wikipedia.org/wiki/Biathlon_World_Championships
biathlon_world_championships,Biathlon World Championships,2013,2013-12-31,biathlon,Biathlon,sprint-10-km,Biathlon World Championships Men Sprint (10 km),men,Sprint (10 km),3,bronze,athlete,Jakov Fak,Slovenia,SLO,,https://en.wikipedia.org/wiki/Biathlon_World_Championships
biathlon_world_championships,Biathlon World Championships,2013,2013-12-31,biathlon,Biathlon,mixed-relay,Biathlon World Championships Mixed Mixed relay,mixed,Mixed relay,1,gold,team,Norway,Norway,NOR,Tora Berger / Synnøve Solemdal / Tarjei Bø / Emil Hegle Svendsen,https://en.wikipedia.org/wiki/Biathlon_World_Championships
biathlon_world_championships,Biathlon World Championships,2013,2013-12-31,biathlon,Biathlon,mixed-relay,Biathlon World Championships Mixed Mixed relay,mixed,Mixed relay,2,silver,team,France,France,FRA,Marie-Laure Brunet / Marie Dorin Habert / Alexis Bœuf / Martin Fourcade,https://en.wikipedia.org/wiki/Biathlon_World_Championships
biathlon_world_championships,Biathlon World Championships,2013,2013-12-31,biathlon,Biathlon,mixed-relay,Biathlon World Championships Mixed Mixed relay,mixed,Mixed relay,3,bronze,team,Czech Republic,Czech Republic,CZE,Veronika Vítková / Gabriela Soukalová / Jaroslav Soukup / Ondřej Moravec,https://en.wikipedia.org/wiki/Biathlon_World_Championships
biathlon_world_championships,Biathlon World Championships,2013,2013-12-31,biathlon,Biathlon,individual-15-km,Biathlon World Championships Women Individual (15 km),women,Individual (15 km),1,gold,athlete,Tora Berger,Norway,NOR,,https://en.wikipedia.org/wiki/Biathlon_World_Championships
biathlon_world_championships,Biathlon World Championships,2013,2013-12-31,biathlon,Biathlon,individual-15-km,Biathlon World Championships Women Individual (15 km),women,Individual (15 km),2,silver,athlete,Andrea Henkel,Germany,GER,,https://en.wikipedia.org/wiki/Biathlon_World_Championships
biathlon_world_championships,Biathlon World Championships,2013,2013-12-31,biathlon,Biathlon,individual-15-km,Biathlon World Championships Women Individual (15 km),women,Individual (15 km),3,bronze,athlete,Valentyna Semerenko,Ukraine,UKR,,https://en.wikipedia.org/wiki/Biathlon_World_Championships
biathlon_world_championships,Biathlon World Championships,2013,2013-12-31,biathlon,Biathlon,mass-start-12-5-km,Biathlon World Championships Women Mass start (12.5 km),women,Mass start (12.5 km),1,gold,athlete,Darya Domracheva,Belarus,BLR,,https://en.wikipedia.org/wiki/Biathlon_World_Championships
biathlon_world_championships,Biathlon World Championships,2013,2013-12-31,biathlon,Biathlon,mass-start-12-5-km,Biathlon World Championships Women Mass start (12.5 km),women,Mass start (12.5 km),2,silver,athlete,Tora Berger,Norway,NOR,,https://en.wikipedia.org/wiki/Biathlon_World_Championships
biathlon_world_championships,Biathlon World Championships,2013,2013-12-31,biathlon,Biathlon,mass-start-12-5-km,Biathlon World Championships Women Mass start (12.5 km),women,Mass start (12.5 km),3,bronze,athlete,Monika Hojnisz,Poland,POL,,https://en.wikipedia.org/wiki/Biathlon_World_Championships
biathlon_world_championships,Biathlon World Championships,2013,2013-12-31,biathlon,Biathlon,pursuit-10-km,Biathlon World Championships Women Pursuit (10 km),women,Pursuit (10 km),1,gold,athlete,Tora Berger,Norway,NOR,,https://en.wikipedia.org/wiki/Biathlon_World_Championships
biathlon_world_championships,Biathlon World Championships,2013,2013-12-31,biathlon,Biathlon,pursuit-10-km,Biathlon World Championships Women Pursuit (10 km),women,Pursuit (10 km),2,silver,athlete,Krystyna Pałka,Poland,POL,,https://en.wikipedia.org/wiki/Biathlon_World_Championships
biathlon_world_championships,Biathlon World Championships,2013,2013-12-31,biathlon,Biathlon,pursuit-10-km,Biathlon World Championships Women Pursuit (10 km),women,Pursuit (10 km),3,bronze,athlete,Olena Pidhrushna,Ukraine,UKR,,https://en.wikipedia.org/wiki/Biathlon_World_Championships
biathlon_world_championships,Biathlon World Championships,2013,2013-12-31,biathlon,Biathlon,relay-4-6-km,Biathlon World Championships Women Relay (4 × 6 km),women,Relay (4 × 6 km),1,gold,team,Norway,Norway,NOR,Hilde Fenne / Ann Kristin Aafedt Flatland / Synnøve Solemdal / Tora Berger,https://en.wikipedia.org/wiki/Biathlon_World_Championships
biathlon_world_championships,Biathlon World Championships,2013,2013-12-31,biathlon,Biathlon,relay-4-6-km,Biathlon World Championships Women Relay (4 × 6 km),women,Relay (4 × 6 km),2,silver,team,Ukraine,Ukraine,UKR,Yuliia Dzhima / Vita Semerenko / Valentyna Semerenko / Olena Pidhrushna,https://en.wikipedia.org/wiki/Biathlon_World_Championships
biathlon_world_championships,Biathlon World Championships,2013,2013-12-31,biathlon,Biathlon,relay-4-6-km,Biathlon World Championships Women Relay (4 × 6 km),women,Relay (4 × 6 km),3,bronze,team,Italy,Italy,ITA,Dorothea Wierer / Nicole Gontier / Michela Ponza / Karin Oberhofer,https://en.wikipedia.org/wiki/Biathlon_World_Championships
biathlon_world_championships,Biathlon World Championships,2013,2013-12-31,biathlon,Biathlon,sprint-7-5-km,Biathlon World Championships Women Sprint (7.5 km),women,Sprint (7.5 km),1,gold,athlete,Olena Pidhrushna,Ukraine,UKR,,https://en.wikipedia.org/wiki/Biathlon_World_Championships
biathlon_world_championships,Biathlon World Championships,2013,2013-12-31,biathlon,Biathlon,sprint-7-5-km,Biathlon World Championships Women Sprint (7.5 km),women,Sprint (7.5 km),2,silver,athlete,Tora Berger,Norway,NOR,,https://en.wikipedia.org/wiki/Biathlon_World_Championships
biathlon_world_championships,Biathlon World Championships,2013,2013-12-31,biathlon,Biathlon,sprint-7-5-km,Biathlon World Championships Women Sprint (7.5 km),women,Sprint (7.5 km),3,bronze,athlete,Vita Semerenko,Ukraine,UKR,,https://en.wikipedia.org/wiki/Biathlon_World_Championships
biathlon_world_championships,Biathlon World Championships,2015,2015-12-31,biathlon,Biathlon,individual-20-km,Biathlon World Championships Men Individual (20 km),men,Individual (20 km),1,gold,athlete,Martin Fourcade,France,FRA,,https://en.wikipedia.org/wiki/Biathlon_World_Championships
biathlon_world_championships,Biathlon World Championships,2015,2015-12-31,biathlon,Biathlon,individual-20-km,Biathlon World Championships Men Individual (20 km),men,Individual (20 km),2,silver,athlete,Emil Hegle Svendsen,Norway,NOR,,https://en.wikipedia.org/wiki/Biathlon_World_Championships
biathlon_world_championships,Biathlon World Championships,2015,2015-12-31,biathlon,Biathlon,individual-20-km,Biathlon World Championships Men Individual (20 km),men,Individual (20 km),3,bronze,athlete,Ondřej Moravec,Czech Republic,CZE,,https://en.wikipedia.org/wiki/Biathlon_World_Championships
biathlon_world_championships,Biathlon World Championships,2015,2015-12-31,biathlon,Biathlon,mass-start-15-km,Biathlon World Championships Men Mass start (15 km),men,Mass start (15 km),1,gold,athlete,Jakov Fak,Slovenia,SLO,,https://en.wikipedia.org/wiki/Biathlon_World_Championships
biathlon_world_championships,Biathlon World Championships,2015,2015-12-31,biathlon,Biathlon,mass-start-15-km,Biathlon World Championships Men Mass start (15 km),men,Mass start (15 km),2,silver,athlete,Ondřej Moravec,Czech Republic,CZE,,https://en.wikipedia.org/wiki/Biathlon_World_Championships
biathlon_world_championships,Biathlon World Championships,2015,2015-12-31,biathlon,Biathlon,mass-start-15-km,Biathlon World Championships Men Mass start (15 km),men,Mass start (15 km),3,bronze,athlete,Tarjei Bø,Norway,NOR,,https://en.wikipedia.org/wiki/Biathlon_World_Championships
biathlon_world_championships,Biathlon World Championships,2015,2015-12-31,biathlon,Biathlon,pursuit-12-5-km,Biathlon World Championships Men Pursuit (12.5 km),men,Pursuit (12.5 km),1,gold,athlete,Erik Lesser,Germany,GER,,https://en.wikipedia.org/wiki/Biathlon_World_Championships
biathlon_world_championships,Biathlon World Championships,2015,2015-12-31,biathlon,Biathlon,pursuit-12-5-km,Biathlon World Championships Men Pursuit (12.5 km),men,Pursuit (12.5 km),2,silver,athlete,Anton Shipulin,Russia,RUS,,https://en.wikipedia.org/wiki/Biathlon_World_Championships
biathlon_world_championships,Biathlon World Championships,2015,2015-12-31,biathlon,Biathlon,pursuit-12-5-km,Biathlon World Championships Men Pursuit (12.5 km),men,Pursuit (12.5 km),3,bronze,athlete,Tarjei Bø,Norway,NOR,,https://en.wikipedia.org/wiki/Biathlon_World_Championships
biathlon_world_championships,Biathlon World Championships,2015,2015-12-31,biathlon,Biathlon,relay-4-7-5-km,Biathlon World Championships Men Relay (4 × 7.5 km),men,Relay (4 × 7.5 km),1,gold,team,Germany,Germany,GER,Erik Lesser / Daniel Böhm / Arnd Peiffer / Simon Schempp,https://en.wikipedia.org/wiki/Biathlon_World_Championships
biathlon_world_championships,Biathlon World Championships,2015,2015-12-31,biathlon,Biathlon,relay-4-7-5-km,Biathlon World Championships Men Relay (4 × 7.5 km),men,Relay (4 × 7.5 km),2,silver,team,Norway,Norway,NOR,Ole Einar Bjørndalen / Tarjei Bø / Johannes Thingnes Bø / Emil Hegle Svendsen,https://en.wikipedia.org/wiki/Biathlon_World_Championships
biathlon_world_championships,Biathlon World Championships,2015,2015-12-31,biathlon,Biathlon,relay-4-7-5-km,Biathlon World Championships Men Relay (4 × 7.5 km),men,Relay (4 × 7.5 km),3,bronze,team,France,France,FRA,Simon Fourcade / Jean-Guillaume Béatrix / Quentin Fillon Maillet / Martin Fourcade,https://en.wikipedia.org/wiki/Biathlon_World_Championships
biathlon_world_championships,Biathlon World Championships,2015,2015-12-31,biathlon,Biathlon,sprint-10-km,Biathlon World Championships Men Sprint (10 km),men,Sprint (10 km),1,gold,athlete,Johannes Thingnes Bø,Norway,NOR,,https://en.wikipedia.org/wiki/Biathlon_World_Championships
biathlon_world_championships,Biathlon World Championships,2015,2015-12-31,biathlon,Biathlon,sprint-10-km,Biathlon World Championships Men Sprint (10 km),men,Sprint (10 km),2,silver,athlete,Nathan Smith,Canada,CAN,,https://en.wikipedia.org/wiki/Biathlon_World_Championships
biathlon_world_championships,Biathlon World Championships,2015,2015-12-31,biathlon,Biathlon,sprint-10-km,Biathlon World Championships Men Sprint (10 km),men,Sprint (10 km),3,bronze,athlete,Tarjei Bø,Norway,NOR,,https://en.wikipedia.org/wiki/Biathlon_World_Championships
biathlon_world_championships,Biathlon World Championships,2015,2015-12-31,biathlon,Biathlon,mixed-relay,Biathlon World Championships Mixed Mixed relay,mixed,Mixed relay,1,gold,team,Czech Republic,Czech Republic,CZE,Veronika Vítková / Gabriela Soukalová / Michal Šlesingr / Ondřej Moravec,https://en.wikipedia.org/wiki/Biathlon_World_Championships
biathlon_world_championships,Biathlon World Championships,2015,2015-12-31,biathlon,Biathlon,mixed-relay,Biathlon World Championships Mixed Mixed relay,mixed,Mixed relay,2,silver,team,France,France,FRA,Anaïs Bescond / Marie Dorin Habert / Jean-Guillaume Béatrix / Martin Fourcade,https://en.wikipedia.org/wiki/Biathlon_World_Championships
biathlon_world_championships,Biathlon World Championships,2015,2015-12-31,biathlon,Biathlon,mixed-relay,Biathlon World Championships Mixed Mixed relay,mixed,Mixed relay,3,bronze,team,Norway,Norway,NOR,Fanny Welle-Strand Horn / Tiril Eckhoff / Johannes Thingnes Bø / Tarjei Bø,https://en.wikipedia.org/wiki/Biathlon_World_Championships
biathlon_world_championships,Biathlon World Championships,2015,2015-12-31,biathlon,Biathlon,individual-15-km,Biathlon World Championships Women Individual (15 km),women,Individual (15 km),1,gold,athlete,Ekaterina Yurlova,Russia,RUS,,https://en.wikipedia.org/wiki/Biathlon_World_Championships
biathlon_world_championships,Biathlon World Championships,2015,2015-12-31,biathlon,Biathlon,individual-15-km,Biathlon World Championships Women Individual (15 km),women,Individual (15 km),2,silver,athlete,Gabriela Soukalová,Czech Republic,CZE,,https://en.wikipedia.org/wiki/Biathlon_World_Championships
biathlon_world_championships,Biathlon World Championships,2015,2015-12-31,biathlon,Biathlon,individual-15-km,Biathlon World Championships Women Individual (15 km),women,Individual (15 km),3,bronze,athlete,Kaisa Mäkäräinen,Finland,FIN,,https://en.wikipedia.org/wiki/Biathlon_World_Championships
biathlon_world_championships,Biathlon World Championships,2015,2015-12-31,biathlon,Biathlon,mass-start-12-5-km,Biathlon World Championships Women Mass start (12.5 km),women,Mass start (12.5 km),1,gold,athlete,Valentyna Semerenko,Ukraine,UKR,,https://en.wikipedia.org/wiki/Biathlon_World_Championships
biathlon_world_championships,Biathlon World Championships,2015,2015-12-31,biathlon,Biathlon,mass-start-12-5-km,Biathlon World Championships Women Mass start (12.5 km),women,Mass start (12.5 km),2,silver,athlete,Franziska Preuß,Germany,GER,,https://en.wikipedia.org/wiki/Biathlon_World_Championships
biathlon_world_championships,Biathlon World Championships,2015,2015-12-31,biathlon,Biathlon,mass-start-12-5-km,Biathlon World Championships Women Mass start (12.5 km),women,Mass start (12.5 km),3,bronze,athlete,Karin Oberhofer,Italy,ITA,,https://en.wikipedia.org/wiki/Biathlon_World_Championships
biathlon_world_championships,Biathlon World Championships,2015,2015-12-31,biathlon,Biathlon,pursuit-10-km,Biathlon World Championships Women Pursuit (10 km),women,Pursuit (10 km),1,gold,athlete,Marie Dorin Habert,France,FRA,,https://en.wikipedia.org/wiki/Biathlon_World_Championships
biathlon_world_championships,Biathlon World Championships,2015,2015-12-31,biathlon,Biathlon,pursuit-10-km,Biathlon World Championships Women Pursuit (10 km),women,Pursuit (10 km),2,silver,athlete,Laura Dahlmeier,Germany,GER,,https://en.wikipedia.org/wiki/Biathlon_World_Championships
biathlon_world_championships,Biathlon World Championships,2015,2015-12-31,biathlon,Biathlon,pursuit-10-km,Biathlon World Championships Women Pursuit (10 km),women,Pursuit (10 km),3,bronze,athlete,Weronika Nowakowska-Ziemniak,Poland,POL,,https://en.wikipedia.org/wiki/Biathlon_World_Championships
biathlon_world_championships,Biathlon World Championships,2015,2015-12-31,biathlon,Biathlon,relay-4-6-km,Biathlon World Championships Women Relay (4 × 6 km),women,Relay (4 × 6 km),1,gold,team,Germany,Germany,GER,Franziska Hildebrand / Franziska Preuß / Vanessa Hinz / Laura Dahlmeier,https://en.wikipedia.org/wiki/Biathlon_World_Championships
biathlon_world_championships,Biathlon World Championships,2015,2015-12-31,biathlon,Biathlon,relay-4-6-km,Biathlon World Championships Women Relay (4 × 6 km),women,Relay (4 × 6 km),2,silver,team,France,France,FRA,Anaïs Bescond / Enora Latuillière / Justine Braisaz / Marie Dorin Habert,https://en.wikipedia.org/wiki/Biathlon_World_Championships
biathlon_world_championships,Biathlon World Championships,2015,2015-12-31,biathlon,Biathlon,relay-4-6-km,Biathlon World Championships Women Relay (4 × 6 km),women,Relay (4 × 6 km),3,bronze,team,Italy,Italy,ITA,Lisa Vittozzi / Karin Oberhofer / Nicole Gontier / Dorothea Wierer,https://en.wikipedia.org/wiki/Biathlon_World_Championships
biathlon_world_championships,Biathlon World Championships,2015,2015-12-31,biathlon,Biathlon,sprint-7-5-km,Biathlon World Championships Women Sprint (7.5 km),women,Sprint (7.5 km),1,gold,athlete,Marie Dorin Habert,France,FRA,,https://en.wikipedia.org/wiki/Biathlon_World_Championships
biathlon_world_championships,Biathlon World Championships,2015,2015-12-31,biathlon,Biathlon,sprint-7-5-km,Biathlon World Championships Women Sprint (7.5 km),women,Sprint (7.5 km),2,silver,athlete,Weronika Nowakowska-Ziemniak,Poland,POL,,https://en.wikipedia.org/wiki/Biathlon_World_Championships
biathlon_world_championships,Biathlon World Championships,2015,2015-12-31,biathlon,Biathlon,sprint-7-5-km,Biathlon World Championships Women Sprint (7.5 km),women,Sprint (7.5 km),3,bronze,athlete,Valentyna Semerenko,Ukraine,UKR,,https://en.wikipedia.org/wiki/Biathlon_World_Championships
biathlon_world_championships,Biathlon World Championships,2016,2016-12-31,biathlon,Biathlon,individual-20-km,Biathlon World Championships Men Individual (20 km),men,Individual (20 km),1,gold,athlete,Martin Fourcade,France,FRA,,https://en.wikipedia.org/wiki/Biathlon_World_Championships
biathlon_world_championships,Biathlon World Championships,2016,2016-12-31,biathlon,Biathlon,individual-20-km,Biathlon World Championships Men Individual (20 km),men,Individual (20 km),2,silver,athlete,Dominik Landertinger,Austria,AUT,,https://en.wikipedia.org/wiki/Biathlon_World_Championships
biathlon_world_championships,Biathlon World Championships,2016,2016-12-31,biathlon,Biathlon,individual-20-km,Biathlon World Championships Men Individual (20 km),men,Individual (20 km),3,bronze,athlete,Simon Eder,Austria,AUT,,https://en.wikipedia.org/wiki/Biathlon_World_Championships
biathlon_world_championships,Biathlon World Championships,2016,2016-12-31,biathlon,Biathlon,mass-start-15-km,Biathlon World Championships Men Mass start (15 km),men,Mass start (15 km),1,gold,athlete,Johannes Thingnes Bø,Norway,NOR,,https://en.wikipedia.org/wiki/Biathlon_World_Championships
biathlon_world_championships,Biathlon World Championships,2016,2016-12-31,biathlon,Biathlon,mass-start-15-km,Biathlon World Championships Men Mass start (15 km),men,Mass start (15 km),2,silver,athlete,Martin Fourcade,France,FRA,,https://en.wikipedia.org/wiki/Biathlon_World_Championships
biathlon_world_championships,Biathlon World Championships,2016,2016-12-31,biathlon,Biathlon,mass-start-15-km,Biathlon World Championships Men Mass start (15 km),men,Mass start (15 km),3,bronze,athlete,Ole Einar Bjørndalen,Norway,NOR,,https://en.wikipedia.org/wiki/Biathlon_World_Championships
biathlon_world_championships,Biathlon World Championships,2016,2016-12-31,biathlon,Biathlon,pursuit-12-5-km,Biathlon World Championships Men Pursuit (12.5 km),men,Pursuit (12.5 km),1,gold,athlete,Martin Fourcade,France,FRA,,https://en.wikipedia.org/wiki/Biathlon_World_Championships
biathlon_world_championships,Biathlon World Championships,2016,2016-12-31,biathlon,Biathlon,pursuit-12-5-km,Biathlon World Championships Men Pursuit (12.5 km),men,Pursuit (12.5 km),2,silver,athlete,Ole Einar Bjørndalen,Norway,NOR,,https://en.wikipedia.org/wiki/Biathlon_World_Championships
biathlon_world_championships,Biathlon World Championships,2016,2016-12-31,biathlon,Biathlon,pursuit-12-5-km,Biathlon World Championships Men Pursuit (12.5 km),men,Pursuit (12.5 km),3,bronze,athlete,Emil Hegle Svendsen,Norway,NOR,,https://en.wikipedia.org/wiki/Biathlon_World_Championships
biathlon_world_championships,Biathlon World Championships,2016,2016-12-31,biathlon,Biathlon,relay-4-7-5-km,Biathlon World Championships Men Relay (4 × 7.5 km),men,Relay (4 × 7.5 km),1,gold,team,Norway,Norway,NOR,Ole Einar Bjørndalen / Tarjei Bø / Johannes Thingnes Bø / Emil Hegle Svendsen,https://en.wikipedia.org/wiki/Biathlon_World_Championships
biathlon_world_championships,Biathlon World Championships,2016,2016-12-31,biathlon,Biathlon,relay-4-7-5-km,Biathlon World Championships Men Relay (4 × 7.5 km),men,Relay (4 × 7.5 km),2,silver,team,Germany,Germany,GER,Erik Lesser / Benedikt Doll / Arnd Peiffer / Simon Schempp,https://en.wikipedia.org/wiki/Biathlon_World_Championships
biathlon_world_championships,Biathlon World Championships,2016,2016-12-31,biathlon,Biathlon,relay-4-7-5-km,Biathlon World Championships Men Relay (4 × 7.5 km),men,Relay (4 × 7.5 km),3,bronze,team,Canada,Canada,CAN,Christian Gow / Nathan Smith / Scott Gow / Brendan Green,https://en.wikipedia.org/wiki/Biathlon_World_Championships
biathlon_world_championships,Biathlon World Championships,2016,2016-12-31,biathlon,Biathlon,sprint-10-km,Biathlon World Championships Men Sprint (10 km),men,Sprint (10 km),1,gold,athlete,Martin Fourcade,France,FRA,,https://en.wikipedia.org/wiki/Biathlon_World_Championships
biathlon_world_championships,Biathlon World Championships,2016,2016-12-31,biathlon,Biathlon,sprint-10-km,Biathlon World Championships Men Sprint (10 km),men,Sprint (10 km),2,silver,athlete,Ole Einar Bjørndalen,Norway,NOR,,https://en.wikipedia.org/wiki/Biathlon_World_Championships
biathlon_world_championships,Biathlon World Championships,2016,2016-12-31,biathlon,Biathlon,sprint-10-km,Biathlon World Championships Men Sprint (10 km),men,Sprint (10 km),3,bronze,athlete,Serhiy Semenov,Ukraine,UKR,,https://en.wikipedia.org/wiki/Biathlon_World_Championships
biathlon_world_championships,Biathlon World Championships,2016,2016-12-31,biathlon,Biathlon,mixed-relay,Biathlon World Championships Mixed Mixed relay,mixed,Mixed relay,1,gold,team,France,France,FRA,Anaïs Bescond / Marie Dorin Habert / Quentin Fillon Maillet / Martin Fourcade,https://en.wikipedia.org/wiki/Biathlon_World_Championships
biathlon_world_championships,Biathlon World Championships,2016,2016-12-31,biathlon,Biathlon,mixed-relay,Biathlon World Championships Mixed Mixed relay,mixed,Mixed relay,2,silver,team,Germany,Germany,GER,Franziska Preuß / Franziska Hildebrand / Arnd Peiffer / Simon Schempp,https://en.wikipedia.org/wiki/Biathlon_World_Championships
biathlon_world_championships,Biathlon World Championships,2016,2016-12-31,biathlon,Biathlon,mixed-relay,Biathlon World Championships Mixed Mixed relay,mixed,Mixed relay,3,bronze,team,Norway,Norway,NOR,Marte Olsbu / Tiril Eckhoff / Johannes Thingnes Bø / Tarjei Bø,https://en.wikipedia.org/wiki/Biathlon_World_Championships
biathlon_world_championships,Biathlon World Championships,2016,2016-12-31,biathlon,Biathlon,individual-15-km,Biathlon World Championships Women Individual (15 km),women,Individual (15 km),1,gold,athlete,Marie Dorin Habert,France,FRA,,https://en.wikipedia.org/wiki/Biathlon_World_Championships
biathlon_world_championships,Biathlon World Championships,2016,2016-12-31,biathlon,Biathlon,individual-15-km,Biathlon World Championships Women Individual (15 km),women,Individual (15 km),2,silver,athlete,Anaïs Bescond,France,FRA,,https://en.wikipedia.org/wiki/Biathlon_World_Championships
biathlon_world_championships,Biathlon World Championships,2016,2016-12-31,biathlon,Biathlon,individual-15-km,Biathlon World Championships Women Individual (15 km),women,Individual (15 km),3,bronze,athlete,Laura Dahlmeier,Germany,GER,,https://en.wikipedia.org/wiki/Biathlon_World_Championships
biathlon_world_championships,Biathlon World Championships,2016,2016-12-31,biathlon,Biathlon,mass-start-12-5-km,Biathlon World Championships Women Mass start (12.5 km),women,Mass start (12.5 km),1,gold,athlete,Marie Dorin Habert,France,FRA,,https://en.wikipedia.org/wiki/Biathlon_World_Championships
biathlon_world_championships,Biathlon World Championships,2016,2016-12-31,biathlon,Biathlon,mass-start-12-5-km,Biathlon World Championships Women Mass start (12.5 km),women,Mass start (12.5 km),2,silver,athlete,Laura Dahlmeier,Germany,GER,,https://en.wikipedia.org/wiki/Biathlon_World_Championships
biathlon_world_championships,Biathlon World Championships,2016,2016-12-31,biathlon,Biathlon,mass-start-12-5-km,Biathlon World Championships Women Mass start (12.5 km),women,Mass start (12.5 km),3,bronze,athlete,Kaisa Mäkäräinen,Finland,FIN,,https://en.wikipedia.org/wiki/Biathlon_World_Championships
biathlon_world_championships,Biathlon World Championships,2016,2016-12-31,biathlon,Biathlon,pursuit-10-km,Biathlon World Championships Women Pursuit (10 km),women,Pursuit (10 km),1,gold,athlete,Laura Dahlmeier,Germany,GER,,https://en.wikipedia.org/wiki/Biathlon_World_Championships
biathlon_world_championships,Biathlon World Championships,2016,2016-12-31,biathlon,Biathlon,pursuit-10-km,Biathlon World Championships Women Pursuit (10 km),women,Pursuit (10 km),2,silver,athlete,Dorothea Wierer,Italy,ITA,,https://en.wikipedia.org/wiki/Biathlon_World_Championships
biathlon_world_championships,Biathlon World Championships,2016,2016-12-31,biathlon,Biathlon,pursuit-10-km,Biathlon World Championships Women Pursuit (10 km),women,Pursuit (10 km),3,bronze,athlete,Marie Dorin Habert,France,FRA,,https://en.wikipedia.org/wiki/Biathlon_World_Championships
biathlon_world_championships,Biathlon World Championships,2016,2016-12-31,biathlon,Biathlon,relay-4-6-km,Biathlon World Championships Women Relay (4 × 6 km),women,Relay (4 × 6 km),1,gold,team,Norway,Norway,NOR,Synnøve Solemdal / Fanny Horn Birkeland / Tiril Eckhoff / Marte Olsbu,https://en.wikipedia.org/wiki/Biathlon_World_Championships
biathlon_world_championships,Biathlon World Championships,2016,2016-12-31,biathlon,Biathlon,relay-4-6-km,Biathlon World Championships Women Relay (4 × 6 km),women,Relay (4 × 6 km),2,silver,team,France,France,FRA,Justine Braisaz / Anaïs Bescond / Anaïs Chevalier / Marie Dorin Habert,https://en.wikipedia.org/wiki/Biathlon_World_Championships
biathlon_world_championships,Biathlon World Championships,2016,2016-12-31,biathlon,Biathlon,relay-4-6-km,Biathlon World Championships Women Relay (4 × 6 km),women,Relay (4 × 6 km),3,bronze,team,Germany,Germany,GER,Franziska Preuß / Franziska Hildebrand / Maren Hammerschmidt / Laura Dahlmeier,https://en.wikipedia.org/wiki/Biathlon_World_Championships
biathlon_world_championships,Biathlon World Championships,2016,2016-12-31,biathlon,Biathlon,sprint-7-5-km,Biathlon World Championships Women Sprint (7.5 km),women,Sprint (7.5 km),1,gold,athlete,Tiril Eckhoff,Norway,NOR,,https://en.wikipedia.org/wiki/Biathlon_World_Championships
biathlon_world_championships,Biathlon World Championships,2016,2016-12-31,biathlon,Biathlon,sprint-7-5-km,Biathlon World Championships Women Sprint (7.5 km),women,Sprint (7.5 km),2,silver,athlete,Marie Dorin Habert,France,FRA,,https://en.wikipedia.org/wiki/Biathlon_World_Championships
biathlon_world_championships,Biathlon World Championships,2016,2016-12-31,biathlon,Biathlon,sprint-7-5-km,Biathlon World Championships Women Sprint (7.5 km),women,Sprint (7.5 km),3,bronze,athlete,Laura Dahlmeier,Germany,GER,,https://en.wikipedia.org/wiki/Biathlon_World_Championships
biathlon_world_championships,Biathlon World Championships,2017,2017-12-31,biathlon,Biathlon,individual-20-km,Biathlon World Championships Men Individual (20 km),men,Individual (20 km),1,gold,athlete,Lowell Bailey,United States,USA,,https://en.wikipedia.org/wiki/Biathlon_World_Championships
biathlon_world_championships,Biathlon World Championships,2017,2017-12-31,biathlon,Biathlon,individual-20-km,Biathlon World Championships Men Individual (20 km),men,Individual (20 km),2,silver,athlete,Ondřej Moravec,Czech Republic,CZE,,https://en.wikipedia.org/wiki/Biathlon_World_Championships
biathlon_world_championships,Biathlon World Championships,2017,2017-12-31,biathlon,Biathlon,individual-20-km,Biathlon World Championships Men Individual (20 km),men,Individual (20 km),3,bronze,athlete,Martin Fourcade,France,FRA,,https://en.wikipedia.org/wiki/Biathlon_World_Championships
biathlon_world_championships,Biathlon World Championships,2017,2017-12-31,biathlon,Biathlon,mass-start-15-km,Biathlon World Championships Men Mass start (15 km),men,Mass start (15 km),1,gold,athlete,Simon Schempp,Germany,GER,,https://en.wikipedia.org/wiki/Biathlon_World_Championships
biathlon_world_championships,Biathlon World Championships,2017,2017-12-31,biathlon,Biathlon,mass-start-15-km,Biathlon World Championships Men Mass start (15 km),men,Mass start (15 km),2,silver,athlete,Johannes Thingnes Bø,Norway,NOR,,https://en.wikipedia.org/wiki/Biathlon_World_Championships
biathlon_world_championships,Biathlon World Championships,2017,2017-12-31,biathlon,Biathlon,mass-start-15-km,Biathlon World Championships Men Mass start (15 km),men,Mass start (15 km),3,bronze,athlete,Simon Eder,Austria,AUT,,https://en.wikipedia.org/wiki/Biathlon_World_Championships
biathlon_world_championships,Biathlon World Championships,2017,2017-12-31,biathlon,Biathlon,pursuit-12-5-km,Biathlon World Championships Men Pursuit (12.5 km),men,Pursuit (12.5 km),1,gold,athlete,Martin Fourcade,France,FRA,,https://en.wikipedia.org/wiki/Biathlon_World_Championships
biathlon_world_championships,Biathlon World Championships,2017,2017-12-31,biathlon,Biathlon,pursuit-12-5-km,Biathlon World Championships Men Pursuit (12.5 km),men,Pursuit (12.5 km),2,silver,athlete,Johannes Thingnes Bø,Norway,NOR,,https://en.wikipedia.org/wiki/Biathlon_World_Championships
biathlon_world_championships,Biathlon World Championships,2017,2017-12-31,biathlon,Biathlon,pursuit-12-5-km,Biathlon World Championships Men Pursuit (12.5 km),men,Pursuit (12.5 km),3,bronze,athlete,Ole Einar Bjørndalen,Norway,NOR,,https://en.wikipedia.org/wiki/Biathlon_World_Championships
biathlon_world_championships,Biathlon World Championships,2017,2017-12-31,biathlon,Biathlon,relay-4-7-5-km,Biathlon World Championships Men Relay (4 × 7.5 km),men,Relay (4 × 7.5 km),1,gold,team,Russia,Russia,RUS,Alexey Volkov / Maxim Tsvetkov / Anton Babikov / Anton Shipulin,https://en.wikipedia.org/wiki/Biathlon_World_Championships
biathlon_world_championships,Biathlon World Championships,2017,2017-12-31,biathlon,Biathlon,relay-4-7-5-km,Biathlon World Championships Men Relay (4 × 7.5 km),men,Relay (4 × 7.5 km),2,silver,team,France,France,FRA,Jean-Guillaume Béatrix / Quentin Fillon Maillet / Simon Desthieux / Martin Fourcade,https://en.wikipedia.org/wiki/Biathlon_World_Championships
biathlon_world_championships,Biathlon World Championships,2017,2017-12-31,biathlon,Biathlon,relay-4-7-5-km,Biathlon World Championships Men Relay (4 × 7.5 km),men,Relay (4 × 7.5 km),3,bronze,team,Austria,Austria,AUT,Daniel Mesotitsch / Julian Eberhard / Simon Eder / Dominik Landertinger,https://en.wikipedia.org/wiki/Biathlon_World_Championships
biathlon_world_championships,Biathlon World Championships,2017,2017-12-31,biathlon,Biathlon,sprint-10-km,Biathlon World Championships Men Sprint (10 km),men,Sprint (10 km),1,gold,athlete,Benedikt Doll,Germany,GER,,https://en.wikipedia.org/wiki/Biathlon_World_Championships
biathlon_world_championships,Biathlon World Championships,2017,2017-12-31,biathlon,Biathlon,sprint-10-km,Biathlon World Championships Men Sprint (10 km),men,Sprint (10 km),2,silver,athlete,Johannes Thingnes Bø,Norway,NOR,,https://en.wikipedia.org/wiki/Biathlon_World_Championships
biathlon_world_championships,Biathlon World Championships,2017,2017-12-31,biathlon,Biathlon,sprint-10-km,Biathlon World Championships Men Sprint (10 km),men,Sprint (10 km),3,bronze,athlete,Martin Fourcade,France,FRA,,https://en.wikipedia.org/wiki/Biathlon_World_Championships
biathlon_world_championships,Biathlon World Championships,2017,2017-12-31,biathlon,Biathlon,mixed-relay,Biathlon World Championships Mixed Mixed relay,mixed,Mixed relay,1,gold,team,Germany,Germany,GER,Vanessa Hinz / Laura Dahlmeier / Arnd Peiffer / Simon Schempp,https://en.wikipedia.org/wiki/Biathlon_World_Championships
biathlon_world_championships,Biathlon World Championships,2017,2017-12-31,biathlon,Biathlon,mixed-relay,Biathlon World Championships Mixed Mixed relay,mixed,Mixed relay,2,silver,team,France,France,FRA,Anaïs Chevalier / Marie Dorin Habert / Quentin Fillon Maillet / Martin Fourcade,https://en.wikipedia.org/wiki/Biathlon_World_Championships
biathlon_world_championships,Biathlon World Championships,2017,2017-12-31,biathlon,Biathlon,mixed-relay,Biathlon World Championships Mixed Mixed relay,mixed,Mixed relay,3,bronze,team,Russia,Russia,RUS,Olga Podchufarova / Tatiana Akimova / Alexander Loginov / Anton Shipulin,https://en.wikipedia.org/wiki/Biathlon_World_Championships
biathlon_world_championships,Biathlon World Championships,2017,2017-12-31,biathlon,Biathlon,individual-15-km,Biathlon World Championships Women Individual (15 km),women,Individual (15 km),1,gold,athlete,Laura Dahlmeier,Germany,GER,,https://en.wikipedia.org/wiki/Biathlon_World_Championships
biathlon_world_championships,Biathlon World Championships,2017,2017-12-31,biathlon,Biathlon,individual-15-km,Biathlon World Championships Women Individual (15 km),women,Individual (15 km),2,silver,athlete,Gabriela Koukalová,Czech Republic,CZE,,https://en.wikipedia.org/wiki/Biathlon_World_Championships
biathlon_world_championships,Biathlon World Championships,2017,2017-12-31,biathlon,Biathlon,individual-15-km,Biathlon World Championships Women Individual (15 km),women,Individual (15 km),3,bronze,athlete,Alexia Runggaldier,Italy,ITA,,https://en.wikipedia.org/wiki/Biathlon_World_Championships
biathlon_world_championships,Biathlon World Championships,2017,2017-12-31,biathlon,Biathlon,mass-start-12-5-km,Biathlon World Championships Women Mass start (12.5 km),women,Mass start (12.5 km),1,gold,athlete,Laura Dahlmeier,Germany,GER,,https://en.wikipedia.org/wiki/Biathlon_World_Championships
biathlon_world_championships,Biathlon World Championships,2017,2017-12-31,biathlon,Biathlon,mass-start-12-5-km,Biathlon World Championships Women Mass start (12.5 km),women,Mass start (12.5 km),2,silver,athlete,Susan Dunklee,United States,USA,,https://en.wikipedia.org/wiki/Biathlon_World_Championships
biathlon_world_championships,Biathlon World Championships,2017,2017-12-31,biathlon,Biathlon,mass-start-12-5-km,Biathlon World Championships Women Mass start (12.5 km),women,Mass start (12.5 km),3,bronze,athlete,Kaisa Mäkäräinen,Finland,FIN,,https://en.wikipedia.org/wiki/Biathlon_World_Championships
biathlon_world_championships,Biathlon World Championships,2017,2017-12-31,biathlon,Biathlon,pursuit-10-km,Biathlon World Championships Women Pursuit (10 km),women,Pursuit (10 km),1,gold,athlete,Laura Dahlmeier,Germany,GER,,https://en.wikipedia.org/wiki/Biathlon_World_Championships
biathlon_world_championships,Biathlon World Championships,2017,2017-12-31,biathlon,Biathlon,pursuit-10-km,Biathlon World Championships Women Pursuit (10 km),women,Pursuit (10 km),2,silver,athlete,Darya Domracheva,Belarus,BLR,,https://en.wikipedia.org/wiki/Biathlon_World_Championships
biathlon_world_championships,Biathlon World Championships,2017,2017-12-31,biathlon,Biathlon,pursuit-10-km,Biathlon World Championships Women Pursuit (10 km),women,Pursuit (10 km),3,bronze,athlete,Gabriela Koukalová,Czech Republic,CZE,,https://en.wikipedia.org/wiki/Biathlon_World_Championships
biathlon_world_championships,Biathlon World Championships,2017,2017-12-31,biathlon,Biathlon,relay-4-6-km,Biathlon World Championships Women Relay (4 × 6 km),women,Relay (4 × 6 km),1,gold,team,Germany,Germany,GER,Vanessa Hinz / Maren Hammerschmidt / Franziska Hildebrand / Laura Dahlmeier,https://en.wikipedia.org/wiki/Biathlon_World_Championships
biathlon_world_championships,Biathlon World Championships,2017,2017-12-31,biathlon,Biathlon,relay-4-6-km,Biathlon World Championships Women Relay (4 × 6 km),women,Relay (4 × 6 km),2,silver,team,Ukraine,Ukraine,UKR,Iryna Varvynets / Yuliia Dzhima / Anastasiya Merkushyna / Olena Pidhrushna,https://en.wikipedia.org/wiki/Biathlon_World_Championships
biathlon_world_championships,Biathlon World Championships,2017,2017-12-31,biathlon,Biathlon,relay-4-6-km,Biathlon World Championships Women Relay (4 × 6 km),women,Relay (4 × 6 km),3,bronze,team,France,France,FRA,Anaïs Chevalier / Célia Aymonier / Justine Braisaz / Marie Dorin Habert,https://en.wikipedia.org/wiki/Biathlon_World_Championships
biathlon_world_championships,Biathlon World Championships,2017,2017-12-31,biathlon,Biathlon,sprint-7-5-km,Biathlon World Championships Women Sprint (7.5 km),women,Sprint (7.5 km),1,gold,athlete,Gabriela Koukalová,Czech Republic,CZE,,https://en.wikipedia.org/wiki/Biathlon_World_Championships
biathlon_world_championships,Biathlon World Championships,2017,2017-12-31,biathlon,Biathlon,sprint-7-5-km,Biathlon World Championships Women Sprint (7.5 km),women,Sprint (7.5 km),2,silver,athlete,Laura Dahlmeier,Germany,GER,,https://en.wikipedia.org/wiki/Biathlon_World_Championships
biathlon_world_championships,Biathlon World Championships,2017,2017-12-31,biathlon,Biathlon,sprint-7-5-km,Biathlon World Championships Women Sprint (7.5 km),women,Sprint (7.5 km),3,bronze,athlete,Anaïs Chevalier,France,FRA,,https://en.wikipedia.org/wiki/Biathlon_World_Championships
biathlon_world_championships,Biathlon World Championships,2019,2019-12-31,biathlon,Biathlon,individual-20-km,Biathlon World Championships Men Individual (20 km),men,Individual (20 km),1,gold,athlete,Arnd Peiffer,Germany,GER,,https://en.wikipedia.org/wiki/Biathlon_World_Championships
biathlon_world_championships,Biathlon World Championships,2019,2019-12-31,biathlon,Biathlon,individual-20-km,Biathlon World Championships Men Individual (20 km),men,Individual (20 km),2,silver,athlete,Vladimir Iliev,Bulgaria,BUL,,https://en.wikipedia.org/wiki/Biathlon_World_Championships
biathlon_world_championships,Biathlon World Championships,2019,2019-12-31,biathlon,Biathlon,individual-20-km,Biathlon World Championships Men Individual (20 km),men,Individual (20 km),3,bronze,athlete,Tarjei Bø,Norway,NOR,,https://en.wikipedia.org/wiki/Biathlon_World_Championships
biathlon_world_championships,Biathlon World Championships,2019,2019-12-31,biathlon,Biathlon,mass-start-15-km,Biathlon World Championships Men Mass start (15 km),men,Mass start (15 km),1,gold,athlete,Dominik Windisch,Italy,ITA,,https://en.wikipedia.org/wiki/Biathlon_World_Championships
biathlon_world_championships,Biathlon World Championships,2019,2019-12-31,biathlon,Biathlon,mass-start-15-km,Biathlon World Championships Men Mass start (15 km),men,Mass start (15 km),2,silver,athlete,Antonin Guigonnat,France,FRA,,https://en.wikipedia.org/wiki/Biathlon_World_Championships
biathlon_world_championships,Biathlon World Championships,2019,2019-12-31,biathlon,Biathlon,mass-start-15-km,Biathlon World Championships Men Mass start (15 km),men,Mass start (15 km),3,bronze,athlete,Julian Eberhard,Austria,AUT,,https://en.wikipedia.org/wiki/Biathlon_World_Championships
biathlon_world_championships,Biathlon World Championships,2019,2019-12-31,biathlon,Biathlon,pursuit-12-5-km,Biathlon World Championships Men Pursuit (12.5 km),men,Pursuit (12.5 km),1,gold,athlete,Dmytro Pidruchnyi,Ukraine,UKR,,https://en.wikipedia.org/wiki/Biathlon_World_Championships
biathlon_world_championships,Biathlon World Championships,2019,2019-12-31,biathlon,Biathlon,pursuit-12-5-km,Biathlon World Championships Men Pursuit (12.5 km),men,Pursuit (12.5 km),2,silver,athlete,Johannes Thingnes Bø,Norway,NOR,,https://en.wikipedia.org/wiki/Biathlon_World_Championships
biathlon_world_championships,Biathlon World Championships,2019,2019-12-31,biathlon,Biathlon,pursuit-12-5-km,Biathlon World Championships Men Pursuit (12.5 km),men,Pursuit (12.5 km),3,bronze,athlete,Quentin Fillon Maillet,France,FRA,,https://en.wikipedia.org/wiki/Biathlon_World_Championships
biathlon_world_championships,Biathlon World Championships,2019,2019-12-31,biathlon,Biathlon,relay-4-7-5-km,Biathlon World Championships Men Relay (4 × 7.5 km),men,Relay (4 × 7.5 km),1,gold,team,Norway,Norway,NOR,Lars Helge Birkeland / Vetle Sjåstad Christiansen / Tarjei Bø / Johannes Thingnes Bø,https://en.wikipedia.org/wiki/Biathlon_World_Championships
biathlon_world_championships,Biathlon World Championships,2019,2019-12-31,biathlon,Biathlon,relay-4-7-5-km,Biathlon World Championships Men Relay (4 × 7.5 km),men,Relay (4 × 7.5 km),2,silver,team,Germany,Germany,GER,Erik Lesser / Roman Rees / Arnd Peiffer / Benedikt Doll,https://en.wikipedia.org/wiki/Biathlon_World_Championships
biathlon_world_championships,Biathlon World Championships,2019,2019-12-31,biathlon,Biathlon,relay-4-7-5-km,Biathlon World Championships Men Relay (4 × 7.5 km),men,Relay (4 × 7.5 km),3,bronze,team,Russia,Russia,RUS,Matvey Eliseev / Nikita Porshnev / Dmitry Malyshko / Alexander Loginov,https://en.wikipedia.org/wiki/Biathlon_World_Championships
biathlon_world_championships,Biathlon World Championships,2019,2019-12-31,biathlon,Biathlon,sprint-10-km,Biathlon World Championships Men Sprint (10 km),men,Sprint (10 km),1,gold,athlete,Johannes Thingnes Bø,Norway,NOR,,https://en.wikipedia.org/wiki/Biathlon_World_Championships
biathlon_world_championships,Biathlon World Championships,2019,2019-12-31,biathlon,Biathlon,sprint-10-km,Biathlon World Championships Men Sprint (10 km),men,Sprint (10 km),2,silver,athlete,Alexander Loginov,Russia,RUS,,https://en.wikipedia.org/wiki/Biathlon_World_Championships
biathlon_world_championships,Biathlon World Championships,2019,2019-12-31,biathlon,Biathlon,sprint-10-km,Biathlon World Championships Men Sprint (10 km),men,Sprint (10 km),3,bronze,athlete,Quentin Fillon Maillet,France,FRA,,https://en.wikipedia.org/wiki/Biathlon_World_Championships
biathlon_world_championships,Biathlon World Championships,2019,2019-12-31,biathlon,Biathlon,mixed-relay,Biathlon World Championships Mixed Mixed relay,mixed,Mixed relay,1,gold,team,Norway,Norway,NOR,Marte Olsbu Røiseland / Tiril Eckhoff / Johannes Thingnes Bø / Vetle Sjåstad Christiansen,https://en.wikipedia.org/wiki/Biathlon_World_Championships
biathlon_world_championships,Biathlon World Championships,2019,2019-12-31,biathlon,Biathlon,mixed-relay,Biathlon World Championships Mixed Mixed relay,mixed,Mixed relay,2,silver,team,Germany,Germany,GER,Vanessa Hinz / Denise Herrmann / Arnd Peiffer / Benedikt Doll,https://en.wikipedia.org/wiki/Biathlon_World_Championships
biathlon_world_championships,Biathlon World Championships,2019,2019-12-31,biathlon,Biathlon,mixed-relay,Biathlon World Championships Mixed Mixed relay,mixed,Mixed relay,3,bronze,team,Italy,Italy,ITA,Lisa Vittozzi / Dorothea Wierer / Lukas Hofer / Dominik Windisch,https://en.wikipedia.org/wiki/Biathlon_World_Championships
biathlon_world_championships,Biathlon World Championships,2019,2019-12-31,biathlon,Biathlon,single-mixed-relay,Biathlon World Championships Mixed Single mixed relay,mixed,Single mixed relay,1,gold,team,Norway,Norway,NOR,Marte Olsbu Røiseland / Johannes Thingnes Bø,https://en.wikipedia.org/wiki/Biathlon_World_Championships
biathlon_world_championships,Biathlon World Championships,2019,2019-12-31,biathlon,Biathlon,single-mixed-relay,Biathlon World Championships Mixed Single mixed relay,mixed,Single mixed relay,2,silver,team,Italy,Italy,ITA,Dorothea Wierer / Lukas Hofer,https://en.wikipedia.org/wiki/Biathlon_World_Championships
biathlon_world_championships,Biathlon World Championships,2019,2019-12-31,biathlon,Biathlon,single-mixed-relay,Biathlon World Championships Mixed Single mixed relay,mixed,Single mixed relay,3,bronze,team,Sweden,Sweden,SWE,Hanna Öberg / Sebastian Samuelsson,https://en.wikipedia.org/wiki/Biathlon_World_Championships
biathlon_world_championships,Biathlon World Championships,2019,2019-12-31,biathlon,Biathlon,individual-15-km,Biathlon World Championships Women Individual (15 km),women,Individual (15 km),1,gold,athlete,Hanna Öberg,Sweden,SWE,,https://en.wikipedia.org/wiki/Biathlon_World_Championships
biathlon_world_championships,Biathlon World Championships,2019,2019-12-31,biathlon,Biathlon,individual-15-km,Biathlon World Championships Women Individual (15 km),women,Individual (15 km),2,silver,athlete,Lisa Vittozzi,Italy,ITA,,https://en.wikipedia.org/wiki/Biathlon_World_Championships
biathlon_world_championships,Biathlon World Championships,2019,2019-12-31,biathlon,Biathlon,individual-15-km,Biathlon World Championships Women Individual (15 km),women,Individual (15 km),3,bronze,athlete,Justine Braisaz,France,FRA,,https://en.wikipedia.org/wiki/Biathlon_World_Championships
biathlon_world_championships,Biathlon World Championships,2019,2019-12-31,biathlon,Biathlon,mass-start-12-5-km,Biathlon World Championships Women Mass start (12.5 km),women,Mass start (12.5 km),1,gold,athlete,Dorothea Wierer,Italy,ITA,,https://en.wikipedia.org/wiki/Biathlon_World_Championships
biathlon_world_championships,Biathlon World Championships,2019,2019-12-31,biathlon,Biathlon,mass-start-12-5-km,Biathlon World Championships Women Mass start (12.5 km),women,Mass start (12.5 km),2,silver,athlete,Ekaterina Yurlova-Percht,Russia,RUS,,https://en.wikipedia.org/wiki/Biathlon_World_Championships
biathlon_world_championships,Biathlon World Championships,2019,2019-12-31,biathlon,Biathlon,mass-start-12-5-km,Biathlon World Championships Women Mass start (12.5 km),women,Mass start (12.5 km),3,bronze,athlete,Denise Herrmann,Germany,GER,,https://en.wikipedia.org/wiki/Biathlon_World_Championships
biathlon_world_championships,Biathlon World Championships,2019,2019-12-31,biathlon,Biathlon,pursuit-10-km,Biathlon World Championships Women Pursuit (10 km),women,Pursuit (10 km),1,gold,athlete,Denise Herrmann,Germany,GER,,https://en.wikipedia.org/wiki/Biathlon_World_Championships
biathlon_world_championships,Biathlon World Championships,2019,2019-12-31,biathlon,Biathlon,pursuit-10-km,Biathlon World Championships Women Pursuit (10 km),women,Pursuit (10 km),2,silver,athlete,Tiril Eckhoff,Norway,NOR,,https://en.wikipedia.org/wiki/Biathlon_World_Championships
biathlon_world_championships,Biathlon World Championships,2019,2019-12-31,biathlon,Biathlon,pursuit-10-km,Biathlon World Championships Women Pursuit (10 km),women,Pursuit (10 km),3,bronze,athlete,Laura Dahlmeier,Germany,GER,,https://en.wikipedia.org/wiki/Biathlon_World_Championships
biathlon_world_championships,Biathlon World Championships,2019,2019-12-31,biathlon,Biathlon,relay-4-6-km,Biathlon World Championships Women Relay (4 × 6 km),women,Relay (4 × 6 km),1,gold,team,Norway,Norway,NOR,Synnøve Solemdal / Ingrid Landmark Tandrevold / Tiril Eckhoff / Marte Olsbu Røiseland,https://en.wikipedia.org/wiki/Biathlon_World_Championships
biathlon_world_championships,Biathlon World Championships,2019,2019-12-31,biathlon,Biathlon,relay-4-6-km,Biathlon World Championships Women Relay (4 × 6 km),women,Relay (4 × 6 km),2,silver,team,Sweden,Sweden,SWE,Linn Persson / Mona Brorsson / Anna Magnusson / Hanna Öberg,https://en.wikipedia.org/wiki/Biathlon_World_Championships
biathlon_world_championships,Biathlon World Championships,2019,2019-12-31,biathlon,Biathlon,relay-4-6-km,Biathlon World Championships Women Relay (4 × 6 km),women,Relay (4 × 6 km),3,bronze,team,Ukraine,Ukraine,UKR,Anastasiya Merkushyna / Vita Semerenko / Yuliia Dzhima / Valentyna Semerenko,https://en.wikipedia.org/wiki/Biathlon_World_Championships
biathlon_world_championships,Biathlon World Championships,2019,2019-12-31,biathlon,Biathlon,sprint-7-5-km,Biathlon World Championships Women Sprint (7.5 km),women,Sprint (7.5 km),1,gold,athlete,Anastasiya Kuzmina,Slovakia,SVK,,https://en.wikipedia.org/wiki/Biathlon_World_Championships
biathlon_world_championships,Biathlon World Championships,2019,2019-12-31,biathlon,Biathlon,sprint-7-5-km,Biathlon World Championships Women Sprint (7.5 km),women,Sprint (7.5 km),2,silver,athlete,Ingrid Landmark Tandrevold,Norway,NOR,,https://en.wikipedia.org/wiki/Biathlon_World_Championships
biathlon_world_championships,Biathlon World Championships,2019,2019-12-31,biathlon,Biathlon,sprint-7-5-km,Biathlon World Championships Women Sprint (7.5 km),women,Sprint (7.5 km),3,bronze,athlete,Laura Dahlmeier,Germany,GER,,https://en.wikipedia.org/wiki/Biathlon_World_Championships
biathlon_world_championships,Biathlon World Championships,2020,2020-12-31,biathlon,Biathlon,individual-20-km,Biathlon World Championships Men Individual (20 km),men,Individual (20 km),1,gold,athlete,Martin Fourcade,France,FRA,,https://en.wikipedia.org/wiki/Biathlon_World_Championships
biathlon_world_championships,Biathlon World Championships,2020,2020-12-31,biathlon,Biathlon,individual-20-km,Biathlon World Championships Men Individual (20 km),men,Individual (20 km),2,silver,athlete,Johannes Thingnes Bø,Norway,NOR,,https://en.wikipedia.org/wiki/Biathlon_World_Championships
biathlon_world_championships,Biathlon World Championships,2020,2020-12-31,biathlon,Biathlon,individual-20-km,Biathlon World Championships Men Individual (20 km),men,Individual (20 km),3,bronze,athlete,Dominik Landertinger,Austria,AUT,,https://en.wikipedia.org/wiki/Biathlon_World_Championships
biathlon_world_championships,Biathlon World Championships,2020,2020-12-31,biathlon,Biathlon,mass-start-15-km,Biathlon World Championships Men Mass start (15 km),men,Mass start (15 km),1,gold,athlete,Johannes Thingnes Bø,Norway,NOR,,https://en.wikipedia.org/wiki/Biathlon_World_Championships
biathlon_world_championships,Biathlon World Championships,2020,2020-12-31,biathlon,Biathlon,mass-start-15-km,Biathlon World Championships Men Mass start (15 km),men,Mass start (15 km),2,silver,athlete,Quentin Fillon Maillet,France,FRA,,https://en.wikipedia.org/wiki/Biathlon_World_Championships
biathlon_world_championships,Biathlon World Championships,2020,2020-12-31,biathlon,Biathlon,mass-start-15-km,Biathlon World Championships Men Mass start (15 km),men,Mass start (15 km),3,bronze,athlete,Émilien Jacquelin,France,FRA,,https://en.wikipedia.org/wiki/Biathlon_World_Championships
biathlon_world_championships,Biathlon World Championships,2020,2020-12-31,biathlon,Biathlon,pursuit-12-5-km,Biathlon World Championships Men Pursuit (12.5 km),men,Pursuit (12.5 km),1,gold,athlete,Émilien Jacquelin,France,FRA,,https://en.wikipedia.org/wiki/Biathlon_World_Championships
biathlon_world_championships,Biathlon World Championships,2020,2020-12-31,biathlon,Biathlon,pursuit-12-5-km,Biathlon World Championships Men Pursuit (12.5 km),men,Pursuit (12.5 km),2,silver,athlete,Johannes Thingnes Bø,Norway,NOR,,https://en.wikipedia.org/wiki/Biathlon_World_Championships
biathlon_world_championships,Biathlon World Championships,2020,2020-12-31,biathlon,Biathlon,pursuit-12-5-km,Biathlon World Championships Men Pursuit (12.5 km),men,Pursuit (12.5 km),3,bronze,athlete,Alexander Loginov,Russia,RUS,,https://en.wikipedia.org/wiki/Biathlon_World_Championships
biathlon_world_championships,Biathlon World Championships,2020,2020-12-31,biathlon,Biathlon,relay-4-7-5-km,Biathlon World Championships Men Relay (4 × 7.5 km),men,Relay (4 × 7.5 km),1,gold,team,France,France,FRA,Émilien Jacquelin / Martin Fourcade / Simon Desthieux / Quentin Fillon Maillet,https://en.wikipedia.org/wiki/Biathlon_World_Championships
biathlon_world_championships,Biathlon World Championships,2020,2020-12-31,biathlon,Biathlon,relay-4-7-5-km,Biathlon World Championships Men Relay (4 × 7.5 km),men,Relay (4 × 7.5 km),2,silver,team,Norway,Norway,NOR,Vetle Sjåstad Christiansen / Johannes Dale / Tarjei Bø / Johannes Thingnes Bø,https://en.wikipedia.org/wiki/Biathlon_World_Championships
biathlon_world_championships,Biathlon World Championships,2020,2020-12-31,biathlon,Biathlon,relay-4-7-5-km,Biathlon World Championships Men Relay (4 × 7.5 km),men,Relay (4 × 7.5 km),3,bronze,team,Germany,Germany,GER,Erik Lesser / Philipp Horn / Arnd Peiffer / Benedikt Doll,https://en.wikipedia.org/wiki/Biathlon_World_Championships
biathlon_world_championships,Biathlon World Championships,2020,2020-12-31,biathlon,Biathlon,sprint-10-km,Biathlon World Championships Men Sprint (10 km),men,Sprint (10 km),1,gold,athlete,Alexander Loginov,Russia,RUS,,https://en.wikipedia.org/wiki/Biathlon_World_Championships
biathlon_world_championships,Biathlon World Championships,2020,2020-12-31,biathlon,Biathlon,sprint-10-km,Biathlon World Championships Men Sprint (10 km),men,Sprint (10 km),2,silver,athlete,Quentin Fillon Maillet,France,FRA,,https://en.wikipedia.org/wiki/Biathlon_World_Championships
biathlon_world_championships,Biathlon World Championships,2020,2020-12-31,biathlon,Biathlon,sprint-10-km,Biathlon World Championships Men Sprint (10 km),men,Sprint (10 km),3,bronze,athlete,Martin Fourcade,France,FRA,,https://en.wikipedia.org/wiki/Biathlon_World_Championships
biathlon_world_championships,Biathlon World Championships,2020,2020-12-31,biathlon,Biathlon,mixed-relay,Biathlon World Championships Mixed Mixed relay,mixed,Mixed relay,1,gold,team,Norway,Norway,NOR,Marte Olsbu Røiseland / Tiril Eckhoff / Tarjei Bø / Johannes Thingnes Bø,https://en.wikipedia.org/wiki/Biathlon_World_Championships
biathlon_world_championships,Biathlon World Championships,2020,2020-12-31,biathlon,Biathlon,mixed-relay,Biathlon World Championships Mixed Mixed relay,mixed,Mixed relay,2,silver,team,Italy,Italy,ITA,Lisa Vittozzi / Dorothea Wierer / Lukas Hofer / Dominik Windisch,https://en.wikipedia.org/wiki/Biathlon_World_Championships
biathlon_world_championships,Biathlon World Championships,2020,2020-12-31,biathlon,Biathlon,mixed-relay,Biathlon World Championships Mixed Mixed relay,mixed,Mixed relay,3,bronze,team,Czech Republic,Czech Republic,CZE,Eva Kristejn Puskarčíková / Markéta Davidová / Ondřej Moravec / Michal Krčmář,https://en.wikipedia.org/wiki/Biathlon_World_Championships
biathlon_world_championships,Biathlon World Championships,2020,2020-12-31,biathlon,Biathlon,single-mixed-relay,Biathlon World Championships Mixed Single mixed relay,mixed,Single mixed relay,1,gold,team,Norway,Norway,NOR,Marte Olsbu Røiseland / Johannes Thingnes Bø,https://en.wikipedia.org/wiki/Biathlon_World_Championships
biathlon_world_championships,Biathlon World Championships,2020,2020-12-31,biathlon,Biathlon,single-mixed-relay,Biathlon World Championships Mixed Single mixed relay,mixed,Single mixed relay,2,silver,team,Germany,Germany,GER,Franziska Preuß / Erik Lesser,https://en.wikipedia.org/wiki/Biathlon_World_Championships
biathlon_world_championships,Biathlon World Championships,2020,2020-12-31,biathlon,Biathlon,single-mixed-relay,Biathlon World Championships Mixed Single mixed relay,mixed,Single mixed relay,3,bronze,team,France,France,FRA,Anaïs Bescond / Émilien Jacquelin,https://en.wikipedia.org/wiki/Biathlon_World_Championships
biathlon_world_championships,Biathlon World Championships,2020,2020-12-31,biathlon,Biathlon,individual-15-km,Biathlon World Championships Women Individual (15 km),women,Individual (15 km),1,gold,athlete,Dorothea Wierer,Italy,ITA,,https://en.wikipedia.org/wiki/Biathlon_World_Championships
biathlon_world_championships,Biathlon World Championships,2020,2020-12-31,biathlon,Biathlon,individual-15-km,Biathlon World Championships Women Individual (15 km),women,Individual (15 km),2,silver,athlete,Vanessa Hinz,Germany,GER,,https://en.wikipedia.org/wiki/Biathlon_World_Championships
biathlon_world_championships,Biathlon World Championships,2020,2020-12-31,biathlon,Biathlon,individual-15-km,Biathlon World Championships Women Individual (15 km),women,Individual (15 km),3,bronze,athlete,Marte Olsbu Røiseland,Norway,NOR,,https://en.wikipedia.org/wiki/Biathlon_World_Championships
biathlon_world_championships,Biathlon World Championships,2020,2020-12-31,biathlon,Biathlon,mass-start-12-5-km,Biathlon World Championships Women Mass start (12.5 km),women,Mass start (12.5 km),1,gold,athlete,Marte Olsbu Røiseland,Norway,NOR,,https://en.wikipedia.org/wiki/Biathlon_World_Championships
biathlon_world_championships,Biathlon World Championships,2020,2020-12-31,biathlon,Biathlon,mass-start-12-5-km,Biathlon World Championships Women Mass start (12.5 km),women,Mass start (12.5 km),2,silver,athlete,Dorothea Wierer,Italy,ITA,,https://en.wikipedia.org/wiki/Biathlon_World_Championships
biathlon_world_championships,Biathlon World Championships,2020,2020-12-31,biathlon,Biathlon,mass-start-12-5-km,Biathlon World Championships Women Mass start (12.5 km),women,Mass start (12.5 km),3,bronze,athlete,Hanna Öberg,Sweden,SWE,,https://en.wikipedia.org/wiki/Biathlon_World_Championships
biathlon_world_championships,Biathlon World Championships,2020,2020-12-31,biathlon,Biathlon,pursuit-10-km,Biathlon World Championships Women Pursuit (10 km),women,Pursuit (10 km),1,gold,athlete,Dorothea Wierer,Italy,ITA,,https://en.wikipedia.org/wiki/Biathlon_World_Championships
biathlon_world_championships,Biathlon World Championships,2020,2020-12-31,biathlon,Biathlon,pursuit-10-km,Biathlon World Championships Women Pursuit (10 km),women,Pursuit (10 km),2,silver,athlete,Denise Herrmann,Germany,GER,,https://en.wikipedia.org/wiki/Biathlon_World_Championships
biathlon_world_championships,Biathlon World Championships,2020,2020-12-31,biathlon,Biathlon,pursuit-10-km,Biathlon World Championships Women Pursuit (10 km),women,Pursuit (10 km),3,bronze,athlete,Marte Olsbu Røiseland,Norway,NOR,,https://en.wikipedia.org/wiki/Biathlon_World_Championships
biathlon_world_championships,Biathlon World Championships,2020,2020-12-31,biathlon,Biathlon,relay-4-6-km,Biathlon World Championships Women Relay (4 × 6 km),women,Relay (4 × 6 km),1,gold,team,Norway,Norway,NOR,Synnøve Solemdal / Ingrid Landmark Tandrevold / Tiril Eckhoff / Marte Olsbu Røiseland,https://en.wikipedia.org/wiki/Biathlon_World_Championships
biathlon_world_championships,Biathlon World Championships,2020,2020-12-31,biathlon,Biathlon,relay-4-6-km,Biathlon World Championships Women Relay (4 × 6 km),women,Relay (4 × 6 km),2,silver,team,Germany,Germany,GER,Karolin Horchler / Vanessa Hinz / Franziska Preuß / Denise Herrmann,https://en.wikipedia.org/wiki/Biathlon_World_Championships
biathlon_world_championships,Biathlon World Championships,2020,2020-12-31,biathlon,Biathlon,relay-4-6-km,Biathlon World Championships Women Relay (4 × 6 km),women,Relay (4 × 6 km),3,bronze,team,Ukraine,Ukraine,UKR,Anastasiya Merkushyna / Yuliia Dzhima / Vita Semerenko / Olena Pidhrushna,https://en.wikipedia.org/wiki/Biathlon_World_Championships
biathlon_world_championships,Biathlon World Championships,2020,2020-12-31,biathlon,Biathlon,sprint-7-5-km,Biathlon World Championships Women Sprint (7.5 km),women,Sprint (7.5 km),1,gold,athlete,Marte Olsbu Røiseland,Norway,NOR,,https://en.wikipedia.org/wiki/Biathlon_World_Championships
biathlon_world_championships,Biathlon World Championships,2020,2020-12-31,biathlon,Biathlon,sprint-7-5-km,Biathlon World Championships Women Sprint (7.5 km),women,Sprint (7.5 km),2,silver,athlete,Susan Dunklee,United States,USA,,https://en.wikipedia.org/wiki/Biathlon_World_Championships
biathlon_world_championships,Biathlon World Championships,2020,2020-12-31,biathlon,Biathlon,sprint-7-5-km,Biathlon World Championships Women Sprint (7.5 km),women,Sprint (7.5 km),3,bronze,athlete,Lucie Charvátová,Czech Republic,CZE,,https://en.wikipedia.org/wiki/Biathlon_World_Championships
biathlon_world_championships,Biathlon World Championships,2021,2021-12-31,biathlon,Biathlon,individual-20-km,Biathlon World Championships Men Individual (20 km),men,Individual (20 km),1,gold,athlete,Sturla Holm Lægreid,Norway,NOR,,https://en.wikipedia.org/wiki/Biathlon_World_Championships
biathlon_world_championships,Biathlon World Championships,2021,2021-12-31,biathlon,Biathlon,individual-20-km,Biathlon World Championships Men Individual (20 km),men,Individual (20 km),2,silver,athlete,Arnd Peiffer,Germany,GER,,https://en.wikipedia.org/wiki/Biathlon_World_Championships
biathlon_world_championships,Biathlon World Championships,2021,2021-12-31,biathlon,Biathlon,individual-20-km,Biathlon World Championships Men Individual (20 km),men,Individual (20 km),3,bronze,athlete,Johannes Dale,Norway,NOR,,https://en.wikipedia.org/wiki/Biathlon_World_Championships
biathlon_world_championships,Biathlon World Championships,2021,2021-12-31,biathlon,Biathlon,mass-start-15-km,Biathlon World Championships Men Mass start (15 km),men,Mass start (15 km),1,gold,athlete,Sturla Holm Lægreid,Norway,NOR,,https://en.wikipedia.org/wiki/Biathlon_World_Championships
biathlon_world_championships,Biathlon World Championships,2021,2021-12-31,biathlon,Biathlon,mass-start-15-km,Biathlon World Championships Men Mass start (15 km),men,Mass start (15 km),2,silver,athlete,Johannes Dale,Norway,NOR,,https://en.wikipedia.org/wiki/Biathlon_World_Championships
biathlon_world_championships,Biathlon World Championships,2021,2021-12-31,biathlon,Biathlon,mass-start-15-km,Biathlon World Championships Men Mass start (15 km),men,Mass start (15 km),3,bronze,athlete,Quentin Fillon Maillet,France,FRA,,https://en.wikipedia.org/wiki/Biathlon_World_Championships
biathlon_world_championships,Biathlon World Championships,2021,2021-12-31,biathlon,Biathlon,pursuit-12-5-km,Biathlon World Championships Men Pursuit (12.5 km),men,Pursuit (12.5 km),1,gold,athlete,Émilien Jacquelin,France,FRA,,https://en.wikipedia.org/wiki/Biathlon_World_Championships
biathlon_world_championships,Biathlon World Championships,2021,2021-12-31,biathlon,Biathlon,pursuit-12-5-km,Biathlon World Championships Men Pursuit (12.5 km),men,Pursuit (12.5 km),2,silver,athlete,Sebastian Samuelsson,Sweden,SWE,,https://en.wikipedia.org/wiki/Biathlon_World_Championships
biathlon_world_championships,Biathlon World Championships,2021,2021-12-31,biathlon,Biathlon,pursuit-12-5-km,Biathlon World Championships Men Pursuit (12.5 km),men,Pursuit (12.5 km),3,bronze,athlete,Johannes Thingnes Bø,Norway,NOR,,https://en.wikipedia.org/wiki/Biathlon_World_Championships
biathlon_world_championships,Biathlon World Championships,2021,2021-12-31,biathlon,Biathlon,relay-4-7-5-km,Biathlon World Championships Men Relay (4 × 7.5 km),men,Relay (4 × 7.5 km),1,gold,team,Norway,Norway,NOR,Sturla Holm Lægreid / Tarjei Bø / Johannes Thingnes Bø / Vetle Sjåstad Christiansen,https://en.wikipedia.org/wiki/Biathlon_World_Championships
biathlon_world_championships,Biathlon World Championships,2021,2021-12-31,biathlon,Biathlon,relay-4-7-5-km,Biathlon World Championships Men Relay (4 × 7.5 km),men,Relay (4 × 7.5 km),2,silver,team,Sweden,Sweden,SWE,Peppe Femling / Jesper Nelin / Martin Ponsiluoma / Sebastian Samuelsson,https://en.wikipedia.org/wiki/Biathlon_World_Championships
biathlon_world_championships,Biathlon World Championships,2021,2021-12-31,biathlon,Biathlon,relay-4-7-5-km,Biathlon World Championships Men Relay (4 × 7.5 km),men,Relay (4 × 7.5 km),3,bronze,team,Russia,Russia,RUS,Said Karimulla Khalili / Matvey Eliseev / Alexander Loginov / Eduard Latypov,https://en.wikipedia.org/wiki/Biathlon_World_Championships
biathlon_world_championships,Biathlon World Championships,2021,2021-12-31,biathlon,Biathlon,sprint-10-km,Biathlon World Championships Men Sprint (10 km),men,Sprint (10 km),1,gold,athlete,Martin Ponsiluoma,Sweden,SWE,,https://en.wikipedia.org/wiki/Biathlon_World_Championships
biathlon_world_championships,Biathlon World Championships,2021,2021-12-31,biathlon,Biathlon,sprint-10-km,Biathlon World Championships Men Sprint (10 km),men,Sprint (10 km),2,silver,athlete,Simon Desthieux,France,FRA,,https://en.wikipedia.org/wiki/Biathlon_World_Championships
biathlon_world_championships,Biathlon World Championships,2021,2021-12-31,biathlon,Biathlon,sprint-10-km,Biathlon World Championships Men Sprint (10 km),men,Sprint (10 km),3,bronze,athlete,Émilien Jacquelin,France,FRA,,https://en.wikipedia.org/wiki/Biathlon_World_Championships
biathlon_world_championships,Biathlon World Championships,2021,2021-12-31,biathlon,Biathlon,mixed-relay,Biathlon World Championships Mixed Mixed relay,mixed,Mixed relay,1,gold,team,Norway,Norway,NOR,Sturla Holm Lægreid / Johannes Thingnes Bø / Tiril Eckhoff / Marte Olsbu Røiseland,https://en.wikipedia.org/wiki/Biathlon_World_Championships
biathlon_world_championships,Biathlon World Championships,2021,2021-12-31,biathlon,Biathlon,mixed-relay,Biathlon World Championships Mixed Mixed relay,mixed,Mixed relay,2,silver,team,Austria,Austria,AUT,David Komatz / Simon Eder / Dunja Zdouc / Lisa Theresa Hauser,https://en.wikipedia.org/wiki/Biathlon_World_Championships
biathlon_world_championships,Biathlon World Championships,2021,2021-12-31,biathlon,Biathlon,mixed-relay,Biathlon World Championships Mixed Mixed relay,mixed,Mixed relay,3,bronze,team,Sweden,Sweden,SWE,Sebastian Samuelsson / Martin Ponsiluoma / Linn Persson / Hanna Öberg,https://en.wikipedia.org/wiki/Biathlon_World_Championships
biathlon_world_championships,Biathlon World Championships,2021,2021-12-31,biathlon,Biathlon,single-mixed-relay,Biathlon World Championships Mixed Single mixed relay,mixed,Single mixed relay,1,gold,team,France,France,FRA,Antonin Guigonnat / Julia Simon,https://en.wikipedia.org/wiki/Biathlon_World_Championships
biathlon_world_championships,Biathlon World Championships,2021,2021-12-31,biathlon,Biathlon,single-mixed-relay,Biathlon World Championships Mixed Single mixed relay,mixed,Single mixed relay,2,silver,team,Norway,Norway,NOR,Johannes Thingnes Bø / Tiril Eckhoff,https://en.wikipedia.org/wiki/Biathlon_World_Championships
biathlon_world_championships,Biathlon World Championships,2021,2021-12-31,biathlon,Biathlon,single-mixed-relay,Biathlon World Championships Mixed Single mixed relay,mixed,Single mixed relay,3,bronze,team,Sweden,Sweden,SWE,Sebastian Samuelsson / Hanna Öberg,https://en.wikipedia.org/wiki/Biathlon_World_Championships
biathlon_world_championships,Biathlon World Championships,2021,2021-12-31,biathlon,Biathlon,individual-15-km,Biathlon World Championships Women Individual (15 km),women,Individual (15 km),1,gold,athlete,Markéta Davidová,Czech Republic,CZE,,https://en.wikipedia.org/wiki/Biathlon_World_Championships
biathlon_world_championships,Biathlon World Championships,2021,2021-12-31,biathlon,Biathlon,individual-15-km,Biathlon World Championships Women Individual (15 km),women,Individual (15 km),2,silver,athlete,Hanna Öberg,Sweden,SWE,,https://en.wikipedia.org/wiki/Biathlon_World_Championships
biathlon_world_championships,Biathlon World Championships,2021,2021-12-31,biathlon,Biathlon,individual-15-km,Biathlon World Championships Women Individual (15 km),women,Individual (15 km),3,bronze,athlete,Ingrid Landmark Tandrevold,Norway,NOR,,https://en.wikipedia.org/wiki/Biathlon_World_Championships
biathlon_world_championships,Biathlon World Championships,2021,2021-12-31,biathlon,Biathlon,mass-start-12-5-km,Biathlon World Championships Women Mass start (12.5 km),women,Mass start (12.5 km),1,gold,athlete,Lisa Theresa Hauser,Austria,AUT,,https://en.wikipedia.org/wiki/Biathlon_World_Championships
biathlon_world_championships,Biathlon World Championships,2021,2021-12-31,biathlon,Biathlon,mass-start-12-5-km,Biathlon World Championships Women Mass start (12.5 km),women,Mass start (12.5 km),2,silver,athlete,Ingrid Landmark Tandrevold,Norway,NOR,,https://en.wikipedia.org/wiki/Biathlon_World_Championships
biathlon_world_championships,Biathlon World Championships,2021,2021-12-31,biathlon,Biathlon,mass-start-12-5-km,Biathlon World Championships Women Mass start (12.5 km),women,Mass start (12.5 km),3,bronze,athlete,Tiril Eckhoff,Norway,NOR,,https://en.wikipedia.org/wiki/Biathlon_World_Championships
biathlon_world_championships,Biathlon World Championships,2021,2021-12-31,biathlon,Biathlon,pursuit-10-km,Biathlon World Championships Women Pursuit (10 km),women,Pursuit (10 km),1,gold,athlete,Tiril Eckhoff,Norway,NOR,,https://en.wikipedia.org/wiki/Biathlon_World_Championships
biathlon_world_championships,Biathlon World Championships,2021,2021-12-31,biathlon,Biathlon,pursuit-10-km,Biathlon World Championships Women Pursuit (10 km),women,Pursuit (10 km),2,silver,athlete,Lisa Theresa Hauser,Austria,AUT,,https://en.wikipedia.org/wiki/Biathlon_World_Championships
biathlon_world_championships,Biathlon World Championships,2021,2021-12-31,biathlon,Biathlon,pursuit-10-km,Biathlon World Championships Women Pursuit (10 km),women,Pursuit (10 km),3,bronze,athlete,Anaïs Chevalier-Bouchet,France,FRA,,https://en.wikipedia.org/wiki/Biathlon_World_Championships
biathlon_world_championships,Biathlon World Championships,2021,2021-12-31,biathlon,Biathlon,relay-4-6-km,Biathlon World Championships Women Relay (4 × 6 km),women,Relay (4 × 6 km),1,gold,team,Norway,Norway,NOR,Ingrid Landmark Tandrevold / Tiril Eckhoff / Ida Lien / Marte Olsbu Røiseland,https://en.wikipedia.org/wiki/Biathlon_World_Championships
biathlon_world_championships,Biathlon World Championships,2021,2021-12-31,biathlon,Biathlon,relay-4-6-km,Biathlon World Championships Women Relay (4 × 6 km),women,Relay (4 × 6 km),2,silver,team,Germany,Germany,GER,Vanessa Hinz / Janina Hettich / Denise Herrmann / Franziska Preuß,https://en.wikipedia.org/wiki/Biathlon_World_Championships
biathlon_world_championships,Biathlon World Championships,2021,2021-12-31,biathlon,Biathlon,relay-4-6-km,Biathlon World Championships Women Relay (4 × 6 km),women,Relay (4 × 6 km),3,bronze,team,Ukraine,Ukraine,UKR,Anastasiya Merkushyna / Yuliia Dzhima / Darya Blashko / Olena Pidhrushna,https://en.wikipedia.org/wiki/Biathlon_World_Championships
biathlon_world_championships,Biathlon World Championships,2021,2021-12-31,biathlon,Biathlon,sprint-7-5-km,Biathlon World Championships Women Sprint (7.5 km),women,Sprint (7.5 km),1,gold,athlete,Tiril Eckhoff,Norway,NOR,,https://en.wikipedia.org/wiki/Biathlon_World_Championships
biathlon_world_championships,Biathlon World Championships,2021,2021-12-31,biathlon,Biathlon,sprint-7-5-km,Biathlon World Championships Women Sprint (7.5 km),women,Sprint (7.5 km),2,silver,athlete,Anaïs Chevalier-Bouchet,France,FRA,,https://en.wikipedia.org/wiki/Biathlon_World_Championships
biathlon_world_championships,Biathlon World Championships,2021,2021-12-31,biathlon,Biathlon,sprint-7-5-km,Biathlon World Championships Women Sprint (7.5 km),women,Sprint (7.5 km),3,bronze,athlete,Hanna Sola,Belarus,BLR,,https://en.wikipedia.org/wiki/Biathlon_World_Championships
biathlon_world_championships,Biathlon World Championships,2023,2023-12-31,biathlon,Biathlon,individual-20-km,Biathlon World Championships Men Individual (20 km),men,Individual (20 km),1,gold,athlete,Johannes Thingnes Bø,Norway,NOR,,https://en.wikipedia.org/wiki/Biathlon_World_Championships
biathlon_world_championships,Biathlon World Championships,2023,2023-12-31,biathlon,Biathlon,individual-20-km,Biathlon World Championships Men Individual (20 km),men,Individual (20 km),2,silver,athlete,Sturla Holm Lægreid,Norway,NOR,,https://en.wikipedia.org/wiki/Biathlon_World_Championships
biathlon_world_championships,Biathlon World Championships,2023,2023-12-31,biathlon,Biathlon,individual-20-km,Biathlon World Championships Men Individual (20 km),men,Individual (20 km),3,bronze,athlete,Sebastian Samuelsson,Sweden,SWE,,https://en.wikipedia.org/wiki/Biathlon_World_Championships
biathlon_world_championships,Biathlon World Championships,2023,2023-12-31,biathlon,Biathlon,mass-start-15-km,Biathlon World Championships Men Mass start (15 km),men,Mass start (15 km),1,gold,athlete,Sebastian Samuelsson,Sweden,SWE,,https://en.wikipedia.org/wiki/Biathlon_World_Championships
biathlon_world_championships,Biathlon World Championships,2023,2023-12-31,biathlon,Biathlon,mass-start-15-km,Biathlon World Championships Men Mass start (15 km),men,Mass start (15 km),2,silver,athlete,Martin Ponsiluoma,Sweden,SWE,,https://en.wikipedia.org/wiki/Biathlon_World_Championships
biathlon_world_championships,Biathlon World Championships,2023,2023-12-31,biathlon,Biathlon,mass-start-15-km,Biathlon World Championships Men Mass start (15 km),men,Mass start (15 km),3,bronze,athlete,Johannes Thingnes Bø,Norway,NOR,,https://en.wikipedia.org/wiki/Biathlon_World_Championships
biathlon_world_championships,Biathlon World Championships,2023,2023-12-31,biathlon,Biathlon,pursuit-12-5-km,Biathlon World Championships Men Pursuit (12.5 km),men,Pursuit (12.5 km),1,gold,athlete,Johannes Thingnes Bø,Norway,NOR,,https://en.wikipedia.org/wiki/Biathlon_World_Championships
biathlon_world_championships,Biathlon World Championships,2023,2023-12-31,biathlon,Biathlon,pursuit-12-5-km,Biathlon World Championships Men Pursuit (12.5 km),men,Pursuit (12.5 km),2,silver,athlete,Sturla Holm Lægreid,Norway,NOR,,https://en.wikipedia.org/wiki/Biathlon_World_Championships
biathlon_world_championships,Biathlon World Championships,2023,2023-12-31,biathlon,Biathlon,pursuit-12-5-km,Biathlon World Championships Men Pursuit (12.5 km),men,Pursuit (12.5 km),3,bronze,athlete,Sebastian Samuelsson,Sweden,SWE,,https://en.wikipedia.org/wiki/Biathlon_World_Championships
biathlon_world_championships,Biathlon World Championships,2023,2023-12-31,biathlon,Biathlon,relay-4-7-5-km,Biathlon World Championships Men Relay (4 × 7.5 km),men,Relay (4 × 7.5 km),1,gold,team,France,France,FRA,Antonin Guigonnat / Fabien Claude / Émilien Jacquelin / Quentin Fillon Maillet,https://en.wikipedia.org/wiki/Biathlon_World_Championships
biathlon_world_championships,Biathlon World Championships,2023,2023-12-31,biathlon,Biathlon,relay-4-7-5-km,Biathlon World Championships Men Relay (4 × 7.5 km),men,Relay (4 × 7.5 km),2,silver,team,Norway,Norway,NOR,Vetle Sjåstad Christiansen / Tarjei Bø / Sturla Holm Lægreid / Johannes Thingnes Bø,https://en.wikipedia.org/wiki/Biathlon_World_Championships
biathlon_world_championships,Biathlon World Championships,2023,2023-12-31,biathlon,Biathlon,relay-4-7-5-km,Biathlon World Championships Men Relay (4 × 7.5 km),men,Relay (4 × 7.5 km),3,bronze,team,Sweden,Sweden,SWE,Peppe Femling / Martin Ponsiluoma / Jesper Nelin / Sebastian Samuelsson,https://en.wikipedia.org/wiki/Biathlon_World_Championships
biathlon_world_championships,Biathlon World Championships,2023,2023-12-31,biathlon,Biathlon,sprint-10-km,Biathlon World Championships Men Sprint (10 km),men,Sprint (10 km),1,gold,athlete,Johannes Thingnes Bø,Norway,NOR,,https://en.wikipedia.org/wiki/Biathlon_World_Championships
biathlon_world_championships,Biathlon World Championships,2023,2023-12-31,biathlon,Biathlon,sprint-10-km,Biathlon World Championships Men Sprint (10 km),men,Sprint (10 km),2,silver,athlete,Tarjei Bø,Norway,NOR,,https://en.wikipedia.org/wiki/Biathlon_World_Championships
biathlon_world_championships,Biathlon World Championships,2023,2023-12-31,biathlon,Biathlon,sprint-10-km,Biathlon World Championships Men Sprint (10 km),men,Sprint (10 km),3,bronze,athlete,Sturla Holm Lægreid,Norway,NOR,,https://en.wikipedia.org/wiki/Biathlon_World_Championships
biathlon_world_championships,Biathlon World Championships,2023,2023-12-31,biathlon,Biathlon,mixed-relay,Biathlon World Championships Mixed Mixed relay,mixed,Mixed relay,1,gold,team,Norway,Norway,NOR,Ingrid Landmark Tandrevold / Marte Olsbu Røiseland / Sturla Holm Lægreid / Johannes Thingnes Bø,https://en.wikipedia.org/wiki/Biathlon_World_Championships
biathlon_world_championships,Biathlon World Championships,2023,2023-12-31,biathlon,Biathlon,mixed-relay,Biathlon World Championships Mixed Mixed relay,mixed,Mixed relay,2,silver,team,Italy,Italy,ITA,Lisa Vittozzi / Dorothea Wierer / Didier Bionaz / Tommaso Giacomel,https://en.wikipedia.org/wiki/Biathlon_World_Championships
biathlon_world_championships,Biathlon World Championships,2023,2023-12-31,biathlon,Biathlon,mixed-relay,Biathlon World Championships Mixed Mixed relay,mixed,Mixed relay,3,bronze,team,France,France,FRA,Julia Simon / Anaïs Chevalier-Bouchet / Émilien Jacquelin / Quentin Fillon Maillet,https://en.wikipedia.org/wiki/Biathlon_World_Championships
biathlon_world_championships,Biathlon World Championships,2023,2023-12-31,biathlon,Biathlon,single-mixed-relay,Biathlon World Championships Mixed Single mixed relay,mixed,Single mixed relay,1,gold,team,Norway,Norway,NOR,Marte Olsbu Røiseland / Johannes Thingnes Bø,https://en.wikipedia.org/wiki/Biathlon_World_Championships
biathlon_world_championships,Biathlon World Championships,2023,2023-12-31,biathlon,Biathlon,single-mixed-relay,Biathlon World Championships Mixed Single mixed relay,mixed,Single mixed relay,2,silver,team,Austria,Austria,AUT,Lisa Theresa Hauser / David Komatz,https://en.wikipedia.org/wiki/Biathlon_World_Championships
biathlon_world_championships,Biathlon World Championships,2023,2023-12-31,biathlon,Biathlon,single-mixed-relay,Biathlon World Championships Mixed Single mixed relay,mixed,Single mixed relay,3,bronze,team,Italy,Italy,ITA,Lisa Vittozzi / Tommaso Giacomel,https://en.wikipedia.org/wiki/Biathlon_World_Championships
biathlon_world_championships,Biathlon World Championships,2023,2023-12-31,biathlon,Biathlon,individual-15-km,Biathlon World Championships Women Individual (15 km),women,Individual (15 km),1,gold,athlete,Hanna Öberg,Sweden,SWE,,https://en.wikipedia.org/wiki/Biathlon_World_Championships
biathlon_world_championships,Biathlon World Championships,2023,2023-12-31,biathlon,Biathlon,individual-15-km,Biathlon World Championships Women Individual (15 km),women,Individual (15 km),2,silver,athlete,Linn Persson,Sweden,SWE,,https://en.wikipedia.org/wiki/Biathlon_World_Championships
biathlon_world_championships,Biathlon World Championships,2023,2023-12-31,biathlon,Biathlon,individual-15-km,Biathlon World Championships Women Individual (15 km),women,Individual (15 km),3,bronze,athlete,Lisa Vittozzi,Italy,ITA,,https://en.wikipedia.org/wiki/Biathlon_World_Championships
biathlon_world_championships,Biathlon World Championships,2023,2023-12-31,biathlon,Biathlon,mass-start-12-5-km,Biathlon World Championships Women Mass start (12.5 km),women,Mass start (12.5 km),1,gold,athlete,Hanna Öberg,Sweden,SWE,,https://en.wikipedia.org/wiki/Biathlon_World_Championships
biathlon_world_championships,Biathlon World Championships,2023,2023-12-31,biathlon,Biathlon,mass-start-12-5-km,Biathlon World Championships Women Mass start (12.5 km),women,Mass start (12.5 km),2,silver,athlete,Ingrid Landmark Tandrevold,Norway,NOR,,https://en.wikipedia.org/wiki/Biathlon_World_Championships
biathlon_world_championships,Biathlon World Championships,2023,2023-12-31,biathlon,Biathlon,mass-start-12-5-km,Biathlon World Championships Women Mass start (12.5 km),women,Mass start (12.5 km),3,bronze,athlete,Julia Simon,France,FRA,,https://en.wikipedia.org/wiki/Biathlon_World_Championships
biathlon_world_championships,Biathlon World Championships,2023,2023-12-31,biathlon,Biathlon,pursuit-10-km,Biathlon World Championships Women Pursuit (10 km),women,Pursuit (10 km),1,gold,athlete,Julia Simon,France,FRA,,https://en.wikipedia.org/wiki/Biathlon_World_Championships
biathlon_world_championships,Biathlon World Championships,2023,2023-12-31,biathlon,Biathlon,pursuit-10-km,Biathlon World Championships Women Pursuit (10 km),women,Pursuit (10 km),2,silver,athlete,Denise Herrmann-Wick,Germany,GER,,https://en.wikipedia.org/wiki/Biathlon_World_Championships
biathlon_world_championships,Biathlon World Championships,2023,2023-12-31,biathlon,Biathlon,pursuit-10-km,Biathlon World Championships Women Pursuit (10 km),women,Pursuit (10 km),3,bronze,athlete,Marte Olsbu Røiseland,Norway,NOR,,https://en.wikipedia.org/wiki/Biathlon_World_Championships
biathlon_world_championships,Biathlon World Championships,2023,2023-12-31,biathlon,Biathlon,relay-4-6-km,Biathlon World Championships Women Relay (4 × 6 km),women,Relay (4 × 6 km),1,gold,team,Italy,Italy,ITA,Samuela Comola / Dorothea Wierer / Hannah Auchentaller / Lisa Vittozzi,https://en.wikipedia.org/wiki/Biathlon_World_Championships
biathlon_world_championships,Biathlon World Championships,2023,2023-12-31,biathlon,Biathlon,relay-4-6-km,Biathlon World Championships Women Relay (4 × 6 km),women,Relay (4 × 6 km),2,silver,team,Germany,Germany,GER,Vanessa Voigt / Hanna Kebinger / Sophia Schneider / Denise Herrmann-Wick,https://en.wikipedia.org/wiki/Biathlon_World_Championships
biathlon_world_championships,Biathlon World Championships,2023,2023-12-31,biathlon,Biathlon,relay-4-6-km,Biathlon World Championships Women Relay (4 × 6 km),women,Relay (4 × 6 km),3,bronze,team,Sweden,Sweden,SWE,Linn Persson / Anna Magnusson / Elvira Öberg / Hanna Öberg,https://en.wikipedia.org/wiki/Biathlon_World_Championships
biathlon_world_championships,Biathlon World Championships,2023,2023-12-31,biathlon,Biathlon,sprint-7-5-km,Biathlon World Championships Women Sprint (7.5 km),women,Sprint (7.5 km),1,gold,athlete,Denise Herrmann-Wick,Germany,GER,,https://en.wikipedia.org/wiki/Biathlon_World_Championships
biathlon_world_championships,Biathlon World Championships,2023,2023-12-31,biathlon,Biathlon,sprint-7-5-km,Biathlon World Championships Women Sprint (7.5 km),women,Sprint (7.5 km),2,silver,athlete,Hanna Öberg,Sweden,SWE,,https://en.wikipedia.org/wiki/Biathlon_World_Championships
biathlon_world_championships,Biathlon World Championships,2023,2023-12-31,biathlon,Biathlon,sprint-7-5-km,Biathlon World Championships Women Sprint (7.5 km),women,Sprint (7.5 km),3,bronze,athlete,Linn Persson,Sweden,SWE,,https://en.wikipedia.org/wiki/Biathlon_World_Championships
biathlon_world_championships,Biathlon World Championships,2024,2024-12-31,biathlon,Biathlon,individual-20-km,Biathlon World Championships Men Individual (20 km),men,Individual (20 km),1,gold,athlete,Johannes Thingnes Bø,Norway,NOR,,https://en.wikipedia.org/wiki/Biathlon_World_Championships
biathlon_world_championships,Biathlon World Championships,2024,2024-12-31,biathlon,Biathlon,individual-20-km,Biathlon World Championships Men Individual (20 km),men,Individual (20 km),2,silver,athlete,Tarjei Bø,Norway,NOR,,https://en.wikipedia.org/wiki/Biathlon_World_Championships
biathlon_world_championships,Biathlon World Championships,2024,2024-12-31,biathlon,Biathlon,individual-20-km,Biathlon World Championships Men Individual (20 km),men,Individual (20 km),3,bronze,athlete,Benedikt Doll,Germany,GER,,https://en.wikipedia.org/wiki/Biathlon_World_Championships
biathlon_world_championships,Biathlon World Championships,2024,2024-12-31,biathlon,Biathlon,mass-start-15-km,Biathlon World Championships Men Mass start (15 km),men,Mass start (15 km),1,gold,athlete,Johannes Thingnes Bø,Norway,NOR,,https://en.wikipedia.org/wiki/Biathlon_World_Championships
biathlon_world_championships,Biathlon World Championships,2024,2024-12-31,biathlon,Biathlon,mass-start-15-km,Biathlon World Championships Men Mass start (15 km),men,Mass start (15 km),2,silver,athlete,Andrejs Rastorgujevs,Latvia,LAT,,https://en.wikipedia.org/wiki/Biathlon_World_Championships
biathlon_world_championships,Biathlon World Championships,2024,2024-12-31,biathlon,Biathlon,mass-start-15-km,Biathlon World Championships Men Mass start (15 km),men,Mass start (15 km),3,bronze,athlete,Quentin Fillon Maillet,France,FRA,,https://en.wikipedia.org/wiki/Biathlon_World_Championships
biathlon_world_championships,Biathlon World Championships,2024,2024-12-31,biathlon,Biathlon,pursuit-12-5-km,Biathlon World Championships Men Pursuit (12.5 km),men,Pursuit (12.5 km),1,gold,athlete,Johannes Thingnes Bø,Norway,NOR,,https://en.wikipedia.org/wiki/Biathlon_World_Championships
biathlon_world_championships,Biathlon World Championships,2024,2024-12-31,biathlon,Biathlon,pursuit-12-5-km,Biathlon World Championships Men Pursuit (12.5 km),men,Pursuit (12.5 km),2,silver,athlete,Sturla Holm Lægreid,Norway,NOR,,https://en.wikipedia.org/wiki/Biathlon_World_Championships
biathlon_world_championships,Biathlon World Championships,2024,2024-12-31,biathlon,Biathlon,pursuit-12-5-km,Biathlon World Championships Men Pursuit (12.5 km),men,Pursuit (12.5 km),3,bronze,athlete,Vetle Sjåstad Christiansen,Norway,NOR,,https://en.wikipedia.org/wiki/Biathlon_World_Championships
biathlon_world_championships,Biathlon World Championships,2024,2024-12-31,biathlon,Biathlon,relay-4-7-5-km,Biathlon World Championships Men Relay (4 × 7.5 km),men,Relay (4 × 7.5 km),1,gold,team,Sweden,Sweden,SWE,Viktor Brandt / Jesper Nelin / Martin Ponsiluoma / Sebastian Samuelsson,https://en.wikipedia.org/wiki/Biathlon_World_Championships
biathlon_world_championships,Biathlon World Championships,2024,2024-12-31,biathlon,Biathlon,relay-4-7-5-km,Biathlon World Championships Men Relay (4 × 7.5 km),men,Relay (4 × 7.5 km),2,silver,team,Norway,Norway,NOR,Sturla Holm Lægreid / Tarjei Bø / Johannes Thingnes Bø / Vetle Sjåstad Christiansen,https://en.wikipedia.org/wiki/Biathlon_World_Championships
biathlon_world_championships,Biathlon World Championships,2024,2024-12-31,biathlon,Biathlon,relay-4-7-5-km,Biathlon World Championships Men Relay (4 × 7.5 km),men,Relay (4 × 7.5 km),3,bronze,team,France,France,FRA,Éric Perrot / Fabien Claude / Émilien Jacquelin / Quentin Fillon Maillet,https://en.wikipedia.org/wiki/Biathlon_World_Championships
biathlon_world_championships,Biathlon World Championships,2024,2024-12-31,biathlon,Biathlon,sprint-10-km,Biathlon World Championships Men Sprint (10 km),men,Sprint (10 km),1,gold,athlete,Sturla Holm Lægreid,Norway,NOR,,https://en.wikipedia.org/wiki/Biathlon_World_Championships
biathlon_world_championships,Biathlon World Championships,2024,2024-12-31,biathlon,Biathlon,sprint-10-km,Biathlon World Championships Men Sprint (10 km),men,Sprint (10 km),2,silver,athlete,Johannes Thingnes Bø,Norway,NOR,,https://en.wikipedia.org/wiki/Biathlon_World_Championships
biathlon_world_championships,Biathlon World Championships,2024,2024-12-31,biathlon,Biathlon,sprint-10-km,Biathlon World Championships Men Sprint (10 km),men,Sprint (10 km),3,bronze,athlete,Vetle Sjåstad Christiansen,Norway,NOR,,https://en.wikipedia.org/wiki/Biathlon_World_Championships
biathlon_world_championships,Biathlon World Championships,2024,2024-12-31,biathlon,Biathlon,mixed-relay,Biathlon World Championships Mixed Mixed relay,mixed,Mixed relay,1,gold,team,France,France,FRA,Éric Perrot / Quentin Fillon Maillet / Justine Braisaz-Bouchet / Julia Simon,https://en.wikipedia.org/wiki/Biathlon_World_Championships
biathlon_world_championships,Biathlon World Championships,2024,2024-12-31,biathlon,Biathlon,mixed-relay,Biathlon World Championships Mixed Mixed relay,mixed,Mixed relay,2,silver,team,Norway,Norway,NOR,Tarjei Bø / Johannes Thingnes Bø / Karoline Offigstad Knotten / Ingrid Landmark Tandrevold,https://en.wikipedia.org/wiki/Biathlon_World_Championships
biathlon_world_championships,Biathlon World Championships,2024,2024-12-31,biathlon,Biathlon,mixed-relay,Biathlon World Championships Mixed Mixed relay,mixed,Mixed relay,3,bronze,team,Sweden,Sweden,SWE,Sebastian Samuelsson / Martin Ponsiluoma / Hanna Öberg / Elvira Öberg,https://en.wikipedia.org/wiki/Biathlon_World_Championships
biathlon_world_championships,Biathlon World Championships,2024,2024-12-31,biathlon,Biathlon,single-mixed-relay,Biathlon World Championships Mixed Single mixed relay,mixed,Single mixed relay,1,gold,team,France,France,FRA,Quentin Fillon Maillet / Lou Jeanmonnot,https://en.wikipedia.org/wiki/Biathlon_World_Championships
biathlon_world_championships,Biathlon World Championships,2024,2024-12-31,biathlon,Biathlon,single-mixed-relay,Biathlon World Championships Mixed Single mixed relay,mixed,Single mixed relay,2,silver,team,Italy,Italy,ITA,Tommaso Giacomel / Lisa Vittozzi,https://en.wikipedia.org/wiki/Biathlon_World_Championships
biathlon_world_championships,Biathlon World Championships,2024,2024-12-31,biathlon,Biathlon,single-mixed-relay,Biathlon World Championships Mixed Single mixed relay,mixed,Single mixed relay,3,bronze,team,Norway,Norway,NOR,Johannes Thingnes Bø / Ingrid Landmark Tandrevold,https://en.wikipedia.org/wiki/Biathlon_World_Championships
biathlon_world_championships,Biathlon World Championships,2024,2024-12-31,biathlon,Biathlon,individual-15-km,Biathlon World Championships Women Individual (15 km),women,Individual (15 km),1,gold,athlete,Lisa Vittozzi,Italy,ITA,,https://en.wikipedia.org/wiki/Biathlon_World_Championships
biathlon_world_championships,Biathlon World Championships,2024,2024-12-31,biathlon,Biathlon,individual-15-km,Biathlon World Championships Women Individual (15 km),women,Individual (15 km),2,silver,athlete,Janina Hettich-Walz,Germany,GER,,https://en.wikipedia.org/wiki/Biathlon_World_Championships
biathlon_world_championships,Biathlon World Championships,2024,2024-12-31,biathlon,Biathlon,individual-15-km,Biathlon World Championships Women Individual (15 km),women,Individual (15 km),3,bronze,athlete,Julia Simon,France,FRA,,https://en.wikipedia.org/wiki/Biathlon_World_Championships
biathlon_world_championships,Biathlon World Championships,2024,2024-12-31,biathlon,Biathlon,mass-start-12-5-km,Biathlon World Championships Women Mass start (12.5 km),women,Mass start (12.5 km),1,gold,athlete,Justine Braisaz-Bouchet,France,FRA,,https://en.wikipedia.org/wiki/Biathlon_World_Championships
biathlon_world_championships,Biathlon World Championships,2024,2024-12-31,biathlon,Biathlon,mass-start-12-5-km,Biathlon World Championships Women Mass start (12.5 km),women,Mass start (12.5 km),2,silver,athlete,Lisa Vittozzi,Italy,ITA,,https://en.wikipedia.org/wiki/Biathlon_World_Championships
biathlon_world_championships,Biathlon World Championships,2024,2024-12-31,biathlon,Biathlon,mass-start-12-5-km,Biathlon World Championships Women Mass start (12.5 km),women,Mass start (12.5 km),3,bronze,athlete,Lou Jeanmonnot,France,FRA,,https://en.wikipedia.org/wiki/Biathlon_World_Championships
biathlon_world_championships,Biathlon World Championships,2024,2024-12-31,biathlon,Biathlon,pursuit-10-km,Biathlon World Championships Women Pursuit (10 km),women,Pursuit (10 km),1,gold,athlete,Julia Simon,France,FRA,,https://en.wikipedia.org/wiki/Biathlon_World_Championships
biathlon_world_championships,Biathlon World Championships,2024,2024-12-31,biathlon,Biathlon,pursuit-10-km,Biathlon World Championships Women Pursuit (10 km),women,Pursuit (10 km),2,silver,athlete,Lisa Vittozzi,Italy,ITA,,https://en.wikipedia.org/wiki/Biathlon_World_Championships
biathlon_world_championships,Biathlon World Championships,2024,2024-12-31,biathlon,Biathlon,pursuit-10-km,Biathlon World Championships Women Pursuit (10 km),women,Pursuit (10 km),3,bronze,athlete,Justine Braisaz-Bouchet,France,FRA,,https://en.wikipedia.org/wiki/Biathlon_World_Championships
biathlon_world_championships,Biathlon World Championships,2024,2024-12-31,biathlon,Biathlon,relay-4-6-km,Biathlon World Championships Women Relay (4 × 6 km),women,Relay (4 × 6 km),1,gold,team,France,France,FRA,Lou Jeanmonnot / Sophie Chauveau / Justine Braisaz-Bouchet / Julia Simon,https://en.wikipedia.org/wiki/Biathlon_World_Championships
biathlon_world_championships,Biathlon World Championships,2024,2024-12-31,biathlon,Biathlon,relay-4-6-km,Biathlon World Championships Women Relay (4 × 6 km),women,Relay (4 × 6 km),2,silver,team,Sweden,Sweden,SWE,Anna Magnusson / Linn Persson / Hanna Öberg / Elvira Öberg,https://en.wikipedia.org/wiki/Biathlon_World_Championships
biathlon_world_championships,Biathlon World Championships,2024,2024-12-31,biathlon,Biathlon,relay-4-6-km,Biathlon World Championships Women Relay (4 × 6 km),women,Relay (4 × 6 km),3,bronze,team,Germany,Germany,GER,Janina Hettich-Walz / Selina Grotian / Vanessa Voigt / Sophia Schneider,https://en.wikipedia.org/wiki/Biathlon_World_Championships
biathlon_world_championships,Biathlon World Championships,2024,2024-12-31,biathlon,Biathlon,sprint-7-5-km,Biathlon World Championships Women Sprint (7.5 km),women,Sprint (7.5 km),1,gold,athlete,Julia Simon,France,FRA,,https://en.wikipedia.org/wiki/Biathlon_World_Championships
biathlon_world_championships,Biathlon World Championships,2024,2024-12-31,biathlon,Biathlon,sprint-7-5-km,Biathlon World Championships Women Sprint (7.5 km),women,Sprint (7.5 km),2,silver,athlete,Justine Braisaz-Bouchet,France,FRA,,https://en.wikipedia.org/wiki/Biathlon_World_Championships
biathlon_world_championships,Biathlon World Championships,2024,2024-12-31,biathlon,Biathlon,sprint-7-5-km,Biathlon World Championships Women Sprint (7.5 km),women,Sprint (7.5 km),3,bronze,athlete,Lou Jeanmonnot,France,FRA,,https://en.wikipedia.org/wiki/Biathlon_World_Championships
biathlon_world_championships,Biathlon World Championships,2025,2025-12-31,biathlon,Biathlon,individual-20-km,Biathlon World Championships Men Individual (20 km),men,Individual (20 km),1,gold,athlete,Éric Perrot,France,FRA,,https://en.wikipedia.org/wiki/Biathlon_World_Championships
biathlon_world_championships,Biathlon World Championships,2025,2025-12-31,biathlon,Biathlon,individual-20-km,Biathlon World Championships Men Individual (20 km),men,Individual (20 km),2,silver,athlete,Tommaso Giacomel,Italy,ITA,,https://en.wikipedia.org/wiki/Biathlon_World_Championships
biathlon_world_championships,Biathlon World Championships,2025,2025-12-31,biathlon,Biathlon,individual-20-km,Biathlon World Championships Men Individual (20 km),men,Individual (20 km),3,bronze,athlete,Quentin Fillon Maillet,France,FRA,,https://en.wikipedia.org/wiki/Biathlon_World_Championships
biathlon_world_championships,Biathlon World Championships,2025,2025-12-31,biathlon,Biathlon,mass-start-15-km,Biathlon World Championships Men Mass start (15 km),men,Mass start (15 km),1,gold,athlete,Endre Strømsheim,Norway,NOR,,https://en.wikipedia.org/wiki/Biathlon_World_Championships
biathlon_world_championships,Biathlon World Championships,2025,2025-12-31,biathlon,Biathlon,mass-start-15-km,Biathlon World Championships Men Mass start (15 km),men,Mass start (15 km),2,silver,athlete,Sturla Holm Lægreid,Norway,NOR,,https://en.wikipedia.org/wiki/Biathlon_World_Championships
biathlon_world_championships,Biathlon World Championships,2025,2025-12-31,biathlon,Biathlon,mass-start-15-km,Biathlon World Championships Men Mass start (15 km),men,Mass start (15 km),3,bronze,athlete,Johannes Thingnes Bø,Norway,NOR,,https://en.wikipedia.org/wiki/Biathlon_World_Championships
biathlon_world_championships,Biathlon World Championships,2025,2025-12-31,biathlon,Biathlon,pursuit-12-5-km,Biathlon World Championships Men Pursuit (12.5 km),men,Pursuit (12.5 km),1,gold,athlete,Johannes Thingnes Bø,Norway,NOR,,https://en.wikipedia.org/wiki/Biathlon_World_Championships
biathlon_world_championships,Biathlon World Championships,2025,2025-12-31,biathlon,Biathlon,pursuit-12-5-km,Biathlon World Championships Men Pursuit (12.5 km),men,Pursuit (12.5 km),2,silver,athlete,Campbell Wright,United States,USA,,https://en.wikipedia.org/wiki/Biathlon_World_Championships
biathlon_world_championships,Biathlon World Championships,2025,2025-12-31,biathlon,Biathlon,pursuit-12-5-km,Biathlon World Championships Men Pursuit (12.5 km),men,Pursuit (12.5 km),3,bronze,athlete,Éric Perrot,France,FRA,,https://en.wikipedia.org/wiki/Biathlon_World_Championships
biathlon_world_championships,Biathlon World Championships,2025,2025-12-31,biathlon,Biathlon,relay-4-7-5-km,Biathlon World Championships Men Relay (4 × 7.5 km),men,Relay (4 × 7.5 km),1,gold,team,Norway,Norway,NOR,Endre Strømsheim / Tarjei Bø / Sturla Holm Lægreid / Johannes Thingnes Bø,https://en.wikipedia.org/wiki/Biathlon_World_Championships
biathlon_world_championships,Biathlon World Championships,2025,2025-12-31,biathlon,Biathlon,relay-4-7-5-km,Biathlon World Championships Men Relay (4 × 7.5 km),men,Relay (4 × 7.5 km),2,silver,team,France,France,FRA,Émilien Claude / Fabien Claude / Éric Perrot / Quentin Fillon Maillet,https://en.wikipedia.org/wiki/Biathlon_World_Championships
biathlon_world_championships,Biathlon World Championships,2025,2025-12-31,biathlon,Biathlon,relay-4-7-5-km,Biathlon World Championships Men Relay (4 × 7.5 km),men,Relay (4 × 7.5 km),3,bronze,team,Germany,Germany,GER,Philipp Nawrath / Danilo Riethmüller / Johannes Kühn / Philipp Horn,https://en.wikipedia.org/wiki/Biathlon_World_Championships
biathlon_world_championships,Biathlon World Championships,2025,2025-12-31,biathlon,Biathlon,sprint-10-km,Biathlon World Championships Men Sprint (10 km),men,Sprint (10 km),1,gold,athlete,Johannes Thingnes Bø,Norway,NOR,,https://en.wikipedia.org/wiki/Biathlon_World_Championships
biathlon_world_championships,Biathlon World Championships,2025,2025-12-31,biathlon,Biathlon,sprint-10-km,Biathlon World Championships Men Sprint (10 km),men,Sprint (10 km),2,silver,athlete,Campbell Wright,United States,USA,,https://en.wikipedia.org/wiki/Biathlon_World_Championships
biathlon_world_championships,Biathlon World Championships,2025,2025-12-31,biathlon,Biathlon,sprint-10-km,Biathlon World Championships Men Sprint (10 km),men,Sprint (10 km),3,bronze,athlete,Quentin Fillon Maillet,France,FRA,,https://en.wikipedia.org/wiki/Biathlon_World_Championships
biathlon_world_championships,Biathlon World Championships,2025,2025-12-31,biathlon,Biathlon,mixed-relay,Biathlon World Championships Mixed Mixed relay,mixed,Mixed relay,1,gold,team,France,France,FRA,Julia Simon / Lou Jeanmonnot / Éric Perrot / Émilien Jacquelin,https://en.wikipedia.org/wiki/Biathlon_World_Championships
biathlon_world_championships,Biathlon World Championships,2025,2025-12-31,biathlon,Biathlon,mixed-relay,Biathlon World Championships Mixed Mixed relay,mixed,Mixed relay,2,silver,team,Czech Republic,Czech Republic,CZE,Jessica Jislová / Tereza Voborníková / Vítězslav Hornig / Michal Krčmář,https://en.wikipedia.org/wiki/Biathlon_World_Championships
biathlon_world_championships,Biathlon World Championships,2025,2025-12-31,biathlon,Biathlon,mixed-relay,Biathlon World Championships Mixed Mixed relay,mixed,Mixed relay,3,bronze,team,Germany,Germany,GER,Selina Grotian / Franziska Preuß / Philipp Nawrath / Justus Strelow,https://en.wikipedia.org/wiki/Biathlon_World_Championships
biathlon_world_championships,Biathlon World Championships,2025,2025-12-31,biathlon,Biathlon,single-mixed-relay,Biathlon World Championships Mixed Single mixed relay,mixed,Single mixed relay,1,gold,team,France,France,FRA,Julia Simon / Quentin Fillon Maillet,https://en.wikipedia.org/wiki/Biathlon_World_Championships
biathlon_world_championships,Biathlon World Championships,2025,2025-12-31,biathlon,Biathlon,single-mixed-relay,Biathlon World Championships Mixed Single mixed relay,mixed,Single mixed relay,2,silver,team,Norway,Norway,NOR,Ragnhild Femsteinevik / Johannes Thingnes Bø,https://en.wikipedia.org/wiki/Biathlon_World_Championships
biathlon_world_championships,Biathlon World Championships,2025,2025-12-31,biathlon,Biathlon,single-mixed-relay,Biathlon World Championships Mixed Single mixed relay,mixed,Single mixed relay,3,bronze,team,Germany,Germany,GER,Franziska Preuß / Justus Strelow,https://en.wikipedia.org/wiki/Biathlon_World_Championships
biathlon_world_championships,Biathlon World Championships,2025,2025-12-31,biathlon,Biathlon,individual-15-km,Biathlon World Championships Women Individual (15 km),women,Individual (15 km),1,gold,athlete,Julia Simon,France,FRA,,https://en.wikipedia.org/wiki/Biathlon_World_Championships
biathlon_world_championships,Biathlon World Championships,2025,2025-12-31,biathlon,Biathlon,individual-15-km,Biathlon World Championships Women Individual (15 km),women,Individual (15 km),2,silver,athlete,Ella Halvarsson,Sweden,SWE,,https://en.wikipedia.org/wiki/Biathlon_World_Championships
biathlon_world_championships,Biathlon World Championships,2025,2025-12-31,biathlon,Biathlon,individual-15-km,Biathlon World Championships Women Individual (15 km),women,Individual (15 km),3,bronze,athlete,Lou Jeanmonnot,France,FRA,,https://en.wikipedia.org/wiki/Biathlon_World_Championships
biathlon_world_championships,Biathlon World Championships,2025,2025-12-31,biathlon,Biathlon,mass-start-12-5-km,Biathlon World Championships Women Mass start (12.5 km),women,Mass start (12.5 km),1,gold,athlete,Elvira Öberg,Sweden,SWE,,https://en.wikipedia.org/wiki/Biathlon_World_Championships
biathlon_world_championships,Biathlon World Championships,2025,2025-12-31,biathlon,Biathlon,mass-start-12-5-km,Biathlon World Championships Women Mass start (12.5 km),women,Mass start (12.5 km),2,silver,athlete,Océane Michelon,France,FRA,,https://en.wikipedia.org/wiki/Biathlon_World_Championships
biathlon_world_championships,Biathlon World Championships,2025,2025-12-31,biathlon,Biathlon,mass-start-12-5-km,Biathlon World Championships Women Mass start (12.5 km),women,Mass start (12.5 km),3,bronze,athlete,Maren Kirkeeide,Norway,NOR,,https://en.wikipedia.org/wiki/Biathlon_World_Championships
biathlon_world_championships,Biathlon World Championships,2025,2025-12-31,biathlon,Biathlon,pursuit-10-km,Biathlon World Championships Women Pursuit (10 km),women,Pursuit (10 km),1,gold,athlete,Franziska Preuß,Germany,GER,,https://en.wikipedia.org/wiki/Biathlon_World_Championships
biathlon_world_championships,Biathlon World Championships,2025,2025-12-31,biathlon,Biathlon,pursuit-10-km,Biathlon World Championships Women Pursuit (10 km),women,Pursuit (10 km),2,silver,athlete,Elvira Öberg,Sweden,SWE,,https://en.wikipedia.org/wiki/Biathlon_World_Championships
biathlon_world_championships,Biathlon World Championships,2025,2025-12-31,biathlon,Biathlon,pursuit-10-km,Biathlon World Championships Women Pursuit (10 km),women,Pursuit (10 km),3,bronze,athlete,Justine Braisaz-Bouchet,France,FRA,,https://en.wikipedia.org/wiki/Biathlon_World_Championships
biathlon_world_championships,Biathlon World Championships,2025,2025-12-31,biathlon,Biathlon,relay-4-6-km,Biathlon World Championships Women Relay (4 × 6 km),women,Relay (4 × 6 km),1,gold,team,France,France,FRA,Lou Jeanmonnot / Océane Michelon / Justine Braisaz-Bouchet / Julia Simon,https://en.wikipedia.org/wiki/Biathlon_World_Championships
biathlon_world_championships,Biathlon World Championships,2025,2025-12-31,biathlon,Biathlon,relay-4-6-km,Biathlon World Championships Women Relay (4 × 6 km),women,Relay (4 × 6 km),2,silver,team,Norway,Norway,NOR,Karoline Offigstad Knotten / Ingrid Landmark Tandrevold / Ragnhild Femsteinevik / Maren Kirkeeide,https://en.wikipedia.org/wiki/Biathlon_World_Championships
biathlon_world_championships,Biathlon World Championships,2025,2025-12-31,biathlon,Biathlon,relay-4-6-km,Biathlon World Championships Women Relay (4 × 6 km),women,Relay (4 × 6 km),3,bronze,team,Sweden,Sweden,SWE,Anna Magnusson / Ella Halvarsson / Hanna Öberg / Elvira Öberg,https://en.wikipedia.org/wiki/Biathlon_World_Championships
biathlon_world_championships,Biathlon World Championships,2025,2025-12-31,biathlon,Biathlon,sprint-7-5-km,Biathlon World Championships Women Sprint (7.5 km),women,Sprint (7.5 km),1,gold,athlete,Justine Braisaz-Bouchet,France,FRA,,https://en.wikipedia.org/wiki/Biathlon_World_Championships
biathlon_world_championships,Biathlon World Championships,2025,2025-12-31,biathlon,Biathlon,sprint-7-5-km,Biathlon World Championships Women Sprint (7.5 km),women,Sprint (7.5 km),2,silver,athlete,Franziska Preuß,Germany,GER,,https://en.wikipedia.org/wiki/Biathlon_World_Championships
biathlon_world_championships,Biathlon World Championships,2025,2025-12-31,biathlon,Biathlon,sprint-7-5-km,Biathlon World Championships Women Sprint (7.5 km),women,Sprint (7.5 km),3,bronze,athlete,Suvi Minkkinen,Finland,FIN,,https://en.wikipedia.org/wiki/Biathlon_World_Championships
