event_id,participant_id,rank,medal,score_raw,points_awarded
world_karate_championships_2002_men_kata,world_karate_athlete_Takashi_Katada_JPN,1,gold,discipline=Karate;event=World Karate Championships Men Individual kata;event_label=Individual kata;source_text=Takashi Katada Japan;entry_country=JPN;source_url=https://en.wikipedia.org/wiki/2002_World_Karate_Championships,10.0
world_karate_championships_2002_men_kata,world_karate_athlete_Javier_Hernández_ESP,2,silver,discipline=Karate;event=World Karate Championships Men Individual kata;event_label=Individual kata;source_text=Javier Hernández Spain;entry_country=ESP;source_url=https://en.wikipedia.org/wiki/2002_World_Karate_Championships,7.0
world_karate_championships_2002_men_kata,world_karate_athlete_Karim_Sharif_EGY,3,bronze,discipline=Karate;event=World Karate Championships Men Individual kata;event_label=Individual kata;source_text=Karim Sharif Egypt;entry_country=EGY;source_url=https://en.wikipedia.org/wiki/2002_World_Karate_Championships,5.0
world_karate_championships_2002_men_kata,world_karate_athlete_Antonio_Díaz_VEN,3,bronze,discipline=Karate;event=World Karate Championships Men Individual kata;event_label=Individual kata;source_text=Antonio Díaz Venezuela;entry_country=VEN;source_url=https://en.wikipedia.org/wiki/2002_World_Karate_Championships,5.0
world_karate_championships_2002_men_kumite-60-kg,world_karate_athlete_Damien_Dovy_BEN,1,gold,discipline=Karate;event=World Karate Championships Men Kumite −60 kg;event_label=Kumite −60 kg;source_text=Damien Dovy Benin;entry_country=BEN;source_url=https://en.wikipedia.org/wiki/2002_World_Karate_Championships,10.0
world_karate_championships_2002_men_kumite-60-kg,world_karate_athlete_Cécil_Boulesnane_FRA,2,silver,discipline=Karate;event=World Karate Championships Men Kumite −60 kg;event_label=Kumite −60 kg;source_text=Cécil Boulesnane France;entry_country=FRA;source_url=https://en.wikipedia.org/wiki/2002_World_Karate_Championships,7.0
world_karate_championships_2002_men_kumite-60-kg,world_karate_athlete_Paul_Newby_ENG,3,bronze,discipline=Karate;event=World Karate Championships Men Kumite −60 kg;event_label=Kumite −60 kg;source_text=Paul Newby England;entry_country=ENG;source_url=https://en.wikipedia.org/wiki/2002_World_Karate_Championships,5.0
world_karate_championships_2002_men_kumite-60-kg,world_karate_athlete_Hossein_Rouhani_IRI,3,bronze,discipline=Karate;event=World Karate Championships Men Kumite −60 kg;event_label=Kumite −60 kg;source_text=Hossein Rouhani Iran;entry_country=IRI;source_url=https://en.wikipedia.org/wiki/2002_World_Karate_Championships,5.0
world_karate_championships_2002_men_kumite-65-kg,world_karate_athlete_George_Kotaka_USA,1,gold,discipline=Karate;event=World Karate Championships Men Kumite −65 kg;event_label=Kumite −65 kg;source_text=George Kotaka United States;entry_country=USA;source_url=https://en.wikipedia.org/wiki/2002_World_Karate_Championships,10.0
world_karate_championships_2002_men_kumite-65-kg,world_karate_athlete_Lazar_Boskovic_DEU,2,silver,discipline=Karate;event=World Karate Championships Men Kumite −65 kg;event_label=Kumite −65 kg;source_text=Lazar Boskovic Germany;entry_country=DEU;source_url=https://en.wikipedia.org/wiki/2002_World_Karate_Championships,7.0
world_karate_championships_2002_men_kumite-65-kg,world_karate_athlete_Mehdi_Amouzadeh_IRI,3,bronze,discipline=Karate;event=World Karate Championships Men Kumite −65 kg;event_label=Kumite −65 kg;source_text=Mehdi Amouzadeh Iran;entry_country=IRI;source_url=https://en.wikipedia.org/wiki/2002_World_Karate_Championships,5.0
world_karate_championships_2002_men_kumite-65-kg,world_karate_athlete_Andrea_Calzola_ITA,3,bronze,discipline=Karate;event=World Karate Championships Men Kumite −65 kg;event_label=Kumite −65 kg;source_text=Andrea Calzola Italy;entry_country=ITA;source_url=https://en.wikipedia.org/wiki/2002_World_Karate_Championships,5.0
world_karate_championships_2002_men_kumite-70-kg,world_karate_athlete_Md_Golam_Zakaria_ITA,1,gold,discipline=Karate;event=World Karate Championships Men Kumite −70 kg;event_label=Kumite −70 kg;source_text=Md Golam Zakaria Italy;entry_country=ITA;source_url=https://en.wikipedia.org/wiki/2002_World_Karate_Championships,10.0
world_karate_championships_2002_men_kumite-70-kg,world_karate_athlete_Junior_Lefevre_HRV,2,silver,discipline=Karate;event=World Karate Championships Men Kumite −70 kg;event_label=Kumite −70 kg;source_text=Junior Lefevre Croatia;entry_country=HRV;source_url=https://en.wikipedia.org/wiki/2002_World_Karate_Championships,7.0
world_karate_championships_2002_men_kumite-70-kg,world_karate_athlete_Óscar_Vázquez_ESP,3,bronze,discipline=Karate;event=World Karate Championships Men Kumite −70 kg;event_label=Kumite −70 kg;source_text=Óscar Vázquez Spain;entry_country=ESP;source_url=https://en.wikipedia.org/wiki/2002_World_Karate_Championships,5.0
world_karate_championships_2002_men_kumite-70-kg,world_karate_athlete_Messaoud_Hammou_FRA,3,bronze,discipline=Karate;event=World Karate Championships Men Kumite −70 kg;event_label=Kumite −70 kg;source_text=Messaoud Hammou France;entry_country=FRA;source_url=https://en.wikipedia.org/wiki/2002_World_Karate_Championships,5.0
world_karate_championships_2002_men_kumite-75-kg,world_karate_athlete_Iván_Leal_ESP,1,gold,discipline=Karate;event=World Karate Championships Men Kumite −75 kg;event_label=Kumite −75 kg;source_text=Iván Leal Spain;entry_country=ESP;source_url=https://en.wikipedia.org/wiki/2002_World_Karate_Championships,10.0
world_karate_championships_2002_men_kumite-75-kg,world_karate_athlete_Jasem_Vishkaei_IRI,2,silver,discipline=Karate;event=World Karate Championships Men Kumite −75 kg;event_label=Kumite −75 kg;source_text=Jasem Vishkaei Iran;entry_country=IRI;source_url=https://en.wikipedia.org/wiki/2002_World_Karate_Championships,7.0
world_karate_championships_2002_men_kumite-75-kg,world_karate_athlete_Köksal_Çakr_DEU,3,bronze,discipline=Karate;event=World Karate Championships Men Kumite −75 kg;event_label=Kumite −75 kg;source_text=Köksal Çakır Germany;entry_country=DEU;source_url=https://en.wikipedia.org/wiki/2002_World_Karate_Championships,5.0
world_karate_championships_2002_men_kumite-75-kg,world_karate_athlete_smail_Hakk_en_TUR,3,bronze,discipline=Karate;event=World Karate Championships Men Kumite −75 kg;event_label=Kumite −75 kg;source_text=İsmail Hakkı Şen Turkey;entry_country=TUR;source_url=https://en.wikipedia.org/wiki/2002_World_Karate_Championships,5.0
world_karate_championships_2002_men_kumite-80-kg,world_karate_athlete_Yann_Baillon_FRA,1,gold,discipline=Karate;event=World Karate Championships Men Kumite −80 kg;event_label=Kumite −80 kg;source_text=Yann Baillon France;entry_country=FRA;source_url=https://en.wikipedia.org/wiki/2002_World_Karate_Championships,10.0
world_karate_championships_2002_men_kumite-80-kg,world_karate_athlete_Daniël_Sabanovic_NLD,2,silver,discipline=Karate;event=World Karate Championships Men Kumite −80 kg;event_label=Kumite −80 kg;source_text=Daniël Sabanovic Netherlands;entry_country=NLD;source_url=https://en.wikipedia.org/wiki/2002_World_Karate_Championships,7.0
world_karate_championships_2002_men_kumite-80-kg,world_karate_athlete_Zeynel_Çelik_TUR,3,bronze,discipline=Karate;event=World Karate Championships Men Kumite −80 kg;event_label=Kumite −80 kg;source_text=Zeynel Çelik Turkey;entry_country=TUR;source_url=https://en.wikipedia.org/wiki/2002_World_Karate_Championships,5.0
world_karate_championships_2002_men_kumite-80-kg,world_karate_athlete_Milo_ivkovi_YUG,3,bronze,discipline=Karate;event=World Karate Championships Men Kumite −80 kg;event_label=Kumite −80 kg;source_text=Miloš Živković Yugoslavia;entry_country=YUG;source_url=https://en.wikipedia.org/wiki/2002_World_Karate_Championships,5.0
world_karate_championships_2002_men_kumite-open,world_karate_athlete_Predrag_Stojadinov_YUG,1,gold,discipline=Karate;event=World Karate Championships Men Kumite open;event_label=Kumite open;source_text=Predrag Stojadinov Yugoslavia;entry_country=YUG;source_url=https://en.wikipedia.org/wiki/2002_World_Karate_Championships,10.0
world_karate_championships_2002_men_kumite-open,world_karate_athlete_Daniel_Devigili_AUT,2,silver,discipline=Karate;event=World Karate Championships Men Kumite open;event_label=Kumite open;source_text=Daniel Devigili Austria;entry_country=AUT;source_url=https://en.wikipedia.org/wiki/2002_World_Karate_Championships,7.0
world_karate_championships_2002_men_kumite-open,world_karate_athlete_Konstantinos_Papadopoulos_GRC,3,bronze,discipline=Karate;event=World Karate Championships Men Kumite open;event_label=Kumite open;source_text=Konstantinos Papadopoulos Greece;entry_country=GRC;source_url=https://en.wikipedia.org/wiki/2002_World_Karate_Championships,5.0
world_karate_championships_2002_men_kumite-open,world_karate_athlete_Klaudio_Farmadín_SVK,3,bronze,discipline=Karate;event=World Karate Championships Men Kumite open;event_label=Kumite open;source_text=Klaudio Farmadín Slovakia;entry_country=SVK;source_url=https://en.wikipedia.org/wiki/2002_World_Karate_Championships,5.0
world_karate_championships_2002_men_kumite-plus80-kg,world_karate_athlete_Leon_Walters_ENG,1,gold,discipline=Karate;event=World Karate Championships Men Kumite +80 kg;event_label=Kumite +80 kg;source_text=Leon Walters England;entry_country=ENG;source_url=https://en.wikipedia.org/wiki/2002_World_Karate_Championships,10.0
world_karate_championships_2002_men_kumite-plus80-kg,world_karate_athlete_Alexander_Gerunov_RUS,2,silver,discipline=Karate;event=World Karate Championships Men Kumite +80 kg;event_label=Kumite +80 kg;source_text=Alexander Gerunov Russia;entry_country=RUS;source_url=https://en.wikipedia.org/wiki/2002_World_Karate_Championships,7.0
world_karate_championships_2002_men_kumite-plus80-kg,world_karate_athlete_Jan_Tuek_CZE,3,bronze,discipline=Karate;event=World Karate Championships Men Kumite +80 kg;event_label=Kumite +80 kg;source_text=Jan Tuček Czech Republic;entry_country=CZE;source_url=https://en.wikipedia.org/wiki/2002_World_Karate_Championships,5.0
world_karate_championships_2002_men_kumite-plus80-kg,world_karate_athlete_Seydina_Baldé_FRA,3,bronze,discipline=Karate;event=World Karate Championships Men Kumite +80 kg;event_label=Kumite +80 kg;source_text=Seydina Baldé France;entry_country=FRA;source_url=https://en.wikipedia.org/wiki/2002_World_Karate_Championships,5.0
world_karate_championships_2002_men_team-kata,world_karate_team_Japan_Men_Team_kata_JPN,1,gold,discipline=Karate;event=World Karate Championships Men Team kata;event_label=Team kata;source_text=Japan;entry_country=JPN;source_url=https://en.wikipedia.org/wiki/2002_World_Karate_Championships,10.0
world_karate_championships_2002_men_team-kata,world_karate_team_Spain_Men_Team_kata_ESP,2,silver,discipline=Karate;event=World Karate Championships Men Team kata;event_label=Team kata;source_text=Spain Javier Hernández Víctor López Fernando San José;entry_country=ESP;source_url=https://en.wikipedia.org/wiki/2002_World_Karate_Championships,7.0
world_karate_championships_2002_men_team-kata,world_karate_team_Croatia_Men_Team_kata_HRV,3,bronze,discipline=Karate;event=World Karate Championships Men Team kata;event_label=Team kata;source_text=Croatia;entry_country=HRV;source_url=https://en.wikipedia.org/wiki/2002_World_Karate_Championships,5.0
world_karate_championships_2002_men_team-kata,world_karate_team_Italy_Men_Team_kata_ITA,3,bronze,discipline=Karate;event=World Karate Championships Men Team kata;event_label=Team kata;source_text=Italy Vincenzo Figuccio Lucio Maurino Luca Valdesi;entry_country=ITA;source_url=https://en.wikipedia.org/wiki/2002_World_Karate_Championships,5.0
world_karate_championships_2002_men_team-kumite,world_karate_team_Spain_Men_Team_kumite_ESP,1,gold,discipline=Karate;event=World Karate Championships Men Team kumite;event_label=Team kumite;source_text=Spain Tomás Herrero Iván Leal Francisco Martínez Óscar Martínez Ángel Ramiro David Santana Óscar Vázquez;entry_country=ESP;source_url=https://en.wikipedia.org/wiki/2002_World_Karate_Championships,10.0
world_karate_championships_2002_men_team-kumite,world_karate_team_England_Men_Team_kumite_ENG,2,silver,discipline=Karate;event=World Karate Championships Men Team kumite;event_label=Team kumite;source_text=England;entry_country=ENG;source_url=https://en.wikipedia.org/wiki/2002_World_Karate_Championships,7.0
world_karate_championships_2002_men_team-kumite,world_karate_team_France_Men_Team_kumite_FRA,3,bronze,discipline=Karate;event=World Karate Championships Men Team kumite;event_label=Team kumite;source_text=France Yann Baillon Seydina Baldé Olivier Beaudry Rida Bel Lahsen Alexandre Biamonti David Félix Messaoud Hammou;entry_country=FRA;source_url=https://en.wikipedia.org/wiki/2002_World_Karate_Championships,5.0
world_karate_championships_2002_men_team-kumite,world_karate_team_Iran_Men_Team_kumite_IRI,3,bronze,discipline=Karate;event=World Karate Championships Men Team kumite;event_label=Team kumite;source_text=Iran Mehdi Amouzadeh Mehran Behnamfar Maziar Elhami Alireza Katiraei Nasser Khajeh-Hosseini Hassan Shaterzadeh Jasem Vishkaei;entry_country=IRI;source_url=https://en.wikipedia.org/wiki/2002_World_Karate_Championships,5.0
world_karate_championships_2002_women_kata,world_karate_athlete_Atsuko_Wakai_JPN,1,gold,discipline=Karate;event=World Karate Championships Women Individual kata;event_label=Individual kata;source_text=Atsuko Wakai Japan;entry_country=JPN;source_url=https://en.wikipedia.org/wiki/2002_World_Karate_Championships,10.0
world_karate_championships_2002_women_kata,world_karate_athlete_Myriam_Szkudlarek_FRA,2,silver,discipline=Karate;event=World Karate Championships Women Individual kata;event_label=Individual kata;source_text=Myriam Szkudlarek France;entry_country=FRA;source_url=https://en.wikipedia.org/wiki/2002_World_Karate_Championships,7.0
world_karate_championships_2002_women_kata,world_karate_athlete_Marcela_Remiáová_SVK,3,bronze,discipline=Karate;event=World Karate Championships Women Individual kata;event_label=Individual kata;source_text=Marcela Remiášová Slovakia;entry_country=SVK;source_url=https://en.wikipedia.org/wiki/2002_World_Karate_Championships,5.0
world_karate_championships_2002_women_kata,world_karate_athlete_Yohana_Sánchez_VEN,3,bronze,discipline=Karate;event=World Karate Championships Women Individual kata;event_label=Individual kata;source_text=Yohana Sánchez Venezuela;entry_country=VEN;source_url=https://en.wikipedia.org/wiki/2002_World_Karate_Championships,5.0
world_karate_championships_2002_women_kumite-53-kg,world_karate_athlete_Kora_Knühmann_DEU,1,gold,discipline=Karate;event=World Karate Championships Women Kumite −53 kg;event_label=Kumite −53 kg;source_text=Kora Knühmann Germany;entry_country=DEU;source_url=https://en.wikipedia.org/wiki/2002_World_Karate_Championships,10.0
world_karate_championships_2002_women_kumite-53-kg,world_karate_athlete_Michela_Nanni_ITA,2,silver,discipline=Karate;event=World Karate Championships Women Kumite −53 kg;event_label=Kumite −53 kg;source_text=Michela Nanni Italy;entry_country=ITA;source_url=https://en.wikipedia.org/wiki/2002_World_Karate_Championships,7.0
world_karate_championships_2002_women_kumite-53-kg,world_karate_athlete_Nadia_Mecheri_FRA,3,bronze,discipline=Karate;event=World Karate Championships Women Kumite −53 kg;event_label=Kumite −53 kg;source_text=Nadia Mecheri France;entry_country=FRA;source_url=https://en.wikipedia.org/wiki/2002_World_Karate_Championships,5.0
world_karate_championships_2002_women_kumite-53-kg,world_karate_athlete_Sandu_Anghel_ROU,3,bronze,discipline=Karate;event=World Karate Championships Women Kumite −53 kg;event_label=Kumite −53 kg;source_text=Sandu Anghel Romania;entry_country=ROU;source_url=https://en.wikipedia.org/wiki/2002_World_Karate_Championships,5.0
world_karate_championships_2002_women_kumite-60-kg,world_karate_athlete_Nathalie_Leroy_FRA,1,gold,discipline=Karate;event=World Karate Championships Women Kumite −60 kg;event_label=Kumite −60 kg;source_text=Nathalie Leroy France;entry_country=FRA;source_url=https://en.wikipedia.org/wiki/2002_World_Karate_Championships,10.0
world_karate_championships_2002_women_kumite-60-kg,world_karate_athlete_Ibtissem_Hannachi_TUN,2,silver,discipline=Karate;event=World Karate Championships Women Kumite −60 kg;event_label=Kumite −60 kg;source_text=Ibtissem Hannachi Tunisia;entry_country=TUN;source_url=https://en.wikipedia.org/wiki/2002_World_Karate_Championships,7.0
world_karate_championships_2002_women_kumite-60-kg,world_karate_athlete_Alexandra_Witteborn_DEU,3,bronze,discipline=Karate;event=World Karate Championships Women Kumite −60 kg;event_label=Kumite −60 kg;source_text=Alexandra Witteborn Germany;entry_country=DEU;source_url=https://en.wikipedia.org/wiki/2002_World_Karate_Championships,5.0
world_karate_championships_2002_women_kumite-60-kg,world_karate_athlete_Yoko_Takahashi_JPN,3,bronze,discipline=Karate;event=World Karate Championships Women Kumite −60 kg;event_label=Kumite −60 kg;source_text=Yoko Takahashi Japan;entry_country=JPN;source_url=https://en.wikipedia.org/wiki/2002_World_Karate_Championships,5.0
world_karate_championships_2002_women_kumite-open,world_karate_athlete_Sneana_Peri_YUG,1,gold,discipline=Karate;event=World Karate Championships Women Kumite open;event_label=Kumite open;source_text=Snežana Perić Yugoslavia;entry_country=YUG;source_url=https://en.wikipedia.org/wiki/2002_World_Karate_Championships,10.0
world_karate_championships_2002_women_kumite-open,world_karate_athlete_Tessy_Scholtes_LUX,2,silver,discipline=Karate;event=World Karate Championships Women Kumite open;event_label=Kumite open;source_text=Tessy Scholtes Luxembourg;entry_country=LUX;source_url=https://en.wikipedia.org/wiki/2002_World_Karate_Championships,7.0
world_karate_championships_2002_women_kumite-open,world_karate_athlete_Roberta_Minet_ITA,3,bronze,discipline=Karate;event=World Karate Championships Women Kumite open;event_label=Kumite open;source_text=Roberta Minet Italy;entry_country=ITA;source_url=https://en.wikipedia.org/wiki/2002_World_Karate_Championships,5.0
world_karate_championships_2002_women_kumite-open,world_karate_athlete_Premila_Supramaniam_MYS,3,bronze,discipline=Karate;event=World Karate Championships Women Kumite open;event_label=Kumite open;source_text=Premila Supramaniam Malaysia;entry_country=MYS;source_url=https://en.wikipedia.org/wiki/2002_World_Karate_Championships,5.0
world_karate_championships_2002_women_kumite-plus60-kg,world_karate_athlete_Elisa_Au_USA,1,gold,discipline=Karate;event=World Karate Championships Women Kumite +60 kg;event_label=Kumite +60 kg;source_text=Elisa Au United States;entry_country=USA;source_url=https://en.wikipedia.org/wiki/2002_World_Karate_Championships,10.0
world_karate_championships_2002_women_kumite-plus60-kg,world_karate_athlete_Zsuzsanna_Klima_HUN,2,silver,discipline=Karate;event=World Karate Championships Women Kumite +60 kg;event_label=Kumite +60 kg;source_text=Zsuzsanna Klima Hungary;entry_country=HUN;source_url=https://en.wikipedia.org/wiki/2002_World_Karate_Championships,7.0
world_karate_championships_2002_women_kumite-plus60-kg,world_karate_athlete_Lucélia_Ribeiro_BRA,3,bronze,discipline=Karate;event=World Karate Championships Women Kumite +60 kg;event_label=Kumite +60 kg;source_text=Lucélia Ribeiro Brazil;entry_country=BRA;source_url=https://en.wikipedia.org/wiki/2002_World_Karate_Championships,5.0
world_karate_championships_2002_women_kumite-plus60-kg,world_karate_athlete_Laurence_Fischer_FRA,3,bronze,discipline=Karate;event=World Karate Championships Women Kumite +60 kg;event_label=Kumite +60 kg;source_text=Laurence Fischer France;entry_country=FRA;source_url=https://en.wikipedia.org/wiki/2002_World_Karate_Championships,5.0
world_karate_championships_2002_women_team-kata,world_karate_team_France_Women_Team_kata_FRA,1,gold,discipline=Karate;event=World Karate Championships Women Team kata;event_label=Team kata;source_text=France Jessica Buil Sabrina Buil Laëtitia Guesnel;entry_country=FRA;source_url=https://en.wikipedia.org/wiki/2002_World_Karate_Championships,10.0
world_karate_championships_2002_women_team-kata,world_karate_team_Japan_Women_Team_kata_JPN,2,silver,discipline=Karate;event=World Karate Championships Women Team kata;event_label=Team kata;source_text=Japan;entry_country=JPN;source_url=https://en.wikipedia.org/wiki/2002_World_Karate_Championships,7.0
world_karate_championships_2002_women_team-kata,world_karate_team_Spain_Women_Team_kata_ESP,3,bronze,discipline=Karate;event=World Karate Championships Women Team kata;event_label=Team kata;source_text=Spain Miriam Cogolludo Ruth Jiménez Almudena Muñoz;entry_country=ESP;source_url=https://en.wikipedia.org/wiki/2002_World_Karate_Championships,5.0
world_karate_championships_2002_women_team-kata,world_karate_team_Italy_Women_Team_kata_ITA,3,bronze,discipline=Karate;event=World Karate Championships Women Team kata;event_label=Team kata;source_text=Italy Luisa Arrabito Alessia Gasperini Annalisa Penolazzi;entry_country=ITA;source_url=https://en.wikipedia.org/wiki/2002_World_Karate_Championships,5.0
world_karate_championships_2002_women_team-kumite,world_karate_team_Spain_Women_Team_kumite_ESP,1,gold,discipline=Karate;event=World Karate Championships Women Team kumite;event_label=Team kumite;source_text=Spain Gloria Casanova Cristina Feo Noelia Fernández Estefanía García;entry_country=ESP;source_url=https://en.wikipedia.org/wiki/2002_World_Karate_Championships,10.0
world_karate_championships_2002_women_team-kumite,world_karate_team_France_Women_Team_kumite_FRA,2,silver,discipline=Karate;event=World Karate Championships Women Team kumite;event_label=Team kumite;source_text=France Patricia Chéreau Laurence Fischer Nathalie Leroy Nadia Mecheri;entry_country=FRA;source_url=https://en.wikipedia.org/wiki/2002_World_Karate_Championships,7.0
world_karate_championships_2002_women_team-kumite,world_karate_team_England_Women_Team_kumite_ENG,3,bronze,discipline=Karate;event=World Karate Championships Women Team kumite;event_label=Team kumite;source_text=England;entry_country=ENG;source_url=https://en.wikipedia.org/wiki/2002_World_Karate_Championships,5.0
world_karate_championships_2002_women_team-kumite,world_karate_team_Türkiye_Women_Team_kumite_TUR,3,bronze,discipline=Karate;event=World Karate Championships Women Team kumite;event_label=Team kumite;source_text=Turkey Yıldız Aras Gülderen Çelik Meral Ölmez;entry_country=TUR;source_url=https://en.wikipedia.org/wiki/2002_World_Karate_Championships,5.0
world_karate_championships_2004_men_kata,world_karate_athlete_Luca_Valdesi_ITA,1,gold,discipline=Karate;event=World Karate Championships Men Individual kata;event_label=Individual kata;source_text=Luca Valdesi Italy;entry_country=ITA;source_url=https://en.wikipedia.org/wiki/2004_World_Karate_Championships,10.0
world_karate_championships_2004_men_kata,world_karate_athlete_Akio_Tamashiro_PER,2,silver,discipline=Karate;event=World Karate Championships Men Individual kata;event_label=Individual kata;source_text=Akio Tamashiro Peru;entry_country=PER;source_url=https://en.wikipedia.org/wiki/2004_World_Karate_Championships,7.0
world_karate_championships_2004_men_kata,world_karate_athlete_Toshihide_Uchiage_CAN,3,bronze,discipline=Karate;event=World Karate Championships Men Individual kata;event_label=Individual kata;source_text=Toshihide Uchiage Canada;entry_country=CAN;source_url=https://en.wikipedia.org/wiki/2004_World_Karate_Championships,5.0
world_karate_championships_2004_men_kata,world_karate_athlete_Antonio_Díaz_VEN,3,bronze,discipline=Karate;event=World Karate Championships Men Individual kata;event_label=Individual kata;source_text=Antonio Díaz Venezuela;entry_country=VEN;source_url=https://en.wikipedia.org/wiki/2004_World_Karate_Championships,5.0
world_karate_championships_2004_men_kumite-60-kg,world_karate_athlete_Paul_Newby_ENG,1,gold,discipline=Karate;event=World Karate Championships Men Kumite −60 kg;event_label=Kumite −60 kg;source_text=Paul Newby England;entry_country=ENG;source_url=https://en.wikipedia.org/wiki/2004_World_Karate_Championships,10.0
world_karate_championships_2004_men_kumite-60-kg,world_karate_athlete_Hossein_Rouhani_IRI,2,silver,discipline=Karate;event=World Karate Championships Men Kumite −60 kg;event_label=Kumite −60 kg;source_text=Hossein Rouhani Iran;entry_country=IRI;source_url=https://en.wikipedia.org/wiki/2004_World_Karate_Championships,7.0
world_karate_championships_2004_men_kumite-60-kg,world_karate_athlete_David_Luque_ESP,3,bronze,discipline=Karate;event=World Karate Championships Men Kumite −60 kg;event_label=Kumite −60 kg;source_text=David Luque Spain;entry_country=ESP;source_url=https://en.wikipedia.org/wiki/2004_World_Karate_Championships,5.0
world_karate_championships_2004_men_kumite-60-kg,world_karate_athlete_Yury_Kalashnikov_RUS,3,bronze,discipline=Karate;event=World Karate Championships Men Kumite −60 kg;event_label=Kumite −60 kg;source_text=Yury Kalashnikov Russia;entry_country=RUS;source_url=https://en.wikipedia.org/wiki/2004_World_Karate_Championships,5.0
world_karate_championships_2004_men_kumite-65-kg,world_karate_athlete_Luis_Plumacher_VEN,1,gold,discipline=Karate;event=World Karate Championships Men Kumite −65 kg;event_label=Kumite −65 kg;source_text=Luis Plumacher Venezuela;entry_country=VEN;source_url=https://en.wikipedia.org/wiki/2004_World_Karate_Championships,10.0
world_karate_championships_2004_men_kumite-65-kg,world_karate_athlete_Ádám_Kovács_HUN,2,silver,discipline=Karate;event=World Karate Championships Men Kumite −65 kg;event_label=Kumite −65 kg;source_text=Ádám Kovács Hungary;entry_country=HUN;source_url=https://en.wikipedia.org/wiki/2004_World_Karate_Championships,7.0
world_karate_championships_2004_men_kumite-65-kg,world_karate_athlete_Lucio_Martínez_ARG,3,bronze,discipline=Karate;event=World Karate Championships Men Kumite −65 kg;event_label=Kumite −65 kg;source_text=Lucio Martínez Argentina;entry_country=ARG;source_url=https://en.wikipedia.org/wiki/2004_World_Karate_Championships,5.0
world_karate_championships_2004_men_kumite-65-kg,world_karate_athlete_Alexandre_Biamonti_FRA,3,bronze,discipline=Karate;event=World Karate Championships Men Kumite −65 kg;event_label=Kumite −65 kg;source_text=Alexandre Biamonti France;entry_country=FRA;source_url=https://en.wikipedia.org/wiki/2004_World_Karate_Championships,5.0
world_karate_championships_2004_men_kumite-70-kg,world_karate_athlete_Shinji_Nagaki_JPN,1,gold,discipline=Karate;event=World Karate Championships Men Kumite −70 kg;event_label=Kumite −70 kg;source_text=Shinji Nagaki Japan;entry_country=JPN;source_url=https://en.wikipedia.org/wiki/2004_World_Karate_Championships,10.0
world_karate_championships_2004_men_kumite-70-kg,world_karate_athlete_Mensur_Caki_BIH,2,silver,discipline=Karate;event=World Karate Championships Men Kumite −70 kg;event_label=Kumite −70 kg;source_text=Mensur Cakić Bosnia and Herzegovina;entry_country=BIH;source_url=https://en.wikipedia.org/wiki/2004_World_Karate_Championships,7.0
world_karate_championships_2004_men_kumite-70-kg,world_karate_athlete_Óscar_Vázquez_ESP,3,bronze,discipline=Karate;event=World Karate Championships Men Kumite −70 kg;event_label=Kumite −70 kg;source_text=Óscar Vázquez Spain;entry_country=ESP;source_url=https://en.wikipedia.org/wiki/2004_World_Karate_Championships,5.0
world_karate_championships_2004_men_kumite-70-kg,world_karate_athlete_Sayguidmagomed_Shakhrudinov_RUS,3,bronze,discipline=Karate;event=World Karate Championships Men Kumite −70 kg;event_label=Kumite −70 kg;source_text=Sayguidmagomed Shakhrudinov Russia;entry_country=RUS;source_url=https://en.wikipedia.org/wiki/2004_World_Karate_Championships,5.0
world_karate_championships_2004_men_kumite-75-kg,world_karate_athlete_David_Santana_ESP,1,gold,discipline=Karate;event=World Karate Championships Men Kumite −75 kg;event_label=Kumite −75 kg;source_text=David Santana Spain;entry_country=ESP;source_url=https://en.wikipedia.org/wiki/2004_World_Karate_Championships,10.0
world_karate_championships_2004_men_kumite-75-kg,world_karate_athlete_Konstantinos_Papadopoulos_GRC,2,silver,discipline=Karate;event=World Karate Championships Men Kumite −75 kg;event_label=Kumite −75 kg;source_text=Konstantinos Papadopoulos Greece;entry_country=GRC;source_url=https://en.wikipedia.org/wiki/2004_World_Karate_Championships,7.0
world_karate_championships_2004_men_kumite-75-kg,world_karate_athlete_Klaudio_Farmadín_SVK,3,bronze,discipline=Karate;event=World Karate Championships Men Kumite −75 kg;event_label=Kumite −75 kg;source_text=Klaudio Farmadín Slovakia;entry_country=SVK;source_url=https://en.wikipedia.org/wiki/2004_World_Karate_Championships,5.0
world_karate_championships_2004_men_kumite-75-kg,world_karate_athlete_Yavuz_Karamollaolu_TUR,3,bronze,discipline=Karate;event=World Karate Championships Men Kumite −75 kg;event_label=Kumite −75 kg;source_text=Yavuz Karamollaoğlu Turkey;entry_country=TUR;source_url=https://en.wikipedia.org/wiki/2004_World_Karate_Championships,5.0
world_karate_championships_2004_men_kumite-80-kg,world_karate_athlete_Zeynel_Çelik_TUR,1,gold,discipline=Karate;event=World Karate Championships Men Kumite −80 kg;event_label=Kumite −80 kg;source_text=Zeynel Çelik Turkey;entry_country=TUR;source_url=https://en.wikipedia.org/wiki/2004_World_Karate_Championships,10.0
world_karate_championships_2004_men_kumite-80-kg,world_karate_athlete_Daniël_Sabanovic_NLD,2,silver,discipline=Karate;event=World Karate Championships Men Kumite −80 kg;event_label=Kumite −80 kg;source_text=Daniël Sabanovic Netherlands;entry_country=NLD;source_url=https://en.wikipedia.org/wiki/2004_World_Karate_Championships,7.0
world_karate_championships_2004_men_kumite-80-kg,world_karate_athlete_Yann_Baillon_FRA,3,bronze,discipline=Karate;event=World Karate Championships Men Kumite −80 kg;event_label=Kumite −80 kg;source_text=Yann Baillon France;entry_country=FRA;source_url=https://en.wikipedia.org/wiki/2004_World_Karate_Championships,5.0
world_karate_championships_2004_men_kumite-80-kg,world_karate_athlete_John_Fonseca_USA,3,bronze,discipline=Karate;event=World Karate Championships Men Kumite −80 kg;event_label=Kumite −80 kg;source_text=John Fonseca United States;entry_country=USA;source_url=https://en.wikipedia.org/wiki/2004_World_Karate_Championships,5.0
world_karate_championships_2004_men_kumite-open,world_karate_athlete_Rory_Daniels_ENG,1,gold,discipline=Karate;event=World Karate Championships Men Kumite open;event_label=Kumite open;source_text=Rory Daniels England;entry_country=ENG;source_url=https://en.wikipedia.org/wiki/2004_World_Karate_Championships,10.0
world_karate_championships_2004_men_kumite-open,world_karate_athlete_Seydina_Baldé_FRA,2,silver,discipline=Karate;event=World Karate Championships Men Kumite open;event_label=Kumite open;source_text=Seydina Baldé France;entry_country=FRA;source_url=https://en.wikipedia.org/wiki/2004_World_Karate_Championships,7.0
world_karate_championships_2004_men_kumite-open,world_karate_athlete_Mehran_Behnamfar_IRI,3,bronze,discipline=Karate;event=World Karate Championships Men Kumite open;event_label=Kumite open;source_text=Mehran Behnamfar Iran;entry_country=IRI;source_url=https://en.wikipedia.org/wiki/2004_World_Karate_Championships,5.0
world_karate_championships_2004_men_kumite-open,world_karate_athlete_Stefano_Maniscalco_ITA,3,bronze,discipline=Karate;event=World Karate Championships Men Kumite open;event_label=Kumite open;source_text=Stefano Maniscalco Italy;entry_country=ITA;source_url=https://en.wikipedia.org/wiki/2004_World_Karate_Championships,5.0
world_karate_championships_2004_men_kumite-plus80-kg,world_karate_athlete_Alexander_Gerunov_RUS,1,gold,discipline=Karate;event=World Karate Championships Men Kumite +80 kg;event_label=Kumite +80 kg;source_text=Alexander Gerunov Russia;entry_country=RUS;source_url=https://en.wikipedia.org/wiki/2004_World_Karate_Championships,10.0
world_karate_championships_2004_men_kumite-plus80-kg,world_karate_athlete_Leon_Walters_ENG,2,silver,discipline=Karate;event=World Karate Championships Men Kumite +80 kg;event_label=Kumite +80 kg;source_text=Leon Walters England;entry_country=ENG;source_url=https://en.wikipedia.org/wiki/2004_World_Karate_Championships,7.0
world_karate_championships_2004_men_kumite-plus80-kg,world_karate_athlete_Thomas_Bjuring_DNK,3,bronze,discipline=Karate;event=World Karate Championships Men Kumite +80 kg;event_label=Kumite +80 kg;source_text=Thomas Bjuring Denmark;entry_country=DNK;source_url=https://en.wikipedia.org/wiki/2004_World_Karate_Championships,5.0
world_karate_championships_2004_men_kumite-plus80-kg,world_karate_athlete_Alen_Zamli_HRV,3,bronze,discipline=Karate;event=World Karate Championships Men Kumite +80 kg;event_label=Kumite +80 kg;source_text=Alen Zamlić Croatia;entry_country=HRV;source_url=https://en.wikipedia.org/wiki/2004_World_Karate_Championships,5.0
world_karate_championships_2004_men_team-kata,world_karate_team_Italy_Men_Team_kata_ITA,1,gold,discipline=Karate;event=World Karate Championships Men Team kata;event_label=Team kata;source_text=Italy Vincenzo Figuccio Lucio Maurino Luca Valdesi;entry_country=ITA;source_url=https://en.wikipedia.org/wiki/2004_World_Karate_Championships,10.0
world_karate_championships_2004_men_team-kata,world_karate_team_Japan_Men_Team_kata_JPN,2,silver,discipline=Karate;event=World Karate Championships Men Team kata;event_label=Team kata;source_text=Japan;entry_country=JPN;source_url=https://en.wikipedia.org/wiki/2004_World_Karate_Championships,7.0
world_karate_championships_2004_men_team-kata,world_karate_team_France_Men_Team_kata_FRA,3,bronze,discipline=Karate;event=World Karate Championships Men Team kata;event_label=Team kata;source_text=France Julien Dupont Ayoub Neghliz Jonathan Plagnol;entry_country=FRA;source_url=https://en.wikipedia.org/wiki/2004_World_Karate_Championships,5.0
world_karate_championships_2004_men_team-kata,world_karate_team_Mexico_Men_Team_kata_MEX,3,bronze,discipline=Karate;event=World Karate Championships Men Team kata;event_label=Team kata;source_text=Mexico Martín Romero José Romero Jesús Ruíz;entry_country=MEX;source_url=https://en.wikipedia.org/wiki/2004_World_Karate_Championships,5.0
world_karate_championships_2004_men_team-kumite,world_karate_team_France_Men_Team_kumite_FRA,1,gold,discipline=Karate;event=World Karate Championships Men Team kumite;event_label=Team kumite;source_text=France Yann Baillon Seydina Baldé Olivier Beaudry Ludovic Cacheux Franck Chantalou Guillaume Cossou Florian Malguy;entry_country=FRA;source_url=https://en.wikipedia.org/wiki/2004_World_Karate_Championships,10.0
world_karate_championships_2004_men_team-kumite,world_karate_team_Spain_Men_Team_kumite_ESP,2,silver,discipline=Karate;event=World Karate Championships Men Team kumite;event_label=Team kumite;source_text=Spain Santiago Bayo Sergio Cubero Iván Leal Francisco Martínez Óscar Martínez David Santana Óscar Vázquez;entry_country=ESP;source_url=https://en.wikipedia.org/wiki/2004_World_Karate_Championships,7.0
world_karate_championships_2004_men_team-kumite,world_karate_team_Italy_Men_Team_kumite_ITA,3,bronze,discipline=Karate;event=World Karate Championships Men Team kumite;event_label=Team kumite;source_text=Italy Davide Benetello Giuseppe Di Domenico Vincenzo Iarnone Biagio Laforgia Salvatore Loria Stefano Maniscalco Ciro Massa;entry_country=ITA;source_url=https://en.wikipedia.org/wiki/2004_World_Karate_Championships,5.0
world_karate_championships_2004_men_team-kumite,world_karate_team_Russia_Men_Team_kumite_RUS,3,bronze,discipline=Karate;event=World Karate Championships Men Team kumite;event_label=Team kumite;source_text=Russia;entry_country=RUS;source_url=https://en.wikipedia.org/wiki/2004_World_Karate_Championships,5.0
world_karate_championships_2004_women_kata,world_karate_athlete_Atsuko_Wakai_JPN,1,gold,discipline=Karate;event=World Karate Championships Women Individual kata;event_label=Individual kata;source_text=Atsuko Wakai Japan;entry_country=JPN;source_url=https://en.wikipedia.org/wiki/2004_World_Karate_Championships,10.0
world_karate_championships_2004_women_kata,world_karate_athlete_Myriam_Szkudlarek_FRA,2,silver,discipline=Karate;event=World Karate Championships Women Individual kata;event_label=Individual kata;source_text=Myriam Szkudlarek France;entry_country=FRA;source_url=https://en.wikipedia.org/wiki/2004_World_Karate_Championships,7.0
world_karate_championships_2004_women_kata,world_karate_athlete_Alessandra_Caribé_BRA,3,bronze,discipline=Karate;event=World Karate Championships Women Individual kata;event_label=Individual kata;source_text=Alessandra Caribé Brazil;entry_country=BRA;source_url=https://en.wikipedia.org/wiki/2004_World_Karate_Championships,5.0
world_karate_championships_2004_women_kata,world_karate_athlete_Yohana_Sánchez_VEN,3,bronze,discipline=Karate;event=World Karate Championships Women Individual kata;event_label=Individual kata;source_text=Yohana Sánchez Venezuela;entry_country=VEN;source_url=https://en.wikipedia.org/wiki/2004_World_Karate_Championships,5.0
world_karate_championships_2004_women_kumite-53-kg,world_karate_athlete_Tomoko_Araga_JPN,1,gold,discipline=Karate;event=World Karate Championships Women Kumite −53 kg;event_label=Kumite −53 kg;source_text=Tomoko Araga Japan;entry_country=JPN;source_url=https://en.wikipedia.org/wiki/2004_World_Karate_Championships,10.0
world_karate_championships_2004_women_kumite-53-kg,world_karate_athlete_Cheili_González_GTM,2,silver,discipline=Karate;event=World Karate Championships Women Kumite −53 kg;event_label=Kumite −53 kg;source_text=Cheili González Guatemala;entry_country=GTM;source_url=https://en.wikipedia.org/wiki/2004_World_Karate_Championships,7.0
world_karate_championships_2004_women_kumite-53-kg,world_karate_athlete_Kora_Knühmann_DEU,3,bronze,discipline=Karate;event=World Karate Championships Women Kumite −53 kg;event_label=Kumite −53 kg;source_text=Kora Knühmann Germany;entry_country=DEU;source_url=https://en.wikipedia.org/wiki/2004_World_Karate_Championships,5.0
world_karate_championships_2004_women_kumite-53-kg,world_karate_athlete_Shannon_Nishi_USA,3,bronze,discipline=Karate;event=World Karate Championships Women Kumite −53 kg;event_label=Kumite −53 kg;source_text=Shannon Nishi United States;entry_country=USA;source_url=https://en.wikipedia.org/wiki/2004_World_Karate_Championships,5.0
world_karate_championships_2004_women_kumite-60-kg,world_karate_athlete_Yadira_Lira_MEX,1,gold,discipline=Karate;event=World Karate Championships Women Kumite −60 kg;event_label=Kumite −60 kg;source_text=Yadira Lira Mexico;entry_country=MEX;source_url=https://en.wikipedia.org/wiki/2004_World_Karate_Championships,10.0
world_karate_championships_2004_women_kumite-60-kg,world_karate_athlete_Nathalie_Leroy_FRA,2,silver,discipline=Karate;event=World Karate Championships Women Kumite −60 kg;event_label=Kumite −60 kg;source_text=Nathalie Leroy France;entry_country=FRA;source_url=https://en.wikipedia.org/wiki/2004_World_Karate_Championships,7.0
world_karate_championships_2004_women_kumite-60-kg,world_karate_athlete_Alexandra_Kurtz_DEU,3,bronze,discipline=Karate;event=World Karate Championships Women Kumite −60 kg;event_label=Kumite −60 kg;source_text=Alexandra Kurtz Germany;entry_country=DEU;source_url=https://en.wikipedia.org/wiki/2004_World_Karate_Championships,5.0
world_karate_championships_2004_women_kumite-60-kg,world_karate_athlete_Noelia_Fernández_ESP,3,bronze,discipline=Karate;event=World Karate Championships Women Kumite −60 kg;event_label=Kumite −60 kg;source_text=Noelia Fernández Spain;entry_country=ESP;source_url=https://en.wikipedia.org/wiki/2004_World_Karate_Championships,5.0
world_karate_championships_2004_women_kumite-open,world_karate_athlete_Elisa_Au_USA,1,gold,discipline=Karate;event=World Karate Championships Women Kumite open;event_label=Kumite open;source_text=Elisa Au United States;entry_country=USA;source_url=https://en.wikipedia.org/wiki/2004_World_Karate_Championships,10.0
world_karate_championships_2004_women_kumite-open,world_karate_athlete_Nadine_Ziemer_DEU,2,silver,discipline=Karate;event=World Karate Championships Women Kumite open;event_label=Kumite open;source_text=Nadine Ziemer Germany;entry_country=DEU;source_url=https://en.wikipedia.org/wiki/2004_World_Karate_Championships,7.0
world_karate_championships_2004_women_kumite-open,world_karate_athlete_Zsuzsanna_Klima_HUN,3,bronze,discipline=Karate;event=World Karate Championships Women Kumite open;event_label=Kumite open;source_text=Zsuzsanna Klima Hungary;entry_country=HUN;source_url=https://en.wikipedia.org/wiki/2004_World_Karate_Championships,5.0
world_karate_championships_2004_women_kumite-open,world_karate_athlete_Vanesca_Nortan_NLD,3,bronze,discipline=Karate;event=World Karate Championships Women Kumite open;event_label=Kumite open;source_text=Vanesca Nortan Netherlands;entry_country=NLD;source_url=https://en.wikipedia.org/wiki/2004_World_Karate_Championships,5.0
world_karate_championships_2004_women_kumite-plus60-kg,world_karate_athlete_Elisa_Au_USA,1,gold,discipline=Karate;event=World Karate Championships Women Kumite +60 kg;event_label=Kumite +60 kg;source_text=Elisa Au United States;entry_country=USA;source_url=https://en.wikipedia.org/wiki/2004_World_Karate_Championships,10.0
world_karate_championships_2004_women_kumite-plus60-kg,world_karate_athlete_Vanesca_Nortan_NLD,2,silver,discipline=Karate;event=World Karate Championships Women Kumite +60 kg;event_label=Kumite +60 kg;source_text=Vanesca Nortan Netherlands;entry_country=NLD;source_url=https://en.wikipedia.org/wiki/2004_World_Karate_Championships,7.0
world_karate_championships_2004_women_kumite-plus60-kg,world_karate_athlete_Laurence_Fischer_FRA,3,bronze,discipline=Karate;event=World Karate Championships Women Kumite +60 kg;event_label=Kumite +60 kg;source_text=Laurence Fischer France;entry_country=FRA;source_url=https://en.wikipedia.org/wiki/2004_World_Karate_Championships,5.0
world_karate_championships_2004_women_kumite-plus60-kg,world_karate_athlete_Zsuzsanna_Klima_HUN,3,bronze,discipline=Karate;event=World Karate Championships Women Kumite +60 kg;event_label=Kumite +60 kg;source_text=Zsuzsanna Klima Hungary;entry_country=HUN;source_url=https://en.wikipedia.org/wiki/2004_World_Karate_Championships,5.0
world_karate_championships_2004_women_team-kata,world_karate_team_Japan_Women_Team_kata_JPN,1,gold,discipline=Karate;event=World Karate Championships Women Team kata;event_label=Team kata;source_text=Japan;entry_country=JPN;source_url=https://en.wikipedia.org/wiki/2004_World_Karate_Championships,10.0
world_karate_championships_2004_women_team-kata,world_karate_team_France_Women_Team_kata_FRA,2,silver,discipline=Karate;event=World Karate Championships Women Team kata;event_label=Team kata;source_text=France Jessica Buil Sabrina Buil Laëtitia Guesnel;entry_country=FRA;source_url=https://en.wikipedia.org/wiki/2004_World_Karate_Championships,7.0
world_karate_championships_2004_women_team-kata,world_karate_team_Brazil_Women_Team_kata_BRA,3,bronze,discipline=Karate;event=World Karate Championships Women Team kata;event_label=Team kata;source_text=Brazil;entry_country=BRA;source_url=https://en.wikipedia.org/wiki/2004_World_Karate_Championships,5.0
world_karate_championships_2004_women_team-kata,world_karate_team_Spain_Women_Team_kata_ESP,3,bronze,discipline=Karate;event=World Karate Championships Women Team kata;event_label=Team kata;source_text=Spain Miriam Cogolludo Ruth Jiménez Almudena Muñoz;entry_country=ESP;source_url=https://en.wikipedia.org/wiki/2004_World_Karate_Championships,5.0
world_karate_championships_2004_women_team-kumite,world_karate_team_Türkiye_Women_Team_kumite_TUR,1,gold,discipline=Karate;event=World Karate Championships Women Team kumite;event_label=Team kumite;source_text=Turkey Yıldız Aras Gülderen Çelik Vildan Doğan Meral Ölmez;entry_country=TUR;source_url=https://en.wikipedia.org/wiki/2004_World_Karate_Championships,10.0
world_karate_championships_2004_women_team-kumite,world_karate_team_Spain_Women_Team_kumite_ESP,2,silver,discipline=Karate;event=World Karate Championships Women Team kumite;event_label=Team kumite;source_text=Spain Gloria Casanova Cristina Feo Noelia Fernández Estefanía García;entry_country=ESP;source_url=https://en.wikipedia.org/wiki/2004_World_Karate_Championships,7.0
world_karate_championships_2004_women_team-kumite,world_karate_team_Germany_Women_Team_kumite_DEU,3,bronze,discipline=Karate;event=World Karate Championships Women Team kumite;event_label=Team kumite;source_text=Germany Yasmina Benadda Kora Knühmann Alexandra Kurtz Nadine Ziemer;entry_country=DEU;source_url=https://en.wikipedia.org/wiki/2004_World_Karate_Championships,5.0
world_karate_championships_2004_women_team-kumite,world_karate_team_France_Women_Team_kumite_FRA,3,bronze,discipline=Karate;event=World Karate Championships Women Team kumite;event_label=Team kumite;source_text=France Patricia Chéreau Laurence Fischer Nathalie Leroy Nadia Mécheri;entry_country=FRA;source_url=https://en.wikipedia.org/wiki/2004_World_Karate_Championships,5.0
world_karate_championships_2006_men_kata,world_karate_athlete_Luca_Valdesi_ITA,1,gold,discipline=Karate;event=World Karate Championships Men Individual kata;event_label=Individual kata;source_text=Luca Valdesi Italy;entry_country=ITA;source_url=https://en.wikipedia.org/wiki/2006_World_Karate_Championships,10.0
world_karate_championships_2006_men_kata,world_karate_athlete_Takashi_Katada_JPN,2,silver,discipline=Karate;event=World Karate Championships Men Individual kata;event_label=Individual kata;source_text=Takashi Katada Japan;entry_country=JPN;source_url=https://en.wikipedia.org/wiki/2006_World_Karate_Championships,7.0
world_karate_championships_2006_men_kata,world_karate_athlete_Akio_Tamashiro_PER,3,bronze,discipline=Karate;event=World Karate Championships Men Individual kata;event_label=Individual kata;source_text=Akio Tamashiro Peru;entry_country=PER;source_url=https://en.wikipedia.org/wiki/2006_World_Karate_Championships,5.0
world_karate_championships_2006_men_kata,world_karate_athlete_Antonio_Díaz_VEN,3,bronze,discipline=Karate;event=World Karate Championships Men Individual kata;event_label=Individual kata;source_text=Antonio Díaz Venezuela;entry_country=VEN;source_url=https://en.wikipedia.org/wiki/2006_World_Karate_Championships,5.0
world_karate_championships_2006_men_kumite-60-kg,world_karate_athlete_Hossein_Rouhani_IRI,1,gold,discipline=Karate;event=World Karate Championships Men Kumite −60 kg;event_label=Kumite −60 kg;source_text=Hossein Rouhani Iran;entry_country=IRI;source_url=https://en.wikipedia.org/wiki/2006_World_Karate_Championships,10.0
world_karate_championships_2006_men_kumite-60-kg,world_karate_athlete_Gurban_Taghiyev_AZE,2,silver,discipline=Karate;event=World Karate Championships Men Kumite −60 kg;event_label=Kumite −60 kg;source_text=Gurban Taghiyev Azerbaijan;entry_country=AZE;source_url=https://en.wikipedia.org/wiki/2006_World_Karate_Championships,7.0
world_karate_championships_2006_men_kumite-60-kg,world_karate_athlete_Ibrahim_Khalifa_EGY,3,bronze,discipline=Karate;event=World Karate Championships Men Kumite −60 kg;event_label=Kumite −60 kg;source_text=Ibrahim Khalifa Egypt;entry_country=EGY;source_url=https://en.wikipedia.org/wiki/2006_World_Karate_Championships,5.0
world_karate_championships_2006_men_kumite-60-kg,world_karate_athlete_Montassar_Tabben_TUN,3,bronze,discipline=Karate;event=World Karate Championships Men Kumite −60 kg;event_label=Kumite −60 kg;source_text=Montassar Tabben Tunisia;entry_country=TUN;source_url=https://en.wikipedia.org/wiki/2006_World_Karate_Championships,5.0
world_karate_championships_2006_men_kumite-65-kg,world_karate_athlete_César_Castaño_ESP,1,gold,discipline=Karate;event=World Karate Championships Men Kumite −65 kg;event_label=Kumite −65 kg;source_text=César Castaño Spain;entry_country=ESP;source_url=https://en.wikipedia.org/wiki/2006_World_Karate_Championships,10.0
world_karate_championships_2006_men_kumite-65-kg,world_karate_athlete_Luis_Plumacher_VEN,2,silver,discipline=Karate;event=World Karate Championships Men Kumite −65 kg;event_label=Kumite −65 kg;source_text=Luis Plumacher Venezuela;entry_country=VEN;source_url=https://en.wikipedia.org/wiki/2006_World_Karate_Championships,7.0
world_karate_championships_2006_men_kumite-65-kg,world_karate_athlete_Marko_Lui_HRV,3,bronze,discipline=Karate;event=World Karate Championships Men Kumite −65 kg;event_label=Kumite −65 kg;source_text=Marko Lučić Croatia;entry_country=HRV;source_url=https://en.wikipedia.org/wiki/2006_World_Karate_Championships,5.0
world_karate_championships_2006_men_kumite-65-kg,world_karate_athlete_Donny_Dharmawan_IDN,3,bronze,discipline=Karate;event=World Karate Championships Men Kumite −65 kg;event_label=Kumite −65 kg;source_text=Donny Dharmawan Indonesia;entry_country=IDN;source_url=https://en.wikipedia.org/wiki/2006_World_Karate_Championships,5.0
world_karate_championships_2006_men_kumite-70-kg,world_karate_athlete_Rafael_Aghayev_AZE,1,gold,discipline=Karate;event=World Karate Championships Men Kumite −70 kg;event_label=Kumite −70 kg;source_text=Rafael Aghayev Azerbaijan;entry_country=AZE;source_url=https://en.wikipedia.org/wiki/2006_World_Karate_Championships,10.0
world_karate_championships_2006_men_kumite-70-kg,world_karate_athlete_Diego_Vandeschrick_BEL,2,silver,discipline=Karate;event=World Karate Championships Men Kumite −70 kg;event_label=Kumite −70 kg;source_text=Diego Vandeschrick Belgium;entry_country=BEL;source_url=https://en.wikipedia.org/wiki/2006_World_Karate_Championships,7.0
world_karate_championships_2006_men_kumite-70-kg,world_karate_athlete_Saeid_Farrokhi_IRI,3,bronze,discipline=Karate;event=World Karate Championships Men Kumite −70 kg;event_label=Kumite −70 kg;source_text=Saeid Farrokhi Iran;entry_country=IRI;source_url=https://en.wikipedia.org/wiki/2006_World_Karate_Championships,5.0
world_karate_championships_2006_men_kumite-70-kg,world_karate_athlete_Takuro_Nihei_JPN,3,bronze,discipline=Karate;event=World Karate Championships Men Kumite −70 kg;event_label=Kumite −70 kg;source_text=Takuro Nihei Japan;entry_country=JPN;source_url=https://en.wikipedia.org/wiki/2006_World_Karate_Championships,5.0
world_karate_championships_2006_men_kumite-75-kg,world_karate_athlete_Jasem_Vishkaei_IRI,1,gold,discipline=Karate;event=World Karate Championships Men Kumite −75 kg;event_label=Kumite −75 kg;source_text=Jasem Vishkaei Iran;entry_country=IRI;source_url=https://en.wikipedia.org/wiki/2006_World_Karate_Championships,10.0
world_karate_championships_2006_men_kumite-75-kg,world_karate_athlete_David_Santana_ESP,2,silver,discipline=Karate;event=World Karate Championships Men Kumite −75 kg;event_label=Kumite −75 kg;source_text=David Santana Spain;entry_country=ESP;source_url=https://en.wikipedia.org/wiki/2006_World_Karate_Championships,7.0
world_karate_championships_2006_men_kumite-75-kg,world_karate_athlete_El-Sayed_El-Feky_EGY,3,bronze,discipline=Karate;event=World Karate Championships Men Kumite −75 kg;event_label=Kumite −75 kg;source_text=El-Sayed El-Feky Egypt;entry_country=EGY;source_url=https://en.wikipedia.org/wiki/2006_World_Karate_Championships,5.0
world_karate_championships_2006_men_kumite-75-kg,world_karate_athlete_Ko_Matsuhisa_JPN,3,bronze,discipline=Karate;event=World Karate Championships Men Kumite −75 kg;event_label=Kumite −75 kg;source_text=Ko Matsuhisa Japan;entry_country=JPN;source_url=https://en.wikipedia.org/wiki/2006_World_Karate_Championships,5.0
world_karate_championships_2006_men_kumite-80-kg,world_karate_athlete_Luigi_Busà_ITA,1,gold,discipline=Karate;event=World Karate Championships Men Kumite −80 kg;event_label=Kumite −80 kg;source_text=Luigi Busà Italy;entry_country=ITA;source_url=https://en.wikipedia.org/wiki/2006_World_Karate_Championships,10.0
world_karate_championships_2006_men_kumite-80-kg,world_karate_athlete_Mohamed_Abdelrahman_EGY,2,silver,discipline=Karate;event=World Karate Championships Men Kumite −80 kg;event_label=Kumite −80 kg;source_text=Mohamed Abdelrahman Egypt;entry_country=EGY;source_url=https://en.wikipedia.org/wiki/2006_World_Karate_Championships,7.0
world_karate_championships_2006_men_kumite-80-kg,world_karate_athlete_Philippe_Poirier_CAN,3,bronze,discipline=Karate;event=World Karate Championships Men Kumite −80 kg;event_label=Kumite −80 kg;source_text=Philippe Poirier Canada;entry_country=CAN;source_url=https://en.wikipedia.org/wiki/2006_World_Karate_Championships,5.0
world_karate_championships_2006_men_kumite-80-kg,world_karate_athlete_Esmaeil_Torkzad_IRI,3,bronze,discipline=Karate;event=World Karate Championships Men Kumite −80 kg;event_label=Kumite −80 kg;source_text=Esmaeil Torkzad Iran;entry_country=IRI;source_url=https://en.wikipedia.org/wiki/2006_World_Karate_Championships,5.0
world_karate_championships_2006_men_kumite-open,world_karate_athlete_Stefano_Maniscalco_ITA,1,gold,discipline=Karate;event=World Karate Championships Men Kumite open;event_label=Kumite open;source_text=Stefano Maniscalco Italy;entry_country=ITA;source_url=https://en.wikipedia.org/wiki/2006_World_Karate_Championships,10.0
world_karate_championships_2006_men_kumite-open,world_karate_athlete_Daniël_Sabanovic_NLD,2,silver,discipline=Karate;event=World Karate Championships Men Kumite open;event_label=Kumite open;source_text=Daniël Sabanovic Netherlands;entry_country=NLD;source_url=https://en.wikipedia.org/wiki/2006_World_Karate_Championships,7.0
world_karate_championships_2006_men_kumite-open,world_karate_athlete_Iván_Leal_ESP,3,bronze,discipline=Karate;event=World Karate Championships Men Kumite open;event_label=Kumite open;source_text=Iván Leal Spain;entry_country=ESP;source_url=https://en.wikipedia.org/wiki/2006_World_Karate_Championships,5.0
world_karate_championships_2006_men_kumite-open,world_karate_athlete_Khalid_Khalidov_KAZ,3,bronze,discipline=Karate;event=World Karate Championships Men Kumite open;event_label=Kumite open;source_text=Khalid Khalidov Kazakhstan;entry_country=KAZ;source_url=https://en.wikipedia.org/wiki/2006_World_Karate_Championships,5.0
world_karate_championships_2006_men_kumite-plus80-kg,world_karate_athlete_Marko_Luhamaa_EST,1,gold,discipline=Karate;event=World Karate Championships Men Kumite +80 kg;event_label=Kumite +80 kg;source_text=Marko Luhamaa Estonia;entry_country=EST;source_url=https://en.wikipedia.org/wiki/2006_World_Karate_Championships,10.0
world_karate_championships_2006_men_kumite-plus80-kg,world_karate_athlete_Mohanad_Magdy_EGY,2,silver,discipline=Karate;event=World Karate Championships Men Kumite +80 kg;event_label=Kumite +80 kg;source_text=Mohanad Magdy Egypt;entry_country=EGY;source_url=https://en.wikipedia.org/wiki/2006_World_Karate_Championships,7.0
world_karate_championships_2006_men_kumite-plus80-kg,world_karate_athlete_Yann_Baillon_FRA,3,bronze,discipline=Karate;event=World Karate Championships Men Kumite +80 kg;event_label=Kumite +80 kg;source_text=Yann Baillon France;entry_country=FRA;source_url=https://en.wikipedia.org/wiki/2006_World_Karate_Championships,5.0
world_karate_championships_2006_men_kumite-plus80-kg,world_karate_athlete_Stefano_Maniscalco_ITA,3,bronze,discipline=Karate;event=World Karate Championships Men Kumite +80 kg;event_label=Kumite +80 kg;source_text=Stefano Maniscalco Italy;entry_country=ITA;source_url=https://en.wikipedia.org/wiki/2006_World_Karate_Championships,5.0
world_karate_championships_2006_men_team-kata,world_karate_team_Italy_Men_Team_kata_ITA,1,gold,discipline=Karate;event=World Karate Championships Men Team kata;event_label=Team kata;source_text=Italy Vincenzo Figuccio Lucio Maurino Luca Valdesi;entry_country=ITA;source_url=https://en.wikipedia.org/wiki/2006_World_Karate_Championships,10.0
world_karate_championships_2006_men_team-kata,world_karate_team_France_Men_Team_kata_FRA,2,silver,discipline=Karate;event=World Karate Championships Men Team kata;event_label=Team kata;source_text=France Julien Dupont Ayoub Neghliz Jonathan Plagnol;entry_country=FRA;source_url=https://en.wikipedia.org/wiki/2006_World_Karate_Championships,7.0
world_karate_championships_2006_men_team-kata,world_karate_team_Egypt_Men_Team_kata_EGY,3,bronze,discipline=Karate;event=World Karate Championships Men Team kata;event_label=Team kata;source_text=Egypt;entry_country=EGY;source_url=https://en.wikipedia.org/wiki/2006_World_Karate_Championships,5.0
world_karate_championships_2006_men_team-kata,world_karate_team_Japan_Men_Team_kata_JPN,3,bronze,discipline=Karate;event=World Karate Championships Men Team kata;event_label=Team kata;source_text=Japan;entry_country=JPN;source_url=https://en.wikipedia.org/wiki/2006_World_Karate_Championships,5.0
world_karate_championships_2006_men_team-kumite,world_karate_team_Spain_Men_Team_kumite_ESP,1,gold,discipline=Karate;event=World Karate Championships Men Team kumite;event_label=Team kumite;source_text=Spain Iván Leal Francisco Martínez Óscar Martínez Cristian Rodríguez Antonio Sánchez David Santana Óscar Vázquez;entry_country=ESP;source_url=https://en.wikipedia.org/wiki/2006_World_Karate_Championships,10.0
world_karate_championships_2006_men_team-kumite,world_karate_team_Bosnia_and_Herzegovina_Men_Team_kumite_BIH,2,silver,discipline=Karate;event=World Karate Championships Men Team kumite;event_label=Team kumite;source_text=Bosnia and Herzegovina;entry_country=BIH;source_url=https://en.wikipedia.org/wiki/2006_World_Karate_Championships,7.0
world_karate_championships_2006_men_team-kumite,world_karate_team_Egypt_Men_Team_kumite_EGY,3,bronze,discipline=Karate;event=World Karate Championships Men Team kumite;event_label=Team kumite;source_text=Egypt;entry_country=EGY;source_url=https://en.wikipedia.org/wiki/2006_World_Karate_Championships,5.0
world_karate_championships_2006_men_team-kumite,world_karate_team_England_Men_Team_kumite_ENG,3,bronze,discipline=Karate;event=World Karate Championships Men Team kumite;event_label=Team kumite;source_text=England;entry_country=ENG;source_url=https://en.wikipedia.org/wiki/2006_World_Karate_Championships,5.0
world_karate_championships_2006_women_kata,world_karate_athlete_Sara_Battaglia_ITA,1,gold,discipline=Karate;event=World Karate Championships Women Individual kata;event_label=Individual kata;source_text=Sara Battaglia Italy;entry_country=ITA;source_url=https://en.wikipedia.org/wiki/2006_World_Karate_Championships,10.0
world_karate_championships_2006_women_kata,world_karate_athlete_Nguyn_Hoàng_Ngân_VIE,2,silver,discipline=Karate;event=World Karate Championships Women Individual kata;event_label=Individual kata;source_text=Nguyễn Hoàng Ngân Vietnam;entry_country=VIE;source_url=https://en.wikipedia.org/wiki/2006_World_Karate_Championships,7.0
world_karate_championships_2006_women_kata,world_karate_athlete_Myriam_Szkudlarek_FRA,3,bronze,discipline=Karate;event=World Karate Championships Women Individual kata;event_label=Individual kata;source_text=Myriam Szkudlarek France;entry_country=FRA;source_url=https://en.wikipedia.org/wiki/2006_World_Karate_Championships,5.0
world_karate_championships_2006_women_kata,world_karate_athlete_Eimi_Kurita_USA,3,bronze,discipline=Karate;event=World Karate Championships Women Individual kata;event_label=Individual kata;source_text=Eimi Kurita United States;entry_country=USA;source_url=https://en.wikipedia.org/wiki/2006_World_Karate_Championships,5.0
world_karate_championships_2006_women_kumite-53-kg,world_karate_athlete_Tomoko_Araga_JPN,1,gold,discipline=Karate;event=World Karate Championships Women Kumite −53 kg;event_label=Kumite −53 kg;source_text=Tomoko Araga Japan;entry_country=JPN;source_url=https://en.wikipedia.org/wiki/2006_World_Karate_Championships,10.0
world_karate_championships_2006_women_kumite-53-kg,world_karate_athlete_Selene_Guglielmi_ITA,2,silver,discipline=Karate;event=World Karate Championships Women Kumite −53 kg;event_label=Kumite −53 kg;source_text=Selene Guglielmi Italy;entry_country=ITA;source_url=https://en.wikipedia.org/wiki/2006_World_Karate_Championships,7.0
world_karate_championships_2006_women_kumite-53-kg,world_karate_athlete_Kora_Knühmann_DEU,3,bronze,discipline=Karate;event=World Karate Championships Women Kumite −53 kg;event_label=Kumite −53 kg;source_text=Kora Knühmann Germany;entry_country=DEU;source_url=https://en.wikipedia.org/wiki/2006_World_Karate_Championships,5.0
world_karate_championships_2006_women_kumite-53-kg,world_karate_athlete_Heba_El-Sayed_EGY,3,bronze,discipline=Karate;event=World Karate Championships Women Kumite −53 kg;event_label=Kumite −53 kg;source_text=Heba El-Sayed Egypt;entry_country=EGY;source_url=https://en.wikipedia.org/wiki/2006_World_Karate_Championships,5.0
world_karate_championships_2006_women_kumite-60-kg,world_karate_athlete_Eva_Medveová_SVK,1,gold,discipline=Karate;event=World Karate Championships Women Kumite −60 kg;event_label=Kumite −60 kg;source_text=Eva Medveďová Slovakia;entry_country=SVK;source_url=https://en.wikipedia.org/wiki/2006_World_Karate_Championships,10.0
world_karate_championships_2006_women_kumite-60-kg,world_karate_athlete_Nassim_Varasteh_CAN,2,silver,discipline=Karate;event=World Karate Championships Women Kumite −60 kg;event_label=Kumite −60 kg;source_text=Nassim Varasteh Canada;entry_country=CAN;source_url=https://en.wikipedia.org/wiki/2006_World_Karate_Championships,7.0
world_karate_championships_2006_women_kumite-60-kg,world_karate_athlete_Diana_Schwab_CHE,3,bronze,discipline=Karate;event=World Karate Championships Women Kumite −60 kg;event_label=Kumite −60 kg;source_text=Diana Schwab Switzerland;entry_country=CHE;source_url=https://en.wikipedia.org/wiki/2006_World_Karate_Championships,5.0
world_karate_championships_2006_women_kumite-60-kg,world_karate_athlete_Yuka_Sato_JPN,3,bronze,discipline=Karate;event=World Karate Championships Women Kumite −60 kg;event_label=Kumite −60 kg;source_text=Yuka Sato Japan;entry_country=JPN;source_url=https://en.wikipedia.org/wiki/2006_World_Karate_Championships,5.0
world_karate_championships_2006_women_kumite-open,world_karate_athlete_Yldz_Aras_TUR,1,gold,discipline=Karate;event=World Karate Championships Women Kumite open;event_label=Kumite open;source_text=Yıldız Aras Turkey;entry_country=TUR;source_url=https://en.wikipedia.org/wiki/2006_World_Karate_Championships,10.0
world_karate_championships_2006_women_kumite-open,world_karate_athlete_Yadira_Lira_MEX,2,silver,discipline=Karate;event=World Karate Championships Women Kumite open;event_label=Kumite open;source_text=Yadira Lira Mexico;entry_country=MEX;source_url=https://en.wikipedia.org/wiki/2006_World_Karate_Championships,7.0
world_karate_championships_2006_women_kumite-open,world_karate_athlete_Claudia_Niu_ROU,3,bronze,discipline=Karate;event=World Karate Championships Women Kumite open;event_label=Kumite open;source_text=Claudia Niţu Romania;entry_country=ROU;source_url=https://en.wikipedia.org/wiki/2006_World_Karate_Championships,5.0
world_karate_championships_2006_women_kumite-open,world_karate_athlete_Sneana_Peri_SRB,3,bronze,discipline=Karate;event=World Karate Championships Women Kumite open;event_label=Kumite open;source_text=Snežana Perić Serbia;entry_country=SRB;source_url=https://en.wikipedia.org/wiki/2006_World_Karate_Championships,5.0
world_karate_championships_2006_women_kumite-plus60-kg,world_karate_athlete_Laurence_Fischer_FRA,1,gold,discipline=Karate;event=World Karate Championships Women Kumite +60 kg;event_label=Kumite +60 kg;source_text=Laurence Fischer France;entry_country=FRA;source_url=https://en.wikipedia.org/wiki/2006_World_Karate_Championships,10.0
world_karate_championships_2006_women_kumite-plus60-kg,world_karate_athlete_Ayaka_Arai_JPN,2,silver,discipline=Karate;event=World Karate Championships Women Kumite +60 kg;event_label=Kumite +60 kg;source_text=Ayaka Arai Japan;entry_country=JPN;source_url=https://en.wikipedia.org/wiki/2006_World_Karate_Championships,7.0
world_karate_championships_2006_women_kumite-plus60-kg,world_karate_athlete_Jessica_Bratich_AUS,3,bronze,discipline=Karate;event=World Karate Championships Women Kumite +60 kg;event_label=Kumite +60 kg;source_text=Jessica Bratich Australia;entry_country=AUS;source_url=https://en.wikipedia.org/wiki/2006_World_Karate_Championships,5.0
world_karate_championships_2006_women_kumite-plus60-kg,world_karate_athlete_Tamara_Filipovi_SRB,3,bronze,discipline=Karate;event=World Karate Championships Women Kumite +60 kg;event_label=Kumite +60 kg;source_text=Tamara Filipović Serbia;entry_country=SRB;source_url=https://en.wikipedia.org/wiki/2006_World_Karate_Championships,5.0
world_karate_championships_2006_women_team-kata,world_karate_team_France_Women_Team_kata_FRA,1,gold,discipline=Karate;event=World Karate Championships Women Team kata;event_label=Team kata;source_text=France Jessica Buil Sabrina Buil Laëtitia Guesnel;entry_country=FRA;source_url=https://en.wikipedia.org/wiki/2006_World_Karate_Championships,10.0
world_karate_championships_2006_women_team-kata,world_karate_team_Japan_Women_Team_kata_JPN,2,silver,discipline=Karate;event=World Karate Championships Women Team kata;event_label=Team kata;source_text=Japan;entry_country=JPN;source_url=https://en.wikipedia.org/wiki/2006_World_Karate_Championships,7.0
world_karate_championships_2006_women_team-kata,world_karate_team_Spain_Women_Team_kata_ESP,3,bronze,discipline=Karate;event=World Karate Championships Women Team kata;event_label=Team kata;source_text=Spain Miriam Cogolludo Ruth Jiménez Almudena Muñoz;entry_country=ESP;source_url=https://en.wikipedia.org/wiki/2006_World_Karate_Championships,5.0
world_karate_championships_2006_women_team-kata,world_karate_team_Peru_Women_Team_kata_PER,3,bronze,discipline=Karate;event=World Karate Championships Women Team kata;event_label=Team kata;source_text=Peru;entry_country=PER;source_url=https://en.wikipedia.org/wiki/2006_World_Karate_Championships,5.0
world_karate_championships_2006_women_team-kumite,world_karate_team_Japan_Women_Team_kumite_JPN,1,gold,discipline=Karate;event=World Karate Championships Women Team kumite;event_label=Team kumite;source_text=Japan;entry_country=JPN;source_url=https://en.wikipedia.org/wiki/2006_World_Karate_Championships,10.0
world_karate_championships_2006_women_team-kumite,world_karate_team_Spain_Women_Team_kumite_ESP,2,silver,discipline=Karate;event=World Karate Championships Women Team kumite;event_label=Team kumite;source_text=Spain Gloria Casanova Irene Colomar Cristina Feo Lucía Zamora;entry_country=ESP;source_url=https://en.wikipedia.org/wiki/2006_World_Karate_Championships,7.0
world_karate_championships_2006_women_team-kumite,world_karate_team_Switzerland_Women_Team_kumite_CHE,3,bronze,discipline=Karate;event=World Karate Championships Women Team kumite;event_label=Team kumite;source_text=Switzerland Fanny Clavien Reta Duverney Marilena Rubini Diana Schwab;entry_country=CHE;source_url=https://en.wikipedia.org/wiki/2006_World_Karate_Championships,5.0
world_karate_championships_2006_women_team-kumite,world_karate_team_Germany_Women_Team_kumite_DEU,3,bronze,discipline=Karate;event=World Karate Championships Women Team kumite;event_label=Team kumite;source_text=Germany Jeannine Herrgesell Kora Knühmann Silvia Sperner Nadine Ziemer;entry_country=DEU;source_url=https://en.wikipedia.org/wiki/2006_World_Karate_Championships,5.0
world_karate_championships_2008_men_kata,world_karate_athlete_Luca_Valdesi_ITA,1,gold,discipline=Karate;event=World Karate Championships Men Individual kata;event_label=Individual kata;source_text=Luca Valdesi Italy;entry_country=ITA;source_url=https://en.wikipedia.org/wiki/2008_World_Karate_Championships,10.0
world_karate_championships_2008_men_kata,world_karate_athlete_Antonio_Díaz_VEN,2,silver,discipline=Karate;event=World Karate Championships Men Individual kata;event_label=Individual kata;source_text=Antonio Díaz Venezuela;entry_country=VEN;source_url=https://en.wikipedia.org/wiki/2008_World_Karate_Championships,7.0
world_karate_championships_2008_men_kata,world_karate_athlete_Mustafa_Ibrahim_EGY,3,bronze,discipline=Karate;event=World Karate Championships Men Individual kata;event_label=Individual kata;source_text=Mustafa Ibrahim Egypt;entry_country=EGY;source_url=https://en.wikipedia.org/wiki/2008_World_Karate_Championships,5.0
world_karate_championships_2008_men_kata,world_karate_athlete_Vu_Duc_Minh_Dack_FRA,3,bronze,discipline=Karate;event=World Karate Championships Men Individual kata;event_label=Individual kata;source_text=Vu Duc Minh Dack France;entry_country=FRA;source_url=https://en.wikipedia.org/wiki/2008_World_Karate_Championships,5.0
world_karate_championships_2008_men_kumite-60-kg,world_karate_athlete_Danil_Domdjoni_HRV,1,gold,discipline=Karate;event=World Karate Championships Men Kumite −60 kg;event_label=Kumite −60 kg;source_text=Danil Domdjoni Croatia;entry_country=HRV;source_url=https://en.wikipedia.org/wiki/2008_World_Karate_Championships,10.0
world_karate_championships_2008_men_kumite-60-kg,world_karate_athlete_Darkhan_Assadilov_KAZ,2,silver,discipline=Karate;event=World Karate Championships Men Kumite −60 kg;event_label=Kumite −60 kg;source_text=Darkhan Assadilov Kazakhstan;entry_country=KAZ;source_url=https://en.wikipedia.org/wiki/2008_World_Karate_Championships,7.0
world_karate_championships_2008_men_kumite-60-kg,world_karate_athlete_Douglas_Brose_BRA,3,bronze,discipline=Karate;event=World Karate Championships Men Kumite −60 kg;event_label=Kumite −60 kg;source_text=Douglas Brose Brazil;entry_country=BRA;source_url=https://en.wikipedia.org/wiki/2008_World_Karate_Championships,5.0
world_karate_championships_2008_men_kumite-60-kg,world_karate_athlete_Hossein_Rouhani_IRI,3,bronze,discipline=Karate;event=World Karate Championships Men Kumite −60 kg;event_label=Kumite −60 kg;source_text=Hossein Rouhani Iran;entry_country=IRI;source_url=https://en.wikipedia.org/wiki/2008_World_Karate_Championships,5.0
world_karate_championships_2008_men_kumite-65-kg,world_karate_athlete_George_Kotaka_USA,1,gold,discipline=Karate;event=World Karate Championships Men Kumite −65 kg;event_label=Kumite −65 kg;source_text=George Kotaka United States;entry_country=USA;source_url=https://en.wikipedia.org/wiki/2008_World_Karate_Championships,10.0
world_karate_championships_2008_men_kumite-65-kg,world_karate_athlete_Ádám_Kovács_HUN,2,silver,discipline=Karate;event=World Karate Championships Men Kumite −65 kg;event_label=Kumite −65 kg;source_text=Ádám Kovács Hungary;entry_country=HUN;source_url=https://en.wikipedia.org/wiki/2008_World_Karate_Championships,7.0
world_karate_championships_2008_men_kumite-65-kg,world_karate_athlete_William_Rollé_FRA,3,bronze,discipline=Karate;event=World Karate Championships Men Kumite −65 kg;event_label=Kumite −65 kg;source_text=William Rollé France;entry_country=FRA;source_url=https://en.wikipedia.org/wiki/2008_World_Karate_Championships,5.0
world_karate_championships_2008_men_kumite-65-kg,world_karate_athlete_Takuro_Nihei_JPN,3,bronze,discipline=Karate;event=World Karate Championships Men Kumite −65 kg;event_label=Kumite −65 kg;source_text=Takuro Nihei Japan;entry_country=JPN;source_url=https://en.wikipedia.org/wiki/2008_World_Karate_Championships,5.0
world_karate_championships_2008_men_kumite-70-kg,world_karate_athlete_Rafael_Aghayev_AZE,1,gold,discipline=Karate;event=World Karate Championships Men Kumite −70 kg;event_label=Kumite −70 kg;source_text=Rafael Aghayev Azerbaijan;entry_country=AZE;source_url=https://en.wikipedia.org/wiki/2008_World_Karate_Championships,10.0
world_karate_championships_2008_men_kumite-70-kg,world_karate_athlete_Tamer_Abdelraouf_EGY,2,silver,discipline=Karate;event=World Karate Championships Men Kumite −70 kg;event_label=Kumite −70 kg;source_text=Tamer Abdelraouf Egypt;entry_country=EGY;source_url=https://en.wikipedia.org/wiki/2008_World_Karate_Championships,7.0
world_karate_championships_2008_men_kumite-70-kg,world_karate_athlete_Saeed_Baghbani_CAN,3,bronze,discipline=Karate;event=World Karate Championships Men Kumite −70 kg;event_label=Kumite −70 kg;source_text=Saeed Baghbani Canada;entry_country=CAN;source_url=https://en.wikipedia.org/wiki/2008_World_Karate_Championships,5.0
world_karate_championships_2008_men_kumite-70-kg,world_karate_athlete_Shinji_Nagaki_JPN,3,bronze,discipline=Karate;event=World Karate Championships Men Kumite −70 kg;event_label=Kumite −70 kg;source_text=Shinji Nagaki Japan;entry_country=JPN;source_url=https://en.wikipedia.org/wiki/2008_World_Karate_Championships,5.0
world_karate_championships_2008_men_kumite-75-kg,world_karate_athlete_David_Dubó_CHL,1,gold,discipline=Karate;event=World Karate Championships Men Kumite −75 kg;event_label=Kumite −75 kg;source_text=David Dubó Chile;entry_country=CHL;source_url=https://en.wikipedia.org/wiki/2008_World_Karate_Championships,10.0
world_karate_championships_2008_men_kumite-75-kg,world_karate_athlete_Müslüm_Batürk_TUR,2,silver,discipline=Karate;event=World Karate Championships Men Kumite −75 kg;event_label=Kumite −75 kg;source_text=Müslüm Baştürk Turkey;entry_country=TUR;source_url=https://en.wikipedia.org/wiki/2008_World_Karate_Championships,7.0
world_karate_championships_2008_men_kumite-75-kg,world_karate_athlete_Mohamed_Abdelrahman_EGY,3,bronze,discipline=Karate;event=World Karate Championships Men Kumite −75 kg;event_label=Kumite −75 kg;source_text=Mohamed Abdelrahman Egypt;entry_country=EGY;source_url=https://en.wikipedia.org/wiki/2008_World_Karate_Championships,5.0
world_karate_championships_2008_men_kumite-75-kg,world_karate_athlete_Ko_Matsuhisa_JPN,3,bronze,discipline=Karate;event=World Karate Championships Men Kumite −75 kg;event_label=Kumite −75 kg;source_text=Ko Matsuhisa Japan;entry_country=JPN;source_url=https://en.wikipedia.org/wiki/2008_World_Karate_Championships,5.0
world_karate_championships_2008_men_kumite-80-kg,world_karate_athlete_Satoshi_Ibuchi_JPN,1,gold,discipline=Karate;event=World Karate Championships Men Kumite −80 kg;event_label=Kumite −80 kg;source_text=Satoshi Ibuchi Japan;entry_country=JPN;source_url=https://en.wikipedia.org/wiki/2008_World_Karate_Championships,10.0
world_karate_championships_2008_men_kumite-80-kg,world_karate_athlete_Islamutdin_Eldaruchev_RUS,2,silver,discipline=Karate;event=World Karate Championships Men Kumite −80 kg;event_label=Kumite −80 kg;source_text=Islamutdin Eldaruchev Russia;entry_country=RUS;source_url=https://en.wikipedia.org/wiki/2008_World_Karate_Championships,7.0
world_karate_championships_2008_men_kumite-80-kg,world_karate_athlete_Hany_Shakr_EGY,3,bronze,discipline=Karate;event=World Karate Championships Men Kumite −80 kg;event_label=Kumite −80 kg;source_text=Hany Shakr Egypt;entry_country=EGY;source_url=https://en.wikipedia.org/wiki/2008_World_Karate_Championships,5.0
world_karate_championships_2008_men_kumite-80-kg,world_karate_athlete_Alibek_Prenov_KAZ,3,bronze,discipline=Karate;event=World Karate Championships Men Kumite −80 kg;event_label=Kumite −80 kg;source_text=Alibek Prenov Kazakhstan;entry_country=KAZ;source_url=https://en.wikipedia.org/wiki/2008_World_Karate_Championships,5.0
world_karate_championships_2008_men_kumite-open,world_karate_athlete_Rafael_Aghayev_AZE,1,gold,discipline=Karate;event=World Karate Championships Men Kumite open;event_label=Kumite open;source_text=Rafael Aghayev Azerbaijan;entry_country=AZE;source_url=https://en.wikipedia.org/wiki/2008_World_Karate_Championships,10.0
world_karate_championships_2008_men_kumite-open,world_karate_athlete_Spyridon_Margaritopoulos_GRC,2,silver,discipline=Karate;event=World Karate Championships Men Kumite open;event_label=Kumite open;source_text=Spyridon Margaritopoulos Greece;entry_country=GRC;source_url=https://en.wikipedia.org/wiki/2008_World_Karate_Championships,7.0
world_karate_championships_2008_men_kumite-open,world_karate_athlete_Gogita_Arkania_GEO,3,bronze,discipline=Karate;event=World Karate Championships Men Kumite open;event_label=Kumite open;source_text=Gogita Arkania Georgia;entry_country=GEO;source_url=https://en.wikipedia.org/wiki/2008_World_Karate_Championships,5.0
world_karate_championships_2008_men_kumite-open,world_karate_athlete_Stefano_Maniscalco_ITA,3,bronze,discipline=Karate;event=World Karate Championships Men Kumite open;event_label=Kumite open;source_text=Stefano Maniscalco Italy;entry_country=ITA;source_url=https://en.wikipedia.org/wiki/2008_World_Karate_Championships,5.0
world_karate_championships_2008_men_kumite-plus80-kg,world_karate_athlete_Stefano_Maniscalco_ITA,1,gold,discipline=Karate;event=World Karate Championships Men Kumite +80 kg;event_label=Kumite +80 kg;source_text=Stefano Maniscalco Italy;entry_country=ITA;source_url=https://en.wikipedia.org/wiki/2008_World_Karate_Championships,10.0
world_karate_championships_2008_men_kumite-plus80-kg,world_karate_athlete_Ibrahim_Gary_FRA,2,silver,discipline=Karate;event=World Karate Championships Men Kumite +80 kg;event_label=Kumite +80 kg;source_text=Ibrahim Gary France;entry_country=FRA;source_url=https://en.wikipedia.org/wiki/2008_World_Karate_Championships,7.0
world_karate_championships_2008_men_kumite-plus80-kg,world_karate_athlete_Jonathan_Horne_DEU,3,bronze,discipline=Karate;event=World Karate Championships Men Kumite +80 kg;event_label=Kumite +80 kg;source_text=Jonathan Horne Germany;entry_country=DEU;source_url=https://en.wikipedia.org/wiki/2008_World_Karate_Championships,5.0
world_karate_championships_2008_men_kumite-plus80-kg,world_karate_athlete_Calum_Robb_SCO,3,bronze,discipline=Karate;event=World Karate Championships Men Kumite +80 kg;event_label=Kumite +80 kg;source_text=Calum Robb Scotland;entry_country=SCO;source_url=https://en.wikipedia.org/wiki/2008_World_Karate_Championships,5.0
world_karate_championships_2008_men_team-kata,world_karate_team_France_Men_Team_kata_FRA,1,gold,discipline=Karate;event=World Karate Championships Men Team kata;event_label=Team kata;source_text=France Julien Dupont Ayoub Neghliz Jonathan Plagnol;entry_country=FRA;source_url=https://en.wikipedia.org/wiki/2008_World_Karate_Championships,10.0
world_karate_championships_2008_men_team-kata,world_karate_team_Japan_Men_Team_kata_JPN,2,silver,discipline=Karate;event=World Karate Championships Men Team kata;event_label=Team kata;source_text=Japan;entry_country=JPN;source_url=https://en.wikipedia.org/wiki/2008_World_Karate_Championships,7.0
world_karate_championships_2008_men_team-kata,world_karate_team_Italy_Men_Team_kata_ITA,3,bronze,discipline=Karate;event=World Karate Championships Men Team kata;event_label=Team kata;source_text=Italy Vincenzo Figuccio Lucio Maurino Luca Valdesi;entry_country=ITA;source_url=https://en.wikipedia.org/wiki/2008_World_Karate_Championships,5.0
world_karate_championships_2008_men_team-kata,world_karate_team_Peru_Men_Team_kata_PER,3,bronze,discipline=Karate;event=World Karate Championships Men Team kata;event_label=Team kata;source_text=Peru Jimmy Moreno Akio Tamashiro Hafid Zevallos;entry_country=PER;source_url=https://en.wikipedia.org/wiki/2008_World_Karate_Championships,5.0
world_karate_championships_2008_men_team-kumite,world_karate_team_Türkiye_Men_Team_kumite_TUR,1,gold,discipline=Karate;event=World Karate Championships Men Team kumite;event_label=Team kumite;source_text=Turkey Okay Arpa Yusuf Başer Müslüm Baştürk Zeki Demir Yücel Dündoğdu Murat Salih Kurnaz Yaser Şahintekin;entry_country=TUR;source_url=https://en.wikipedia.org/wiki/2008_World_Karate_Championships,10.0
world_karate_championships_2008_men_team-kumite,world_karate_team_Serbia_Men_Team_kumite_SRB,2,silver,discipline=Karate;event=World Karate Championships Men Team kumite;event_label=Team kumite;source_text=Serbia Slobodan Bitević Stefan Ivanović Dimitrije Jerković Miloš Jovanović Vladan Rudić Vranić Dejan Umičević Miloš Živković;entry_country=SRB;source_url=https://en.wikipedia.org/wiki/2008_World_Karate_Championships,7.0
world_karate_championships_2008_men_team-kumite,world_karate_team_Egypt_Men_Team_kumite_EGY,3,bronze,discipline=Karate;event=World Karate Championships Men Team kumite;event_label=Team kumite;source_text=Egypt;entry_country=EGY;source_url=https://en.wikipedia.org/wiki/2008_World_Karate_Championships,5.0
world_karate_championships_2008_men_team-kumite,world_karate_team_Spain_Men_Team_kumite_ESP,3,bronze,discipline=Karate;event=World Karate Championships Men Team kumite;event_label=Team kumite;source_text=Spain Iván Leal Adrián Martínez Francisco Martínez Óscar Martínez Cristian Rodríguez Antonio Sánchez Óscar Vázquez;entry_country=ESP;source_url=https://en.wikipedia.org/wiki/2008_World_Karate_Championships,5.0
world_karate_championships_2008_women_kata,world_karate_athlete_Nguyn_Hoàng_Ngân_VIE,1,gold,discipline=Karate;event=World Karate Championships Women Individual kata;event_label=Individual kata;source_text=Nguyễn Hoàng Ngân Vietnam;entry_country=VIE;source_url=https://en.wikipedia.org/wiki/2008_World_Karate_Championships,10.0
world_karate_championships_2008_women_kata,world_karate_athlete_Sara_Battaglia_ITA,2,silver,discipline=Karate;event=World Karate Championships Women Individual kata;event_label=Individual kata;source_text=Sara Battaglia Italy;entry_country=ITA;source_url=https://en.wikipedia.org/wiki/2008_World_Karate_Championships,7.0
world_karate_championships_2008_women_kata,world_karate_athlete_Kasuga_Wakabayashi_JPN,3,bronze,discipline=Karate;event=World Karate Championships Women Individual kata;event_label=Individual kata;source_text=Kasuga Wakabayashi Japan;entry_country=JPN;source_url=https://en.wikipedia.org/wiki/2008_World_Karate_Championships,5.0
world_karate_championships_2008_women_kata,world_karate_athlete_Marija_Madarevi_SRB,3,bronze,discipline=Karate;event=World Karate Championships Women Individual kata;event_label=Individual kata;source_text=Marija Madžarević Serbia;entry_country=SRB;source_url=https://en.wikipedia.org/wiki/2008_World_Karate_Championships,5.0
world_karate_championships_2008_women_kumite-53-kg,world_karate_athlete_Natsuki_Fujiwara_JPN,1,gold,discipline=Karate;event=World Karate Championships Women Kumite −53 kg;event_label=Kumite −53 kg;source_text=Natsuki Fujiwara Japan;entry_country=JPN;source_url=https://en.wikipedia.org/wiki/2008_World_Karate_Championships,10.0
world_karate_championships_2008_women_kumite-53-kg,world_karate_athlete_Kora_Knühmann_DEU,2,silver,discipline=Karate;event=World Karate Championships Women Kumite −53 kg;event_label=Kumite −53 kg;source_text=Kora Knühmann Germany;entry_country=DEU;source_url=https://en.wikipedia.org/wiki/2008_World_Karate_Championships,7.0
world_karate_championships_2008_women_kumite-53-kg,world_karate_athlete_Elena_Ponomareva_RUS,3,bronze,discipline=Karate;event=World Karate Championships Women Kumite −53 kg;event_label=Kumite −53 kg;source_text=Elena Ponomareva Russia;entry_country=RUS;source_url=https://en.wikipedia.org/wiki/2008_World_Karate_Championships,5.0
world_karate_championships_2008_women_kumite-53-kg,world_karate_athlete_Gülderen_Çelik_TUR,3,bronze,discipline=Karate;event=World Karate Championships Women Kumite −53 kg;event_label=Kumite −53 kg;source_text=Gülderen Çelik Turkey;entry_country=TUR;source_url=https://en.wikipedia.org/wiki/2008_World_Karate_Championships,5.0
world_karate_championships_2008_women_kumite-60-kg,world_karate_athlete_Maria_Sobol_RUS,1,gold,discipline=Karate;event=World Karate Championships Women Kumite −60 kg;event_label=Kumite −60 kg;source_text=Maria Sobol Russia;entry_country=RUS;source_url=https://en.wikipedia.org/wiki/2008_World_Karate_Championships,10.0
world_karate_championships_2008_women_kumite-60-kg,world_karate_athlete_Nassim_Varasteh_CAN,2,silver,discipline=Karate;event=World Karate Championships Women Kumite −60 kg;event_label=Kumite −60 kg;source_text=Nassim Varasteh Canada;entry_country=CAN;source_url=https://en.wikipedia.org/wiki/2008_World_Karate_Championships,7.0
world_karate_championships_2008_women_kumite-60-kg,world_karate_athlete_Katarina_Strika_SRB,3,bronze,discipline=Karate;event=World Karate Championships Women Kumite −60 kg;event_label=Kumite −60 kg;source_text=Katarina Strika Serbia;entry_country=SRB;source_url=https://en.wikipedia.org/wiki/2008_World_Karate_Championships,5.0
world_karate_championships_2008_women_kumite-60-kg,world_karate_athlete_Vildan_Doan_TUR,3,bronze,discipline=Karate;event=World Karate Championships Women Kumite −60 kg;event_label=Kumite −60 kg;source_text=Vildan Doğan Turkey;entry_country=TUR;source_url=https://en.wikipedia.org/wiki/2008_World_Karate_Championships,5.0
world_karate_championships_2008_women_kumite-open,world_karate_athlete_Yuka_Sato_JPN,1,gold,discipline=Karate;event=World Karate Championships Women Kumite open;event_label=Kumite open;source_text=Yuka Sato Japan;entry_country=JPN;source_url=https://en.wikipedia.org/wiki/2008_World_Karate_Championships,10.0
world_karate_championships_2008_women_kumite-open,world_karate_athlete_Gloria_Casanova_ESP,2,silver,discipline=Karate;event=World Karate Championships Women Kumite open;event_label=Kumite open;source_text=Gloria Casanova Spain;entry_country=ESP;source_url=https://en.wikipedia.org/wiki/2008_World_Karate_Championships,7.0
world_karate_championships_2008_women_kumite-open,world_karate_athlete_Ema_Anii_HRV,3,bronze,discipline=Karate;event=World Karate Championships Women Kumite open;event_label=Kumite open;source_text=Ema Aničić Croatia;entry_country=HRV;source_url=https://en.wikipedia.org/wiki/2008_World_Karate_Championships,5.0
world_karate_championships_2008_women_kumite-open,world_karate_athlete_Eva_Tulejová-Medveová_SVK,3,bronze,discipline=Karate;event=World Karate Championships Women Kumite open;event_label=Kumite open;source_text=Eva Tulejová-Medveďová Slovakia;entry_country=SVK;source_url=https://en.wikipedia.org/wiki/2008_World_Karate_Championships,5.0
world_karate_championships_2008_women_kumite-plus60-kg,world_karate_athlete_Tiffany_Fanjat_FRA,1,gold,discipline=Karate;event=World Karate Championships Women Kumite +60 kg;event_label=Kumite +60 kg;source_text=Tiffany Fanjat France;entry_country=FRA;source_url=https://en.wikipedia.org/wiki/2008_World_Karate_Championships,10.0
world_karate_championships_2008_women_kumite-plus60-kg,world_karate_athlete_Elisa_Au-Fonseca_USA,2,silver,discipline=Karate;event=World Karate Championships Women Kumite +60 kg;event_label=Kumite +60 kg;source_text=Elisa Au-Fonseca United States;entry_country=USA;source_url=https://en.wikipedia.org/wiki/2008_World_Karate_Championships,7.0
world_karate_championships_2008_women_kumite-plus60-kg,world_karate_athlete_Cristina_Feo_ESP,3,bronze,discipline=Karate;event=World Karate Championships Women Kumite +60 kg;event_label=Kumite +60 kg;source_text=Cristina Feo Spain;entry_country=ESP;source_url=https://en.wikipedia.org/wiki/2008_World_Karate_Championships,5.0
world_karate_championships_2008_women_kumite-plus60-kg,world_karate_athlete_Evgenia_Podborodnikova_RUS,3,bronze,discipline=Karate;event=World Karate Championships Women Kumite +60 kg;event_label=Kumite +60 kg;source_text=Evgenia Podborodnikova Russia;entry_country=RUS;source_url=https://en.wikipedia.org/wiki/2008_World_Karate_Championships,5.0
world_karate_championships_2008_women_team-kata,world_karate_team_Japan_Women_Team_kata_JPN,1,gold,discipline=Karate;event=World Karate Championships Women Team kata;event_label=Team kata;source_text=Japan;entry_country=JPN;source_url=https://en.wikipedia.org/wiki/2008_World_Karate_Championships,10.0
world_karate_championships_2008_women_team-kata,world_karate_team_France_Women_Team_kata_FRA,2,silver,discipline=Karate;event=World Karate Championships Women Team kata;event_label=Team kata;source_text=France Clotilde Boulanger Céline Chevalier Sonia Fiuza;entry_country=FRA;source_url=https://en.wikipedia.org/wiki/2008_World_Karate_Championships,7.0
world_karate_championships_2008_women_team-kata,world_karate_team_Spain_Women_Team_kata_ESP,3,bronze,discipline=Karate;event=World Karate Championships Women Team kata;event_label=Team kata;source_text=Spain Fátima de Acuña Ruth Jiménez Almudena Muñoz;entry_country=ESP;source_url=https://en.wikipedia.org/wiki/2008_World_Karate_Championships,5.0
world_karate_championships_2008_women_team-kata,world_karate_team_Italy_Women_Team_kata_ITA,3,bronze,discipline=Karate;event=World Karate Championships Women Team kata;event_label=Team kata;source_text=Italy Sara Battaglia Viviana Bottaro Samantha Piccolo;entry_country=ITA;source_url=https://en.wikipedia.org/wiki/2008_World_Karate_Championships,5.0
world_karate_championships_2008_women_team-kumite,world_karate_team_Germany_Women_Team_kumite_DEU,1,gold,discipline=Karate;event=World Karate Championships Women Team kumite;event_label=Team kumite;source_text=Germany Yasmina Benadda Kora Knühmann Silvia Sperner Maria Weiß;entry_country=DEU;source_url=https://en.wikipedia.org/wiki/2008_World_Karate_Championships,10.0
world_karate_championships_2008_women_team-kumite,world_karate_team_Spain_Women_Team_kumite_ESP,2,silver,discipline=Karate;event=World Karate Championships Women Team kumite;event_label=Team kumite;source_text=Spain Gloria Casanova Irene Colomar Cristina Feo Carmen Vicente;entry_country=ESP;source_url=https://en.wikipedia.org/wiki/2008_World_Karate_Championships,7.0
world_karate_championships_2008_women_team-kumite,world_karate_team_France_Women_Team_kumite_FRA,3,bronze,discipline=Karate;event=World Karate Championships Women Team kumite;event_label=Team kumite;source_text=France Nadège Ait-Ibrahim Tiffany Fanjat Alexandra Recchia Ruth Soufflet;entry_country=FRA;source_url=https://en.wikipedia.org/wiki/2008_World_Karate_Championships,5.0
world_karate_championships_2008_women_team-kumite,world_karate_team_Italy_Women_Team_kumite_ITA,3,bronze,discipline=Karate;event=World Karate Championships Women Team kumite;event_label=Team kumite;source_text=Italy Selene Guglielmi Roberta Minet Laura Pasqua Greta Vitelli;entry_country=ITA;source_url=https://en.wikipedia.org/wiki/2008_World_Karate_Championships,5.0
world_karate_championships_2010_men_kata,world_karate_athlete_Antonio_Díaz_VEN,1,gold,discipline=Karate;event=World Karate Championships Men Individual kata;event_label=Individual kata;source_text=Antonio Díaz Venezuela;entry_country=VEN;source_url=https://en.wikipedia.org/wiki/2010_World_Karate_Championships,10.0
world_karate_championships_2010_men_kata,world_karate_athlete_Luca_Valdesi_ITA,2,silver,discipline=Karate;event=World Karate Championships Men Individual kata;event_label=Individual kata;source_text=Luca Valdesi Italy;entry_country=ITA;source_url=https://en.wikipedia.org/wiki/2010_World_Karate_Championships,7.0
world_karate_championships_2010_men_kata,world_karate_athlete_Itaru_Oki_JPN,3,bronze,discipline=Karate;event=World Karate Championships Men Individual kata;event_label=Individual kata;source_text=Itaru Oki Japan;entry_country=JPN;source_url=https://en.wikipedia.org/wiki/2010_World_Karate_Championships,5.0
world_karate_championships_2010_men_kata,world_karate_athlete_Akio_Tamashiro_PER,3,bronze,discipline=Karate;event=World Karate Championships Men Individual kata;event_label=Individual kata;source_text=Akio Tamashiro Peru;entry_country=PER;source_url=https://en.wikipedia.org/wiki/2010_World_Karate_Championships,5.0
world_karate_championships_2010_men_kumite-60-kg,world_karate_athlete_Douglas_Brose_BRA,1,gold,discipline=Karate;event=World Karate Championships Men Kumite −60 kg;event_label=Kumite −60 kg;source_text=Douglas Brose Brazil;entry_country=BRA;source_url=https://en.wikipedia.org/wiki/2010_World_Karate_Championships,10.0
world_karate_championships_2010_men_kumite-60-kg,world_karate_athlete_Michele_Giuliani_ITA,2,silver,discipline=Karate;event=World Karate Championships Men Kumite −60 kg;event_label=Kumite −60 kg;source_text=Michele Giuliani Italy;entry_country=ITA;source_url=https://en.wikipedia.org/wiki/2010_World_Karate_Championships,7.0
world_karate_championships_2010_men_kumite-60-kg,world_karate_athlete_Matías_Gómez_ESP,3,bronze,discipline=Karate;event=World Karate Championships Men Kumite −60 kg;event_label=Kumite −60 kg;source_text=Matías Gómez Spain;entry_country=ESP;source_url=https://en.wikipedia.org/wiki/2010_World_Karate_Championships,5.0
world_karate_championships_2010_men_kumite-60-kg,world_karate_athlete_Kalvis_Kalni_LVA,3,bronze,discipline=Karate;event=World Karate Championships Men Kumite −60 kg;event_label=Kumite −60 kg;source_text=Kalvis Kalniņš Latvia;entry_country=LVA;source_url=https://en.wikipedia.org/wiki/2010_World_Karate_Championships,5.0
world_karate_championships_2010_men_kumite-67-kg,world_karate_athlete_Dimitrios_Triantafyllis_GRC,1,gold,discipline=Karate;event=World Karate Championships Men Kumite −67 kg;event_label=Kumite −67 kg;source_text=Dimitrios Triantafyllis Greece;entry_country=GRC;source_url=https://en.wikipedia.org/wiki/2010_World_Karate_Championships,10.0
world_karate_championships_2010_men_kumite-67-kg,world_karate_athlete_Hamed_Ziksari_IRI,2,silver,discipline=Karate;event=World Karate Championships Men Kumite −67 kg;event_label=Kumite −67 kg;source_text=Hamed Ziksari Iran;entry_country=IRI;source_url=https://en.wikipedia.org/wiki/2010_World_Karate_Championships,7.0
world_karate_championships_2010_men_kumite-67-kg,world_karate_athlete_Ádám_Kovács_HUN,3,bronze,discipline=Karate;event=World Karate Championships Men Kumite −67 kg;event_label=Kumite −67 kg;source_text=Ádám Kovács Hungary;entry_country=HUN;source_url=https://en.wikipedia.org/wiki/2010_World_Karate_Championships,5.0
world_karate_championships_2010_men_kumite-67-kg,world_karate_athlete_Shinji_Nagaki_JPN,3,bronze,discipline=Karate;event=World Karate Championships Men Kumite −67 kg;event_label=Kumite −67 kg;source_text=Shinji Nagaki Japan;entry_country=JPN;source_url=https://en.wikipedia.org/wiki/2010_World_Karate_Championships,5.0
world_karate_championships_2010_men_kumite-75-kg,world_karate_athlete_Rafael_Aghayev_AZE,1,gold,discipline=Karate;event=World Karate Championships Men Kumite −75 kg;event_label=Kumite −75 kg;source_text=Rafael Aghayev Azerbaijan;entry_country=AZE;source_url=https://en.wikipedia.org/wiki/2010_World_Karate_Championships,10.0
world_karate_championships_2010_men_kumite-75-kg,world_karate_athlete_Luigi_Busà_ITA,2,silver,discipline=Karate;event=World Karate Championships Men Kumite −75 kg;event_label=Kumite −75 kg;source_text=Luigi Busà Italy;entry_country=ITA;source_url=https://en.wikipedia.org/wiki/2010_World_Karate_Championships,7.0
world_karate_championships_2010_men_kumite-75-kg,world_karate_athlete_Nermin_Potur_BIH,3,bronze,discipline=Karate;event=World Karate Championships Men Kumite −75 kg;event_label=Kumite −75 kg;source_text=Nermin Potur Bosnia and Herzegovina;entry_country=BIH;source_url=https://en.wikipedia.org/wiki/2010_World_Karate_Championships,5.0
world_karate_championships_2010_men_kumite-75-kg,world_karate_athlete_Milo_Jovanovi_SRB,3,bronze,discipline=Karate;event=World Karate Championships Men Kumite −75 kg;event_label=Kumite −75 kg;source_text=Miloš Jovanović Serbia;entry_country=SRB;source_url=https://en.wikipedia.org/wiki/2010_World_Karate_Championships,5.0
world_karate_championships_2010_men_kumite-84-kg,world_karate_athlete_Slobodan_Bitevi_SRB,1,gold,discipline=Karate;event=World Karate Championships Men Kumite −84 kg;event_label=Kumite −84 kg;source_text=Slobodan Bitević Serbia;entry_country=SRB;source_url=https://en.wikipedia.org/wiki/2010_World_Karate_Championships,10.0
world_karate_championships_2010_men_kumite-84-kg,world_karate_athlete_Yavuz_Karamollaolu_TUR,2,silver,discipline=Karate;event=World Karate Championships Men Kumite −84 kg;event_label=Kumite −84 kg;source_text=Yavuz Karamollaoğlu Turkey;entry_country=TUR;source_url=https://en.wikipedia.org/wiki/2010_World_Karate_Championships,7.0
world_karate_championships_2010_men_kumite-84-kg,world_karate_athlete_Ludovic_Cacheux_FRA,3,bronze,discipline=Karate;event=World Karate Championships Men Kumite −84 kg;event_label=Kumite −84 kg;source_text=Ludovic Cacheux France;entry_country=FRA;source_url=https://en.wikipedia.org/wiki/2010_World_Karate_Championships,5.0
world_karate_championships_2010_men_kumite-84-kg,world_karate_athlete_Islamutdin_Eldaruchev_RUS,3,bronze,discipline=Karate;event=World Karate Championships Men Kumite −84 kg;event_label=Kumite −84 kg;source_text=Islamutdin Eldaruchev Russia;entry_country=RUS;source_url=https://en.wikipedia.org/wiki/2010_World_Karate_Championships,5.0
world_karate_championships_2010_men_kumite-plus84-kg,world_karate_athlete_Dejan_Umievi_SRB,1,gold,discipline=Karate;event=World Karate Championships Men Kumite +84 kg;event_label=Kumite +84 kg;source_text=Dejan Umičević Serbia;entry_country=SRB;source_url=https://en.wikipedia.org/wiki/2010_World_Karate_Championships,10.0
world_karate_championships_2010_men_kumite-plus84-kg,world_karate_athlete_Mohanad_Magdy_EGY,2,silver,discipline=Karate;event=World Karate Championships Men Kumite +84 kg;event_label=Kumite +84 kg;source_text=Mohanad Magdy Egypt;entry_country=EGY;source_url=https://en.wikipedia.org/wiki/2010_World_Karate_Championships,7.0
world_karate_championships_2010_men_kumite-plus84-kg,world_karate_athlete_Shahin_Atamov_AZE,3,bronze,discipline=Karate;event=World Karate Championships Men Kumite +84 kg;event_label=Kumite +84 kg;source_text=Shahin Atamov Azerbaijan;entry_country=AZE;source_url=https://en.wikipedia.org/wiki/2010_World_Karate_Championships,5.0
world_karate_championships_2010_men_kumite-plus84-kg,world_karate_athlete_arko_Arsovski_MKD,3,bronze,discipline=Karate;event=World Karate Championships Men Kumite +84 kg;event_label=Kumite +84 kg;source_text=Žarko Arsovski Macedonia;entry_country=MKD;source_url=https://en.wikipedia.org/wiki/2010_World_Karate_Championships,5.0
world_karate_championships_2010_men_team-kata,world_karate_team_Italy_Men_Team_kata_ITA,1,gold,discipline=Karate;event=World Karate Championships Men Team kata;event_label=Team kata;source_text=Italy Luca Valdesi Vincenzo Figuccio Lucio Maurino;entry_country=ITA;source_url=https://en.wikipedia.org/wiki/2010_World_Karate_Championships,10.0
world_karate_championships_2010_men_team-kata,world_karate_team_Japan_Men_Team_kata_JPN,2,silver,discipline=Karate;event=World Karate Championships Men Team kata;event_label=Team kata;source_text=Japan Itaru Oki Takumi Hasegawa Masashi Ogihara;entry_country=JPN;source_url=https://en.wikipedia.org/wiki/2010_World_Karate_Championships,7.0
world_karate_championships_2010_men_team-kata,world_karate_team_Spain_Men_Team_kata_ESP,3,bronze,discipline=Karate;event=World Karate Championships Men Team kata;event_label=Team kata;source_text=Spain Fernando San José Damián Quintero Francisco Salazar;entry_country=ESP;source_url=https://en.wikipedia.org/wiki/2010_World_Karate_Championships,5.0
world_karate_championships_2010_men_team-kata,world_karate_team_Peru_Men_Team_kata_PER,3,bronze,discipline=Karate;event=World Karate Championships Men Team kata;event_label=Team kata;source_text=Peru Akio Tamashiro Jimmy Moreno Hafid Zevallos;entry_country=PER;source_url=https://en.wikipedia.org/wiki/2010_World_Karate_Championships,5.0
world_karate_championships_2010_men_team-kumite,world_karate_team_Serbia_Men_Team_kumite_SRB,1,gold,discipline=Karate;event=World Karate Championships Men Team kumite;event_label=Team kumite;source_text=Serbia Miloš Jovanović Miloš Živković Dejan Umičević Dimitrije Jerković Slobodan Bitević Miloš Vuković Nikola Jovanović;entry_country=SRB;source_url=https://en.wikipedia.org/wiki/2010_World_Karate_Championships,10.0
world_karate_championships_2010_men_team-kumite,world_karate_team_Azerbaijan_Men_Team_kumite_AZE,2,silver,discipline=Karate;event=World Karate Championships Men Team kumite;event_label=Team kumite;source_text=Azerbaijan Rashad Huseynov Rafael Aghayev Amal Atayev Shahin Atamov Israfil Shirinov Sanan Aliyev Niyazi Aliyev;entry_country=AZE;source_url=https://en.wikipedia.org/wiki/2010_World_Karate_Championships,7.0
world_karate_championships_2010_men_team-kumite,world_karate_team_Bosnia_and_Herzegovina_Men_Team_kumite_BIH,3,bronze,discipline=Karate;event=World Karate Championships Men Team kumite;event_label=Team kumite;source_text=Bosnia and Herzegovina Admir Zukan Tarik Lušija Oliver Mandarić Alem Kupusović Mate Odak Nermin Potur Adnan Adilović;entry_country=BIH;source_url=https://en.wikipedia.org/wiki/2010_World_Karate_Championships,5.0
world_karate_championships_2010_men_team-kumite,world_karate_team_Egypt_Men_Team_kumite_EGY,3,bronze,discipline=Karate;event=World Karate Championships Men Team kumite;event_label=Team kumite;source_text=Egypt Mohamed Abdelrahman Sayed Salem Mohanad Magdy Hany Shakr Ossama Abdelaziz Tamer Abdelraouf Mohamed Gamal;entry_country=EGY;source_url=https://en.wikipedia.org/wiki/2010_World_Karate_Championships,5.0
world_karate_championships_2010_women_kata,world_karate_athlete_Yohana_Sánchez_VEN,1,gold,discipline=Karate;event=World Karate Championships Women Individual kata;event_label=Individual kata;source_text=Yohana Sánchez Venezuela;entry_country=VEN;source_url=https://en.wikipedia.org/wiki/2010_World_Karate_Championships,10.0
world_karate_championships_2010_women_kata,world_karate_athlete_Nguyn_Hoàng_Ngân_VIE,2,silver,discipline=Karate;event=World Karate Championships Women Individual kata;event_label=Individual kata;source_text=Nguyễn Hoàng Ngân Vietnam;entry_country=VIE;source_url=https://en.wikipedia.org/wiki/2010_World_Karate_Championships,7.0
world_karate_championships_2010_women_kata,world_karate_athlete_Mirna_enjug_HRV,3,bronze,discipline=Karate;event=World Karate Championships Women Individual kata;event_label=Individual kata;source_text=Mirna Šenjug Croatia;entry_country=HRV;source_url=https://en.wikipedia.org/wiki/2010_World_Karate_Championships,5.0
world_karate_championships_2010_women_kata,world_karate_athlete_Rika_Usami_JPN,3,bronze,discipline=Karate;event=World Karate Championships Women Individual kata;event_label=Individual kata;source_text=Rika Usami Japan;entry_country=JPN;source_url=https://en.wikipedia.org/wiki/2010_World_Karate_Championships,5.0
world_karate_championships_2010_women_kumite-50-kg,world_karate_athlete_Li_Hong_CHN,1,gold,discipline=Karate;event=World Karate Championships Women Kumite −50 kg;event_label=Kumite −50 kg;source_text=Li Hong China;entry_country=CHN;source_url=https://en.wikipedia.org/wiki/2010_World_Karate_Championships,10.0
world_karate_championships_2010_women_kumite-50-kg,world_karate_athlete_Betty_Aquilina_FRA,2,silver,discipline=Karate;event=World Karate Championships Women Kumite −50 kg;event_label=Kumite −50 kg;source_text=Betty Aquilina France;entry_country=FRA;source_url=https://en.wikipedia.org/wiki/2010_World_Karate_Championships,7.0
world_karate_championships_2010_women_kumite-50-kg,world_karate_athlete_Cheili_González_GTM,3,bronze,discipline=Karate;event=World Karate Championships Women Kumite −50 kg;event_label=Kumite −50 kg;source_text=Cheili González Guatemala;entry_country=GTM;source_url=https://en.wikipedia.org/wiki/2010_World_Karate_Championships,5.0
world_karate_championships_2010_women_kumite-50-kg,world_karate_athlete_Tyler_Wolfe_USA,3,bronze,discipline=Karate;event=World Karate Championships Women Kumite −50 kg;event_label=Kumite −50 kg;source_text=Tyler Wolfe United States;entry_country=USA;source_url=https://en.wikipedia.org/wiki/2010_World_Karate_Championships,5.0
world_karate_championships_2010_women_kumite-55-kg,world_karate_athlete_Miki_Kobayashi_JPN,1,gold,discipline=Karate;event=World Karate Championships Women Kumite −55 kg;event_label=Kumite −55 kg;source_text=Miki Kobayashi Japan;entry_country=JPN;source_url=https://en.wikipedia.org/wiki/2010_World_Karate_Championships,10.0
world_karate_championships_2010_women_kumite-55-kg,world_karate_athlete_Sara_Cardin_ITA,2,silver,discipline=Karate;event=World Karate Championships Women Kumite −55 kg;event_label=Kumite −55 kg;source_text=Sara Cardin Italy;entry_country=ITA;source_url=https://en.wikipedia.org/wiki/2010_World_Karate_Championships,7.0
world_karate_championships_2010_women_kumite-55-kg,world_karate_athlete_Jelena_Kovaevi_HRV,3,bronze,discipline=Karate;event=World Karate Championships Women Kumite −55 kg;event_label=Kumite −55 kg;source_text=Jelena Kovačević Croatia;entry_country=HRV;source_url=https://en.wikipedia.org/wiki/2010_World_Karate_Championships,5.0
world_karate_championships_2010_women_kumite-55-kg,world_karate_athlete_Shannon_Nishi_USA,3,bronze,discipline=Karate;event=World Karate Championships Women Kumite −55 kg;event_label=Kumite −55 kg;source_text=Shannon Nishi United States;entry_country=USA;source_url=https://en.wikipedia.org/wiki/2010_World_Karate_Championships,5.0
world_karate_championships_2010_women_kumite-61-kg,world_karate_athlete_Kristina_Mah_AUS,1,gold,discipline=Karate;event=World Karate Championships Women Kumite −61 kg;event_label=Kumite −61 kg;source_text=Kristina Mah Australia;entry_country=AUS;source_url=https://en.wikipedia.org/wiki/2010_World_Karate_Championships,10.0
world_karate_championships_2010_women_kumite-61-kg,world_karate_athlete_Lolita_Dona_FRA,2,silver,discipline=Karate;event=World Karate Championships Women Kumite −61 kg;event_label=Kumite −61 kg;source_text=Lolita Dona France;entry_country=FRA;source_url=https://en.wikipedia.org/wiki/2010_World_Karate_Championships,7.0
world_karate_championships_2010_women_kumite-61-kg,world_karate_athlete_Diana_Schwab_CHE,3,bronze,discipline=Karate;event=World Karate Championships Women Kumite −61 kg;event_label=Kumite −61 kg;source_text=Diana Schwab Switzerland;entry_country=CHE;source_url=https://en.wikipedia.org/wiki/2010_World_Karate_Championships,5.0
world_karate_championships_2010_women_kumite-61-kg,world_karate_athlete_Natalie_Williams_ENG,3,bronze,discipline=Karate;event=World Karate Championships Women Kumite −61 kg;event_label=Kumite −61 kg;source_text=Natalie Williams England;entry_country=ENG;source_url=https://en.wikipedia.org/wiki/2010_World_Karate_Championships,5.0
world_karate_championships_2010_women_kumite-68-kg,world_karate_athlete_Yadira_Lira_MEX,1,gold,discipline=Karate;event=World Karate Championships Women Kumite −68 kg;event_label=Kumite −68 kg;source_text=Yadira Lira Mexico;entry_country=MEX;source_url=https://en.wikipedia.org/wiki/2010_World_Karate_Championships,10.0
world_karate_championships_2010_women_kumite-68-kg,world_karate_athlete_Asumi_Ishizuka_JPN,2,silver,discipline=Karate;event=World Karate Championships Women Kumite −68 kg;event_label=Kumite −68 kg;source_text=Asumi Ishizuka Japan;entry_country=JPN;source_url=https://en.wikipedia.org/wiki/2010_World_Karate_Championships,7.0
world_karate_championships_2010_women_kumite-68-kg,world_karate_athlete_Irene_Colomar_ESP,3,bronze,discipline=Karate;event=World Karate Championships Women Kumite −68 kg;event_label=Kumite −68 kg;source_text=Irene Colomar Spain;entry_country=ESP;source_url=https://en.wikipedia.org/wiki/2010_World_Karate_Championships,5.0
world_karate_championships_2010_women_kumite-68-kg,world_karate_athlete_Hafsa_eyda_Burucu_TUR,3,bronze,discipline=Karate;event=World Karate Championships Women Kumite −68 kg;event_label=Kumite −68 kg;source_text=Hafsa Şeyda Burucu Turkey;entry_country=TUR;source_url=https://en.wikipedia.org/wiki/2010_World_Karate_Championships,5.0
world_karate_championships_2010_women_kumite-plus68-kg,world_karate_athlete_Greta_Vitelli_ITA,1,gold,discipline=Karate;event=World Karate Championships Women Kumite +68 kg;event_label=Kumite +68 kg;source_text=Greta Vitelli Italy;entry_country=ITA;source_url=https://en.wikipedia.org/wiki/2010_World_Karate_Championships,10.0
world_karate_championships_2010_women_kumite-plus68-kg,world_karate_athlete_Nadège_Aït-Ibrahim_FRA,2,silver,discipline=Karate;event=World Karate Championships Women Kumite +68 kg;event_label=Kumite +68 kg;source_text=Nadège Aït-Ibrahim France;entry_country=FRA;source_url=https://en.wikipedia.org/wiki/2010_World_Karate_Championships,7.0
world_karate_championships_2010_women_kumite-plus68-kg,world_karate_athlete_Merima_Softi_BIH,3,bronze,discipline=Karate;event=World Karate Championships Women Kumite +68 kg;event_label=Kumite +68 kg;source_text=Merima Softić Bosnia and Herzegovina;entry_country=BIH;source_url=https://en.wikipedia.org/wiki/2010_World_Karate_Championships,5.0
world_karate_championships_2010_women_kumite-plus68-kg,world_karate_athlete_Tang_Lingling_CHN,3,bronze,discipline=Karate;event=World Karate Championships Women Kumite +68 kg;event_label=Kumite +68 kg;source_text=Tang Lingling China;entry_country=CHN;source_url=https://en.wikipedia.org/wiki/2010_World_Karate_Championships,5.0
world_karate_championships_2010_women_team-kata,world_karate_team_Japan_Women_Team_kata_JPN,1,gold,discipline=Karate;event=World Karate Championships Women Team kata;event_label=Team kata;source_text=Japan Kazuyo Inoue Yoko Kimura Fumi Sakai;entry_country=JPN;source_url=https://en.wikipedia.org/wiki/2010_World_Karate_Championships,10.0
world_karate_championships_2010_women_team-kata,world_karate_team_Vietnam_Women_Team_kata_VIE,2,silver,discipline=Karate;event=World Karate Championships Women Team kata;event_label=Team kata;source_text=Vietnam Nguyễn Hoàng Ngân Nguyễn Thanh Hằng Đỗ Thị Thu Hà;entry_country=VIE;source_url=https://en.wikipedia.org/wiki/2010_World_Karate_Championships,7.0
world_karate_championships_2010_women_team-kata,world_karate_team_Spain_Women_Team_kata_ESP,3,bronze,discipline=Karate;event=World Karate Championships Women Team kata;event_label=Team kata;source_text=Spain Fátima de Acuña Ruth Jiménez Yaiza Martín;entry_country=ESP;source_url=https://en.wikipedia.org/wiki/2010_World_Karate_Championships,5.0
world_karate_championships_2010_women_team-kata,world_karate_team_Italy_Women_Team_kata_ITA,3,bronze,discipline=Karate;event=World Karate Championships Women Team kata;event_label=Team kata;source_text=Italy Sara Battaglia Viviana Bottaro Michela Pezzetti;entry_country=ITA;source_url=https://en.wikipedia.org/wiki/2010_World_Karate_Championships,5.0
world_karate_championships_2010_women_team-kumite,world_karate_team_France_Women_Team_kumite_FRA,1,gold,discipline=Karate;event=World Karate Championships Women Team kumite;event_label=Team kumite;source_text=France Tiffany Fanjat Lolita Dona Alexandra Recchia Ruth Soufflet;entry_country=FRA;source_url=https://en.wikipedia.org/wiki/2010_World_Karate_Championships,10.0
world_karate_championships_2010_women_team-kumite,world_karate_team_Spain_Women_Team_kumite_ESP,2,silver,discipline=Karate;event=World Karate Championships Women Team kumite;event_label=Team kumite;source_text=Spain Cristina Feo Cristina Vizcaíno Irene Colomar Carmen Vicente;entry_country=ESP;source_url=https://en.wikipedia.org/wiki/2010_World_Karate_Championships,7.0
world_karate_championships_2010_women_team-kumite,world_karate_team_Croatia_Women_Team_kumite_HRV,3,bronze,discipline=Karate;event=World Karate Championships Women Team kumite;event_label=Team kumite;source_text=Croatia Maša Martinović Azra Saleš Ana-Marija Čelan Ivona Tubić;entry_country=HRV;source_url=https://en.wikipedia.org/wiki/2010_World_Karate_Championships,5.0
world_karate_championships_2010_women_team-kumite,world_karate_team_United_States_Women_Team_kumite_USA,3,bronze,discipline=Karate;event=World Karate Championships Women Team kumite;event_label=Team kumite;source_text=United States Elisa Au-Fonseca Shannon Nishi Ashley Hill Cheryl Murphy;entry_country=USA;source_url=https://en.wikipedia.org/wiki/2010_World_Karate_Championships,5.0
world_karate_championships_2012_men_kata,world_karate_athlete_Antonio_Díaz_VEN,1,gold,discipline=Karate;event=World Karate Championships Men Individual kata;event_label=Individual kata;source_text=Antonio Díaz Venezuela;entry_country=VEN;source_url=https://en.wikipedia.org/wiki/2012_World_Karate_Championships,10.0
world_karate_championships_2012_men_kata,world_karate_athlete_Vu_Duc_Minh_Dack_FRA,2,silver,discipline=Karate;event=World Karate Championships Men Individual kata;event_label=Individual kata;source_text=Vu Duc Minh Dack France;entry_country=FRA;source_url=https://en.wikipedia.org/wiki/2012_World_Karate_Championships,7.0
world_karate_championships_2012_men_kata,world_karate_athlete_Luca_Valdesi_ITA,3,bronze,discipline=Karate;event=World Karate Championships Men Individual kata;event_label=Individual kata;source_text=Luca Valdesi Italy;entry_country=ITA;source_url=https://en.wikipedia.org/wiki/2012_World_Karate_Championships,5.0
world_karate_championships_2012_men_kata,world_karate_athlete_Ryo_Kiyuna_JPN,3,bronze,discipline=Karate;event=World Karate Championships Men Individual kata;event_label=Individual kata;source_text=Ryo Kiyuna Japan;entry_country=JPN;source_url=https://en.wikipedia.org/wiki/2012_World_Karate_Championships,5.0
world_karate_championships_2012_men_kumite-60-kg,world_karate_athlete_Amir_Mehdizadeh_IRI,1,gold,discipline=Karate;event=World Karate Championships Men Kumite −60 kg;event_label=Kumite −60 kg;source_text=Amir Mehdizadeh Iran;entry_country=IRI;source_url=https://en.wikipedia.org/wiki/2012_World_Karate_Championships,10.0
world_karate_championships_2012_men_kumite-60-kg,world_karate_athlete_Douglas_Brose_BRA,2,silver,discipline=Karate;event=World Karate Championships Men Kumite −60 kg;event_label=Kumite −60 kg;source_text=Douglas Brose Brazil;entry_country=BRA;source_url=https://en.wikipedia.org/wiki/2012_World_Karate_Championships,7.0
world_karate_championships_2012_men_kumite-60-kg,world_karate_athlete_Mohamed_Gamal_EGY,3,bronze,discipline=Karate;event=World Karate Championships Men Kumite −60 kg;event_label=Kumite −60 kg;source_text=Mohamed Gamal Egypt;entry_country=EGY;source_url=https://en.wikipedia.org/wiki/2012_World_Karate_Championships,5.0
world_karate_championships_2012_men_kumite-60-kg,world_karate_athlete_Marko_Anti_SRB,3,bronze,discipline=Karate;event=World Karate Championships Men Kumite −60 kg;event_label=Kumite −60 kg;source_text=Marko Antić Serbia;entry_country=SRB;source_url=https://en.wikipedia.org/wiki/2012_World_Karate_Championships,5.0
world_karate_championships_2012_men_kumite-67-kg,world_karate_athlete_Magdy_Mamdouh_EGY,1,gold,discipline=Karate;event=World Karate Championships Men Kumite −67 kg;event_label=Kumite −67 kg;source_text=Magdy Mamdouh Egypt;entry_country=EGY;source_url=https://en.wikipedia.org/wiki/2012_World_Karate_Championships,10.0
world_karate_championships_2012_men_kumite-67-kg,world_karate_athlete_Saeid_Ahmadi_IRI,2,silver,discipline=Karate;event=World Karate Championships Men Kumite −67 kg;event_label=Kumite −67 kg;source_text=Saeid Ahmadi Iran;entry_country=IRI;source_url=https://en.wikipedia.org/wiki/2012_World_Karate_Championships,7.0
world_karate_championships_2012_men_kumite-67-kg,world_karate_athlete_William_Rollé_FRA,3,bronze,discipline=Karate;event=World Karate Championships Men Kumite −67 kg;event_label=Kumite −67 kg;source_text=William Rollé France;entry_country=FRA;source_url=https://en.wikipedia.org/wiki/2012_World_Karate_Championships,5.0
world_karate_championships_2012_men_kumite-67-kg,world_karate_athlete_Brian_Ramrup_USA,3,bronze,discipline=Karate;event=World Karate Championships Men Kumite −67 kg;event_label=Kumite −67 kg;source_text=Brian Ramrup United States;entry_country=USA;source_url=https://en.wikipedia.org/wiki/2012_World_Karate_Championships,5.0
world_karate_championships_2012_men_kumite-75-kg,world_karate_athlete_Luigi_Busà_ITA,1,gold,discipline=Karate;event=World Karate Championships Men Kumite −75 kg;event_label=Kumite −75 kg;source_text=Luigi Busà Italy;entry_country=ITA;source_url=https://en.wikipedia.org/wiki/2012_World_Karate_Championships,10.0
world_karate_championships_2012_men_kumite-75-kg,world_karate_athlete_Rafael_Aghayev_AZE,2,silver,discipline=Karate;event=World Karate Championships Men Kumite −75 kg;event_label=Kumite −75 kg;source_text=Rafael Aghayev Azerbaijan;entry_country=AZE;source_url=https://en.wikipedia.org/wiki/2012_World_Karate_Championships,7.0
world_karate_championships_2012_men_kumite-75-kg,world_karate_athlete_Oualid_Bouabaoub_DZA,3,bronze,discipline=Karate;event=World Karate Championships Men Kumite −75 kg;event_label=Kumite −75 kg;source_text=Oualid Bouabaoub Algeria;entry_country=DZA;source_url=https://en.wikipedia.org/wiki/2012_World_Karate_Championships,5.0
world_karate_championships_2012_men_kumite-75-kg,world_karate_athlete_Ko_Matsuhisa_JPN,3,bronze,discipline=Karate;event=World Karate Championships Men Kumite −75 kg;event_label=Kumite −75 kg;source_text=Ko Matsuhisa Japan;entry_country=JPN;source_url=https://en.wikipedia.org/wiki/2012_World_Karate_Championships,5.0
world_karate_championships_2012_men_kumite-84-kg,world_karate_athlete_Kenji_Grillon_FRA,1,gold,discipline=Karate;event=World Karate Championships Men Kumite −84 kg;event_label=Kumite −84 kg;source_text=Kenji Grillon France;entry_country=FRA;source_url=https://en.wikipedia.org/wiki/2012_World_Karate_Championships,10.0
world_karate_championships_2012_men_kumite-84-kg,world_karate_athlete_Ryutaro_Araga_JPN,2,silver,discipline=Karate;event=World Karate Championships Men Kumite −84 kg;event_label=Kumite −84 kg;source_text=Ryutaro Araga Japan;entry_country=JPN;source_url=https://en.wikipedia.org/wiki/2012_World_Karate_Championships,7.0
world_karate_championships_2012_men_kumite-84-kg,world_karate_athlete_Aykhan_Mamayev_AZE,3,bronze,discipline=Karate;event=World Karate Championships Men Kumite −84 kg;event_label=Kumite −84 kg;source_text=Aykhan Mamayev Azerbaijan;entry_country=AZE;source_url=https://en.wikipedia.org/wiki/2012_World_Karate_Championships,5.0
world_karate_championships_2012_men_kumite-84-kg,world_karate_athlete_Yavuz_Karamollaolu_TUR,3,bronze,discipline=Karate;event=World Karate Championships Men Kumite −84 kg;event_label=Kumite −84 kg;source_text=Yavuz Karamollaoğlu Turkey;entry_country=TUR;source_url=https://en.wikipedia.org/wiki/2012_World_Karate_Championships,5.0
world_karate_championships_2012_men_kumite-plus84-kg,world_karate_athlete_Enes_Erkan_TUR,1,gold,discipline=Karate;event=World Karate Championships Men Kumite +84 kg;event_label=Kumite +84 kg;source_text=Enes Erkan Turkey;entry_country=TUR;source_url=https://en.wikipedia.org/wiki/2012_World_Karate_Championships,10.0
world_karate_championships_2012_men_kumite-plus84-kg,world_karate_athlete_Shahin_Atamov_AZE,2,silver,discipline=Karate;event=World Karate Championships Men Kumite +84 kg;event_label=Kumite +84 kg;source_text=Shahin Atamov Azerbaijan;entry_country=AZE;source_url=https://en.wikipedia.org/wiki/2012_World_Karate_Championships,7.0
world_karate_championships_2012_men_kumite-plus84-kg,world_karate_athlete_Stefano_Maniscalco_ITA,3,bronze,discipline=Karate;event=World Karate Championships Men Kumite +84 kg;event_label=Kumite +84 kg;source_text=Stefano Maniscalco Italy;entry_country=ITA;source_url=https://en.wikipedia.org/wiki/2012_World_Karate_Championships,5.0
world_karate_championships_2012_men_kumite-plus84-kg,world_karate_athlete_Khalid_Khalidov_KAZ,3,bronze,discipline=Karate;event=World Karate Championships Men Kumite +84 kg;event_label=Kumite +84 kg;source_text=Khalid Khalidov Kazakhstan;entry_country=KAZ;source_url=https://en.wikipedia.org/wiki/2012_World_Karate_Championships,5.0
world_karate_championships_2012_men_team-kata,world_karate_team_Japan_Men_Team_kata_JPN,1,gold,discipline=Karate;event=World Karate Championships Men Team kata;event_label=Team kata;source_text=Japan Koji Arimoto Takato Soma Takumi Sugino;entry_country=JPN;source_url=https://en.wikipedia.org/wiki/2012_World_Karate_Championships,10.0
world_karate_championships_2012_men_team-kata,world_karate_team_Italy_Men_Team_kata_ITA,2,silver,discipline=Karate;event=World Karate Championships Men Team kata;event_label=Team kata;source_text=Italy Luca Valdesi Vincenzo Figuccio Lucio Maurino;entry_country=ITA;source_url=https://en.wikipedia.org/wiki/2012_World_Karate_Championships,7.0
world_karate_championships_2012_men_team-kata,world_karate_team_Egypt_Men_Team_kata_EGY,3,bronze,discipline=Karate;event=World Karate Championships Men Team kata;event_label=Team kata;source_text=Egypt Ibrahim Magdy Mustafa Ibrahim Ahmed Ashraf;entry_country=EGY;source_url=https://en.wikipedia.org/wiki/2012_World_Karate_Championships,5.0
world_karate_championships_2012_men_team-kata,world_karate_team_France_Men_Team_kata_FRA,3,bronze,discipline=Karate;event=World Karate Championships Men Team kata;event_label=Team kata;source_text=France Jonathan Plagnol Romain Lacoste Jonathan Maruani;entry_country=FRA;source_url=https://en.wikipedia.org/wiki/2012_World_Karate_Championships,5.0
world_karate_championships_2012_men_team-kumite,world_karate_team_France_Men_Team_kumite_FRA,1,gold,discipline=Karate;event=World Karate Championships Men Team kumite;event_label=Team kumite;source_text=France Mathieu Cossou Nadir Benaissa Kenji Grillon Ibrahim Gary Azdin Rghioui Salim Bendiab Logan Da Costa;entry_country=FRA;source_url=https://en.wikipedia.org/wiki/2012_World_Karate_Championships,10.0
world_karate_championships_2012_men_team-kumite,world_karate_team_Türkiye_Men_Team_kumite_TUR,2,silver,discipline=Karate;event=World Karate Championships Men Team kumite;event_label=Team kumite;source_text=Turkey Enes Erkan Yücel Gündoğdu Murat Salih Kurnaz Yaser Şahintekin Gökhan Gündüz Mustafa Utku Şahin Aykut Usda;entry_country=TUR;source_url=https://en.wikipedia.org/wiki/2012_World_Karate_Championships,7.0
world_karate_championships_2012_men_team-kumite,world_karate_team_Egypt_Men_Team_kumite_EGY,3,bronze,discipline=Karate;event=World Karate Championships Men Team kumite;event_label=Team kumite;source_text=Egypt Hany Shakr Ahmed Sayed Ossama Abdelaziz Sayed Salem Mohamed Gamal Magdy Mamdouh Omar Ahmed;entry_country=EGY;source_url=https://en.wikipedia.org/wiki/2012_World_Karate_Championships,5.0
world_karate_championships_2012_men_team-kumite,world_karate_team_Iran_Men_Team_kumite_IRI,3,bronze,discipline=Karate;event=World Karate Championships Men Team kumite;event_label=Team kumite;source_text=Iran Maziar Elhami Saeid Farrokhi Zabihollah Pourshab Ebrahim Hassanbeigi Saman Heidari Ali Fadakar Sajjad Ganjzadeh;entry_country=IRI;source_url=https://en.wikipedia.org/wiki/2012_World_Karate_Championships,5.0
world_karate_championships_2012_women_kata,world_karate_athlete_Rika_Usami_JPN,1,gold,discipline=Karate;event=World Karate Championships Women Individual kata;event_label=Individual kata;source_text=Rika Usami Japan;entry_country=JPN;source_url=https://en.wikipedia.org/wiki/2012_World_Karate_Championships,10.0
world_karate_championships_2012_women_kata,world_karate_athlete_Sandy_Scordo_FRA,2,silver,discipline=Karate;event=World Karate Championships Women Individual kata;event_label=Individual kata;source_text=Sandy Scordo France;entry_country=FRA;source_url=https://en.wikipedia.org/wiki/2012_World_Karate_Championships,7.0
world_karate_championships_2012_women_kata,world_karate_athlete_Yaiza_Martín_ESP,3,bronze,discipline=Karate;event=World Karate Championships Women Individual kata;event_label=Individual kata;source_text=Yaiza Martín Spain;entry_country=ESP;source_url=https://en.wikipedia.org/wiki/2012_World_Karate_Championships,5.0
world_karate_championships_2012_women_kata,world_karate_athlete_Sakura_Kokumai_USA,3,bronze,discipline=Karate;event=World Karate Championships Women Individual kata;event_label=Individual kata;source_text=Sakura Kokumai United States;entry_country=USA;source_url=https://en.wikipedia.org/wiki/2012_World_Karate_Championships,5.0
world_karate_championships_2012_women_kumite-50-kg,world_karate_athlete_Alexandra_Recchia_FRA,1,gold,discipline=Karate;event=World Karate Championships Women Kumite −50 kg;event_label=Kumite −50 kg;source_text=Alexandra Recchia France;entry_country=FRA;source_url=https://en.wikipedia.org/wiki/2012_World_Karate_Championships,10.0
world_karate_championships_2012_women_kumite-50-kg,world_karate_athlete_Li_Hong_CHN,2,silver,discipline=Karate;event=World Karate Championships Women Kumite −50 kg;event_label=Kumite −50 kg;source_text=Li Hong China;entry_country=CHN;source_url=https://en.wikipedia.org/wiki/2012_World_Karate_Championships,7.0
world_karate_championships_2012_women_kumite-50-kg,world_karate_athlete_Ana_Villanueva_DOM,3,bronze,discipline=Karate;event=World Karate Championships Women Kumite −50 kg;event_label=Kumite −50 kg;source_text=Ana Villanueva Dominican Republic;entry_country=DOM;source_url=https://en.wikipedia.org/wiki/2012_World_Karate_Championships,5.0
world_karate_championships_2012_women_kumite-50-kg,world_karate_athlete_Serap_Özçelik_TUR,3,bronze,discipline=Karate;event=World Karate Championships Women Kumite −50 kg;event_label=Kumite −50 kg;source_text=Serap Özçelik Turkey;entry_country=TUR;source_url=https://en.wikipedia.org/wiki/2012_World_Karate_Championships,5.0
world_karate_championships_2012_women_kumite-55-kg,world_karate_athlete_Lucie_Ignace_FRA,1,gold,discipline=Karate;event=World Karate Championships Women Kumite −55 kg;event_label=Kumite −55 kg;source_text=Lucie Ignace France;entry_country=FRA;source_url=https://en.wikipedia.org/wiki/2012_World_Karate_Championships,10.0
world_karate_championships_2012_women_kumite-55-kg,world_karate_athlete_Jelena_Kovaevi_HRV,2,silver,discipline=Karate;event=World Karate Championships Women Kumite −55 kg;event_label=Kumite −55 kg;source_text=Jelena Kovačević Croatia;entry_country=HRV;source_url=https://en.wikipedia.org/wiki/2012_World_Karate_Championships,7.0
world_karate_championships_2012_women_kumite-55-kg,world_karate_athlete_Yassmin_Hamdy_EGY,3,bronze,discipline=Karate;event=World Karate Championships Women Kumite −55 kg;event_label=Kumite −55 kg;source_text=Yassmin Hamdy Egypt;entry_country=EGY;source_url=https://en.wikipedia.org/wiki/2012_World_Karate_Championships,5.0
world_karate_championships_2012_women_kumite-55-kg,world_karate_athlete_Miki_Kobayashi_JPN,3,bronze,discipline=Karate;event=World Karate Championships Women Kumite −55 kg;event_label=Kumite −55 kg;source_text=Miki Kobayashi Japan;entry_country=JPN;source_url=https://en.wikipedia.org/wiki/2012_World_Karate_Championships,5.0
world_karate_championships_2012_women_kumite-61-kg,world_karate_athlete_Lolita_Dona_FRA,1,gold,discipline=Karate;event=World Karate Championships Women Kumite −61 kg;event_label=Kumite −61 kg;source_text=Lolita Dona France;entry_country=FRA;source_url=https://en.wikipedia.org/wiki/2012_World_Karate_Championships,10.0
world_karate_championships_2012_women_kumite-61-kg,world_karate_athlete_Boutheina_Hasnaoui_TUN,2,silver,discipline=Karate;event=World Karate Championships Women Kumite −61 kg;event_label=Kumite −61 kg;source_text=Boutheina Hasnaoui Tunisia;entry_country=TUN;source_url=https://en.wikipedia.org/wiki/2012_World_Karate_Championships,7.0
world_karate_championships_2012_women_kumite-61-kg,world_karate_athlete_Elena_Quirici_CHE,3,bronze,discipline=Karate;event=World Karate Championships Women Kumite −61 kg;event_label=Kumite −61 kg;source_text=Elena Quirici Switzerland;entry_country=CHE;source_url=https://en.wikipedia.org/wiki/2012_World_Karate_Championships,5.0
world_karate_championships_2012_women_kumite-61-kg,world_karate_athlete_Yu_Miyamoto_JPN,3,bronze,discipline=Karate;event=World Karate Championships Women Kumite −61 kg;event_label=Kumite −61 kg;source_text=Yu Miyamoto Japan;entry_country=JPN;source_url=https://en.wikipedia.org/wiki/2012_World_Karate_Championships,5.0
world_karate_championships_2012_women_kumite-68-kg,world_karate_athlete_Kayo_Someya_JPN,1,gold,discipline=Karate;event=World Karate Championships Women Kumite −68 kg;event_label=Kumite −68 kg;source_text=Kayo Someya Japan;entry_country=JPN;source_url=https://en.wikipedia.org/wiki/2012_World_Karate_Championships,10.0
world_karate_championships_2012_women_kumite-68-kg,world_karate_athlete_Hafsa_eyda_Burucu_TUR,2,silver,discipline=Karate;event=World Karate Championships Women Kumite −68 kg;event_label=Kumite −68 kg;source_text=Hafsa Şeyda Burucu Turkey;entry_country=TUR;source_url=https://en.wikipedia.org/wiki/2012_World_Karate_Championships,7.0
world_karate_championships_2012_women_kumite-68-kg,world_karate_athlete_Heba_Abdelrahman_EGY,3,bronze,discipline=Karate;event=World Karate Championships Women Kumite −68 kg;event_label=Kumite −68 kg;source_text=Heba Abdelrahman Egypt;entry_country=EGY;source_url=https://en.wikipedia.org/wiki/2012_World_Karate_Championships,5.0
world_karate_championships_2012_women_kumite-68-kg,world_karate_athlete_Tiffany_Fanjat_FRA,3,bronze,discipline=Karate;event=World Karate Championships Women Kumite −68 kg;event_label=Kumite −68 kg;source_text=Tiffany Fanjat France;entry_country=FRA;source_url=https://en.wikipedia.org/wiki/2012_World_Karate_Championships,5.0
world_karate_championships_2012_women_kumite-plus68-kg,world_karate_athlete_Nadège_Aït-Ibrahim_FRA,1,gold,discipline=Karate;event=World Karate Championships Women Kumite +68 kg;event_label=Kumite +68 kg;source_text=Nadège Aït-Ibrahim France;entry_country=FRA;source_url=https://en.wikipedia.org/wiki/2012_World_Karate_Championships,10.0
world_karate_championships_2012_women_kumite-plus68-kg,world_karate_athlete_Greta_Vitelli_ITA,2,silver,discipline=Karate;event=World Karate Championships Women Kumite +68 kg;event_label=Kumite +68 kg;source_text=Greta Vitelli Italy;entry_country=ITA;source_url=https://en.wikipedia.org/wiki/2012_World_Karate_Championships,7.0
world_karate_championships_2012_women_kumite-plus68-kg,world_karate_athlete_Eleni_Chatziliadou_GRC,3,bronze,discipline=Karate;event=World Karate Championships Women Kumite +68 kg;event_label=Kumite +68 kg;source_text=Eleni Chatziliadou Greece;entry_country=GRC;source_url=https://en.wikipedia.org/wiki/2012_World_Karate_Championships,5.0
world_karate_championships_2012_women_kumite-plus68-kg,world_karate_athlete_Ayumi_Uekusa_JPN,3,bronze,discipline=Karate;event=World Karate Championships Women Kumite +68 kg;event_label=Kumite +68 kg;source_text=Ayumi Uekusa Japan;entry_country=JPN;source_url=https://en.wikipedia.org/wiki/2012_World_Karate_Championships,5.0
world_karate_championships_2012_women_team-kata,world_karate_team_Japan_Women_Team_kata_JPN,1,gold,discipline=Karate;event=World Karate Championships Women Team kata;event_label=Team kata;source_text=Japan Yoko Kimura Suzuka Kashioka Miku Morioka;entry_country=JPN;source_url=https://en.wikipedia.org/wiki/2012_World_Karate_Championships,10.0
world_karate_championships_2012_women_team-kata,world_karate_team_Italy_Women_Team_kata_ITA,2,silver,discipline=Karate;event=World Karate Championships Women Team kata;event_label=Team kata;source_text=Italy Sara Battaglia Viviana Bottaro Michela Pezzetti;entry_country=ITA;source_url=https://en.wikipedia.org/wiki/2012_World_Karate_Championships,7.0
world_karate_championships_2012_women_team-kata,world_karate_team_Spain_Women_Team_kata_ESP,3,bronze,discipline=Karate;event=World Karate Championships Women Team kata;event_label=Team kata;source_text=Spain Yaiza Martín Margarita Morata Sonia García;entry_country=ESP;source_url=https://en.wikipedia.org/wiki/2012_World_Karate_Championships,5.0
world_karate_championships_2012_women_team-kata,world_karate_team_France_Women_Team_kata_FRA,3,bronze,discipline=Karate;event=World Karate Championships Women Team kata;event_label=Team kata;source_text=France Sonia Fiuza Clothilde Boulanger Jessica Hugues;entry_country=FRA;source_url=https://en.wikipedia.org/wiki/2012_World_Karate_Championships,5.0
world_karate_championships_2012_women_team-kumite,world_karate_team_France_Women_Team_kumite_FRA,1,gold,discipline=Karate;event=World Karate Championships Women Team kumite;event_label=Team kumite;source_text=France Tiffany Fanjat Lolita Dona Alexandra Recchia Emily Thouy;entry_country=FRA;source_url=https://en.wikipedia.org/wiki/2012_World_Karate_Championships,10.0
world_karate_championships_2012_women_team-kumite,world_karate_team_Croatia_Women_Team_kumite_HRV,2,silver,discipline=Karate;event=World Karate Championships Women Team kumite;event_label=Team kumite;source_text=Croatia Maša Martinović Azra Saleš Ana-Marija Čelan Ivona Tubić;entry_country=HRV;source_url=https://en.wikipedia.org/wiki/2012_World_Karate_Championships,7.0
world_karate_championships_2012_women_team-kumite,world_karate_team_Japan_Women_Team_kumite_JPN,3,bronze,discipline=Karate;event=World Karate Championships Women Team kumite;event_label=Team kumite;source_text=Japan Miki Kobayashi Yu Miyamoto Kayo Someya Ayumi Uekusa;entry_country=JPN;source_url=https://en.wikipedia.org/wiki/2012_World_Karate_Championships,5.0
world_karate_championships_2012_women_team-kumite,world_karate_team_Türkiye_Women_Team_kumite_TUR,3,bronze,discipline=Karate;event=World Karate Championships Women Team kumite;event_label=Team kumite;source_text=Turkey Serap Özçelik Tuba Yenen Meltem Hocaoğlu Hafsa Şeyda Burucu;entry_country=TUR;source_url=https://en.wikipedia.org/wiki/2012_World_Karate_Championships,5.0
world_karate_championships_2014_men_kata,world_karate_athlete_Ryo_Kiyuna_JPN,1,gold,discipline=Karate;event=World Karate Championships Men Individual kata;event_label=Individual kata;source_text=Ryo Kiyuna Japan;entry_country=JPN;source_url=https://en.wikipedia.org/wiki/2014_World_Karate_Championships,10.0
world_karate_championships_2014_men_kata,world_karate_athlete_Ilja_Smorguner_DEU,2,silver,discipline=Karate;event=World Karate Championships Men Individual kata;event_label=Individual kata;source_text=Ilja Smorguner Germany;entry_country=DEU;source_url=https://en.wikipedia.org/wiki/2014_World_Karate_Championships,7.0
world_karate_championships_2014_men_kata,world_karate_athlete_Vu_Duc_Minh_Dack_FRA,3,bronze,discipline=Karate;event=World Karate Championships Men Individual kata;event_label=Individual kata;source_text=Vu Duc Minh Dack France;entry_country=FRA;source_url=https://en.wikipedia.org/wiki/2014_World_Karate_Championships,5.0
world_karate_championships_2014_men_kata,world_karate_athlete_Antonio_Díaz_VEN,3,bronze,discipline=Karate;event=World Karate Championships Men Individual kata;event_label=Individual kata;source_text=Antonio Díaz Venezuela;entry_country=VEN;source_url=https://en.wikipedia.org/wiki/2014_World_Karate_Championships,5.0
world_karate_championships_2014_men_kumite-60-kg,world_karate_athlete_Douglas_Brose_BRA,1,gold,discipline=Karate;event=World Karate Championships Men Kumite −60 kg;event_label=Kumite −60 kg;source_text=Douglas Brose Brazil;entry_country=BRA;source_url=https://en.wikipedia.org/wiki/2014_World_Karate_Championships,10.0
world_karate_championships_2014_men_kumite-60-kg,world_karate_athlete_Geoffrey_Berens_NLD,2,silver,discipline=Karate;event=World Karate Championships Men Kumite −60 kg;event_label=Kumite −60 kg;source_text=Geoffrey Berens Netherlands;entry_country=NLD;source_url=https://en.wikipedia.org/wiki/2014_World_Karate_Championships,7.0
world_karate_championships_2014_men_kumite-60-kg,world_karate_athlete_Amir_Mehdizadeh_IRI,3,bronze,discipline=Karate;event=World Karate Championships Men Kumite −60 kg;event_label=Kumite −60 kg;source_text=Amir Mehdizadeh Iran;entry_country=IRI;source_url=https://en.wikipedia.org/wiki/2014_World_Karate_Championships,5.0
world_karate_championships_2014_men_kumite-60-kg,world_karate_athlete_Evgeny_Plakhutin_RUS,3,bronze,discipline=Karate;event=World Karate Championships Men Kumite −60 kg;event_label=Kumite −60 kg;source_text=Evgeny Plakhutin Russia;entry_country=RUS;source_url=https://en.wikipedia.org/wiki/2014_World_Karate_Championships,5.0
world_karate_championships_2014_men_kumite-67-kg,world_karate_athlete_William_Rollé_FRA,1,gold,discipline=Karate;event=World Karate Championships Men Kumite −67 kg;event_label=Kumite −67 kg;source_text=William Rollé France;entry_country=FRA;source_url=https://en.wikipedia.org/wiki/2014_World_Karate_Championships,10.0
world_karate_championships_2014_men_kumite-67-kg,world_karate_athlete_Magdy_Mamdouh_EGY,2,silver,discipline=Karate;event=World Karate Championships Men Kumite −67 kg;event_label=Kumite −67 kg;source_text=Magdy Mamdouh Egypt;entry_country=EGY;source_url=https://en.wikipedia.org/wiki/2014_World_Karate_Championships,7.0
world_karate_championships_2014_men_kumite-67-kg,world_karate_athlete_Vinícius_Figueira_BRA,3,bronze,discipline=Karate;event=World Karate Championships Men Kumite −67 kg;event_label=Kumite −67 kg;source_text=Vinícius Figueira Brazil;entry_country=BRA;source_url=https://en.wikipedia.org/wiki/2014_World_Karate_Championships,5.0
world_karate_championships_2014_men_kumite-67-kg,world_karate_athlete_Kujtim_Bajrami_CHE,3,bronze,discipline=Karate;event=World Karate Championships Men Kumite −67 kg;event_label=Kumite −67 kg;source_text=Kujtim Bajrami Switzerland;entry_country=CHE;source_url=https://en.wikipedia.org/wiki/2014_World_Karate_Championships,5.0
world_karate_championships_2014_men_kumite-75-kg,world_karate_athlete_Ryuichi_Tani_JPN,1,gold,discipline=Karate;event=World Karate Championships Men Kumite −75 kg;event_label=Kumite −75 kg;source_text=Ryuichi Tani Japan;entry_country=JPN;source_url=https://en.wikipedia.org/wiki/2014_World_Karate_Championships,10.0
world_karate_championships_2014_men_kumite-75-kg,world_karate_athlete_Luigi_Busà_ITA,2,silver,discipline=Karate;event=World Karate Championships Men Kumite −75 kg;event_label=Kumite −75 kg;source_text=Luigi Busà Italy;entry_country=ITA;source_url=https://en.wikipedia.org/wiki/2014_World_Karate_Championships,7.0
world_karate_championships_2014_men_kumite-75-kg,world_karate_athlete_Noah_Bitsch_DEU,3,bronze,discipline=Karate;event=World Karate Championships Men Kumite −75 kg;event_label=Kumite −75 kg;source_text=Noah Bitsch Germany;entry_country=DEU;source_url=https://en.wikipedia.org/wiki/2014_World_Karate_Championships,5.0
world_karate_championships_2014_men_kumite-75-kg,world_karate_athlete_Stanislav_Horuna_UKR,3,bronze,discipline=Karate;event=World Karate Championships Men Kumite −75 kg;event_label=Kumite −75 kg;source_text=Stanislav Horuna Ukraine;entry_country=UKR;source_url=https://en.wikipedia.org/wiki/2014_World_Karate_Championships,5.0
world_karate_championships_2014_men_kumite-84-kg,world_karate_athlete_Gogita_Arkania_GEO,1,gold,discipline=Karate;event=World Karate Championships Men Kumite −84 kg;event_label=Kumite −84 kg;source_text=Gogita Arkania Georgia;entry_country=GEO;source_url=https://en.wikipedia.org/wiki/2014_World_Karate_Championships,10.0
world_karate_championships_2014_men_kumite-84-kg,world_karate_athlete_Ryutaro_Araga_JPN,2,silver,discipline=Karate;event=World Karate Championships Men Kumite −84 kg;event_label=Kumite −84 kg;source_text=Ryutaro Araga Japan;entry_country=JPN;source_url=https://en.wikipedia.org/wiki/2014_World_Karate_Championships,7.0
world_karate_championships_2014_men_kumite-84-kg,world_karate_athlete_Mohamed_El-Kotby_EGY,3,bronze,discipline=Karate;event=World Karate Championships Men Kumite −84 kg;event_label=Kumite −84 kg;source_text=Mohamed El-Kotby Egypt;entry_country=EGY;source_url=https://en.wikipedia.org/wiki/2014_World_Karate_Championships,5.0
world_karate_championships_2014_men_kumite-84-kg,world_karate_athlete_Gökhan_Gündüz_TUR,3,bronze,discipline=Karate;event=World Karate Championships Men Kumite −84 kg;event_label=Kumite −84 kg;source_text=Gökhan Gündüz Turkey;entry_country=TUR;source_url=https://en.wikipedia.org/wiki/2014_World_Karate_Championships,5.0
world_karate_championships_2014_men_kumite-plus84-kg,world_karate_athlete_Enes_Erkan_TUR,1,gold,discipline=Karate;event=World Karate Championships Men Kumite +84 kg;event_label=Kumite +84 kg;source_text=Enes Erkan Turkey;entry_country=TUR;source_url=https://en.wikipedia.org/wiki/2014_World_Karate_Championships,10.0
world_karate_championships_2014_men_kumite-plus84-kg,world_karate_athlete_Sajjad_Ganjzadeh_IRI,2,silver,discipline=Karate;event=World Karate Championships Men Kumite +84 kg;event_label=Kumite +84 kg;source_text=Sajjad Ganjzadeh Iran;entry_country=IRI;source_url=https://en.wikipedia.org/wiki/2014_World_Karate_Championships,7.0
world_karate_championships_2014_men_kumite-plus84-kg,world_karate_athlete_Admir_Zukan_BIH,3,bronze,discipline=Karate;event=World Karate Championships Men Kumite +84 kg;event_label=Kumite +84 kg;source_text=Admir Zukan Bosnia and Herzegovina;entry_country=BIH;source_url=https://en.wikipedia.org/wiki/2014_World_Karate_Championships,5.0
world_karate_championships_2014_men_kumite-plus84-kg,world_karate_athlete_Jagoba_Vizuete_ESP,3,bronze,discipline=Karate;event=World Karate Championships Men Kumite +84 kg;event_label=Kumite +84 kg;source_text=Jagoba Vizuete Spain;entry_country=ESP;source_url=https://en.wikipedia.org/wiki/2014_World_Karate_Championships,5.0
world_karate_championships_2014_men_team-kata,world_karate_team_Spain_Men_Team_kata_ESP,1,gold,discipline=Karate;event=World Karate Championships Men Team kata;event_label=Team kata;source_text=Spain José Carbonell Damián Quintero Francisco Salazar;entry_country=ESP;source_url=https://en.wikipedia.org/wiki/2014_World_Karate_Championships,10.0
world_karate_championships_2014_men_team-kata,world_karate_team_Egypt_Men_Team_kata_EGY,2,silver,discipline=Karate;event=World Karate Championships Men Team kata;event_label=Team kata;source_text=Egypt Ibrahim Magdy Ahmed Ashraf Mohamed Hamdy;entry_country=EGY;source_url=https://en.wikipedia.org/wiki/2014_World_Karate_Championships,7.0
world_karate_championships_2014_men_team-kata,world_karate_team_France_Men_Team_kata_FRA,3,bronze,discipline=Karate;event=World Karate Championships Men Team kata;event_label=Team kata;source_text=France Vu Duc Minh Dack William Geoffray Rémi Martorana;entry_country=FRA;source_url=https://en.wikipedia.org/wiki/2014_World_Karate_Championships,5.0
world_karate_championships_2014_men_team-kata,world_karate_team_Malaysia_Men_Team_kata_MYS,3,bronze,discipline=Karate;event=World Karate Championships Men Team kata;event_label=Team kata;source_text=Malaysia Thomson Hoe Emmanuel Leong Leong Tze Wai;entry_country=MYS;source_url=https://en.wikipedia.org/wiki/2014_World_Karate_Championships,5.0
world_karate_championships_2014_men_team-kumite,world_karate_team_Iran_Men_Team_kumite_IRI,1,gold,discipline=Karate;event=World Karate Championships Men Team kumite;event_label=Team kumite;source_text=Iran Saeid Ahmadi Bahman Askari Sajjad Ganjzadeh Ebrahim Hassanbeigi Saman Heidari Zabihollah Pourshab Iman Sanchouli;entry_country=IRI;source_url=https://en.wikipedia.org/wiki/2014_World_Karate_Championships,10.0
world_karate_championships_2014_men_team-kumite,world_karate_team_Germany_Men_Team_kumite_DEU,2,silver,discipline=Karate;event=World Karate Championships Men Team kumite;event_label=Team kumite;source_text=Germany Andreas Bachmann Noah Bitsch Mehmet Bolat Oliver Henning Jonathan Horne Heinrich Leistenschneider Nika Tsurtsumia;entry_country=DEU;source_url=https://en.wikipedia.org/wiki/2014_World_Karate_Championships,7.0
world_karate_championships_2014_men_team-kumite,world_karate_team_Japan_Men_Team_kumite_JPN,3,bronze,discipline=Karate;event=World Karate Championships Men Team kumite;event_label=Team kumite;source_text=Japan Ryutaro Araga Rikiya Iimura Masaya Ishizuka Hideyoshi Kagawa Hiroto Shinohara Ryuichi Tani Daisuke Watanabe;entry_country=JPN;source_url=https://en.wikipedia.org/wiki/2014_World_Karate_Championships,5.0
world_karate_championships_2014_men_team-kumite,world_karate_team_Türkiye_Men_Team_kumite_TUR,3,bronze,discipline=Karate;event=World Karate Championships Men Team kumite;event_label=Team kumite;source_text=Turkey Uğur Aktaş Erman Eltemur Enes Erkan Gökhan Gündüz Rıdvan Kaptan Yaser Şahintekin Serkan Yağcı;entry_country=TUR;source_url=https://en.wikipedia.org/wiki/2014_World_Karate_Championships,5.0
world_karate_championships_2014_women_kata,world_karate_athlete_Kiyou_Shimizu_JPN,1,gold,discipline=Karate;event=World Karate Championships Women Individual kata;event_label=Individual kata;source_text=Kiyou Shimizu Japan;entry_country=JPN;source_url=https://en.wikipedia.org/wiki/2014_World_Karate_Championships,10.0
world_karate_championships_2014_women_kata,world_karate_athlete_Sandy_Scordo_FRA,2,silver,discipline=Karate;event=World Karate Championships Women Individual kata;event_label=Individual kata;source_text=Sandy Scordo France;entry_country=FRA;source_url=https://en.wikipedia.org/wiki/2014_World_Karate_Championships,7.0
world_karate_championships_2014_women_kata,world_karate_athlete_Jasmin_Bleul_DEU,3,bronze,discipline=Karate;event=World Karate Championships Women Individual kata;event_label=Individual kata;source_text=Jasmin Bleul Germany;entry_country=DEU;source_url=https://en.wikipedia.org/wiki/2014_World_Karate_Championships,5.0
world_karate_championships_2014_women_kata,world_karate_athlete_Yaiza_Martín_ESP,3,bronze,discipline=Karate;event=World Karate Championships Women Individual kata;event_label=Individual kata;source_text=Yaiza Martín Spain;entry_country=ESP;source_url=https://en.wikipedia.org/wiki/2014_World_Karate_Championships,5.0
world_karate_championships_2014_women_kumite-50-kg,world_karate_athlete_Serap_Özçelik_TUR,1,gold,discipline=Karate;event=World Karate Championships Women Kumite −50 kg;event_label=Kumite −50 kg;source_text=Serap Özçelik Turkey;entry_country=TUR;source_url=https://en.wikipedia.org/wiki/2014_World_Karate_Championships,10.0
world_karate_championships_2014_women_kumite-50-kg,world_karate_athlete_Duygu_Buur_DEU,2,silver,discipline=Karate;event=World Karate Championships Women Kumite −50 kg;event_label=Kumite −50 kg;source_text=Duygu Buğur Germany;entry_country=DEU;source_url=https://en.wikipedia.org/wiki/2014_World_Karate_Championships,7.0
world_karate_championships_2014_women_kumite-50-kg,world_karate_athlete_Rocío_Sánchez_ESP,3,bronze,discipline=Karate;event=World Karate Championships Women Kumite −50 kg;event_label=Kumite −50 kg;source_text=Rocío Sánchez Spain;entry_country=ESP;source_url=https://en.wikipedia.org/wiki/2014_World_Karate_Championships,5.0
world_karate_championships_2014_women_kumite-50-kg,world_karate_athlete_Alexandra_Recchia_FRA,3,bronze,discipline=Karate;event=World Karate Championships Women Kumite −50 kg;event_label=Kumite −50 kg;source_text=Alexandra Recchia France;entry_country=FRA;source_url=https://en.wikipedia.org/wiki/2014_World_Karate_Championships,5.0
world_karate_championships_2014_women_kumite-55-kg,world_karate_athlete_Sara_Cardin_ITA,1,gold,discipline=Karate;event=World Karate Championships Women Kumite −55 kg;event_label=Kumite −55 kg;source_text=Sara Cardin Italy;entry_country=ITA;source_url=https://en.wikipedia.org/wiki/2014_World_Karate_Championships,10.0
world_karate_championships_2014_women_kumite-55-kg,world_karate_athlete_Emily_Thouy_FRA,2,silver,discipline=Karate;event=World Karate Championships Women Kumite −55 kg;event_label=Kumite −55 kg;source_text=Emily Thouy France;entry_country=FRA;source_url=https://en.wikipedia.org/wiki/2014_World_Karate_Championships,7.0
world_karate_championships_2014_women_kumite-55-kg,world_karate_athlete_Jana_Bitsch_DEU,3,bronze,discipline=Karate;event=World Karate Championships Women Kumite −55 kg;event_label=Kumite −55 kg;source_text=Jana Bitsch Germany;entry_country=DEU;source_url=https://en.wikipedia.org/wiki/2014_World_Karate_Championships,5.0
world_karate_championships_2014_women_kumite-55-kg,world_karate_athlete_Miki_Kobayashi_JPN,3,bronze,discipline=Karate;event=World Karate Championships Women Kumite −55 kg;event_label=Kumite −55 kg;source_text=Miki Kobayashi Japan;entry_country=JPN;source_url=https://en.wikipedia.org/wiki/2014_World_Karate_Championships,5.0
world_karate_championships_2014_women_kumite-61-kg,world_karate_athlete_Giana_Farouk_EGY,1,gold,discipline=Karate;event=World Karate Championships Women Kumite −61 kg;event_label=Kumite −61 kg;source_text=Giana Farouk Egypt;entry_country=EGY;source_url=https://en.wikipedia.org/wiki/2014_World_Karate_Championships,10.0
world_karate_championships_2014_women_kumite-61-kg,world_karate_athlete_Syakilla_Salni_MYS,2,silver,discipline=Karate;event=World Karate Championships Women Kumite −61 kg;event_label=Kumite −61 kg;source_text=Syakilla Salni Malaysia;entry_country=MYS;source_url=https://en.wikipedia.org/wiki/2014_World_Karate_Championships,7.0
world_karate_championships_2014_women_kumite-61-kg,world_karate_athlete_Laura_Pasqua_ITA,3,bronze,discipline=Karate;event=World Karate Championships Women Kumite −61 kg;event_label=Kumite −61 kg;source_text=Laura Pasqua Italy;entry_country=ITA;source_url=https://en.wikipedia.org/wiki/2014_World_Karate_Championships,5.0
world_karate_championships_2014_women_kumite-61-kg,world_karate_athlete_Mayumi_Someya_JPN,3,bronze,discipline=Karate;event=World Karate Championships Women Kumite −61 kg;event_label=Kumite −61 kg;source_text=Mayumi Someya Japan;entry_country=JPN;source_url=https://en.wikipedia.org/wiki/2014_World_Karate_Championships,5.0
world_karate_championships_2014_women_kumite-68-kg,world_karate_athlete_Alizée_Agier_FRA,1,gold,discipline=Karate;event=World Karate Championships Women Kumite −68 kg;event_label=Kumite −68 kg;source_text=Alizée Agier France;entry_country=FRA;source_url=https://en.wikipedia.org/wiki/2014_World_Karate_Championships,10.0
world_karate_championships_2014_women_kumite-68-kg,world_karate_athlete_Gitte_Brunstad_NOR,2,silver,discipline=Karate;event=World Karate Championships Women Kumite −68 kg;event_label=Kumite −68 kg;source_text=Gitte Brunstad Norway;entry_country=NOR;source_url=https://en.wikipedia.org/wiki/2014_World_Karate_Championships,7.0
world_karate_championships_2014_women_kumite-68-kg,world_karate_athlete_Alisa_Buchinger_AUT,3,bronze,discipline=Karate;event=World Karate Championships Women Kumite −68 kg;event_label=Kumite −68 kg;source_text=Alisa Buchinger Austria;entry_country=AUT;source_url=https://en.wikipedia.org/wiki/2014_World_Karate_Championships,5.0
world_karate_championships_2014_women_kumite-68-kg,world_karate_athlete_Irina_Zaretska_UKR,3,bronze,discipline=Karate;event=World Karate Championships Women Kumite −68 kg;event_label=Kumite −68 kg;source_text=Irina Zaretska Ukraine;entry_country=UKR;source_url=https://en.wikipedia.org/wiki/2014_World_Karate_Championships,5.0
world_karate_championships_2014_women_kumite-plus68-kg,world_karate_athlete_Shymaa_Abou-El-Yazed_EGY,1,gold,discipline=Karate;event=World Karate Championships Women Kumite +68 kg;event_label=Kumite +68 kg;source_text=Shymaa Abou-El-Yazed Egypt;entry_country=EGY;source_url=https://en.wikipedia.org/wiki/2014_World_Karate_Championships,10.0
world_karate_championships_2014_women_kumite-plus68-kg,world_karate_athlete_Hamideh_Abbasali_IRI,2,silver,discipline=Karate;event=World Karate Championships Women Kumite +68 kg;event_label=Kumite +68 kg;source_text=Hamideh Abbasali Iran;entry_country=IRI;source_url=https://en.wikipedia.org/wiki/2014_World_Karate_Championships,7.0
world_karate_championships_2014_women_kumite-plus68-kg,world_karate_athlete_Laura_Palacio_ESP,3,bronze,discipline=Karate;event=World Karate Championships Women Kumite +68 kg;event_label=Kumite +68 kg;source_text=Laura Palacio Spain;entry_country=ESP;source_url=https://en.wikipedia.org/wiki/2014_World_Karate_Championships,5.0
world_karate_championships_2014_women_kumite-plus68-kg,world_karate_athlete_Ayumi_Uekusa_JPN,3,bronze,discipline=Karate;event=World Karate Championships Women Kumite +68 kg;event_label=Kumite +68 kg;source_text=Ayumi Uekusa Japan;entry_country=JPN;source_url=https://en.wikipedia.org/wiki/2014_World_Karate_Championships,5.0
world_karate_championships_2014_women_team-kata,world_karate_team_Germany_Women_Team_kata_DEU,1,gold,discipline=Karate;event=World Karate Championships Women Team kata;event_label=Team kata;source_text=Germany Jasmin Bleul Christine Heinrich Sophie Wachter;entry_country=DEU;source_url=https://en.wikipedia.org/wiki/2014_World_Karate_Championships,10.0
world_karate_championships_2014_women_team-kata,world_karate_team_Japan_Women_Team_kata_JPN,2,silver,discipline=Karate;event=World Karate Championships Women Team kata;event_label=Team kata;source_text=Japan Suzuka Kashioka Yoko Kimura Miku Morioka;entry_country=JPN;source_url=https://en.wikipedia.org/wiki/2014_World_Karate_Championships,7.0
world_karate_championships_2014_women_team-kata,world_karate_team_Iran_Women_Team_kata_IRI,3,bronze,discipline=Karate;event=World Karate Championships Women Team kata;event_label=Team kata;source_text=Iran Mahsa Afsaneh Najmeh Ghazizadeh Elnaz Taghipour;entry_country=IRI;source_url=https://en.wikipedia.org/wiki/2014_World_Karate_Championships,5.0
world_karate_championships_2014_women_team-kata,world_karate_team_Italy_Women_Team_kata_ITA,3,bronze,discipline=Karate;event=World Karate Championships Women Team kata;event_label=Team kata;source_text=Italy Sara Battaglia Viviana Bottaro Michela Pezzetti;entry_country=ITA;source_url=https://en.wikipedia.org/wiki/2014_World_Karate_Championships,5.0
world_karate_championships_2014_women_team-kumite,world_karate_team_Egypt_Women_Team_kumite_EGY,1,gold,discipline=Karate;event=World Karate Championships Women Team kumite;event_label=Team kumite;source_text=Egypt Shymaa Abou-El-Yazed Yassmin Hamdy Giana Farouk Fatma Al-Zahraa;entry_country=EGY;source_url=https://en.wikipedia.org/wiki/2014_World_Karate_Championships,10.0
world_karate_championships_2014_women_team-kumite,world_karate_team_France_Women_Team_kumite_FRA,2,silver,discipline=Karate;event=World Karate Championships Women Team kumite;event_label=Team kumite;source_text=France Nadège Aït-Ibrahim Leïla Heurtault Lucie Ignace Alexandra Recchia;entry_country=FRA;source_url=https://en.wikipedia.org/wiki/2014_World_Karate_Championships,7.0
world_karate_championships_2014_women_team-kumite,world_karate_team_Japan_Women_Team_kumite_JPN,3,bronze,discipline=Karate;event=World Karate Championships Women Team kumite;event_label=Team kumite;source_text=Japan Natsumi Kawamura Miki Kobayashi Mayumi Someya Ayumi Uekusa;entry_country=JPN;source_url=https://en.wikipedia.org/wiki/2014_World_Karate_Championships,5.0
world_karate_championships_2014_women_team-kumite,world_karate_team_Türkiye_Women_Team_kumite_TUR,3,bronze,discipline=Karate;event=World Karate Championships Women Team kumite;event_label=Team kumite;source_text=Turkey Buse Avcu Merve Çoban Meltem Hocaoğlu Serap Özçelik;entry_country=TUR;source_url=https://en.wikipedia.org/wiki/2014_World_Karate_Championships,5.0
world_karate_championships_2016_men_kata,world_karate_athlete_Ryo_Kiyuna_JPN,1,gold,discipline=Karate;event=World Karate Championships Men Individual kata;event_label=Individual kata;source_text=Ryo Kiyuna Japan;entry_country=JPN;source_url=https://en.wikipedia.org/wiki/2016_World_Karate_Championships,10.0
world_karate_championships_2016_men_kata,world_karate_athlete_Damián_Quintero_ESP,2,silver,discipline=Karate;event=World Karate Championships Men Individual kata;event_label=Individual kata;source_text=Damián Quintero Spain;entry_country=ESP;source_url=https://en.wikipedia.org/wiki/2016_World_Karate_Championships,7.0
world_karate_championships_2016_men_kata,world_karate_athlete_Ilja_Smorguner_DEU,3,bronze,discipline=Karate;event=World Karate Championships Men Individual kata;event_label=Individual kata;source_text=Ilja Smorguner Germany;entry_country=DEU;source_url=https://en.wikipedia.org/wiki/2016_World_Karate_Championships,5.0
world_karate_championships_2016_men_kata,world_karate_athlete_Antonio_Díaz_VEN,3,bronze,discipline=Karate;event=World Karate Championships Men Individual kata;event_label=Individual kata;source_text=Antonio Díaz Venezuela;entry_country=VEN;source_url=https://en.wikipedia.org/wiki/2016_World_Karate_Championships,5.0
world_karate_championships_2016_men_kumite-60-kg,world_karate_athlete_Amir_Mehdizadeh_IRI,1,gold,discipline=Karate;event=World Karate Championships Men Kumite −60 kg;event_label=Kumite −60 kg;source_text=Amir Mehdizadeh Iran;entry_country=IRI;source_url=https://en.wikipedia.org/wiki/2016_World_Karate_Championships,10.0
world_karate_championships_2016_men_kumite-60-kg,world_karate_athlete_Geoffrey_Berens_NLD,2,silver,discipline=Karate;event=World Karate Championships Men Kumite −60 kg;event_label=Kumite −60 kg;source_text=Geoffrey Berens Netherlands;entry_country=NLD;source_url=https://en.wikipedia.org/wiki/2016_World_Karate_Championships,7.0
world_karate_championships_2016_men_kumite-60-kg,world_karate_athlete_Firdovsi_Farzaliyev_AZE,3,bronze,discipline=Karate;event=World Karate Championships Men Kumite −60 kg;event_label=Kumite −60 kg;source_text=Firdovsi Farzaliyev Azerbaijan;entry_country=AZE;source_url=https://en.wikipedia.org/wiki/2016_World_Karate_Championships,5.0
world_karate_championships_2016_men_kumite-60-kg,world_karate_athlete_Sofiane_Agoudjil_FRA,3,bronze,discipline=Karate;event=World Karate Championships Men Kumite −60 kg;event_label=Kumite −60 kg;source_text=Sofiane Agoudjil France;entry_country=FRA;source_url=https://en.wikipedia.org/wiki/2016_World_Karate_Championships,5.0
world_karate_championships_2016_men_kumite-67-kg,world_karate_athlete_Jordan_Thomas_ENG,1,gold,discipline=Karate;event=World Karate Championships Men Kumite −67 kg;event_label=Kumite −67 kg;source_text=Jordan Thomas England;entry_country=ENG;source_url=https://en.wikipedia.org/wiki/2016_World_Karate_Championships,10.0
world_karate_championships_2016_men_kumite-67-kg,world_karate_athlete_Yves_Martial_Tadissi_HUN,2,silver,discipline=Karate;event=World Karate Championships Men Kumite −67 kg;event_label=Kumite −67 kg;source_text=Yves Martial Tadissi Hungary;entry_country=HUN;source_url=https://en.wikipedia.org/wiki/2016_World_Karate_Championships,7.0
world_karate_championships_2016_men_kumite-67-kg,world_karate_athlete_Steven_Da_Costa_FRA,3,bronze,discipline=Karate;event=World Karate Championships Men Kumite −67 kg;event_label=Kumite −67 kg;source_text=Steven Da Costa France;entry_country=FRA;source_url=https://en.wikipedia.org/wiki/2016_World_Karate_Championships,5.0
world_karate_championships_2016_men_kumite-67-kg,world_karate_athlete_Andrés_Madera_VEN,3,bronze,discipline=Karate;event=World Karate Championships Men Kumite −67 kg;event_label=Kumite −67 kg;source_text=Andrés Madera Venezuela;entry_country=VEN;source_url=https://en.wikipedia.org/wiki/2016_World_Karate_Championships,5.0
world_karate_championships_2016_men_kumite-75-kg,world_karate_athlete_Rafael_Aghayev_AZE,1,gold,discipline=Karate;event=World Karate Championships Men Kumite −75 kg;event_label=Kumite −75 kg;source_text=Rafael Aghayev Azerbaijan;entry_country=AZE;source_url=https://en.wikipedia.org/wiki/2016_World_Karate_Championships,10.0
world_karate_championships_2016_men_kumite-75-kg,world_karate_athlete_Omar_Abdelrahman_EGY,2,silver,discipline=Karate;event=World Karate Championships Men Kumite −75 kg;event_label=Kumite −75 kg;source_text=Omar Abdelrahman Egypt;entry_country=EGY;source_url=https://en.wikipedia.org/wiki/2016_World_Karate_Championships,7.0
world_karate_championships_2016_men_kumite-75-kg,world_karate_athlete_Ali_Asghar_Asiabari_IRI,3,bronze,discipline=Karate;event=World Karate Championships Men Kumite −75 kg;event_label=Kumite −75 kg;source_text=Ali Asghar Asiabari Iran;entry_country=IRI;source_url=https://en.wikipedia.org/wiki/2016_World_Karate_Championships,5.0
world_karate_championships_2016_men_kumite-75-kg,world_karate_athlete_Luigi_Busà_ITA,3,bronze,discipline=Karate;event=World Karate Championships Men Kumite −75 kg;event_label=Kumite −75 kg;source_text=Luigi Busà Italy;entry_country=ITA;source_url=https://en.wikipedia.org/wiki/2016_World_Karate_Championships,5.0
world_karate_championships_2016_men_kumite-84-kg,world_karate_athlete_Ryutaro_Araga_JPN,1,gold,discipline=Karate;event=World Karate Championships Men Kumite −84 kg;event_label=Kumite −84 kg;source_text=Ryutaro Araga Japan;entry_country=JPN;source_url=https://en.wikipedia.org/wiki/2016_World_Karate_Championships,10.0
world_karate_championships_2016_men_kumite-84-kg,world_karate_athlete_Aykhan_Mamayev_AZE,2,silver,discipline=Karate;event=World Karate Championships Men Kumite −84 kg;event_label=Kumite −84 kg;source_text=Aykhan Mamayev Azerbaijan;entry_country=AZE;source_url=https://en.wikipedia.org/wiki/2016_World_Karate_Championships,7.0
world_karate_championships_2016_men_kumite-84-kg,world_karate_athlete_Kenji_Grillon_FRA,3,bronze,discipline=Karate;event=World Karate Championships Men Kumite −84 kg;event_label=Kumite −84 kg;source_text=Kenji Grillon France;entry_country=FRA;source_url=https://en.wikipedia.org/wiki/2016_World_Karate_Championships,5.0
world_karate_championships_2016_men_kumite-84-kg,world_karate_athlete_Zabihollah_Pourshab_IRI,3,bronze,discipline=Karate;event=World Karate Championships Men Kumite −84 kg;event_label=Kumite −84 kg;source_text=Zabihollah Pourshab Iran;entry_country=IRI;source_url=https://en.wikipedia.org/wiki/2016_World_Karate_Championships,5.0
world_karate_championships_2016_men_kumite-plus84-kg,world_karate_athlete_Sajjad_Ganjzadeh_IRI,1,gold,discipline=Karate;event=World Karate Championships Men Kumite +84 kg;event_label=Kumite +84 kg;source_text=Sajjad Ganjzadeh Iran;entry_country=IRI;source_url=https://en.wikipedia.org/wiki/2016_World_Karate_Championships,10.0
world_karate_championships_2016_men_kumite-plus84-kg,world_karate_athlete_Achraf_Ouchen_MAR,2,silver,discipline=Karate;event=World Karate Championships Men Kumite +84 kg;event_label=Kumite +84 kg;source_text=Achraf Ouchen Morocco;entry_country=MAR;source_url=https://en.wikipedia.org/wiki/2016_World_Karate_Championships,7.0
world_karate_championships_2016_men_kumite-plus84-kg,world_karate_athlete_Anelo_Kvesi_HRV,3,bronze,discipline=Karate;event=World Karate Championships Men Kumite +84 kg;event_label=Kumite +84 kg;source_text=Anđelo Kvesić Croatia;entry_country=HRV;source_url=https://en.wikipedia.org/wiki/2016_World_Karate_Championships,5.0
world_karate_championships_2016_men_kumite-plus84-kg,world_karate_athlete_Herolind_Nishevci_KOS,3,bronze,discipline=Karate;event=World Karate Championships Men Kumite +84 kg;event_label=Kumite +84 kg;source_text=Herolind Nishevci Kosovo;entry_country=KOS;source_url=https://en.wikipedia.org/wiki/2016_World_Karate_Championships,5.0
world_karate_championships_2016_men_team-kata,world_karate_team_Japan_Men_Team_kata_JPN,1,gold,discipline=Karate;event=World Karate Championships Men Team kata;event_label=Team kata;source_text=Japan Arata Kinjo Ryo Kiyuna Takuya Uemura;entry_country=JPN;source_url=https://en.wikipedia.org/wiki/2016_World_Karate_Championships,10.0
world_karate_championships_2016_men_team-kata,world_karate_team_France_Men_Team_kata_FRA,2,silver,discipline=Karate;event=World Karate Championships Men Team kata;event_label=Team kata;source_text=France Lucas Jeannot Enzo Montarello Ahmed Zemouri;entry_country=FRA;source_url=https://en.wikipedia.org/wiki/2016_World_Karate_Championships,7.0
world_karate_championships_2016_men_team-kata,world_karate_team_Spain_Men_Team_kata_ESP,3,bronze,discipline=Karate;event=World Karate Championships Men Team kata;event_label=Team kata;source_text=Spain José Carbonell Damián Quintero Francisco Salazar;entry_country=ESP;source_url=https://en.wikipedia.org/wiki/2016_World_Karate_Championships,5.0
world_karate_championships_2016_men_team-kata,world_karate_team_Italy_Men_Team_kata_ITA,3,bronze,discipline=Karate;event=World Karate Championships Men Team kata;event_label=Team kata;source_text=Italy Mattia Busato Alessandro Iodice Alfredo Tocco;entry_country=ITA;source_url=https://en.wikipedia.org/wiki/2016_World_Karate_Championships,5.0
world_karate_championships_2016_men_team-kumite,world_karate_team_Iran_Men_Team_kumite_IRI,1,gold,discipline=Karate;event=World Karate Championships Men Team kumite;event_label=Team kumite;source_text=Iran Saeid Ahmadi Bahman Askari Ali Fadakar Sajjad Ganjzadeh Mehdi Khodabakhshi Zabihollah Pourshab Iman Sanchouli;entry_country=IRI;source_url=https://en.wikipedia.org/wiki/2016_World_Karate_Championships,10.0
world_karate_championships_2016_men_team-kumite,world_karate_team_Japan_Men_Team_kumite_JPN,2,silver,discipline=Karate;event=World Karate Championships Men Team kumite;event_label=Team kumite;source_text=Japan Ryutaro Araga Rikiya Iimura Masaya Ishizuka Hideyoshi Kagawa Ken Nishimura Hiroto Shinohara Daisuke Watanabe;entry_country=JPN;source_url=https://en.wikipedia.org/wiki/2016_World_Karate_Championships,7.0
world_karate_championships_2016_men_team-kumite,world_karate_team_Germany_Men_Team_kumite_DEU,3,bronze,discipline=Karate;event=World Karate Championships Men Team kumite;event_label=Team kumite;source_text=Germany Noah Bitsch Mehmet Bolat Nico Drexel Ricardo Giegler Jonathan Horne Heinrich Leistenschneider Robin Winters;entry_country=DEU;source_url=https://en.wikipedia.org/wiki/2016_World_Karate_Championships,5.0
world_karate_championships_2016_men_team-kumite,world_karate_team_France_Men_Team_kumite_FRA,3,bronze,discipline=Karate;event=World Karate Championships Men Team kumite;event_label=Team kumite;source_text=France Amin Bouazza Jessie Da Costa Logan Da Costa Steven Da Costa Marvin Garin Kenji Grillon Corentin Seguy;entry_country=FRA;source_url=https://en.wikipedia.org/wiki/2016_World_Karate_Championships,5.0
world_karate_championships_2016_women_kata,world_karate_athlete_Kiyou_Shimizu_JPN,1,gold,discipline=Karate;event=World Karate Championships Women Individual kata;event_label=Individual kata;source_text=Kiyou Shimizu Japan;entry_country=JPN;source_url=https://en.wikipedia.org/wiki/2016_World_Karate_Championships,10.0
world_karate_championships_2016_women_kata,world_karate_athlete_Sarah_Sayed_EGY,2,silver,discipline=Karate;event=World Karate Championships Women Individual kata;event_label=Individual kata;source_text=Sarah Sayed Egypt;entry_country=EGY;source_url=https://en.wikipedia.org/wiki/2016_World_Karate_Championships,7.0
world_karate_championships_2016_women_kata,world_karate_athlete_Sandra_Sánchez_ESP,3,bronze,discipline=Karate;event=World Karate Championships Women Individual kata;event_label=Individual kata;source_text=Sandra Sánchez Spain;entry_country=ESP;source_url=https://en.wikipedia.org/wiki/2016_World_Karate_Championships,5.0
world_karate_championships_2016_women_kata,world_karate_athlete_Viviana_Bottaro_ITA,3,bronze,discipline=Karate;event=World Karate Championships Women Individual kata;event_label=Individual kata;source_text=Viviana Bottaro Italy;entry_country=ITA;source_url=https://en.wikipedia.org/wiki/2016_World_Karate_Championships,5.0
world_karate_championships_2016_women_kumite-50-kg,world_karate_athlete_Alexandra_Recchia_FRA,1,gold,discipline=Karate;event=World Karate Championships Women Kumite −50 kg;event_label=Kumite −50 kg;source_text=Alexandra Recchia France;entry_country=FRA;source_url=https://en.wikipedia.org/wiki/2016_World_Karate_Championships,10.0
world_karate_championships_2016_women_kumite-50-kg,world_karate_athlete_Miho_Miyahara_JPN,2,silver,discipline=Karate;event=World Karate Championships Women Kumite −50 kg;event_label=Kumite −50 kg;source_text=Miho Miyahara Japan;entry_country=JPN;source_url=https://en.wikipedia.org/wiki/2016_World_Karate_Championships,7.0
world_karate_championships_2016_women_kumite-50-kg,world_karate_athlete_Bettina_Plank_AUT,3,bronze,discipline=Karate;event=World Karate Championships Women Kumite −50 kg;event_label=Kumite −50 kg;source_text=Bettina Plank Austria;entry_country=AUT;source_url=https://en.wikipedia.org/wiki/2016_World_Karate_Championships,5.0
world_karate_championships_2016_women_kumite-50-kg,world_karate_athlete_Radwa_Sayed_EGY,3,bronze,discipline=Karate;event=World Karate Championships Women Kumite −50 kg;event_label=Kumite −50 kg;source_text=Radwa Sayed Egypt;entry_country=EGY;source_url=https://en.wikipedia.org/wiki/2016_World_Karate_Championships,5.0
world_karate_championships_2016_women_kumite-55-kg,world_karate_athlete_Emily_Thouy_FRA,1,gold,discipline=Karate;event=World Karate Championships Women Kumite −55 kg;event_label=Kumite −55 kg;source_text=Emily Thouy France;entry_country=FRA;source_url=https://en.wikipedia.org/wiki/2016_World_Karate_Championships,10.0
world_karate_championships_2016_women_kumite-55-kg,world_karate_athlete_Valéria_Kumizaki_BRA,2,silver,discipline=Karate;event=World Karate Championships Women Kumite −55 kg;event_label=Kumite −55 kg;source_text=Valéria Kumizaki Brazil;entry_country=BRA;source_url=https://en.wikipedia.org/wiki/2016_World_Karate_Championships,7.0
world_karate_championships_2016_women_kumite-55-kg,world_karate_athlete_Sara_Yamada_JPN,3,bronze,discipline=Karate;event=World Karate Championships Women Kumite −55 kg;event_label=Kumite −55 kg;source_text=Sara Yamada Japan;entry_country=JPN;source_url=https://en.wikipedia.org/wiki/2016_World_Karate_Championships,5.0
world_karate_championships_2016_women_kumite-55-kg,world_karate_athlete_Wen_Tzu-yun_TPE,3,bronze,discipline=Karate;event=World Karate Championships Women Kumite −55 kg;event_label=Kumite −55 kg;source_text=Wen Tzu-yun Chinese Taipei;entry_country=TPE;source_url=https://en.wikipedia.org/wiki/2016_World_Karate_Championships,5.0
world_karate_championships_2016_women_kumite-61-kg,world_karate_athlete_Giana_Farouk_EGY,1,gold,discipline=Karate;event=World Karate Championships Women Kumite −61 kg;event_label=Kumite −61 kg;source_text=Giana Farouk Egypt;entry_country=EGY;source_url=https://en.wikipedia.org/wiki/2016_World_Karate_Championships,10.0
world_karate_championships_2016_women_kumite-61-kg,world_karate_athlete_Lucie_Ignace_FRA,2,silver,discipline=Karate;event=World Karate Championships Women Kumite −61 kg;event_label=Kumite −61 kg;source_text=Lucie Ignace France;entry_country=FRA;source_url=https://en.wikipedia.org/wiki/2016_World_Karate_Championships,7.0
world_karate_championships_2016_women_kumite-61-kg,world_karate_athlete_Ingrida_Suchánková_SVK,3,bronze,discipline=Karate;event=World Karate Championships Women Kumite −61 kg;event_label=Kumite −61 kg;source_text=Ingrida Suchánková Slovakia;entry_country=SVK;source_url=https://en.wikipedia.org/wiki/2016_World_Karate_Championships,5.0
world_karate_championships_2016_women_kumite-61-kg,world_karate_athlete_Anita_Serogina_UKR,3,bronze,discipline=Karate;event=World Karate Championships Women Kumite −61 kg;event_label=Kumite −61 kg;source_text=Anita Serogina Ukraine;entry_country=UKR;source_url=https://en.wikipedia.org/wiki/2016_World_Karate_Championships,5.0
world_karate_championships_2016_women_kumite-68-kg,world_karate_athlete_Alisa_Buchinger_AUT,1,gold,discipline=Karate;event=World Karate Championships Women Kumite −68 kg;event_label=Kumite −68 kg;source_text=Alisa Buchinger Austria;entry_country=AUT;source_url=https://en.wikipedia.org/wiki/2016_World_Karate_Championships,10.0
world_karate_championships_2016_women_kumite-68-kg,world_karate_athlete_Katrine_Pedersen_DNK,2,silver,discipline=Karate;event=World Karate Championships Women Kumite −68 kg;event_label=Kumite −68 kg;source_text=Katrine Pedersen Denmark;entry_country=DNK;source_url=https://en.wikipedia.org/wiki/2016_World_Karate_Championships,7.0
world_karate_championships_2016_women_kumite-68-kg,world_karate_athlete_Ivona_avar_BIH,3,bronze,discipline=Karate;event=World Karate Championships Women Kumite −68 kg;event_label=Kumite −68 kg;source_text=Ivona Ćavar Bosnia and Herzegovina;entry_country=BIH;source_url=https://en.wikipedia.org/wiki/2016_World_Karate_Championships,5.0
world_karate_championships_2016_women_kumite-68-kg,world_karate_athlete_Marina_Rakovi_MNE,3,bronze,discipline=Karate;event=World Karate Championships Women Kumite −68 kg;event_label=Kumite −68 kg;source_text=Marina Raković Montenegro;entry_country=MNE;source_url=https://en.wikipedia.org/wiki/2016_World_Karate_Championships,5.0
world_karate_championships_2016_women_kumite-plus68-kg,world_karate_athlete_Ayumi_Uekusa_JPN,1,gold,discipline=Karate;event=World Karate Championships Women Kumite +68 kg;event_label=Kumite +68 kg;source_text=Ayumi Uekusa Japan;entry_country=JPN;source_url=https://en.wikipedia.org/wiki/2016_World_Karate_Championships,10.0
world_karate_championships_2016_women_kumite-plus68-kg,world_karate_athlete_Eleni_Chatziliadou_GRC,2,silver,discipline=Karate;event=World Karate Championships Women Kumite +68 kg;event_label=Kumite +68 kg;source_text=Eleni Chatziliadou Greece;entry_country=GRC;source_url=https://en.wikipedia.org/wiki/2016_World_Karate_Championships,7.0
world_karate_championships_2016_women_kumite-plus68-kg,world_karate_athlete_Hamideh_Abbasali_IRI,3,bronze,discipline=Karate;event=World Karate Championships Women Kumite +68 kg;event_label=Kumite +68 kg;source_text=Hamideh Abbasali Iran;entry_country=IRI;source_url=https://en.wikipedia.org/wiki/2016_World_Karate_Championships,5.0
world_karate_championships_2016_women_kumite-plus68-kg,world_karate_athlete_Dominika_Tatárová_SVK,3,bronze,discipline=Karate;event=World Karate Championships Women Kumite +68 kg;event_label=Kumite +68 kg;source_text=Dominika Tatárová Slovakia;entry_country=SVK;source_url=https://en.wikipedia.org/wiki/2016_World_Karate_Championships,5.0
world_karate_championships_2016_women_team-kata,world_karate_team_Japan_Women_Team_kata_JPN,1,gold,discipline=Karate;event=World Karate Championships Women Team kata;event_label=Team kata;source_text=Japan Miku Morioka Hikaru Ono Kyosuke Yamashita;entry_country=JPN;source_url=https://en.wikipedia.org/wiki/2016_World_Karate_Championships,10.0
world_karate_championships_2016_women_team-kata,world_karate_team_Spain_Women_Team_kata_ESP,2,silver,discipline=Karate;event=World Karate Championships Women Team kata;event_label=Team kata;source_text=Spain Gema Morales Margarita Morata Paula Rodríguez;entry_country=ESP;source_url=https://en.wikipedia.org/wiki/2016_World_Karate_Championships,7.0
world_karate_championships_2016_women_team-kata,world_karate_team_Italy_Women_Team_kata_ITA,3,bronze,discipline=Karate;event=World Karate Championships Women Team kata;event_label=Team kata;source_text=Italy Sara Battaglia Viviana Bottaro Michela Pezzetti;entry_country=ITA;source_url=https://en.wikipedia.org/wiki/2016_World_Karate_Championships,5.0
world_karate_championships_2016_women_team-kata,world_karate_team_Türkiye_Women_Team_kata_TUR,3,bronze,discipline=Karate;event=World Karate Championships Women Team kata;event_label=Team kata;source_text=Turkey Dilara Bozan Rabia Küsmüş Gizem Şahin;entry_country=TUR;source_url=https://en.wikipedia.org/wiki/2016_World_Karate_Championships,5.0
world_karate_championships_2016_women_team-kumite,world_karate_team_France_Women_Team_kumite_FRA,1,gold,discipline=Karate;event=World Karate Championships Women Team kumite;event_label=Team kumite;source_text=France Alizée Agier Leïla Heurtault Lucie Ignace Alexandra Recchia;entry_country=FRA;source_url=https://en.wikipedia.org/wiki/2016_World_Karate_Championships,10.0
world_karate_championships_2016_women_team-kumite,world_karate_team_Spain_Women_Team_kumite_ESP,2,silver,discipline=Karate;event=World Karate Championships Women Team kumite;event_label=Team kumite;source_text=Spain Cristina Ferrer Laura Palacio Rocío Sánchez Cristina Vizcaíno;entry_country=ESP;source_url=https://en.wikipedia.org/wiki/2016_World_Karate_Championships,7.0
world_karate_championships_2016_women_team-kumite,world_karate_team_Egypt_Women_Team_kumite_EGY,3,bronze,discipline=Karate;event=World Karate Championships Women Team kumite;event_label=Team kumite;source_text=Egypt Giana Farouk Yassmin Hamdy Randa Rousfelt Nada Sayed;entry_country=EGY;source_url=https://en.wikipedia.org/wiki/2016_World_Karate_Championships,5.0
world_karate_championships_2016_women_team-kumite,world_karate_team_United_States_Women_Team_kumite_USA,3,bronze,discipline=Karate;event=World Karate Championships Women Team kumite;event_label=Team kumite;source_text=United States Ashley Davis Cheryl Murphy Brandi Robinson Maya Wasowicz;entry_country=USA;source_url=https://en.wikipedia.org/wiki/2016_World_Karate_Championships,5.0
world_karate_championships_2018_men_kata,world_karate_athlete_Ryo_Kiyuna_JPN,1,gold,discipline=Karate;event=World Karate Championships Men Individual kata;event_label=Individual kata;source_text=Ryo Kiyuna Japan;entry_country=JPN;source_url=https://en.wikipedia.org/wiki/2018_World_Karate_Championships,10.0
world_karate_championships_2018_men_kata,world_karate_athlete_Damián_Quintero_ESP,2,silver,discipline=Karate;event=World Karate Championships Men Individual kata;event_label=Individual kata;source_text=Damián Quintero Spain;entry_country=ESP;source_url=https://en.wikipedia.org/wiki/2018_World_Karate_Championships,7.0
world_karate_championships_2018_men_kata,world_karate_athlete_Mattia_Busato_ITA,3,bronze,discipline=Karate;event=World Karate Championships Men Individual kata;event_label=Individual kata;source_text=Mattia Busato Italy;entry_country=ITA;source_url=https://en.wikipedia.org/wiki/2018_World_Karate_Championships,5.0
world_karate_championships_2018_men_kata,world_karate_athlete_Ali_Sofuolu_TUR,3,bronze,discipline=Karate;event=World Karate Championships Men Individual kata;event_label=Individual kata;source_text=Ali Sofuoğlu Turkey;entry_country=TUR;source_url=https://en.wikipedia.org/wiki/2018_World_Karate_Championships,5.0
world_karate_championships_2018_men_kumite-60-kg,world_karate_athlete_Angelo_Crescenzo_ITA,1,gold,discipline=Karate;event=World Karate Championships Men Kumite −60 kg;event_label=Kumite −60 kg;source_text=Angelo Crescenzo Italy;entry_country=ITA;source_url=https://en.wikipedia.org/wiki/2018_World_Karate_Championships,10.0
world_karate_championships_2018_men_kumite-60-kg,world_karate_athlete_Naoto_Sago_JPN,2,silver,discipline=Karate;event=World Karate Championships Men Kumite −60 kg;event_label=Kumite −60 kg;source_text=Naoto Sago Japan;entry_country=JPN;source_url=https://en.wikipedia.org/wiki/2018_World_Karate_Championships,7.0
world_karate_championships_2018_men_kumite-60-kg,world_karate_athlete_Darkhan_Assadilov_KAZ,3,bronze,discipline=Karate;event=World Karate Championships Men Kumite −60 kg;event_label=Kumite −60 kg;source_text=Darkhan Assadilov Kazakhstan;entry_country=KAZ;source_url=https://en.wikipedia.org/wiki/2018_World_Karate_Championships,5.0
world_karate_championships_2018_men_kumite-60-kg,world_karate_athlete_Abdessalam_Ameknassi_MAR,3,bronze,discipline=Karate;event=World Karate Championships Men Kumite −60 kg;event_label=Kumite −60 kg;source_text=Abdessalam Ameknassi Morocco;entry_country=MAR;source_url=https://en.wikipedia.org/wiki/2018_World_Karate_Championships,5.0
world_karate_championships_2018_men_kumite-67-kg,world_karate_athlete_Steven_Da_Costa_FRA,1,gold,discipline=Karate;event=World Karate Championships Men Kumite −67 kg;event_label=Kumite −67 kg;source_text=Steven Da Costa France;entry_country=FRA;source_url=https://en.wikipedia.org/wiki/2018_World_Karate_Championships,10.0
world_karate_championships_2018_men_kumite-67-kg,world_karate_athlete_Vinícius_Figueira_BRA,2,silver,discipline=Karate;event=World Karate Championships Men Kumite −67 kg;event_label=Kumite −67 kg;source_text=Vinícius Figueira Brazil;entry_country=BRA;source_url=https://en.wikipedia.org/wiki/2018_World_Karate_Championships,7.0
world_karate_championships_2018_men_kumite-67-kg,world_karate_athlete_Camilo_Velozo_CHL,3,bronze,discipline=Karate;event=World Karate Championships Men Kumite −67 kg;event_label=Kumite −67 kg;source_text=Camilo Velozo Chile;entry_country=CHL;source_url=https://en.wikipedia.org/wiki/2018_World_Karate_Championships,5.0
world_karate_championships_2018_men_kumite-67-kg,world_karate_athlete_Hamoun_Derafshipour_IRI,3,bronze,discipline=Karate;event=World Karate Championships Men Kumite −67 kg;event_label=Kumite −67 kg;source_text=Hamoun Derafshipour Iran;entry_country=IRI;source_url=https://en.wikipedia.org/wiki/2018_World_Karate_Championships,5.0
world_karate_championships_2018_men_kumite-75-kg,world_karate_athlete_Bahman_Askari_IRI,1,gold,discipline=Karate;event=World Karate Championships Men Kumite −75 kg;event_label=Kumite −75 kg;source_text=Bahman Askari Iran;entry_country=IRI;source_url=https://en.wikipedia.org/wiki/2018_World_Karate_Championships,10.0
world_karate_championships_2018_men_kumite-75-kg,world_karate_athlete_Luigi_Busà_ITA,2,silver,discipline=Karate;event=World Karate Championships Men Kumite −75 kg;event_label=Kumite −75 kg;source_text=Luigi Busà Italy;entry_country=ITA;source_url=https://en.wikipedia.org/wiki/2018_World_Karate_Championships,7.0
world_karate_championships_2018_men_kumite-75-kg,world_karate_athlete_Rafael_Aghayev_AZE,3,bronze,discipline=Karate;event=World Karate Championships Men Kumite −75 kg;event_label=Kumite −75 kg;source_text=Rafael Aghayev Azerbaijan;entry_country=AZE;source_url=https://en.wikipedia.org/wiki/2018_World_Karate_Championships,5.0
world_karate_championships_2018_men_kumite-75-kg,world_karate_athlete_Ken_Nishimura_JPN,3,bronze,discipline=Karate;event=World Karate Championships Men Kumite −75 kg;event_label=Kumite −75 kg;source_text=Ken Nishimura Japan;entry_country=JPN;source_url=https://en.wikipedia.org/wiki/2018_World_Karate_Championships,5.0
world_karate_championships_2018_men_kumite-84-kg,world_karate_athlete_Ivan_Kvesi_HRV,1,gold,discipline=Karate;event=World Karate Championships Men Kumite −84 kg;event_label=Kumite −84 kg;source_text=Ivan Kvesić Croatia;entry_country=HRV;source_url=https://en.wikipedia.org/wiki/2018_World_Karate_Championships,10.0
world_karate_championships_2018_men_kumite-84-kg,world_karate_athlete_Valerii_Chobotar_UKR,2,silver,discipline=Karate;event=World Karate Championships Men Kumite −84 kg;event_label=Kumite −84 kg;source_text=Valerii Chobotar Ukraine;entry_country=UKR;source_url=https://en.wikipedia.org/wiki/2018_World_Karate_Championships,7.0
world_karate_championships_2018_men_kumite-84-kg,world_karate_athlete_Zabihollah_Pourshab_IRI,3,bronze,discipline=Karate;event=World Karate Championships Men Kumite −84 kg;event_label=Kumite −84 kg;source_text=Zabihollah Pourshab Iran;entry_country=IRI;source_url=https://en.wikipedia.org/wiki/2018_World_Karate_Championships,5.0
world_karate_championships_2018_men_kumite-84-kg,world_karate_athlete_Uur_Akta_TUR,3,bronze,discipline=Karate;event=World Karate Championships Men Kumite −84 kg;event_label=Kumite −84 kg;source_text=Uğur Aktaş Turkey;entry_country=TUR;source_url=https://en.wikipedia.org/wiki/2018_World_Karate_Championships,5.0
world_karate_championships_2018_men_kumite-plus84-kg,world_karate_athlete_Jonathan_Horne_DEU,1,gold,discipline=Karate;event=World Karate Championships Men Kumite +84 kg;event_label=Kumite +84 kg;source_text=Jonathan Horne Germany;entry_country=DEU;source_url=https://en.wikipedia.org/wiki/2018_World_Karate_Championships,10.0
world_karate_championships_2018_men_kumite-plus84-kg,world_karate_athlete_Sajjad_Ganjzadeh_IRI,2,silver,discipline=Karate;event=World Karate Championships Men Kumite +84 kg;event_label=Kumite +84 kg;source_text=Sajjad Ganjzadeh Iran;entry_country=IRI;source_url=https://en.wikipedia.org/wiki/2018_World_Karate_Championships,7.0
world_karate_championships_2018_men_kumite-plus84-kg,world_karate_athlete_Babacar_Seck_ESP,3,bronze,discipline=Karate;event=World Karate Championships Men Kumite +84 kg;event_label=Kumite +84 kg;source_text=Babacar Seck Spain;entry_country=ESP;source_url=https://en.wikipedia.org/wiki/2018_World_Karate_Championships,5.0
world_karate_championships_2018_men_kumite-plus84-kg,world_karate_athlete_Alparslan_Yamanolu_TUR,3,bronze,discipline=Karate;event=World Karate Championships Men Kumite +84 kg;event_label=Kumite +84 kg;source_text=Alparslan Yamanoğlu Turkey;entry_country=TUR;source_url=https://en.wikipedia.org/wiki/2018_World_Karate_Championships,5.0
world_karate_championships_2018_men_team-kata,world_karate_team_Japan_Men_Team_kata_JPN,1,gold,discipline=Karate;event=World Karate Championships Men Team kata;event_label=Team kata;source_text=Japan Arata Kinjo Ryo Kiyuna Takuya Uemura;entry_country=JPN;source_url=https://en.wikipedia.org/wiki/2018_World_Karate_Championships,10.0
world_karate_championships_2018_men_team-kata,world_karate_team_Spain_Men_Team_kata_ESP,2,silver,discipline=Karate;event=World Karate Championships Men Team kata;event_label=Team kata;source_text=Spain José Carbonell Sergio Galán Francisco Salazar;entry_country=ESP;source_url=https://en.wikipedia.org/wiki/2018_World_Karate_Championships,7.0
world_karate_championships_2018_men_team-kata,world_karate_team_Iran_Men_Team_kata_IRI,3,bronze,discipline=Karate;event=World Karate Championships Men Team kata;event_label=Team kata;source_text=Iran Milad Delikhoun Abolfazl Shahrjerdi Ali Zand;entry_country=IRI;source_url=https://en.wikipedia.org/wiki/2018_World_Karate_Championships,5.0
world_karate_championships_2018_men_team-kata,world_karate_team_Italy_Men_Team_kata_ITA,3,bronze,discipline=Karate;event=World Karate Championships Men Team kata;event_label=Team kata;source_text=Italy Gianluca Gallo Alessandro Iodice Giuseppe Panagia;entry_country=ITA;source_url=https://en.wikipedia.org/wiki/2018_World_Karate_Championships,5.0
world_karate_championships_2018_men_team-kumite,world_karate_team_Iran_Men_Team_kumite_IRI,1,gold,discipline=Karate;event=World Karate Championships Men Team kumite;event_label=Team kumite;source_text=Iran Saleh Abazari Ali Asghar Asiabari Bahman Askari Sajjad Ganjzadeh Saman Heidari Mehdi Khodabakhshi Zabihollah Pourshab;entry_country=IRI;source_url=https://en.wikipedia.org/wiki/2018_World_Karate_Championships,10.0
world_karate_championships_2018_men_team-kumite,world_karate_team_Türkiye_Men_Team_kumite_TUR,2,silver,discipline=Karate;event=World Karate Championships Men Team kumite;event_label=Team kumite;source_text=Turkey Uğur Aktaş Erman Eltemur Samed Gök Rıdvan Kaptan Ömer Abdurrahim Özer Burak Uygur Alparslan Yamanoğlu;entry_country=TUR;source_url=https://en.wikipedia.org/wiki/2018_World_Karate_Championships,7.0
world_karate_championships_2018_men_team-kumite,world_karate_team_Italy_Men_Team_kumite_ITA,3,bronze,discipline=Karate;event=World Karate Championships Men Team kumite;event_label=Team kumite;source_text=Italy Ahmed El Sharaby Rabia Jendoubi Nello Maestri Luca Maresca Simone Marino Michele Martina Andrea Minardi;entry_country=ITA;source_url=https://en.wikipedia.org/wiki/2018_World_Karate_Championships,5.0
world_karate_championships_2018_men_team-kumite,world_karate_team_Japan_Men_Team_kumite_JPN,3,bronze,discipline=Karate;event=World Karate Championships Men Team kumite;event_label=Team kumite;source_text=Japan Daiki Ando Ryutaro Araga Hideyoshi Kagawa Yuta Mori Ken Nishimura Yusei Sakiyama Rikito Shimada;entry_country=JPN;source_url=https://en.wikipedia.org/wiki/2018_World_Karate_Championships,5.0
world_karate_championships_2018_women_kata,world_karate_athlete_Sandra_Sánchez_ESP,1,gold,discipline=Karate;event=World Karate Championships Women Individual kata;event_label=Individual kata;source_text=Sandra Sánchez Spain;entry_country=ESP;source_url=https://en.wikipedia.org/wiki/2018_World_Karate_Championships,10.0
world_karate_championships_2018_women_kata,world_karate_athlete_Kiyou_Shimizu_JPN,2,silver,discipline=Karate;event=World Karate Championships Women Individual kata;event_label=Individual kata;source_text=Kiyou Shimizu Japan;entry_country=JPN;source_url=https://en.wikipedia.org/wiki/2018_World_Karate_Championships,7.0
world_karate_championships_2018_women_kata,world_karate_athlete_Grace_Lau_HKG,3,bronze,discipline=Karate;event=World Karate Championships Women Individual kata;event_label=Individual kata;source_text=Grace Lau Hong Kong;entry_country=HKG;source_url=https://en.wikipedia.org/wiki/2018_World_Karate_Championships,5.0
world_karate_championships_2018_women_kata,world_karate_athlete_Viviana_Bottaro_ITA,3,bronze,discipline=Karate;event=World Karate Championships Women Individual kata;event_label=Individual kata;source_text=Viviana Bottaro Italy;entry_country=ITA;source_url=https://en.wikipedia.org/wiki/2018_World_Karate_Championships,5.0
world_karate_championships_2018_women_kumite-50-kg,world_karate_athlete_Miho_Miyahara_JPN,1,gold,discipline=Karate;event=World Karate Championships Women Kumite −50 kg;event_label=Kumite −50 kg;source_text=Miho Miyahara Japan;entry_country=JPN;source_url=https://en.wikipedia.org/wiki/2018_World_Karate_Championships,10.0
world_karate_championships_2018_women_kumite-50-kg,world_karate_athlete_Serap_Özçelik_TUR,2,silver,discipline=Karate;event=World Karate Championships Women Kumite −50 kg;event_label=Kumite −50 kg;source_text=Serap Özçelik Turkey;entry_country=TUR;source_url=https://en.wikipedia.org/wiki/2018_World_Karate_Championships,7.0
world_karate_championships_2018_women_kumite-50-kg,world_karate_athlete_Bettina_Plank_AUT,3,bronze,discipline=Karate;event=World Karate Championships Women Kumite −50 kg;event_label=Kumite −50 kg;source_text=Bettina Plank Austria;entry_country=AUT;source_url=https://en.wikipedia.org/wiki/2018_World_Karate_Championships,5.0
world_karate_championships_2018_women_kumite-50-kg,world_karate_athlete_Sara_Bahmanyar_IRI,3,bronze,discipline=Karate;event=World Karate Championships Women Kumite −50 kg;event_label=Kumite −50 kg;source_text=Sara Bahmanyar Iran;entry_country=IRI;source_url=https://en.wikipedia.org/wiki/2018_World_Karate_Championships,5.0
world_karate_championships_2018_women_kumite-55-kg,world_karate_athlete_Dorota_Banaszczyk_POL,1,gold,discipline=Karate;event=World Karate Championships Women Kumite −55 kg;event_label=Kumite −55 kg;source_text=Dorota Banaszczyk Poland;entry_country=POL;source_url=https://en.wikipedia.org/wiki/2018_World_Karate_Championships,10.0
world_karate_championships_2018_women_kumite-55-kg,world_karate_athlete_Jana_Bitsch_DEU,2,silver,discipline=Karate;event=World Karate Championships Women Kumite −55 kg;event_label=Kumite −55 kg;source_text=Jana Bitsch Germany;entry_country=DEU;source_url=https://en.wikipedia.org/wiki/2018_World_Karate_Championships,7.0
world_karate_championships_2018_women_kumite-55-kg,world_karate_athlete_Ivet_Goranova_BGR,3,bronze,discipline=Karate;event=World Karate Championships Women Kumite −55 kg;event_label=Kumite −55 kg;source_text=Ivet Goranova Bulgaria;entry_country=BGR;source_url=https://en.wikipedia.org/wiki/2018_World_Karate_Championships,5.0
world_karate_championships_2018_women_kumite-55-kg,world_karate_athlete_Wen_Tzu-yun_TPE,3,bronze,discipline=Karate;event=World Karate Championships Women Kumite −55 kg;event_label=Kumite −55 kg;source_text=Wen Tzu-yun Chinese Taipei;entry_country=TPE;source_url=https://en.wikipedia.org/wiki/2018_World_Karate_Championships,5.0
world_karate_championships_2018_women_kumite-61-kg,world_karate_athlete_Jovana_Prekovi_SRB,1,gold,discipline=Karate;event=World Karate Championships Women Kumite −61 kg;event_label=Kumite −61 kg;source_text=Jovana Preković Serbia;entry_country=SRB;source_url=https://en.wikipedia.org/wiki/2018_World_Karate_Championships,10.0
world_karate_championships_2018_women_kumite-61-kg,world_karate_athlete_Yin_Xiaoyan_CHN,2,silver,discipline=Karate;event=World Karate Championships Women Kumite −61 kg;event_label=Kumite −61 kg;source_text=Yin Xiaoyan China;entry_country=CHN;source_url=https://en.wikipedia.org/wiki/2018_World_Karate_Championships,7.0
world_karate_championships_2018_women_kumite-61-kg,world_karate_athlete_Giana_Farouk_EGY,3,bronze,discipline=Karate;event=World Karate Championships Women Kumite −61 kg;event_label=Kumite −61 kg;source_text=Giana Farouk Egypt;entry_country=EGY;source_url=https://en.wikipedia.org/wiki/2018_World_Karate_Championships,5.0
world_karate_championships_2018_women_kumite-61-kg,world_karate_athlete_Btissam_Sadini_MAR,3,bronze,discipline=Karate;event=World Karate Championships Women Kumite −61 kg;event_label=Kumite −61 kg;source_text=Btissam Sadini Morocco;entry_country=MAR;source_url=https://en.wikipedia.org/wiki/2018_World_Karate_Championships,5.0
world_karate_championships_2018_women_kumite-68-kg,world_karate_athlete_Irina_Zaretska_AZE,1,gold,discipline=Karate;event=World Karate Championships Women Kumite −68 kg;event_label=Kumite −68 kg;source_text=Irina Zaretska Azerbaijan;entry_country=AZE;source_url=https://en.wikipedia.org/wiki/2018_World_Karate_Championships,10.0
world_karate_championships_2018_women_kumite-68-kg,world_karate_athlete_Victoria_Isaeva_RUS,2,silver,discipline=Karate;event=World Karate Championships Women Kumite −68 kg;event_label=Kumite −68 kg;source_text=Victoria Isaeva Russia;entry_country=RUS;source_url=https://en.wikipedia.org/wiki/2018_World_Karate_Championships,7.0
world_karate_championships_2018_women_kumite-68-kg,world_karate_athlete_Lamya_Matoub_DZA,3,bronze,discipline=Karate;event=World Karate Championships Women Kumite −68 kg;event_label=Kumite −68 kg;source_text=Lamya Matoub Algeria;entry_country=DZA;source_url=https://en.wikipedia.org/wiki/2018_World_Karate_Championships,5.0
world_karate_championships_2018_women_kumite-68-kg,world_karate_athlete_Miroslava_Kopúová_SVK,3,bronze,discipline=Karate;event=World Karate Championships Women Kumite −68 kg;event_label=Kumite −68 kg;source_text=Miroslava Kopúňová Slovakia;entry_country=SVK;source_url=https://en.wikipedia.org/wiki/2018_World_Karate_Championships,5.0
world_karate_championships_2018_women_kumite-plus68-kg,world_karate_athlete_Eleni_Chatziliadou_GRC,1,gold,discipline=Karate;event=World Karate Championships Women Kumite +68 kg;event_label=Kumite +68 kg;source_text=Eleni Chatziliadou Greece;entry_country=GRC;source_url=https://en.wikipedia.org/wiki/2018_World_Karate_Championships,10.0
world_karate_championships_2018_women_kumite-plus68-kg,world_karate_athlete_Ayumi_Uekusa_JPN,2,silver,discipline=Karate;event=World Karate Championships Women Kumite +68 kg;event_label=Kumite +68 kg;source_text=Ayumi Uekusa Japan;entry_country=JPN;source_url=https://en.wikipedia.org/wiki/2018_World_Karate_Championships,7.0
world_karate_championships_2018_women_kumite-plus68-kg,world_karate_athlete_Shymaa_Abou-El-Yazed_EGY,3,bronze,discipline=Karate;event=World Karate Championships Women Kumite +68 kg;event_label=Kumite +68 kg;source_text=Shymaa Abou-El-Yazed Egypt;entry_country=EGY;source_url=https://en.wikipedia.org/wiki/2018_World_Karate_Championships,5.0
world_karate_championships_2018_women_kumite-plus68-kg,world_karate_athlete_Hana_Antunovic_SWE,3,bronze,discipline=Karate;event=World Karate Championships Women Kumite +68 kg;event_label=Kumite +68 kg;source_text=Hana Antunovic Sweden;entry_country=SWE;source_url=https://en.wikipedia.org/wiki/2018_World_Karate_Championships,5.0
world_karate_championships_2018_women_team-kata,world_karate_team_Japan_Women_Team_kata_JPN,1,gold,discipline=Karate;event=World Karate Championships Women Team kata;event_label=Team kata;source_text=Japan Saori Ishibashi Mai Mugiyama Sae Taira;entry_country=JPN;source_url=https://en.wikipedia.org/wiki/2018_World_Karate_Championships,10.0
world_karate_championships_2018_women_team-kata,world_karate_team_Spain_Women_Team_kata_ESP,2,silver,discipline=Karate;event=World Karate Championships Women Team kata;event_label=Team kata;source_text=Spain Marta García Lidia Rodríguez Raquel Roy;entry_country=ESP;source_url=https://en.wikipedia.org/wiki/2018_World_Karate_Championships,7.0
world_karate_championships_2018_women_team-kata,world_karate_team_Italy_Women_Team_kata_ITA,3,bronze,discipline=Karate;event=World Karate Championships Women Team kata;event_label=Team kata;source_text=Italy Sara Battaglia Terryana D'Onofrio Michela Pezzetti;entry_country=ITA;source_url=https://en.wikipedia.org/wiki/2018_World_Karate_Championships,5.0
world_karate_championships_2018_women_team-kata,world_karate_team_Türkiye_Women_Team_kata_TUR,3,bronze,discipline=Karate;event=World Karate Championships Women Team kata;event_label=Team kata;source_text=Turkey Dilara Bozan Rabia Küsmüş Gizem Sofuoğlu;entry_country=TUR;source_url=https://en.wikipedia.org/wiki/2018_World_Karate_Championships,5.0
world_karate_championships_2018_women_team-kumite,world_karate_team_France_Women_Team_kumite_FRA,1,gold,discipline=Karate;event=World Karate Championships Women Team kumite;event_label=Team kumite;source_text=France Léa Avazeri Andréa Brito Leïla Heurtault Laura Sivert;entry_country=FRA;source_url=https://en.wikipedia.org/wiki/2018_World_Karate_Championships,10.0
world_karate_championships_2018_women_team-kumite,world_karate_team_Japan_Women_Team_kumite_JPN,2,silver,discipline=Karate;event=World Karate Championships Women Team kumite;event_label=Team kumite;source_text=Japan Natsumi Kawamura Ayaka Saito Mayumi Someya Ayumi Uekusa;entry_country=JPN;source_url=https://en.wikipedia.org/wiki/2018_World_Karate_Championships,7.0
world_karate_championships_2018_women_team-kumite,world_karate_team_Egypt_Women_Team_kumite_EGY,3,bronze,discipline=Karate;event=World Karate Championships Women Team kumite;event_label=Team kumite;source_text=Egypt Aisha Abdelrahman Shymaa Abou-El-Yazed Feryal Abdelaziz Giana Farouk;entry_country=EGY;source_url=https://en.wikipedia.org/wiki/2018_World_Karate_Championships,5.0
world_karate_championships_2018_women_team-kumite,world_karate_team_Spain_Women_Team_kumite_ESP,3,bronze,discipline=Karate;event=World Karate Championships Women Team kumite;event_label=Team kumite;source_text=Spain Cristina Ferrer Laura Palacio María Torres Cristina Vizcaíno;entry_country=ESP;source_url=https://en.wikipedia.org/wiki/2018_World_Karate_Championships,5.0
world_karate_championships_2021_men_kata,world_karate_athlete_Ryo_Kiyuna_JPN,1,gold,discipline=Karate;event=World Karate Championships Men Individual kata;event_label=Individual kata;source_text=Ryo Kiyuna Japan;entry_country=JPN;source_url=https://en.wikipedia.org/wiki/2021_World_Karate_Championships,10.0
world_karate_championships_2021_men_kata,world_karate_athlete_Damián_Quintero_ESP,2,silver,discipline=Karate;event=World Karate Championships Men Individual kata;event_label=Individual kata;source_text=Damián Quintero Spain;entry_country=ESP;source_url=https://en.wikipedia.org/wiki/2021_World_Karate_Championships,7.0
world_karate_championships_2021_men_kata,world_karate_athlete_Mattia_Busato_ITA,3,bronze,discipline=Karate;event=World Karate Championships Men Individual kata;event_label=Individual kata;source_text=Mattia Busato Italy;entry_country=ITA;source_url=https://en.wikipedia.org/wiki/2021_World_Karate_Championships,5.0
world_karate_championships_2021_men_kata,world_karate_athlete_Ali_Sofuolu_TUR,3,bronze,discipline=Karate;event=World Karate Championships Men Individual kata;event_label=Individual kata;source_text=Ali Sofuoğlu Turkey;entry_country=TUR;source_url=https://en.wikipedia.org/wiki/2021_World_Karate_Championships,5.0
world_karate_championships_2021_men_kumite-60-kg,world_karate_athlete_Douglas_Brose_BRA,1,gold,discipline=Karate;event=World Karate Championships Men Kumite −60 kg;event_label=Kumite −60 kg;source_text=Douglas Brose Brazil;entry_country=BRA;source_url=https://en.wikipedia.org/wiki/2021_World_Karate_Championships,10.0
world_karate_championships_2021_men_kumite-60-kg,world_karate_athlete_Angelo_Crescenzo_ITA,2,silver,discipline=Karate;event=World Karate Championships Men Kumite −60 kg;event_label=Kumite −60 kg;source_text=Angelo Crescenzo Italy;entry_country=ITA;source_url=https://en.wikipedia.org/wiki/2021_World_Karate_Championships,7.0
world_karate_championships_2021_men_kumite-60-kg,world_karate_athlete_Abdelali_Jina_MAR,3,bronze,discipline=Karate;event=World Karate Championships Men Kumite −60 kg;event_label=Kumite −60 kg;source_text=Abdelali Jina Morocco;entry_country=MAR;source_url=https://en.wikipedia.org/wiki/2021_World_Karate_Championships,5.0
world_karate_championships_2021_men_kumite-60-kg,world_karate_athlete_Iurik_Ogannisian_RKF,3,bronze,discipline=Karate;event=World Karate Championships Men Kumite −60 kg;event_label=Kumite −60 kg;source_text=Iurik Ogannisian Russian Karate Federation;entry_country=RKF;source_url=https://en.wikipedia.org/wiki/2021_World_Karate_Championships,5.0
world_karate_championships_2021_men_kumite-67-kg,world_karate_athlete_Steven_Da_Costa_FRA,1,gold,discipline=Karate;event=World Karate Championships Men Kumite −67 kg;event_label=Kumite −67 kg;source_text=Steven Da Costa France;entry_country=FRA;source_url=https://en.wikipedia.org/wiki/2021_World_Karate_Championships,10.0
world_karate_championships_2021_men_kumite-67-kg,world_karate_athlete_Emil_Pavlov_MKD,2,silver,discipline=Karate;event=World Karate Championships Men Kumite −67 kg;event_label=Kumite −67 kg;source_text=Emil Pavlov North Macedonia;entry_country=MKD;source_url=https://en.wikipedia.org/wiki/2021_World_Karate_Championships,7.0
world_karate_championships_2021_men_kumite-67-kg,world_karate_athlete_Ali_El-Sawy_EGY,3,bronze,discipline=Karate;event=World Karate Championships Men Kumite −67 kg;event_label=Kumite −67 kg;source_text=Ali El-Sawy Egypt;entry_country=EGY;source_url=https://en.wikipedia.org/wiki/2021_World_Karate_Championships,5.0
world_karate_championships_2021_men_kumite-67-kg,world_karate_athlete_Soichiro_Nakano_JPN,3,bronze,discipline=Karate;event=World Karate Championships Men Kumite −67 kg;event_label=Kumite −67 kg;source_text=Soichiro Nakano Japan;entry_country=JPN;source_url=https://en.wikipedia.org/wiki/2021_World_Karate_Championships,5.0
world_karate_championships_2021_men_kumite-75-kg,world_karate_athlete_Dastonbek_Otabolaev_UZB,1,gold,discipline=Karate;event=World Karate Championships Men Kumite −75 kg;event_label=Kumite −75 kg;source_text=Dastonbek Otabolaev Uzbekistan;entry_country=UZB;source_url=https://en.wikipedia.org/wiki/2021_World_Karate_Championships,10.0
world_karate_championships_2021_men_kumite-75-kg,world_karate_athlete_Abdalla_Abdelaziz_EGY,2,silver,discipline=Karate;event=World Karate Championships Men Kumite −75 kg;event_label=Kumite −75 kg;source_text=Abdalla Abdelaziz Egypt;entry_country=EGY;source_url=https://en.wikipedia.org/wiki/2021_World_Karate_Championships,7.0
world_karate_championships_2021_men_kumite-75-kg,world_karate_athlete_Nurkanat_Azhikanov_KAZ,3,bronze,discipline=Karate;event=World Karate Championships Men Kumite −75 kg;event_label=Kumite −75 kg;source_text=Nurkanat Azhikanov Kazakhstan;entry_country=KAZ;source_url=https://en.wikipedia.org/wiki/2021_World_Karate_Championships,5.0
world_karate_championships_2021_men_kumite-75-kg,world_karate_athlete_Thomas_Scott_USA,3,bronze,discipline=Karate;event=World Karate Championships Men Kumite −75 kg;event_label=Kumite −75 kg;source_text=Thomas Scott United States;entry_country=USA;source_url=https://en.wikipedia.org/wiki/2021_World_Karate_Championships,5.0
world_karate_championships_2021_men_kumite-84-kg,world_karate_athlete_Youssef_Badawy_EGY,1,gold,discipline=Karate;event=World Karate Championships Men Kumite −84 kg;event_label=Kumite −84 kg;source_text=Youssef Badawy Egypt;entry_country=EGY;source_url=https://en.wikipedia.org/wiki/2021_World_Karate_Championships,10.0
world_karate_championships_2021_men_kumite-84-kg,world_karate_athlete_Fabián_Huaiquimán_CHL,2,silver,discipline=Karate;event=World Karate Championships Men Kumite −84 kg;event_label=Kumite −84 kg;source_text=Fabián Huaiquimán Chile;entry_country=CHL;source_url=https://en.wikipedia.org/wiki/2021_World_Karate_Championships,7.0
world_karate_championships_2021_men_kumite-84-kg,world_karate_athlete_Jessie_Da_Costa_FRA,3,bronze,discipline=Karate;event=World Karate Championships Men Kumite −84 kg;event_label=Kumite −84 kg;source_text=Jessie Da Costa France;entry_country=FRA;source_url=https://en.wikipedia.org/wiki/2021_World_Karate_Championships,5.0
world_karate_championships_2021_men_kumite-84-kg,world_karate_athlete_Yuta_Mori_JPN,3,bronze,discipline=Karate;event=World Karate Championships Men Kumite −84 kg;event_label=Kumite −84 kg;source_text=Yuta Mori Japan;entry_country=JPN;source_url=https://en.wikipedia.org/wiki/2021_World_Karate_Championships,5.0
world_karate_championships_2021_men_kumite-plus84-kg,world_karate_athlete_Gogita_Arkania_GEO,1,gold,discipline=Karate;event=World Karate Championships Men Kumite +84 kg;event_label=Kumite +84 kg;source_text=Gogita Arkania Georgia;entry_country=GEO;source_url=https://en.wikipedia.org/wiki/2021_World_Karate_Championships,10.0
world_karate_championships_2021_men_kumite-plus84-kg,world_karate_athlete_Simone_Marino_ITA,2,silver,discipline=Karate;event=World Karate Championships Men Kumite +84 kg;event_label=Kumite +84 kg;source_text=Simone Marino Italy;entry_country=ITA;source_url=https://en.wikipedia.org/wiki/2021_World_Karate_Championships,7.0
world_karate_championships_2021_men_kumite-plus84-kg,world_karate_athlete_Asiman_Gurbanli_AZE,3,bronze,discipline=Karate;event=World Karate Championships Men Kumite +84 kg;event_label=Kumite +84 kg;source_text=Asiman Gurbanli Azerbaijan;entry_country=AZE;source_url=https://en.wikipedia.org/wiki/2021_World_Karate_Championships,5.0
world_karate_championships_2021_men_kumite-plus84-kg,world_karate_athlete_Anelo_Kvesi_HRV,3,bronze,discipline=Karate;event=World Karate Championships Men Kumite +84 kg;event_label=Kumite +84 kg;source_text=Anđelo Kvesić Croatia;entry_country=HRV;source_url=https://en.wikipedia.org/wiki/2021_World_Karate_Championships,5.0
world_karate_championships_2021_men_team-kata,world_karate_team_Japan_Men_Team_kata_JPN,1,gold,discipline=Karate;event=World Karate Championships Men Team kata;event_label=Team kata;source_text=Japan Koji Arimoto Kazumasa Moto Ryuji Moto;entry_country=JPN;source_url=https://en.wikipedia.org/wiki/2021_World_Karate_Championships,10.0
world_karate_championships_2021_men_team-kata,world_karate_team_Spain_Men_Team_kata_ESP,2,silver,discipline=Karate;event=World Karate Championships Men Team kata;event_label=Team kata;source_text=Spain Sergio Galán Alejandro Manzana Raúl Martín;entry_country=ESP;source_url=https://en.wikipedia.org/wiki/2021_World_Karate_Championships,7.0
world_karate_championships_2021_men_team-kata,world_karate_team_Italy_Men_Team_kata_ITA,3,bronze,discipline=Karate;event=World Karate Championships Men Team kata;event_label=Team kata;source_text=Italy Mattia Busato Gianluca Gallo Alessandro Iodice;entry_country=ITA;source_url=https://en.wikipedia.org/wiki/2021_World_Karate_Championships,5.0
world_karate_championships_2021_men_team-kata,world_karate_team_Türkiye_Men_Team_kata_TUR,3,bronze,discipline=Karate;event=World Karate Championships Men Team kata;event_label=Team kata;source_text=Turkey Emre Vefa Göktaş Enes Özdemir Ali Sofuoğlu;entry_country=TUR;source_url=https://en.wikipedia.org/wiki/2021_World_Karate_Championships,5.0
world_karate_championships_2021_men_team-kumite,world_karate_team_Italy_Men_Team_kumite_ITA,1,gold,discipline=Karate;event=World Karate Championships Men Team kumite;event_label=Team kumite;source_text=Italy Daniele De Vivo Gianluca De Vivo Ahmed El Sharaby Luca Maresca Simone Marino Michele Martina Lolrenzo Pietromarchi;entry_country=ITA;source_url=https://en.wikipedia.org/wiki/2021_World_Karate_Championships,10.0
world_karate_championships_2021_men_team-kumite,world_karate_team_Serbia_Men_Team_kumite_SRB,2,silver,discipline=Karate;event=World Karate Championships Men Team kumite;event_label=Team kumite;source_text=Serbia Slobodan Bitević Vladimir Brezančić Stefan Joksić Ljubiša Marić Ðorđe Salapura Ðorđe Tešanović Bogdan Trikoš;entry_country=SRB;source_url=https://en.wikipedia.org/wiki/2021_World_Karate_Championships,7.0
world_karate_championships_2021_men_team-kumite,world_karate_team_Azerbaijan_Men_Team_kumite_AZE,3,bronze,discipline=Karate;event=World Karate Championships Men Team kumite;event_label=Team kumite;source_text=Azerbaijan Panah Abdullayev Tural Aghalarzade Rafael Aghayev Tural Alakbarli Asiman Gurbanli Rafiz Hasanov Turgut Hasanov;entry_country=AZE;source_url=https://en.wikipedia.org/wiki/2021_World_Karate_Championships,5.0
world_karate_championships_2021_men_team-kumite,world_karate_team_Kazakhstan_Men_Team_kumite_KAZ,3,bronze,discipline=Karate;event=World Karate Championships Men Team kumite;event_label=Team kumite;source_text=Kazakhstan Nurkanat Azhikanov Igor Chikhmarev Abylay Toltay Nurniyaz Yeldashov Spandiyar Yerkebek Daniyar Yuldashev Beibarys Zhangbyr;entry_country=KAZ;source_url=https://en.wikipedia.org/wiki/2021_World_Karate_Championships,5.0
world_karate_championships_2021_women_kata,world_karate_athlete_Sandra_Sánchez_ESP,1,gold,discipline=Karate;event=World Karate Championships Women Individual kata;event_label=Individual kata;source_text=Sandra Sánchez Spain;entry_country=ESP;source_url=https://en.wikipedia.org/wiki/2021_World_Karate_Championships,10.0
world_karate_championships_2021_women_kata,world_karate_athlete_Hikaru_Ono_JPN,2,silver,discipline=Karate;event=World Karate Championships Women Individual kata;event_label=Individual kata;source_text=Hikaru Ono Japan;entry_country=JPN;source_url=https://en.wikipedia.org/wiki/2021_World_Karate_Championships,7.0
world_karate_championships_2021_women_kata,world_karate_athlete_Grace_Lau_HKG,3,bronze,discipline=Karate;event=World Karate Championships Women Individual kata;event_label=Individual kata;source_text=Grace Lau Hong Kong;entry_country=HKG;source_url=https://en.wikipedia.org/wiki/2021_World_Karate_Championships,5.0
world_karate_championships_2021_women_kata,world_karate_athlete_Viviana_Bottaro_ITA,3,bronze,discipline=Karate;event=World Karate Championships Women Individual kata;event_label=Individual kata;source_text=Viviana Bottaro Italy;entry_country=ITA;source_url=https://en.wikipedia.org/wiki/2021_World_Karate_Championships,5.0
world_karate_championships_2021_women_kumite-50-kg,world_karate_athlete_Miho_Miyahara_JPN,1,gold,discipline=Karate;event=World Karate Championships Women Kumite −50 kg;event_label=Kumite −50 kg;source_text=Miho Miyahara Japan;entry_country=JPN;source_url=https://en.wikipedia.org/wiki/2021_World_Karate_Championships,10.0
world_karate_championships_2021_women_kumite-50-kg,world_karate_athlete_Shara_Hubrich_DEU,2,silver,discipline=Karate;event=World Karate Championships Women Kumite −50 kg;event_label=Kumite −50 kg;source_text=Shara Hubrich Germany;entry_country=DEU;source_url=https://en.wikipedia.org/wiki/2021_World_Karate_Championships,7.0
world_karate_championships_2021_women_kumite-50-kg,world_karate_athlete_Yasmin_Nasr_Elgewily_EGY,3,bronze,discipline=Karate;event=World Karate Championships Women Kumite −50 kg;event_label=Kumite −50 kg;source_text=Yasmin Nasr Elgewily Egypt;entry_country=EGY;source_url=https://en.wikipedia.org/wiki/2021_World_Karate_Championships,5.0
world_karate_championships_2021_women_kumite-50-kg,world_karate_athlete_Kateryna_Kryva_UKR,3,bronze,discipline=Karate;event=World Karate Championships Women Kumite −50 kg;event_label=Kumite −50 kg;source_text=Kateryna Kryva Ukraine;entry_country=UKR;source_url=https://en.wikipedia.org/wiki/2021_World_Karate_Championships,5.0
world_karate_championships_2021_women_kumite-55-kg,world_karate_athlete_Ahlam_Youssef_EGY,1,gold,discipline=Karate;event=World Karate Championships Women Kumite −55 kg;event_label=Kumite −55 kg;source_text=Ahlam Youssef Egypt;entry_country=EGY;source_url=https://en.wikipedia.org/wiki/2021_World_Karate_Championships,10.0
world_karate_championships_2021_women_kumite-55-kg,world_karate_athlete_Trinity_Allen_USA,2,silver,discipline=Karate;event=World Karate Championships Women Kumite −55 kg;event_label=Kumite −55 kg;source_text=Trinity Allen United States;entry_country=USA;source_url=https://en.wikipedia.org/wiki/2021_World_Karate_Championships,7.0
world_karate_championships_2021_women_kumite-55-kg,world_karate_athlete_Ivet_Goranova_BGR,3,bronze,discipline=Karate;event=World Karate Championships Women Kumite −55 kg;event_label=Kumite −55 kg;source_text=Ivet Goranova Bulgaria;entry_country=BGR;source_url=https://en.wikipedia.org/wiki/2021_World_Karate_Championships,5.0
world_karate_championships_2021_women_kumite-55-kg,world_karate_athlete_Anna_Chernysheva_RKF,3,bronze,discipline=Karate;event=World Karate Championships Women Kumite −55 kg;event_label=Kumite −55 kg;source_text=Anna Chernysheva Russian Karate Federation;entry_country=RKF;source_url=https://en.wikipedia.org/wiki/2021_World_Karate_Championships,5.0
world_karate_championships_2021_women_kumite-61-kg,world_karate_athlete_Jovana_Prekovi_SRB,1,gold,discipline=Karate;event=World Karate Championships Women Kumite −61 kg;event_label=Kumite −61 kg;source_text=Jovana Preković Serbia;entry_country=SRB;source_url=https://en.wikipedia.org/wiki/2021_World_Karate_Championships,10.0
world_karate_championships_2021_women_kumite-61-kg,world_karate_athlete_Anita_Serogina_UKR,2,silver,discipline=Karate;event=World Karate Championships Women Kumite −61 kg;event_label=Kumite −61 kg;source_text=Anita Serogina Ukraine;entry_country=UKR;source_url=https://en.wikipedia.org/wiki/2021_World_Karate_Championships,7.0
world_karate_championships_2021_women_kumite-61-kg,world_karate_athlete_Lynn_Snel_NLD,3,bronze,discipline=Karate;event=World Karate Championships Women Kumite −61 kg;event_label=Kumite −61 kg;source_text=Lynn Snel Netherlands;entry_country=NLD;source_url=https://en.wikipedia.org/wiki/2021_World_Karate_Championships,5.0
world_karate_championships_2021_women_kumite-61-kg,world_karate_athlete_Alexandra_Grande_PER,3,bronze,discipline=Karate;event=World Karate Championships Women Kumite −61 kg;event_label=Kumite −61 kg;source_text=Alexandra Grande Peru;entry_country=PER;source_url=https://en.wikipedia.org/wiki/2021_World_Karate_Championships,5.0
world_karate_championships_2021_women_kumite-68-kg,world_karate_athlete_Irina_Zaretska_AZE,1,gold,discipline=Karate;event=World Karate Championships Women Kumite −68 kg;event_label=Kumite −68 kg;source_text=Irina Zaretska Azerbaijan;entry_country=AZE;source_url=https://en.wikipedia.org/wiki/2021_World_Karate_Championships,10.0
world_karate_championships_2021_women_kumite-68-kg,world_karate_athlete_Silvia_Semeraro_ITA,2,silver,discipline=Karate;event=World Karate Championships Women Kumite −68 kg;event_label=Kumite −68 kg;source_text=Silvia Semeraro Italy;entry_country=ITA;source_url=https://en.wikipedia.org/wiki/2021_World_Karate_Championships,7.0
world_karate_championships_2021_women_kumite-68-kg,world_karate_athlete_Alizée_Agier_FRA,3,bronze,discipline=Karate;event=World Karate Championships Women Kumite −68 kg;event_label=Kumite −68 kg;source_text=Alizée Agier France;entry_country=FRA;source_url=https://en.wikipedia.org/wiki/2021_World_Karate_Championships,5.0
world_karate_championships_2021_women_kumite-68-kg,world_karate_athlete_Halyna_Melnyk_UKR,3,bronze,discipline=Karate;event=World Karate Championships Women Kumite −68 kg;event_label=Kumite −68 kg;source_text=Halyna Melnyk Ukraine;entry_country=UKR;source_url=https://en.wikipedia.org/wiki/2021_World_Karate_Championships,5.0
world_karate_championships_2021_women_kumite-plus68-kg,world_karate_athlete_María_Torres_ESP,1,gold,discipline=Karate;event=World Karate Championships Women Kumite +68 kg;event_label=Kumite +68 kg;source_text=María Torres Spain;entry_country=ESP;source_url=https://en.wikipedia.org/wiki/2021_World_Karate_Championships,10.0
world_karate_championships_2021_women_kumite-plus68-kg,world_karate_athlete_Menna_Shaaban_Okila_EGY,2,silver,discipline=Karate;event=World Karate Championships Women Kumite +68 kg;event_label=Kumite +68 kg;source_text=Menna Shaaban Okila Egypt;entry_country=EGY;source_url=https://en.wikipedia.org/wiki/2021_World_Karate_Championships,7.0
world_karate_championships_2021_women_kumite-plus68-kg,world_karate_athlete_Lucija_Lesjak_HRV,3,bronze,discipline=Karate;event=World Karate Championships Women Kumite +68 kg;event_label=Kumite +68 kg;source_text=Lucija Lesjak Croatia;entry_country=HRV;source_url=https://en.wikipedia.org/wiki/2021_World_Karate_Championships,5.0
world_karate_championships_2021_women_kumite-plus68-kg,world_karate_athlete_Sofya_Berultseva_KAZ,3,bronze,discipline=Karate;event=World Karate Championships Women Kumite +68 kg;event_label=Kumite +68 kg;source_text=Sofya Berultseva Kazakhstan;entry_country=KAZ;source_url=https://en.wikipedia.org/wiki/2021_World_Karate_Championships,5.0
world_karate_championships_2021_women_team-kata,world_karate_team_Japan_Women_Team_kata_JPN,1,gold,discipline=Karate;event=World Karate Championships Women Team kata;event_label=Team kata;source_text=Japan Saori Ishibashi Sae Taira Misaki Yabumoto;entry_country=JPN;source_url=https://en.wikipedia.org/wiki/2021_World_Karate_Championships,10.0
world_karate_championships_2021_women_team-kata,world_karate_team_Spain_Women_Team_kata_ESP,2,silver,discipline=Karate;event=World Karate Championships Women Team kata;event_label=Team kata;source_text=Spain María López Lidia Rodríguez Raquel Roy;entry_country=ESP;source_url=https://en.wikipedia.org/wiki/2021_World_Karate_Championships,7.0
world_karate_championships_2021_women_team-kata,world_karate_team_Egypt_Women_Team_kata_EGY,3,bronze,discipline=Karate;event=World Karate Championships Women Team kata;event_label=Team kata;source_text=Egypt Noha Amr Antar Aya Hesham Asmaa Mahmoud;entry_country=EGY;source_url=https://en.wikipedia.org/wiki/2021_World_Karate_Championships,5.0
world_karate_championships_2021_women_team-kata,world_karate_team_Italy_Women_Team_kata_ITA,3,bronze,discipline=Karate;event=World Karate Championships Women Team kata;event_label=Team kata;source_text=Italy Carola Casale Terryana D'Onofrio Michela Pezzetti;entry_country=ITA;source_url=https://en.wikipedia.org/wiki/2021_World_Karate_Championships,5.0
world_karate_championships_2021_women_team-kumite,world_karate_team_Egypt_Women_Team_kumite_EGY,1,gold,discipline=Karate;event=World Karate Championships Women Team kumite;event_label=Team kumite;source_text=Egypt Feryal Abdelaziz Sohila Abouismail Yasmin Elhawary Menna Shaaban Okila;entry_country=EGY;source_url=https://en.wikipedia.org/wiki/2021_World_Karate_Championships,10.0
world_karate_championships_2021_women_team-kumite,world_karate_team_France_Women_Team_kumite_FRA,2,silver,discipline=Karate;event=World Karate Championships Women Team kumite;event_label=Team kumite;source_text=France Alizée Agier Léa Avazeri Laura Sivert Jennifer Zameto;entry_country=FRA;source_url=https://en.wikipedia.org/wiki/2021_World_Karate_Championships,7.0
world_karate_championships_2021_women_team-kumite,world_karate_team_Colombia_Women_Team_kumite_COL,3,bronze,discipline=Karate;event=World Karate Championships Women Team kumite;event_label=Team kumite;source_text=Colombia Wendy Mosquera Geraldine Peña Diana Ramírez Shanee Torres;entry_country=COL;source_url=https://en.wikipedia.org/wiki/2021_World_Karate_Championships,5.0
world_karate_championships_2021_women_team-kumite,world_karate_team_Italy_Women_Team_kumite_ITA,3,bronze,discipline=Karate;event=World Karate Championships Women Team kumite;event_label=Team kumite;source_text=Italy Lorena Busà Clio Ferracuti Alessandra Mangiacapra Silvia Semeraro;entry_country=ITA;source_url=https://en.wikipedia.org/wiki/2021_World_Karate_Championships,5.0
world_karate_championships_2023_men_kata,world_karate_athlete_Ali_Sofuolu_TUR,1,gold,discipline=Karate;event=World Karate Championships Men Individual kata;event_label=Individual kata;source_text=Ali Sofuoğlu Turkey;entry_country=TUR;source_url=https://en.wikipedia.org/wiki/2023_World_Karate_Championships,10.0
world_karate_championships_2023_men_kata,world_karate_athlete_Damián_Quintero_ESP,2,silver,discipline=Karate;event=World Karate Championships Men Individual kata;event_label=Individual kata;source_text=Damián Quintero Spain;entry_country=ESP;source_url=https://en.wikipedia.org/wiki/2023_World_Karate_Championships,7.0
world_karate_championships_2023_men_kata,world_karate_athlete_Kakeru_Nishiyama_JPN,3,bronze,discipline=Karate;event=World Karate Championships Men Individual kata;event_label=Individual kata;source_text=Kakeru Nishiyama Japan;entry_country=JPN;source_url=https://en.wikipedia.org/wiki/2023_World_Karate_Championships,5.0
world_karate_championships_2023_men_kata,world_karate_athlete_Ariel_Torres_USA,3,bronze,discipline=Karate;event=World Karate Championships Men Individual kata;event_label=Individual kata;source_text=Ariel Torres United States;entry_country=USA;source_url=https://en.wikipedia.org/wiki/2023_World_Karate_Championships,5.0
world_karate_championships_2023_men_kumite-60-kg,world_karate_athlete_Christos-Stefanos_Xenos_GRC,1,gold,discipline=Karate;event=World Karate Championships Men Kumite −60 kg;event_label=Kumite −60 kg;source_text=Christos-Stefanos Xenos Greece;entry_country=GRC;source_url=https://en.wikipedia.org/wiki/2023_World_Karate_Championships,10.0
world_karate_championships_2023_men_kumite-60-kg,world_karate_athlete_Kaisar_Alpysbay_KAZ,2,silver,discipline=Karate;event=World Karate Championships Men Kumite −60 kg;event_label=Kumite −60 kg;source_text=Kaisar Alpysbay Kazakhstan;entry_country=KAZ;source_url=https://en.wikipedia.org/wiki/2023_World_Karate_Championships,7.0
world_karate_championships_2023_men_kumite-60-kg,world_karate_athlete_Angelo_Crescenzo_ITA,3,bronze,discipline=Karate;event=World Karate Championships Men Kumite −60 kg;event_label=Kumite −60 kg;source_text=Angelo Crescenzo Italy;entry_country=ITA;source_url=https://en.wikipedia.org/wiki/2023_World_Karate_Championships,5.0
world_karate_championships_2023_men_kumite-60-kg,world_karate_athlete_Eray_amdan_TUR,3,bronze,discipline=Karate;event=World Karate Championships Men Kumite −60 kg;event_label=Kumite −60 kg;source_text=Eray Şamdan Turkey;entry_country=TUR;source_url=https://en.wikipedia.org/wiki/2023_World_Karate_Championships,5.0
world_karate_championships_2023_men_kumite-67-kg,world_karate_athlete_Steven_Da_Costa_FRA,1,gold,discipline=Karate;event=World Karate Championships Men Kumite −67 kg;event_label=Kumite −67 kg;source_text=Steven Da Costa France;entry_country=FRA;source_url=https://en.wikipedia.org/wiki/2023_World_Karate_Championships,10.0
world_karate_championships_2023_men_kumite-67-kg,world_karate_athlete_Nenad_Dulovi_MNE,2,silver,discipline=Karate;event=World Karate Championships Men Kumite −67 kg;event_label=Kumite −67 kg;source_text=Nenad Dulović Montenegro;entry_country=MNE;source_url=https://en.wikipedia.org/wiki/2023_World_Karate_Championships,7.0
world_karate_championships_2023_men_kumite-67-kg,world_karate_athlete_Didar_Amirali_KAZ,3,bronze,discipline=Karate;event=World Karate Championships Men Kumite −67 kg;event_label=Kumite −67 kg;source_text=Didar Amirali Kazakhstan;entry_country=KAZ;source_url=https://en.wikipedia.org/wiki/2023_World_Karate_Championships,5.0
world_karate_championships_2023_men_kumite-67-kg,world_karate_athlete_Fahad_Al-Khathami_SAU,3,bronze,discipline=Karate;event=World Karate Championships Men Kumite −67 kg;event_label=Kumite −67 kg;source_text=Fahad Al-Khathami Saudi Arabia;entry_country=SAU;source_url=https://en.wikipedia.org/wiki/2023_World_Karate_Championships,5.0
world_karate_championships_2023_men_kumite-75-kg,world_karate_athlete_Abdalla_Abdelaziz_EGY,1,gold,discipline=Karate;event=World Karate Championships Men Kumite −75 kg;event_label=Kumite −75 kg;source_text=Abdalla Abdelaziz Egypt;entry_country=EGY;source_url=https://en.wikipedia.org/wiki/2023_World_Karate_Championships,10.0
world_karate_championships_2023_men_kumite-75-kg,world_karate_athlete_Gábor_Hárspataki_HUN,2,silver,discipline=Karate;event=World Karate Championships Men Kumite −75 kg;event_label=Kumite −75 kg;source_text=Gábor Hárspataki Hungary;entry_country=HUN;source_url=https://en.wikipedia.org/wiki/2023_World_Karate_Championships,7.0
world_karate_championships_2023_men_kumite-75-kg,world_karate_athlete_Ernest_Sharafutdinov_ANA,3,bronze,discipline=Karate;event=World Karate Championships Men Kumite −75 kg;event_label=Kumite −75 kg;source_text=Ernest Sharafutdinov Individual Neutral Athletes;entry_country=ANA;source_url=https://en.wikipedia.org/wiki/2023_World_Karate_Championships,5.0
world_karate_championships_2023_men_kumite-75-kg,world_karate_athlete_Andrii_Zaplitnyi_UKR,3,bronze,discipline=Karate;event=World Karate Championships Men Kumite −75 kg;event_label=Kumite −75 kg;source_text=Andrii Zaplitnyi Ukraine;entry_country=UKR;source_url=https://en.wikipedia.org/wiki/2023_World_Karate_Championships,5.0
world_karate_championships_2023_men_kumite-84-kg,world_karate_athlete_Youssef_Badawy_EGY,1,gold,discipline=Karate;event=World Karate Championships Men Kumite −84 kg;event_label=Kumite −84 kg;source_text=Youssef Badawy Egypt;entry_country=EGY;source_url=https://en.wikipedia.org/wiki/2023_World_Karate_Championships,10.0
world_karate_championships_2023_men_kumite-84-kg,world_karate_athlete_Mehdi_Khodabakhshi_IRI,2,silver,discipline=Karate;event=World Karate Championships Men Kumite −84 kg;event_label=Kumite −84 kg;source_text=Mehdi Khodabakhshi Iran;entry_country=IRI;source_url=https://en.wikipedia.org/wiki/2023_World_Karate_Championships,7.0
world_karate_championships_2023_men_kumite-84-kg,world_karate_athlete_Mohammad_Al-Jafari_JOR,3,bronze,discipline=Karate;event=World Karate Championships Men Kumite −84 kg;event_label=Kumite −84 kg;source_text=Mohammad Al-Jafari Jordan;entry_country=JOR;source_url=https://en.wikipedia.org/wiki/2023_World_Karate_Championships,5.0
world_karate_championships_2023_men_kumite-84-kg,world_karate_athlete_Valerii_Chobotar_UKR,3,bronze,discipline=Karate;event=World Karate Championships Men Kumite −84 kg;event_label=Kumite −84 kg;source_text=Valerii Chobotar Ukraine;entry_country=UKR;source_url=https://en.wikipedia.org/wiki/2023_World_Karate_Championships,5.0
world_karate_championships_2023_men_kumite-plus84-kg,world_karate_athlete_Mehdi_Filali_FRA,1,gold,discipline=Karate;event=World Karate Championships Men Kumite +84 kg;event_label=Kumite +84 kg;source_text=Mehdi Filali France;entry_country=FRA;source_url=https://en.wikipedia.org/wiki/2023_World_Karate_Championships,10.0
world_karate_championships_2023_men_kumite-plus84-kg,world_karate_athlete_Taha_Mahmoud_EGY,2,silver,discipline=Karate;event=World Karate Championships Men Kumite +84 kg;event_label=Kumite +84 kg;source_text=Taha Mahmoud Egypt;entry_country=EGY;source_url=https://en.wikipedia.org/wiki/2023_World_Karate_Championships,7.0
world_karate_championships_2023_men_kumite-plus84-kg,world_karate_athlete_Sajjad_Ganjzadeh_IRI,3,bronze,discipline=Karate;event=World Karate Championships Men Kumite +84 kg;event_label=Kumite +84 kg;source_text=Sajjad Ganjzadeh Iran;entry_country=IRI;source_url=https://en.wikipedia.org/wiki/2023_World_Karate_Championships,5.0
world_karate_championships_2023_men_kumite-plus84-kg,world_karate_athlete_ore_Teanovi_SRB,3,bronze,discipline=Karate;event=World Karate Championships Men Kumite +84 kg;event_label=Kumite +84 kg;source_text=Đorđe Tešanović Serbia;entry_country=SRB;source_url=https://en.wikipedia.org/wiki/2023_World_Karate_Championships,5.0
world_karate_championships_2023_men_team-kata,world_karate_team_Japan_Men_Team_kata_JPN,1,gold,discipline=Karate;event=World Karate Championships Men Team kata;event_label=Team kata;source_text=Japan Koji Arimoto Kazumasa Moto Ryuji Moto;entry_country=JPN;source_url=https://en.wikipedia.org/wiki/2023_World_Karate_Championships,10.0
world_karate_championships_2023_men_team-kata,world_karate_team_Türkiye_Men_Team_kata_TUR,2,silver,discipline=Karate;event=World Karate Championships Men Team kata;event_label=Team kata;source_text=Turkey Emre Vefa Göktaş Enes Özdemir Ali Sofuoğlu;entry_country=TUR;source_url=https://en.wikipedia.org/wiki/2023_World_Karate_Championships,7.0
world_karate_championships_2023_men_team-kata,world_karate_team_Spain_Men_Team_kata_ESP,3,bronze,discipline=Karate;event=World Karate Championships Men Team kata;event_label=Team kata;source_text=Spain Salvador Balbuena Sergio Galán Rubén García Raúl Martín;entry_country=ESP;source_url=https://en.wikipedia.org/wiki/2023_World_Karate_Championships,5.0
world_karate_championships_2023_men_team-kata,world_karate_team_Italy_Men_Team_kata_ITA,3,bronze,discipline=Karate;event=World Karate Championships Men Team kata;event_label=Team kata;source_text=Italy Gianluca Gallo Alessio Ghinami Alessandro Iodice;entry_country=ITA;source_url=https://en.wikipedia.org/wiki/2023_World_Karate_Championships,5.0
world_karate_championships_2023_men_team-kumite,world_karate_team_Jordan_Men_Team_kumite_JOR,1,gold,discipline=Karate;event=World Karate Championships Men Team kumite;event_label=Team kumite;source_text=Jordan Zaki Abu Qaoud Mohammad Al-Jafari Afeef Ghaith Abdallah Hammad Hasan Masarweh Yousef Nofal Ahmad Shadid;entry_country=JOR;source_url=https://en.wikipedia.org/wiki/2023_World_Karate_Championships,10.0
world_karate_championships_2023_men_team-kumite,world_karate_team_Egypt_Men_Team_kumite_EGY,2,silver,discipline=Karate;event=World Karate Championships Men Team kumite;event_label=Team kumite;source_text=Egypt Abdalla Abdelaziz Abdalla Hesham Abdelgawad Youssef Badawy Ahmed El-Masry Ali El-Sawy Taha Tarek Mahmoud Omar Ashraf Mohamed;entry_country=EGY;source_url=https://en.wikipedia.org/wiki/2023_World_Karate_Championships,7.0
world_karate_championships_2023_men_team-kumite,world_karate_team_France_Men_Team_kumite_FRA,3,bronze,discipline=Karate;event=World Karate Championships Men Team kumite;event_label=Team kumite;source_text=France Enzo Berthon Kilian Cizo Jessie Da Costa Steven Da Costa Mehdi Filali Thanh-Liêm Lê Younesse Salmi;entry_country=FRA;source_url=https://en.wikipedia.org/wiki/2023_World_Karate_Championships,5.0
world_karate_championships_2023_men_team-kumite,world_karate_team_Italy_Men_Team_kumite_ITA,3,bronze,discipline=Karate;event=World Karate Championships Men Team kumite;event_label=Team kumite;source_text=Italy Matteo Avanzini Matteo Fiore Luca Maresca Simone Marino Michele Martina Andre Minardi Lorenzo Pietromarchi;entry_country=ITA;source_url=https://en.wikipedia.org/wiki/2023_World_Karate_Championships,5.0
world_karate_championships_2023_women_kata,world_karate_athlete_Hikaru_Ono_JPN,1,gold,discipline=Karate;event=World Karate Championships Women Individual kata;event_label=Individual kata;source_text=Hikaru Ono Japan;entry_country=JPN;source_url=https://en.wikipedia.org/wiki/2023_World_Karate_Championships,10.0
world_karate_championships_2023_women_kata,world_karate_athlete_Grace_Lau_HKG,2,silver,discipline=Karate;event=World Karate Championships Women Individual kata;event_label=Individual kata;source_text=Grace Lau Hong Kong;entry_country=HKG;source_url=https://en.wikipedia.org/wiki/2023_World_Karate_Championships,7.0
world_karate_championships_2023_women_kata,world_karate_athlete_Paola_García_ESP,3,bronze,discipline=Karate;event=World Karate Championships Women Individual kata;event_label=Individual kata;source_text=Paola García Spain;entry_country=ESP;source_url=https://en.wikipedia.org/wiki/2023_World_Karate_Championships,5.0
world_karate_championships_2023_women_kata,world_karate_athlete_Terryana_DOnofrio_ITA,3,bronze,discipline=Karate;event=World Karate Championships Women Individual kata;event_label=Individual kata;source_text=Terryana D'Onofrio Italy;entry_country=ITA;source_url=https://en.wikipedia.org/wiki/2023_World_Karate_Championships,5.0
world_karate_championships_2023_women_kumite-50-kg,world_karate_athlete_Moldir_Zhangbyrbay_KAZ,1,gold,discipline=Karate;event=World Karate Championships Women Kumite −50 kg;event_label=Kumite −50 kg;source_text=Moldir Zhangbyrbay Kazakhstan;entry_country=KAZ;source_url=https://en.wikipedia.org/wiki/2023_World_Karate_Championships,10.0
world_karate_championships_2023_women_kumite-50-kg,world_karate_athlete_Erminia_Perfetto_ITA,2,silver,discipline=Karate;event=World Karate Championships Women Kumite −50 kg;event_label=Kumite −50 kg;source_text=Erminia Perfetto Italy;entry_country=ITA;source_url=https://en.wikipedia.org/wiki/2023_World_Karate_Championships,7.0
world_karate_championships_2023_women_kumite-50-kg,world_karate_athlete_Reem_Ahmed_Salama_EGY,3,bronze,discipline=Karate;event=World Karate Championships Women Kumite −50 kg;event_label=Kumite −50 kg;source_text=Reem Ahmed Salama Egypt;entry_country=EGY;source_url=https://en.wikipedia.org/wiki/2023_World_Karate_Championships,5.0
world_karate_championships_2023_women_kumite-50-kg,world_karate_athlete_Yorgelis_Salazar_VEN,3,bronze,discipline=Karate;event=World Karate Championships Women Kumite −50 kg;event_label=Kumite −50 kg;source_text=Yorgelis Salazar Venezuela;entry_country=VEN;source_url=https://en.wikipedia.org/wiki/2023_World_Karate_Championships,5.0
world_karate_championships_2023_women_kumite-55-kg,world_karate_athlete_Tuba_Yakan_TUR,1,gold,discipline=Karate;event=World Karate Championships Women Kumite −55 kg;event_label=Kumite −55 kg;source_text=Tuba Yakan Turkey;entry_country=TUR;source_url=https://en.wikipedia.org/wiki/2023_World_Karate_Championships,10.0
world_karate_championships_2023_women_kumite-55-kg,world_karate_athlete_Ivet_Goranova_BGR,2,silver,discipline=Karate;event=World Karate Championships Women Kumite −55 kg;event_label=Kumite −55 kg;source_text=Ivet Goranova Bulgaria;entry_country=BGR;source_url=https://en.wikipedia.org/wiki/2023_World_Karate_Championships,7.0
world_karate_championships_2023_women_kumite-55-kg,world_karate_athlete_Anzhelika_Terliuga_UKR,3,bronze,discipline=Karate;event=World Karate Championships Women Kumite −55 kg;event_label=Kumite −55 kg;source_text=Anzhelika Terliuga Ukraine;entry_country=UKR;source_url=https://en.wikipedia.org/wiki/2023_World_Karate_Championships,5.0
world_karate_championships_2023_women_kumite-55-kg,world_karate_athlete_Barbara_Pérez_VEN,3,bronze,discipline=Karate;event=World Karate Championships Women Kumite −55 kg;event_label=Kumite −55 kg;source_text=Barbara Pérez Venezuela;entry_country=VEN;source_url=https://en.wikipedia.org/wiki/2023_World_Karate_Championships,5.0
world_karate_championships_2023_women_kumite-61-kg,world_karate_athlete_Gong_Li_CHN,1,gold,discipline=Karate;event=World Karate Championships Women Kumite −61 kg;event_label=Kumite −61 kg;source_text=Gong Li China;entry_country=CHN;source_url=https://en.wikipedia.org/wiki/2023_World_Karate_Championships,10.0
world_karate_championships_2023_women_kumite-61-kg,world_karate_athlete_Fatma_Naz_Yenen_TUR,2,silver,discipline=Karate;event=World Karate Championships Women Kumite −61 kg;event_label=Kumite −61 kg;source_text=Fatma Naz Yenen Turkey;entry_country=TUR;source_url=https://en.wikipedia.org/wiki/2023_World_Karate_Championships,7.0
world_karate_championships_2023_women_kumite-61-kg,world_karate_athlete_Noursin_Aly_EGY,3,bronze,discipline=Karate;event=World Karate Championships Women Kumite −61 kg;event_label=Kumite −61 kg;source_text=Noursin Aly Egypt;entry_country=EGY;source_url=https://en.wikipedia.org/wiki/2023_World_Karate_Championships,5.0
world_karate_championships_2023_women_kumite-61-kg,world_karate_athlete_Laura_Sivert_FRA,3,bronze,discipline=Karate;event=World Karate Championships Women Kumite −61 kg;event_label=Kumite −61 kg;source_text=Laura Sivert France;entry_country=FRA;source_url=https://en.wikipedia.org/wiki/2023_World_Karate_Championships,5.0
world_karate_championships_2023_women_kumite-68-kg,world_karate_athlete_Irina_Zaretska_AZE,1,gold,discipline=Karate;event=World Karate Championships Women Kumite −68 kg;event_label=Kumite −68 kg;source_text=Irina Zaretska Azerbaijan;entry_country=AZE;source_url=https://en.wikipedia.org/wiki/2023_World_Karate_Championships,10.0
world_karate_championships_2023_women_kumite-68-kg,world_karate_athlete_Elena_Quirici_CHE,2,silver,discipline=Karate;event=World Karate Championships Women Kumite −68 kg;event_label=Kumite −68 kg;source_text=Elena Quirici Switzerland;entry_country=CHE;source_url=https://en.wikipedia.org/wiki/2023_World_Karate_Championships,7.0
world_karate_championships_2023_women_kumite-68-kg,world_karate_athlete_Alizée_Agier_FRA,3,bronze,discipline=Karate;event=World Karate Championships Women Kumite −68 kg;event_label=Kumite −68 kg;source_text=Alizée Agier France;entry_country=FRA;source_url=https://en.wikipedia.org/wiki/2023_World_Karate_Championships,5.0
world_karate_championships_2023_women_kumite-68-kg,world_karate_athlete_Ceyco_Georgia_Zefanya_IDN,3,bronze,discipline=Karate;event=World Karate Championships Women Kumite −68 kg;event_label=Kumite −68 kg;source_text=Ceyco Georgia Zefanya Indonesia;entry_country=IDN;source_url=https://en.wikipedia.org/wiki/2023_World_Karate_Championships,5.0
world_karate_championships_2023_women_kumite-plus68-kg,world_karate_athlete_Ayaka_Saito_JPN,1,gold,discipline=Karate;event=World Karate Championships Women Kumite +68 kg;event_label=Kumite +68 kg;source_text=Ayaka Saito Japan;entry_country=JPN;source_url=https://en.wikipedia.org/wiki/2023_World_Karate_Championships,10.0
world_karate_championships_2023_women_kumite-plus68-kg,world_karate_athlete_María_Torres_ESP,2,silver,discipline=Karate;event=World Karate Championships Women Kumite +68 kg;event_label=Kumite +68 kg;source_text=María Torres Spain;entry_country=ESP;source_url=https://en.wikipedia.org/wiki/2023_World_Karate_Championships,7.0
world_karate_championships_2023_women_kumite-plus68-kg,world_karate_athlete_Menna_Shaaban_Okila_EGY,3,bronze,discipline=Karate;event=World Karate Championships Women Kumite +68 kg;event_label=Kumite +68 kg;source_text=Menna Shaaban Okila Egypt;entry_country=EGY;source_url=https://en.wikipedia.org/wiki/2023_World_Karate_Championships,5.0
world_karate_championships_2023_women_kumite-plus68-kg,world_karate_athlete_Clio_Ferracuti_ITA,3,bronze,discipline=Karate;event=World Karate Championships Women Kumite +68 kg;event_label=Kumite +68 kg;source_text=Clio Ferracuti Italy;entry_country=ITA;source_url=https://en.wikipedia.org/wiki/2023_World_Karate_Championships,5.0
world_karate_championships_2023_women_team-kata,world_karate_team_Japan_Women_Team_kata_JPN,1,gold,discipline=Karate;event=World Karate Championships Women Team kata;event_label=Team kata;source_text=Japan Saori Ishibashi Chiho Mizukami Sae Taira;entry_country=JPN;source_url=https://en.wikipedia.org/wiki/2023_World_Karate_Championships,10.0
world_karate_championships_2023_women_team-kata,world_karate_team_Italy_Women_Team_kata_ITA,2,silver,discipline=Karate;event=World Karate Championships Women Team kata;event_label=Team kata;source_text=Italy Terryana D'Onofrio Michela Rizzo Elena Roversi;entry_country=ITA;source_url=https://en.wikipedia.org/wiki/2023_World_Karate_Championships,7.0
world_karate_championships_2023_women_team-kata,world_karate_team_Egypt_Women_Team_kata_EGY,3,bronze,discipline=Karate;event=World Karate Championships Women Team kata;event_label=Team kata;source_text=Egypt Asmaa Allam Noha Amr Antar Aya Hesham;entry_country=EGY;source_url=https://en.wikipedia.org/wiki/2023_World_Karate_Championships,5.0
world_karate_championships_2023_women_team-kata,world_karate_team_Spain_Women_Team_kata_ESP,3,bronze,discipline=Karate;event=World Karate Championships Women Team kata;event_label=Team kata;source_text=Spain Paola García María López Gema Morales Raquel Roy;entry_country=ESP;source_url=https://en.wikipedia.org/wiki/2023_World_Karate_Championships,5.0
world_karate_championships_2023_women_team-kumite,world_karate_team_Spain_Women_Team_kumite_ESP,1,gold,discipline=Karate;event=World Karate Championships Women Team kumite;event_label=Team kumite;source_text=Spain Carlota Fernández Adriana Gil María Nieto María Torres;entry_country=ESP;source_url=https://en.wikipedia.org/wiki/2023_World_Karate_Championships,10.0
world_karate_championships_2023_women_team-kumite,world_karate_team_Japan_Women_Team_kumite_JPN,2,silver,discipline=Karate;event=World Karate Championships Women Team kumite;event_label=Team kumite;source_text=Japan Tsubasa Kama Ayaka Saito Yuzuki Sawae Sarara Shimada;entry_country=JPN;source_url=https://en.wikipedia.org/wiki/2023_World_Karate_Championships,7.0
world_karate_championships_2023_women_team-kumite,world_karate_team_Croatia_Women_Team_kumite_HRV,3,bronze,discipline=Karate;event=World Karate Championships Women Team kumite;event_label=Team kumite;source_text=Croatia Sadea Bečirević Nikolina Golomboš Lucija Lesjak Lea Vukoja;entry_country=HRV;source_url=https://en.wikipedia.org/wiki/2023_World_Karate_Championships,5.0
world_karate_championships_2023_women_team-kumite,world_karate_team_Kosovo_Women_Team_kumite_KOS,3,bronze,discipline=Karate;event=World Karate Championships Women Team kumite;event_label=Team kumite;source_text=Kosovo Albulena Gervalla Fortesa Orana Vlera Qerimi Hatigje Zejnullahu;entry_country=KOS;source_url=https://en.wikipedia.org/wiki/2023_World_Karate_Championships,5.0
world_karate_championships_2025_men_kata,world_karate_athlete_Kakeru_Nishiyama_JPN,1,gold,discipline=Karate;event=World Karate Championships Men Kata;event_label=Kata;source_text=Kakeru Nishiyama Japan;entry_country=JPN;source_url=https://en.wikipedia.org/wiki/2025_World_Karate_Championships,10.0
world_karate_championships_2025_men_kata,world_karate_athlete_Alessio_Ghinami_ITA,2,silver,discipline=Karate;event=World Karate Championships Men Kata;event_label=Kata;source_text=Alessio Ghinami Italy;entry_country=ITA;source_url=https://en.wikipedia.org/wiki/2025_World_Karate_Championships,7.0
world_karate_championships_2025_men_kata,world_karate_athlete_Enes_Özdemir_TUR,3,bronze,discipline=Karate;event=World Karate Championships Men Kata;event_label=Kata;source_text=Enes Özdemir Turkey;entry_country=TUR;source_url=https://en.wikipedia.org/wiki/2025_World_Karate_Championships,5.0
world_karate_championships_2025_men_kata,world_karate_athlete_Ariel_Torres_USA,3,bronze,discipline=Karate;event=World Karate Championships Men Kata;event_label=Kata;source_text=Ariel Torres United States;entry_country=USA;source_url=https://en.wikipedia.org/wiki/2025_World_Karate_Championships,5.0
world_karate_championships_2025_men_kumite-60-kg,world_karate_athlete_Eray_amdan_TUR,1,gold,discipline=Karate;event=World Karate Championships Men Kumite −60 kg;event_label=Kumite −60 kg;source_text=Eray Şamdan Turkey;entry_country=TUR;source_url=https://en.wikipedia.org/wiki/2025_World_Karate_Championships,10.0
world_karate_championships_2025_men_kumite-60-kg,world_karate_athlete_Islam_Selmani_KOS,2,silver,discipline=Karate;event=World Karate Championships Men Kumite −60 kg;event_label=Kumite −60 kg;source_text=Islam Selmani Kosovo;entry_country=KOS;source_url=https://en.wikipedia.org/wiki/2025_World_Karate_Championships,7.0
world_karate_championships_2025_men_kumite-60-kg,world_karate_athlete_Christos-Stefanos_Xenos_GRC,3,bronze,discipline=Karate;event=World Karate Championships Men Kumite −60 kg;event_label=Kumite −60 kg;source_text=Christos-Stefanos Xenos Greece;entry_country=GRC;source_url=https://en.wikipedia.org/wiki/2025_World_Karate_Championships,5.0
world_karate_championships_2025_men_kumite-60-kg,world_karate_athlete_Hiromu_Hashimoto_JPN,3,bronze,discipline=Karate;event=World Karate Championships Men Kumite −60 kg;event_label=Kumite −60 kg;source_text=Hiromu Hashimoto Japan;entry_country=JPN;source_url=https://en.wikipedia.org/wiki/2025_World_Karate_Championships,5.0
world_karate_championships_2025_men_kumite-67-kg,world_karate_athlete_Afeef_Ghaith_JOR,1,gold,discipline=Karate;event=World Karate Championships Men Kumite −67 kg;event_label=Kumite −67 kg;source_text=Afeef Ghaith Jordan;entry_country=JOR;source_url=https://en.wikipedia.org/wiki/2025_World_Karate_Championships,10.0
world_karate_championships_2025_men_kumite-67-kg,world_karate_athlete_Said_Oubaya_MAR,2,silver,discipline=Karate;event=World Karate Championships Men Kumite −67 kg;event_label=Kumite −67 kg;source_text=Said Oubaya Morocco;entry_country=MAR;source_url=https://en.wikipedia.org/wiki/2025_World_Karate_Championships,7.0
world_karate_championships_2025_men_kumite-67-kg,world_karate_athlete_Didar_Amirali_KAZ,3,bronze,discipline=Karate;event=World Karate Championships Men Kumite −67 kg;event_label=Kumite −67 kg;source_text=Didar Amirali Kazakhstan;entry_country=KAZ;source_url=https://en.wikipedia.org/wiki/2025_World_Karate_Championships,5.0
world_karate_championships_2025_men_kumite-67-kg,world_karate_athlete_Abdul_Vakhkhob_Rashidov_UZB,3,bronze,discipline=Karate;event=World Karate Championships Men Kumite −67 kg;event_label=Kumite −67 kg;source_text=Abdul Vakhkhob Rashidov Uzbekistan;entry_country=UZB;source_url=https://en.wikipedia.org/wiki/2025_World_Karate_Championships,5.0
world_karate_championships_2025_men_kumite-75-kg,world_karate_athlete_Abdalla_Abdelaziz_EGY,1,gold,discipline=Karate;event=World Karate Championships Men Kumite −75 kg;event_label=Kumite −75 kg;source_text=Abdalla Abdelaziz Egypt;entry_country=EGY;source_url=https://en.wikipedia.org/wiki/2025_World_Karate_Championships,10.0
world_karate_championships_2025_men_kumite-75-kg,world_karate_athlete_Andrii_Zaplitnyi_UKR,2,silver,discipline=Karate;event=World Karate Championships Men Kumite −75 kg;event_label=Kumite −75 kg;source_text=Andrii Zaplitnyi Ukraine;entry_country=UKR;source_url=https://en.wikipedia.org/wiki/2025_World_Karate_Championships,7.0
world_karate_championships_2025_men_kumite-75-kg,world_karate_athlete_Suren_Harutyunyan_ARM,3,bronze,discipline=Karate;event=World Karate Championships Men Kumite −75 kg;event_label=Kumite −75 kg;source_text=Suren Harutyunyan Armenia;entry_country=ARM;source_url=https://en.wikipedia.org/wiki/2025_World_Karate_Championships,5.0
world_karate_championships_2025_men_kumite-75-kg,world_karate_athlete_Ernest_Sharafutdinov_WKF1,3,bronze,discipline=Karate;event=World Karate Championships Men Kumite −75 kg;event_label=Kumite −75 kg;source_text=Ernest Sharafutdinov World Karate Federation -1;entry_country=WKF1;source_url=https://en.wikipedia.org/wiki/2025_World_Karate_Championships,5.0
world_karate_championships_2025_men_kumite-84-kg,world_karate_athlete_Youssef_Badawy_EGY,1,gold,discipline=Karate;event=World Karate Championships Men Kumite −84 kg;event_label=Kumite −84 kg;source_text=Youssef Badawy Egypt;entry_country=EGY;source_url=https://en.wikipedia.org/wiki/2025_World_Karate_Championships,10.0
world_karate_championships_2025_men_kumite-84-kg,world_karate_athlete_Hasan_Arslan_TUR,2,silver,discipline=Karate;event=World Karate Championships Men Kumite −84 kg;event_label=Kumite −84 kg;source_text=Hasan Arslan Turkey;entry_country=TUR;source_url=https://en.wikipedia.org/wiki/2025_World_Karate_Championships,7.0
world_karate_championships_2025_men_kumite-84-kg,world_karate_athlete_Ivan_Kvesi_HRV,3,bronze,discipline=Karate;event=World Karate Championships Men Kumite −84 kg;event_label=Kumite −84 kg;source_text=Ivan Kvesić Croatia;entry_country=HRV;source_url=https://en.wikipedia.org/wiki/2025_World_Karate_Championships,5.0
world_karate_championships_2025_men_kumite-84-kg,world_karate_athlete_Mohammad_Al-Jafari_JOR,3,bronze,discipline=Karate;event=World Karate Championships Men Kumite −84 kg;event_label=Kumite −84 kg;source_text=Mohammad Al-Jafari Jordan;entry_country=JOR;source_url=https://en.wikipedia.org/wiki/2025_World_Karate_Championships,5.0
world_karate_championships_2025_men_kumite-plus84-kg,world_karate_athlete_Matteo_Avanzini_ITA,1,gold,discipline=Karate;event=World Karate Championships Men Kumite +84 kg;event_label=Kumite +84 kg;source_text=Matteo Avanzini Italy;entry_country=ITA;source_url=https://en.wikipedia.org/wiki/2025_World_Karate_Championships,10.0
world_karate_championships_2025_men_kumite-plus84-kg,world_karate_athlete_Saleh_Abazari_IRI,2,silver,discipline=Karate;event=World Karate Championships Men Kumite +84 kg;event_label=Kumite +84 kg;source_text=Saleh Abazari Iran;entry_country=IRI;source_url=https://en.wikipedia.org/wiki/2025_World_Karate_Championships,7.0
world_karate_championships_2025_men_kumite-plus84-kg,world_karate_athlete_Sanad_Sufyani_SAU,3,bronze,discipline=Karate;event=World Karate Championships Men Kumite +84 kg;event_label=Kumite +84 kg;source_text=Sanad Sufyani Saudi Arabia;entry_country=SAU;source_url=https://en.wikipedia.org/wiki/2025_World_Karate_Championships,5.0
world_karate_championships_2025_men_kumite-plus84-kg,world_karate_athlete_Ivan_Kudzinau_WKF2,3,bronze,discipline=Karate;event=World Karate Championships Men Kumite +84 kg;event_label=Kumite +84 kg;source_text=Ivan Kudzinau World Karate Federation -2;entry_country=WKF2;source_url=https://en.wikipedia.org/wiki/2025_World_Karate_Championships,5.0
world_karate_championships_2025_women_kata,world_karate_athlete_Grace_Lau_HKG,1,gold,discipline=Karate;event=World Karate Championships Women Kata;event_label=Kata;source_text=Grace Lau Hong Kong;entry_country=HKG;source_url=https://en.wikipedia.org/wiki/2025_World_Karate_Championships,10.0
world_karate_championships_2025_women_kata,world_karate_athlete_Maho_Ono_JPN,2,silver,discipline=Karate;event=World Karate Championships Women Kata;event_label=Kata;source_text=Maho Ono Japan;entry_country=JPN;source_url=https://en.wikipedia.org/wiki/2025_World_Karate_Championships,7.0
world_karate_championships_2025_women_kata,world_karate_athlete_Aya_Hesham_EGY,3,bronze,discipline=Karate;event=World Karate Championships Women Kata;event_label=Kata;source_text=Aya Hesham Egypt;entry_country=EGY;source_url=https://en.wikipedia.org/wiki/2025_World_Karate_Championships,5.0
world_karate_championships_2025_women_kata,world_karate_athlete_Terryana_DOnofrio_ITA,3,bronze,discipline=Karate;event=World Karate Championships Women Kata;event_label=Kata;source_text=Terryana D'Onofrio Italy;entry_country=ITA;source_url=https://en.wikipedia.org/wiki/2025_World_Karate_Championships,5.0
world_karate_championships_2025_women_kumite-50-kg,world_karate_athlete_Gulshan_Alimardanova_UZB,1,gold,discipline=Karate;event=World Karate Championships Women Kumite −50 kg;event_label=Kumite −50 kg;source_text=Gulshan Alimardanova Uzbekistan;entry_country=UZB;source_url=https://en.wikipedia.org/wiki/2025_World_Karate_Championships,10.0
world_karate_championships_2025_women_kumite-50-kg,world_karate_athlete_Shahmalarani_Chandran_MYS,2,silver,discipline=Karate;event=World Karate Championships Women Kumite −50 kg;event_label=Kumite −50 kg;source_text=Shahmalarani Chandran Malaysia;entry_country=MYS;source_url=https://en.wikipedia.org/wiki/2025_World_Karate_Championships,7.0
world_karate_championships_2025_women_kumite-50-kg,world_karate_athlete_Sara_Bahmanyar_IRI,3,bronze,discipline=Karate;event=World Karate Championships Women Kumite −50 kg;event_label=Kumite −50 kg;source_text=Sara Bahmanyar Iran;entry_country=IRI;source_url=https://en.wikipedia.org/wiki/2025_World_Karate_Championships,5.0
world_karate_championships_2025_women_kumite-50-kg,world_karate_athlete_Yorgelis_Salazar_VEN,3,bronze,discipline=Karate;event=World Karate Championships Women Kumite −50 kg;event_label=Kumite −50 kg;source_text=Yorgelis Salazar Venezuela;entry_country=VEN;source_url=https://en.wikipedia.org/wiki/2025_World_Karate_Championships,5.0
world_karate_championships_2025_women_kumite-55-kg,world_karate_athlete_Ahlam_Youssef_EGY,1,gold,discipline=Karate;event=World Karate Championships Women Kumite −55 kg;event_label=Kumite −55 kg;source_text=Ahlam Youssef Egypt;entry_country=EGY;source_url=https://en.wikipedia.org/wiki/2025_World_Karate_Championships,10.0
world_karate_championships_2025_women_kumite-55-kg,world_karate_athlete_Nina_Kvasnicová_SVK,2,silver,discipline=Karate;event=World Karate Championships Women Kumite −55 kg;event_label=Kumite −55 kg;source_text=Nina Kvasnicová Slovakia;entry_country=SVK;source_url=https://en.wikipedia.org/wiki/2025_World_Karate_Championships,7.0
world_karate_championships_2025_women_kumite-55-kg,world_karate_athlete_Louiza_Abouriche_DZA,3,bronze,discipline=Karate;event=World Karate Championships Women Kumite −55 kg;event_label=Kumite −55 kg;source_text=Louiza Abouriche Algeria;entry_country=DZA;source_url=https://en.wikipedia.org/wiki/2025_World_Karate_Championships,5.0
world_karate_championships_2025_women_kumite-55-kg,world_karate_athlete_Anzhelika_Terliuga_UKR,3,bronze,discipline=Karate;event=World Karate Championships Women Kumite −55 kg;event_label=Kumite −55 kg;source_text=Anzhelika Terliuga Ukraine;entry_country=UKR;source_url=https://en.wikipedia.org/wiki/2025_World_Karate_Championships,5.0
world_karate_championships_2025_women_kumite-61-kg,world_karate_athlete_Atousa_Golshadnejad_IRI,1,gold,discipline=Karate;event=World Karate Championships Women Kumite −61 kg;event_label=Kumite −61 kg;source_text=Atousa Golshadnejad Iran;entry_country=IRI;source_url=https://en.wikipedia.org/wiki/2025_World_Karate_Championships,10.0
world_karate_championships_2025_women_kumite-61-kg,world_karate_athlete_Gong_Li_CHN,2,silver,discipline=Karate;event=World Karate Championships Women Kumite −61 kg;event_label=Kumite −61 kg;source_text=Gong Li China;entry_country=CHN;source_url=https://en.wikipedia.org/wiki/2025_World_Karate_Championships,7.0
world_karate_championships_2025_women_kumite-61-kg,world_karate_athlete_Assel_Kanay_KAZ,3,bronze,discipline=Karate;event=World Karate Championships Women Kumite −61 kg;event_label=Kumite −61 kg;source_text=Assel Kanay Kazakhstan;entry_country=KAZ;source_url=https://en.wikipedia.org/wiki/2025_World_Karate_Championships,5.0
world_karate_championships_2025_women_kumite-61-kg,world_karate_athlete_Wafa_Mahjoub_TUN,3,bronze,discipline=Karate;event=World Karate Championships Women Kumite −61 kg;event_label=Kumite −61 kg;source_text=Wafa Mahjoub Tunisia;entry_country=TUN;source_url=https://en.wikipedia.org/wiki/2025_World_Karate_Championships,5.0
world_karate_championships_2025_women_kumite-68-kg,world_karate_athlete_Thalya_Sombé_FRA,1,gold,discipline=Karate;event=World Karate Championships Women Kumite −68 kg;event_label=Kumite −68 kg;source_text=Thalya Sombé France;entry_country=FRA;source_url=https://en.wikipedia.org/wiki/2025_World_Karate_Championships,10.0
world_karate_championships_2025_women_kumite-68-kg,world_karate_athlete_Janessa_Fonseca_PRI,2,silver,discipline=Karate;event=World Karate Championships Women Kumite −68 kg;event_label=Kumite −68 kg;source_text=Janessa Fonseca Puerto Rico;entry_country=PRI;source_url=https://en.wikipedia.org/wiki/2025_World_Karate_Championships,7.0
world_karate_championships_2025_women_kumite-68-kg,world_karate_athlete_Irina_Zaretska_AZE,3,bronze,discipline=Karate;event=World Karate Championships Women Kumite −68 kg;event_label=Kumite −68 kg;source_text=Irina Zaretska Azerbaijan;entry_country=AZE;source_url=https://en.wikipedia.org/wiki/2025_World_Karate_Championships,5.0
world_karate_championships_2025_women_kumite-68-kg,world_karate_athlete_Anastasiia_Velozo_CHL,3,bronze,discipline=Karate;event=World Karate Championships Women Kumite −68 kg;event_label=Kumite −68 kg;source_text=Anastasiia Velozo Chile;entry_country=CHL;source_url=https://en.wikipedia.org/wiki/2025_World_Karate_Championships,5.0
world_karate_championships_2025_women_kumite-plus68-kg,world_karate_athlete_Johanna_Kneer_DEU,1,gold,discipline=Karate;event=World Karate Championships Women Kumite +68 kg;event_label=Kumite +68 kg;source_text=Johanna Kneer Germany;entry_country=DEU;source_url=https://en.wikipedia.org/wiki/2025_World_Karate_Championships,10.0
world_karate_championships_2025_women_kumite-plus68-kg,world_karate_athlete_Sofya_Berultseva_KAZ,2,silver,discipline=Karate;event=World Karate Championships Women Kumite +68 kg;event_label=Kumite +68 kg;source_text=Sofya Berultseva Kazakhstan;entry_country=KAZ;source_url=https://en.wikipedia.org/wiki/2025_World_Karate_Championships,7.0
world_karate_championships_2025_women_kumite-plus68-kg,world_karate_athlete_Rochelle_Walters_ENG,3,bronze,discipline=Karate;event=World Karate Championships Women Kumite +68 kg;event_label=Kumite +68 kg;source_text=Rochelle Walters England;entry_country=ENG;source_url=https://en.wikipedia.org/wiki/2025_World_Karate_Championships,5.0
world_karate_championships_2025_women_kumite-plus68-kg,world_karate_athlete_Kyriaki_Kydonaki_GRC,3,bronze,discipline=Karate;event=World Karate Championships Women Kumite +68 kg;event_label=Kumite +68 kg;source_text=Kyriaki Kydonaki Greece;entry_country=GRC;source_url=https://en.wikipedia.org/wiki/2025_World_Karate_Championships,5.0
