event_id,participant_id,rank,medal,score_raw,points_awarded
fei_world_championships_2002_equestrian-dressage-equestrian_individual-dressage_mixed,equestrian_athlete_Nadine_Capellmann_DEU,1,gold,edition=FEI World Equestrian Games;event=Individual dressage;discipline=equestrian-dressage-equestrian;source_url=https://en.wikipedia.org/wiki/2002_FEI_World_Equestrian_Games,10.0
fei_world_championships_2002_equestrian-dressage-equestrian_individual-dressage_mixed,equestrian_athlete_Beatriz_Ferrer-Salat_ESP,2,silver,edition=FEI World Equestrian Games;event=Individual dressage;discipline=equestrian-dressage-equestrian;source_url=https://en.wikipedia.org/wiki/2002_FEI_World_Equestrian_Games,7.0
fei_world_championships_2002_equestrian-dressage-equestrian_individual-dressage_mixed,equestrian_athlete_Ulla_Salzgeber_DEU,3,bronze,edition=FEI World Equestrian Games;event=Individual dressage;discipline=equestrian-dressage-equestrian;source_url=https://en.wikipedia.org/wiki/2002_FEI_World_Equestrian_Games,5.0
fei_world_championships_2002_equestrian-dressage-equestrian_team-dressage_mixed,equestrian_team_Germany_DEU,1,gold,edition=FEI World Equestrian Games;event=Team dressage;discipline=equestrian-dressage-equestrian;source_url=https://en.wikipedia.org/wiki/2002_FEI_World_Equestrian_Games,10.0
fei_world_championships_2002_equestrian-dressage-equestrian_team-dressage_mixed,equestrian_team_United_States_USA,2,silver,edition=FEI World Equestrian Games;event=Team dressage;discipline=equestrian-dressage-equestrian;source_url=https://en.wikipedia.org/wiki/2002_FEI_World_Equestrian_Games,7.0
fei_world_championships_2002_equestrian-dressage-equestrian_team-dressage_mixed,equestrian_team_Spain_ESP,3,bronze,edition=FEI World Equestrian Games;event=Team dressage;discipline=equestrian-dressage-equestrian;source_url=https://en.wikipedia.org/wiki/2002_FEI_World_Equestrian_Games,5.0
fei_world_championships_2002_equestrian-driving_individual-driving_mixed,equestrian_athlete_Ijsbrand_Chardon_NLD,1,gold,edition=FEI World Equestrian Games;event=Individual driving;discipline=equestrian-driving;source_url=https://en.wikipedia.org/wiki/2002_FEI_World_Equestrian_Games,10.0
fei_world_championships_2002_equestrian-driving_individual-driving_mixed,equestrian_athlete_Christoph_Sandmann_DEU,2,silver,edition=FEI World Equestrian Games;event=Individual driving;discipline=equestrian-driving;source_url=https://en.wikipedia.org/wiki/2002_FEI_World_Equestrian_Games,7.0
fei_world_championships_2002_equestrian-driving_individual-driving_mixed,equestrian_athlete_Tomas_Eriksson_SWE,3,bronze,edition=FEI World Equestrian Games;event=Individual driving;discipline=equestrian-driving;source_url=https://en.wikipedia.org/wiki/2002_FEI_World_Equestrian_Games,5.0
fei_world_championships_2002_equestrian-driving_team-driving_mixed,equestrian_team_Netherlands_NLD,1,gold,edition=FEI World Equestrian Games;event=Team driving;discipline=equestrian-driving;source_url=https://en.wikipedia.org/wiki/2002_FEI_World_Equestrian_Games,10.0
fei_world_championships_2002_equestrian-driving_team-driving_mixed,equestrian_team_United_States_USA,2,silver,edition=FEI World Equestrian Games;event=Team driving;discipline=equestrian-driving;source_url=https://en.wikipedia.org/wiki/2002_FEI_World_Equestrian_Games,7.0
fei_world_championships_2002_equestrian-driving_team-driving_mixed,equestrian_team_Germany_DEU,3,bronze,edition=FEI World Equestrian Games;event=Team driving;discipline=equestrian-driving;source_url=https://en.wikipedia.org/wiki/2002_FEI_World_Equestrian_Games,5.0
fei_world_championships_2002_equestrian-endurance_individual-endurance_mixed,equestrian_athlete_Ahmed_bin_Mohd_al_Maktoum_ARE,1,gold,edition=FEI World Equestrian Games;event=Individual endurance;discipline=equestrian-endurance;source_url=https://en.wikipedia.org/wiki/2002_FEI_World_Equestrian_Games,10.0
fei_world_championships_2002_equestrian-endurance_individual-endurance_mixed,equestrian_athlete_Antonio_Rosi_ITA,2,silver,edition=FEI World Equestrian Games;event=Individual endurance;discipline=equestrian-endurance;source_url=https://en.wikipedia.org/wiki/2002_FEI_World_Equestrian_Games,7.0
fei_world_championships_2002_equestrian-endurance_individual-endurance_mixed,equestrian_athlete_Sunny_Demedy_FRA,3,bronze,edition=FEI World Equestrian Games;event=Individual endurance;discipline=equestrian-endurance;source_url=https://en.wikipedia.org/wiki/2002_FEI_World_Equestrian_Games,5.0
fei_world_championships_2002_equestrian-endurance_team-endurance_mixed,equestrian_team_France_FRA,1,gold,edition=FEI World Equestrian Games;event=Team endurance;discipline=equestrian-endurance;source_url=https://en.wikipedia.org/wiki/2002_FEI_World_Equestrian_Games,10.0
fei_world_championships_2002_equestrian-endurance_team-endurance_mixed,equestrian_team_Italy_ITA,2,silver,edition=FEI World Equestrian Games;event=Team endurance;discipline=equestrian-endurance;source_url=https://en.wikipedia.org/wiki/2002_FEI_World_Equestrian_Games,7.0
fei_world_championships_2002_equestrian-endurance_team-endurance_mixed,equestrian_team_Australia_AUS,3,bronze,edition=FEI World Equestrian Games;event=Team endurance;discipline=equestrian-endurance;source_url=https://en.wikipedia.org/wiki/2002_FEI_World_Equestrian_Games,5.0
fei_world_championships_2002_equestrian-eventing-equestrian_individual-eventing_mixed,equestrian_athlete_Jean_Teulere_FRA,1,gold,edition=FEI World Equestrian Games;event=Individual eventing;discipline=equestrian-eventing-equestrian;source_url=https://en.wikipedia.org/wiki/2002_FEI_World_Equestrian_Games,10.0
fei_world_championships_2002_equestrian-eventing-equestrian_individual-eventing_mixed,equestrian_athlete_Jeanette_Brakewell_GBR,2,silver,edition=FEI World Equestrian Games;event=Individual eventing;discipline=equestrian-eventing-equestrian;source_url=https://en.wikipedia.org/wiki/2002_FEI_World_Equestrian_Games,7.0
fei_world_championships_2002_equestrian-eventing-equestrian_individual-eventing_mixed,equestrian_athlete_Piia_Pantsu_FIN,3,bronze,edition=FEI World Equestrian Games;event=Individual eventing;discipline=equestrian-eventing-equestrian;source_url=https://en.wikipedia.org/wiki/2002_FEI_World_Equestrian_Games,5.0
fei_world_championships_2002_equestrian-eventing-equestrian_team-eventing_mixed,equestrian_team_United_States_USA,1,gold,edition=FEI World Equestrian Games;event=Team eventing;discipline=equestrian-eventing-equestrian;source_url=https://en.wikipedia.org/wiki/2002_FEI_World_Equestrian_Games,10.0
fei_world_championships_2002_equestrian-eventing-equestrian_team-eventing_mixed,equestrian_team_France_FRA,2,silver,edition=FEI World Equestrian Games;event=Team eventing;discipline=equestrian-eventing-equestrian;source_url=https://en.wikipedia.org/wiki/2002_FEI_World_Equestrian_Games,7.0
fei_world_championships_2002_equestrian-eventing-equestrian_team-eventing_mixed,equestrian_team_United_Kingdom_GBR,3,bronze,edition=FEI World Equestrian Games;event=Team eventing;discipline=equestrian-eventing-equestrian;source_url=https://en.wikipedia.org/wiki/2002_FEI_World_Equestrian_Games,5.0
fei_world_championships_2002_equestrian-jumping-equestrian_individual-jumping_mixed,equestrian_athlete_Dermott_Lennon_IRL,1,gold,edition=FEI World Equestrian Games;event=Individual jumping;discipline=equestrian-jumping-equestrian;source_url=https://en.wikipedia.org/wiki/2002_FEI_World_Equestrian_Games,10.0
fei_world_championships_2002_equestrian-jumping-equestrian_individual-jumping_mixed,equestrian_athlete_Eric_Navet_FRA,2,silver,edition=FEI World Equestrian Games;event=Individual jumping;discipline=equestrian-jumping-equestrian;source_url=https://en.wikipedia.org/wiki/2002_FEI_World_Equestrian_Games,7.0
fei_world_championships_2002_equestrian-jumping-equestrian_individual-jumping_mixed,equestrian_athlete_Peter_Wylde_USA,3,bronze,edition=FEI World Equestrian Games;event=Individual jumping;discipline=equestrian-jumping-equestrian;source_url=https://en.wikipedia.org/wiki/2002_FEI_World_Equestrian_Games,5.0
fei_world_championships_2002_equestrian-jumping-equestrian_team-jumping_mixed,equestrian_team_France_FRA,1,gold,edition=FEI World Equestrian Games;event=Team jumping;discipline=equestrian-jumping-equestrian;source_url=https://en.wikipedia.org/wiki/2002_FEI_World_Equestrian_Games,10.0
fei_world_championships_2002_equestrian-jumping-equestrian_team-jumping_mixed,equestrian_team_Sweden_SWE,2,silver,edition=FEI World Equestrian Games;event=Team jumping;discipline=equestrian-jumping-equestrian;source_url=https://en.wikipedia.org/wiki/2002_FEI_World_Equestrian_Games,7.0
fei_world_championships_2002_equestrian-jumping-equestrian_team-jumping_mixed,equestrian_team_Belgium_BEL,3,bronze,edition=FEI World Equestrian Games;event=Team jumping;discipline=equestrian-jumping-equestrian;source_url=https://en.wikipedia.org/wiki/2002_FEI_World_Equestrian_Games,5.0
fei_world_championships_2002_equestrian-reining_individual-reining_mixed,equestrian_athlete_Shawn_Flarida_USA,1,gold,edition=FEI World Equestrian Games;event=Individual reining;discipline=equestrian-reining;source_url=https://en.wikipedia.org/wiki/2002_FEI_World_Equestrian_Games,10.0
fei_world_championships_2002_equestrian-reining_individual-reining_mixed,equestrian_athlete_Tom_McCutcheon_USA,2,silver,edition=FEI World Equestrian Games;event=Individual reining;discipline=equestrian-reining;source_url=https://en.wikipedia.org/wiki/2002_FEI_World_Equestrian_Games,7.0
fei_world_championships_2002_equestrian-reining_individual-reining_mixed,equestrian_athlete_Shawna_Sapergia_CAN,3,bronze,edition=FEI World Equestrian Games;event=Individual reining;discipline=equestrian-reining;source_url=https://en.wikipedia.org/wiki/2002_FEI_World_Equestrian_Games,5.0
fei_world_championships_2002_equestrian-reining_team-reining_mixed,equestrian_team_United_States_USA,1,gold,edition=FEI World Equestrian Games;event=Team reining;discipline=equestrian-reining;source_url=https://en.wikipedia.org/wiki/2002_FEI_World_Equestrian_Games,10.0
fei_world_championships_2002_equestrian-reining_team-reining_mixed,equestrian_team_Canada_CAN,2,silver,edition=FEI World Equestrian Games;event=Team reining;discipline=equestrian-reining;source_url=https://en.wikipedia.org/wiki/2002_FEI_World_Equestrian_Games,7.0
fei_world_championships_2002_equestrian-reining_team-reining_mixed,equestrian_team_Italy_ITA,3,bronze,edition=FEI World Equestrian Games;event=Team reining;discipline=equestrian-reining;source_url=https://en.wikipedia.org/wiki/2002_FEI_World_Equestrian_Games,5.0
fei_world_championships_2002_equestrian-vaulting_men-vaulting_men,equestrian_athlete_Matthias_Lang_FRA,1,gold,edition=FEI World Equestrian Games;event=Men's vaulting;discipline=equestrian-vaulting;source_url=https://en.wikipedia.org/wiki/2002_FEI_World_Equestrian_Games,10.0
fei_world_championships_2002_equestrian-vaulting_men-vaulting_men,equestrian_athlete_Gero_Meyer_DEU,2,silver,edition=FEI World Equestrian Games;event=Men's vaulting;discipline=equestrian-vaulting;source_url=https://en.wikipedia.org/wiki/2002_FEI_World_Equestrian_Games,7.0
fei_world_championships_2002_equestrian-vaulting_men-vaulting_men,equestrian_athlete_Devon_Maitozo_USA,3,bronze,edition=FEI World Equestrian Games;event=Men's vaulting;discipline=equestrian-vaulting;source_url=https://en.wikipedia.org/wiki/2002_FEI_World_Equestrian_Games,5.0
fei_world_championships_2002_equestrian-vaulting_squad-vaulting_mixed,equestrian_team_Germany_DEU,1,gold,edition=FEI World Equestrian Games;event=Squad vaulting;discipline=equestrian-vaulting;source_url=https://en.wikipedia.org/wiki/2002_FEI_World_Equestrian_Games,10.0
fei_world_championships_2002_equestrian-vaulting_squad-vaulting_mixed,equestrian_team_Switzerland_CHE,2,silver,edition=FEI World Equestrian Games;event=Squad vaulting;discipline=equestrian-vaulting;source_url=https://en.wikipedia.org/wiki/2002_FEI_World_Equestrian_Games,7.0
fei_world_championships_2002_equestrian-vaulting_squad-vaulting_mixed,equestrian_team_Sweden_SWE,3,bronze,edition=FEI World Equestrian Games;event=Squad vaulting;discipline=equestrian-vaulting;source_url=https://en.wikipedia.org/wiki/2002_FEI_World_Equestrian_Games,5.0
fei_world_championships_2002_equestrian-vaulting_women-vaulting_women,equestrian_athlete_Nadia_Zulow_DEU,1,gold,edition=FEI World Equestrian Games;event=Women's vaulting;discipline=equestrian-vaulting;source_url=https://en.wikipedia.org/wiki/2002_FEI_World_Equestrian_Games,10.0
fei_world_championships_2002_equestrian-vaulting_women-vaulting_women,equestrian_athlete_Rikke_Laumann_DNK,2,silver,edition=FEI World Equestrian Games;event=Women's vaulting;discipline=equestrian-vaulting;source_url=https://en.wikipedia.org/wiki/2002_FEI_World_Equestrian_Games,7.0
fei_world_championships_2002_equestrian-vaulting_women-vaulting_women,equestrian_athlete_Ines_Juckstow_DEU,3,bronze,edition=FEI World Equestrian Games;event=Women's vaulting;discipline=equestrian-vaulting;source_url=https://en.wikipedia.org/wiki/2002_FEI_World_Equestrian_Games,5.0
fei_world_championships_2006_equestrian-dressage-equestrian_individual-freestyle-dressage_mixed,equestrian_athlete_Anky_van_Grunsven_NLD,1,gold,edition=FEI World Equestrian Games;event=Individual freestyle dressage;discipline=equestrian-dressage-equestrian;source_url=https://en.wikipedia.org/wiki/2006_FEI_World_Equestrian_Games,10.0
fei_world_championships_2006_equestrian-dressage-equestrian_individual-freestyle-dressage_mixed,equestrian_athlete_Andreas_Helgstrand_DNK,2,silver,edition=FEI World Equestrian Games;event=Individual freestyle dressage;discipline=equestrian-dressage-equestrian;source_url=https://en.wikipedia.org/wiki/2006_FEI_World_Equestrian_Games,7.0
fei_world_championships_2006_equestrian-dressage-equestrian_individual-freestyle-dressage_mixed,equestrian_athlete_Isabell_Werth_DEU,3,bronze,edition=FEI World Equestrian Games;event=Individual freestyle dressage;discipline=equestrian-dressage-equestrian;source_url=https://en.wikipedia.org/wiki/2006_FEI_World_Equestrian_Games,5.0
fei_world_championships_2006_equestrian-dressage-equestrian_individual-special-dressage_mixed,equestrian_athlete_Isabell_Werth_DEU,1,gold,edition=FEI World Equestrian Games;event=Individual special dressage;discipline=equestrian-dressage-equestrian;source_url=https://en.wikipedia.org/wiki/2006_FEI_World_Equestrian_Games,10.0
fei_world_championships_2006_equestrian-dressage-equestrian_individual-special-dressage_mixed,equestrian_athlete_Anky_van_Grunsven_NLD,2,silver,edition=FEI World Equestrian Games;event=Individual special dressage;discipline=equestrian-dressage-equestrian;source_url=https://en.wikipedia.org/wiki/2006_FEI_World_Equestrian_Games,7.0
fei_world_championships_2006_equestrian-dressage-equestrian_individual-special-dressage_mixed,equestrian_athlete_Andreas_Helgstrand_DNK,3,bronze,edition=FEI World Equestrian Games;event=Individual special dressage;discipline=equestrian-dressage-equestrian;source_url=https://en.wikipedia.org/wiki/2006_FEI_World_Equestrian_Games,5.0
fei_world_championships_2006_equestrian-dressage-equestrian_team-dressage_mixed,equestrian_team_Germany_DEU,1,gold,edition=FEI World Equestrian Games;event=Team dressage;discipline=equestrian-dressage-equestrian;source_url=https://en.wikipedia.org/wiki/2006_FEI_World_Equestrian_Games,10.0
fei_world_championships_2006_equestrian-dressage-equestrian_team-dressage_mixed,equestrian_team_Netherlands_NLD,2,silver,edition=FEI World Equestrian Games;event=Team dressage;discipline=equestrian-dressage-equestrian;source_url=https://en.wikipedia.org/wiki/2006_FEI_World_Equestrian_Games,7.0
fei_world_championships_2006_equestrian-dressage-equestrian_team-dressage_mixed,equestrian_team_United_States_USA,3,bronze,edition=FEI World Equestrian Games;event=Team dressage;discipline=equestrian-dressage-equestrian;source_url=https://en.wikipedia.org/wiki/2006_FEI_World_Equestrian_Games,5.0
fei_world_championships_2006_equestrian-driving_individual-driving_mixed,equestrian_athlete_Felix-Marie_Brasseur_BEL,1,gold,edition=FEI World Equestrian Games;event=Individual driving;discipline=equestrian-driving;source_url=https://en.wikipedia.org/wiki/2006_FEI_World_Equestrian_Games,10.0
fei_world_championships_2006_equestrian-driving_individual-driving_mixed,equestrian_athlete_Ijsbrand_Chardon_NLD,2,silver,edition=FEI World Equestrian Games;event=Individual driving;discipline=equestrian-driving;source_url=https://en.wikipedia.org/wiki/2006_FEI_World_Equestrian_Games,7.0
fei_world_championships_2006_equestrian-driving_individual-driving_mixed,equestrian_athlete_Christoph_Sandmann_DEU,3,bronze,edition=FEI World Equestrian Games;event=Individual driving;discipline=equestrian-driving;source_url=https://en.wikipedia.org/wiki/2006_FEI_World_Equestrian_Games,5.0
fei_world_championships_2006_equestrian-driving_team-driving_mixed,equestrian_team_Germany_DEU,1,gold,edition=FEI World Equestrian Games;event=Team driving;discipline=equestrian-driving;source_url=https://en.wikipedia.org/wiki/2006_FEI_World_Equestrian_Games,10.0
fei_world_championships_2006_equestrian-driving_team-driving_mixed,equestrian_team_Belgium_BEL,2,silver,edition=FEI World Equestrian Games;event=Team driving;discipline=equestrian-driving;source_url=https://en.wikipedia.org/wiki/2006_FEI_World_Equestrian_Games,7.0
fei_world_championships_2006_equestrian-driving_team-driving_mixed,equestrian_team_Netherlands_NLD,3,bronze,edition=FEI World Equestrian Games;event=Team driving;discipline=equestrian-driving;source_url=https://en.wikipedia.org/wiki/2006_FEI_World_Equestrian_Games,5.0
fei_world_championships_2006_equestrian-endurance_individual-endurance_mixed,equestrian_athlete_Miguel_Vila_Ubach_ESP,1,gold,edition=FEI World Equestrian Games;event=Individual endurance;discipline=equestrian-endurance;source_url=https://en.wikipedia.org/wiki/2006_FEI_World_Equestrian_Games,10.0
fei_world_championships_2006_equestrian-endurance_individual-endurance_mixed,equestrian_athlete_Virginie_Atger_FRA,2,silver,edition=FEI World Equestrian Games;event=Individual endurance;discipline=equestrian-endurance;source_url=https://en.wikipedia.org/wiki/2006_FEI_World_Equestrian_Games,7.0
fei_world_championships_2006_equestrian-endurance_individual-endurance_mixed,equestrian_athlete_Elodie_Le_Labourier_FRA,3,bronze,edition=FEI World Equestrian Games;event=Individual endurance;discipline=equestrian-endurance;source_url=https://en.wikipedia.org/wiki/2006_FEI_World_Equestrian_Games,5.0
fei_world_championships_2006_equestrian-endurance_team-endurance_mixed,equestrian_team_France_FRA,1,gold,edition=FEI World Equestrian Games;event=Team endurance;discipline=equestrian-endurance;source_url=https://en.wikipedia.org/wiki/2006_FEI_World_Equestrian_Games,10.0
fei_world_championships_2006_equestrian-endurance_team-endurance_mixed,equestrian_team_Switzerland_CHE,2,silver,edition=FEI World Equestrian Games;event=Team endurance;discipline=equestrian-endurance;source_url=https://en.wikipedia.org/wiki/2006_FEI_World_Equestrian_Games,7.0
fei_world_championships_2006_equestrian-endurance_team-endurance_mixed,equestrian_team_POR_POR,3,bronze,edition=FEI World Equestrian Games;event=Team endurance;discipline=equestrian-endurance;source_url=https://en.wikipedia.org/wiki/2006_FEI_World_Equestrian_Games,5.0
fei_world_championships_2006_equestrian-eventing-equestrian_individual-eventing_mixed,equestrian_athlete_Zara_Phillips_GBR,1,gold,edition=FEI World Equestrian Games;event=Individual eventing;discipline=equestrian-eventing-equestrian;source_url=https://en.wikipedia.org/wiki/2006_FEI_World_Equestrian_Games,10.0
fei_world_championships_2006_equestrian-eventing-equestrian_individual-eventing_mixed,equestrian_athlete_Clayton_Fredericks_AUS,2,silver,edition=FEI World Equestrian Games;event=Individual eventing;discipline=equestrian-eventing-equestrian;source_url=https://en.wikipedia.org/wiki/2006_FEI_World_Equestrian_Games,7.0
fei_world_championships_2006_equestrian-eventing-equestrian_individual-eventing_mixed,equestrian_athlete_Amy_Tryon_USA,3,bronze,edition=FEI World Equestrian Games;event=Individual eventing;discipline=equestrian-eventing-equestrian;source_url=https://en.wikipedia.org/wiki/2006_FEI_World_Equestrian_Games,5.0
fei_world_championships_2006_equestrian-eventing-equestrian_team-eventing_mixed,equestrian_team_Germany_DEU,1,gold,edition=FEI World Equestrian Games;event=Team eventing;discipline=equestrian-eventing-equestrian;source_url=https://en.wikipedia.org/wiki/2006_FEI_World_Equestrian_Games,10.0
fei_world_championships_2006_equestrian-eventing-equestrian_team-eventing_mixed,equestrian_team_United_Kingdom_GBR,2,silver,edition=FEI World Equestrian Games;event=Team eventing;discipline=equestrian-eventing-equestrian;source_url=https://en.wikipedia.org/wiki/2006_FEI_World_Equestrian_Games,7.0
fei_world_championships_2006_equestrian-eventing-equestrian_team-eventing_mixed,equestrian_team_Australia_AUS,3,bronze,edition=FEI World Equestrian Games;event=Team eventing;discipline=equestrian-eventing-equestrian;source_url=https://en.wikipedia.org/wiki/2006_FEI_World_Equestrian_Games,5.0
fei_world_championships_2006_equestrian-jumping-equestrian_individual-jumping_mixed,equestrian_athlete_Jos_Lansink_BEL,1,gold,edition=FEI World Equestrian Games;event=Individual jumping;discipline=equestrian-jumping-equestrian;source_url=https://en.wikipedia.org/wiki/2006_FEI_World_Equestrian_Games,10.0
fei_world_championships_2006_equestrian-jumping-equestrian_individual-jumping_mixed,equestrian_athlete_Beezie_Madden_USA,2,silver,edition=FEI World Equestrian Games;event=Individual jumping;discipline=equestrian-jumping-equestrian;source_url=https://en.wikipedia.org/wiki/2006_FEI_World_Equestrian_Games,7.0
fei_world_championships_2006_equestrian-jumping-equestrian_individual-jumping_mixed,equestrian_athlete_Meredith_Michaels-Beerbaum_DEU,3,bronze,edition=FEI World Equestrian Games;event=Individual jumping;discipline=equestrian-jumping-equestrian;source_url=https://en.wikipedia.org/wiki/2006_FEI_World_Equestrian_Games,5.0
fei_world_championships_2006_equestrian-jumping-equestrian_team-jumping_mixed,equestrian_team_Netherlands_NLD,1,gold,edition=FEI World Equestrian Games;event=Team jumping;discipline=equestrian-jumping-equestrian;source_url=https://en.wikipedia.org/wiki/2006_FEI_World_Equestrian_Games,10.0
fei_world_championships_2006_equestrian-jumping-equestrian_team-jumping_mixed,equestrian_team_United_States_USA,2,silver,edition=FEI World Equestrian Games;event=Team jumping;discipline=equestrian-jumping-equestrian;source_url=https://en.wikipedia.org/wiki/2006_FEI_World_Equestrian_Games,7.0
fei_world_championships_2006_equestrian-jumping-equestrian_team-jumping_mixed,equestrian_team_Germany_DEU,3,bronze,edition=FEI World Equestrian Games;event=Team jumping;discipline=equestrian-jumping-equestrian;source_url=https://en.wikipedia.org/wiki/2006_FEI_World_Equestrian_Games,5.0
fei_world_championships_2006_equestrian-reining_individual-reining_mixed,equestrian_athlete_Duane_Latimer_CAN,1,gold,edition=FEI World Equestrian Games;event=Individual reining;discipline=equestrian-reining;source_url=https://en.wikipedia.org/wiki/2006_FEI_World_Equestrian_Games,10.0
fei_world_championships_2006_equestrian-reining_individual-reining_mixed,equestrian_athlete_Tim_McQuay_USA,2,silver,edition=FEI World Equestrian Games;event=Individual reining;discipline=equestrian-reining;source_url=https://en.wikipedia.org/wiki/2006_FEI_World_Equestrian_Games,7.0
fei_world_championships_2006_equestrian-reining_individual-reining_mixed,equestrian_athlete_Aaron_Ralston_USA,3,bronze,edition=FEI World Equestrian Games;event=Individual reining;discipline=equestrian-reining;source_url=https://en.wikipedia.org/wiki/2006_FEI_World_Equestrian_Games,5.0
fei_world_championships_2006_equestrian-reining_team-reining_mixed,equestrian_team_United_States_USA,1,gold,edition=FEI World Equestrian Games;event=Team reining;discipline=equestrian-reining;source_url=https://en.wikipedia.org/wiki/2006_FEI_World_Equestrian_Games,10.0
fei_world_championships_2006_equestrian-reining_team-reining_mixed,equestrian_team_Canada_CAN,2,silver,edition=FEI World Equestrian Games;event=Team reining;discipline=equestrian-reining;source_url=https://en.wikipedia.org/wiki/2006_FEI_World_Equestrian_Games,7.0
fei_world_championships_2006_equestrian-reining_team-reining_mixed,equestrian_team_Italy_ITA,3,bronze,edition=FEI World Equestrian Games;event=Team reining;discipline=equestrian-reining;source_url=https://en.wikipedia.org/wiki/2006_FEI_World_Equestrian_Games,5.0
fei_world_championships_2006_equestrian-vaulting_men-vaulting_men,equestrian_athlete_Kai_Vorberg_DEU,1,gold,edition=FEI World Equestrian Games;event=Men's vaulting;discipline=equestrian-vaulting;source_url=https://en.wikipedia.org/wiki/2006_FEI_World_Equestrian_Games,10.0
fei_world_championships_2006_equestrian-vaulting_men-vaulting_men,equestrian_athlete_Gero_Meyer_DEU,2,silver,edition=FEI World Equestrian Games;event=Men's vaulting;discipline=equestrian-vaulting;source_url=https://en.wikipedia.org/wiki/2006_FEI_World_Equestrian_Games,7.0
fei_world_championships_2006_equestrian-vaulting_men-vaulting_men,equestrian_athlete_Ladislav_Majdlen_SVK,3,bronze,edition=FEI World Equestrian Games;event=Men's vaulting;discipline=equestrian-vaulting;source_url=https://en.wikipedia.org/wiki/2006_FEI_World_Equestrian_Games,5.0
fei_world_championships_2006_equestrian-vaulting_squad-vaulting_mixed,equestrian_team_Germany_DEU,1,gold,edition=FEI World Equestrian Games;event=Squad vaulting;discipline=equestrian-vaulting;source_url=https://en.wikipedia.org/wiki/2006_FEI_World_Equestrian_Games,10.0
fei_world_championships_2006_equestrian-vaulting_squad-vaulting_mixed,equestrian_team_United_States_USA,2,silver,edition=FEI World Equestrian Games;event=Squad vaulting;discipline=equestrian-vaulting;source_url=https://en.wikipedia.org/wiki/2006_FEI_World_Equestrian_Games,7.0
fei_world_championships_2006_equestrian-vaulting_squad-vaulting_mixed,equestrian_team_Austria_AUT,3,bronze,edition=FEI World Equestrian Games;event=Squad vaulting;discipline=equestrian-vaulting;source_url=https://en.wikipedia.org/wiki/2006_FEI_World_Equestrian_Games,5.0
fei_world_championships_2006_equestrian-vaulting_women-vaulting_women,equestrian_athlete_Megan_Benjamin_USA,1,gold,edition=FEI World Equestrian Games;event=Women's vaulting;discipline=equestrian-vaulting;source_url=https://en.wikipedia.org/wiki/2006_FEI_World_Equestrian_Games,10.0
fei_world_championships_2006_equestrian-vaulting_women-vaulting_women,equestrian_athlete_Katharina_Faltin_AUT,2,silver,edition=FEI World Equestrian Games;event=Women's vaulting;discipline=equestrian-vaulting;source_url=https://en.wikipedia.org/wiki/2006_FEI_World_Equestrian_Games,7.0
fei_world_championships_2006_equestrian-vaulting_women-vaulting_women,equestrian_athlete_Sissa_Jarz_AUT,3,bronze,edition=FEI World Equestrian Games;event=Women's vaulting;discipline=equestrian-vaulting;source_url=https://en.wikipedia.org/wiki/2006_FEI_World_Equestrian_Games,5.0
fei_world_championships_2010_equestrian-dressage-equestrian_dressage-grand-prix-freestyle_mixed,equestrian_athlete_Edward_Gal_NLD,1,gold,edition=FEI World Equestrian Games;event=Dressage Grand Prix Freestyle;discipline=equestrian-dressage-equestrian;source_url=https://en.wikipedia.org/wiki/2010_FEI_World_Equestrian_Games,10.0
fei_world_championships_2010_equestrian-dressage-equestrian_dressage-grand-prix-freestyle_mixed,equestrian_athlete_Laura_Bechtolsheimer_GBR,2,silver,edition=FEI World Equestrian Games;event=Dressage Grand Prix Freestyle;discipline=equestrian-dressage-equestrian;source_url=https://en.wikipedia.org/wiki/2010_FEI_World_Equestrian_Games,7.0
fei_world_championships_2010_equestrian-dressage-equestrian_dressage-grand-prix-freestyle_mixed,equestrian_athlete_Steffen_Peters_USA,3,bronze,edition=FEI World Equestrian Games;event=Dressage Grand Prix Freestyle;discipline=equestrian-dressage-equestrian;source_url=https://en.wikipedia.org/wiki/2010_FEI_World_Equestrian_Games,5.0
fei_world_championships_2010_equestrian-dressage-equestrian_dressage-grand-prix-special_mixed,equestrian_athlete_Edward_Gal_NLD,1,gold,edition=FEI World Equestrian Games;event=Dressage Grand Prix Special;discipline=equestrian-dressage-equestrian;source_url=https://en.wikipedia.org/wiki/2010_FEI_World_Equestrian_Games,10.0
fei_world_championships_2010_equestrian-dressage-equestrian_dressage-grand-prix-special_mixed,equestrian_athlete_Laura_Bechtolsheimer_GBR,2,silver,edition=FEI World Equestrian Games;event=Dressage Grand Prix Special;discipline=equestrian-dressage-equestrian;source_url=https://en.wikipedia.org/wiki/2010_FEI_World_Equestrian_Games,7.0
fei_world_championships_2010_equestrian-dressage-equestrian_dressage-grand-prix-special_mixed,equestrian_athlete_Steffen_Peters_USA,3,bronze,edition=FEI World Equestrian Games;event=Dressage Grand Prix Special;discipline=equestrian-dressage-equestrian;source_url=https://en.wikipedia.org/wiki/2010_FEI_World_Equestrian_Games,5.0
fei_world_championships_2010_equestrian-dressage-equestrian_dressage-team-grand-prix_mixed,equestrian_team_Netherlands_NLD,1,gold,edition=FEI World Equestrian Games;event=Dressage Team Grand Prix;discipline=equestrian-dressage-equestrian;source_url=https://en.wikipedia.org/wiki/2010_FEI_World_Equestrian_Games,10.0
fei_world_championships_2010_equestrian-dressage-equestrian_dressage-team-grand-prix_mixed,equestrian_team_United_Kingdom_GBR,2,silver,edition=FEI World Equestrian Games;event=Dressage Team Grand Prix;discipline=equestrian-dressage-equestrian;source_url=https://en.wikipedia.org/wiki/2010_FEI_World_Equestrian_Games,7.0
fei_world_championships_2010_equestrian-dressage-equestrian_dressage-team-grand-prix_mixed,equestrian_team_Germany_DEU,3,bronze,edition=FEI World Equestrian Games;event=Dressage Team Grand Prix;discipline=equestrian-dressage-equestrian;source_url=https://en.wikipedia.org/wiki/2010_FEI_World_Equestrian_Games,5.0
fei_world_championships_2010_equestrian-dressage-equestrian_para-dressage-team_mixed,equestrian_team_United_Kingdom_GBR,1,gold,edition=FEI World Equestrian Games;event=Para Dressage Team;discipline=equestrian-dressage-equestrian;source_url=https://en.wikipedia.org/wiki/2010_FEI_World_Equestrian_Games,10.0
fei_world_championships_2010_equestrian-dressage-equestrian_para-dressage-team_mixed,equestrian_team_Germany_DEU,2,silver,edition=FEI World Equestrian Games;event=Para Dressage Team;discipline=equestrian-dressage-equestrian;source_url=https://en.wikipedia.org/wiki/2010_FEI_World_Equestrian_Games,7.0
fei_world_championships_2010_equestrian-dressage-equestrian_para-dressage-team_mixed,equestrian_team_Denmark_DNK,3,bronze,edition=FEI World Equestrian Games;event=Para Dressage Team;discipline=equestrian-dressage-equestrian;source_url=https://en.wikipedia.org/wiki/2010_FEI_World_Equestrian_Games,5.0
fei_world_championships_2010_equestrian-driving_driving-individual_mixed,equestrian_athlete_Boyd_Exell_AUS,1,gold,edition=FEI World Equestrian Games;event=Driving Individual;discipline=equestrian-driving;source_url=https://en.wikipedia.org/wiki/2010_FEI_World_Equestrian_Games,10.0
fei_world_championships_2010_equestrian-driving_driving-individual_mixed,equestrian_athlete_IJsbrand_Chardon_NLD,2,silver,edition=FEI World Equestrian Games;event=Driving Individual;discipline=equestrian-driving;source_url=https://en.wikipedia.org/wiki/2010_FEI_World_Equestrian_Games,7.0
fei_world_championships_2010_equestrian-driving_driving-individual_mixed,equestrian_athlete_Tucker_Johnson_USA,3,bronze,edition=FEI World Equestrian Games;event=Driving Individual;discipline=equestrian-driving;source_url=https://en.wikipedia.org/wiki/2010_FEI_World_Equestrian_Games,5.0
fei_world_championships_2010_equestrian-driving_driving-team_mixed,equestrian_team_Netherlands_NLD,1,gold,edition=FEI World Equestrian Games;event=Driving Team;discipline=equestrian-driving;source_url=https://en.wikipedia.org/wiki/2010_FEI_World_Equestrian_Games,10.0
fei_world_championships_2010_equestrian-driving_driving-team_mixed,equestrian_team_United_States_USA,2,silver,edition=FEI World Equestrian Games;event=Driving Team;discipline=equestrian-driving;source_url=https://en.wikipedia.org/wiki/2010_FEI_World_Equestrian_Games,7.0
fei_world_championships_2010_equestrian-driving_driving-team_mixed,equestrian_team_Germany_DEU,3,bronze,edition=FEI World Equestrian Games;event=Driving Team;discipline=equestrian-driving;source_url=https://en.wikipedia.org/wiki/2010_FEI_World_Equestrian_Games,5.0
fei_world_championships_2010_equestrian-endurance_endurance-individual_mixed,equestrian_athlete_Maria_Mercedes_Alvarez_Ponton_ESP,1,gold,edition=FEI World Equestrian Games;event=Endurance Individual;discipline=equestrian-endurance;source_url=https://en.wikipedia.org/wiki/2010_FEI_World_Equestrian_Games,10.0
fei_world_championships_2010_equestrian-endurance_endurance-individual_mixed,equestrian_athlete_Mohammed_bin_Rashid_Al_Maktoum_ARE,2,silver,edition=FEI World Equestrian Games;event=Endurance Individual;discipline=equestrian-endurance;source_url=https://en.wikipedia.org/wiki/2010_FEI_World_Equestrian_Games,7.0
fei_world_championships_2010_equestrian-endurance_endurance-individual_mixed,equestrian_athlete_Hamdan_bin_Mohammed_Al_Maktoum_ARE,3,bronze,edition=FEI World Equestrian Games;event=Endurance Individual;discipline=equestrian-endurance;source_url=https://en.wikipedia.org/wiki/2010_FEI_World_Equestrian_Games,5.0
fei_world_championships_2010_equestrian-endurance_endurance-team_mixed,equestrian_team_United_Arab_Emirates_ARE,1,gold,edition=FEI World Equestrian Games;event=Endurance Team;discipline=equestrian-endurance;source_url=https://en.wikipedia.org/wiki/2010_FEI_World_Equestrian_Games,10.0
fei_world_championships_2010_equestrian-endurance_endurance-team_mixed,equestrian_team_France_FRA,2,silver,edition=FEI World Equestrian Games;event=Endurance Team;discipline=equestrian-endurance;source_url=https://en.wikipedia.org/wiki/2010_FEI_World_Equestrian_Games,7.0
fei_world_championships_2010_equestrian-endurance_endurance-team_mixed,equestrian_team_Germany_DEU,3,bronze,edition=FEI World Equestrian Games;event=Endurance Team;discipline=equestrian-endurance;source_url=https://en.wikipedia.org/wiki/2010_FEI_World_Equestrian_Games,5.0
fei_world_championships_2010_equestrian-eventing-equestrian_eventing-individual_mixed,equestrian_athlete_Michael_Jung_DEU,1,gold,edition=FEI World Equestrian Games;event=Eventing Individual;discipline=equestrian-eventing-equestrian;source_url=https://en.wikipedia.org/wiki/2010_FEI_World_Equestrian_Games,10.0
fei_world_championships_2010_equestrian-eventing-equestrian_eventing-individual_mixed,equestrian_athlete_William_Fox-Pitt_GBR,2,silver,edition=FEI World Equestrian Games;event=Eventing Individual;discipline=equestrian-eventing-equestrian;source_url=https://en.wikipedia.org/wiki/2010_FEI_World_Equestrian_Games,7.0
fei_world_championships_2010_equestrian-eventing-equestrian_eventing-individual_mixed,equestrian_athlete_Andrew_Nicholson_NZL,3,bronze,edition=FEI World Equestrian Games;event=Eventing Individual;discipline=equestrian-eventing-equestrian;source_url=https://en.wikipedia.org/wiki/2010_FEI_World_Equestrian_Games,5.0
fei_world_championships_2010_equestrian-eventing-equestrian_eventing-team_mixed,equestrian_team_United_Kingdom_GBR,1,gold,edition=FEI World Equestrian Games;event=Eventing Team;discipline=equestrian-eventing-equestrian;source_url=https://en.wikipedia.org/wiki/2010_FEI_World_Equestrian_Games,10.0
fei_world_championships_2010_equestrian-eventing-equestrian_eventing-team_mixed,equestrian_team_Canada_CAN,2,silver,edition=FEI World Equestrian Games;event=Eventing Team;discipline=equestrian-eventing-equestrian;source_url=https://en.wikipedia.org/wiki/2010_FEI_World_Equestrian_Games,7.0
fei_world_championships_2010_equestrian-eventing-equestrian_eventing-team_mixed,equestrian_team_New_Zealand_NZL,3,bronze,edition=FEI World Equestrian Games;event=Eventing Team;discipline=equestrian-eventing-equestrian;source_url=https://en.wikipedia.org/wiki/2010_FEI_World_Equestrian_Games,5.0
fei_world_championships_2010_equestrian-jumping-equestrian_jumping-individual_mixed,equestrian_athlete_Philippe_Le_Jeune_BEL,1,gold,edition=FEI World Equestrian Games;event=Jumping Individual;discipline=equestrian-jumping-equestrian;source_url=https://en.wikipedia.org/wiki/2010_FEI_World_Equestrian_Games,10.0
fei_world_championships_2010_equestrian-jumping-equestrian_jumping-individual_mixed,equestrian_athlete_Abdullah_Al-Sharbatly_SAU,2,silver,edition=FEI World Equestrian Games;event=Jumping Individual;discipline=equestrian-jumping-equestrian;source_url=https://en.wikipedia.org/wiki/2010_FEI_World_Equestrian_Games,7.0
fei_world_championships_2010_equestrian-jumping-equestrian_jumping-individual_mixed,equestrian_athlete_Eric_Lamaze_CAN,3,bronze,edition=FEI World Equestrian Games;event=Jumping Individual;discipline=equestrian-jumping-equestrian;source_url=https://en.wikipedia.org/wiki/2010_FEI_World_Equestrian_Games,5.0
fei_world_championships_2010_equestrian-jumping-equestrian_jumping-team_mixed,equestrian_team_Germany_DEU,1,gold,edition=FEI World Equestrian Games;event=Jumping Team;discipline=equestrian-jumping-equestrian;source_url=https://en.wikipedia.org/wiki/2010_FEI_World_Equestrian_Games,10.0
fei_world_championships_2010_equestrian-jumping-equestrian_jumping-team_mixed,equestrian_team_France_FRA,2,silver,edition=FEI World Equestrian Games;event=Jumping Team;discipline=equestrian-jumping-equestrian;source_url=https://en.wikipedia.org/wiki/2010_FEI_World_Equestrian_Games,7.0
fei_world_championships_2010_equestrian-jumping-equestrian_jumping-team_mixed,equestrian_team_Belgium_BEL,3,bronze,edition=FEI World Equestrian Games;event=Jumping Team;discipline=equestrian-jumping-equestrian;source_url=https://en.wikipedia.org/wiki/2010_FEI_World_Equestrian_Games,5.0
fei_world_championships_2010_equestrian-para-dressage_para-dressage-individual-championship-test-grade-ia_mixed,equestrian_athlete_Sophie_Christiansen_GBR,1,gold,edition=FEI World Equestrian Games;event=Para Dressage Individual Championship Test Grade Ia;discipline=equestrian-para-dressage;source_url=https://en.wikipedia.org/wiki/2010_FEI_World_Equestrian_Games,10.0
fei_world_championships_2010_equestrian-para-dressage_para-dressage-individual-championship-test-grade-ia_mixed,equestrian_athlete_Anne_Dunham_GBR,2,silver,edition=FEI World Equestrian Games;event=Para Dressage Individual Championship Test Grade Ia;discipline=equestrian-para-dressage;source_url=https://en.wikipedia.org/wiki/2010_FEI_World_Equestrian_Games,7.0
fei_world_championships_2010_equestrian-para-dressage_para-dressage-individual-championship-test-grade-ia_mixed,equestrian_athlete_Emma_Sheardown_GBR,3,bronze,edition=FEI World Equestrian Games;event=Para Dressage Individual Championship Test Grade Ia;discipline=equestrian-para-dressage;source_url=https://en.wikipedia.org/wiki/2010_FEI_World_Equestrian_Games,5.0
fei_world_championships_2010_equestrian-para-dressage_para-dressage-individual-championship-test-grade-ib_mixed,equestrian_athlete_Lee_Pearson_GBR,1,gold,edition=FEI World Equestrian Games;event=Para Dressage Individual Championship Test Grade Ib;discipline=equestrian-para-dressage;source_url=https://en.wikipedia.org/wiki/2010_FEI_World_Equestrian_Games,10.0
fei_world_championships_2010_equestrian-para-dressage_para-dressage-individual-championship-test-grade-ib_mixed,equestrian_athlete_Ricky_Balshaw_GBR,2,silver,edition=FEI World Equestrian Games;event=Para Dressage Individual Championship Test Grade Ib;discipline=equestrian-para-dressage;source_url=https://en.wikipedia.org/wiki/2010_FEI_World_Equestrian_Games,7.0
fei_world_championships_2010_equestrian-para-dressage_para-dressage-individual-championship-test-grade-ib_mixed,equestrian_athlete_Jens_Lasse_Dokkan_NOR,3,bronze,edition=FEI World Equestrian Games;event=Para Dressage Individual Championship Test Grade Ib;discipline=equestrian-para-dressage;source_url=https://en.wikipedia.org/wiki/2010_FEI_World_Equestrian_Games,5.0
fei_world_championships_2010_equestrian-para-dressage_para-dressage-individual-championship-test-grade-ii_mixed,equestrian_athlete_Petra_van_de_Sande_NLD,1,gold,edition=FEI World Equestrian Games;event=Para Dressage Individual Championship Test Grade II;discipline=equestrian-para-dressage;source_url=https://en.wikipedia.org/wiki/2010_FEI_World_Equestrian_Games,10.0
fei_world_championships_2010_equestrian-para-dressage_para-dressage-individual-championship-test-grade-ii_mixed,equestrian_athlete_Britta_Napel_on_Aquilina__DEU,2,silver,edition=FEI World Equestrian Games;event=Para Dressage Individual Championship Test Grade II;discipline=equestrian-para-dressage;source_url=https://en.wikipedia.org/wiki/2010_FEI_World_Equestrian_Games,7.0
fei_world_championships_2010_equestrian-para-dressage_para-dressage-individual-championship-test-grade-ii_mixed,equestrian_athlete_Caroline_Cecilie_Nielsen_DNK,3,bronze,edition=FEI World Equestrian Games;event=Para Dressage Individual Championship Test Grade II;discipline=equestrian-para-dressage;source_url=https://en.wikipedia.org/wiki/2010_FEI_World_Equestrian_Games,5.0
fei_world_championships_2010_equestrian-para-dressage_para-dressage-individual-championship-test-grade-iii_mixed,equestrian_athlete_Hannelore_Brenner_DEU,1,gold,edition=FEI World Equestrian Games;event=Para Dressage Individual Championship Test Grade III;discipline=equestrian-para-dressage;source_url=https://en.wikipedia.org/wiki/2010_FEI_World_Equestrian_Games,10.0
fei_world_championships_2010_equestrian-para-dressage_para-dressage-individual-championship-test-grade-iii_mixed,equestrian_athlete_Annika_Lykke_Dalskov_DNK,2,silver,edition=FEI World Equestrian Games;event=Para Dressage Individual Championship Test Grade III;discipline=equestrian-para-dressage;source_url=https://en.wikipedia.org/wiki/2010_FEI_World_Equestrian_Games,7.0
fei_world_championships_2010_equestrian-para-dressage_para-dressage-individual-championship-test-grade-iii_mixed,equestrian_athlete_Sharon_Jarvis_AUS,3,bronze,edition=FEI World Equestrian Games;event=Para Dressage Individual Championship Test Grade III;discipline=equestrian-para-dressage;source_url=https://en.wikipedia.org/wiki/2010_FEI_World_Equestrian_Games,5.0
fei_world_championships_2010_equestrian-para-dressage_para-dressage-individual-championship-test-grade-iv_mixed,equestrian_athlete_Sophie_Wells_GBR,1,gold,edition=FEI World Equestrian Games;event=Para Dressage Individual Championship Test Grade IV;discipline=equestrian-para-dressage;source_url=https://en.wikipedia.org/wiki/2010_FEI_World_Equestrian_Games,10.0
fei_world_championships_2010_equestrian-para-dressage_para-dressage-individual-championship-test-grade-iv_mixed,equestrian_athlete_Frank_Hosmar_NLD,2,silver,edition=FEI World Equestrian Games;event=Para Dressage Individual Championship Test Grade IV;discipline=equestrian-para-dressage;source_url=https://en.wikipedia.org/wiki/2010_FEI_World_Equestrian_Games,7.0
fei_world_championships_2010_equestrian-para-dressage_para-dressage-individual-championship-test-grade-iv_mixed,equestrian_athlete_Henrik_Weber_Sibbesen_DNK,3,bronze,edition=FEI World Equestrian Games;event=Para Dressage Individual Championship Test Grade IV;discipline=equestrian-para-dressage;source_url=https://en.wikipedia.org/wiki/2010_FEI_World_Equestrian_Games,5.0
fei_world_championships_2010_equestrian-para-dressage_para-dressage-individual-freestyle-tests-grade-ia_mixed,equestrian_athlete_Emma_Sheardown_GBR,1,gold,edition=FEI World Equestrian Games;event=Para Dressage Individual Freestyle Tests Grade Ia;discipline=equestrian-para-dressage;source_url=https://en.wikipedia.org/wiki/2010_FEI_World_Equestrian_Games,10.0
fei_world_championships_2010_equestrian-para-dressage_para-dressage-individual-freestyle-tests-grade-ia_mixed,equestrian_athlete_Sophie_Christiansen_GBR,2,silver,edition=FEI World Equestrian Games;event=Para Dressage Individual Freestyle Tests Grade Ia;discipline=equestrian-para-dressage;source_url=https://en.wikipedia.org/wiki/2010_FEI_World_Equestrian_Games,7.0
fei_world_championships_2010_equestrian-para-dressage_para-dressage-individual-freestyle-tests-grade-ia_mixed,equestrian_athlete_Anne_Dunham_GBR,3,bronze,edition=FEI World Equestrian Games;event=Para Dressage Individual Freestyle Tests Grade Ia;discipline=equestrian-para-dressage;source_url=https://en.wikipedia.org/wiki/2010_FEI_World_Equestrian_Games,5.0
fei_world_championships_2010_equestrian-para-dressage_para-dressage-individual-freestyle-tests-grade-ib_mixed,equestrian_athlete_Lee_Pearson_GBR,1,gold,edition=FEI World Equestrian Games;event=Para Dressage Individual Freestyle Tests Grade Ib;discipline=equestrian-para-dressage;source_url=https://en.wikipedia.org/wiki/2010_FEI_World_Equestrian_Games,10.0
fei_world_championships_2010_equestrian-para-dressage_para-dressage-individual-freestyle-tests-grade-ib_mixed,equestrian_athlete_Stinna_Tange_Kaastrup_DNK,2,silver,edition=FEI World Equestrian Games;event=Para Dressage Individual Freestyle Tests Grade Ib;discipline=equestrian-para-dressage;source_url=https://en.wikipedia.org/wiki/2010_FEI_World_Equestrian_Games,7.0
fei_world_championships_2010_equestrian-para-dressage_para-dressage-individual-freestyle-tests-grade-ib_mixed,equestrian_athlete_Katja_Karjalainen_FIN,3,bronze,edition=FEI World Equestrian Games;event=Para Dressage Individual Freestyle Tests Grade Ib;discipline=equestrian-para-dressage;source_url=https://en.wikipedia.org/wiki/2010_FEI_World_Equestrian_Games,5.0
fei_world_championships_2010_equestrian-para-dressage_para-dressage-individual-freestyle-tests-grade-ii_mixed,equestrian_athlete_Angelika_Trabert_DEU,1,gold,edition=FEI World Equestrian Games;event=Para Dressage Individual Freestyle Tests Grade II;discipline=equestrian-para-dressage;source_url=https://en.wikipedia.org/wiki/2010_FEI_World_Equestrian_Games,10.0
fei_world_championships_2010_equestrian-para-dressage_para-dressage-individual-freestyle-tests-grade-ii_mixed,equestrian_athlete_Gert_Bolmer_NLD,2,silver,edition=FEI World Equestrian Games;event=Para Dressage Individual Freestyle Tests Grade II;discipline=equestrian-para-dressage;source_url=https://en.wikipedia.org/wiki/2010_FEI_World_Equestrian_Games,7.0
fei_world_championships_2010_equestrian-para-dressage_para-dressage-individual-freestyle-tests-grade-ii_mixed,equestrian_athlete_Jo_Pitt_GBR,3,bronze,edition=FEI World Equestrian Games;event=Para Dressage Individual Freestyle Tests Grade II;discipline=equestrian-para-dressage;source_url=https://en.wikipedia.org/wiki/2010_FEI_World_Equestrian_Games,5.0
fei_world_championships_2010_equestrian-para-dressage_para-dressage-individual-freestyle-tests-grade-iii_mixed,equestrian_athlete_Hannelore_Brenner_DEU,1,gold,edition=FEI World Equestrian Games;event=Para Dressage Individual Freestyle Tests Grade III;discipline=equestrian-para-dressage;source_url=https://en.wikipedia.org/wiki/2010_FEI_World_Equestrian_Games,10.0
fei_world_championships_2010_equestrian-para-dressage_para-dressage-individual-freestyle-tests-grade-iii_mixed,equestrian_athlete_Annika_Lykke_Dalskov_DNK,2,silver,edition=FEI World Equestrian Games;event=Para Dressage Individual Freestyle Tests Grade III;discipline=equestrian-para-dressage;source_url=https://en.wikipedia.org/wiki/2010_FEI_World_Equestrian_Games,7.0
fei_world_championships_2010_equestrian-para-dressage_para-dressage-individual-freestyle-tests-grade-iii_mixed,equestrian_athlete_Sharon_Jarvis_AUS,3,bronze,edition=FEI World Equestrian Games;event=Para Dressage Individual Freestyle Tests Grade III;discipline=equestrian-para-dressage;source_url=https://en.wikipedia.org/wiki/2010_FEI_World_Equestrian_Games,5.0
fei_world_championships_2010_equestrian-para-dressage_para-dressage-individual-freestyle-tests-grade-iv_mixed,equestrian_athlete_Sophie_Wells_GBR,1,gold,edition=FEI World Equestrian Games;event=Para Dressage Individual Freestyle Tests Grade IV;discipline=equestrian-para-dressage;source_url=https://en.wikipedia.org/wiki/2010_FEI_World_Equestrian_Games,10.0
fei_world_championships_2010_equestrian-para-dressage_para-dressage-individual-freestyle-tests-grade-iv_mixed,equestrian_athlete_Michele_George_BEL,2,silver,edition=FEI World Equestrian Games;event=Para Dressage Individual Freestyle Tests Grade IV;discipline=equestrian-para-dressage;source_url=https://en.wikipedia.org/wiki/2010_FEI_World_Equestrian_Games,7.0
fei_world_championships_2010_equestrian-para-dressage_para-dressage-individual-freestyle-tests-grade-iv_mixed,equestrian_athlete_Frank_Hosmar_NLD,3,bronze,edition=FEI World Equestrian Games;event=Para Dressage Individual Freestyle Tests Grade IV;discipline=equestrian-para-dressage;source_url=https://en.wikipedia.org/wiki/2010_FEI_World_Equestrian_Games,5.0
fei_world_championships_2010_equestrian-reining_reining-individual_mixed,equestrian_athlete_Tom_McCutcheon_USA,1,gold,edition=FEI World Equestrian Games;event=Reining Individual;discipline=equestrian-reining;source_url=https://en.wikipedia.org/wiki/2010_FEI_World_Equestrian_Games,10.0
fei_world_championships_2010_equestrian-reining_reining-individual_mixed,equestrian_athlete_Craig_Schmersal_USA,2,silver,edition=FEI World Equestrian Games;event=Reining Individual;discipline=equestrian-reining;source_url=https://en.wikipedia.org/wiki/2010_FEI_World_Equestrian_Games,7.0
fei_world_championships_2010_equestrian-reining_reining-individual_mixed,equestrian_athlete_Duane_Latimer_CAN,3,bronze,edition=FEI World Equestrian Games;event=Reining Individual;discipline=equestrian-reining;source_url=https://en.wikipedia.org/wiki/2010_FEI_World_Equestrian_Games,5.0
fei_world_championships_2010_equestrian-reining_reining-team_mixed,equestrian_team_United_States_USA,1,gold,edition=FEI World Equestrian Games;event=Reining Team;discipline=equestrian-reining;source_url=https://en.wikipedia.org/wiki/2010_FEI_World_Equestrian_Games,10.0
fei_world_championships_2010_equestrian-reining_reining-team_mixed,equestrian_team_Belgium_BEL,2,silver,edition=FEI World Equestrian Games;event=Reining Team;discipline=equestrian-reining;source_url=https://en.wikipedia.org/wiki/2010_FEI_World_Equestrian_Games,7.0
fei_world_championships_2010_equestrian-reining_reining-team_mixed,equestrian_team_Italy_ITA,3,bronze,edition=FEI World Equestrian Games;event=Reining Team;discipline=equestrian-reining;source_url=https://en.wikipedia.org/wiki/2010_FEI_World_Equestrian_Games,5.0
fei_world_championships_2010_equestrian-vaulting_vaulting-individual-female_women,equestrian_athlete_Joanne_Eccles_GBR,1,gold,edition=FEI World Equestrian Games;event=Vaulting Individual Female;discipline=equestrian-vaulting;source_url=https://en.wikipedia.org/wiki/2010_FEI_World_Equestrian_Games,10.0
fei_world_championships_2010_equestrian-vaulting_vaulting-individual-female_women,equestrian_athlete_Antje_Hill_DEU,2,silver,edition=FEI World Equestrian Games;event=Vaulting Individual Female;discipline=equestrian-vaulting;source_url=https://en.wikipedia.org/wiki/2010_FEI_World_Equestrian_Games,7.0
fei_world_championships_2010_equestrian-vaulting_vaulting-individual-female_women,equestrian_athlete_Simone_Wiegele_DEU,3,bronze,edition=FEI World Equestrian Games;event=Vaulting Individual Female;discipline=equestrian-vaulting;source_url=https://en.wikipedia.org/wiki/2010_FEI_World_Equestrian_Games,5.0
fei_world_championships_2010_equestrian-vaulting_vaulting-individual-male_men,equestrian_athlete_Patric_Looser_CHE,1,gold,edition=FEI World Equestrian Games;event=Vaulting Individual Male;discipline=equestrian-vaulting;source_url=https://en.wikipedia.org/wiki/2010_FEI_World_Equestrian_Games,10.0
fei_world_championships_2010_equestrian-vaulting_vaulting-individual-male_men,equestrian_athlete_Kai_Vorberg_DEU,2,silver,edition=FEI World Equestrian Games;event=Vaulting Individual Male;discipline=equestrian-vaulting;source_url=https://en.wikipedia.org/wiki/2010_FEI_World_Equestrian_Games,7.0
fei_world_championships_2010_equestrian-vaulting_vaulting-individual-male_men,equestrian_athlete_Nicolas_Andreani_FRA,3,bronze,edition=FEI World Equestrian Games;event=Vaulting Individual Male;discipline=equestrian-vaulting;source_url=https://en.wikipedia.org/wiki/2010_FEI_World_Equestrian_Games,5.0
fei_world_championships_2010_equestrian-vaulting_vaulting-squad_mixed,equestrian_team_United_States_USA,1,gold,edition=FEI World Equestrian Games;event=Vaulting Squad;discipline=equestrian-vaulting;source_url=https://en.wikipedia.org/wiki/2010_FEI_World_Equestrian_Games,10.0
fei_world_championships_2010_equestrian-vaulting_vaulting-squad_mixed,equestrian_team_Germany_DEU,2,silver,edition=FEI World Equestrian Games;event=Vaulting Squad;discipline=equestrian-vaulting;source_url=https://en.wikipedia.org/wiki/2010_FEI_World_Equestrian_Games,7.0
fei_world_championships_2010_equestrian-vaulting_vaulting-squad_mixed,equestrian_team_Austria_AUT,3,bronze,edition=FEI World Equestrian Games;event=Vaulting Squad;discipline=equestrian-vaulting;source_url=https://en.wikipedia.org/wiki/2010_FEI_World_Equestrian_Games,5.0
fei_world_championships_2014_equestrian-dressage-equestrian_individual-freestyle-dressage_mixed,equestrian_athlete_Charlotte_Dujardin_GBR,1,gold,edition=FEI World Equestrian Games;event=Individual freestyle dressage;discipline=equestrian-dressage-equestrian;source_url=https://en.wikipedia.org/wiki/2014_FEI_World_Equestrian_Games,10.0
fei_world_championships_2014_equestrian-dressage-equestrian_individual-freestyle-dressage_mixed,equestrian_athlete_Helen_Langehanenberg_DEU,2,silver,edition=FEI World Equestrian Games;event=Individual freestyle dressage;discipline=equestrian-dressage-equestrian;source_url=https://en.wikipedia.org/wiki/2014_FEI_World_Equestrian_Games,7.0
fei_world_championships_2014_equestrian-dressage-equestrian_individual-freestyle-dressage_mixed,equestrian_athlete_Adelinde_Cornelissen_NLD,3,bronze,edition=FEI World Equestrian Games;event=Individual freestyle dressage;discipline=equestrian-dressage-equestrian;source_url=https://en.wikipedia.org/wiki/2014_FEI_World_Equestrian_Games,5.0
fei_world_championships_2014_equestrian-dressage-equestrian_individual-special-dressage_mixed,equestrian_athlete_Charlotte_Dujardin_GBR,1,gold,edition=FEI World Equestrian Games;event=Individual special dressage;discipline=equestrian-dressage-equestrian;source_url=https://en.wikipedia.org/wiki/2014_FEI_World_Equestrian_Games,10.0
fei_world_championships_2014_equestrian-dressage-equestrian_individual-special-dressage_mixed,equestrian_athlete_Helen_Langehanenberg_DEU,2,silver,edition=FEI World Equestrian Games;event=Individual special dressage;discipline=equestrian-dressage-equestrian;source_url=https://en.wikipedia.org/wiki/2014_FEI_World_Equestrian_Games,7.0
fei_world_championships_2014_equestrian-dressage-equestrian_individual-special-dressage_mixed,equestrian_athlete_Kristina_Sprehe_DEU,3,bronze,edition=FEI World Equestrian Games;event=Individual special dressage;discipline=equestrian-dressage-equestrian;source_url=https://en.wikipedia.org/wiki/2014_FEI_World_Equestrian_Games,5.0
fei_world_championships_2014_equestrian-dressage-equestrian_team-dressage_mixed,equestrian_team_Germany_DEU,1,gold,edition=FEI World Equestrian Games;event=Team dressage;discipline=equestrian-dressage-equestrian;source_url=https://en.wikipedia.org/wiki/2014_FEI_World_Equestrian_Games,10.0
fei_world_championships_2014_equestrian-dressage-equestrian_team-dressage_mixed,equestrian_team_United_Kingdom_GBR,2,silver,edition=FEI World Equestrian Games;event=Team dressage;discipline=equestrian-dressage-equestrian;source_url=https://en.wikipedia.org/wiki/2014_FEI_World_Equestrian_Games,7.0
fei_world_championships_2014_equestrian-dressage-equestrian_team-dressage_mixed,equestrian_team_Netherlands_NLD,3,bronze,edition=FEI World Equestrian Games;event=Team dressage;discipline=equestrian-dressage-equestrian;source_url=https://en.wikipedia.org/wiki/2014_FEI_World_Equestrian_Games,5.0
fei_world_championships_2014_equestrian-driving_individual-driving_mixed,equestrian_athlete_Boyd_Exell_AUS,1,gold,edition=FEI World Equestrian Games;event=Individual driving;discipline=equestrian-driving;source_url=https://en.wikipedia.org/wiki/2014_FEI_World_Equestrian_Games,10.0
fei_world_championships_2014_equestrian-driving_individual-driving_mixed,equestrian_athlete_Chester_Weber_USA,2,silver,edition=FEI World Equestrian Games;event=Individual driving;discipline=equestrian-driving;source_url=https://en.wikipedia.org/wiki/2014_FEI_World_Equestrian_Games,7.0
fei_world_championships_2014_equestrian-driving_individual-driving_mixed,equestrian_athlete_Theo_Timmerman_NLD,3,bronze,edition=FEI World Equestrian Games;event=Individual driving;discipline=equestrian-driving;source_url=https://en.wikipedia.org/wiki/2014_FEI_World_Equestrian_Games,5.0
fei_world_championships_2014_equestrian-driving_team-driving_mixed,equestrian_team_Netherlands_NLD,1,gold,edition=FEI World Equestrian Games;event=Team driving;discipline=equestrian-driving;source_url=https://en.wikipedia.org/wiki/2014_FEI_World_Equestrian_Games,10.0
fei_world_championships_2014_equestrian-driving_team-driving_mixed,equestrian_team_Germany_DEU,2,silver,edition=FEI World Equestrian Games;event=Team driving;discipline=equestrian-driving;source_url=https://en.wikipedia.org/wiki/2014_FEI_World_Equestrian_Games,7.0
fei_world_championships_2014_equestrian-driving_team-driving_mixed,equestrian_team_Hungary_HUN,3,bronze,edition=FEI World Equestrian Games;event=Team driving;discipline=equestrian-driving;source_url=https://en.wikipedia.org/wiki/2014_FEI_World_Equestrian_Games,5.0
fei_world_championships_2014_equestrian-endurance_individual-endurance_mixed,equestrian_athlete_Hamdan_bin_Mohammed_Al_Maktoum_ARE,1,gold,edition=FEI World Equestrian Games;event=Individual endurance;discipline=equestrian-endurance;source_url=https://en.wikipedia.org/wiki/2014_FEI_World_Equestrian_Games,10.0
fei_world_championships_2014_equestrian-endurance_individual-endurance_mixed,equestrian_athlete_Marijke_Visser_on_Laiza_de_Jalima_NLD,2,silver,edition=FEI World Equestrian Games;event=Individual endurance;discipline=equestrian-endurance;source_url=https://en.wikipedia.org/wiki/2014_FEI_World_Equestrian_Games,7.0
fei_world_championships_2014_equestrian-endurance_individual-endurance_mixed,equestrian_athlete_Abdulrahman_Al_Sulaiteen_on_Koheilan_Kincso_QAT,3,bronze,edition=FEI World Equestrian Games;event=Individual endurance;discipline=equestrian-endurance;source_url=https://en.wikipedia.org/wiki/2014_FEI_World_Equestrian_Games,5.0
fei_world_championships_2014_equestrian-endurance_team-endurance_mixed,equestrian_team_Spain_ESP,1,gold,edition=FEI World Equestrian Games;event=Team endurance;discipline=equestrian-endurance;source_url=https://en.wikipedia.org/wiki/2014_FEI_World_Equestrian_Games,10.0
fei_world_championships_2014_equestrian-endurance_team-endurance_mixed,equestrian_team_France_FRA,2,silver,edition=FEI World Equestrian Games;event=Team endurance;discipline=equestrian-endurance;source_url=https://en.wikipedia.org/wiki/2014_FEI_World_Equestrian_Games,7.0
fei_world_championships_2014_equestrian-endurance_team-endurance_mixed,equestrian_team_Switzerland_CHE,3,bronze,edition=FEI World Equestrian Games;event=Team endurance;discipline=equestrian-endurance;source_url=https://en.wikipedia.org/wiki/2014_FEI_World_Equestrian_Games,5.0
fei_world_championships_2014_equestrian-eventing-equestrian_individual-eventing_mixed,equestrian_athlete_Sandra_Auffarth_DEU,1,gold,edition=FEI World Equestrian Games;event=Individual eventing;discipline=equestrian-eventing-equestrian;source_url=https://en.wikipedia.org/wiki/2014_FEI_World_Equestrian_Games,10.0
fei_world_championships_2014_equestrian-eventing-equestrian_individual-eventing_mixed,equestrian_athlete_Michael_Jung_DEU,2,silver,edition=FEI World Equestrian Games;event=Individual eventing;discipline=equestrian-eventing-equestrian;source_url=https://en.wikipedia.org/wiki/2014_FEI_World_Equestrian_Games,7.0
fei_world_championships_2014_equestrian-eventing-equestrian_individual-eventing_mixed,equestrian_athlete_William_Fox-Pitt_GBR,3,bronze,edition=FEI World Equestrian Games;event=Individual eventing;discipline=equestrian-eventing-equestrian;source_url=https://en.wikipedia.org/wiki/2014_FEI_World_Equestrian_Games,5.0
fei_world_championships_2014_equestrian-eventing-equestrian_team-eventing_mixed,equestrian_team_Germany_DEU,1,gold,edition=FEI World Equestrian Games;event=Team eventing;discipline=equestrian-eventing-equestrian;source_url=https://en.wikipedia.org/wiki/2014_FEI_World_Equestrian_Games,10.0
fei_world_championships_2014_equestrian-eventing-equestrian_team-eventing_mixed,equestrian_team_United_Kingdom_GBR,2,silver,edition=FEI World Equestrian Games;event=Team eventing;discipline=equestrian-eventing-equestrian;source_url=https://en.wikipedia.org/wiki/2014_FEI_World_Equestrian_Games,7.0
fei_world_championships_2014_equestrian-eventing-equestrian_team-eventing_mixed,equestrian_team_Netherlands_NLD,3,bronze,edition=FEI World Equestrian Games;event=Team eventing;discipline=equestrian-eventing-equestrian;source_url=https://en.wikipedia.org/wiki/2014_FEI_World_Equestrian_Games,5.0
fei_world_championships_2014_equestrian-jumping-equestrian_individual-jumping_mixed,equestrian_athlete_Jeroen_Dubbeldam_NLD,1,gold,edition=FEI World Equestrian Games;event=Individual jumping;discipline=equestrian-jumping-equestrian;source_url=https://en.wikipedia.org/wiki/2014_FEI_World_Equestrian_Games,10.0
fei_world_championships_2014_equestrian-jumping-equestrian_individual-jumping_mixed,equestrian_athlete_Patrice_Delaveau_FRA,2,silver,edition=FEI World Equestrian Games;event=Individual jumping;discipline=equestrian-jumping-equestrian;source_url=https://en.wikipedia.org/wiki/2014_FEI_World_Equestrian_Games,7.0
fei_world_championships_2014_equestrian-jumping-equestrian_individual-jumping_mixed,equestrian_athlete_Beezie_Madden_USA,3,bronze,edition=FEI World Equestrian Games;event=Individual jumping;discipline=equestrian-jumping-equestrian;source_url=https://en.wikipedia.org/wiki/2014_FEI_World_Equestrian_Games,5.0
fei_world_championships_2014_equestrian-jumping-equestrian_team-jumping_mixed,equestrian_team_Netherlands_NLD,1,gold,edition=FEI World Equestrian Games;event=Team jumping;discipline=equestrian-jumping-equestrian;source_url=https://en.wikipedia.org/wiki/2014_FEI_World_Equestrian_Games,10.0
fei_world_championships_2014_equestrian-jumping-equestrian_team-jumping_mixed,equestrian_team_France_FRA,2,silver,edition=FEI World Equestrian Games;event=Team jumping;discipline=equestrian-jumping-equestrian;source_url=https://en.wikipedia.org/wiki/2014_FEI_World_Equestrian_Games,7.0
fei_world_championships_2014_equestrian-jumping-equestrian_team-jumping_mixed,equestrian_team_United_States_USA,3,bronze,edition=FEI World Equestrian Games;event=Team jumping;discipline=equestrian-jumping-equestrian;source_url=https://en.wikipedia.org/wiki/2014_FEI_World_Equestrian_Games,5.0
fei_world_championships_2014_equestrian-para-dressage_individual-para-dressage-championship-test-grade-ia_mixed,equestrian_athlete_Sophie_Christiansen_GBR,1,gold,edition=FEI World Equestrian Games;event=Individual para-dressage championship test grade Ia;discipline=equestrian-para-dressage;source_url=https://en.wikipedia.org/wiki/2014_FEI_World_Equestrian_Games,10.0
fei_world_championships_2014_equestrian-para-dressage_individual-para-dressage-championship-test-grade-ia_mixed,equestrian_athlete_Sara_Morganti_ITA,2,silver,edition=FEI World Equestrian Games;event=Individual para-dressage championship test grade Ia;discipline=equestrian-para-dressage;source_url=https://en.wikipedia.org/wiki/2014_FEI_World_Equestrian_Games,7.0
fei_world_championships_2014_equestrian-para-dressage_individual-para-dressage-championship-test-grade-ia_mixed,equestrian_athlete_Laurentia_Tan_SGP,3,bronze,edition=FEI World Equestrian Games;event=Individual para-dressage championship test grade Ia;discipline=equestrian-para-dressage;source_url=https://en.wikipedia.org/wiki/2014_FEI_World_Equestrian_Games,5.0
fei_world_championships_2014_equestrian-para-dressage_individual-para-dressage-championship-test-grade-ib_mixed,equestrian_athlete_Lee_Pearson_GBR,1,gold,edition=FEI World Equestrian Games;event=Individual para-dressage championship test grade Ib;discipline=equestrian-para-dressage;source_url=https://en.wikipedia.org/wiki/2014_FEI_World_Equestrian_Games,10.0
fei_world_championships_2014_equestrian-para-dressage_individual-para-dressage-championship-test-grade-ib_mixed,equestrian_athlete_Pepo_Puch_AUT,2,silver,edition=FEI World Equestrian Games;event=Individual para-dressage championship test grade Ib;discipline=equestrian-para-dressage;source_url=https://en.wikipedia.org/wiki/2014_FEI_World_Equestrian_Games,7.0
fei_world_championships_2014_equestrian-para-dressage_individual-para-dressage-championship-test-grade-ib_mixed,equestrian_athlete_Nicole_den_Dulk_NLD,3,bronze,edition=FEI World Equestrian Games;event=Individual para-dressage championship test grade Ib;discipline=equestrian-para-dressage;source_url=https://en.wikipedia.org/wiki/2014_FEI_World_Equestrian_Games,5.0
fei_world_championships_2014_equestrian-para-dressage_individual-para-dressage-championship-test-grade-ii_mixed,equestrian_athlete_Rixt_van_der_Horst_on_Uniek_NLD,1,gold,edition=FEI World Equestrian Games;event=Individual para-dressage championship test grade II;discipline=equestrian-para-dressage;source_url=https://en.wikipedia.org/wiki/2014_FEI_World_Equestrian_Games,10.0
fei_world_championships_2014_equestrian-para-dressage_individual-para-dressage-championship-test-grade-ii_mixed,equestrian_athlete_Natasha_Baker_GBR,2,silver,edition=FEI World Equestrian Games;event=Individual para-dressage championship test grade II;discipline=equestrian-para-dressage;source_url=https://en.wikipedia.org/wiki/2014_FEI_World_Equestrian_Games,7.0
fei_world_championships_2014_equestrian-para-dressage_individual-para-dressage-championship-test-grade-ii_mixed,equestrian_athlete_Lauren_Barwick_CAN,3,bronze,edition=FEI World Equestrian Games;event=Individual para-dressage championship test grade II;discipline=equestrian-para-dressage;source_url=https://en.wikipedia.org/wiki/2014_FEI_World_Equestrian_Games,5.0
fei_world_championships_2014_equestrian-para-dressage_individual-para-dressage-championship-test-grade-iii_mixed,equestrian_athlete_Hannelore_Brenner_DEU,1,gold,edition=FEI World Equestrian Games;event=Individual para-dressage championship test grade III;discipline=equestrian-para-dressage;source_url=https://en.wikipedia.org/wiki/2014_FEI_World_Equestrian_Games,10.0
fei_world_championships_2014_equestrian-para-dressage_individual-para-dressage-championship-test-grade-iii_mixed,equestrian_athlete_Sanne_Voets_NLD,2,silver,edition=FEI World Equestrian Games;event=Individual para-dressage championship test grade III;discipline=equestrian-para-dressage;source_url=https://en.wikipedia.org/wiki/2014_FEI_World_Equestrian_Games,7.0
fei_world_championships_2014_equestrian-para-dressage_individual-para-dressage-championship-test-grade-iii_mixed,equestrian_athlete_Susanne_Jensby_Sunesen_on_Thys_Que_Faire_DNK,3,bronze,edition=FEI World Equestrian Games;event=Individual para-dressage championship test grade III;discipline=equestrian-para-dressage;source_url=https://en.wikipedia.org/wiki/2014_FEI_World_Equestrian_Games,5.0
fei_world_championships_2014_equestrian-para-dressage_individual-para-dressage-championship-test-grade-iv_mixed,equestrian_athlete_Michele_George_BEL,1,gold,edition=FEI World Equestrian Games;event=Individual para-dressage championship test grade IV;discipline=equestrian-para-dressage;source_url=https://en.wikipedia.org/wiki/2014_FEI_World_Equestrian_Games,10.0
fei_world_championships_2014_equestrian-para-dressage_individual-para-dressage-championship-test-grade-iv_mixed,equestrian_athlete_Sophie_Wells_GBR,2,silver,edition=FEI World Equestrian Games;event=Individual para-dressage championship test grade IV;discipline=equestrian-para-dressage;source_url=https://en.wikipedia.org/wiki/2014_FEI_World_Equestrian_Games,7.0
fei_world_championships_2014_equestrian-para-dressage_individual-para-dressage-championship-test-grade-iv_mixed,equestrian_athlete_Frank_Hosmar_NLD,3,bronze,edition=FEI World Equestrian Games;event=Individual para-dressage championship test grade IV;discipline=equestrian-para-dressage;source_url=https://en.wikipedia.org/wiki/2014_FEI_World_Equestrian_Games,5.0
fei_world_championships_2014_equestrian-para-dressage_individual-para-dressage-freestyle-test-grade-ia_mixed,equestrian_athlete_Sara_Morganti_ITA,1,gold,edition=FEI World Equestrian Games;event=Individual para-dressage freestyle test grade Ia;discipline=equestrian-para-dressage;source_url=https://en.wikipedia.org/wiki/2014_FEI_World_Equestrian_Games,10.0
fei_world_championships_2014_equestrian-para-dressage_individual-para-dressage-freestyle-test-grade-ia_mixed,equestrian_athlete_Sophie_Christiansen_GBR,2,silver,edition=FEI World Equestrian Games;event=Individual para-dressage freestyle test grade Ia;discipline=equestrian-para-dressage;source_url=https://en.wikipedia.org/wiki/2014_FEI_World_Equestrian_Games,7.0
fei_world_championships_2014_equestrian-para-dressage_individual-para-dressage-freestyle-test-grade-ia_mixed,equestrian_athlete_Elke_Philipp_DEU,3,bronze,edition=FEI World Equestrian Games;event=Individual para-dressage freestyle test grade Ia;discipline=equestrian-para-dressage;source_url=https://en.wikipedia.org/wiki/2014_FEI_World_Equestrian_Games,5.0
fei_world_championships_2014_equestrian-para-dressage_individual-para-dressage-freestyle-test-grade-ib_mixed,equestrian_athlete_Lee_Pearson_GBR,1,gold,edition=FEI World Equestrian Games;event=Individual para-dressage freestyle test grade Ib;discipline=equestrian-para-dressage;source_url=https://en.wikipedia.org/wiki/2014_FEI_World_Equestrian_Games,10.0
fei_world_championships_2014_equestrian-para-dressage_individual-para-dressage-freestyle-test-grade-ib_mixed,equestrian_athlete_Pepo_Puch_AUT,2,silver,edition=FEI World Equestrian Games;event=Individual para-dressage freestyle test grade Ib;discipline=equestrian-para-dressage;source_url=https://en.wikipedia.org/wiki/2014_FEI_World_Equestrian_Games,7.0
fei_world_championships_2014_equestrian-para-dressage_individual-para-dressage-freestyle-test-grade-ib_mixed,equestrian_athlete_Nicole_den_Dulk_NLD,3,bronze,edition=FEI World Equestrian Games;event=Individual para-dressage freestyle test grade Ib;discipline=equestrian-para-dressage;source_url=https://en.wikipedia.org/wiki/2014_FEI_World_Equestrian_Games,5.0
fei_world_championships_2014_equestrian-para-dressage_individual-para-dressage-freestyle-test-grade-ii_mixed,equestrian_athlete_Rixt_van_der_Horst_on_Uniek_NLD,1,gold,edition=FEI World Equestrian Games;event=Individual para-dressage freestyle test grade II;discipline=equestrian-para-dressage;source_url=https://en.wikipedia.org/wiki/2014_FEI_World_Equestrian_Games,10.0
fei_world_championships_2014_equestrian-para-dressage_individual-para-dressage-freestyle-test-grade-ii_mixed,equestrian_athlete_Lauren_Barwick_CAN,2,silver,edition=FEI World Equestrian Games;event=Individual para-dressage freestyle test grade II;discipline=equestrian-para-dressage;source_url=https://en.wikipedia.org/wiki/2014_FEI_World_Equestrian_Games,7.0
fei_world_championships_2014_equestrian-para-dressage_individual-para-dressage-freestyle-test-grade-ii_mixed,equestrian_athlete_Demi_Vermeulen_NLD,3,bronze,edition=FEI World Equestrian Games;event=Individual para-dressage freestyle test grade II;discipline=equestrian-para-dressage;source_url=https://en.wikipedia.org/wiki/2014_FEI_World_Equestrian_Games,5.0
fei_world_championships_2014_equestrian-para-dressage_individual-para-dressage-freestyle-test-grade-iii_mixed,equestrian_athlete_Sanne_Voets_NLD,1,gold,edition=FEI World Equestrian Games;event=Individual para-dressage freestyle test grade III;discipline=equestrian-para-dressage;source_url=https://en.wikipedia.org/wiki/2014_FEI_World_Equestrian_Games,10.0
fei_world_championships_2014_equestrian-para-dressage_individual-para-dressage-freestyle-test-grade-iii_mixed,equestrian_athlete_Hannelore_Brenner_DEU,2,silver,edition=FEI World Equestrian Games;event=Individual para-dressage freestyle test grade III;discipline=equestrian-para-dressage;source_url=https://en.wikipedia.org/wiki/2014_FEI_World_Equestrian_Games,7.0
fei_world_championships_2014_equestrian-para-dressage_individual-para-dressage-freestyle-test-grade-iii_mixed,equestrian_athlete_Annika_Lykke_Risum_on_Aros_A_Ferris_DNK,3,bronze,edition=FEI World Equestrian Games;event=Individual para-dressage freestyle test grade III;discipline=equestrian-para-dressage;source_url=https://en.wikipedia.org/wiki/2014_FEI_World_Equestrian_Games,5.0
fei_world_championships_2014_equestrian-para-dressage_individual-para-dressage-freestyle-test-grade-iv_mixed,equestrian_athlete_Michele_George_BEL,1,gold,edition=FEI World Equestrian Games;event=Individual para-dressage freestyle test grade IV;discipline=equestrian-para-dressage;source_url=https://en.wikipedia.org/wiki/2014_FEI_World_Equestrian_Games,10.0
fei_world_championships_2014_equestrian-para-dressage_individual-para-dressage-freestyle-test-grade-iv_mixed,equestrian_athlete_Sophie_Wells_GBR,2,silver,edition=FEI World Equestrian Games;event=Individual para-dressage freestyle test grade IV;discipline=equestrian-para-dressage;source_url=https://en.wikipedia.org/wiki/2014_FEI_World_Equestrian_Games,7.0
fei_world_championships_2014_equestrian-para-dressage_individual-para-dressage-freestyle-test-grade-iv_mixed,equestrian_athlete_Frank_Hosmar_NLD,3,bronze,edition=FEI World Equestrian Games;event=Individual para-dressage freestyle test grade IV;discipline=equestrian-para-dressage;source_url=https://en.wikipedia.org/wiki/2014_FEI_World_Equestrian_Games,5.0
fei_world_championships_2014_equestrian-para-dressage_team-para-dressage_mixed,equestrian_team_United_Kingdom_GBR,1,gold,edition=FEI World Equestrian Games;event=Team para-dressage;discipline=equestrian-para-dressage;source_url=https://en.wikipedia.org/wiki/2014_FEI_World_Equestrian_Games,10.0
fei_world_championships_2014_equestrian-para-dressage_team-para-dressage_mixed,equestrian_team_Netherlands_NLD,2,silver,edition=FEI World Equestrian Games;event=Team para-dressage;discipline=equestrian-para-dressage;source_url=https://en.wikipedia.org/wiki/2014_FEI_World_Equestrian_Games,7.0
fei_world_championships_2014_equestrian-para-dressage_team-para-dressage_mixed,equestrian_team_Germany_DEU,3,bronze,edition=FEI World Equestrian Games;event=Team para-dressage;discipline=equestrian-para-dressage;source_url=https://en.wikipedia.org/wiki/2014_FEI_World_Equestrian_Games,5.0
fei_world_championships_2014_equestrian-reining_individual-reining_mixed,equestrian_athlete_Shawn_Flarida_USA,1,gold,edition=FEI World Equestrian Games;event=Individual reining;discipline=equestrian-reining;source_url=https://en.wikipedia.org/wiki/2014_FEI_World_Equestrian_Games,10.0
fei_world_championships_2014_equestrian-reining_individual-reining_mixed,equestrian_athlete_Andrea_Fappani_USA,2,silver,edition=FEI World Equestrian Games;event=Individual reining;discipline=equestrian-reining;source_url=https://en.wikipedia.org/wiki/2014_FEI_World_Equestrian_Games,7.0
fei_world_championships_2014_equestrian-reining_individual-reining_mixed,equestrian_athlete_Mandy_McCutcheon_USA,3,bronze,edition=FEI World Equestrian Games;event=Individual reining;discipline=equestrian-reining;source_url=https://en.wikipedia.org/wiki/2014_FEI_World_Equestrian_Games,5.0
fei_world_championships_2014_equestrian-reining_team-reining_mixed,equestrian_team_United_States_USA,1,gold,edition=FEI World Equestrian Games;event=Team reining;discipline=equestrian-reining;source_url=https://en.wikipedia.org/wiki/2014_FEI_World_Equestrian_Games,10.0
fei_world_championships_2014_equestrian-reining_team-reining_mixed,equestrian_team_Belgium_BEL,2,silver,edition=FEI World Equestrian Games;event=Team reining;discipline=equestrian-reining;source_url=https://en.wikipedia.org/wiki/2014_FEI_World_Equestrian_Games,7.0
fei_world_championships_2014_equestrian-reining_team-reining_mixed,equestrian_team_Austria_AUT,3,bronze,edition=FEI World Equestrian Games;event=Team reining;discipline=equestrian-reining;source_url=https://en.wikipedia.org/wiki/2014_FEI_World_Equestrian_Games,5.0
fei_world_championships_2014_equestrian-vaulting_men-vaulting_men,equestrian_athlete_Jacques_Ferrari_on_Poivre_Vert_lunged_by_Francois_Athimon_FRA,1,gold,edition=FEI World Equestrian Games;event=Men's vaulting;discipline=equestrian-vaulting;source_url=https://en.wikipedia.org/wiki/2014_FEI_World_Equestrian_Games,10.0
fei_world_championships_2014_equestrian-vaulting_men-vaulting_men,equestrian_athlete_Nicholas_Andreani_on_Just_a_Kiss_HN_lunged_by_Marina_Joosten_Dupon_FRA,2,silver,edition=FEI World Equestrian Games;event=Men's vaulting;discipline=equestrian-vaulting;source_url=https://en.wikipedia.org/wiki/2014_FEI_World_Equestrian_Games,7.0
fei_world_championships_2014_equestrian-vaulting_men-vaulting_men,equestrian_athlete_Erik_Oese_on_Calvador_lunged_by_Andreas_Bassler_DEU,3,bronze,edition=FEI World Equestrian Games;event=Men's vaulting;discipline=equestrian-vaulting;source_url=https://en.wikipedia.org/wiki/2014_FEI_World_Equestrian_Games,5.0
fei_world_championships_2014_equestrian-vaulting_pas-de-deux-vaulting_mixed,equestrian_team_Austria_AUT,1,gold,edition=FEI World Equestrian Games;event=Pas-de-deux vaulting;discipline=equestrian-vaulting;source_url=https://en.wikipedia.org/wiki/2014_FEI_World_Equestrian_Games,10.0
fei_world_championships_2014_equestrian-vaulting_pas-de-deux-vaulting_mixed,equestrian_team_Germany_DEU,2,silver,edition=FEI World Equestrian Games;event=Pas-de-deux vaulting;discipline=equestrian-vaulting;source_url=https://en.wikipedia.org/wiki/2014_FEI_World_Equestrian_Games,7.0
fei_world_championships_2014_equestrian-vaulting_pas-de-deux-vaulting_mixed,equestrian_team_Joanne_Eccles_GBR,3,bronze,edition=FEI World Equestrian Games;event=Pas-de-deux vaulting;discipline=equestrian-vaulting;source_url=https://en.wikipedia.org/wiki/2014_FEI_World_Equestrian_Games,5.0
fei_world_championships_2014_equestrian-vaulting_squad-vaulting_mixed,equestrian_team_Germany_DEU,1,gold,edition=FEI World Equestrian Games;event=Squad vaulting;discipline=equestrian-vaulting;source_url=https://en.wikipedia.org/wiki/2014_FEI_World_Equestrian_Games,10.0
fei_world_championships_2014_equestrian-vaulting_squad-vaulting_mixed,equestrian_team_Switzerland_CHE,2,silver,edition=FEI World Equestrian Games;event=Squad vaulting;discipline=equestrian-vaulting;source_url=https://en.wikipedia.org/wiki/2014_FEI_World_Equestrian_Games,7.0
fei_world_championships_2014_equestrian-vaulting_squad-vaulting_mixed,equestrian_team_France_FRA,3,bronze,edition=FEI World Equestrian Games;event=Squad vaulting;discipline=equestrian-vaulting;source_url=https://en.wikipedia.org/wiki/2014_FEI_World_Equestrian_Games,5.0
fei_world_championships_2014_equestrian-vaulting_women-vaulting_women,equestrian_athlete_Joanne_Eccles_GBR,1,gold,edition=FEI World Equestrian Games;event=Women's vaulting;discipline=equestrian-vaulting;source_url=https://en.wikipedia.org/wiki/2014_FEI_World_Equestrian_Games,10.0
fei_world_championships_2014_equestrian-vaulting_women-vaulting_women,equestrian_athlete_Anna_Cavallaro_on_Harley_lunged_by_Nelson_Vidoni_ITA,2,silver,edition=FEI World Equestrian Games;event=Women's vaulting;discipline=equestrian-vaulting;source_url=https://en.wikipedia.org/wiki/2014_FEI_World_Equestrian_Games,7.0
fei_world_championships_2014_equestrian-vaulting_women-vaulting_women,equestrian_athlete_Simone_Jaiser_on_Luk_lunged_by_Rita_Blieske_CHE,3,bronze,edition=FEI World Equestrian Games;event=Women's vaulting;discipline=equestrian-vaulting;source_url=https://en.wikipedia.org/wiki/2014_FEI_World_Equestrian_Games,5.0
fei_world_championships_2018_equestrian-dressage-equestrian_individual-driving_mixed,equestrian_athlete_Boyd_Exell_AUS,1,gold,edition=FEI World Equestrian Games;event=Individual driving;discipline=equestrian-dressage-equestrian;source_url=https://en.wikipedia.org/wiki/2018_FEI_World_Equestrian_Games,10.0
fei_world_championships_2018_equestrian-dressage-equestrian_individual-driving_mixed,equestrian_athlete_Chester_Weber_USA,2,silver,edition=FEI World Equestrian Games;event=Individual driving;discipline=equestrian-dressage-equestrian;source_url=https://en.wikipedia.org/wiki/2018_FEI_World_Equestrian_Games,7.0
fei_world_championships_2018_equestrian-dressage-equestrian_individual-driving_mixed,equestrian_athlete_Edouard_Simonet_BEL,3,bronze,edition=FEI World Equestrian Games;event=Individual driving;discipline=equestrian-dressage-equestrian;source_url=https://en.wikipedia.org/wiki/2018_FEI_World_Equestrian_Games,5.0
fei_world_championships_2018_equestrian-dressage-equestrian_individual-special-dressage_mixed,equestrian_athlete_Isabell_Werth_DEU,1,gold,edition=FEI World Equestrian Games;event=Individual special dressage;discipline=equestrian-dressage-equestrian;source_url=https://en.wikipedia.org/wiki/2018_FEI_World_Equestrian_Games,10.0
fei_world_championships_2018_equestrian-dressage-equestrian_individual-special-dressage_mixed,equestrian_athlete_Laura_Graves_USA,2,silver,edition=FEI World Equestrian Games;event=Individual special dressage;discipline=equestrian-dressage-equestrian;source_url=https://en.wikipedia.org/wiki/2018_FEI_World_Equestrian_Games,7.0
fei_world_championships_2018_equestrian-dressage-equestrian_individual-special-dressage_mixed,equestrian_athlete_Charlotte_Dujardin_GBR,3,bronze,edition=FEI World Equestrian Games;event=Individual special dressage;discipline=equestrian-dressage-equestrian;source_url=https://en.wikipedia.org/wiki/2018_FEI_World_Equestrian_Games,5.0
fei_world_championships_2018_equestrian-dressage-equestrian_team-dressage_mixed,equestrian_team_Germany_DEU,1,gold,edition=FEI World Equestrian Games;event=Team dressage;discipline=equestrian-dressage-equestrian;source_url=https://en.wikipedia.org/wiki/2018_FEI_World_Equestrian_Games,10.0
fei_world_championships_2018_equestrian-dressage-equestrian_team-dressage_mixed,equestrian_team_United_States_USA,2,silver,edition=FEI World Equestrian Games;event=Team dressage;discipline=equestrian-dressage-equestrian;source_url=https://en.wikipedia.org/wiki/2018_FEI_World_Equestrian_Games,7.0
fei_world_championships_2018_equestrian-dressage-equestrian_team-dressage_mixed,equestrian_team_United_Kingdom_GBR,3,bronze,edition=FEI World Equestrian Games;event=Team dressage;discipline=equestrian-dressage-equestrian;source_url=https://en.wikipedia.org/wiki/2018_FEI_World_Equestrian_Games,5.0
fei_world_championships_2018_equestrian-dressage-equestrian_team-driving_mixed,equestrian_team_United_States_USA,1,gold,edition=FEI World Equestrian Games;event=Team driving;discipline=equestrian-dressage-equestrian;source_url=https://en.wikipedia.org/wiki/2018_FEI_World_Equestrian_Games,10.0
fei_world_championships_2018_equestrian-dressage-equestrian_team-driving_mixed,equestrian_team_Netherlands_NLD,2,silver,edition=FEI World Equestrian Games;event=Team driving;discipline=equestrian-dressage-equestrian;source_url=https://en.wikipedia.org/wiki/2018_FEI_World_Equestrian_Games,7.0
fei_world_championships_2018_equestrian-dressage-equestrian_team-driving_mixed,equestrian_team_Belgium_BEL,3,bronze,edition=FEI World Equestrian Games;event=Team driving;discipline=equestrian-dressage-equestrian;source_url=https://en.wikipedia.org/wiki/2018_FEI_World_Equestrian_Games,5.0
fei_world_championships_2018_equestrian-driving_individual-eventing_mixed,equestrian_athlete_Rosalind_Canter_GBR,1,gold,edition=FEI World Equestrian Games;event=Individual eventing;discipline=equestrian-driving;source_url=https://en.wikipedia.org/wiki/2018_FEI_World_Equestrian_Games,10.0
fei_world_championships_2018_equestrian-driving_individual-eventing_mixed,equestrian_athlete_Padraig_McCarthy_IRL,2,silver,edition=FEI World Equestrian Games;event=Individual eventing;discipline=equestrian-driving;source_url=https://en.wikipedia.org/wiki/2018_FEI_World_Equestrian_Games,7.0
fei_world_championships_2018_equestrian-driving_individual-eventing_mixed,equestrian_athlete_Ingrid_Klimke_DEU,3,bronze,edition=FEI World Equestrian Games;event=Individual eventing;discipline=equestrian-driving;source_url=https://en.wikipedia.org/wiki/2018_FEI_World_Equestrian_Games,5.0
fei_world_championships_2018_equestrian-driving_team-eventing_mixed,equestrian_team_United_Kingdom_GBR,1,gold,edition=FEI World Equestrian Games;event=Team eventing;discipline=equestrian-driving;source_url=https://en.wikipedia.org/wiki/2018_FEI_World_Equestrian_Games,10.0
fei_world_championships_2018_equestrian-driving_team-eventing_mixed,equestrian_team_Ireland_IRL,2,silver,edition=FEI World Equestrian Games;event=Team eventing;discipline=equestrian-driving;source_url=https://en.wikipedia.org/wiki/2018_FEI_World_Equestrian_Games,7.0
fei_world_championships_2018_equestrian-driving_team-eventing_mixed,equestrian_team_France_FRA,3,bronze,edition=FEI World Equestrian Games;event=Team eventing;discipline=equestrian-driving;source_url=https://en.wikipedia.org/wiki/2018_FEI_World_Equestrian_Games,5.0
fei_world_championships_2018_equestrian-endurance_individual-jumping_mixed,equestrian_athlete_Simone_Blum_DEU,1,gold,edition=FEI World Equestrian Games;event=Individual jumping;discipline=equestrian-endurance;source_url=https://en.wikipedia.org/wiki/2018_FEI_World_Equestrian_Games,10.0
fei_world_championships_2018_equestrian-endurance_individual-jumping_mixed,equestrian_athlete_Martin_Fuchs_CHE,2,silver,edition=FEI World Equestrian Games;event=Individual jumping;discipline=equestrian-endurance;source_url=https://en.wikipedia.org/wiki/2018_FEI_World_Equestrian_Games,7.0
fei_world_championships_2018_equestrian-endurance_individual-jumping_mixed,equestrian_athlete_Steve_Guerdat_CHE,3,bronze,edition=FEI World Equestrian Games;event=Individual jumping;discipline=equestrian-endurance;source_url=https://en.wikipedia.org/wiki/2018_FEI_World_Equestrian_Games,5.0
fei_world_championships_2018_equestrian-endurance_team-jumping_mixed,equestrian_team_United_States_USA,1,gold,edition=FEI World Equestrian Games;event=Team jumping;discipline=equestrian-endurance;source_url=https://en.wikipedia.org/wiki/2018_FEI_World_Equestrian_Games,10.0
fei_world_championships_2018_equestrian-endurance_team-jumping_mixed,equestrian_team_Sweden_SWE,2,silver,edition=FEI World Equestrian Games;event=Team jumping;discipline=equestrian-endurance;source_url=https://en.wikipedia.org/wiki/2018_FEI_World_Equestrian_Games,7.0
fei_world_championships_2018_equestrian-endurance_team-jumping_mixed,equestrian_team_Germany_DEU,3,bronze,edition=FEI World Equestrian Games;event=Team jumping;discipline=equestrian-endurance;source_url=https://en.wikipedia.org/wiki/2018_FEI_World_Equestrian_Games,5.0
fei_world_championships_2018_equestrian-eventing-equestrian_individual-reining_mixed,equestrian_athlete_Bernard_Fonck_BEL,1,gold,edition=FEI World Equestrian Games;event=Individual reining;discipline=equestrian-eventing-equestrian;source_url=https://en.wikipedia.org/wiki/2018_FEI_World_Equestrian_Games,10.0
fei_world_championships_2018_equestrian-eventing-equestrian_individual-reining_mixed,equestrian_athlete_Daniel_Huss_USA,2,silver,edition=FEI World Equestrian Games;event=Individual reining;discipline=equestrian-eventing-equestrian;source_url=https://en.wikipedia.org/wiki/2018_FEI_World_Equestrian_Games,7.0
fei_world_championships_2018_equestrian-eventing-equestrian_individual-reining_mixed,equestrian_athlete_Cade_McCutcheon_USA,3,bronze,edition=FEI World Equestrian Games;event=Individual reining;discipline=equestrian-eventing-equestrian;source_url=https://en.wikipedia.org/wiki/2018_FEI_World_Equestrian_Games,5.0
fei_world_championships_2018_equestrian-eventing-equestrian_team-reining_mixed,equestrian_team_United_States_USA,1,gold,edition=FEI World Equestrian Games;event=Team reining;discipline=equestrian-eventing-equestrian;source_url=https://en.wikipedia.org/wiki/2018_FEI_World_Equestrian_Games,10.0
fei_world_championships_2018_equestrian-eventing-equestrian_team-reining_mixed,equestrian_team_Belgium_BEL,2,silver,edition=FEI World Equestrian Games;event=Team reining;discipline=equestrian-eventing-equestrian;source_url=https://en.wikipedia.org/wiki/2018_FEI_World_Equestrian_Games,7.0
fei_world_championships_2018_equestrian-eventing-equestrian_team-reining_mixed,equestrian_team_Germany_DEU,3,bronze,edition=FEI World Equestrian Games;event=Team reining;discipline=equestrian-eventing-equestrian;source_url=https://en.wikipedia.org/wiki/2018_FEI_World_Equestrian_Games,5.0
fei_world_championships_2018_equestrian-jumping-equestrian_men-individual_men,equestrian_athlete_Lambert_Leclezio_FRA,1,gold,edition=FEI World Equestrian Games;event=Men's individual;discipline=equestrian-jumping-equestrian;source_url=https://en.wikipedia.org/wiki/2018_FEI_World_Equestrian_Games,10.0
fei_world_championships_2018_equestrian-jumping-equestrian_men-individual_men,equestrian_athlete_Jannik_Heiland_DEU,2,silver,edition=FEI World Equestrian Games;event=Men's individual;discipline=equestrian-jumping-equestrian;source_url=https://en.wikipedia.org/wiki/2018_FEI_World_Equestrian_Games,7.0
fei_world_championships_2018_equestrian-jumping-equestrian_men-individual_men,equestrian_athlete_Thomas_Brusewitz_DEU,3,bronze,edition=FEI World Equestrian Games;event=Men's individual;discipline=equestrian-jumping-equestrian;source_url=https://en.wikipedia.org/wiki/2018_FEI_World_Equestrian_Games,5.0
fei_world_championships_2018_equestrian-jumping-equestrian_pas-de-deux_mixed,equestrian_team_Lorenzo_Lupacchini__Silvia_Stopazzini_ITA,1,gold,edition=FEI World Equestrian Games;event=Pas-de-deux;discipline=equestrian-jumping-equestrian;source_url=https://en.wikipedia.org/wiki/2018_FEI_World_Equestrian_Games,10.0
fei_world_championships_2018_equestrian-jumping-equestrian_pas-de-deux_mixed,equestrian_team_Jasmin_Lindner__Lukas_Wacha_AUT,2,silver,edition=FEI World Equestrian Games;event=Pas-de-deux;discipline=equestrian-jumping-equestrian;source_url=https://en.wikipedia.org/wiki/2018_FEI_World_Equestrian_Games,7.0
fei_world_championships_2018_equestrian-jumping-equestrian_pas-de-deux_mixed,equestrian_team_Janika_Derks__Johannes_Kay_DEU,3,bronze,edition=FEI World Equestrian Games;event=Pas-de-deux;discipline=equestrian-jumping-equestrian;source_url=https://en.wikipedia.org/wiki/2018_FEI_World_Equestrian_Games,5.0
fei_world_championships_2018_equestrian-jumping-equestrian_squad_mixed,equestrian_team_Germany_DEU,1,gold,edition=FEI World Equestrian Games;event=Squad;discipline=equestrian-jumping-equestrian;source_url=https://en.wikipedia.org/wiki/2018_FEI_World_Equestrian_Games,10.0
fei_world_championships_2018_equestrian-jumping-equestrian_squad_mixed,equestrian_team_Switzerland_CHE,2,silver,edition=FEI World Equestrian Games;event=Squad;discipline=equestrian-jumping-equestrian;source_url=https://en.wikipedia.org/wiki/2018_FEI_World_Equestrian_Games,7.0
fei_world_championships_2018_equestrian-jumping-equestrian_squad_mixed,equestrian_team_Austria_AUT,3,bronze,edition=FEI World Equestrian Games;event=Squad;discipline=equestrian-jumping-equestrian;source_url=https://en.wikipedia.org/wiki/2018_FEI_World_Equestrian_Games,5.0
fei_world_championships_2018_equestrian-jumping-equestrian_team_mixed,equestrian_team_Germany_DEU,1,gold,edition=FEI World Equestrian Games;event=Team;discipline=equestrian-jumping-equestrian;source_url=https://en.wikipedia.org/wiki/2018_FEI_World_Equestrian_Games,10.0
fei_world_championships_2018_equestrian-jumping-equestrian_team_mixed,equestrian_team_Switzerland_CHE,2,silver,edition=FEI World Equestrian Games;event=Team;discipline=equestrian-jumping-equestrian;source_url=https://en.wikipedia.org/wiki/2018_FEI_World_Equestrian_Games,7.0
fei_world_championships_2018_equestrian-jumping-equestrian_team_mixed,equestrian_team_Austria_AUT,3,bronze,edition=FEI World Equestrian Games;event=Team;discipline=equestrian-jumping-equestrian;source_url=https://en.wikipedia.org/wiki/2018_FEI_World_Equestrian_Games,5.0
fei_world_championships_2018_equestrian-jumping-equestrian_women-individual_women,equestrian_athlete_Kristina_Boe_DEU,1,gold,edition=FEI World Equestrian Games;event=Women's individual;discipline=equestrian-jumping-equestrian;source_url=https://en.wikipedia.org/wiki/2018_FEI_World_Equestrian_Games,10.0
fei_world_championships_2018_equestrian-jumping-equestrian_women-individual_women,equestrian_athlete_Janika_Derks_DEU,2,silver,edition=FEI World Equestrian Games;event=Women's individual;discipline=equestrian-jumping-equestrian;source_url=https://en.wikipedia.org/wiki/2018_FEI_World_Equestrian_Games,7.0
fei_world_championships_2018_equestrian-jumping-equestrian_women-individual_women,equestrian_athlete_Lisa_Wild_AUT,3,bronze,edition=FEI World Equestrian Games;event=Women's individual;discipline=equestrian-jumping-equestrian;source_url=https://en.wikipedia.org/wiki/2018_FEI_World_Equestrian_Games,5.0
fei_world_championships_2018_equestrian-para-dressage_individual-championship-grade-i_mixed,equestrian_athlete_Sara_Morganti_ITA,1,gold,edition=FEI World Equestrian Games;event=Individual championship grade I;discipline=equestrian-para-dressage;source_url=https://en.wikipedia.org/wiki/2018_FEI_World_Equestrian_Games,10.0
fei_world_championships_2018_equestrian-para-dressage_individual-championship-grade-i_mixed,equestrian_athlete_Laurentia_Tan_SGP,2,silver,edition=FEI World Equestrian Games;event=Individual championship grade I;discipline=equestrian-para-dressage;source_url=https://en.wikipedia.org/wiki/2018_FEI_World_Equestrian_Games,7.0
fei_world_championships_2018_equestrian-para-dressage_individual-championship-grade-i_mixed,equestrian_athlete_Elke_Philipp_DEU,3,bronze,edition=FEI World Equestrian Games;event=Individual championship grade I;discipline=equestrian-para-dressage;source_url=https://en.wikipedia.org/wiki/2018_FEI_World_Equestrian_Games,5.0
fei_world_championships_2018_equestrian-para-dressage_individual-championship-grade-ii_mixed,equestrian_athlete_Stinna_Kaastrup_DNK,1,gold,edition=FEI World Equestrian Games;event=Individual championship grade II;discipline=equestrian-para-dressage;source_url=https://en.wikipedia.org/wiki/2018_FEI_World_Equestrian_Games,10.0
fei_world_championships_2018_equestrian-para-dressage_individual-championship-grade-ii_mixed,equestrian_athlete_Pepo_Puch_AUT,2,silver,edition=FEI World Equestrian Games;event=Individual championship grade II;discipline=equestrian-para-dressage;source_url=https://en.wikipedia.org/wiki/2018_FEI_World_Equestrian_Games,7.0
fei_world_championships_2018_equestrian-para-dressage_individual-championship-grade-ii_mixed,equestrian_athlete_Nicole_den_Dulk_NLD,3,bronze,edition=FEI World Equestrian Games;event=Individual championship grade II;discipline=equestrian-para-dressage;source_url=https://en.wikipedia.org/wiki/2018_FEI_World_Equestrian_Games,5.0
fei_world_championships_2018_equestrian-para-dressage_individual-championship-grade-iii_mixed,equestrian_athlete_Rixt_van_der_Horst_NLD,1,gold,edition=FEI World Equestrian Games;event=Individual championship grade III;discipline=equestrian-para-dressage;source_url=https://en.wikipedia.org/wiki/2018_FEI_World_Equestrian_Games,10.0
fei_world_championships_2018_equestrian-para-dressage_individual-championship-grade-iii_mixed,equestrian_athlete_Natasha_Baker_GBR,2,silver,edition=FEI World Equestrian Games;event=Individual championship grade III;discipline=equestrian-para-dressage;source_url=https://en.wikipedia.org/wiki/2018_FEI_World_Equestrian_Games,7.0
fei_world_championships_2018_equestrian-para-dressage_individual-championship-grade-iii_mixed,equestrian_athlete_Rebecca_Hart_USA,3,bronze,edition=FEI World Equestrian Games;event=Individual championship grade III;discipline=equestrian-para-dressage;source_url=https://en.wikipedia.org/wiki/2018_FEI_World_Equestrian_Games,5.0
fei_world_championships_2018_equestrian-para-dressage_individual-championship-grade-iv_mixed,equestrian_athlete_Sanne_Voets_NLD,1,gold,edition=FEI World Equestrian Games;event=Individual championship grade IV;discipline=equestrian-para-dressage;source_url=https://en.wikipedia.org/wiki/2018_FEI_World_Equestrian_Games,10.0
fei_world_championships_2018_equestrian-para-dressage_individual-championship-grade-iv_mixed,equestrian_athlete_Rodolpho_Riskalla_BRA,2,silver,edition=FEI World Equestrian Games;event=Individual championship grade IV;discipline=equestrian-para-dressage;source_url=https://en.wikipedia.org/wiki/2018_FEI_World_Equestrian_Games,7.0
fei_world_championships_2018_equestrian-para-dressage_individual-championship-grade-iv_mixed,equestrian_athlete_Susanne_Sunesen_DNK,3,bronze,edition=FEI World Equestrian Games;event=Individual championship grade IV;discipline=equestrian-para-dressage;source_url=https://en.wikipedia.org/wiki/2018_FEI_World_Equestrian_Games,5.0
fei_world_championships_2018_equestrian-para-dressage_individual-championship-grade-v_mixed,equestrian_athlete_Sophie_Wells_GBR,1,gold,edition=FEI World Equestrian Games;event=Individual championship grade V;discipline=equestrian-para-dressage;source_url=https://en.wikipedia.org/wiki/2018_FEI_World_Equestrian_Games,10.0
fei_world_championships_2018_equestrian-para-dressage_individual-championship-grade-v_mixed,equestrian_athlete_Frank_Hosmar_NLD,2,silver,edition=FEI World Equestrian Games;event=Individual championship grade V;discipline=equestrian-para-dressage;source_url=https://en.wikipedia.org/wiki/2018_FEI_World_Equestrian_Games,7.0
fei_world_championships_2018_equestrian-para-dressage_individual-championship-grade-v_mixed,equestrian_athlete_Regine_Mispelkamp_DEU,3,bronze,edition=FEI World Equestrian Games;event=Individual championship grade V;discipline=equestrian-para-dressage;source_url=https://en.wikipedia.org/wiki/2018_FEI_World_Equestrian_Games,5.0
fei_world_championships_2018_equestrian-para-dressage_individual-freestyle-grade-i_mixed,equestrian_athlete_Sara_Morganti_ITA,1,gold,edition=FEI World Equestrian Games;event=Individual freestyle grade I;discipline=equestrian-para-dressage;source_url=https://en.wikipedia.org/wiki/2018_FEI_World_Equestrian_Games,10.0
fei_world_championships_2018_equestrian-para-dressage_individual-freestyle-grade-i_mixed,equestrian_athlete_Rihards_Snikus_LVA,2,silver,edition=FEI World Equestrian Games;event=Individual freestyle grade I;discipline=equestrian-para-dressage;source_url=https://en.wikipedia.org/wiki/2018_FEI_World_Equestrian_Games,7.0
fei_world_championships_2018_equestrian-para-dressage_individual-freestyle-grade-i_mixed,equestrian_athlete_Roxanne_Trunnell_USA,3,bronze,edition=FEI World Equestrian Games;event=Individual freestyle grade I;discipline=equestrian-para-dressage;source_url=https://en.wikipedia.org/wiki/2018_FEI_World_Equestrian_Games,5.0
fei_world_championships_2018_equestrian-para-dressage_individual-freestyle-grade-ii_mixed,equestrian_athlete_Stinna_Kaastrup_DNK,1,gold,edition=FEI World Equestrian Games;event=Individual freestyle grade II;discipline=equestrian-para-dressage;source_url=https://en.wikipedia.org/wiki/2018_FEI_World_Equestrian_Games,10.0
fei_world_championships_2018_equestrian-para-dressage_individual-freestyle-grade-ii_mixed,equestrian_athlete_Pepo_Puch_AUT,2,silver,edition=FEI World Equestrian Games;event=Individual freestyle grade II;discipline=equestrian-para-dressage;source_url=https://en.wikipedia.org/wiki/2018_FEI_World_Equestrian_Games,7.0
fei_world_championships_2018_equestrian-para-dressage_individual-freestyle-grade-ii_mixed,equestrian_athlete_Nicole_den_Dulk_NLD,3,bronze,edition=FEI World Equestrian Games;event=Individual freestyle grade II;discipline=equestrian-para-dressage;source_url=https://en.wikipedia.org/wiki/2018_FEI_World_Equestrian_Games,5.0
fei_world_championships_2018_equestrian-para-dressage_individual-freestyle-grade-iii_mixed,equestrian_athlete_Rixt_van_der_Horst_NLD,1,gold,edition=FEI World Equestrian Games;event=Individual freestyle grade III;discipline=equestrian-para-dressage;source_url=https://en.wikipedia.org/wiki/2018_FEI_World_Equestrian_Games,10.0
fei_world_championships_2018_equestrian-para-dressage_individual-freestyle-grade-iii_mixed,equestrian_athlete_Rebecca_Hart_USA,2,silver,edition=FEI World Equestrian Games;event=Individual freestyle grade III;discipline=equestrian-para-dressage;source_url=https://en.wikipedia.org/wiki/2018_FEI_World_Equestrian_Games,7.0
fei_world_championships_2018_equestrian-para-dressage_individual-freestyle-grade-iii_mixed,equestrian_athlete_Angelika_Trabert_DEU,3,bronze,edition=FEI World Equestrian Games;event=Individual freestyle grade III;discipline=equestrian-para-dressage;source_url=https://en.wikipedia.org/wiki/2018_FEI_World_Equestrian_Games,5.0
fei_world_championships_2018_equestrian-para-dressage_individual-freestyle-grade-iv_mixed,equestrian_athlete_Sanne_Voets_NLD,1,gold,edition=FEI World Equestrian Games;event=Individual freestyle grade IV;discipline=equestrian-para-dressage;source_url=https://en.wikipedia.org/wiki/2018_FEI_World_Equestrian_Games,10.0
fei_world_championships_2018_equestrian-para-dressage_individual-freestyle-grade-iv_mixed,equestrian_athlete_Rodolpho_Riskalla_BRA,2,silver,edition=FEI World Equestrian Games;event=Individual freestyle grade IV;discipline=equestrian-para-dressage;source_url=https://en.wikipedia.org/wiki/2018_FEI_World_Equestrian_Games,7.0
fei_world_championships_2018_equestrian-para-dressage_individual-freestyle-grade-iv_mixed,equestrian_athlete_Kate_Shoemaker_USA,3,bronze,edition=FEI World Equestrian Games;event=Individual freestyle grade IV;discipline=equestrian-para-dressage;source_url=https://en.wikipedia.org/wiki/2018_FEI_World_Equestrian_Games,5.0
fei_world_championships_2018_equestrian-para-dressage_individual-freestyle-grade-v_mixed,equestrian_athlete_Sophie_Wells_GBR,1,gold,edition=FEI World Equestrian Games;event=Individual freestyle grade V;discipline=equestrian-para-dressage;source_url=https://en.wikipedia.org/wiki/2018_FEI_World_Equestrian_Games,10.0
fei_world_championships_2018_equestrian-para-dressage_individual-freestyle-grade-v_mixed,equestrian_athlete_Frank_Hosmar_NLD,2,silver,edition=FEI World Equestrian Games;event=Individual freestyle grade V;discipline=equestrian-para-dressage;source_url=https://en.wikipedia.org/wiki/2018_FEI_World_Equestrian_Games,7.0
fei_world_championships_2018_equestrian-para-dressage_individual-freestyle-grade-v_mixed,equestrian_athlete_Tomoko_Nakamura_JPN,3,bronze,edition=FEI World Equestrian Games;event=Individual freestyle grade V;discipline=equestrian-para-dressage;source_url=https://en.wikipedia.org/wiki/2018_FEI_World_Equestrian_Games,5.0
fei_world_championships_2018_equestrian-para-dressage_team-para-dressage_mixed,equestrian_team_Netherlands_NLD,1,gold,edition=FEI World Equestrian Games;event=Team para-dressage;discipline=equestrian-para-dressage;source_url=https://en.wikipedia.org/wiki/2018_FEI_World_Equestrian_Games,10.0
fei_world_championships_2018_equestrian-para-dressage_team-para-dressage_mixed,equestrian_team_United_Kingdom_GBR,2,silver,edition=FEI World Equestrian Games;event=Team para-dressage;discipline=equestrian-para-dressage;source_url=https://en.wikipedia.org/wiki/2018_FEI_World_Equestrian_Games,7.0
fei_world_championships_2018_equestrian-para-dressage_team-para-dressage_mixed,equestrian_team_Germany_DEU,3,bronze,edition=FEI World Equestrian Games;event=Team para-dressage;discipline=equestrian-para-dressage;source_url=https://en.wikipedia.org/wiki/2018_FEI_World_Equestrian_Games,5.0
fei_world_championships_2022_equestrian-dressage-equestrian_individual-freestyle-dressage_mixed,equestrian_athlete_Charlotte_Fry_GBR,1,gold,edition=FEI World Championships;event=Individual freestyle dressage;discipline=equestrian-dressage-equestrian;source_url=https://en.wikipedia.org/wiki/2022_FEI_World_Championships,10.0
fei_world_championships_2022_equestrian-dressage-equestrian_individual-freestyle-dressage_mixed,equestrian_athlete_Cathrine_Laudrup-Dufour_DNK,2,silver,edition=FEI World Championships;event=Individual freestyle dressage;discipline=equestrian-dressage-equestrian;source_url=https://en.wikipedia.org/wiki/2022_FEI_World_Championships,7.0
fei_world_championships_2022_equestrian-dressage-equestrian_individual-freestyle-dressage_mixed,equestrian_athlete_Dinja_van_Liere_NLD,3,bronze,edition=FEI World Championships;event=Individual freestyle dressage;discipline=equestrian-dressage-equestrian;source_url=https://en.wikipedia.org/wiki/2022_FEI_World_Championships,5.0
fei_world_championships_2022_equestrian-dressage-equestrian_individual-special-dressage_mixed,equestrian_athlete_Charlotte_Fry_GBR,1,gold,edition=FEI World Championships;event=Individual special dressage;discipline=equestrian-dressage-equestrian;source_url=https://en.wikipedia.org/wiki/2022_FEI_World_Championships,10.0
fei_world_championships_2022_equestrian-dressage-equestrian_individual-special-dressage_mixed,equestrian_athlete_Cathrine_Laudrup-Dufour_DNK,2,silver,edition=FEI World Championships;event=Individual special dressage;discipline=equestrian-dressage-equestrian;source_url=https://en.wikipedia.org/wiki/2022_FEI_World_Championships,7.0
fei_world_championships_2022_equestrian-dressage-equestrian_individual-special-dressage_mixed,equestrian_athlete_Dinja_van_Liere_NLD,3,bronze,edition=FEI World Championships;event=Individual special dressage;discipline=equestrian-dressage-equestrian;source_url=https://en.wikipedia.org/wiki/2022_FEI_World_Championships,5.0
fei_world_championships_2022_equestrian-dressage-equestrian_team-dressage_mixed,equestrian_team_Denmark_DNK,1,gold,edition=FEI World Championships;event=Team dressage;discipline=equestrian-dressage-equestrian;source_url=https://en.wikipedia.org/wiki/2022_FEI_World_Championships,10.0
fei_world_championships_2022_equestrian-dressage-equestrian_team-dressage_mixed,equestrian_team_United_Kingdom_GBR,2,silver,edition=FEI World Championships;event=Team dressage;discipline=equestrian-dressage-equestrian;source_url=https://en.wikipedia.org/wiki/2022_FEI_World_Championships,7.0
fei_world_championships_2022_equestrian-dressage-equestrian_team-dressage_mixed,equestrian_team_Germany_DEU,3,bronze,edition=FEI World Championships;event=Team dressage;discipline=equestrian-dressage-equestrian;source_url=https://en.wikipedia.org/wiki/2022_FEI_World_Championships,5.0
fei_world_championships_2022_equestrian-jumping-equestrian_individual-jumping_mixed,equestrian_athlete_Henrik_von_Eckermann_SWE,1,gold,edition=FEI World Championships;event=Individual jumping;discipline=equestrian-jumping-equestrian;source_url=https://en.wikipedia.org/wiki/2022_FEI_World_Championships,10.0
fei_world_championships_2022_equestrian-jumping-equestrian_individual-jumping_mixed,equestrian_athlete_Jerome_Guery_BEL,2,silver,edition=FEI World Championships;event=Individual jumping;discipline=equestrian-jumping-equestrian;source_url=https://en.wikipedia.org/wiki/2022_FEI_World_Championships,7.0
fei_world_championships_2022_equestrian-jumping-equestrian_individual-jumping_mixed,equestrian_athlete_Maikel_van_der_Vleuten_NLD,3,bronze,edition=FEI World Championships;event=Individual jumping;discipline=equestrian-jumping-equestrian;source_url=https://en.wikipedia.org/wiki/2022_FEI_World_Championships,5.0
fei_world_championships_2022_equestrian-jumping-equestrian_team-jumping_mixed,equestrian_team_Sweden_SWE,1,gold,edition=FEI World Championships;event=Team jumping;discipline=equestrian-jumping-equestrian;source_url=https://en.wikipedia.org/wiki/2022_FEI_World_Championships,10.0
fei_world_championships_2022_equestrian-jumping-equestrian_team-jumping_mixed,equestrian_team_Netherlands_NLD,2,silver,edition=FEI World Championships;event=Team jumping;discipline=equestrian-jumping-equestrian;source_url=https://en.wikipedia.org/wiki/2022_FEI_World_Championships,7.0
fei_world_championships_2022_equestrian-jumping-equestrian_team-jumping_mixed,equestrian_team_United_Kingdom_GBR,3,bronze,edition=FEI World Championships;event=Team jumping;discipline=equestrian-jumping-equestrian;source_url=https://en.wikipedia.org/wiki/2022_FEI_World_Championships,5.0
fei_world_championships_2022_equestrian-para-dressage_individual-para-dressage-championship-test-grade-i_mixed,equestrian_athlete_Rihards_Snikus_LVA,1,gold,edition=FEI World Championships;event=Individual para-dressage championship test grade I;discipline=equestrian-para-dressage;source_url=https://en.wikipedia.org/wiki/2022_FEI_World_Championships,10.0
fei_world_championships_2022_equestrian-para-dressage_individual-para-dressage-championship-test-grade-i_mixed,equestrian_athlete_Sara_Morganti_ITA,2,silver,edition=FEI World Championships;event=Individual para-dressage championship test grade I;discipline=equestrian-para-dressage;source_url=https://en.wikipedia.org/wiki/2022_FEI_World_Championships,7.0
fei_world_championships_2022_equestrian-para-dressage_individual-para-dressage-championship-test-grade-i_mixed,equestrian_athlete_Michael_Murphy_IRL,3,bronze,edition=FEI World Championships;event=Individual para-dressage championship test grade I;discipline=equestrian-para-dressage;source_url=https://en.wikipedia.org/wiki/2022_FEI_World_Championships,5.0
fei_world_championships_2022_equestrian-para-dressage_individual-para-dressage-championship-test-grade-ii_mixed,equestrian_athlete_Katrine_Kristensen_DNK,1,gold,edition=FEI World Championships;event=Individual para-dressage championship test grade II;discipline=equestrian-para-dressage;source_url=https://en.wikipedia.org/wiki/2022_FEI_World_Championships,10.0
fei_world_championships_2022_equestrian-para-dressage_individual-para-dressage-championship-test-grade-ii_mixed,equestrian_athlete_Pepo_Puch_AUT,2,silver,edition=FEI World Championships;event=Individual para-dressage championship test grade II;discipline=equestrian-para-dressage;source_url=https://en.wikipedia.org/wiki/2022_FEI_World_Championships,7.0
fei_world_championships_2022_equestrian-para-dressage_individual-para-dressage-championship-test-grade-ii_mixed,equestrian_athlete_Lee_Pearson_GBR,3,bronze,edition=FEI World Championships;event=Individual para-dressage championship test grade II;discipline=equestrian-para-dressage;source_url=https://en.wikipedia.org/wiki/2022_FEI_World_Championships,5.0
fei_world_championships_2022_equestrian-para-dressage_individual-para-dressage-championship-test-grade-iii_mixed,equestrian_athlete_Tobias_Jrgensen_DNK,1,gold,edition=FEI World Championships;event=Individual para-dressage championship test grade III;discipline=equestrian-para-dressage;source_url=https://en.wikipedia.org/wiki/2022_FEI_World_Championships,10.0
fei_world_championships_2022_equestrian-para-dressage_individual-para-dressage-championship-test-grade-iii_mixed,equestrian_athlete_Natasha_Baker_GBR,2,silver,edition=FEI World Championships;event=Individual para-dressage championship test grade III;discipline=equestrian-para-dressage;source_url=https://en.wikipedia.org/wiki/2022_FEI_World_Championships,7.0
fei_world_championships_2022_equestrian-para-dressage_individual-para-dressage-championship-test-grade-iii_mixed,equestrian_athlete_Rebecca_Hart_USA,3,bronze,edition=FEI World Championships;event=Individual para-dressage championship test grade III;discipline=equestrian-para-dressage;source_url=https://en.wikipedia.org/wiki/2022_FEI_World_Championships,5.0
fei_world_championships_2022_equestrian-para-dressage_individual-para-dressage-championship-test-grade-iv_mixed,equestrian_athlete_Sanne_Voets_NLD,1,gold,edition=FEI World Championships;event=Individual para-dressage championship test grade IV;discipline=equestrian-para-dressage;source_url=https://en.wikipedia.org/wiki/2022_FEI_World_Championships,10.0
fei_world_championships_2022_equestrian-para-dressage_individual-para-dressage-championship-test-grade-iv_mixed,equestrian_athlete_Demi_Haerkens_NLD,2,silver,edition=FEI World Championships;event=Individual para-dressage championship test grade IV;discipline=equestrian-para-dressage;source_url=https://en.wikipedia.org/wiki/2022_FEI_World_Championships,7.0
fei_world_championships_2022_equestrian-para-dressage_individual-para-dressage-championship-test-grade-iv_mixed,equestrian_athlete_Rodolpho_Riskalla_BRA,3,bronze,edition=FEI World Championships;event=Individual para-dressage championship test grade IV;discipline=equestrian-para-dressage;source_url=https://en.wikipedia.org/wiki/2022_FEI_World_Championships,5.0
fei_world_championships_2022_equestrian-para-dressage_individual-para-dressage-championship-test-grade-v_mixed,equestrian_athlete_Michele_George_BEL,1,gold,edition=FEI World Championships;event=Individual para-dressage championship test grade V;discipline=equestrian-para-dressage;source_url=https://en.wikipedia.org/wiki/2022_FEI_World_Championships,10.0
fei_world_championships_2022_equestrian-para-dressage_individual-para-dressage-championship-test-grade-v_mixed,equestrian_athlete_Sophie_Wells_GBR,2,silver,edition=FEI World Championships;event=Individual para-dressage championship test grade V;discipline=equestrian-para-dressage;source_url=https://en.wikipedia.org/wiki/2022_FEI_World_Championships,7.0
fei_world_championships_2022_equestrian-para-dressage_individual-para-dressage-championship-test-grade-v_mixed,equestrian_athlete_Frank_Hosmar_NLD,3,bronze,edition=FEI World Championships;event=Individual para-dressage championship test grade V;discipline=equestrian-para-dressage;source_url=https://en.wikipedia.org/wiki/2022_FEI_World_Championships,5.0
fei_world_championships_2022_equestrian-para-dressage_individual-para-dressage-freestyle-test-grade-i_mixed,equestrian_athlete_Sara_Morganti_ITA,1,gold,edition=FEI World Championships;event=Individual para-dressage freestyle test grade I;discipline=equestrian-para-dressage;source_url=https://en.wikipedia.org/wiki/2022_FEI_World_Championships,10.0
fei_world_championships_2022_equestrian-para-dressage_individual-para-dressage-freestyle-test-grade-i_mixed,equestrian_athlete_Rihards_Snikus_LVA,2,silver,edition=FEI World Championships;event=Individual para-dressage freestyle test grade I;discipline=equestrian-para-dressage;source_url=https://en.wikipedia.org/wiki/2022_FEI_World_Championships,7.0
fei_world_championships_2022_equestrian-para-dressage_individual-para-dressage-freestyle-test-grade-i_mixed,equestrian_athlete_Michael_Murphy_IRL,3,bronze,edition=FEI World Championships;event=Individual para-dressage freestyle test grade I;discipline=equestrian-para-dressage;source_url=https://en.wikipedia.org/wiki/2022_FEI_World_Championships,5.0
fei_world_championships_2022_equestrian-para-dressage_individual-para-dressage-freestyle-test-grade-ii_mixed,equestrian_athlete_Katrine_Kristensen_DNK,1,gold,edition=FEI World Championships;event=Individual para-dressage freestyle test grade II;discipline=equestrian-para-dressage;source_url=https://en.wikipedia.org/wiki/2022_FEI_World_Championships,10.0
fei_world_championships_2022_equestrian-para-dressage_individual-para-dressage-freestyle-test-grade-ii_mixed,equestrian_athlete_Lee_Pearson_GBR,2,silver,edition=FEI World Championships;event=Individual para-dressage freestyle test grade II;discipline=equestrian-para-dressage;source_url=https://en.wikipedia.org/wiki/2022_FEI_World_Championships,7.0
fei_world_championships_2022_equestrian-para-dressage_individual-para-dressage-freestyle-test-grade-ii_mixed,equestrian_athlete_Georgia_Wilson_GBR,3,bronze,edition=FEI World Championships;event=Individual para-dressage freestyle test grade II;discipline=equestrian-para-dressage;source_url=https://en.wikipedia.org/wiki/2022_FEI_World_Championships,5.0
fei_world_championships_2022_equestrian-para-dressage_individual-para-dressage-freestyle-test-grade-iii_mixed,equestrian_athlete_Tobias_Jrgensen_DNK,1,gold,edition=FEI World Championships;event=Individual para-dressage freestyle test grade III;discipline=equestrian-para-dressage;source_url=https://en.wikipedia.org/wiki/2022_FEI_World_Championships,10.0
fei_world_championships_2022_equestrian-para-dressage_individual-para-dressage-freestyle-test-grade-iii_mixed,equestrian_athlete_Lotte_Krijnsen_NLD,2,silver,edition=FEI World Championships;event=Individual para-dressage freestyle test grade III;discipline=equestrian-para-dressage;source_url=https://en.wikipedia.org/wiki/2022_FEI_World_Championships,7.0
fei_world_championships_2022_equestrian-para-dressage_individual-para-dressage-freestyle-test-grade-iii_mixed,equestrian_athlete_Natasha_Baker_GBR,3,bronze,edition=FEI World Championships;event=Individual para-dressage freestyle test grade III;discipline=equestrian-para-dressage;source_url=https://en.wikipedia.org/wiki/2022_FEI_World_Championships,5.0
fei_world_championships_2022_equestrian-para-dressage_individual-para-dressage-freestyle-test-grade-iv_mixed,equestrian_athlete_Sanne_Voets_NLD,1,gold,edition=FEI World Championships;event=Individual para-dressage freestyle test grade IV;discipline=equestrian-para-dressage;source_url=https://en.wikipedia.org/wiki/2022_FEI_World_Championships,10.0
fei_world_championships_2022_equestrian-para-dressage_individual-para-dressage-freestyle-test-grade-iv_mixed,equestrian_athlete_Kate_Shoemaker_USA,2,silver,edition=FEI World Championships;event=Individual para-dressage freestyle test grade IV;discipline=equestrian-para-dressage;source_url=https://en.wikipedia.org/wiki/2022_FEI_World_Championships,7.0
fei_world_championships_2022_equestrian-para-dressage_individual-para-dressage-freestyle-test-grade-iv_mixed,equestrian_athlete_Rodolpho_Riskalla_BRA,3,bronze,edition=FEI World Championships;event=Individual para-dressage freestyle test grade IV;discipline=equestrian-para-dressage;source_url=https://en.wikipedia.org/wiki/2022_FEI_World_Championships,5.0
fei_world_championships_2022_equestrian-para-dressage_individual-para-dressage-freestyle-test-grade-v_mixed,equestrian_athlete_Michele_George_BEL,1,gold,edition=FEI World Championships;event=Individual para-dressage freestyle test grade V;discipline=equestrian-para-dressage;source_url=https://en.wikipedia.org/wiki/2022_FEI_World_Championships,10.0
fei_world_championships_2022_equestrian-para-dressage_individual-para-dressage-freestyle-test-grade-v_mixed,equestrian_athlete_Frank_Hosmar_NLD,2,silver,edition=FEI World Championships;event=Individual para-dressage freestyle test grade V;discipline=equestrian-para-dressage;source_url=https://en.wikipedia.org/wiki/2022_FEI_World_Championships,7.0
fei_world_championships_2022_equestrian-para-dressage_individual-para-dressage-freestyle-test-grade-v_mixed,equestrian_athlete_Sophie_Wells_GBR,3,bronze,edition=FEI World Championships;event=Individual para-dressage freestyle test grade V;discipline=equestrian-para-dressage;source_url=https://en.wikipedia.org/wiki/2022_FEI_World_Championships,5.0
fei_world_championships_2022_equestrian-para-dressage_team-para-dressage_mixed,equestrian_team_Netherlands_NLD,1,gold,edition=FEI World Championships;event=Team para-dressage;discipline=equestrian-para-dressage;source_url=https://en.wikipedia.org/wiki/2022_FEI_World_Championships,10.0
fei_world_championships_2022_equestrian-para-dressage_team-para-dressage_mixed,equestrian_team_Denmark_DNK,2,silver,edition=FEI World Championships;event=Team para-dressage;discipline=equestrian-para-dressage;source_url=https://en.wikipedia.org/wiki/2022_FEI_World_Championships,7.0
fei_world_championships_2022_equestrian-para-dressage_team-para-dressage_mixed,equestrian_team_United_States_USA,3,bronze,edition=FEI World Championships;event=Team para-dressage;discipline=equestrian-para-dressage;source_url=https://en.wikipedia.org/wiki/2022_FEI_World_Championships,5.0
fei_world_championships_2022_equestrian-vaulting_men-vaulting_men,equestrian_athlete_Lambert_Leclezio_FRA,1,gold,edition=FEI World Championships;event=Men's vaulting;discipline=equestrian-vaulting;source_url=https://en.wikipedia.org/wiki/2022_FEI_World_Championships,10.0
fei_world_championships_2022_equestrian-vaulting_men-vaulting_men,equestrian_athlete_Quentin_Jabet_FRA,2,silver,edition=FEI World Championships;event=Men's vaulting;discipline=equestrian-vaulting;source_url=https://en.wikipedia.org/wiki/2022_FEI_World_Championships,7.0
fei_world_championships_2022_equestrian-vaulting_men-vaulting_men,equestrian_athlete_Jannik_Heiland_DEU,3,bronze,edition=FEI World Championships;event=Men's vaulting;discipline=equestrian-vaulting;source_url=https://en.wikipedia.org/wiki/2022_FEI_World_Championships,5.0
fei_world_championships_2022_equestrian-vaulting_pas-de-deux-vaulting_mixed,equestrian_team_Chiara_Congia__Justin_van_Gerven_DEU,1,gold,edition=FEI World Championships;event=Pas-de-deux vaulting;discipline=equestrian-vaulting;source_url=https://en.wikipedia.org/wiki/2022_FEI_World_Championships,10.0
fei_world_championships_2022_equestrian-vaulting_pas-de-deux-vaulting_mixed,equestrian_team_Diana_Harwardt__Peter_Kunne_DEU,2,silver,edition=FEI World Championships;event=Pas-de-deux vaulting;discipline=equestrian-vaulting;source_url=https://en.wikipedia.org/wiki/2022_FEI_World_Championships,7.0
fei_world_championships_2022_equestrian-vaulting_pas-de-deux-vaulting_mixed,equestrian_team_Rebecca_Greggio__Davide_Zanella_ITA,3,bronze,edition=FEI World Championships;event=Pas-de-deux vaulting;discipline=equestrian-vaulting;source_url=https://en.wikipedia.org/wiki/2022_FEI_World_Championships,5.0
fei_world_championships_2022_equestrian-vaulting_squad-vaulting_mixed,equestrian_team_Germany_DEU,1,gold,edition=FEI World Championships;event=Squad vaulting;discipline=equestrian-vaulting;source_url=https://en.wikipedia.org/wiki/2022_FEI_World_Championships,10.0
fei_world_championships_2022_equestrian-vaulting_squad-vaulting_mixed,equestrian_team_France_FRA,2,silver,edition=FEI World Championships;event=Squad vaulting;discipline=equestrian-vaulting;source_url=https://en.wikipedia.org/wiki/2022_FEI_World_Championships,7.0
fei_world_championships_2022_equestrian-vaulting_squad-vaulting_mixed,equestrian_team_Switzerland_CHE,3,bronze,edition=FEI World Championships;event=Squad vaulting;discipline=equestrian-vaulting;source_url=https://en.wikipedia.org/wiki/2022_FEI_World_Championships,5.0
fei_world_championships_2022_equestrian-vaulting_team-vaulting_mixed,equestrian_team_France_FRA,1,gold,edition=FEI World Championships;event=Team vaulting;discipline=equestrian-vaulting;source_url=https://en.wikipedia.org/wiki/2022_FEI_World_Championships,10.0
fei_world_championships_2022_equestrian-vaulting_team-vaulting_mixed,equestrian_team_Denmark_DNK,2,silver,edition=FEI World Championships;event=Team vaulting;discipline=equestrian-vaulting;source_url=https://en.wikipedia.org/wiki/2022_FEI_World_Championships,7.0
fei_world_championships_2022_equestrian-vaulting_team-vaulting_mixed,equestrian_team_Austria_AUT,3,bronze,edition=FEI World Championships;event=Team vaulting;discipline=equestrian-vaulting;source_url=https://en.wikipedia.org/wiki/2022_FEI_World_Championships,5.0
fei_world_championships_2022_equestrian-vaulting_women-vaulting_women,equestrian_athlete_Manon_Moutinho_FRA,1,gold,edition=FEI World Championships;event=Women's vaulting;discipline=equestrian-vaulting;source_url=https://en.wikipedia.org/wiki/2022_FEI_World_Championships,10.0
fei_world_championships_2022_equestrian-vaulting_women-vaulting_women,equestrian_athlete_Julia_Sophie_Wagner_DEU,2,silver,edition=FEI World Championships;event=Women's vaulting;discipline=equestrian-vaulting;source_url=https://en.wikipedia.org/wiki/2022_FEI_World_Championships,7.0
fei_world_championships_2022_equestrian-vaulting_women-vaulting_women,equestrian_athlete_Sheena_Bendixen_DNK,3,bronze,edition=FEI World Championships;event=Women's vaulting;discipline=equestrian-vaulting;source_url=https://en.wikipedia.org/wiki/2022_FEI_World_Championships,5.0
