competition_id,competition_name,year,event_date,discipline_key,discipline_name,event_key,event_name,gender,rank,medal,participant_type,participant_name,country_name,country_code,source_url
uci_mountain_bike_world_championships,UCI Mountain Bike World Championships,2001,2001-09-01,cycling-mountain-bike-downhill,Mountain Bike Downhill,downhill,Men Elite Downhill,men,1,gold,athlete,Nicolas Vouilloz,France,FRA,https://en.wikipedia.org/wiki/UCI_Mountain_Bike_%26_Trials_World_Championships_%E2%80%93_Men%27s_downhill
uci_mountain_bike_world_championships,UCI Mountain Bike World Championships,2001,2001-09-01,cycling-mountain-bike-downhill,Mountain Bike Downhill,downhill,Men Elite Downhill,men,2,silver,athlete,Steve Peat,Great Britain,GBR,https://en.wikipedia.org/wiki/UCI_Mountain_Bike_%26_Trials_World_Championships_%E2%80%93_Men%27s_downhill
uci_mountain_bike_world_championships,UCI Mountain Bike World Championships,2001,2001-09-01,cycling-mountain-bike-downhill,Mountain Bike Downhill,downhill,Men Elite Downhill,men,3,bronze,athlete,Greg Minnaar,South Africa,ZAF,https://en.wikipedia.org/wiki/UCI_Mountain_Bike_%26_Trials_World_Championships_%E2%80%93_Men%27s_downhill
uci_mountain_bike_world_championships,UCI Mountain Bike World Championships,2001,2001-09-01,cycling-mountain-bike-downhill,Mountain Bike Downhill,downhill,Women Elite Downhill,women,1,gold,athlete,Anne-Caroline Chausson,France,FRA,https://en.wikipedia.org/wiki/UCI_Mountain_Bike_%26_Trials_World_Championships_%E2%80%93_Women%27s_downhill
uci_mountain_bike_world_championships,UCI Mountain Bike World Championships,2001,2001-09-01,cycling-mountain-bike-downhill,Mountain Bike Downhill,downhill,Women Elite Downhill,women,2,silver,athlete,Fionn Griffiths,Great Britain,GBR,https://en.wikipedia.org/wiki/UCI_Mountain_Bike_%26_Trials_World_Championships_%E2%80%93_Women%27s_downhill
uci_mountain_bike_world_championships,UCI Mountain Bike World Championships,2001,2001-09-01,cycling-mountain-bike-downhill,Mountain Bike Downhill,downhill,Women Elite Downhill,women,3,bronze,athlete,Leigh Donovan,United States,USA,https://en.wikipedia.org/wiki/UCI_Mountain_Bike_%26_Trials_World_Championships_%E2%80%93_Women%27s_downhill
uci_mountain_bike_world_championships,UCI Mountain Bike World Championships,2001,2001-09-01,cycling-mountain-bike-cross-country,Mountain Bike Cross-country,xco,Men Elite Cross-country,men,1,gold,athlete,Roland Green,Canada,CAN,https://en.wikipedia.org/wiki/UCI_Mountain_Bike_%26_Trials_World_Championships_%E2%80%93_Men%27s_cross-country
uci_mountain_bike_world_championships,UCI Mountain Bike World Championships,2001,2001-09-01,cycling-mountain-bike-cross-country,Mountain Bike Cross-country,xco,Men Elite Cross-country,men,2,silver,athlete,Thomas Frischknecht,Switzerland,CHE,https://en.wikipedia.org/wiki/UCI_Mountain_Bike_%26_Trials_World_Championships_%E2%80%93_Men%27s_cross-country
uci_mountain_bike_world_championships,UCI Mountain Bike World Championships,2001,2001-09-01,cycling-mountain-bike-cross-country,Mountain Bike Cross-country,xco,Men Elite Cross-country,men,3,bronze,athlete,Christoph Sauser,Switzerland,CHE,https://en.wikipedia.org/wiki/UCI_Mountain_Bike_%26_Trials_World_Championships_%E2%80%93_Men%27s_cross-country
uci_mountain_bike_world_championships,UCI Mountain Bike World Championships,2001,2001-09-01,cycling-mountain-bike-cross-country,Mountain Bike Cross-country,xco,Women Elite Cross-country,women,1,gold,athlete,Alison Dunlap,United States,USA,https://en.wikipedia.org/wiki/UCI_Mountain_Bike_%26_Trials_World_Championships_%E2%80%93_Women%27s_cross-country
uci_mountain_bike_world_championships,UCI Mountain Bike World Championships,2001,2001-09-01,cycling-mountain-bike-cross-country,Mountain Bike Cross-country,xco,Women Elite Cross-country,women,2,silver,athlete,Alison Sydor,Canada,CAN,https://en.wikipedia.org/wiki/UCI_Mountain_Bike_%26_Trials_World_Championships_%E2%80%93_Women%27s_cross-country
uci_mountain_bike_world_championships,UCI Mountain Bike World Championships,2001,2001-09-01,cycling-mountain-bike-cross-country,Mountain Bike Cross-country,xco,Women Elite Cross-country,women,3,bronze,athlete,Sabine Spitz,Germany,DEU,https://en.wikipedia.org/wiki/UCI_Mountain_Bike_%26_Trials_World_Championships_%E2%80%93_Women%27s_cross-country
uci_mountain_bike_world_championships,UCI Mountain Bike World Championships,2002,2002-09-01,cycling-mountain-bike-downhill,Mountain Bike Downhill,downhill,Men Elite Downhill,men,1,gold,athlete,Nicolas Vouilloz,France,FRA,https://en.wikipedia.org/wiki/UCI_Mountain_Bike_%26_Trials_World_Championships_%E2%80%93_Men%27s_downhill
uci_mountain_bike_world_championships,UCI Mountain Bike World Championships,2002,2002-09-01,cycling-mountain-bike-downhill,Mountain Bike Downhill,downhill,Men Elite Downhill,men,2,silver,athlete,Steve Peat,Great Britain,GBR,https://en.wikipedia.org/wiki/UCI_Mountain_Bike_%26_Trials_World_Championships_%E2%80%93_Men%27s_downhill
uci_mountain_bike_world_championships,UCI Mountain Bike World Championships,2002,2002-09-01,cycling-mountain-bike-downhill,Mountain Bike Downhill,downhill,Men Elite Downhill,men,3,bronze,athlete,Chris Kovarik,Australia,AUS,https://en.wikipedia.org/wiki/UCI_Mountain_Bike_%26_Trials_World_Championships_%E2%80%93_Men%27s_downhill
uci_mountain_bike_world_championships,UCI Mountain Bike World Championships,2002,2002-09-01,cycling-mountain-bike-downhill,Mountain Bike Downhill,downhill,Women Elite Downhill,women,1,gold,athlete,Anne-Caroline Chausson,France,FRA,https://en.wikipedia.org/wiki/UCI_Mountain_Bike_%26_Trials_World_Championships_%E2%80%93_Women%27s_downhill
uci_mountain_bike_world_championships,UCI Mountain Bike World Championships,2002,2002-09-01,cycling-mountain-bike-downhill,Mountain Bike Downhill,downhill,Women Elite Downhill,women,2,silver,athlete,Fionn Griffiths,Great Britain,GBR,https://en.wikipedia.org/wiki/UCI_Mountain_Bike_%26_Trials_World_Championships_%E2%80%93_Women%27s_downhill
uci_mountain_bike_world_championships,UCI Mountain Bike World Championships,2002,2002-09-01,cycling-mountain-bike-downhill,Mountain Bike Downhill,downhill,Women Elite Downhill,women,3,bronze,athlete,Missy Giove,United States,USA,https://en.wikipedia.org/wiki/UCI_Mountain_Bike_%26_Trials_World_Championships_%E2%80%93_Women%27s_downhill
uci_mountain_bike_world_championships,UCI Mountain Bike World Championships,2002,2002-09-01,cycling-mountain-bike-cross-country,Mountain Bike Cross-country,xco,Men Elite Cross-country,men,1,gold,athlete,Roland Green,Canada,CAN,https://en.wikipedia.org/wiki/UCI_Mountain_Bike_%26_Trials_World_Championships_%E2%80%93_Men%27s_cross-country
uci_mountain_bike_world_championships,UCI Mountain Bike World Championships,2002,2002-09-01,cycling-mountain-bike-cross-country,Mountain Bike Cross-country,xco,Men Elite Cross-country,men,2,silver,athlete,Filip Meirhaeghe,Belgium,BEL,https://en.wikipedia.org/wiki/UCI_Mountain_Bike_%26_Trials_World_Championships_%E2%80%93_Men%27s_cross-country
uci_mountain_bike_world_championships,UCI Mountain Bike World Championships,2002,2002-09-01,cycling-mountain-bike-cross-country,Mountain Bike Cross-country,xco,Men Elite Cross-country,men,3,bronze,athlete,Thomas Frischknecht,Switzerland,CHE,https://en.wikipedia.org/wiki/UCI_Mountain_Bike_%26_Trials_World_Championships_%E2%80%93_Men%27s_cross-country
uci_mountain_bike_world_championships,UCI Mountain Bike World Championships,2002,2002-09-01,cycling-mountain-bike-cross-country,Mountain Bike Cross-country,xco,Women Elite Cross-country,women,1,gold,athlete,Gunn-Rita Dahle Flesjå,Norway,NOR,https://en.wikipedia.org/wiki/UCI_Mountain_Bike_%26_Trials_World_Championships_%E2%80%93_Women%27s_cross-country
uci_mountain_bike_world_championships,UCI Mountain Bike World Championships,2002,2002-09-01,cycling-mountain-bike-cross-country,Mountain Bike Cross-country,xco,Women Elite Cross-country,women,2,silver,athlete,Anna Szafraniec,Poland,POL,https://en.wikipedia.org/wiki/UCI_Mountain_Bike_%26_Trials_World_Championships_%E2%80%93_Women%27s_cross-country
uci_mountain_bike_world_championships,UCI Mountain Bike World Championships,2002,2002-09-01,cycling-mountain-bike-cross-country,Mountain Bike Cross-country,xco,Women Elite Cross-country,women,3,bronze,athlete,Sabine Spitz,Germany,DEU,https://en.wikipedia.org/wiki/UCI_Mountain_Bike_%26_Trials_World_Championships_%E2%80%93_Women%27s_cross-country
uci_mountain_bike_world_championships,UCI Mountain Bike World Championships,2003,2003-09-01,cycling-mountain-bike-downhill,Mountain Bike Downhill,downhill,Men Elite Downhill,men,1,gold,athlete,Greg Minnaar,South Africa,ZAF,https://en.wikipedia.org/wiki/UCI_Mountain_Bike_%26_Trials_World_Championships_%E2%80%93_Men%27s_downhill
uci_mountain_bike_world_championships,UCI Mountain Bike World Championships,2003,2003-09-01,cycling-mountain-bike-downhill,Mountain Bike Downhill,downhill,Men Elite Downhill,men,2,silver,athlete,Mickaël Pascal,France,FRA,https://en.wikipedia.org/wiki/UCI_Mountain_Bike_%26_Trials_World_Championships_%E2%80%93_Men%27s_downhill
uci_mountain_bike_world_championships,UCI Mountain Bike World Championships,2003,2003-09-01,cycling-mountain-bike-downhill,Mountain Bike Downhill,downhill,Men Elite Downhill,men,3,bronze,athlete,Fabien Barel,France,FRA,https://en.wikipedia.org/wiki/UCI_Mountain_Bike_%26_Trials_World_Championships_%E2%80%93_Men%27s_downhill
uci_mountain_bike_world_championships,UCI Mountain Bike World Championships,2003,2003-09-01,cycling-mountain-bike-downhill,Mountain Bike Downhill,downhill,Women Elite Downhill,women,1,gold,athlete,Anne-Caroline Chausson,France,FRA,https://en.wikipedia.org/wiki/UCI_Mountain_Bike_%26_Trials_World_Championships_%E2%80%93_Women%27s_downhill
uci_mountain_bike_world_championships,UCI Mountain Bike World Championships,2003,2003-09-01,cycling-mountain-bike-downhill,Mountain Bike Downhill,downhill,Women Elite Downhill,women,2,silver,athlete,Sabrina Jonnier,France,FRA,https://en.wikipedia.org/wiki/UCI_Mountain_Bike_%26_Trials_World_Championships_%E2%80%93_Women%27s_downhill
uci_mountain_bike_world_championships,UCI Mountain Bike World Championships,2003,2003-09-01,cycling-mountain-bike-downhill,Mountain Bike Downhill,downhill,Women Elite Downhill,women,3,bronze,athlete,Nolvenn Le Caer,France,FRA,https://en.wikipedia.org/wiki/UCI_Mountain_Bike_%26_Trials_World_Championships_%E2%80%93_Women%27s_downhill
uci_mountain_bike_world_championships,UCI Mountain Bike World Championships,2003,2003-09-01,cycling-mountain-bike-cross-country,Mountain Bike Cross-country,xco,Men Elite Cross-country,men,1,gold,athlete,Filip Meirhaeghe,Belgium,BEL,https://en.wikipedia.org/wiki/UCI_Mountain_Bike_%26_Trials_World_Championships_%E2%80%93_Men%27s_cross-country
uci_mountain_bike_world_championships,UCI Mountain Bike World Championships,2003,2003-09-01,cycling-mountain-bike-cross-country,Mountain Bike Cross-country,xco,Men Elite Cross-country,men,2,silver,athlete,Ryder Hesjedal,Canada,CAN,https://en.wikipedia.org/wiki/UCI_Mountain_Bike_%26_Trials_World_Championships_%E2%80%93_Men%27s_cross-country
uci_mountain_bike_world_championships,UCI Mountain Bike World Championships,2003,2003-09-01,cycling-mountain-bike-cross-country,Mountain Bike Cross-country,xco,Men Elite Cross-country,men,3,bronze,athlete,Roel Paulissen,Belgium,BEL,https://en.wikipedia.org/wiki/UCI_Mountain_Bike_%26_Trials_World_Championships_%E2%80%93_Men%27s_cross-country
uci_mountain_bike_world_championships,UCI Mountain Bike World Championships,2003,2003-09-01,cycling-mountain-bike-cross-country,Mountain Bike Cross-country,xco,Women Elite Cross-country,women,1,gold,athlete,Sabine Spitz,Germany,DEU,https://en.wikipedia.org/wiki/UCI_Mountain_Bike_%26_Trials_World_Championships_%E2%80%93_Women%27s_cross-country
uci_mountain_bike_world_championships,UCI Mountain Bike World Championships,2003,2003-09-01,cycling-mountain-bike-cross-country,Mountain Bike Cross-country,xco,Women Elite Cross-country,women,2,silver,athlete,Alison Sydor,Canada,CAN,https://en.wikipedia.org/wiki/UCI_Mountain_Bike_%26_Trials_World_Championships_%E2%80%93_Women%27s_cross-country
uci_mountain_bike_world_championships,UCI Mountain Bike World Championships,2003,2003-09-01,cycling-mountain-bike-cross-country,Mountain Bike Cross-country,xco,Women Elite Cross-country,women,3,bronze,athlete,Irina Kalentieva,Russia,RUS,https://en.wikipedia.org/wiki/UCI_Mountain_Bike_%26_Trials_World_Championships_%E2%80%93_Women%27s_cross-country
uci_mountain_bike_world_championships,UCI Mountain Bike World Championships,2004,2004-09-01,cycling-mountain-bike-downhill,Mountain Bike Downhill,downhill,Men Elite Downhill,men,1,gold,athlete,Fabien Barel,France,FRA,https://en.wikipedia.org/wiki/UCI_Mountain_Bike_%26_Trials_World_Championships_%E2%80%93_Men%27s_downhill
uci_mountain_bike_world_championships,UCI Mountain Bike World Championships,2004,2004-09-01,cycling-mountain-bike-downhill,Mountain Bike Downhill,downhill,Men Elite Downhill,men,2,silver,athlete,Greg Minnaar,South Africa,ZAF,https://en.wikipedia.org/wiki/UCI_Mountain_Bike_%26_Trials_World_Championships_%E2%80%93_Men%27s_downhill
uci_mountain_bike_world_championships,UCI Mountain Bike World Championships,2004,2004-09-01,cycling-mountain-bike-downhill,Mountain Bike Downhill,downhill,Men Elite Downhill,men,3,bronze,athlete,Sam Hill,Australia,AUS,https://en.wikipedia.org/wiki/UCI_Mountain_Bike_%26_Trials_World_Championships_%E2%80%93_Men%27s_downhill
uci_mountain_bike_world_championships,UCI Mountain Bike World Championships,2004,2004-09-01,cycling-mountain-bike-downhill,Mountain Bike Downhill,downhill,Women Elite Downhill,women,1,gold,athlete,Vanessa Quin,New Zealand,NZL,https://en.wikipedia.org/wiki/UCI_Mountain_Bike_%26_Trials_World_Championships_%E2%80%93_Women%27s_downhill
uci_mountain_bike_world_championships,UCI Mountain Bike World Championships,2004,2004-09-01,cycling-mountain-bike-downhill,Mountain Bike Downhill,downhill,Women Elite Downhill,women,2,silver,athlete,Mio Suemasa,Japan,JPN,https://en.wikipedia.org/wiki/UCI_Mountain_Bike_%26_Trials_World_Championships_%E2%80%93_Women%27s_downhill
uci_mountain_bike_world_championships,UCI Mountain Bike World Championships,2004,2004-09-01,cycling-mountain-bike-downhill,Mountain Bike Downhill,downhill,Women Elite Downhill,women,3,bronze,athlete,Celine Gros,France,FRA,https://en.wikipedia.org/wiki/UCI_Mountain_Bike_%26_Trials_World_Championships_%E2%80%93_Women%27s_downhill
uci_mountain_bike_world_championships,UCI Mountain Bike World Championships,2004,2004-09-01,cycling-mountain-bike-cross-country,Mountain Bike Cross-country,xco,Men Elite Cross-country,men,1,gold,athlete,Julien Absalon,France,FRA,https://en.wikipedia.org/wiki/UCI_Mountain_Bike_%26_Trials_World_Championships_%E2%80%93_Men%27s_cross-country
uci_mountain_bike_world_championships,UCI Mountain Bike World Championships,2004,2004-09-01,cycling-mountain-bike-cross-country,Mountain Bike Cross-country,xco,Men Elite Cross-country,men,2,silver,athlete,Cédric Ravanel,France,FRA,https://en.wikipedia.org/wiki/UCI_Mountain_Bike_%26_Trials_World_Championships_%E2%80%93_Men%27s_cross-country
uci_mountain_bike_world_championships,UCI Mountain Bike World Championships,2004,2004-09-01,cycling-mountain-bike-cross-country,Mountain Bike Cross-country,xco,Men Elite Cross-country,men,3,bronze,athlete,Thomas Frischknecht,Switzerland,CHE,https://en.wikipedia.org/wiki/UCI_Mountain_Bike_%26_Trials_World_Championships_%E2%80%93_Men%27s_cross-country
uci_mountain_bike_world_championships,UCI Mountain Bike World Championships,2004,2004-09-01,cycling-mountain-bike-cross-country,Mountain Bike Cross-country,xco,Women Elite Cross-country,women,1,gold,athlete,Gunn-Rita Dahle Flesjå,Norway,NOR,https://en.wikipedia.org/wiki/UCI_Mountain_Bike_%26_Trials_World_Championships_%E2%80%93_Women%27s_cross-country
uci_mountain_bike_world_championships,UCI Mountain Bike World Championships,2004,2004-09-01,cycling-mountain-bike-cross-country,Mountain Bike Cross-country,xco,Women Elite Cross-country,women,2,silver,athlete,Maja Włoszczowska,Poland,POL,https://en.wikipedia.org/wiki/UCI_Mountain_Bike_%26_Trials_World_Championships_%E2%80%93_Women%27s_cross-country
uci_mountain_bike_world_championships,UCI Mountain Bike World Championships,2004,2004-09-01,cycling-mountain-bike-cross-country,Mountain Bike Cross-country,xco,Women Elite Cross-country,women,3,bronze,athlete,Alison Sydor,Canada,CAN,https://en.wikipedia.org/wiki/UCI_Mountain_Bike_%26_Trials_World_Championships_%E2%80%93_Women%27s_cross-country
uci_mountain_bike_world_championships,UCI Mountain Bike World Championships,2005,2005-09-01,cycling-mountain-bike-downhill,Mountain Bike Downhill,downhill,Men Elite Downhill,men,1,gold,athlete,Fabien Barel,France,FRA,https://en.wikipedia.org/wiki/UCI_Mountain_Bike_%26_Trials_World_Championships_%E2%80%93_Men%27s_downhill
uci_mountain_bike_world_championships,UCI Mountain Bike World Championships,2005,2005-09-01,cycling-mountain-bike-downhill,Mountain Bike Downhill,downhill,Men Elite Downhill,men,2,silver,athlete,Sam Hill,Australia,AUS,https://en.wikipedia.org/wiki/UCI_Mountain_Bike_%26_Trials_World_Championships_%E2%80%93_Men%27s_downhill
uci_mountain_bike_world_championships,UCI Mountain Bike World Championships,2005,2005-09-01,cycling-mountain-bike-downhill,Mountain Bike Downhill,downhill,Men Elite Downhill,men,3,bronze,athlete,Greg Minnaar,South Africa,ZAF,https://en.wikipedia.org/wiki/UCI_Mountain_Bike_%26_Trials_World_Championships_%E2%80%93_Men%27s_downhill
uci_mountain_bike_world_championships,UCI Mountain Bike World Championships,2005,2005-09-01,cycling-mountain-bike-downhill,Mountain Bike Downhill,downhill,Women Elite Downhill,women,1,gold,athlete,Anne-Caroline Chausson,France,FRA,https://en.wikipedia.org/wiki/UCI_Mountain_Bike_%26_Trials_World_Championships_%E2%80%93_Women%27s_downhill
uci_mountain_bike_world_championships,UCI Mountain Bike World Championships,2005,2005-09-01,cycling-mountain-bike-downhill,Mountain Bike Downhill,downhill,Women Elite Downhill,women,2,silver,athlete,Sabrina Jonnier,France,FRA,https://en.wikipedia.org/wiki/UCI_Mountain_Bike_%26_Trials_World_Championships_%E2%80%93_Women%27s_downhill
uci_mountain_bike_world_championships,UCI Mountain Bike World Championships,2005,2005-09-01,cycling-mountain-bike-downhill,Mountain Bike Downhill,downhill,Women Elite Downhill,women,3,bronze,athlete,Emmeline Ragot,France,FRA,https://en.wikipedia.org/wiki/UCI_Mountain_Bike_%26_Trials_World_Championships_%E2%80%93_Women%27s_downhill
uci_mountain_bike_world_championships,UCI Mountain Bike World Championships,2005,2005-09-01,cycling-mountain-bike-cross-country,Mountain Bike Cross-country,xco,Men Elite Cross-country,men,1,gold,athlete,Julien Absalon,France,FRA,https://en.wikipedia.org/wiki/UCI_Mountain_Bike_%26_Trials_World_Championships_%E2%80%93_Men%27s_cross-country
uci_mountain_bike_world_championships,UCI Mountain Bike World Championships,2005,2005-09-01,cycling-mountain-bike-cross-country,Mountain Bike Cross-country,xco,Men Elite Cross-country,men,2,silver,athlete,Christoph Sauser,Switzerland,CHE,https://en.wikipedia.org/wiki/UCI_Mountain_Bike_%26_Trials_World_Championships_%E2%80%93_Men%27s_cross-country
uci_mountain_bike_world_championships,UCI Mountain Bike World Championships,2005,2005-09-01,cycling-mountain-bike-cross-country,Mountain Bike Cross-country,xco,Men Elite Cross-country,men,3,bronze,athlete,José Antonio Hermida,Spain,ESP,https://en.wikipedia.org/wiki/UCI_Mountain_Bike_%26_Trials_World_Championships_%E2%80%93_Men%27s_cross-country
uci_mountain_bike_world_championships,UCI Mountain Bike World Championships,2005,2005-09-01,cycling-mountain-bike-cross-country,Mountain Bike Cross-country,xco,Women Elite Cross-country,women,1,gold,athlete,Gunn-Rita Dahle Flesjå,Norway,NOR,https://en.wikipedia.org/wiki/UCI_Mountain_Bike_%26_Trials_World_Championships_%E2%80%93_Women%27s_cross-country
uci_mountain_bike_world_championships,UCI Mountain Bike World Championships,2005,2005-09-01,cycling-mountain-bike-cross-country,Mountain Bike Cross-country,xco,Women Elite Cross-country,women,2,silver,athlete,Maja Włoszczowska,Poland,POL,https://en.wikipedia.org/wiki/UCI_Mountain_Bike_%26_Trials_World_Championships_%E2%80%93_Women%27s_cross-country
uci_mountain_bike_world_championships,UCI Mountain Bike World Championships,2005,2005-09-01,cycling-mountain-bike-cross-country,Mountain Bike Cross-country,xco,Women Elite Cross-country,women,3,bronze,athlete,Petra Henzi,Switzerland,CHE,https://en.wikipedia.org/wiki/UCI_Mountain_Bike_%26_Trials_World_Championships_%E2%80%93_Women%27s_cross-country
uci_mountain_bike_world_championships,UCI Mountain Bike World Championships,2006,2006-09-01,cycling-mountain-bike-downhill,Mountain Bike Downhill,downhill,Men Elite Downhill,men,1,gold,athlete,Sam Hill,Australia,AUS,https://en.wikipedia.org/wiki/UCI_Mountain_Bike_%26_Trials_World_Championships_%E2%80%93_Men%27s_downhill
uci_mountain_bike_world_championships,UCI Mountain Bike World Championships,2006,2006-09-01,cycling-mountain-bike-downhill,Mountain Bike Downhill,downhill,Men Elite Downhill,men,2,silver,athlete,Greg Minnaar,South Africa,ZAF,https://en.wikipedia.org/wiki/UCI_Mountain_Bike_%26_Trials_World_Championships_%E2%80%93_Men%27s_downhill
uci_mountain_bike_world_championships,UCI Mountain Bike World Championships,2006,2006-09-01,cycling-mountain-bike-downhill,Mountain Bike Downhill,downhill,Men Elite Downhill,men,3,bronze,athlete,Nathan Rennie,Australia,AUS,https://en.wikipedia.org/wiki/UCI_Mountain_Bike_%26_Trials_World_Championships_%E2%80%93_Men%27s_downhill
uci_mountain_bike_world_championships,UCI Mountain Bike World Championships,2006,2006-09-01,cycling-mountain-bike-downhill,Mountain Bike Downhill,downhill,Women Elite Downhill,women,1,gold,athlete,Sabrina Jonnier,France,FRA,https://en.wikipedia.org/wiki/UCI_Mountain_Bike_%26_Trials_World_Championships_%E2%80%93_Women%27s_downhill
uci_mountain_bike_world_championships,UCI Mountain Bike World Championships,2006,2006-09-01,cycling-mountain-bike-downhill,Mountain Bike Downhill,downhill,Women Elite Downhill,women,2,silver,athlete,Tracy Moseley,Great Britain,GBR,https://en.wikipedia.org/wiki/UCI_Mountain_Bike_%26_Trials_World_Championships_%E2%80%93_Women%27s_downhill
uci_mountain_bike_world_championships,UCI Mountain Bike World Championships,2006,2006-09-01,cycling-mountain-bike-downhill,Mountain Bike Downhill,downhill,Women Elite Downhill,women,3,bronze,athlete,Rachel Atherton,Great Britain,GBR,https://en.wikipedia.org/wiki/UCI_Mountain_Bike_%26_Trials_World_Championships_%E2%80%93_Women%27s_downhill
uci_mountain_bike_world_championships,UCI Mountain Bike World Championships,2006,2006-09-01,cycling-mountain-bike-cross-country,Mountain Bike Cross-country,xco,Men Elite Cross-country,men,1,gold,athlete,Julien Absalon,France,FRA,https://en.wikipedia.org/wiki/UCI_Mountain_Bike_%26_Trials_World_Championships_%E2%80%93_Men%27s_cross-country
uci_mountain_bike_world_championships,UCI Mountain Bike World Championships,2006,2006-09-01,cycling-mountain-bike-cross-country,Mountain Bike Cross-country,xco,Men Elite Cross-country,men,2,silver,athlete,Christoph Sauser,Switzerland,CHE,https://en.wikipedia.org/wiki/UCI_Mountain_Bike_%26_Trials_World_Championships_%E2%80%93_Men%27s_cross-country
uci_mountain_bike_world_championships,UCI Mountain Bike World Championships,2006,2006-09-01,cycling-mountain-bike-cross-country,Mountain Bike Cross-country,xco,Men Elite Cross-country,men,3,bronze,athlete,Fredrik Kessiakoff,Sweden,SWE,https://en.wikipedia.org/wiki/UCI_Mountain_Bike_%26_Trials_World_Championships_%E2%80%93_Men%27s_cross-country
uci_mountain_bike_world_championships,UCI Mountain Bike World Championships,2006,2006-09-01,cycling-mountain-bike-cross-country,Mountain Bike Cross-country,xco,Women Elite Cross-country,women,1,gold,athlete,Gunn-Rita Dahle Flesjå,Norway,NOR,https://en.wikipedia.org/wiki/UCI_Mountain_Bike_%26_Trials_World_Championships_%E2%80%93_Women%27s_cross-country
uci_mountain_bike_world_championships,UCI Mountain Bike World Championships,2006,2006-09-01,cycling-mountain-bike-cross-country,Mountain Bike Cross-country,xco,Women Elite Cross-country,women,2,silver,athlete,Irina Kalentieva,Russia,RUS,https://en.wikipedia.org/wiki/UCI_Mountain_Bike_%26_Trials_World_Championships_%E2%80%93_Women%27s_cross-country
uci_mountain_bike_world_championships,UCI Mountain Bike World Championships,2006,2006-09-01,cycling-mountain-bike-cross-country,Mountain Bike Cross-country,xco,Women Elite Cross-country,women,3,bronze,athlete,Marie-Hélène Prémont,Canada,CAN,https://en.wikipedia.org/wiki/UCI_Mountain_Bike_%26_Trials_World_Championships_%E2%80%93_Women%27s_cross-country
uci_mountain_bike_world_championships,UCI Mountain Bike World Championships,2007,2007-09-01,cycling-mountain-bike-downhill,Mountain Bike Downhill,downhill,Men Elite Downhill,men,1,gold,athlete,Sam Hill,Australia,AUS,https://en.wikipedia.org/wiki/UCI_Mountain_Bike_%26_Trials_World_Championships_%E2%80%93_Men%27s_downhill
uci_mountain_bike_world_championships,UCI Mountain Bike World Championships,2007,2007-09-01,cycling-mountain-bike-downhill,Mountain Bike Downhill,downhill,Men Elite Downhill,men,2,silver,athlete,Fabien Barel,France,FRA,https://en.wikipedia.org/wiki/UCI_Mountain_Bike_%26_Trials_World_Championships_%E2%80%93_Men%27s_downhill
uci_mountain_bike_world_championships,UCI Mountain Bike World Championships,2007,2007-09-01,cycling-mountain-bike-downhill,Mountain Bike Downhill,downhill,Men Elite Downhill,men,3,bronze,athlete,Gee Atherton,Great Britain,GBR,https://en.wikipedia.org/wiki/UCI_Mountain_Bike_%26_Trials_World_Championships_%E2%80%93_Men%27s_downhill
uci_mountain_bike_world_championships,UCI Mountain Bike World Championships,2007,2007-09-01,cycling-mountain-bike-downhill,Mountain Bike Downhill,downhill,Women Elite Downhill,women,1,gold,athlete,Sabrina Jonnier,France,FRA,https://en.wikipedia.org/wiki/UCI_Mountain_Bike_%26_Trials_World_Championships_%E2%80%93_Women%27s_downhill
uci_mountain_bike_world_championships,UCI Mountain Bike World Championships,2007,2007-09-01,cycling-mountain-bike-downhill,Mountain Bike Downhill,downhill,Women Elite Downhill,women,2,silver,athlete,Rachel Atherton,Great Britain,GBR,https://en.wikipedia.org/wiki/UCI_Mountain_Bike_%26_Trials_World_Championships_%E2%80%93_Women%27s_downhill
uci_mountain_bike_world_championships,UCI Mountain Bike World Championships,2007,2007-09-01,cycling-mountain-bike-downhill,Mountain Bike Downhill,downhill,Women Elite Downhill,women,3,bronze,athlete,Tracey Hannah,Australia,AUS,https://en.wikipedia.org/wiki/UCI_Mountain_Bike_%26_Trials_World_Championships_%E2%80%93_Women%27s_downhill
uci_mountain_bike_world_championships,UCI Mountain Bike World Championships,2007,2007-09-01,cycling-mountain-bike-cross-country,Mountain Bike Cross-country,xco,Men Elite Cross-country,men,1,gold,athlete,Julien Absalon,France,FRA,https://en.wikipedia.org/wiki/UCI_Mountain_Bike_%26_Trials_World_Championships_%E2%80%93_Men%27s_cross-country
uci_mountain_bike_world_championships,UCI Mountain Bike World Championships,2007,2007-09-01,cycling-mountain-bike-cross-country,Mountain Bike Cross-country,xco,Men Elite Cross-country,men,2,silver,athlete,Ralph Näf,Switzerland,CHE,https://en.wikipedia.org/wiki/UCI_Mountain_Bike_%26_Trials_World_Championships_%E2%80%93_Men%27s_cross-country
uci_mountain_bike_world_championships,UCI Mountain Bike World Championships,2007,2007-09-01,cycling-mountain-bike-cross-country,Mountain Bike Cross-country,xco,Men Elite Cross-country,men,3,bronze,athlete,Florian Vogel,Switzerland,CHE,https://en.wikipedia.org/wiki/UCI_Mountain_Bike_%26_Trials_World_Championships_%E2%80%93_Men%27s_cross-country
uci_mountain_bike_world_championships,UCI Mountain Bike World Championships,2007,2007-09-01,cycling-mountain-bike-cross-country,Mountain Bike Cross-country,xco,Women Elite Cross-country,women,1,gold,athlete,Irina Kalentieva,Russia,RUS,https://en.wikipedia.org/wiki/UCI_Mountain_Bike_%26_Trials_World_Championships_%E2%80%93_Women%27s_cross-country
uci_mountain_bike_world_championships,UCI Mountain Bike World Championships,2007,2007-09-01,cycling-mountain-bike-cross-country,Mountain Bike Cross-country,xco,Women Elite Cross-country,women,2,silver,athlete,Sabine Spitz,Germany,DEU,https://en.wikipedia.org/wiki/UCI_Mountain_Bike_%26_Trials_World_Championships_%E2%80%93_Women%27s_cross-country
uci_mountain_bike_world_championships,UCI Mountain Bike World Championships,2007,2007-09-01,cycling-mountain-bike-cross-country,Mountain Bike Cross-country,xco,Women Elite Cross-country,women,3,bronze,athlete,Jingjing Wang,China,CHN,https://en.wikipedia.org/wiki/UCI_Mountain_Bike_%26_Trials_World_Championships_%E2%80%93_Women%27s_cross-country
uci_mountain_bike_world_championships,UCI Mountain Bike World Championships,2008,2008-09-01,cycling-mountain-bike-downhill,Mountain Bike Downhill,downhill,Men Elite Downhill,men,1,gold,athlete,Gee Atherton,Great Britain,GBR,https://en.wikipedia.org/wiki/UCI_Mountain_Bike_%26_Trials_World_Championships_%E2%80%93_Men%27s_downhill
uci_mountain_bike_world_championships,UCI Mountain Bike World Championships,2008,2008-09-01,cycling-mountain-bike-downhill,Mountain Bike Downhill,downhill,Men Elite Downhill,men,2,silver,athlete,Steve Peat,Great Britain,GBR,https://en.wikipedia.org/wiki/UCI_Mountain_Bike_%26_Trials_World_Championships_%E2%80%93_Men%27s_downhill
uci_mountain_bike_world_championships,UCI Mountain Bike World Championships,2008,2008-09-01,cycling-mountain-bike-downhill,Mountain Bike Downhill,downhill,Men Elite Downhill,men,3,bronze,athlete,Sam Hill,Australia,AUS,https://en.wikipedia.org/wiki/UCI_Mountain_Bike_%26_Trials_World_Championships_%E2%80%93_Men%27s_downhill
uci_mountain_bike_world_championships,UCI Mountain Bike World Championships,2008,2008-09-01,cycling-mountain-bike-downhill,Mountain Bike Downhill,downhill,Women Elite Downhill,women,1,gold,athlete,Rachel Atherton,Great Britain,GBR,https://en.wikipedia.org/wiki/UCI_Mountain_Bike_%26_Trials_World_Championships_%E2%80%93_Women%27s_downhill
uci_mountain_bike_world_championships,UCI Mountain Bike World Championships,2008,2008-09-01,cycling-mountain-bike-downhill,Mountain Bike Downhill,downhill,Women Elite Downhill,women,2,silver,athlete,Sabrina Jonnier,France,FRA,https://en.wikipedia.org/wiki/UCI_Mountain_Bike_%26_Trials_World_Championships_%E2%80%93_Women%27s_downhill
uci_mountain_bike_world_championships,UCI Mountain Bike World Championships,2008,2008-09-01,cycling-mountain-bike-downhill,Mountain Bike Downhill,downhill,Women Elite Downhill,women,3,bronze,athlete,Emmeline Ragot,France,FRA,https://en.wikipedia.org/wiki/UCI_Mountain_Bike_%26_Trials_World_Championships_%E2%80%93_Women%27s_downhill
uci_mountain_bike_world_championships,UCI Mountain Bike World Championships,2008,2008-09-01,cycling-mountain-bike-cross-country,Mountain Bike Cross-country,xco,Men Elite Cross-country,men,1,gold,athlete,Christoph Sauser,Switzerland,CHE,https://en.wikipedia.org/wiki/UCI_Mountain_Bike_%26_Trials_World_Championships_%E2%80%93_Men%27s_cross-country
uci_mountain_bike_world_championships,UCI Mountain Bike World Championships,2008,2008-09-01,cycling-mountain-bike-cross-country,Mountain Bike Cross-country,xco,Men Elite Cross-country,men,2,silver,athlete,Florian Vogel,Switzerland,CHE,https://en.wikipedia.org/wiki/UCI_Mountain_Bike_%26_Trials_World_Championships_%E2%80%93_Men%27s_cross-country
uci_mountain_bike_world_championships,UCI Mountain Bike World Championships,2008,2008-09-01,cycling-mountain-bike-cross-country,Mountain Bike Cross-country,xco,Men Elite Cross-country,men,3,bronze,athlete,Ralph Näf,Switzerland,CHE,https://en.wikipedia.org/wiki/UCI_Mountain_Bike_%26_Trials_World_Championships_%E2%80%93_Men%27s_cross-country
uci_mountain_bike_world_championships,UCI Mountain Bike World Championships,2008,2008-09-01,cycling-mountain-bike-cross-country,Mountain Bike Cross-country,xco,Women Elite Cross-country,women,1,gold,athlete,Margarita Fullana,Spain,ESP,https://en.wikipedia.org/wiki/UCI_Mountain_Bike_%26_Trials_World_Championships_%E2%80%93_Women%27s_cross-country
uci_mountain_bike_world_championships,UCI Mountain Bike World Championships,2008,2008-09-01,cycling-mountain-bike-cross-country,Mountain Bike Cross-country,xco,Women Elite Cross-country,women,2,silver,athlete,Sabine Spitz,Germany,DEU,https://en.wikipedia.org/wiki/UCI_Mountain_Bike_%26_Trials_World_Championships_%E2%80%93_Women%27s_cross-country
uci_mountain_bike_world_championships,UCI Mountain Bike World Championships,2008,2008-09-01,cycling-mountain-bike-cross-country,Mountain Bike Cross-country,xco,Women Elite Cross-country,women,3,bronze,athlete,Irina Kalentieva,Russia,RUS,https://en.wikipedia.org/wiki/UCI_Mountain_Bike_%26_Trials_World_Championships_%E2%80%93_Women%27s_cross-country
uci_mountain_bike_world_championships,UCI Mountain Bike World Championships,2009,2009-09-01,cycling-mountain-bike-downhill,Mountain Bike Downhill,downhill,Men Elite Downhill,men,1,gold,athlete,Steve Peat,Great Britain,GBR,https://en.wikipedia.org/wiki/UCI_Mountain_Bike_%26_Trials_World_Championships_%E2%80%93_Men%27s_downhill
uci_mountain_bike_world_championships,UCI Mountain Bike World Championships,2009,2009-09-01,cycling-mountain-bike-downhill,Mountain Bike Downhill,downhill,Men Elite Downhill,men,2,silver,athlete,Greg Minnaar,South Africa,ZAF,https://en.wikipedia.org/wiki/UCI_Mountain_Bike_%26_Trials_World_Championships_%E2%80%93_Men%27s_downhill
uci_mountain_bike_world_championships,UCI Mountain Bike World Championships,2009,2009-09-01,cycling-mountain-bike-downhill,Mountain Bike Downhill,downhill,Men Elite Downhill,men,3,bronze,athlete,Mick Hannah,Australia,AUS,https://en.wikipedia.org/wiki/UCI_Mountain_Bike_%26_Trials_World_Championships_%E2%80%93_Men%27s_downhill
uci_mountain_bike_world_championships,UCI Mountain Bike World Championships,2009,2009-09-01,cycling-mountain-bike-downhill,Mountain Bike Downhill,downhill,Women Elite Downhill,women,1,gold,athlete,Emmeline Ragot,France,FRA,https://en.wikipedia.org/wiki/UCI_Mountain_Bike_%26_Trials_World_Championships_%E2%80%93_Women%27s_downhill
uci_mountain_bike_world_championships,UCI Mountain Bike World Championships,2009,2009-09-01,cycling-mountain-bike-downhill,Mountain Bike Downhill,downhill,Women Elite Downhill,women,2,silver,athlete,Tracy Moseley,Great Britain,GBR,https://en.wikipedia.org/wiki/UCI_Mountain_Bike_%26_Trials_World_Championships_%E2%80%93_Women%27s_downhill
uci_mountain_bike_world_championships,UCI Mountain Bike World Championships,2009,2009-09-01,cycling-mountain-bike-downhill,Mountain Bike Downhill,downhill,Women Elite Downhill,women,3,bronze,athlete,Kathleen Pruitt,United States,USA,https://en.wikipedia.org/wiki/UCI_Mountain_Bike_%26_Trials_World_Championships_%E2%80%93_Women%27s_downhill
uci_mountain_bike_world_championships,UCI Mountain Bike World Championships,2009,2009-09-01,cycling-mountain-bike-cross-country,Mountain Bike Cross-country,xco,Men Elite Cross-country,men,1,gold,athlete,Nino Schurter,Switzerland,CHE,https://en.wikipedia.org/wiki/UCI_Mountain_Bike_%26_Trials_World_Championships_%E2%80%93_Men%27s_cross-country
uci_mountain_bike_world_championships,UCI Mountain Bike World Championships,2009,2009-09-01,cycling-mountain-bike-cross-country,Mountain Bike Cross-country,xco,Men Elite Cross-country,men,2,silver,athlete,Julien Absalon,France,FRA,https://en.wikipedia.org/wiki/UCI_Mountain_Bike_%26_Trials_World_Championships_%E2%80%93_Men%27s_cross-country
uci_mountain_bike_world_championships,UCI Mountain Bike World Championships,2009,2009-09-01,cycling-mountain-bike-cross-country,Mountain Bike Cross-country,xco,Men Elite Cross-country,men,3,bronze,athlete,Florian Vogel,Switzerland,CHE,https://en.wikipedia.org/wiki/UCI_Mountain_Bike_%26_Trials_World_Championships_%E2%80%93_Men%27s_cross-country
uci_mountain_bike_world_championships,UCI Mountain Bike World Championships,2009,2009-09-01,cycling-mountain-bike-cross-country,Mountain Bike Cross-country,xco,Women Elite Cross-country,women,1,gold,athlete,Irina Kalentieva,Russia,RUS,https://en.wikipedia.org/wiki/UCI_Mountain_Bike_%26_Trials_World_Championships_%E2%80%93_Women%27s_cross-country
uci_mountain_bike_world_championships,UCI Mountain Bike World Championships,2009,2009-09-01,cycling-mountain-bike-cross-country,Mountain Bike Cross-country,xco,Women Elite Cross-country,women,2,silver,athlete,Lene Byberg,Norway,NOR,https://en.wikipedia.org/wiki/UCI_Mountain_Bike_%26_Trials_World_Championships_%E2%80%93_Women%27s_cross-country
uci_mountain_bike_world_championships,UCI Mountain Bike World Championships,2009,2009-09-01,cycling-mountain-bike-cross-country,Mountain Bike Cross-country,xco,Women Elite Cross-country,women,3,bronze,athlete,Willow Koerber,United States,USA,https://en.wikipedia.org/wiki/UCI_Mountain_Bike_%26_Trials_World_Championships_%E2%80%93_Women%27s_cross-country
uci_mountain_bike_world_championships,UCI Mountain Bike World Championships,2010,2010-09-01,cycling-mountain-bike-downhill,Mountain Bike Downhill,downhill,Men Elite Downhill,men,1,gold,athlete,Sam Hill,Australia,AUS,https://en.wikipedia.org/wiki/UCI_Mountain_Bike_%26_Trials_World_Championships_%E2%80%93_Men%27s_downhill
uci_mountain_bike_world_championships,UCI Mountain Bike World Championships,2010,2010-09-01,cycling-mountain-bike-downhill,Mountain Bike Downhill,downhill,Men Elite Downhill,men,2,silver,athlete,Steve Smith,Canada,CAN,https://en.wikipedia.org/wiki/UCI_Mountain_Bike_%26_Trials_World_Championships_%E2%80%93_Men%27s_downhill
uci_mountain_bike_world_championships,UCI Mountain Bike World Championships,2010,2010-09-01,cycling-mountain-bike-downhill,Mountain Bike Downhill,downhill,Men Elite Downhill,men,3,bronze,athlete,Greg Minnaar,South Africa,ZAF,https://en.wikipedia.org/wiki/UCI_Mountain_Bike_%26_Trials_World_Championships_%E2%80%93_Men%27s_downhill
uci_mountain_bike_world_championships,UCI Mountain Bike World Championships,2010,2010-09-01,cycling-mountain-bike-downhill,Mountain Bike Downhill,downhill,Women Elite Downhill,women,1,gold,athlete,Tracy Moseley,Great Britain,GBR,https://en.wikipedia.org/wiki/UCI_Mountain_Bike_%26_Trials_World_Championships_%E2%80%93_Women%27s_downhill
uci_mountain_bike_world_championships,UCI Mountain Bike World Championships,2010,2010-09-01,cycling-mountain-bike-downhill,Mountain Bike Downhill,downhill,Women Elite Downhill,women,2,silver,athlete,Sabrina Jonnier,France,FRA,https://en.wikipedia.org/wiki/UCI_Mountain_Bike_%26_Trials_World_Championships_%E2%80%93_Women%27s_downhill
uci_mountain_bike_world_championships,UCI Mountain Bike World Championships,2010,2010-09-01,cycling-mountain-bike-downhill,Mountain Bike Downhill,downhill,Women Elite Downhill,women,3,bronze,athlete,Emmeline Ragot,France,FRA,https://en.wikipedia.org/wiki/UCI_Mountain_Bike_%26_Trials_World_Championships_%E2%80%93_Women%27s_downhill
uci_mountain_bike_world_championships,UCI Mountain Bike World Championships,2010,2010-09-01,cycling-mountain-bike-cross-country,Mountain Bike Cross-country,xco,Men Elite Cross-country,men,1,gold,athlete,José Antonio Hermida,Spain,ESP,https://en.wikipedia.org/wiki/UCI_Mountain_Bike_%26_Trials_World_Championships_%E2%80%93_Men%27s_cross-country
uci_mountain_bike_world_championships,UCI Mountain Bike World Championships,2010,2010-09-01,cycling-mountain-bike-cross-country,Mountain Bike Cross-country,xco,Men Elite Cross-country,men,2,silver,athlete,Jaroslav Kulhavý,Czech Republic,CZE,https://en.wikipedia.org/wiki/UCI_Mountain_Bike_%26_Trials_World_Championships_%E2%80%93_Men%27s_cross-country
uci_mountain_bike_world_championships,UCI Mountain Bike World Championships,2010,2010-09-01,cycling-mountain-bike-cross-country,Mountain Bike Cross-country,xco,Men Elite Cross-country,men,3,bronze,athlete,Burry Stander,South Africa,ZAF,https://en.wikipedia.org/wiki/UCI_Mountain_Bike_%26_Trials_World_Championships_%E2%80%93_Men%27s_cross-country
uci_mountain_bike_world_championships,UCI Mountain Bike World Championships,2010,2010-09-01,cycling-mountain-bike-cross-country,Mountain Bike Cross-country,xco,Women Elite Cross-country,women,1,gold,athlete,Maja Włoszczowska,Poland,POL,https://en.wikipedia.org/wiki/UCI_Mountain_Bike_%26_Trials_World_Championships_%E2%80%93_Women%27s_cross-country
uci_mountain_bike_world_championships,UCI Mountain Bike World Championships,2010,2010-09-01,cycling-mountain-bike-cross-country,Mountain Bike Cross-country,xco,Women Elite Cross-country,women,2,silver,athlete,Irina Kalentieva,Russia,RUS,https://en.wikipedia.org/wiki/UCI_Mountain_Bike_%26_Trials_World_Championships_%E2%80%93_Women%27s_cross-country
uci_mountain_bike_world_championships,UCI Mountain Bike World Championships,2010,2010-09-01,cycling-mountain-bike-cross-country,Mountain Bike Cross-country,xco,Women Elite Cross-country,women,3,bronze,athlete,Willow Koerber,United States,USA,https://en.wikipedia.org/wiki/UCI_Mountain_Bike_%26_Trials_World_Championships_%E2%80%93_Women%27s_cross-country
uci_mountain_bike_world_championships,UCI Mountain Bike World Championships,2011,2011-09-01,cycling-mountain-bike-downhill,Mountain Bike Downhill,downhill,Men Elite Downhill,men,1,gold,athlete,Danny Hart,Great Britain,GBR,https://en.wikipedia.org/wiki/UCI_Mountain_Bike_%26_Trials_World_Championships_%E2%80%93_Men%27s_downhill
uci_mountain_bike_world_championships,UCI Mountain Bike World Championships,2011,2011-09-01,cycling-mountain-bike-downhill,Mountain Bike Downhill,downhill,Men Elite Downhill,men,2,silver,athlete,Damien Spagnolo,France,FRA,https://en.wikipedia.org/wiki/UCI_Mountain_Bike_%26_Trials_World_Championships_%E2%80%93_Men%27s_downhill
uci_mountain_bike_world_championships,UCI Mountain Bike World Championships,2011,2011-09-01,cycling-mountain-bike-downhill,Mountain Bike Downhill,downhill,Men Elite Downhill,men,3,bronze,athlete,Samuel Blenkinsop,New Zealand,NZL,https://en.wikipedia.org/wiki/UCI_Mountain_Bike_%26_Trials_World_Championships_%E2%80%93_Men%27s_downhill
uci_mountain_bike_world_championships,UCI Mountain Bike World Championships,2011,2011-09-01,cycling-mountain-bike-downhill,Mountain Bike Downhill,downhill,Women Elite Downhill,women,1,gold,athlete,Emmeline Ragot,France,FRA,https://en.wikipedia.org/wiki/UCI_Mountain_Bike_%26_Trials_World_Championships_%E2%80%93_Women%27s_downhill
uci_mountain_bike_world_championships,UCI Mountain Bike World Championships,2011,2011-09-01,cycling-mountain-bike-downhill,Mountain Bike Downhill,downhill,Women Elite Downhill,women,2,silver,athlete,Rachel Atherton,Great Britain,GBR,https://en.wikipedia.org/wiki/UCI_Mountain_Bike_%26_Trials_World_Championships_%E2%80%93_Women%27s_downhill
uci_mountain_bike_world_championships,UCI Mountain Bike World Championships,2011,2011-09-01,cycling-mountain-bike-downhill,Mountain Bike Downhill,downhill,Women Elite Downhill,women,3,bronze,athlete,Claire Buchar,Canada,CAN,https://en.wikipedia.org/wiki/UCI_Mountain_Bike_%26_Trials_World_Championships_%E2%80%93_Women%27s_downhill
uci_mountain_bike_world_championships,UCI Mountain Bike World Championships,2011,2011-09-01,cycling-mountain-bike-cross-country,Mountain Bike Cross-country,xco,Men Elite Cross-country,men,1,gold,athlete,Jaroslav Kulhavý,Czech Republic,CZE,https://en.wikipedia.org/wiki/UCI_Mountain_Bike_%26_Trials_World_Championships_%E2%80%93_Men%27s_cross-country
uci_mountain_bike_world_championships,UCI Mountain Bike World Championships,2011,2011-09-01,cycling-mountain-bike-cross-country,Mountain Bike Cross-country,xco,Men Elite Cross-country,men,2,silver,athlete,Nino Schurter,Switzerland,CHE,https://en.wikipedia.org/wiki/UCI_Mountain_Bike_%26_Trials_World_Championships_%E2%80%93_Men%27s_cross-country
uci_mountain_bike_world_championships,UCI Mountain Bike World Championships,2011,2011-09-01,cycling-mountain-bike-cross-country,Mountain Bike Cross-country,xco,Men Elite Cross-country,men,3,bronze,athlete,Julien Absalon,France,FRA,https://en.wikipedia.org/wiki/UCI_Mountain_Bike_%26_Trials_World_Championships_%E2%80%93_Men%27s_cross-country
uci_mountain_bike_world_championships,UCI Mountain Bike World Championships,2011,2011-09-01,cycling-mountain-bike-cross-country,Mountain Bike Cross-country,xco,Women Elite Cross-country,women,1,gold,athlete,Catharine Pendrel,Canada,CAN,https://en.wikipedia.org/wiki/UCI_Mountain_Bike_%26_Trials_World_Championships_%E2%80%93_Women%27s_cross-country
uci_mountain_bike_world_championships,UCI Mountain Bike World Championships,2011,2011-09-01,cycling-mountain-bike-cross-country,Mountain Bike Cross-country,xco,Women Elite Cross-country,women,2,silver,athlete,Maja Włoszczowska,Poland,POL,https://en.wikipedia.org/wiki/UCI_Mountain_Bike_%26_Trials_World_Championships_%E2%80%93_Women%27s_cross-country
uci_mountain_bike_world_championships,UCI Mountain Bike World Championships,2011,2011-09-01,cycling-mountain-bike-cross-country,Mountain Bike Cross-country,xco,Women Elite Cross-country,women,3,bronze,athlete,Eva Lechner,Italy,ITA,https://en.wikipedia.org/wiki/UCI_Mountain_Bike_%26_Trials_World_Championships_%E2%80%93_Women%27s_cross-country
uci_mountain_bike_world_championships,UCI Mountain Bike World Championships,2012,2012-09-01,cycling-mountain-bike-downhill,Mountain Bike Downhill,downhill,Men Elite Downhill,men,1,gold,athlete,Greg Minnaar,South Africa,ZAF,https://en.wikipedia.org/wiki/UCI_Mountain_Bike_%26_Trials_World_Championships_%E2%80%93_Men%27s_downhill
uci_mountain_bike_world_championships,UCI Mountain Bike World Championships,2012,2012-09-01,cycling-mountain-bike-downhill,Mountain Bike Downhill,downhill,Men Elite Downhill,men,2,silver,athlete,Gee Atherton,Great Britain,GBR,https://en.wikipedia.org/wiki/UCI_Mountain_Bike_%26_Trials_World_Championships_%E2%80%93_Men%27s_downhill
uci_mountain_bike_world_championships,UCI Mountain Bike World Championships,2012,2012-09-01,cycling-mountain-bike-downhill,Mountain Bike Downhill,downhill,Men Elite Downhill,men,3,bronze,athlete,Steve Smith,Canada,CAN,https://en.wikipedia.org/wiki/UCI_Mountain_Bike_%26_Trials_World_Championships_%E2%80%93_Men%27s_downhill
uci_mountain_bike_world_championships,UCI Mountain Bike World Championships,2012,2012-09-01,cycling-mountain-bike-downhill,Mountain Bike Downhill,downhill,Women Elite Downhill,women,1,gold,athlete,Morgane Charre,France,FRA,https://en.wikipedia.org/wiki/UCI_Mountain_Bike_%26_Trials_World_Championships_%E2%80%93_Women%27s_downhill
uci_mountain_bike_world_championships,UCI Mountain Bike World Championships,2012,2012-09-01,cycling-mountain-bike-downhill,Mountain Bike Downhill,downhill,Women Elite Downhill,women,2,silver,athlete,Emmeline Ragot,France,FRA,https://en.wikipedia.org/wiki/UCI_Mountain_Bike_%26_Trials_World_Championships_%E2%80%93_Women%27s_downhill
uci_mountain_bike_world_championships,UCI Mountain Bike World Championships,2012,2012-09-01,cycling-mountain-bike-downhill,Mountain Bike Downhill,downhill,Women Elite Downhill,women,3,bronze,athlete,Manon Carpenter,Great Britain,GBR,https://en.wikipedia.org/wiki/UCI_Mountain_Bike_%26_Trials_World_Championships_%E2%80%93_Women%27s_downhill
uci_mountain_bike_world_championships,UCI Mountain Bike World Championships,2012,2012-09-01,cycling-mountain-bike-cross-country,Mountain Bike Cross-country,xco,Men Elite Cross-country,men,1,gold,athlete,Nino Schurter,Switzerland,CHE,https://en.wikipedia.org/wiki/UCI_Mountain_Bike_%26_Trials_World_Championships_%E2%80%93_Men%27s_cross-country
uci_mountain_bike_world_championships,UCI Mountain Bike World Championships,2012,2012-09-01,cycling-mountain-bike-cross-country,Mountain Bike Cross-country,xco,Men Elite Cross-country,men,2,silver,athlete,Lukas Flückiger,Switzerland,CHE,https://en.wikipedia.org/wiki/UCI_Mountain_Bike_%26_Trials_World_Championships_%E2%80%93_Men%27s_cross-country
uci_mountain_bike_world_championships,UCI Mountain Bike World Championships,2012,2012-09-01,cycling-mountain-bike-cross-country,Mountain Bike Cross-country,xco,Men Elite Cross-country,men,3,bronze,athlete,Mathias Flückiger,Switzerland,CHE,https://en.wikipedia.org/wiki/UCI_Mountain_Bike_%26_Trials_World_Championships_%E2%80%93_Men%27s_cross-country
uci_mountain_bike_world_championships,UCI Mountain Bike World Championships,2012,2012-09-01,cycling-mountain-bike-cross-country,Mountain Bike Cross-country,xco,Women Elite Cross-country,women,1,gold,athlete,Julie Bresset,France,FRA,https://en.wikipedia.org/wiki/UCI_Mountain_Bike_%26_Trials_World_Championships_%E2%80%93_Women%27s_cross-country
uci_mountain_bike_world_championships,UCI Mountain Bike World Championships,2012,2012-09-01,cycling-mountain-bike-cross-country,Mountain Bike Cross-country,xco,Women Elite Cross-country,women,2,silver,athlete,Gunn-Rita Dahle Flesjå,Norway,NOR,https://en.wikipedia.org/wiki/UCI_Mountain_Bike_%26_Trials_World_Championships_%E2%80%93_Women%27s_cross-country
uci_mountain_bike_world_championships,UCI Mountain Bike World Championships,2012,2012-09-01,cycling-mountain-bike-cross-country,Mountain Bike Cross-country,xco,Women Elite Cross-country,women,3,bronze,athlete,Georgia Gould,United States,USA,https://en.wikipedia.org/wiki/UCI_Mountain_Bike_%26_Trials_World_Championships_%E2%80%93_Women%27s_cross-country
uci_mountain_bike_world_championships,UCI Mountain Bike World Championships,2013,2013-09-01,cycling-mountain-bike-downhill,Mountain Bike Downhill,downhill,Men Elite Downhill,men,1,gold,athlete,Greg Minnaar,South Africa,ZAF,https://en.wikipedia.org/wiki/UCI_Mountain_Bike_%26_Trials_World_Championships_%E2%80%93_Men%27s_downhill
uci_mountain_bike_world_championships,UCI Mountain Bike World Championships,2013,2013-09-01,cycling-mountain-bike-downhill,Mountain Bike Downhill,downhill,Men Elite Downhill,men,2,silver,athlete,Mick Hannah,Australia,AUS,https://en.wikipedia.org/wiki/UCI_Mountain_Bike_%26_Trials_World_Championships_%E2%80%93_Men%27s_downhill
uci_mountain_bike_world_championships,UCI Mountain Bike World Championships,2013,2013-09-01,cycling-mountain-bike-downhill,Mountain Bike Downhill,downhill,Men Elite Downhill,men,3,bronze,athlete,Jared Graves,Australia,AUS,https://en.wikipedia.org/wiki/UCI_Mountain_Bike_%26_Trials_World_Championships_%E2%80%93_Men%27s_downhill
uci_mountain_bike_world_championships,UCI Mountain Bike World Championships,2013,2013-09-01,cycling-mountain-bike-downhill,Mountain Bike Downhill,downhill,Women Elite Downhill,women,1,gold,athlete,Rachel Atherton,Great Britain,GBR,https://en.wikipedia.org/wiki/UCI_Mountain_Bike_%26_Trials_World_Championships_%E2%80%93_Women%27s_downhill
uci_mountain_bike_world_championships,UCI Mountain Bike World Championships,2013,2013-09-01,cycling-mountain-bike-downhill,Mountain Bike Downhill,downhill,Women Elite Downhill,women,2,silver,athlete,Emmeline Ragot,France,FRA,https://en.wikipedia.org/wiki/UCI_Mountain_Bike_%26_Trials_World_Championships_%E2%80%93_Women%27s_downhill
uci_mountain_bike_world_championships,UCI Mountain Bike World Championships,2013,2013-09-01,cycling-mountain-bike-downhill,Mountain Bike Downhill,downhill,Women Elite Downhill,women,3,bronze,athlete,Tracey Hannah,Australia,AUS,https://en.wikipedia.org/wiki/UCI_Mountain_Bike_%26_Trials_World_Championships_%E2%80%93_Women%27s_downhill
uci_mountain_bike_world_championships,UCI Mountain Bike World Championships,2013,2013-09-01,cycling-mountain-bike-cross-country,Mountain Bike Cross-country,xco,Men Elite Cross-country,men,1,gold,athlete,Nino Schurter,Switzerland,CHE,https://en.wikipedia.org/wiki/UCI_Mountain_Bike_%26_Trials_World_Championships_%E2%80%93_Men%27s_cross-country
uci_mountain_bike_world_championships,UCI Mountain Bike World Championships,2013,2013-09-01,cycling-mountain-bike-cross-country,Mountain Bike Cross-country,xco,Men Elite Cross-country,men,2,silver,athlete,Manuel Fumic,Germany,DEU,https://en.wikipedia.org/wiki/UCI_Mountain_Bike_%26_Trials_World_Championships_%E2%80%93_Men%27s_cross-country
uci_mountain_bike_world_championships,UCI Mountain Bike World Championships,2013,2013-09-01,cycling-mountain-bike-cross-country,Mountain Bike Cross-country,xco,Men Elite Cross-country,men,3,bronze,athlete,José Antonio Hermida,Spain,ESP,https://en.wikipedia.org/wiki/UCI_Mountain_Bike_%26_Trials_World_Championships_%E2%80%93_Men%27s_cross-country
uci_mountain_bike_world_championships,UCI Mountain Bike World Championships,2013,2013-09-01,cycling-mountain-bike-cross-country,Mountain Bike Cross-country,xco,Women Elite Cross-country,women,1,gold,athlete,Julie Bresset,France,FRA,https://en.wikipedia.org/wiki/UCI_Mountain_Bike_%26_Trials_World_Championships_%E2%80%93_Women%27s_cross-country
uci_mountain_bike_world_championships,UCI Mountain Bike World Championships,2013,2013-09-01,cycling-mountain-bike-cross-country,Mountain Bike Cross-country,xco,Women Elite Cross-country,women,2,silver,athlete,Maja Włoszczowska,Poland,POL,https://en.wikipedia.org/wiki/UCI_Mountain_Bike_%26_Trials_World_Championships_%E2%80%93_Women%27s_cross-country
uci_mountain_bike_world_championships,UCI Mountain Bike World Championships,2013,2013-09-01,cycling-mountain-bike-cross-country,Mountain Bike Cross-country,xco,Women Elite Cross-country,women,3,bronze,athlete,Esther Süss,Switzerland,CHE,https://en.wikipedia.org/wiki/UCI_Mountain_Bike_%26_Trials_World_Championships_%E2%80%93_Women%27s_cross-country
uci_mountain_bike_world_championships,UCI Mountain Bike World Championships,2014,2014-09-01,cycling-mountain-bike-downhill,Mountain Bike Downhill,downhill,Men Elite Downhill,men,1,gold,athlete,Gee Atherton,Great Britain,GBR,https://en.wikipedia.org/wiki/UCI_Mountain_Bike_%26_Trials_World_Championships_%E2%80%93_Men%27s_downhill
uci_mountain_bike_world_championships,UCI Mountain Bike World Championships,2014,2014-09-01,cycling-mountain-bike-downhill,Mountain Bike Downhill,downhill,Men Elite Downhill,men,2,silver,athlete,Josh Bryceland,Great Britain,GBR,https://en.wikipedia.org/wiki/UCI_Mountain_Bike_%26_Trials_World_Championships_%E2%80%93_Men%27s_downhill
uci_mountain_bike_world_championships,UCI Mountain Bike World Championships,2014,2014-09-01,cycling-mountain-bike-downhill,Mountain Bike Downhill,downhill,Men Elite Downhill,men,3,bronze,athlete,Troy Brosnan,Australia,AUS,https://en.wikipedia.org/wiki/UCI_Mountain_Bike_%26_Trials_World_Championships_%E2%80%93_Men%27s_downhill
uci_mountain_bike_world_championships,UCI Mountain Bike World Championships,2014,2014-09-01,cycling-mountain-bike-downhill,Mountain Bike Downhill,downhill,Women Elite Downhill,women,1,gold,athlete,Manon Carpenter,Great Britain,GBR,https://en.wikipedia.org/wiki/UCI_Mountain_Bike_%26_Trials_World_Championships_%E2%80%93_Women%27s_downhill
uci_mountain_bike_world_championships,UCI Mountain Bike World Championships,2014,2014-09-01,cycling-mountain-bike-downhill,Mountain Bike Downhill,downhill,Women Elite Downhill,women,2,silver,athlete,Rachel Atherton,Great Britain,GBR,https://en.wikipedia.org/wiki/UCI_Mountain_Bike_%26_Trials_World_Championships_%E2%80%93_Women%27s_downhill
uci_mountain_bike_world_championships,UCI Mountain Bike World Championships,2014,2014-09-01,cycling-mountain-bike-downhill,Mountain Bike Downhill,downhill,Women Elite Downhill,women,3,bronze,athlete,Tahnée Seagrave,Great Britain,GBR,https://en.wikipedia.org/wiki/UCI_Mountain_Bike_%26_Trials_World_Championships_%E2%80%93_Women%27s_downhill
uci_mountain_bike_world_championships,UCI Mountain Bike World Championships,2014,2014-09-01,cycling-mountain-bike-cross-country,Mountain Bike Cross-country,xco,Men Elite Cross-country,men,1,gold,athlete,Julien Absalon,France,FRA,https://en.wikipedia.org/wiki/UCI_Mountain_Bike_%26_Trials_World_Championships_%E2%80%93_Men%27s_cross-country
uci_mountain_bike_world_championships,UCI Mountain Bike World Championships,2014,2014-09-01,cycling-mountain-bike-cross-country,Mountain Bike Cross-country,xco,Men Elite Cross-country,men,2,silver,athlete,Nino Schurter,Switzerland,CHE,https://en.wikipedia.org/wiki/UCI_Mountain_Bike_%26_Trials_World_Championships_%E2%80%93_Men%27s_cross-country
uci_mountain_bike_world_championships,UCI Mountain Bike World Championships,2014,2014-09-01,cycling-mountain-bike-cross-country,Mountain Bike Cross-country,xco,Men Elite Cross-country,men,3,bronze,athlete,Marco Aurelio Fontana,Italy,ITA,https://en.wikipedia.org/wiki/UCI_Mountain_Bike_%26_Trials_World_Championships_%E2%80%93_Men%27s_cross-country
uci_mountain_bike_world_championships,UCI Mountain Bike World Championships,2014,2014-09-01,cycling-mountain-bike-cross-country,Mountain Bike Cross-country,xco,Women Elite Cross-country,women,1,gold,athlete,Catharine Pendrel,Canada,CAN,https://en.wikipedia.org/wiki/UCI_Mountain_Bike_%26_Trials_World_Championships_%E2%80%93_Women%27s_cross-country
uci_mountain_bike_world_championships,UCI Mountain Bike World Championships,2014,2014-09-01,cycling-mountain-bike-cross-country,Mountain Bike Cross-country,xco,Women Elite Cross-country,women,2,silver,athlete,Irina Kalentieva,Russia,RUS,https://en.wikipedia.org/wiki/UCI_Mountain_Bike_%26_Trials_World_Championships_%E2%80%93_Women%27s_cross-country
uci_mountain_bike_world_championships,UCI Mountain Bike World Championships,2014,2014-09-01,cycling-mountain-bike-cross-country,Mountain Bike Cross-country,xco,Women Elite Cross-country,women,3,bronze,athlete,Lea Davison,United States,USA,https://en.wikipedia.org/wiki/UCI_Mountain_Bike_%26_Trials_World_Championships_%E2%80%93_Women%27s_cross-country
uci_mountain_bike_world_championships,UCI Mountain Bike World Championships,2015,2015-09-01,cycling-mountain-bike-downhill,Mountain Bike Downhill,downhill,Men Elite Downhill,men,1,gold,athlete,Loïc Bruni,France,FRA,https://en.wikipedia.org/wiki/UCI_Mountain_Bike_%26_Trials_World_Championships_%E2%80%93_Men%27s_downhill
uci_mountain_bike_world_championships,UCI Mountain Bike World Championships,2015,2015-09-01,cycling-mountain-bike-downhill,Mountain Bike Downhill,downhill,Men Elite Downhill,men,2,silver,athlete,Greg Minnaar,South Africa,ZAF,https://en.wikipedia.org/wiki/UCI_Mountain_Bike_%26_Trials_World_Championships_%E2%80%93_Men%27s_downhill
uci_mountain_bike_world_championships,UCI Mountain Bike World Championships,2015,2015-09-01,cycling-mountain-bike-downhill,Mountain Bike Downhill,downhill,Men Elite Downhill,men,3,bronze,athlete,Josh Bryceland,Great Britain,GBR,https://en.wikipedia.org/wiki/UCI_Mountain_Bike_%26_Trials_World_Championships_%E2%80%93_Men%27s_downhill
uci_mountain_bike_world_championships,UCI Mountain Bike World Championships,2015,2015-09-01,cycling-mountain-bike-downhill,Mountain Bike Downhill,downhill,Women Elite Downhill,women,1,gold,athlete,Rachel Atherton,Great Britain,GBR,https://en.wikipedia.org/wiki/UCI_Mountain_Bike_%26_Trials_World_Championships_%E2%80%93_Women%27s_downhill
uci_mountain_bike_world_championships,UCI Mountain Bike World Championships,2015,2015-09-01,cycling-mountain-bike-downhill,Mountain Bike Downhill,downhill,Women Elite Downhill,women,2,silver,athlete,Manon Carpenter,Great Britain,GBR,https://en.wikipedia.org/wiki/UCI_Mountain_Bike_%26_Trials_World_Championships_%E2%80%93_Women%27s_downhill
uci_mountain_bike_world_championships,UCI Mountain Bike World Championships,2015,2015-09-01,cycling-mountain-bike-downhill,Mountain Bike Downhill,downhill,Women Elite Downhill,women,3,bronze,athlete,Tracey Hannah,Australia,AUS,https://en.wikipedia.org/wiki/UCI_Mountain_Bike_%26_Trials_World_Championships_%E2%80%93_Women%27s_downhill
uci_mountain_bike_world_championships,UCI Mountain Bike World Championships,2015,2015-09-01,cycling-mountain-bike-cross-country,Mountain Bike Cross-country,xco,Men Elite Cross-country,men,1,gold,athlete,Nino Schurter,Switzerland,CHE,https://en.wikipedia.org/wiki/UCI_Mountain_Bike_%26_Trials_World_Championships_%E2%80%93_Men%27s_cross-country
uci_mountain_bike_world_championships,UCI Mountain Bike World Championships,2015,2015-09-01,cycling-mountain-bike-cross-country,Mountain Bike Cross-country,xco,Men Elite Cross-country,men,2,silver,athlete,Julien Absalon,France,FRA,https://en.wikipedia.org/wiki/UCI_Mountain_Bike_%26_Trials_World_Championships_%E2%80%93_Men%27s_cross-country
uci_mountain_bike_world_championships,UCI Mountain Bike World Championships,2015,2015-09-01,cycling-mountain-bike-cross-country,Mountain Bike Cross-country,xco,Men Elite Cross-country,men,3,bronze,athlete,Ondřej Cink,Czech Republic,CZE,https://en.wikipedia.org/wiki/UCI_Mountain_Bike_%26_Trials_World_Championships_%E2%80%93_Men%27s_cross-country
uci_mountain_bike_world_championships,UCI Mountain Bike World Championships,2015,2015-09-01,cycling-mountain-bike-cross-country,Mountain Bike Cross-country,xco,Women Elite Cross-country,women,1,gold,athlete,Pauline Ferrand-Prévot,France,FRA,https://en.wikipedia.org/wiki/UCI_Mountain_Bike_%26_Trials_World_Championships_%E2%80%93_Women%27s_cross-country
uci_mountain_bike_world_championships,UCI Mountain Bike World Championships,2015,2015-09-01,cycling-mountain-bike-cross-country,Mountain Bike Cross-country,xco,Women Elite Cross-country,women,2,silver,athlete,Irina Kalentieva,Russia,RUS,https://en.wikipedia.org/wiki/UCI_Mountain_Bike_%26_Trials_World_Championships_%E2%80%93_Women%27s_cross-country
uci_mountain_bike_world_championships,UCI Mountain Bike World Championships,2015,2015-09-01,cycling-mountain-bike-cross-country,Mountain Bike Cross-country,xco,Women Elite Cross-country,women,3,bronze,athlete,Yana Belomoyna,Ukraine,UKR,https://en.wikipedia.org/wiki/UCI_Mountain_Bike_%26_Trials_World_Championships_%E2%80%93_Women%27s_cross-country
uci_mountain_bike_world_championships,UCI Mountain Bike World Championships,2016,2016-09-01,cycling-mountain-bike-downhill,Mountain Bike Downhill,downhill,Men Elite Downhill,men,1,gold,athlete,Danny Hart,Great Britain,GBR,https://en.wikipedia.org/wiki/UCI_Mountain_Bike_%26_Trials_World_Championships_%E2%80%93_Men%27s_downhill
uci_mountain_bike_world_championships,UCI Mountain Bike World Championships,2016,2016-09-01,cycling-mountain-bike-downhill,Mountain Bike Downhill,downhill,Men Elite Downhill,men,2,silver,athlete,Laurie Greenland,Great Britain,GBR,https://en.wikipedia.org/wiki/UCI_Mountain_Bike_%26_Trials_World_Championships_%E2%80%93_Men%27s_downhill
uci_mountain_bike_world_championships,UCI Mountain Bike World Championships,2016,2016-09-01,cycling-mountain-bike-downhill,Mountain Bike Downhill,downhill,Men Elite Downhill,men,3,bronze,athlete,Florent Payet,France,FRA,https://en.wikipedia.org/wiki/UCI_Mountain_Bike_%26_Trials_World_Championships_%E2%80%93_Men%27s_downhill
uci_mountain_bike_world_championships,UCI Mountain Bike World Championships,2016,2016-09-01,cycling-mountain-bike-downhill,Mountain Bike Downhill,downhill,Women Elite Downhill,women,1,gold,athlete,Rachel Atherton,Great Britain,GBR,https://en.wikipedia.org/wiki/UCI_Mountain_Bike_%26_Trials_World_Championships_%E2%80%93_Women%27s_downhill
uci_mountain_bike_world_championships,UCI Mountain Bike World Championships,2016,2016-09-01,cycling-mountain-bike-downhill,Mountain Bike Downhill,downhill,Women Elite Downhill,women,2,silver,athlete,Myriam Nicole,France,FRA,https://en.wikipedia.org/wiki/UCI_Mountain_Bike_%26_Trials_World_Championships_%E2%80%93_Women%27s_downhill
uci_mountain_bike_world_championships,UCI Mountain Bike World Championships,2016,2016-09-01,cycling-mountain-bike-downhill,Mountain Bike Downhill,downhill,Women Elite Downhill,women,3,bronze,athlete,Tracey Hannah,Australia,AUS,https://en.wikipedia.org/wiki/UCI_Mountain_Bike_%26_Trials_World_Championships_%E2%80%93_Women%27s_downhill
uci_mountain_bike_world_championships,UCI Mountain Bike World Championships,2016,2016-09-01,cycling-mountain-bike-cross-country,Mountain Bike Cross-country,xco,Men Elite Cross-country,men,1,gold,athlete,Nino Schurter,Switzerland,CHE,https://en.wikipedia.org/wiki/UCI_Mountain_Bike_%26_Trials_World_Championships_%E2%80%93_Men%27s_cross-country
uci_mountain_bike_world_championships,UCI Mountain Bike World Championships,2016,2016-09-01,cycling-mountain-bike-cross-country,Mountain Bike Cross-country,xco,Men Elite Cross-country,men,2,silver,athlete,Jaroslav Kulhavý,Czech Republic,CZE,https://en.wikipedia.org/wiki/UCI_Mountain_Bike_%26_Trials_World_Championships_%E2%80%93_Men%27s_cross-country
uci_mountain_bike_world_championships,UCI Mountain Bike World Championships,2016,2016-09-01,cycling-mountain-bike-cross-country,Mountain Bike Cross-country,xco,Men Elite Cross-country,men,3,bronze,athlete,Julien Absalon,France,FRA,https://en.wikipedia.org/wiki/UCI_Mountain_Bike_%26_Trials_World_Championships_%E2%80%93_Men%27s_cross-country
uci_mountain_bike_world_championships,UCI Mountain Bike World Championships,2016,2016-09-01,cycling-mountain-bike-cross-country,Mountain Bike Cross-country,xco,Women Elite Cross-country,women,1,gold,athlete,Annika Langvad,Denmark,DNK,https://en.wikipedia.org/wiki/UCI_Mountain_Bike_%26_Trials_World_Championships_%E2%80%93_Women%27s_cross-country
uci_mountain_bike_world_championships,UCI Mountain Bike World Championships,2016,2016-09-01,cycling-mountain-bike-cross-country,Mountain Bike Cross-country,xco,Women Elite Cross-country,women,2,silver,athlete,Lea Davison,United States,USA,https://en.wikipedia.org/wiki/UCI_Mountain_Bike_%26_Trials_World_Championships_%E2%80%93_Women%27s_cross-country
uci_mountain_bike_world_championships,UCI Mountain Bike World Championships,2016,2016-09-01,cycling-mountain-bike-cross-country,Mountain Bike Cross-country,xco,Women Elite Cross-country,women,3,bronze,athlete,Emily Batty,Canada,CAN,https://en.wikipedia.org/wiki/UCI_Mountain_Bike_%26_Trials_World_Championships_%E2%80%93_Women%27s_cross-country
uci_mountain_bike_world_championships,UCI Mountain Bike World Championships,2017,2017-09-01,cycling-mountain-bike-downhill,Mountain Bike Downhill,downhill,Men Elite Downhill,men,1,gold,athlete,Loïc Bruni,France,FRA,https://en.wikipedia.org/wiki/UCI_Mountain_Bike_%26_Trials_World_Championships_%E2%80%93_Men%27s_downhill
uci_mountain_bike_world_championships,UCI Mountain Bike World Championships,2017,2017-09-01,cycling-mountain-bike-downhill,Mountain Bike Downhill,downhill,Men Elite Downhill,men,2,silver,athlete,Mick Hannah,Australia,AUS,https://en.wikipedia.org/wiki/UCI_Mountain_Bike_%26_Trials_World_Championships_%E2%80%93_Men%27s_downhill
uci_mountain_bike_world_championships,UCI Mountain Bike World Championships,2017,2017-09-01,cycling-mountain-bike-downhill,Mountain Bike Downhill,downhill,Men Elite Downhill,men,3,bronze,athlete,Aaron Gwin,United States,USA,https://en.wikipedia.org/wiki/UCI_Mountain_Bike_%26_Trials_World_Championships_%E2%80%93_Men%27s_downhill
uci_mountain_bike_world_championships,UCI Mountain Bike World Championships,2017,2017-09-01,cycling-mountain-bike-downhill,Mountain Bike Downhill,downhill,Women Elite Downhill,women,1,gold,athlete,Miranda Miller,Canada,CAN,https://en.wikipedia.org/wiki/UCI_Mountain_Bike_%26_Trials_World_Championships_%E2%80%93_Women%27s_downhill
uci_mountain_bike_world_championships,UCI Mountain Bike World Championships,2017,2017-09-01,cycling-mountain-bike-downhill,Mountain Bike Downhill,downhill,Women Elite Downhill,women,2,silver,athlete,Myriam Nicole,France,FRA,https://en.wikipedia.org/wiki/UCI_Mountain_Bike_%26_Trials_World_Championships_%E2%80%93_Women%27s_downhill
uci_mountain_bike_world_championships,UCI Mountain Bike World Championships,2017,2017-09-01,cycling-mountain-bike-downhill,Mountain Bike Downhill,downhill,Women Elite Downhill,women,3,bronze,athlete,Tracey Hannah,Australia,AUS,https://en.wikipedia.org/wiki/UCI_Mountain_Bike_%26_Trials_World_Championships_%E2%80%93_Women%27s_downhill
uci_mountain_bike_world_championships,UCI Mountain Bike World Championships,2017,2017-09-01,cycling-mountain-bike-cross-country,Mountain Bike Cross-country,xco,Men Elite Cross-country,men,1,gold,athlete,Nino Schurter,Switzerland,CHE,https://en.wikipedia.org/wiki/UCI_Mountain_Bike_%26_Trials_World_Championships_%E2%80%93_Men%27s_cross-country
uci_mountain_bike_world_championships,UCI Mountain Bike World Championships,2017,2017-09-01,cycling-mountain-bike-cross-country,Mountain Bike Cross-country,xco,Men Elite Cross-country,men,2,silver,athlete,Jaroslav Kulhavý,Czech Republic,CZE,https://en.wikipedia.org/wiki/UCI_Mountain_Bike_%26_Trials_World_Championships_%E2%80%93_Men%27s_cross-country
uci_mountain_bike_world_championships,UCI Mountain Bike World Championships,2017,2017-09-01,cycling-mountain-bike-cross-country,Mountain Bike Cross-country,xco,Men Elite Cross-country,men,3,bronze,athlete,Thomas Litscher,Switzerland,CHE,https://en.wikipedia.org/wiki/UCI_Mountain_Bike_%26_Trials_World_Championships_%E2%80%93_Men%27s_cross-country
uci_mountain_bike_world_championships,UCI Mountain Bike World Championships,2017,2017-09-01,cycling-mountain-bike-cross-country,Mountain Bike Cross-country,xco,Women Elite Cross-country,women,1,gold,athlete,Jolanda Neff,Switzerland,CHE,https://en.wikipedia.org/wiki/UCI_Mountain_Bike_%26_Trials_World_Championships_%E2%80%93_Women%27s_cross-country
uci_mountain_bike_world_championships,UCI Mountain Bike World Championships,2017,2017-09-01,cycling-mountain-bike-cross-country,Mountain Bike Cross-country,xco,Women Elite Cross-country,women,2,silver,athlete,Annie Last,Great Britain,GBR,https://en.wikipedia.org/wiki/UCI_Mountain_Bike_%26_Trials_World_Championships_%E2%80%93_Women%27s_cross-country
uci_mountain_bike_world_championships,UCI Mountain Bike World Championships,2017,2017-09-01,cycling-mountain-bike-cross-country,Mountain Bike Cross-country,xco,Women Elite Cross-country,women,3,bronze,athlete,Pauline Ferrand-Prévot,France,FRA,https://en.wikipedia.org/wiki/UCI_Mountain_Bike_%26_Trials_World_Championships_%E2%80%93_Women%27s_cross-country
uci_mountain_bike_world_championships,UCI Mountain Bike World Championships,2018,2018-09-01,cycling-mountain-bike-downhill,Mountain Bike Downhill,downhill,Men Elite Downhill,men,1,gold,athlete,Loïc Bruni,France,FRA,https://en.wikipedia.org/wiki/UCI_Mountain_Bike_%26_Trials_World_Championships_%E2%80%93_Men%27s_downhill
uci_mountain_bike_world_championships,UCI Mountain Bike World Championships,2018,2018-09-01,cycling-mountain-bike-downhill,Mountain Bike Downhill,downhill,Men Elite Downhill,men,2,silver,athlete,Martin Maes,Belgium,BEL,https://en.wikipedia.org/wiki/UCI_Mountain_Bike_%26_Trials_World_Championships_%E2%80%93_Men%27s_downhill
uci_mountain_bike_world_championships,UCI Mountain Bike World Championships,2018,2018-09-01,cycling-mountain-bike-downhill,Mountain Bike Downhill,downhill,Men Elite Downhill,men,3,bronze,athlete,Danny Hart,Great Britain,GBR,https://en.wikipedia.org/wiki/UCI_Mountain_Bike_%26_Trials_World_Championships_%E2%80%93_Men%27s_downhill
uci_mountain_bike_world_championships,UCI Mountain Bike World Championships,2018,2018-09-01,cycling-mountain-bike-downhill,Mountain Bike Downhill,downhill,Women Elite Downhill,women,1,gold,athlete,Rachel Atherton,Great Britain,GBR,https://en.wikipedia.org/wiki/UCI_Mountain_Bike_%26_Trials_World_Championships_%E2%80%93_Women%27s_downhill
uci_mountain_bike_world_championships,UCI Mountain Bike World Championships,2018,2018-09-01,cycling-mountain-bike-downhill,Mountain Bike Downhill,downhill,Women Elite Downhill,women,2,silver,athlete,Tahnée Seagrave,Great Britain,GBR,https://en.wikipedia.org/wiki/UCI_Mountain_Bike_%26_Trials_World_Championships_%E2%80%93_Women%27s_downhill
uci_mountain_bike_world_championships,UCI Mountain Bike World Championships,2018,2018-09-01,cycling-mountain-bike-downhill,Mountain Bike Downhill,downhill,Women Elite Downhill,women,3,bronze,athlete,Myriam Nicole,France,FRA,https://en.wikipedia.org/wiki/UCI_Mountain_Bike_%26_Trials_World_Championships_%E2%80%93_Women%27s_downhill
uci_mountain_bike_world_championships,UCI Mountain Bike World Championships,2018,2018-09-01,cycling-mountain-bike-cross-country,Mountain Bike Cross-country,xco,Men Elite Cross-country,men,1,gold,athlete,Nino Schurter,Switzerland,CHE,https://en.wikipedia.org/wiki/UCI_Mountain_Bike_%26_Trials_World_Championships_%E2%80%93_Men%27s_cross-country
uci_mountain_bike_world_championships,UCI Mountain Bike World Championships,2018,2018-09-01,cycling-mountain-bike-cross-country,Mountain Bike Cross-country,xco,Men Elite Cross-country,men,2,silver,athlete,Gerhard Kerschbaumer,Italy,ITA,https://en.wikipedia.org/wiki/UCI_Mountain_Bike_%26_Trials_World_Championships_%E2%80%93_Men%27s_cross-country
uci_mountain_bike_world_championships,UCI Mountain Bike World Championships,2018,2018-09-01,cycling-mountain-bike-cross-country,Mountain Bike Cross-country,xco,Men Elite Cross-country,men,3,bronze,athlete,Mathieu van der Poel,Netherlands,NLD,https://en.wikipedia.org/wiki/UCI_Mountain_Bike_%26_Trials_World_Championships_%E2%80%93_Men%27s_cross-country
uci_mountain_bike_world_championships,UCI Mountain Bike World Championships,2018,2018-09-01,cycling-mountain-bike-cross-country,Mountain Bike Cross-country,xco,Women Elite Cross-country,women,1,gold,athlete,Kate Courtney,United States,USA,https://en.wikipedia.org/wiki/UCI_Mountain_Bike_%26_Trials_World_Championships_%E2%80%93_Women%27s_cross-country
uci_mountain_bike_world_championships,UCI Mountain Bike World Championships,2018,2018-09-01,cycling-mountain-bike-cross-country,Mountain Bike Cross-country,xco,Women Elite Cross-country,women,2,silver,athlete,Annika Langvad,Denmark,DNK,https://en.wikipedia.org/wiki/UCI_Mountain_Bike_%26_Trials_World_Championships_%E2%80%93_Women%27s_cross-country
uci_mountain_bike_world_championships,UCI Mountain Bike World Championships,2018,2018-09-01,cycling-mountain-bike-cross-country,Mountain Bike Cross-country,xco,Women Elite Cross-country,women,3,bronze,athlete,Emily Batty,Canada,CAN,https://en.wikipedia.org/wiki/UCI_Mountain_Bike_%26_Trials_World_Championships_%E2%80%93_Women%27s_cross-country
uci_mountain_bike_world_championships,UCI Mountain Bike World Championships,2019,2019-09-01,cycling-mountain-bike-downhill,Mountain Bike Downhill,downhill,Men Elite Downhill,men,1,gold,athlete,Loïc Bruni,France,FRA,https://en.wikipedia.org/wiki/UCI_Mountain_Bike_%26_Trials_World_Championships_%E2%80%93_Men%27s_downhill
uci_mountain_bike_world_championships,UCI Mountain Bike World Championships,2019,2019-09-01,cycling-mountain-bike-downhill,Mountain Bike Downhill,downhill,Men Elite Downhill,men,2,silver,athlete,Troy Brosnan,Australia,AUS,https://en.wikipedia.org/wiki/UCI_Mountain_Bike_%26_Trials_World_Championships_%E2%80%93_Men%27s_downhill
uci_mountain_bike_world_championships,UCI Mountain Bike World Championships,2019,2019-09-01,cycling-mountain-bike-downhill,Mountain Bike Downhill,downhill,Men Elite Downhill,men,3,bronze,athlete,Amaury Pierron,France,FRA,https://en.wikipedia.org/wiki/UCI_Mountain_Bike_%26_Trials_World_Championships_%E2%80%93_Men%27s_downhill
uci_mountain_bike_world_championships,UCI Mountain Bike World Championships,2019,2019-09-01,cycling-mountain-bike-downhill,Mountain Bike Downhill,downhill,Women Elite Downhill,women,1,gold,athlete,Myriam Nicole,France,FRA,https://en.wikipedia.org/wiki/UCI_Mountain_Bike_%26_Trials_World_Championships_%E2%80%93_Women%27s_downhill
uci_mountain_bike_world_championships,UCI Mountain Bike World Championships,2019,2019-09-01,cycling-mountain-bike-downhill,Mountain Bike Downhill,downhill,Women Elite Downhill,women,2,silver,athlete,Tahnée Seagrave,Great Britain,GBR,https://en.wikipedia.org/wiki/UCI_Mountain_Bike_%26_Trials_World_Championships_%E2%80%93_Women%27s_downhill
uci_mountain_bike_world_championships,UCI Mountain Bike World Championships,2019,2019-09-01,cycling-mountain-bike-downhill,Mountain Bike Downhill,downhill,Women Elite Downhill,women,3,bronze,athlete,Marine Cabirou,France,FRA,https://en.wikipedia.org/wiki/UCI_Mountain_Bike_%26_Trials_World_Championships_%E2%80%93_Women%27s_downhill
uci_mountain_bike_world_championships,UCI Mountain Bike World Championships,2019,2019-09-01,cycling-mountain-bike-cross-country,Mountain Bike Cross-country,xco,Men Elite Cross-country,men,1,gold,athlete,Nino Schurter,Switzerland,CHE,https://en.wikipedia.org/wiki/UCI_Mountain_Bike_%26_Trials_World_Championships_%E2%80%93_Men%27s_cross-country
uci_mountain_bike_world_championships,UCI Mountain Bike World Championships,2019,2019-09-01,cycling-mountain-bike-cross-country,Mountain Bike Cross-country,xco,Men Elite Cross-country,men,2,silver,athlete,Mathias Flückiger,Switzerland,CHE,https://en.wikipedia.org/wiki/UCI_Mountain_Bike_%26_Trials_World_Championships_%E2%80%93_Men%27s_cross-country
uci_mountain_bike_world_championships,UCI Mountain Bike World Championships,2019,2019-09-01,cycling-mountain-bike-cross-country,Mountain Bike Cross-country,xco,Men Elite Cross-country,men,3,bronze,athlete,Stéphane Tempier,France,FRA,https://en.wikipedia.org/wiki/UCI_Mountain_Bike_%26_Trials_World_Championships_%E2%80%93_Men%27s_cross-country
uci_mountain_bike_world_championships,UCI Mountain Bike World Championships,2019,2019-09-01,cycling-mountain-bike-cross-country,Mountain Bike Cross-country,xco,Women Elite Cross-country,women,1,gold,athlete,Pauline Ferrand-Prévot,France,FRA,https://en.wikipedia.org/wiki/UCI_Mountain_Bike_%26_Trials_World_Championships_%E2%80%93_Women%27s_cross-country
uci_mountain_bike_world_championships,UCI Mountain Bike World Championships,2019,2019-09-01,cycling-mountain-bike-cross-country,Mountain Bike Cross-country,xco,Women Elite Cross-country,women,2,silver,athlete,Jolanda Neff,Switzerland,CHE,https://en.wikipedia.org/wiki/UCI_Mountain_Bike_%26_Trials_World_Championships_%E2%80%93_Women%27s_cross-country
uci_mountain_bike_world_championships,UCI Mountain Bike World Championships,2019,2019-09-01,cycling-mountain-bike-cross-country,Mountain Bike Cross-country,xco,Women Elite Cross-country,women,3,bronze,athlete,Rebecca McConnell,Australia,AUS,https://en.wikipedia.org/wiki/UCI_Mountain_Bike_%26_Trials_World_Championships_%E2%80%93_Women%27s_cross-country
uci_mountain_bike_world_championships,UCI Mountain Bike World Championships,2020,2020-09-01,cycling-mountain-bike-downhill,Mountain Bike Downhill,downhill,Men Elite Downhill,men,1,gold,athlete,Reece Wilson,Great Britain,GBR,https://en.wikipedia.org/wiki/UCI_Mountain_Bike_%26_Trials_World_Championships_%E2%80%93_Men%27s_downhill
uci_mountain_bike_world_championships,UCI Mountain Bike World Championships,2020,2020-09-01,cycling-mountain-bike-downhill,Mountain Bike Downhill,downhill,Men Elite Downhill,men,2,silver,athlete,David Trummer,Austria,AUT,https://en.wikipedia.org/wiki/UCI_Mountain_Bike_%26_Trials_World_Championships_%E2%80%93_Men%27s_downhill
uci_mountain_bike_world_championships,UCI Mountain Bike World Championships,2020,2020-09-01,cycling-mountain-bike-downhill,Mountain Bike Downhill,downhill,Men Elite Downhill,men,3,bronze,athlete,Rémi Thirion,France,FRA,https://en.wikipedia.org/wiki/UCI_Mountain_Bike_%26_Trials_World_Championships_%E2%80%93_Men%27s_downhill
uci_mountain_bike_world_championships,UCI Mountain Bike World Championships,2020,2020-09-01,cycling-mountain-bike-downhill,Mountain Bike Downhill,downhill,Women Elite Downhill,women,1,gold,athlete,Camille Balanche,Switzerland,CHE,https://en.wikipedia.org/wiki/UCI_Mountain_Bike_%26_Trials_World_Championships_%E2%80%93_Women%27s_downhill
uci_mountain_bike_world_championships,UCI Mountain Bike World Championships,2020,2020-09-01,cycling-mountain-bike-downhill,Mountain Bike Downhill,downhill,Women Elite Downhill,women,2,silver,athlete,Myriam Nicole,France,FRA,https://en.wikipedia.org/wiki/UCI_Mountain_Bike_%26_Trials_World_Championships_%E2%80%93_Women%27s_downhill
uci_mountain_bike_world_championships,UCI Mountain Bike World Championships,2020,2020-09-01,cycling-mountain-bike-downhill,Mountain Bike Downhill,downhill,Women Elite Downhill,women,3,bronze,athlete,Monika Hrastnik,Slovenia,SVN,https://en.wikipedia.org/wiki/UCI_Mountain_Bike_%26_Trials_World_Championships_%E2%80%93_Women%27s_downhill
uci_mountain_bike_world_championships,UCI Mountain Bike World Championships,2020,2020-09-01,cycling-mountain-bike-cross-country,Mountain Bike Cross-country,xco,Men Elite Cross-country,men,1,gold,athlete,Jordan Sarrou,France,FRA,https://en.wikipedia.org/wiki/UCI_Mountain_Bike_%26_Trials_World_Championships_%E2%80%93_Men%27s_cross-country
uci_mountain_bike_world_championships,UCI Mountain Bike World Championships,2020,2020-09-01,cycling-mountain-bike-cross-country,Mountain Bike Cross-country,xco,Men Elite Cross-country,men,2,silver,athlete,Mathias Flückiger,Switzerland,CHE,https://en.wikipedia.org/wiki/UCI_Mountain_Bike_%26_Trials_World_Championships_%E2%80%93_Men%27s_cross-country
uci_mountain_bike_world_championships,UCI Mountain Bike World Championships,2020,2020-09-01,cycling-mountain-bike-cross-country,Mountain Bike Cross-country,xco,Men Elite Cross-country,men,3,bronze,athlete,Titouan Carod,France,FRA,https://en.wikipedia.org/wiki/UCI_Mountain_Bike_%26_Trials_World_Championships_%E2%80%93_Men%27s_cross-country
uci_mountain_bike_world_championships,UCI Mountain Bike World Championships,2020,2020-09-01,cycling-mountain-bike-cross-country,Mountain Bike Cross-country,xco,Women Elite Cross-country,women,1,gold,athlete,Pauline Ferrand-Prévot,France,FRA,https://en.wikipedia.org/wiki/UCI_Mountain_Bike_%26_Trials_World_Championships_%E2%80%93_Women%27s_cross-country
uci_mountain_bike_world_championships,UCI Mountain Bike World Championships,2020,2020-09-01,cycling-mountain-bike-cross-country,Mountain Bike Cross-country,xco,Women Elite Cross-country,women,2,silver,athlete,Eva Lechner,Italy,ITA,https://en.wikipedia.org/wiki/UCI_Mountain_Bike_%26_Trials_World_Championships_%E2%80%93_Women%27s_cross-country
uci_mountain_bike_world_championships,UCI Mountain Bike World Championships,2020,2020-09-01,cycling-mountain-bike-cross-country,Mountain Bike Cross-country,xco,Women Elite Cross-country,women,3,bronze,athlete,Rebecca McConnell,Australia,AUS,https://en.wikipedia.org/wiki/UCI_Mountain_Bike_%26_Trials_World_Championships_%E2%80%93_Women%27s_cross-country
uci_mountain_bike_world_championships,UCI Mountain Bike World Championships,2021,2021-09-01,cycling-mountain-bike-downhill,Mountain Bike Downhill,downhill,Men Elite Downhill,men,1,gold,athlete,Greg Minnaar,South Africa,ZAF,https://en.wikipedia.org/wiki/UCI_Mountain_Bike_%26_Trials_World_Championships_%E2%80%93_Men%27s_downhill
uci_mountain_bike_world_championships,UCI Mountain Bike World Championships,2021,2021-09-01,cycling-mountain-bike-downhill,Mountain Bike Downhill,downhill,Men Elite Downhill,men,2,silver,athlete,Benoît Coulanges,France,FRA,https://en.wikipedia.org/wiki/UCI_Mountain_Bike_%26_Trials_World_Championships_%E2%80%93_Men%27s_downhill
uci_mountain_bike_world_championships,UCI Mountain Bike World Championships,2021,2021-09-01,cycling-mountain-bike-downhill,Mountain Bike Downhill,downhill,Men Elite Downhill,men,3,bronze,athlete,Troy Brosnan,Australia,AUS,https://en.wikipedia.org/wiki/UCI_Mountain_Bike_%26_Trials_World_Championships_%E2%80%93_Men%27s_downhill
uci_mountain_bike_world_championships,UCI Mountain Bike World Championships,2021,2021-09-01,cycling-mountain-bike-downhill,Mountain Bike Downhill,downhill,Women Elite Downhill,women,1,gold,athlete,Myriam Nicole,France,FRA,https://en.wikipedia.org/wiki/UCI_Mountain_Bike_%26_Trials_World_Championships_%E2%80%93_Women%27s_downhill
uci_mountain_bike_world_championships,UCI Mountain Bike World Championships,2021,2021-09-01,cycling-mountain-bike-downhill,Mountain Bike Downhill,downhill,Women Elite Downhill,women,2,silver,athlete,Marine Cabirou,France,FRA,https://en.wikipedia.org/wiki/UCI_Mountain_Bike_%26_Trials_World_Championships_%E2%80%93_Women%27s_downhill
uci_mountain_bike_world_championships,UCI Mountain Bike World Championships,2021,2021-09-01,cycling-mountain-bike-downhill,Mountain Bike Downhill,downhill,Women Elite Downhill,women,3,bronze,athlete,Camille Balanche,Switzerland,CHE,https://en.wikipedia.org/wiki/UCI_Mountain_Bike_%26_Trials_World_Championships_%E2%80%93_Women%27s_downhill
uci_mountain_bike_world_championships,UCI Mountain Bike World Championships,2021,2021-09-01,cycling-mountain-bike-cross-country,Mountain Bike Cross-country,xco,Men Elite Cross-country,men,1,gold,athlete,Nino Schurter,Switzerland,CHE,https://en.wikipedia.org/wiki/UCI_Mountain_Bike_%26_Trials_World_Championships_%E2%80%93_Men%27s_cross-country
uci_mountain_bike_world_championships,UCI Mountain Bike World Championships,2021,2021-09-01,cycling-mountain-bike-cross-country,Mountain Bike Cross-country,xco,Men Elite Cross-country,men,2,silver,athlete,Mathias Flückiger,Switzerland,CHE,https://en.wikipedia.org/wiki/UCI_Mountain_Bike_%26_Trials_World_Championships_%E2%80%93_Men%27s_cross-country
uci_mountain_bike_world_championships,UCI Mountain Bike World Championships,2021,2021-09-01,cycling-mountain-bike-cross-country,Mountain Bike Cross-country,xco,Men Elite Cross-country,men,3,bronze,athlete,Victor Koretzky,France,FRA,https://en.wikipedia.org/wiki/UCI_Mountain_Bike_%26_Trials_World_Championships_%E2%80%93_Men%27s_cross-country
uci_mountain_bike_world_championships,UCI Mountain Bike World Championships,2021,2021-09-01,cycling-mountain-bike-cross-country,Mountain Bike Cross-country,xco,Women Elite Cross-country,women,1,gold,athlete,Evie Richards,Great Britain,GBR,https://en.wikipedia.org/wiki/UCI_Mountain_Bike_%26_Trials_World_Championships_%E2%80%93_Women%27s_cross-country
uci_mountain_bike_world_championships,UCI Mountain Bike World Championships,2021,2021-09-01,cycling-mountain-bike-cross-country,Mountain Bike Cross-country,xco,Women Elite Cross-country,women,2,silver,athlete,Anne Terpstra,Netherlands,NLD,https://en.wikipedia.org/wiki/UCI_Mountain_Bike_%26_Trials_World_Championships_%E2%80%93_Women%27s_cross-country
uci_mountain_bike_world_championships,UCI Mountain Bike World Championships,2021,2021-09-01,cycling-mountain-bike-cross-country,Mountain Bike Cross-country,xco,Women Elite Cross-country,women,3,bronze,athlete,Sina Frei,Switzerland,CHE,https://en.wikipedia.org/wiki/UCI_Mountain_Bike_%26_Trials_World_Championships_%E2%80%93_Women%27s_cross-country
uci_mountain_bike_world_championships,UCI Mountain Bike World Championships,2022,2022-09-01,cycling-mountain-bike-downhill,Mountain Bike Downhill,downhill,Men Elite Downhill,men,1,gold,athlete,Loïc Bruni,France,FRA,https://en.wikipedia.org/wiki/UCI_Mountain_Bike_%26_Trials_World_Championships_%E2%80%93_Men%27s_downhill
uci_mountain_bike_world_championships,UCI Mountain Bike World Championships,2022,2022-09-01,cycling-mountain-bike-downhill,Mountain Bike Downhill,downhill,Men Elite Downhill,men,2,silver,athlete,Amaury Pierron,France,FRA,https://en.wikipedia.org/wiki/UCI_Mountain_Bike_%26_Trials_World_Championships_%E2%80%93_Men%27s_downhill
uci_mountain_bike_world_championships,UCI Mountain Bike World Championships,2022,2022-09-01,cycling-mountain-bike-downhill,Mountain Bike Downhill,downhill,Men Elite Downhill,men,3,bronze,athlete,Loris Vergier,France,FRA,https://en.wikipedia.org/wiki/UCI_Mountain_Bike_%26_Trials_World_Championships_%E2%80%93_Men%27s_downhill
uci_mountain_bike_world_championships,UCI Mountain Bike World Championships,2022,2022-09-01,cycling-mountain-bike-downhill,Mountain Bike Downhill,downhill,Women Elite Downhill,women,1,gold,athlete,Valentina Höll,Austria,AUT,https://en.wikipedia.org/wiki/UCI_Mountain_Bike_%26_Trials_World_Championships_%E2%80%93_Women%27s_downhill
uci_mountain_bike_world_championships,UCI Mountain Bike World Championships,2022,2022-09-01,cycling-mountain-bike-downhill,Mountain Bike Downhill,downhill,Women Elite Downhill,women,2,silver,athlete,Nina Hoffmann,Germany,DEU,https://en.wikipedia.org/wiki/UCI_Mountain_Bike_%26_Trials_World_Championships_%E2%80%93_Women%27s_downhill
uci_mountain_bike_world_championships,UCI Mountain Bike World Championships,2022,2022-09-01,cycling-mountain-bike-downhill,Mountain Bike Downhill,downhill,Women Elite Downhill,women,3,bronze,athlete,Myriam Nicole,France,FRA,https://en.wikipedia.org/wiki/UCI_Mountain_Bike_%26_Trials_World_Championships_%E2%80%93_Women%27s_downhill
uci_mountain_bike_world_championships,UCI Mountain Bike World Championships,2022,2022-09-01,cycling-mountain-bike-cross-country,Mountain Bike Cross-country,xco,Men Elite Cross-country,men,1,gold,athlete,Nino Schurter,Switzerland,CHE,https://en.wikipedia.org/wiki/UCI_Mountain_Bike_%26_Trials_World_Championships_%E2%80%93_Men%27s_cross-country
uci_mountain_bike_world_championships,UCI Mountain Bike World Championships,2022,2022-09-01,cycling-mountain-bike-cross-country,Mountain Bike Cross-country,xco,Men Elite Cross-country,men,2,silver,athlete,David Valero,Spain,ESP,https://en.wikipedia.org/wiki/UCI_Mountain_Bike_%26_Trials_World_Championships_%E2%80%93_Men%27s_cross-country
uci_mountain_bike_world_championships,UCI Mountain Bike World Championships,2022,2022-09-01,cycling-mountain-bike-cross-country,Mountain Bike Cross-country,xco,Men Elite Cross-country,men,3,bronze,athlete,Luca Braidot,Italy,ITA,https://en.wikipedia.org/wiki/UCI_Mountain_Bike_%26_Trials_World_Championships_%E2%80%93_Men%27s_cross-country
uci_mountain_bike_world_championships,UCI Mountain Bike World Championships,2022,2022-09-01,cycling-mountain-bike-cross-country,Mountain Bike Cross-country,xco,Women Elite Cross-country,women,1,gold,athlete,Pauline Ferrand-Prévot,France,FRA,https://en.wikipedia.org/wiki/UCI_Mountain_Bike_%26_Trials_World_Championships_%E2%80%93_Women%27s_cross-country
uci_mountain_bike_world_championships,UCI Mountain Bike World Championships,2022,2022-09-01,cycling-mountain-bike-cross-country,Mountain Bike Cross-country,xco,Women Elite Cross-country,women,2,silver,athlete,Jolanda Neff,Switzerland,CHE,https://en.wikipedia.org/wiki/UCI_Mountain_Bike_%26_Trials_World_Championships_%E2%80%93_Women%27s_cross-country
uci_mountain_bike_world_championships,UCI Mountain Bike World Championships,2022,2022-09-01,cycling-mountain-bike-cross-country,Mountain Bike Cross-country,xco,Women Elite Cross-country,women,3,bronze,athlete,Haley Batten,United States,USA,https://en.wikipedia.org/wiki/UCI_Mountain_Bike_%26_Trials_World_Championships_%E2%80%93_Women%27s_cross-country
uci_mountain_bike_world_championships,UCI Mountain Bike World Championships,2023,2023-09-01,cycling-mountain-bike-downhill,Mountain Bike Downhill,downhill,Men Elite Downhill,men,1,gold,athlete,Charlie Hatton,Great Britain,GBR,https://en.wikipedia.org/wiki/UCI_Mountain_Bike_%26_Trials_World_Championships_%E2%80%93_Men%27s_downhill
uci_mountain_bike_world_championships,UCI Mountain Bike World Championships,2023,2023-09-01,cycling-mountain-bike-downhill,Mountain Bike Downhill,downhill,Men Elite Downhill,men,2,silver,athlete,Andreas Kolb,Austria,AUT,https://en.wikipedia.org/wiki/UCI_Mountain_Bike_%26_Trials_World_Championships_%E2%80%93_Men%27s_downhill
uci_mountain_bike_world_championships,UCI Mountain Bike World Championships,2023,2023-09-01,cycling-mountain-bike-downhill,Mountain Bike Downhill,downhill,Men Elite Downhill,men,3,bronze,athlete,Laurie Greenland,Great Britain,GBR,https://en.wikipedia.org/wiki/UCI_Mountain_Bike_%26_Trials_World_Championships_%E2%80%93_Men%27s_downhill
uci_mountain_bike_world_championships,UCI Mountain Bike World Championships,2023,2023-09-01,cycling-mountain-bike-downhill,Mountain Bike Downhill,downhill,Women Elite Downhill,women,1,gold,athlete,Valentina Höll,Austria,AUT,https://en.wikipedia.org/wiki/UCI_Mountain_Bike_%26_Trials_World_Championships_%E2%80%93_Women%27s_downhill
uci_mountain_bike_world_championships,UCI Mountain Bike World Championships,2023,2023-09-01,cycling-mountain-bike-downhill,Mountain Bike Downhill,downhill,Women Elite Downhill,women,2,silver,athlete,Camille Balanche,Switzerland,CHE,https://en.wikipedia.org/wiki/UCI_Mountain_Bike_%26_Trials_World_Championships_%E2%80%93_Women%27s_downhill
uci_mountain_bike_world_championships,UCI Mountain Bike World Championships,2023,2023-09-01,cycling-mountain-bike-downhill,Mountain Bike Downhill,downhill,Women Elite Downhill,women,3,bronze,athlete,Marine Cabirou,France,FRA,https://en.wikipedia.org/wiki/UCI_Mountain_Bike_%26_Trials_World_Championships_%E2%80%93_Women%27s_downhill
uci_mountain_bike_world_championships,UCI Mountain Bike World Championships,2023,2023-09-01,cycling-mountain-bike-cross-country,Mountain Bike Cross-country,xco,Men Elite Cross-country,men,1,gold,athlete,Tom Pidcock,Great Britain,GBR,https://en.wikipedia.org/wiki/UCI_Mountain_Bike_%26_Trials_World_Championships_%E2%80%93_Men%27s_cross-country
uci_mountain_bike_world_championships,UCI Mountain Bike World Championships,2023,2023-09-01,cycling-mountain-bike-cross-country,Mountain Bike Cross-country,xco,Men Elite Cross-country,men,2,silver,athlete,Sam Gaze,New Zealand,NZL,https://en.wikipedia.org/wiki/UCI_Mountain_Bike_%26_Trials_World_Championships_%E2%80%93_Men%27s_cross-country
uci_mountain_bike_world_championships,UCI Mountain Bike World Championships,2023,2023-09-01,cycling-mountain-bike-cross-country,Mountain Bike Cross-country,xco,Men Elite Cross-country,men,3,bronze,athlete,Nino Schurter,Switzerland,CHE,https://en.wikipedia.org/wiki/UCI_Mountain_Bike_%26_Trials_World_Championships_%E2%80%93_Men%27s_cross-country
uci_mountain_bike_world_championships,UCI Mountain Bike World Championships,2023,2023-09-01,cycling-mountain-bike-cross-country,Mountain Bike Cross-country,xco,Women Elite Cross-country,women,1,gold,athlete,Pauline Ferrand-Prévot,France,FRA,https://en.wikipedia.org/wiki/UCI_Mountain_Bike_%26_Trials_World_Championships_%E2%80%93_Women%27s_cross-country
uci_mountain_bike_world_championships,UCI Mountain Bike World Championships,2023,2023-09-01,cycling-mountain-bike-cross-country,Mountain Bike Cross-country,xco,Women Elite Cross-country,women,2,silver,athlete,Loana Lecomte,France,FRA,https://en.wikipedia.org/wiki/UCI_Mountain_Bike_%26_Trials_World_Championships_%E2%80%93_Women%27s_cross-country
uci_mountain_bike_world_championships,UCI Mountain Bike World Championships,2023,2023-09-01,cycling-mountain-bike-cross-country,Mountain Bike Cross-country,xco,Women Elite Cross-country,women,3,bronze,athlete,Puck Pieterse,Netherlands,NLD,https://en.wikipedia.org/wiki/UCI_Mountain_Bike_%26_Trials_World_Championships_%E2%80%93_Women%27s_cross-country
uci_mountain_bike_world_championships,UCI Mountain Bike World Championships,2024,2024-09-01,cycling-mountain-bike-downhill,Mountain Bike Downhill,downhill,Men Elite Downhill,men,1,gold,athlete,Loris Vergier,France,FRA,https://en.wikipedia.org/wiki/UCI_Mountain_Bike_%26_Trials_World_Championships_%E2%80%93_Men%27s_downhill
uci_mountain_bike_world_championships,UCI Mountain Bike World Championships,2024,2024-09-01,cycling-mountain-bike-downhill,Mountain Bike Downhill,downhill,Men Elite Downhill,men,2,silver,athlete,Benoît Coulanges,France,FRA,https://en.wikipedia.org/wiki/UCI_Mountain_Bike_%26_Trials_World_Championships_%E2%80%93_Men%27s_downhill
uci_mountain_bike_world_championships,UCI Mountain Bike World Championships,2024,2024-09-01,cycling-mountain-bike-downhill,Mountain Bike Downhill,downhill,Men Elite Downhill,men,3,bronze,athlete,Finn Iles,Canada,CAN,https://en.wikipedia.org/wiki/UCI_Mountain_Bike_%26_Trials_World_Championships_%E2%80%93_Men%27s_downhill
uci_mountain_bike_world_championships,UCI Mountain Bike World Championships,2024,2024-09-01,cycling-mountain-bike-downhill,Mountain Bike Downhill,downhill,Women Elite Downhill,women,1,gold,athlete,Valentina Höll,Austria,AUT,https://en.wikipedia.org/wiki/UCI_Mountain_Bike_%26_Trials_World_Championships_%E2%80%93_Women%27s_downhill
uci_mountain_bike_world_championships,UCI Mountain Bike World Championships,2024,2024-09-01,cycling-mountain-bike-downhill,Mountain Bike Downhill,downhill,Women Elite Downhill,women,2,silver,athlete,Myriam Nicole,France,FRA,https://en.wikipedia.org/wiki/UCI_Mountain_Bike_%26_Trials_World_Championships_%E2%80%93_Women%27s_downhill
uci_mountain_bike_world_championships,UCI Mountain Bike World Championships,2024,2024-09-01,cycling-mountain-bike-downhill,Mountain Bike Downhill,downhill,Women Elite Downhill,women,3,bronze,athlete,Tahnée Seagrave,Great Britain,GBR,https://en.wikipedia.org/wiki/UCI_Mountain_Bike_%26_Trials_World_Championships_%E2%80%93_Women%27s_downhill
uci_mountain_bike_world_championships,UCI Mountain Bike World Championships,2024,2024-09-01,cycling-mountain-bike-cross-country,Mountain Bike Cross-country,xco,Men Elite Cross-country,men,1,gold,athlete,Alan Hatherly,South Africa,ZAF,https://en.wikipedia.org/wiki/UCI_Mountain_Bike_%26_Trials_World_Championships_%E2%80%93_Men%27s_cross-country
uci_mountain_bike_world_championships,UCI Mountain Bike World Championships,2024,2024-09-01,cycling-mountain-bike-cross-country,Mountain Bike Cross-country,xco,Men Elite Cross-country,men,2,silver,athlete,Victor Koretzky,France,FRA,https://en.wikipedia.org/wiki/UCI_Mountain_Bike_%26_Trials_World_Championships_%E2%80%93_Men%27s_cross-country
uci_mountain_bike_world_championships,UCI Mountain Bike World Championships,2024,2024-09-01,cycling-mountain-bike-cross-country,Mountain Bike Cross-country,xco,Men Elite Cross-country,men,3,bronze,athlete,Tom Pidcock,Great Britain,GBR,https://en.wikipedia.org/wiki/UCI_Mountain_Bike_%26_Trials_World_Championships_%E2%80%93_Men%27s_cross-country
uci_mountain_bike_world_championships,UCI Mountain Bike World Championships,2024,2024-09-01,cycling-mountain-bike-cross-country,Mountain Bike Cross-country,xco,Women Elite Cross-country,women,1,gold,athlete,Puck Pieterse,Netherlands,NLD,https://en.wikipedia.org/wiki/UCI_Mountain_Bike_%26_Trials_World_Championships_%E2%80%93_Women%27s_cross-country
uci_mountain_bike_world_championships,UCI Mountain Bike World Championships,2024,2024-09-01,cycling-mountain-bike-cross-country,Mountain Bike Cross-country,xco,Women Elite Cross-country,women,2,silver,athlete,Anne Terpstra,Netherlands,NLD,https://en.wikipedia.org/wiki/UCI_Mountain_Bike_%26_Trials_World_Championships_%E2%80%93_Women%27s_cross-country
uci_mountain_bike_world_championships,UCI Mountain Bike World Championships,2024,2024-09-01,cycling-mountain-bike-cross-country,Mountain Bike Cross-country,xco,Women Elite Cross-country,women,3,bronze,athlete,Martina Berta,Italy,ITA,https://en.wikipedia.org/wiki/UCI_Mountain_Bike_%26_Trials_World_Championships_%E2%80%93_Women%27s_cross-country
uci_mountain_bike_world_championships,UCI Mountain Bike World Championships,2025,2025-09-01,cycling-mountain-bike-downhill,Mountain Bike Downhill,downhill,Men Elite Downhill,men,1,gold,athlete,Jackson Goldstone,Canada,CAN,https://en.wikipedia.org/wiki/UCI_Mountain_Bike_%26_Trials_World_Championships_%E2%80%93_Men%27s_downhill
uci_mountain_bike_world_championships,UCI Mountain Bike World Championships,2025,2025-09-01,cycling-mountain-bike-downhill,Mountain Bike Downhill,downhill,Men Elite Downhill,men,2,silver,athlete,Henri Kiefer,Germany,DEU,https://en.wikipedia.org/wiki/UCI_Mountain_Bike_%26_Trials_World_Championships_%E2%80%93_Men%27s_downhill
uci_mountain_bike_world_championships,UCI Mountain Bike World Championships,2025,2025-09-01,cycling-mountain-bike-downhill,Mountain Bike Downhill,downhill,Men Elite Downhill,men,3,bronze,athlete,Ronan Dunne,Ireland,IRL,https://en.wikipedia.org/wiki/UCI_Mountain_Bike_%26_Trials_World_Championships_%E2%80%93_Men%27s_downhill
uci_mountain_bike_world_championships,UCI Mountain Bike World Championships,2025,2025-09-01,cycling-mountain-bike-downhill,Mountain Bike Downhill,downhill,Women Elite Downhill,women,1,gold,athlete,Valentina Höll,Austria,AUT,https://en.wikipedia.org/wiki/UCI_Mountain_Bike_%26_Trials_World_Championships_%E2%80%93_Women%27s_downhill
uci_mountain_bike_world_championships,UCI Mountain Bike World Championships,2025,2025-09-01,cycling-mountain-bike-downhill,Mountain Bike Downhill,downhill,Women Elite Downhill,women,2,silver,athlete,Myriam Nicole,France,FRA,https://en.wikipedia.org/wiki/UCI_Mountain_Bike_%26_Trials_World_Championships_%E2%80%93_Women%27s_downhill
uci_mountain_bike_world_championships,UCI Mountain Bike World Championships,2025,2025-09-01,cycling-mountain-bike-downhill,Mountain Bike Downhill,downhill,Women Elite Downhill,women,3,bronze,athlete,Marine Cabirou,France,FRA,https://en.wikipedia.org/wiki/UCI_Mountain_Bike_%26_Trials_World_Championships_%E2%80%93_Women%27s_downhill
uci_mountain_bike_world_championships,UCI Mountain Bike World Championships,2025,2025-09-01,cycling-mountain-bike-cross-country,Mountain Bike Cross-country,xco,Men Elite Cross-country,men,1,gold,athlete,Alan Hatherly,South Africa,ZAF,https://en.wikipedia.org/wiki/UCI_Mountain_Bike_%26_Trials_World_Championships_%E2%80%93_Men%27s_cross-country
uci_mountain_bike_world_championships,UCI Mountain Bike World Championships,2025,2025-09-01,cycling-mountain-bike-cross-country,Mountain Bike Cross-country,xco,Men Elite Cross-country,men,2,silver,athlete,Simone Avondetto,Italy,ITA,https://en.wikipedia.org/wiki/UCI_Mountain_Bike_%26_Trials_World_Championships_%E2%80%93_Men%27s_cross-country
uci_mountain_bike_world_championships,UCI Mountain Bike World Championships,2025,2025-09-01,cycling-mountain-bike-cross-country,Mountain Bike Cross-country,xco,Men Elite Cross-country,men,3,bronze,athlete,Victor Koretzky,France,FRA,https://en.wikipedia.org/wiki/UCI_Mountain_Bike_%26_Trials_World_Championships_%E2%80%93_Men%27s_cross-country
uci_mountain_bike_world_championships,UCI Mountain Bike World Championships,2025,2025-09-01,cycling-mountain-bike-cross-country,Mountain Bike Cross-country,xco,Women Elite Cross-country,women,1,gold,athlete,Jenny Rissveds,Sweden,SWE,https://en.wikipedia.org/wiki/UCI_Mountain_Bike_%26_Trials_World_Championships_%E2%80%93_Women%27s_cross-country
uci_mountain_bike_world_championships,UCI Mountain Bike World Championships,2025,2025-09-01,cycling-mountain-bike-cross-country,Mountain Bike Cross-country,xco,Women Elite Cross-country,women,2,silver,athlete,Sammie Maxwell,New Zealand,NZL,https://en.wikipedia.org/wiki/UCI_Mountain_Bike_%26_Trials_World_Championships_%E2%80%93_Women%27s_cross-country
uci_mountain_bike_world_championships,UCI Mountain Bike World Championships,2025,2025-09-01,cycling-mountain-bike-cross-country,Mountain Bike Cross-country,xco,Women Elite Cross-country,women,3,bronze,athlete,Alessandra Keller,Switzerland,CHE,https://en.wikipedia.org/wiki/UCI_Mountain_Bike_%26_Trials_World_Championships_%E2%80%93_Women%27s_cross-country
