event_id,participant_id,rank,medal,score_raw,points_awarded
fis_nordic_world_ski_championships_2001_cross-country-skiing_men_18-km-17-km-and-15-km-discontinued,SWE_Per_Elofsson,1,gold,"fis_nordic_worlds_rank=1;event=18 km, 17 km and 15 km (discontinued);team_members=;source_url=https://en.wikipedia.org/wiki/FIS_Nordic_World_Ski_Championships_2001",10.0
fis_nordic_world_ski_championships_2001_cross-country-skiing_men_18-km-17-km-and-15-km-discontinued,SWE_Mathias_Fredriksson,2,silver,"fis_nordic_worlds_rank=2;event=18 km, 17 km and 15 km (discontinued);team_members=;source_url=https://en.wikipedia.org/wiki/FIS_Nordic_World_Ski_Championships_2001",7.0
fis_nordic_world_ski_championships_2001_cross-country-skiing_men_18-km-17-km-and-15-km-discontinued,NOR_Odd-Bjørn_Hjelmeset,3,bronze,"fis_nordic_worlds_rank=3;event=18 km, 17 km and 15 km (discontinued);team_members=;source_url=https://en.wikipedia.org/wiki/FIS_Nordic_World_Ski_Championships_2001",5.0
fis_nordic_world_ski_championships_2001_cross-country-skiing_men_30-km-discontinued,EST_Andrus_Veerpalu,1,gold,fis_nordic_worlds_rank=1;event=30 km (discontinued);team_members=;source_url=https://en.wikipedia.org/wiki/FIS_Nordic_World_Ski_Championships_2001,10.0
fis_nordic_world_ski_championships_2001_cross-country-skiing_men_30-km-discontinued,NOR_Frode_Estil,2,silver,fis_nordic_worlds_rank=2;event=30 km (discontinued);team_members=;source_url=https://en.wikipedia.org/wiki/FIS_Nordic_World_Ski_Championships_2001,7.0
fis_nordic_world_ski_championships_2001_cross-country-skiing_men_30-km-discontinued,RUS_Mikhail_Ivanov,3,bronze,fis_nordic_worlds_rank=3;event=30 km (discontinued);team_members=;source_url=https://en.wikipedia.org/wiki/FIS_Nordic_World_Ski_Championships_2001,5.0
fis_nordic_world_ski_championships_2001_cross-country-skiing_men_4-10-7-5-km-relay,NOR,1,gold,fis_nordic_worlds_rank=1;event=4 × 10/7.5 km relay;team_members=Frode Estil; Odd-Bjørn Hjelmeset; Thomas Alsgaard; Tor Arne Hetland;source_url=https://en.wikipedia.org/wiki/FIS_Nordic_World_Ski_Championships_2001,10.0
fis_nordic_world_ski_championships_2001_cross-country-skiing_men_4-10-7-5-km-relay,SWE,2,silver,fis_nordic_worlds_rank=2;event=4 × 10/7.5 km relay;team_members=Urban Lindgren; Mathias Fredriksson; Magnus Ingesson; Per Elofsson;source_url=https://en.wikipedia.org/wiki/FIS_Nordic_World_Ski_Championships_2001,7.0
fis_nordic_world_ski_championships_2001_cross-country-skiing_men_4-10-7-5-km-relay,DEU,3,bronze,fis_nordic_worlds_rank=3;event=4 × 10/7.5 km relay;team_members=Jens Filbrich; Andreas Schlütter; Ron Spanuth; René Sommerfeldt;source_url=https://en.wikipedia.org/wiki/FIS_Nordic_World_Ski_Championships_2001,5.0
fis_nordic_world_ski_championships_2001_cross-country-skiing_men_50-km,ESP_Johann_Mühlegg,1,gold,fis_nordic_worlds_rank=1;event=50 km;team_members=;source_url=https://en.wikipedia.org/wiki/FIS_Nordic_World_Ski_Championships_2001,10.0
fis_nordic_world_ski_championships_2001_cross-country-skiing_men_50-km,DEU_René_Sommerfeldt,2,silver,fis_nordic_worlds_rank=2;event=50 km;team_members=;source_url=https://en.wikipedia.org/wiki/FIS_Nordic_World_Ski_Championships_2001,7.0
fis_nordic_world_ski_championships_2001_cross-country-skiing_men_50-km,RUS_Sergey_Kriyanin,3,bronze,fis_nordic_worlds_rank=3;event=50 km;team_members=;source_url=https://en.wikipedia.org/wiki/FIS_Nordic_World_Ski_Championships_2001,5.0
fis_nordic_world_ski_championships_2001_cross-country-skiing_men_combined-double-pursuit-skiathlon,SWE_Per_Elofsson,1,gold,fis_nordic_worlds_rank=1;event=Combined/double pursuit/Skiathlon;team_members=;source_url=https://en.wikipedia.org/wiki/FIS_Nordic_World_Ski_Championships_2001,10.0
fis_nordic_world_ski_championships_2001_cross-country-skiing_men_combined-double-pursuit-skiathlon,ESP_Johann_Mühlegg,2,silver,fis_nordic_worlds_rank=2;event=Combined/double pursuit/Skiathlon;team_members=;source_url=https://en.wikipedia.org/wiki/FIS_Nordic_World_Ski_Championships_2001,7.0
fis_nordic_world_ski_championships_2001_cross-country-skiing_men_combined-double-pursuit-skiathlon,RUS_Vitaly_Denisov,3,bronze,fis_nordic_worlds_rank=3;event=Combined/double pursuit/Skiathlon;team_members=;source_url=https://en.wikipedia.org/wiki/FIS_Nordic_World_Ski_Championships_2001,5.0
fis_nordic_world_ski_championships_2001_cross-country-skiing_men_individual-sprint,NOR_Tor_Arne_Hetland,1,gold,fis_nordic_worlds_rank=1;event=Individual sprint;team_members=;source_url=https://en.wikipedia.org/wiki/FIS_Nordic_World_Ski_Championships_2001,10.0
fis_nordic_world_ski_championships_2001_cross-country-skiing_men_individual-sprint,ITA_Cristian_Zorzi,2,silver,fis_nordic_worlds_rank=2;event=Individual sprint;team_members=;source_url=https://en.wikipedia.org/wiki/FIS_Nordic_World_Ski_Championships_2001,7.0
fis_nordic_world_ski_championships_2001_cross-country-skiing_men_individual-sprint,NOR_Håvard_Solbakken,3,bronze,fis_nordic_worlds_rank=3;event=Individual sprint;team_members=;source_url=https://en.wikipedia.org/wiki/FIS_Nordic_World_Ski_Championships_2001,5.0
fis_nordic_world_ski_championships_2001_cross-country-skiing_women_3-4-5-7-5-km-relay,RUS,1,gold,fis_nordic_worlds_rank=1;event=3/4 × 5/7.5 km relay;team_members=Olga Danilova; Larisa Lazutina; Yuliya Chepalova; Nina Gavrylyuk;source_url=https://en.wikipedia.org/wiki/FIS_Nordic_World_Ski_Championships_2001,10.0
fis_nordic_world_ski_championships_2001_cross-country-skiing_women_3-4-5-7-5-km-relay,NOR,2,silver,fis_nordic_worlds_rank=2;event=3/4 × 5/7.5 km relay;team_members=Anita Moen; Bente Skari; Elin Nilsen; Hilde Gjermundshaug Pedersen;source_url=https://en.wikipedia.org/wiki/FIS_Nordic_World_Ski_Championships_2001,7.0
fis_nordic_world_ski_championships_2001_cross-country-skiing_women_3-4-5-7-5-km-relay,ITA,3,bronze,fis_nordic_worlds_rank=3;event=3/4 × 5/7.5 km relay;team_members=Gabriella Paruzzi; Sabina Valbusa; Stefania Belmondo; Cristina Paluselli;source_url=https://en.wikipedia.org/wiki/FIS_Nordic_World_Ski_Championships_2001,5.0
fis_nordic_world_ski_championships_2001_nordic-combined-skiing_men_individual-large-hill,DEU_Marco_Baacke,1,gold,fis_nordic_worlds_rank=1;event=Individual large hill;team_members=;source_url=https://en.wikipedia.org/wiki/FIS_Nordic_World_Ski_Championships_2001,10.0
fis_nordic_world_ski_championships_2001_nordic-combined-skiing_men_individual-large-hill,FIN_Samppa_Lajunen,2,silver,fis_nordic_worlds_rank=2;event=Individual large hill;team_members=;source_url=https://en.wikipedia.org/wiki/FIS_Nordic_World_Ski_Championships_2001,7.0
fis_nordic_world_ski_championships_2001_nordic-combined-skiing_men_individual-large-hill,DEU_Ronny_Ackermann,3,bronze,fis_nordic_worlds_rank=3;event=Individual large hill;team_members=;source_url=https://en.wikipedia.org/wiki/FIS_Nordic_World_Ski_Championships_2001,5.0
fis_nordic_world_ski_championships_2001_nordic-combined-skiing_men_individual-normal-hill,NOR_Bjarte_Engen_Vik,1,gold,fis_nordic_worlds_rank=1;event=Individual normal hill;team_members=;source_url=https://en.wikipedia.org/wiki/FIS_Nordic_World_Ski_Championships_2001,10.0
fis_nordic_world_ski_championships_2001_nordic-combined-skiing_men_individual-normal-hill,FIN_Samppa_Lajunen,2,silver,fis_nordic_worlds_rank=2;event=Individual normal hill;team_members=;source_url=https://en.wikipedia.org/wiki/FIS_Nordic_World_Ski_Championships_2001,7.0
fis_nordic_world_ski_championships_2001_nordic-combined-skiing_men_individual-normal-hill,AUT_Felix_Gottwald,3,bronze,fis_nordic_worlds_rank=3;event=Individual normal hill;team_members=;source_url=https://en.wikipedia.org/wiki/FIS_Nordic_World_Ski_Championships_2001,5.0
fis_nordic_world_ski_championships_2001_nordic-combined-skiing_men_team,NOR,1,gold,fis_nordic_worlds_rank=1;event=Team;team_members=Kenneth Braaten; Sverre Rotevatn; Bjarte Engen Vik; Kristian Hammer;source_url=https://en.wikipedia.org/wiki/FIS_Nordic_World_Ski_Championships_2001,10.0
fis_nordic_world_ski_championships_2001_nordic-combined-skiing_men_team,AUT,2,silver,fis_nordic_worlds_rank=2;event=Team;team_members=Christophe Eugen; Mario Stecher; David Kreiner; Felix Gottwald;source_url=https://en.wikipedia.org/wiki/FIS_Nordic_World_Ski_Championships_2001,7.0
fis_nordic_world_ski_championships_2001_nordic-combined-skiing_men_team,FIN,3,bronze,fis_nordic_worlds_rank=3;event=Team;team_members=Jari Mantila; Hannu Manninen; Jaakko Tallus; Samppa Lajunen;source_url=https://en.wikipedia.org/wiki/FIS_Nordic_World_Ski_Championships_2001,5.0
fis_nordic_world_ski_championships_2001_ski-jumping_men_large-hill-individual,DEU_Martin_Schmitt,1,gold,fis_nordic_worlds_rank=1;event=Large hill individual;team_members=;source_url=https://en.wikipedia.org/wiki/FIS_Nordic_World_Ski_Championships_2001#Individual_large_hill,10.0
fis_nordic_world_ski_championships_2001_ski-jumping_men_large-hill-individual,POL_Adam_Maysz,2,silver,fis_nordic_worlds_rank=2;event=Large hill individual;team_members=;source_url=https://en.wikipedia.org/wiki/FIS_Nordic_World_Ski_Championships_2001#Individual_large_hill,7.0
fis_nordic_world_ski_championships_2001_ski-jumping_men_large-hill-individual,FIN_Janne_Ahonen,3,bronze,fis_nordic_worlds_rank=3;event=Large hill individual;team_members=;source_url=https://en.wikipedia.org/wiki/FIS_Nordic_World_Ski_Championships_2001#Individual_large_hill,5.0
fis_nordic_world_ski_championships_2001_ski-jumping_men_large-hill-team,DEU,1,gold,fis_nordic_worlds_rank=1;event=Large hill team;team_members=Sven Hannawald; Michael Uhrmann; Alexander Herr; Martin Schmitt;source_url=https://en.wikipedia.org/wiki/FIS_Nordic_World_Ski_Championships_2001#Team_large_hill,10.0
fis_nordic_world_ski_championships_2001_ski-jumping_men_large-hill-team,FIN,2,silver,fis_nordic_worlds_rank=2;event=Large hill team;team_members=Risto Jussilainen; Jani Soininen; Ville Kantee; Janne Ahonen;source_url=https://en.wikipedia.org/wiki/FIS_Nordic_World_Ski_Championships_2001#Team_large_hill,7.0
fis_nordic_world_ski_championships_2001_ski-jumping_men_large-hill-team,AUT,3,bronze,fis_nordic_worlds_rank=3;event=Large hill team;team_members=Andreas Goldberger; Wolfgang Loitzl; Martin Höllwarth; Stefan Horngacher;source_url=https://en.wikipedia.org/wiki/FIS_Nordic_World_Ski_Championships_2001#Team_large_hill,5.0
fis_nordic_world_ski_championships_2001_ski-jumping_men_normal-hill-individual,POL_Adam_Maysz,1,gold,fis_nordic_worlds_rank=1;event=Normal hill individual;team_members=;source_url=https://en.wikipedia.org/wiki/FIS_Nordic_World_Ski_Championships_2001#Individual_normal_hill,10.0
fis_nordic_world_ski_championships_2001_ski-jumping_men_normal-hill-individual,DEU_Martin_Schmitt,2,silver,fis_nordic_worlds_rank=2;event=Normal hill individual;team_members=;source_url=https://en.wikipedia.org/wiki/FIS_Nordic_World_Ski_Championships_2001#Individual_normal_hill,7.0
fis_nordic_world_ski_championships_2001_ski-jumping_men_normal-hill-individual,AUT_Martin_Höllwarth,3,bronze,fis_nordic_worlds_rank=3;event=Normal hill individual;team_members=;source_url=https://en.wikipedia.org/wiki/FIS_Nordic_World_Ski_Championships_2001#Individual_normal_hill,5.0
fis_nordic_world_ski_championships_2001_ski-jumping_men_normal-hill-team-discontinued,AUT,1,gold,fis_nordic_worlds_rank=1;event=Normal hill team (discontinued);team_members=Wolfgang Loitzl; Andreas Goldberger; Stefan Horngacher; Martin Höllwarth;source_url=https://en.wikipedia.org/wiki/FIS_Nordic_World_Ski_Championships_2001#Team_normal_hill,10.0
fis_nordic_world_ski_championships_2001_ski-jumping_men_normal-hill-team-discontinued,FIN,2,silver,fis_nordic_worlds_rank=2;event=Normal hill team (discontinued);team_members=Matti Hautamäki; Risto Jussilainen; Ville Kantee; Janne Ahonen;source_url=https://en.wikipedia.org/wiki/FIS_Nordic_World_Ski_Championships_2001#Team_normal_hill,7.0
fis_nordic_world_ski_championships_2001_ski-jumping_men_normal-hill-team-discontinued,DEU,3,bronze,fis_nordic_worlds_rank=3;event=Normal hill team (discontinued);team_members=Sven Hannawald; Michael Uhrmann; Alexander Herr; Martin Schmitt;source_url=https://en.wikipedia.org/wiki/FIS_Nordic_World_Ski_Championships_2001#Team_normal_hill,5.0
fis_nordic_world_ski_championships_2003_cross-country-skiing_men_18-km-17-km-and-15-km-discontinued,DEU_Axel_Teichmann,1,gold,"fis_nordic_worlds_rank=1;event=18 km, 17 km and 15 km (discontinued);team_members=;source_url=https://en.wikipedia.org/wiki/FIS_Nordic_World_Ski_Championships_2003",10.0
fis_nordic_world_ski_championships_2003_cross-country-skiing_men_18-km-17-km-and-15-km-discontinued,EST_Jaak_Mae,2,silver,"fis_nordic_worlds_rank=2;event=18 km, 17 km and 15 km (discontinued);team_members=;source_url=https://en.wikipedia.org/wiki/FIS_Nordic_World_Ski_Championships_2003",7.0
fis_nordic_world_ski_championships_2003_cross-country-skiing_men_18-km-17-km-and-15-km-discontinued,NOR_Frode_Estil,3,bronze,"fis_nordic_worlds_rank=3;event=18 km, 17 km and 15 km (discontinued);team_members=;source_url=https://en.wikipedia.org/wiki/FIS_Nordic_World_Ski_Championships_2003",5.0
fis_nordic_world_ski_championships_2003_cross-country-skiing_men_30-km-discontinued,NOR_Thomas_Alsgaard,1,gold,fis_nordic_worlds_rank=1;event=30 km (discontinued);team_members=;source_url=https://en.wikipedia.org/wiki/FIS_Nordic_World_Ski_Championships_2003,10.0
fis_nordic_world_ski_championships_2003_cross-country-skiing_men_30-km-discontinued,NOR_Anders_Aukland,2,silver,fis_nordic_worlds_rank=2;event=30 km (discontinued);team_members=;source_url=https://en.wikipedia.org/wiki/FIS_Nordic_World_Ski_Championships_2003,7.0
fis_nordic_world_ski_championships_2003_cross-country-skiing_men_30-km-discontinued,NOR_Frode_Estil,3,bronze,fis_nordic_worlds_rank=3;event=30 km (discontinued);team_members=;source_url=https://en.wikipedia.org/wiki/FIS_Nordic_World_Ski_Championships_2003,5.0
fis_nordic_world_ski_championships_2003_cross-country-skiing_men_4-10-7-5-km-relay,NOR,1,gold,fis_nordic_worlds_rank=1;event=4 × 10/7.5 km relay;team_members=Anders Aukland; Frode Estil; Tore Ruud Hofstad; Thomas Alsgaard;source_url=https://en.wikipedia.org/wiki/FIS_Nordic_World_Ski_Championships_2003,10.0
fis_nordic_world_ski_championships_2003_cross-country-skiing_men_4-10-7-5-km-relay,DEU,2,silver,fis_nordic_worlds_rank=2;event=4 × 10/7.5 km relay;team_members=Jens Filbrich; Andreas Schlütter; René Sommerfeldt; Axel Teichmann;source_url=https://en.wikipedia.org/wiki/FIS_Nordic_World_Ski_Championships_2003,7.0
fis_nordic_world_ski_championships_2003_cross-country-skiing_men_4-10-7-5-km-relay,SWE,3,bronze,fis_nordic_worlds_rank=3;event=4 × 10/7.5 km relay;team_members=Anders Södergren; Per Elofsson; Mathias Fredriksson; Jörgen Brink;source_url=https://en.wikipedia.org/wiki/FIS_Nordic_World_Ski_Championships_2003,5.0
fis_nordic_world_ski_championships_2003_cross-country-skiing_men_50-km,CZE_Martin_Koukal,1,gold,fis_nordic_worlds_rank=1;event=50 km;team_members=;source_url=https://en.wikipedia.org/wiki/FIS_Nordic_World_Ski_Championships_2003,10.0
fis_nordic_world_ski_championships_2003_cross-country-skiing_men_50-km,SWE_Anders_Södergren,2,silver,fis_nordic_worlds_rank=2;event=50 km;team_members=;source_url=https://en.wikipedia.org/wiki/FIS_Nordic_World_Ski_Championships_2003,7.0
fis_nordic_world_ski_championships_2003_cross-country-skiing_men_50-km,SWE_Jörgen_Brink,3,bronze,fis_nordic_worlds_rank=3;event=50 km;team_members=;source_url=https://en.wikipedia.org/wiki/FIS_Nordic_World_Ski_Championships_2003,5.0
fis_nordic_world_ski_championships_2003_cross-country-skiing_men_combined-double-pursuit-skiathlon,SWE_Per_Elofsson,1,gold,fis_nordic_worlds_rank=1;event=Combined/double pursuit/Skiathlon;team_members=;source_url=https://en.wikipedia.org/wiki/FIS_Nordic_World_Ski_Championships_2003,10.0
fis_nordic_world_ski_championships_2003_cross-country-skiing_men_combined-double-pursuit-skiathlon,NOR_Tore_Ruud_Hofstad,2,silver,fis_nordic_worlds_rank=2;event=Combined/double pursuit/Skiathlon;team_members=;source_url=https://en.wikipedia.org/wiki/FIS_Nordic_World_Ski_Championships_2003,7.0
fis_nordic_world_ski_championships_2003_cross-country-skiing_men_combined-double-pursuit-skiathlon,SWE_Jörgen_Brink,3,bronze,fis_nordic_worlds_rank=3;event=Combined/double pursuit/Skiathlon;team_members=;source_url=https://en.wikipedia.org/wiki/FIS_Nordic_World_Ski_Championships_2003,5.0
fis_nordic_world_ski_championships_2003_cross-country-skiing_men_individual-sprint,SWE_Thobias_Fredriksson,1,gold,fis_nordic_worlds_rank=1;event=Individual sprint;team_members=;source_url=https://en.wikipedia.org/wiki/FIS_Nordic_World_Ski_Championships_2003,10.0
fis_nordic_world_ski_championships_2003_cross-country-skiing_men_individual-sprint,NOR_Håvard_Bjerkeli,2,silver,fis_nordic_worlds_rank=2;event=Individual sprint;team_members=;source_url=https://en.wikipedia.org/wiki/FIS_Nordic_World_Ski_Championships_2003,7.0
fis_nordic_world_ski_championships_2003_cross-country-skiing_men_individual-sprint,NOR_Tor_Arne_Hetland,3,bronze,fis_nordic_worlds_rank=3;event=Individual sprint;team_members=;source_url=https://en.wikipedia.org/wiki/FIS_Nordic_World_Ski_Championships_2003,5.0
fis_nordic_world_ski_championships_2003_cross-country-skiing_women_3-4-5-7-5-km-relay,DEU,1,gold,fis_nordic_worlds_rank=1;event=3/4 × 5/7.5 km relay;team_members=Manuela Henkel; Viola Bauer; Claudia Künzel; Evi Sachenbacher;source_url=https://en.wikipedia.org/wiki/FIS_Nordic_World_Ski_Championships_2003,10.0
fis_nordic_world_ski_championships_2003_cross-country-skiing_women_3-4-5-7-5-km-relay,NOR,2,silver,fis_nordic_worlds_rank=2;event=3/4 × 5/7.5 km relay;team_members=Anita Moen; Marit Bjørgen; Hilde Gjermundshaug Pedersen; Vibeke Skofterud;source_url=https://en.wikipedia.org/wiki/FIS_Nordic_World_Ski_Championships_2003,7.0
fis_nordic_world_ski_championships_2003_cross-country-skiing_women_3-4-5-7-5-km-relay,RUS,3,bronze,fis_nordic_worlds_rank=3;event=3/4 × 5/7.5 km relay;team_members=Natalya Korostelyova; Olga Zavyalova; Yelena Burukhina; Nina Gavrylyuk;source_url=https://en.wikipedia.org/wiki/FIS_Nordic_World_Ski_Championships_2003,5.0
fis_nordic_world_ski_championships_2003_nordic-combined-skiing_men_individual-large-hill,USA_Johnny_Spillane,1,gold,fis_nordic_worlds_rank=1;event=Individual large hill;team_members=;source_url=https://en.wikipedia.org/wiki/FIS_Nordic_World_Ski_Championships_2003,10.0
fis_nordic_world_ski_championships_2003_nordic-combined-skiing_men_individual-large-hill,DEU_Ronny_Ackermann,2,silver,fis_nordic_worlds_rank=2;event=Individual large hill;team_members=;source_url=https://en.wikipedia.org/wiki/FIS_Nordic_World_Ski_Championships_2003,7.0
fis_nordic_world_ski_championships_2003_nordic-combined-skiing_men_individual-large-hill,AUT_Felix_Gottwald,3,bronze,fis_nordic_worlds_rank=3;event=Individual large hill;team_members=;source_url=https://en.wikipedia.org/wiki/FIS_Nordic_World_Ski_Championships_2003,5.0
fis_nordic_world_ski_championships_2003_nordic-combined-skiing_men_individual-normal-hill,DEU_Ronny_Ackermann,1,gold,fis_nordic_worlds_rank=1;event=Individual normal hill;team_members=;source_url=https://en.wikipedia.org/wiki/FIS_Nordic_World_Ski_Championships_2003,10.0
fis_nordic_world_ski_championships_2003_nordic-combined-skiing_men_individual-normal-hill,AUT_Felix_Gottwald,2,silver,fis_nordic_worlds_rank=2;event=Individual normal hill;team_members=;source_url=https://en.wikipedia.org/wiki/FIS_Nordic_World_Ski_Championships_2003,7.0
fis_nordic_world_ski_championships_2003_nordic-combined-skiing_men_individual-normal-hill,FIN_Samppa_Lajunen,3,bronze,fis_nordic_worlds_rank=3;event=Individual normal hill;team_members=;source_url=https://en.wikipedia.org/wiki/FIS_Nordic_World_Ski_Championships_2003,5.0
fis_nordic_world_ski_championships_2003_nordic-combined-skiing_men_team,AUT,1,gold,fis_nordic_worlds_rank=1;event=Team;team_members=Michael Gruber; Wilhelm Denifl; Christoph Bieler; Felix Gottwald;source_url=https://en.wikipedia.org/wiki/FIS_Nordic_World_Ski_Championships_2003,10.0
fis_nordic_world_ski_championships_2003_nordic-combined-skiing_men_team,DEU,2,silver,fis_nordic_worlds_rank=2;event=Team;team_members=Thorsten Schmitt; Georg Hettich; Björn Kircheisen; Ronny Ackermann;source_url=https://en.wikipedia.org/wiki/FIS_Nordic_World_Ski_Championships_2003,7.0
fis_nordic_world_ski_championships_2003_nordic-combined-skiing_men_team,FIN,3,bronze,fis_nordic_worlds_rank=3;event=Team;team_members=Hannu Manninen; Jouni Kaitainen; Jaakko Tallus; Samppa Lajunen;source_url=https://en.wikipedia.org/wiki/FIS_Nordic_World_Ski_Championships_2003,5.0
fis_nordic_world_ski_championships_2003_ski-jumping_men_large-hill-individual,POL_Adam_Maysz,1,gold,fis_nordic_worlds_rank=1;event=Large hill individual;team_members=;source_url=https://en.wikipedia.org/wiki/FIS_Nordic_World_Ski_Championships_2003#Individual_large_hill,10.0
fis_nordic_world_ski_championships_2003_ski-jumping_men_large-hill-individual,FIN_Matti_Hautamäki,2,silver,fis_nordic_worlds_rank=2;event=Large hill individual;team_members=;source_url=https://en.wikipedia.org/wiki/FIS_Nordic_World_Ski_Championships_2003#Individual_large_hill,7.0
fis_nordic_world_ski_championships_2003_ski-jumping_men_large-hill-individual,JPN_Noriaki_Kasai,3,bronze,fis_nordic_worlds_rank=3;event=Large hill individual;team_members=;source_url=https://en.wikipedia.org/wiki/FIS_Nordic_World_Ski_Championships_2003#Individual_large_hill,5.0
fis_nordic_world_ski_championships_2003_ski-jumping_men_large-hill-team,FIN,1,gold,fis_nordic_worlds_rank=1;event=Large hill team;team_members=Janne Ahonen; Tami Kiuru; Arttu Lappi; Matti Hautamäki;source_url=https://en.wikipedia.org/wiki/FIS_Nordic_World_Ski_Championships_2003,10.0
fis_nordic_world_ski_championships_2003_ski-jumping_men_large-hill-team,JPN,2,silver,fis_nordic_worlds_rank=2;event=Large hill team;team_members=Kazuyoshi Funaki; Akira Higashi; Hideharu Miyahira; Noriaki Kasai;source_url=https://en.wikipedia.org/wiki/FIS_Nordic_World_Ski_Championships_2003,7.0
fis_nordic_world_ski_championships_2003_ski-jumping_men_large-hill-team,NOR,3,bronze,fis_nordic_worlds_rank=3;event=Large hill team;team_members=Tommy Ingebrigtsen; Lars Bystøl; Sigurd Pettersen; Bjørn Einar Romøren;source_url=https://en.wikipedia.org/wiki/FIS_Nordic_World_Ski_Championships_2003,5.0
fis_nordic_world_ski_championships_2003_ski-jumping_men_normal-hill-individual,POL_Adam_Maysz,1,gold,fis_nordic_worlds_rank=1;event=Normal hill individual;team_members=;source_url=https://en.wikipedia.org/wiki/FIS_Nordic_World_Ski_Championships_2003#Individual_normal_hill,10.0
fis_nordic_world_ski_championships_2003_ski-jumping_men_normal-hill-individual,NOR_Tommy_Ingebrigtsen,2,silver,fis_nordic_worlds_rank=2;event=Normal hill individual;team_members=;source_url=https://en.wikipedia.org/wiki/FIS_Nordic_World_Ski_Championships_2003#Individual_normal_hill,7.0
fis_nordic_world_ski_championships_2003_ski-jumping_men_normal-hill-individual,JPN_Noriaki_Kasai,3,bronze,fis_nordic_worlds_rank=3;event=Normal hill individual;team_members=;source_url=https://en.wikipedia.org/wiki/FIS_Nordic_World_Ski_Championships_2003#Individual_normal_hill,5.0
fis_nordic_world_ski_championships_2005_cross-country-skiing_men_18-km-17-km-and-15-km-discontinued,ITA_Pietro_Piller_Cottrer,1,gold,"fis_nordic_worlds_rank=1;event=18 km, 17 km and 15 km (discontinued);team_members=;source_url=https://en.wikipedia.org/wiki/FIS_Nordic_World_Ski_Championships_2005",10.0
fis_nordic_world_ski_championships_2005_cross-country-skiing_men_18-km-17-km-and-15-km-discontinued,ITA_Fulvio_Valbusa,2,silver,"fis_nordic_worlds_rank=2;event=18 km, 17 km and 15 km (discontinued);team_members=;source_url=https://en.wikipedia.org/wiki/FIS_Nordic_World_Ski_Championships_2005",7.0
fis_nordic_world_ski_championships_2005_cross-country-skiing_men_18-km-17-km-and-15-km-discontinued,NOR_Tore_Ruud_Hofstad,3,bronze,"fis_nordic_worlds_rank=3;event=18 km, 17 km and 15 km (discontinued);team_members=;source_url=https://en.wikipedia.org/wiki/FIS_Nordic_World_Ski_Championships_2005",5.0
fis_nordic_world_ski_championships_2005_cross-country-skiing_men_4-10-7-5-km-relay,NOR,1,gold,fis_nordic_worlds_rank=1;event=4 × 10/7.5 km relay;team_members=Odd-Bjørn Hjelmeset; Frode Estil; Lars Berger; Tore Ruud Hofstad;source_url=https://en.wikipedia.org/wiki/FIS_Nordic_World_Ski_Championships_2005,10.0
fis_nordic_world_ski_championships_2005_cross-country-skiing_men_4-10-7-5-km-relay,DEU,2,silver,fis_nordic_worlds_rank=2;event=4 × 10/7.5 km relay;team_members=Jens Filbrich; Andreas Schlütter; Tobias Angerer; Axel Teichmann;source_url=https://en.wikipedia.org/wiki/FIS_Nordic_World_Ski_Championships_2005,7.0
fis_nordic_world_ski_championships_2005_cross-country-skiing_men_4-10-7-5-km-relay,RUS,3,bronze,fis_nordic_worlds_rank=3;event=4 × 10/7.5 km relay;team_members=Nikolay Pankratov; Vasily Rochev; Yevgeny Dementyev; Nikolay Bolschakov;source_url=https://en.wikipedia.org/wiki/FIS_Nordic_World_Ski_Championships_2005,5.0
fis_nordic_world_ski_championships_2005_cross-country-skiing_men_50-km,NOR_Frode_Estil,1,gold,fis_nordic_worlds_rank=1;event=50 km;team_members=;source_url=https://en.wikipedia.org/wiki/FIS_Nordic_World_Ski_Championships_2005,10.0
fis_nordic_world_ski_championships_2005_cross-country-skiing_men_50-km,NOR_Anders_Aukland,2,silver,fis_nordic_worlds_rank=2;event=50 km;team_members=;source_url=https://en.wikipedia.org/wiki/FIS_Nordic_World_Ski_Championships_2005,7.0
fis_nordic_world_ski_championships_2005_cross-country-skiing_men_50-km,NOR_Odd-Bjørn_Hjelmeset,3,bronze,fis_nordic_worlds_rank=3;event=50 km;team_members=;source_url=https://en.wikipedia.org/wiki/FIS_Nordic_World_Ski_Championships_2005,5.0
fis_nordic_world_ski_championships_2005_cross-country-skiing_men_combined-double-pursuit-skiathlon,FRA_Vincent_Vittoz,1,gold,fis_nordic_worlds_rank=1;event=Combined/double pursuit/Skiathlon;team_members=;source_url=https://en.wikipedia.org/wiki/FIS_Nordic_World_Ski_Championships_2005,10.0
fis_nordic_world_ski_championships_2005_cross-country-skiing_men_combined-double-pursuit-skiathlon,ITA_Giorgio_Di_Centa,2,silver,fis_nordic_worlds_rank=2;event=Combined/double pursuit/Skiathlon;team_members=;source_url=https://en.wikipedia.org/wiki/FIS_Nordic_World_Ski_Championships_2005,7.0
fis_nordic_world_ski_championships_2005_cross-country-skiing_men_combined-double-pursuit-skiathlon,NOR_Frode_Estil,3,bronze,fis_nordic_worlds_rank=3;event=Combined/double pursuit/Skiathlon;team_members=;source_url=https://en.wikipedia.org/wiki/FIS_Nordic_World_Ski_Championships_2005,5.0
fis_nordic_world_ski_championships_2005_cross-country-skiing_men_individual-sprint,RUS_Vasily_Rochev,1,gold,fis_nordic_worlds_rank=1;event=Individual sprint;team_members=;source_url=https://en.wikipedia.org/wiki/FIS_Nordic_World_Ski_Championships_2005,10.0
fis_nordic_world_ski_championships_2005_cross-country-skiing_men_individual-sprint,NOR_Tor_Arne_Hetland,2,silver,fis_nordic_worlds_rank=2;event=Individual sprint;team_members=;source_url=https://en.wikipedia.org/wiki/FIS_Nordic_World_Ski_Championships_2005,7.0
fis_nordic_world_ski_championships_2005_cross-country-skiing_men_individual-sprint,SWE_Thobias_Fredriksson,3,bronze,fis_nordic_worlds_rank=3;event=Individual sprint;team_members=;source_url=https://en.wikipedia.org/wiki/FIS_Nordic_World_Ski_Championships_2005,5.0
fis_nordic_world_ski_championships_2005_cross-country-skiing_men_team-sprint,NOR,1,gold,fis_nordic_worlds_rank=1;event=Team sprint;team_members=Tore Ruud Hofstad; Tor Arne Hetland;source_url=https://en.wikipedia.org/wiki/FIS_Nordic_World_Ski_Championships_2005,10.0
fis_nordic_world_ski_championships_2005_cross-country-skiing_men_team-sprint,DEU,2,silver,fis_nordic_worlds_rank=2;event=Team sprint;team_members=Jens Filbrich; Axel Teichmann;source_url=https://en.wikipedia.org/wiki/FIS_Nordic_World_Ski_Championships_2005,7.0
fis_nordic_world_ski_championships_2005_cross-country-skiing_men_team-sprint,CZE,3,bronze,fis_nordic_worlds_rank=3;event=Team sprint;team_members=Dušan Kožíšek; Martin Koukal;source_url=https://en.wikipedia.org/wiki/FIS_Nordic_World_Ski_Championships_2005,5.0
fis_nordic_world_ski_championships_2005_cross-country-skiing_women_3-4-5-7-5-km-relay,NOR,1,gold,fis_nordic_worlds_rank=1;event=3/4 × 5/7.5 km relay;team_members=Vibeke Skofterud; Hilde Gjermundshaug Pedersen; Kristin Størmer Steira; Marit Bjørgen;source_url=https://en.wikipedia.org/wiki/FIS_Nordic_World_Ski_Championships_2005,10.0
fis_nordic_world_ski_championships_2005_cross-country-skiing_women_3-4-5-7-5-km-relay,RUS,2,silver,fis_nordic_worlds_rank=2;event=3/4 × 5/7.5 km relay;team_members=Larisa Kurkina; Natalya Baranova-Masalkina; Yevgeniya Medvedeva-Arbuzova; Yuliya Chepalova;source_url=https://en.wikipedia.org/wiki/FIS_Nordic_World_Ski_Championships_2005,7.0
fis_nordic_world_ski_championships_2005_cross-country-skiing_women_3-4-5-7-5-km-relay,ITA,3,bronze,fis_nordic_worlds_rank=3;event=3/4 × 5/7.5 km relay;team_members=Gabriella Paruzzi; Antonella Confortola; Sabina Valbusa; Arianna Follis;source_url=https://en.wikipedia.org/wiki/FIS_Nordic_World_Ski_Championships_2005,5.0
fis_nordic_world_ski_championships_2005_cross-country-skiing_women_team-sprint,NOR,1,gold,fis_nordic_worlds_rank=1;event=Team sprint;team_members=Hilde Gjermundshaug Pedersen; Marit Bjørgen;source_url=https://en.wikipedia.org/wiki/FIS_Nordic_World_Ski_Championships_2005,10.0
fis_nordic_world_ski_championships_2005_cross-country-skiing_women_team-sprint,FIN,2,silver,fis_nordic_worlds_rank=2;event=Team sprint;team_members=Riitta-Liisa Lassila; Pirjo Manninen;source_url=https://en.wikipedia.org/wiki/FIS_Nordic_World_Ski_Championships_2005,7.0
fis_nordic_world_ski_championships_2005_cross-country-skiing_women_team-sprint,RUS,3,bronze,fis_nordic_worlds_rank=3;event=Team sprint;team_members=Yuliya Chepalova; Alyona Sidko;source_url=https://en.wikipedia.org/wiki/FIS_Nordic_World_Ski_Championships_2005,5.0
fis_nordic_world_ski_championships_2005_nordic-combined-skiing_men_individual-large-hill,DEU_Ronny_Ackermann,1,gold,fis_nordic_worlds_rank=1;event=Individual large hill;team_members=;source_url=https://en.wikipedia.org/wiki/FIS_Nordic_World_Ski_Championships_2005,10.0
fis_nordic_world_ski_championships_2005_nordic-combined-skiing_men_individual-large-hill,NOR_Magnus_Moan,2,silver,fis_nordic_worlds_rank=2;event=Individual large hill;team_members=;source_url=https://en.wikipedia.org/wiki/FIS_Nordic_World_Ski_Championships_2005,7.0
fis_nordic_world_ski_championships_2005_nordic-combined-skiing_men_individual-large-hill,NOR_Kristian_Hammer,3,bronze,fis_nordic_worlds_rank=3;event=Individual large hill;team_members=;source_url=https://en.wikipedia.org/wiki/FIS_Nordic_World_Ski_Championships_2005,5.0
fis_nordic_world_ski_championships_2005_nordic-combined-skiing_men_individual-normal-hill,DEU_Ronny_Ackermann,1,gold,fis_nordic_worlds_rank=1;event=Individual normal hill;team_members=;source_url=https://en.wikipedia.org/wiki/FIS_Nordic_World_Ski_Championships_2005,10.0
fis_nordic_world_ski_championships_2005_nordic-combined-skiing_men_individual-normal-hill,DEU_Björn_Kircheisen,2,silver,fis_nordic_worlds_rank=2;event=Individual normal hill;team_members=;source_url=https://en.wikipedia.org/wiki/FIS_Nordic_World_Ski_Championships_2005,7.0
fis_nordic_world_ski_championships_2005_nordic-combined-skiing_men_individual-normal-hill,AUT_Felix_Gottwald,3,bronze,fis_nordic_worlds_rank=3;event=Individual normal hill;team_members=;source_url=https://en.wikipedia.org/wiki/FIS_Nordic_World_Ski_Championships_2005,5.0
fis_nordic_world_ski_championships_2005_nordic-combined-skiing_men_team,NOR,1,gold,fis_nordic_worlds_rank=1;event=Team;team_members=Petter Tande; Håvard Klemetsen; Magnus Moan; Kristian Hammer;source_url=https://en.wikipedia.org/wiki/FIS_Nordic_World_Ski_Championships_2005,10.0
fis_nordic_world_ski_championships_2005_nordic-combined-skiing_men_team,DEU,2,silver,fis_nordic_worlds_rank=2;event=Team;team_members=Sebastian Haseney; Georg Hettich; Björn Kircheisen; Ronny Ackermann;source_url=https://en.wikipedia.org/wiki/FIS_Nordic_World_Ski_Championships_2005,7.0
fis_nordic_world_ski_championships_2005_nordic-combined-skiing_men_team,AUT,3,bronze,fis_nordic_worlds_rank=3;event=Team;team_members=Michael Gruber; Christoph Bieler; David Kreiner; Felix Gottwald;source_url=https://en.wikipedia.org/wiki/FIS_Nordic_World_Ski_Championships_2005,5.0
fis_nordic_world_ski_championships_2005_ski-jumping_men_large-hill-individual,FIN_Janne_Ahonen,1,gold,fis_nordic_worlds_rank=1;event=Large hill individual;team_members=;source_url=https://en.wikipedia.org/wiki/FIS_Nordic_World_Ski_Championships_2005#Individual_large_hill,10.0
fis_nordic_world_ski_championships_2005_ski-jumping_men_large-hill-individual,NOR_Roar_Ljøkelsøy,2,silver,fis_nordic_worlds_rank=2;event=Large hill individual;team_members=;source_url=https://en.wikipedia.org/wiki/FIS_Nordic_World_Ski_Championships_2005#Individual_large_hill,7.0
fis_nordic_world_ski_championships_2005_ski-jumping_men_large-hill-individual,CZE_Jakub_Janda,3,bronze,fis_nordic_worlds_rank=3;event=Large hill individual;team_members=;source_url=https://en.wikipedia.org/wiki/FIS_Nordic_World_Ski_Championships_2005#Individual_large_hill,5.0
fis_nordic_world_ski_championships_2005_ski-jumping_men_large-hill-team,AUT,1,gold,fis_nordic_worlds_rank=1;event=Large hill team;team_members=Wolfgang Loitzl; Andreas Widhölzl; Thomas Morgenstern; Martin Höllwarth;source_url=https://en.wikipedia.org/wiki/FIS_Nordic_World_Ski_Championships_2005,10.0
fis_nordic_world_ski_championships_2005_ski-jumping_men_large-hill-team,FIN,2,silver,fis_nordic_worlds_rank=2;event=Large hill team;team_members=Risto Jussilainen; Tami Kiuru; Matti Hautamäki; Janne Ahonen;source_url=https://en.wikipedia.org/wiki/FIS_Nordic_World_Ski_Championships_2005,7.0
fis_nordic_world_ski_championships_2005_ski-jumping_men_large-hill-team,NOR,3,bronze,fis_nordic_worlds_rank=3;event=Large hill team;team_members=Bjørn Einar Romøren; Sigurd Pettersen; Lars Bystøl; Roar Ljøkelsøy;source_url=https://en.wikipedia.org/wiki/FIS_Nordic_World_Ski_Championships_2005,5.0
fis_nordic_world_ski_championships_2005_ski-jumping_men_normal-hill-individual,SVN_Rok_Benkovi,1,gold,fis_nordic_worlds_rank=1;event=Normal hill individual;team_members=;source_url=https://en.wikipedia.org/wiki/FIS_Nordic_World_Ski_Championships_2005#Individual_normal_hill,10.0
fis_nordic_world_ski_championships_2005_ski-jumping_men_normal-hill-individual,CZE_Jakub_Janda,2,silver,fis_nordic_worlds_rank=2;event=Normal hill individual;team_members=;source_url=https://en.wikipedia.org/wiki/FIS_Nordic_World_Ski_Championships_2005#Individual_normal_hill,7.0
fis_nordic_world_ski_championships_2005_ski-jumping_men_normal-hill-individual,FIN_Janne_Ahonen,3,bronze,fis_nordic_worlds_rank=3;event=Normal hill individual;team_members=;source_url=https://en.wikipedia.org/wiki/FIS_Nordic_World_Ski_Championships_2005#Individual_normal_hill,5.0
fis_nordic_world_ski_championships_2005_ski-jumping_men_normal-hill-team-discontinued,AUT,1,gold,fis_nordic_worlds_rank=1;event=Normal hill team (discontinued);team_members=Wolfgang Loitzl; Andreas Widhölzl; Thomas Morgenstern; Martin Höllwarth;source_url=https://en.wikipedia.org/wiki/FIS_Nordic_World_Ski_Championships_2005#Team_normal_hill,10.0
fis_nordic_world_ski_championships_2005_ski-jumping_men_normal-hill-team-discontinued,DEU,2,silver,fis_nordic_worlds_rank=2;event=Normal hill team (discontinued);team_members=Michael Neumayer; Martin Schmitt; Michael Uhrmann; Georg Späth;source_url=https://en.wikipedia.org/wiki/FIS_Nordic_World_Ski_Championships_2005#Team_normal_hill,7.0
fis_nordic_world_ski_championships_2005_ski-jumping_men_normal-hill-team-discontinued,SVN,3,bronze,fis_nordic_worlds_rank=3;event=Normal hill team (discontinued);team_members=Primož Peterka; Jure Bogataj; Rok Benkovič; Jernej Damjan;source_url=https://en.wikipedia.org/wiki/FIS_Nordic_World_Ski_Championships_2005#Team_normal_hill,5.0
fis_nordic_world_ski_championships_2007_cross-country-skiing_men_18-km-17-km-and-15-km-discontinued,NOR_Lars_Berger,1,gold,"fis_nordic_worlds_rank=1;event=18 km, 17 km and 15 km (discontinued);team_members=;source_url=https://en.wikipedia.org/wiki/FIS_Nordic_World_Ski_Championships_2007",10.0
fis_nordic_world_ski_championships_2007_cross-country-skiing_men_18-km-17-km-and-15-km-discontinued,BLR_Leanid_Karneyenka,2,silver,"fis_nordic_worlds_rank=2;event=18 km, 17 km and 15 km (discontinued);team_members=;source_url=https://en.wikipedia.org/wiki/FIS_Nordic_World_Ski_Championships_2007",7.0
fis_nordic_world_ski_championships_2007_cross-country-skiing_men_18-km-17-km-and-15-km-discontinued,DEU_Tobias_Angerer,3,bronze,"fis_nordic_worlds_rank=3;event=18 km, 17 km and 15 km (discontinued);team_members=;source_url=https://en.wikipedia.org/wiki/FIS_Nordic_World_Ski_Championships_2007",5.0
fis_nordic_world_ski_championships_2007_cross-country-skiing_men_4-10-7-5-km-relay,NOR,1,gold,fis_nordic_worlds_rank=1;event=4 × 10/7.5 km relay;team_members=Eldar Rønning; Odd-Bjørn Hjelmeset; Lars Berger; Petter Northug;source_url=https://en.wikipedia.org/wiki/FIS_Nordic_World_Ski_Championships_2007,10.0
fis_nordic_world_ski_championships_2007_cross-country-skiing_men_4-10-7-5-km-relay,RUS,2,silver,fis_nordic_worlds_rank=2;event=4 × 10/7.5 km relay;team_members=Nikolai Pankratov; Vasily Rochev; Alexander Legkov; Evgeni Dementiev;source_url=https://en.wikipedia.org/wiki/FIS_Nordic_World_Ski_Championships_2007,7.0
fis_nordic_world_ski_championships_2007_cross-country-skiing_men_4-10-7-5-km-relay,SWE,3,bronze,fis_nordic_worlds_rank=3;event=4 × 10/7.5 km relay;team_members=Martin Larsson; Mathias Fredriksson; Marcus Hellner; Anders Södergren;source_url=https://en.wikipedia.org/wiki/FIS_Nordic_World_Ski_Championships_2007,5.0
fis_nordic_world_ski_championships_2007_cross-country-skiing_men_50-km,NOR_Odd-Bjørn_Hjelmeset,1,gold,fis_nordic_worlds_rank=1;event=50 km;team_members=;source_url=https://en.wikipedia.org/wiki/FIS_Nordic_World_Ski_Championships_2007,10.0
fis_nordic_world_ski_championships_2007_cross-country-skiing_men_50-km,NOR_Frode_Estil,2,silver,fis_nordic_worlds_rank=2;event=50 km;team_members=;source_url=https://en.wikipedia.org/wiki/FIS_Nordic_World_Ski_Championships_2007,7.0
fis_nordic_world_ski_championships_2007_cross-country-skiing_men_50-km,DEU_Jens_Filbrich,3,bronze,fis_nordic_worlds_rank=3;event=50 km;team_members=;source_url=https://en.wikipedia.org/wiki/FIS_Nordic_World_Ski_Championships_2007,5.0
fis_nordic_world_ski_championships_2007_cross-country-skiing_men_combined-double-pursuit-skiathlon,DEU_Axel_Teichmann,1,gold,fis_nordic_worlds_rank=1;event=Combined/double pursuit/Skiathlon;team_members=;source_url=https://en.wikipedia.org/wiki/FIS_Nordic_World_Ski_Championships_2007,10.0
fis_nordic_world_ski_championships_2007_cross-country-skiing_men_combined-double-pursuit-skiathlon,DEU_Tobias_Angerer,2,silver,fis_nordic_worlds_rank=2;event=Combined/double pursuit/Skiathlon;team_members=;source_url=https://en.wikipedia.org/wiki/FIS_Nordic_World_Ski_Championships_2007,7.0
fis_nordic_world_ski_championships_2007_cross-country-skiing_men_combined-double-pursuit-skiathlon,ITA_Pietro_Piller_Cottrer,3,bronze,fis_nordic_worlds_rank=3;event=Combined/double pursuit/Skiathlon;team_members=;source_url=https://en.wikipedia.org/wiki/FIS_Nordic_World_Ski_Championships_2007,5.0
fis_nordic_world_ski_championships_2007_cross-country-skiing_men_individual-sprint,NOR_Jens_Arne_Svartedal,1,gold,fis_nordic_worlds_rank=1;event=Individual sprint;team_members=;source_url=https://en.wikipedia.org/wiki/FIS_Nordic_World_Ski_Championships_2007,10.0
fis_nordic_world_ski_championships_2007_cross-country-skiing_men_individual-sprint,SWE_Mats_Larsson,2,silver,fis_nordic_worlds_rank=2;event=Individual sprint;team_members=;source_url=https://en.wikipedia.org/wiki/FIS_Nordic_World_Ski_Championships_2007,7.0
fis_nordic_world_ski_championships_2007_cross-country-skiing_men_individual-sprint,NOR_Eldar_Rønning,3,bronze,fis_nordic_worlds_rank=3;event=Individual sprint;team_members=;source_url=https://en.wikipedia.org/wiki/FIS_Nordic_World_Ski_Championships_2007,5.0
fis_nordic_world_ski_championships_2007_cross-country-skiing_men_team-sprint,ITA,1,gold,fis_nordic_worlds_rank=1;event=Team sprint;team_members=Renato Pasini; Cristian Zorzi;source_url=https://en.wikipedia.org/wiki/FIS_Nordic_World_Ski_Championships_2007,10.0
fis_nordic_world_ski_championships_2007_cross-country-skiing_men_team-sprint,RUS,2,silver,fis_nordic_worlds_rank=2;event=Team sprint;team_members=Nikolay Morilov; Vasily Rochev;source_url=https://en.wikipedia.org/wiki/FIS_Nordic_World_Ski_Championships_2007,7.0
fis_nordic_world_ski_championships_2007_cross-country-skiing_men_team-sprint,CZE,3,bronze,fis_nordic_worlds_rank=3;event=Team sprint;team_members=Milan Šperl; Dušan Kožíšek;source_url=https://en.wikipedia.org/wiki/FIS_Nordic_World_Ski_Championships_2007,5.0
fis_nordic_world_ski_championships_2007_cross-country-skiing_women_3-4-5-7-5-km-relay,FIN,1,gold,fis_nordic_worlds_rank=1;event=3/4 × 5/7.5 km relay;team_members=Virpi Kuitunen; Aino-Kaisa Saarinen; Riitta-Liisa Roponen; Pirjo Manninen;source_url=https://en.wikipedia.org/wiki/FIS_Nordic_World_Ski_Championships_2007,10.0
fis_nordic_world_ski_championships_2007_cross-country-skiing_women_3-4-5-7-5-km-relay,DEU,2,silver,fis_nordic_worlds_rank=2;event=3/4 × 5/7.5 km relay;team_members=Stefanie Böhler; Viola Bauer; Claudia Künzel-Nystad; Evi Sachenbacher-Stehle;source_url=https://en.wikipedia.org/wiki/FIS_Nordic_World_Ski_Championships_2007,7.0
fis_nordic_world_ski_championships_2007_cross-country-skiing_women_3-4-5-7-5-km-relay,NOR,3,bronze,fis_nordic_worlds_rank=3;event=3/4 × 5/7.5 km relay;team_members=Vibeke Skofterud; Marit Bjørgen; Kristin Størmer Steira; Astrid Uhrenholdt Jacobsen;source_url=https://en.wikipedia.org/wiki/FIS_Nordic_World_Ski_Championships_2007,5.0
fis_nordic_world_ski_championships_2007_cross-country-skiing_women_team-sprint,FIN,1,gold,fis_nordic_worlds_rank=1;event=Team sprint;team_members=Riitta-Liisa Roponen; Virpi Kuitunen;source_url=https://en.wikipedia.org/wiki/FIS_Nordic_World_Ski_Championships_2007,10.0
fis_nordic_world_ski_championships_2007_cross-country-skiing_women_team-sprint,DEU,2,silver,fis_nordic_worlds_rank=2;event=Team sprint;team_members=Evi Sachenbacher-Stehle; Claudia Künzel-Nystad;source_url=https://en.wikipedia.org/wiki/FIS_Nordic_World_Ski_Championships_2007,7.0
fis_nordic_world_ski_championships_2007_cross-country-skiing_women_team-sprint,NOR,3,bronze,fis_nordic_worlds_rank=3;event=Team sprint;team_members=Astrid Uhrenholdt Jacobsen; Marit Bjørgen;source_url=https://en.wikipedia.org/wiki/FIS_Nordic_World_Ski_Championships_2007,5.0
fis_nordic_world_ski_championships_2007_nordic-combined-skiing_men_individual-large-hill,FIN_Hannu_Manninen,1,gold,fis_nordic_worlds_rank=1;event=Individual large hill;team_members=;source_url=https://en.wikipedia.org/wiki/FIS_Nordic_World_Ski_Championships_2007,10.0
fis_nordic_world_ski_championships_2007_nordic-combined-skiing_men_individual-large-hill,NOR_Magnus_Moan,2,silver,fis_nordic_worlds_rank=2;event=Individual large hill;team_members=;source_url=https://en.wikipedia.org/wiki/FIS_Nordic_World_Ski_Championships_2007,7.0
fis_nordic_world_ski_championships_2007_nordic-combined-skiing_men_individual-large-hill,DEU_Björn_Kircheisen,3,bronze,fis_nordic_worlds_rank=3;event=Individual large hill;team_members=;source_url=https://en.wikipedia.org/wiki/FIS_Nordic_World_Ski_Championships_2007,5.0
fis_nordic_world_ski_championships_2007_nordic-combined-skiing_men_individual-normal-hill,DEU_Ronny_Ackermann,1,gold,fis_nordic_worlds_rank=1;event=Individual normal hill;team_members=;source_url=https://en.wikipedia.org/wiki/FIS_Nordic_World_Ski_Championships_2007,10.0
fis_nordic_world_ski_championships_2007_nordic-combined-skiing_men_individual-normal-hill,USA_Bill_Demong,2,silver,fis_nordic_worlds_rank=2;event=Individual normal hill;team_members=;source_url=https://en.wikipedia.org/wiki/FIS_Nordic_World_Ski_Championships_2007,7.0
fis_nordic_world_ski_championships_2007_nordic-combined-skiing_men_individual-normal-hill,FIN_Anssi_Koivuranta,3,bronze,fis_nordic_worlds_rank=3;event=Individual normal hill;team_members=;source_url=https://en.wikipedia.org/wiki/FIS_Nordic_World_Ski_Championships_2007,5.0
fis_nordic_world_ski_championships_2007_nordic-combined-skiing_men_team,FIN,1,gold,fis_nordic_worlds_rank=1;event=Team;team_members=Anssi Koivuranta; Janne Ryynänen; Jaakko Tallus; Hannu Manninen;source_url=https://en.wikipedia.org/wiki/FIS_Nordic_World_Ski_Championships_2007,10.0
fis_nordic_world_ski_championships_2007_nordic-combined-skiing_men_team,DEU,2,silver,fis_nordic_worlds_rank=2;event=Team;team_members=Sebastian Haseney; Ronny Ackermann; Tino Edelmann; Björn Kircheisen;source_url=https://en.wikipedia.org/wiki/FIS_Nordic_World_Ski_Championships_2007,7.0
fis_nordic_world_ski_championships_2007_nordic-combined-skiing_men_team,NOR,3,bronze,fis_nordic_worlds_rank=3;event=Team;team_members=Håvard Klemetsen; Espen Rian; Petter Tande; Magnus Moan;source_url=https://en.wikipedia.org/wiki/FIS_Nordic_World_Ski_Championships_2007,5.0
fis_nordic_world_ski_championships_2007_ski-jumping_men_large-hill-individual,CHE_Simon_Ammann,1,gold,fis_nordic_worlds_rank=1;event=Large hill individual;team_members=;source_url=https://en.wikipedia.org/wiki/Ski_jumping_at_the_FIS_Nordic_World_Ski_Championships_2007#Individual_large_(HS134)_hill,10.0
fis_nordic_world_ski_championships_2007_ski-jumping_men_large-hill-individual,FIN_Harri_Olli,2,silver,fis_nordic_worlds_rank=2;event=Large hill individual;team_members=;source_url=https://en.wikipedia.org/wiki/Ski_jumping_at_the_FIS_Nordic_World_Ski_Championships_2007#Individual_large_(HS134)_hill,7.0
fis_nordic_world_ski_championships_2007_ski-jumping_men_large-hill-individual,NOR_Roar_Ljøkelsøy,3,bronze,fis_nordic_worlds_rank=3;event=Large hill individual;team_members=;source_url=https://en.wikipedia.org/wiki/Ski_jumping_at_the_FIS_Nordic_World_Ski_Championships_2007#Individual_large_(HS134)_hill,5.0
fis_nordic_world_ski_championships_2007_ski-jumping_men_large-hill-team,AUT,1,gold,fis_nordic_worlds_rank=1;event=Large hill team;team_members=Wolfgang Loitzl; Gregor Schlierenzauer; Andreas Kofler; Thomas Morgenstern;source_url=https://en.wikipedia.org/wiki/Ski_jumping_at_the_FIS_Nordic_World_Ski_Championships_2007#Team_large_(HS134)_hill,10.0
fis_nordic_world_ski_championships_2007_ski-jumping_men_large-hill-team,NOR,2,silver,fis_nordic_worlds_rank=2;event=Large hill team;team_members=Tom Hilde; Anders Bardal; Anders Jacobsen; Roar Ljøkelsøy;source_url=https://en.wikipedia.org/wiki/Ski_jumping_at_the_FIS_Nordic_World_Ski_Championships_2007#Team_large_(HS134)_hill,7.0
fis_nordic_world_ski_championships_2007_ski-jumping_men_large-hill-team,JPN,3,bronze,fis_nordic_worlds_rank=3;event=Large hill team;team_members=Shōhei Tochimoto; Takanobu Okabe; Daiki Itō; Noriaki Kasai;source_url=https://en.wikipedia.org/wiki/Ski_jumping_at_the_FIS_Nordic_World_Ski_Championships_2007#Team_large_(HS134)_hill,5.0
fis_nordic_world_ski_championships_2007_ski-jumping_men_normal-hill-individual,POL_Adam_Maysz,1,gold,fis_nordic_worlds_rank=1;event=Normal hill individual;team_members=;source_url=https://en.wikipedia.org/wiki/Ski_jumping_at_the_FIS_Nordic_World_Ski_Championships_2007#Individual_normal_(HS100)_hill,10.0
fis_nordic_world_ski_championships_2007_ski-jumping_men_normal-hill-individual,CHE_Simon_Ammann,2,silver,fis_nordic_worlds_rank=2;event=Normal hill individual;team_members=;source_url=https://en.wikipedia.org/wiki/Ski_jumping_at_the_FIS_Nordic_World_Ski_Championships_2007#Individual_normal_(HS100)_hill,7.0
fis_nordic_world_ski_championships_2007_ski-jumping_men_normal-hill-individual,AUT_Thomas_Morgenstern,3,bronze,fis_nordic_worlds_rank=3;event=Normal hill individual;team_members=;source_url=https://en.wikipedia.org/wiki/Ski_jumping_at_the_FIS_Nordic_World_Ski_Championships_2007#Individual_normal_(HS100)_hill,5.0
fis_nordic_world_ski_championships_2009_cross-country-skiing_men_18-km-17-km-and-15-km-discontinued,EST_Andrus_Veerpalu,1,gold,"fis_nordic_worlds_rank=1;event=18 km, 17 km and 15 km (discontinued);team_members=;source_url=https://en.wikipedia.org/wiki/FIS_Nordic_World_Ski_Championships_2009",10.0
fis_nordic_world_ski_championships_2009_cross-country-skiing_men_18-km-17-km-and-15-km-discontinued,CZE_Luká_Bauer,2,silver,"fis_nordic_worlds_rank=2;event=18 km, 17 km and 15 km (discontinued);team_members=;source_url=https://en.wikipedia.org/wiki/FIS_Nordic_World_Ski_Championships_2009",7.0
fis_nordic_world_ski_championships_2009_cross-country-skiing_men_18-km-17-km-and-15-km-discontinued,FIN_Matti_Heikkinen,3,bronze,"fis_nordic_worlds_rank=3;event=18 km, 17 km and 15 km (discontinued);team_members=;source_url=https://en.wikipedia.org/wiki/FIS_Nordic_World_Ski_Championships_2009",5.0
fis_nordic_world_ski_championships_2009_cross-country-skiing_men_4-10-7-5-km-relay,NOR,1,gold,fis_nordic_worlds_rank=1;event=4 × 10/7.5 km relay;team_members=Eldar Rønning; Odd-Bjørn Hjelmeset; Tore Ruud Hofstad; Petter Northug;source_url=https://en.wikipedia.org/wiki/FIS_Nordic_World_Ski_Championships_2009,10.0
fis_nordic_world_ski_championships_2009_cross-country-skiing_men_4-10-7-5-km-relay,DEU,2,silver,fis_nordic_worlds_rank=2;event=4 × 10/7.5 km relay;team_members=Jens Filbrich; Tobias Angerer; Franz Göring; Axel Teichmann;source_url=https://en.wikipedia.org/wiki/FIS_Nordic_World_Ski_Championships_2009,7.0
fis_nordic_world_ski_championships_2009_cross-country-skiing_men_4-10-7-5-km-relay,FIN,3,bronze,fis_nordic_worlds_rank=3;event=4 × 10/7.5 km relay;team_members=Matti Heikkinen; Sami Jauhojärvi; Teemu Kattilakoski; Ville Nousiainen;source_url=https://en.wikipedia.org/wiki/FIS_Nordic_World_Ski_Championships_2009,5.0
fis_nordic_world_ski_championships_2009_cross-country-skiing_men_50-km,NOR_Petter_Northug,1,gold,fis_nordic_worlds_rank=1;event=50 km;team_members=;source_url=https://en.wikipedia.org/wiki/FIS_Nordic_World_Ski_Championships_2009,10.0
fis_nordic_world_ski_championships_2009_cross-country-skiing_men_50-km,RUS_Maxim_Vylegzhanin,2,silver,fis_nordic_worlds_rank=2;event=50 km;team_members=;source_url=https://en.wikipedia.org/wiki/FIS_Nordic_World_Ski_Championships_2009,7.0
fis_nordic_world_ski_championships_2009_cross-country-skiing_men_50-km,DEU_Tobias_Angerer,3,bronze,fis_nordic_worlds_rank=3;event=50 km;team_members=;source_url=https://en.wikipedia.org/wiki/FIS_Nordic_World_Ski_Championships_2009,5.0
fis_nordic_world_ski_championships_2009_cross-country-skiing_men_combined-double-pursuit-skiathlon,NOR_Petter_Northug,1,gold,fis_nordic_worlds_rank=1;event=Combined/double pursuit/Skiathlon;team_members=;source_url=https://en.wikipedia.org/wiki/FIS_Nordic_World_Ski_Championships_2009,10.0
fis_nordic_world_ski_championships_2009_cross-country-skiing_men_combined-double-pursuit-skiathlon,SWE_Anders_Södergren,2,silver,fis_nordic_worlds_rank=2;event=Combined/double pursuit/Skiathlon;team_members=;source_url=https://en.wikipedia.org/wiki/FIS_Nordic_World_Ski_Championships_2009,7.0
fis_nordic_world_ski_championships_2009_cross-country-skiing_men_combined-double-pursuit-skiathlon,ITA_Giorgio_Di_Centa,3,bronze,fis_nordic_worlds_rank=3;event=Combined/double pursuit/Skiathlon;team_members=;source_url=https://en.wikipedia.org/wiki/FIS_Nordic_World_Ski_Championships_2009,5.0
fis_nordic_world_ski_championships_2009_cross-country-skiing_men_individual-sprint,NOR_Ola_Vigen_Hattestad,1,gold,fis_nordic_worlds_rank=1;event=Individual sprint;team_members=;source_url=https://en.wikipedia.org/wiki/FIS_Nordic_World_Ski_Championships_2009,10.0
fis_nordic_world_ski_championships_2009_cross-country-skiing_men_individual-sprint,NOR_Johan_Kjølstad,2,silver,fis_nordic_worlds_rank=2;event=Individual sprint;team_members=;source_url=https://en.wikipedia.org/wiki/FIS_Nordic_World_Ski_Championships_2009,7.0
fis_nordic_world_ski_championships_2009_cross-country-skiing_men_individual-sprint,RUS_Nikolay_Morilov,3,bronze,fis_nordic_worlds_rank=3;event=Individual sprint;team_members=;source_url=https://en.wikipedia.org/wiki/FIS_Nordic_World_Ski_Championships_2009,5.0
fis_nordic_world_ski_championships_2009_cross-country-skiing_men_team-sprint,NOR,1,gold,fis_nordic_worlds_rank=1;event=Team sprint;team_members=Johan Kjølstad; Ola Vigen Hattestad;source_url=https://en.wikipedia.org/wiki/FIS_Nordic_World_Ski_Championships_2009,10.0
fis_nordic_world_ski_championships_2009_cross-country-skiing_men_team-sprint,DEU,2,silver,fis_nordic_worlds_rank=2;event=Team sprint;team_members=Tobias Angerer; Axel Teichmann;source_url=https://en.wikipedia.org/wiki/FIS_Nordic_World_Ski_Championships_2009,7.0
fis_nordic_world_ski_championships_2009_cross-country-skiing_men_team-sprint,FIN,3,bronze,fis_nordic_worlds_rank=3;event=Team sprint;team_members=Ville Nousiainen; Sami Jauhojärvi;source_url=https://en.wikipedia.org/wiki/FIS_Nordic_World_Ski_Championships_2009,5.0
fis_nordic_world_ski_championships_2009_cross-country-skiing_women_3-4-5-7-5-km-relay,FIN,1,gold,fis_nordic_worlds_rank=1;event=3/4 × 5/7.5 km relay;team_members=Pirjo Muranen; Virpi Kuitunen; Riitta-Liisa Roponen; Aino-Kaisa Saarinen;source_url=https://en.wikipedia.org/wiki/FIS_Nordic_World_Ski_Championships_2009,10.0
fis_nordic_world_ski_championships_2009_cross-country-skiing_women_3-4-5-7-5-km-relay,DEU,2,silver,fis_nordic_worlds_rank=2;event=3/4 × 5/7.5 km relay;team_members=Katrin Zeller; Evi Sachenbacher-Stehle; Miriam Gössner; Claudia Künzel-Nystad;source_url=https://en.wikipedia.org/wiki/FIS_Nordic_World_Ski_Championships_2009,7.0
fis_nordic_world_ski_championships_2009_cross-country-skiing_women_3-4-5-7-5-km-relay,SWE,3,bronze,fis_nordic_worlds_rank=3;event=3/4 × 5/7.5 km relay;team_members=Lina Andersson; Britta Norgren; Anna Haag; Charlotte Kalla;source_url=https://en.wikipedia.org/wiki/FIS_Nordic_World_Ski_Championships_2009,5.0
fis_nordic_world_ski_championships_2009_cross-country-skiing_women_team-sprint,FIN,1,gold,fis_nordic_worlds_rank=1;event=Team sprint;team_members=Aino-Kaisa Saarinen; Virpi Kuitunen;source_url=https://en.wikipedia.org/wiki/FIS_Nordic_World_Ski_Championships_2009,10.0
fis_nordic_world_ski_championships_2009_cross-country-skiing_women_team-sprint,SWE,2,silver,fis_nordic_worlds_rank=2;event=Team sprint;team_members=Anna Olsson; Lina Andersson;source_url=https://en.wikipedia.org/wiki/FIS_Nordic_World_Ski_Championships_2009,7.0
fis_nordic_world_ski_championships_2009_cross-country-skiing_women_team-sprint,ITA,3,bronze,fis_nordic_worlds_rank=3;event=Team sprint;team_members=Marianna Longa; Arianna Follis;source_url=https://en.wikipedia.org/wiki/FIS_Nordic_World_Ski_Championships_2009,5.0
fis_nordic_world_ski_championships_2009_nordic-combined-skiing_men_individual-large-hill,USA_Bill_Demong,1,gold,fis_nordic_worlds_rank=1;event=Individual large hill;team_members=;source_url=https://en.wikipedia.org/wiki/FIS_Nordic_World_Ski_Championships_2009,10.0
fis_nordic_world_ski_championships_2009_nordic-combined-skiing_men_individual-large-hill,DEU_Björn_Kircheisen,2,silver,fis_nordic_worlds_rank=2;event=Individual large hill;team_members=;source_url=https://en.wikipedia.org/wiki/FIS_Nordic_World_Ski_Championships_2009,7.0
fis_nordic_world_ski_championships_2009_nordic-combined-skiing_men_individual-large-hill,FRA_Jason_Lamy-Chappuis,3,bronze,fis_nordic_worlds_rank=3;event=Individual large hill;team_members=;source_url=https://en.wikipedia.org/wiki/FIS_Nordic_World_Ski_Championships_2009,5.0
fis_nordic_world_ski_championships_2009_nordic-combined-skiing_men_individual-normal-hill,USA_Todd_Lodwick,1,gold,fis_nordic_worlds_rank=1;event=Individual normal hill;team_members=;source_url=https://en.wikipedia.org/wiki/FIS_Nordic_World_Ski_Championships_2009,10.0
fis_nordic_world_ski_championships_2009_nordic-combined-skiing_men_individual-normal-hill,NOR_Jan_Schmid,2,silver,fis_nordic_worlds_rank=2;event=Individual normal hill;team_members=;source_url=https://en.wikipedia.org/wiki/FIS_Nordic_World_Ski_Championships_2009,7.0
fis_nordic_world_ski_championships_2009_nordic-combined-skiing_men_individual-normal-hill,USA_Bill_Demong,3,bronze,fis_nordic_worlds_rank=3;event=Individual normal hill;team_members=;source_url=https://en.wikipedia.org/wiki/FIS_Nordic_World_Ski_Championships_2009,5.0
fis_nordic_world_ski_championships_2009_nordic-combined-skiing_men_mass-start-discontinued,USA_Todd_Lodwick,1,gold,fis_nordic_worlds_rank=1;event=Mass start (discontinued);team_members=;source_url=https://en.wikipedia.org/wiki/FIS_Nordic_World_Ski_Championships_2009,10.0
fis_nordic_world_ski_championships_2009_nordic-combined-skiing_men_mass-start-discontinued,DEU_Tino_Edelmann,2,silver,fis_nordic_worlds_rank=2;event=Mass start (discontinued);team_members=;source_url=https://en.wikipedia.org/wiki/FIS_Nordic_World_Ski_Championships_2009,7.0
fis_nordic_world_ski_championships_2009_nordic-combined-skiing_men_mass-start-discontinued,FRA_Jason_Lamy-Chappuis,3,bronze,fis_nordic_worlds_rank=3;event=Mass start (discontinued);team_members=;source_url=https://en.wikipedia.org/wiki/FIS_Nordic_World_Ski_Championships_2009,5.0
fis_nordic_world_ski_championships_2009_nordic-combined-skiing_men_team,JPN,1,gold,fis_nordic_worlds_rank=1;event=Team;team_members=Yūsuke Minato; Taihei Kato; Akito Watabe; Norihito Kobayashi;source_url=https://en.wikipedia.org/wiki/FIS_Nordic_World_Ski_Championships_2009,10.0
fis_nordic_world_ski_championships_2009_nordic-combined-skiing_men_team,DEU,2,silver,fis_nordic_worlds_rank=2;event=Team;team_members=Ronny Ackermann; Eric Frenzel; Björn Kircheisen; Tino Edelmann;source_url=https://en.wikipedia.org/wiki/FIS_Nordic_World_Ski_Championships_2009,7.0
fis_nordic_world_ski_championships_2009_nordic-combined-skiing_men_team,NOR,3,bronze,fis_nordic_worlds_rank=3;event=Team;team_members=Mikko Kokslien; Petter Tande; Jan Schmid; Magnus Moan;source_url=https://en.wikipedia.org/wiki/FIS_Nordic_World_Ski_Championships_2009,5.0
fis_nordic_world_ski_championships_2009_ski-jumping_men_large-hill-individual,CHE_Andreas_Küttel,1,gold,fis_nordic_worlds_rank=1;event=Large hill individual;team_members=;source_url=https://en.wikipedia.org/wiki/Ski_jumping_at_the_FIS_Nordic_World_Ski_Championships_2009#Individual_large_hill,10.0
fis_nordic_world_ski_championships_2009_ski-jumping_men_large-hill-individual,DEU_Martin_Schmitt,2,silver,fis_nordic_worlds_rank=2;event=Large hill individual;team_members=;source_url=https://en.wikipedia.org/wiki/Ski_jumping_at_the_FIS_Nordic_World_Ski_Championships_2009#Individual_large_hill,7.0
fis_nordic_world_ski_championships_2009_ski-jumping_men_large-hill-individual,NOR_Anders_Jacobsen,3,bronze,fis_nordic_worlds_rank=3;event=Large hill individual;team_members=;source_url=https://en.wikipedia.org/wiki/Ski_jumping_at_the_FIS_Nordic_World_Ski_Championships_2009#Individual_large_hill,5.0
fis_nordic_world_ski_championships_2009_ski-jumping_men_large-hill-team,AUT,1,gold,fis_nordic_worlds_rank=1;event=Large hill team;team_members=Wolfgang Loitzl; Martin Koch; Thomas Morgenstern; Gregor Schlierenzauer;source_url=https://en.wikipedia.org/wiki/Ski_jumping_at_the_FIS_Nordic_World_Ski_Championships_2009#Team_large_hill,10.0
fis_nordic_world_ski_championships_2009_ski-jumping_men_large-hill-team,NOR,2,silver,fis_nordic_worlds_rank=2;event=Large hill team;team_members=Anders Bardal; Tom Hilde; Johan Remen Evensen; Anders Jacobsen;source_url=https://en.wikipedia.org/wiki/Ski_jumping_at_the_FIS_Nordic_World_Ski_Championships_2009#Team_large_hill,7.0
fis_nordic_world_ski_championships_2009_ski-jumping_men_large-hill-team,JPN,3,bronze,fis_nordic_worlds_rank=3;event=Large hill team;team_members=Shōhei Tochimoto; Takanobu Okabe; Daiki Itō; Noriaki Kasai;source_url=https://en.wikipedia.org/wiki/Ski_jumping_at_the_FIS_Nordic_World_Ski_Championships_2009#Team_large_hill,5.0
fis_nordic_world_ski_championships_2009_ski-jumping_men_normal-hill-individual,AUT_Wolfgang_Loitzl,1,gold,fis_nordic_worlds_rank=1;event=Normal hill individual;team_members=;source_url=https://en.wikipedia.org/wiki/Ski_jumping_at_the_FIS_Nordic_World_Ski_Championships_2009#Individual_normal_hill,10.0
fis_nordic_world_ski_championships_2009_ski-jumping_men_normal-hill-individual,AUT_Gregor_Schlierenzauer,2,silver,fis_nordic_worlds_rank=2;event=Normal hill individual;team_members=;source_url=https://en.wikipedia.org/wiki/Ski_jumping_at_the_FIS_Nordic_World_Ski_Championships_2009#Individual_normal_hill,7.0
fis_nordic_world_ski_championships_2009_ski-jumping_men_normal-hill-individual,CHE_Simon_Ammann,3,bronze,fis_nordic_worlds_rank=3;event=Normal hill individual;team_members=;source_url=https://en.wikipedia.org/wiki/Ski_jumping_at_the_FIS_Nordic_World_Ski_Championships_2009#Individual_normal_hill,5.0
fis_nordic_world_ski_championships_2009_ski-jumping_women_normal-hill-individual,USA_Lindsey_Van,1,gold,fis_nordic_worlds_rank=1;event=Normal hill individual;team_members=;source_url=https://en.wikipedia.org/wiki/Ski_jumping_at_the_FIS_Nordic_World_Ski_Championships_2009#Women's_event,10.0
fis_nordic_world_ski_championships_2009_ski-jumping_women_normal-hill-individual,DEU_Ulrike_Gräßler,2,silver,fis_nordic_worlds_rank=2;event=Normal hill individual;team_members=;source_url=https://en.wikipedia.org/wiki/Ski_jumping_at_the_FIS_Nordic_World_Ski_Championships_2009#Women's_event,7.0
fis_nordic_world_ski_championships_2009_ski-jumping_women_normal-hill-individual,NOR_Anette_Sagen,3,bronze,fis_nordic_worlds_rank=3;event=Normal hill individual;team_members=;source_url=https://en.wikipedia.org/wiki/Ski_jumping_at_the_FIS_Nordic_World_Ski_Championships_2009#Women's_event,5.0
fis_nordic_world_ski_championships_2011_cross-country-skiing_men_18-km-17-km-and-15-km-discontinued,FIN_Matti_Heikkinen,1,gold,"fis_nordic_worlds_rank=1;event=18 km, 17 km and 15 km (discontinued);team_members=;source_url=https://en.wikipedia.org/wiki/FIS_Nordic_World_Ski_Championships_2011",10.0
fis_nordic_world_ski_championships_2011_cross-country-skiing_men_18-km-17-km-and-15-km-discontinued,NOR_Eldar_Rønning,2,silver,"fis_nordic_worlds_rank=2;event=18 km, 17 km and 15 km (discontinued);team_members=;source_url=https://en.wikipedia.org/wiki/FIS_Nordic_World_Ski_Championships_2011",7.0
fis_nordic_world_ski_championships_2011_cross-country-skiing_men_18-km-17-km-and-15-km-discontinued,NOR_Martin_Johnsrud_Sundby,3,bronze,"fis_nordic_worlds_rank=3;event=18 km, 17 km and 15 km (discontinued);team_members=;source_url=https://en.wikipedia.org/wiki/FIS_Nordic_World_Ski_Championships_2011",5.0
fis_nordic_world_ski_championships_2011_cross-country-skiing_men_4-10-7-5-km-relay,NOR,1,gold,fis_nordic_worlds_rank=1;event=4 × 10/7.5 km relay;team_members=Martin Johnsrud Sundby; Eldar Rønning; Tord Asle Gjerdalen; Petter Northug;source_url=https://en.wikipedia.org/wiki/FIS_Nordic_World_Ski_Championships_2011,10.0
fis_nordic_world_ski_championships_2011_cross-country-skiing_men_4-10-7-5-km-relay,SWE,2,silver,fis_nordic_worlds_rank=2;event=4 × 10/7.5 km relay;team_members=Daniel Rickardsson; Johan Olsson; Anders Södergren; Marcus Hellner;source_url=https://en.wikipedia.org/wiki/FIS_Nordic_World_Ski_Championships_2011,7.0
fis_nordic_world_ski_championships_2011_cross-country-skiing_men_4-10-7-5-km-relay,DEU,3,bronze,fis_nordic_worlds_rank=3;event=4 × 10/7.5 km relay;team_members=Jens Filbrich; Axel Teichmann; Franz Göring; Tobias Angerer;source_url=https://en.wikipedia.org/wiki/FIS_Nordic_World_Ski_Championships_2011,5.0
fis_nordic_world_ski_championships_2011_cross-country-skiing_men_50-km,NOR_Petter_Northug,1,gold,fis_nordic_worlds_rank=1;event=50 km;team_members=;source_url=https://en.wikipedia.org/wiki/FIS_Nordic_World_Ski_Championships_2011,10.0
fis_nordic_world_ski_championships_2011_cross-country-skiing_men_50-km,RUS_Maxim_Vylegzhanin,2,silver,fis_nordic_worlds_rank=2;event=50 km;team_members=;source_url=https://en.wikipedia.org/wiki/FIS_Nordic_World_Ski_Championships_2011,7.0
fis_nordic_world_ski_championships_2011_cross-country-skiing_men_50-km,NOR_Tord_Asle_Gjerdalen,3,bronze,fis_nordic_worlds_rank=3;event=50 km;team_members=;source_url=https://en.wikipedia.org/wiki/FIS_Nordic_World_Ski_Championships_2011,5.0
fis_nordic_world_ski_championships_2011_cross-country-skiing_men_combined-double-pursuit-skiathlon,NOR_Petter_Northug,1,gold,fis_nordic_worlds_rank=1;event=Combined/double pursuit/Skiathlon;team_members=;source_url=https://en.wikipedia.org/wiki/FIS_Nordic_World_Ski_Championships_2011,10.0
fis_nordic_world_ski_championships_2011_cross-country-skiing_men_combined-double-pursuit-skiathlon,RUS_Maxim_Vylegzhanin,2,silver,fis_nordic_worlds_rank=2;event=Combined/double pursuit/Skiathlon;team_members=;source_url=https://en.wikipedia.org/wiki/FIS_Nordic_World_Ski_Championships_2011,7.0
fis_nordic_world_ski_championships_2011_cross-country-skiing_men_combined-double-pursuit-skiathlon,RUS_Ilia_Chernousov,3,bronze,fis_nordic_worlds_rank=3;event=Combined/double pursuit/Skiathlon;team_members=;source_url=https://en.wikipedia.org/wiki/FIS_Nordic_World_Ski_Championships_2011,5.0
fis_nordic_world_ski_championships_2011_cross-country-skiing_men_individual-sprint,SWE_Marcus_Hellner,1,gold,fis_nordic_worlds_rank=1;event=Individual sprint;team_members=;source_url=https://en.wikipedia.org/wiki/FIS_Nordic_World_Ski_Championships_2011,10.0
fis_nordic_world_ski_championships_2011_cross-country-skiing_men_individual-sprint,NOR_Petter_Northug,2,silver,fis_nordic_worlds_rank=2;event=Individual sprint;team_members=;source_url=https://en.wikipedia.org/wiki/FIS_Nordic_World_Ski_Championships_2011,7.0
fis_nordic_world_ski_championships_2011_cross-country-skiing_men_individual-sprint,SWE_Emil_Jönsson,3,bronze,fis_nordic_worlds_rank=3;event=Individual sprint;team_members=;source_url=https://en.wikipedia.org/wiki/FIS_Nordic_World_Ski_Championships_2011,5.0
fis_nordic_world_ski_championships_2011_cross-country-skiing_men_team-sprint,CAN,1,gold,fis_nordic_worlds_rank=1;event=Team sprint;team_members=Devon Kershaw; Alex Harvey;source_url=https://en.wikipedia.org/wiki/FIS_Nordic_World_Ski_Championships_2011,10.0
fis_nordic_world_ski_championships_2011_cross-country-skiing_men_team-sprint,NOR,2,silver,fis_nordic_worlds_rank=2;event=Team sprint;team_members=Petter Northug; Ola Vigen Hattestad;source_url=https://en.wikipedia.org/wiki/FIS_Nordic_World_Ski_Championships_2011,7.0
fis_nordic_world_ski_championships_2011_cross-country-skiing_men_team-sprint,RUS,3,bronze,fis_nordic_worlds_rank=3;event=Team sprint;team_members=Alexander Panzhinskiy; Nikita Kryukov;source_url=https://en.wikipedia.org/wiki/FIS_Nordic_World_Ski_Championships_2011,5.0
fis_nordic_world_ski_championships_2011_cross-country-skiing_women_3-4-5-7-5-km-relay,NOR,1,gold,fis_nordic_worlds_rank=1;event=3/4 × 5/7.5 km relay;team_members=Vibeke Skofterud; Therese Johaug; Kristin Størmer Steira; Marit Bjørgen;source_url=https://en.wikipedia.org/wiki/FIS_Nordic_World_Ski_Championships_2011,10.0
fis_nordic_world_ski_championships_2011_cross-country-skiing_women_3-4-5-7-5-km-relay,SWE,2,silver,fis_nordic_worlds_rank=2;event=3/4 × 5/7.5 km relay;team_members=Ida Ingemarsdotter; Anna Haag; Britta Johansson Norgren; Charlotte Kalla;source_url=https://en.wikipedia.org/wiki/FIS_Nordic_World_Ski_Championships_2011,7.0
fis_nordic_world_ski_championships_2011_cross-country-skiing_women_3-4-5-7-5-km-relay,FIN,3,bronze,fis_nordic_worlds_rank=3;event=3/4 × 5/7.5 km relay;team_members=Pirjo Muranen; Aino-Kaisa Saarinen; Riitta-Liisa Roponen; Krista Lähteenmäki;source_url=https://en.wikipedia.org/wiki/FIS_Nordic_World_Ski_Championships_2011,5.0
fis_nordic_world_ski_championships_2011_cross-country-skiing_women_team-sprint,SWE,1,gold,fis_nordic_worlds_rank=1;event=Team sprint;team_members=Ida Ingemarsdotter; Charlotte Kalla;source_url=https://en.wikipedia.org/wiki/FIS_Nordic_World_Ski_Championships_2011,10.0
fis_nordic_world_ski_championships_2011_cross-country-skiing_women_team-sprint,FIN,2,silver,fis_nordic_worlds_rank=2;event=Team sprint;team_members=Aino-Kaisa Saarinen; Krista Lähteenmäki;source_url=https://en.wikipedia.org/wiki/FIS_Nordic_World_Ski_Championships_2011,7.0
fis_nordic_world_ski_championships_2011_cross-country-skiing_women_team-sprint,NOR,3,bronze,fis_nordic_worlds_rank=3;event=Team sprint;team_members=Maiken Caspersen Falla; Astrid Uhrenholdt Jacobsen;source_url=https://en.wikipedia.org/wiki/FIS_Nordic_World_Ski_Championships_2011,5.0
fis_nordic_world_ski_championships_2011_nordic-combined-skiing_men_individual-large-hill,FRA_Jason_Lamy-Chappuis,1,gold,fis_nordic_worlds_rank=1;event=Individual large hill;team_members=;source_url=https://en.wikipedia.org/wiki/FIS_Nordic_World_Ski_Championships_2011,10.0
fis_nordic_world_ski_championships_2011_nordic-combined-skiing_men_individual-large-hill,DEU_Johannes_Rydzek,2,silver,fis_nordic_worlds_rank=2;event=Individual large hill;team_members=;source_url=https://en.wikipedia.org/wiki/FIS_Nordic_World_Ski_Championships_2011,7.0
fis_nordic_world_ski_championships_2011_nordic-combined-skiing_men_individual-large-hill,DEU_Eric_Frenzel,3,bronze,fis_nordic_worlds_rank=3;event=Individual large hill;team_members=;source_url=https://en.wikipedia.org/wiki/FIS_Nordic_World_Ski_Championships_2011,5.0
fis_nordic_world_ski_championships_2011_nordic-combined-skiing_men_individual-normal-hill,DEU_Eric_Frenzel,1,gold,fis_nordic_worlds_rank=1;event=Individual normal hill;team_members=;source_url=https://en.wikipedia.org/wiki/FIS_Nordic_World_Ski_Championships_2011,10.0
fis_nordic_world_ski_championships_2011_nordic-combined-skiing_men_individual-normal-hill,DEU_Tino_Edelmann,2,silver,fis_nordic_worlds_rank=2;event=Individual normal hill;team_members=;source_url=https://en.wikipedia.org/wiki/FIS_Nordic_World_Ski_Championships_2011,7.0
fis_nordic_world_ski_championships_2011_nordic-combined-skiing_men_individual-normal-hill,AUT_Felix_Gottwald,3,bronze,fis_nordic_worlds_rank=3;event=Individual normal hill;team_members=;source_url=https://en.wikipedia.org/wiki/FIS_Nordic_World_Ski_Championships_2011,5.0
fis_nordic_world_ski_championships_2011_nordic-combined-skiing_men_team-large-hill,AUT,1,gold,fis_nordic_worlds_rank=1;event=Team large hill;team_members=Bernhard Gruber; David Kreiner; Felix Gottwald; Mario Stecher;source_url=https://en.wikipedia.org/wiki/FIS_Nordic_World_Ski_Championships_2011,10.0
fis_nordic_world_ski_championships_2011_nordic-combined-skiing_men_team-large-hill,DEU,2,silver,fis_nordic_worlds_rank=2;event=Team large hill;team_members=Johannes Rydzek; Björn Kircheisen; Eric Frenzel; Tino Edelmann;source_url=https://en.wikipedia.org/wiki/FIS_Nordic_World_Ski_Championships_2011,7.0
fis_nordic_world_ski_championships_2011_nordic-combined-skiing_men_team-large-hill,NOR,3,bronze,fis_nordic_worlds_rank=3;event=Team large hill;team_members=Mikko Kokslien; Håvard Klemetsen; Jan Schmid; Magnus Moan;source_url=https://en.wikipedia.org/wiki/FIS_Nordic_World_Ski_Championships_2011,5.0
fis_nordic_world_ski_championships_2011_nordic-combined-skiing_men_team-normal-hill,AUT,1,gold,fis_nordic_worlds_rank=1;event=Team normal hill;team_members=David Kreiner; Bernhard Gruber; Felix Gottwald; Mario Stecher;source_url=https://en.wikipedia.org/wiki/FIS_Nordic_World_Ski_Championships_2011,10.0
fis_nordic_world_ski_championships_2011_nordic-combined-skiing_men_team-normal-hill,DEU,2,silver,fis_nordic_worlds_rank=2;event=Team normal hill;team_members=Johannes Rydzek; Björn Kircheisen; Tino Edelmann; Eric Frenzel;source_url=https://en.wikipedia.org/wiki/FIS_Nordic_World_Ski_Championships_2011,7.0
fis_nordic_world_ski_championships_2011_nordic-combined-skiing_men_team-normal-hill,NOR,3,bronze,fis_nordic_worlds_rank=3;event=Team normal hill;team_members=Jan Schmid; Magnus Moan; Mikko Kokslien; Håvard Klemetsen;source_url=https://en.wikipedia.org/wiki/FIS_Nordic_World_Ski_Championships_2011,5.0
fis_nordic_world_ski_championships_2011_ski-jumping_men_large-hill-individual,AUT_Gregor_Schlierenzauer,1,gold,fis_nordic_worlds_rank=1;event=Large hill individual;team_members=;source_url=https://en.wikipedia.org/wiki/FIS_Nordic_World_Ski_Championships_2011_–_Individual_large_hill#Competition_Round,10.0
fis_nordic_world_ski_championships_2011_ski-jumping_men_large-hill-individual,AUT_Thomas_Morgenstern,2,silver,fis_nordic_worlds_rank=2;event=Large hill individual;team_members=;source_url=https://en.wikipedia.org/wiki/FIS_Nordic_World_Ski_Championships_2011_–_Individual_large_hill#Competition_Round,7.0
fis_nordic_world_ski_championships_2011_ski-jumping_men_large-hill-individual,CHE_Simon_Ammann,3,bronze,fis_nordic_worlds_rank=3;event=Large hill individual;team_members=;source_url=https://en.wikipedia.org/wiki/FIS_Nordic_World_Ski_Championships_2011_–_Individual_large_hill#Competition_Round,5.0
fis_nordic_world_ski_championships_2011_ski-jumping_men_large-hill-team,AUT,1,gold,fis_nordic_worlds_rank=1;event=Large hill team;team_members=Gregor Schlierenzauer; Martin Koch; Andreas Kofler; Thomas Morgenstern;source_url=https://en.wikipedia.org/wiki/FIS_Nordic_World_Ski_Championships_2011_–_Team_large_hill#Results,10.0
fis_nordic_world_ski_championships_2011_ski-jumping_men_large-hill-team,NOR,2,silver,fis_nordic_worlds_rank=2;event=Large hill team;team_members=Anders Jacobsen; Bjoern Einar Romoeren; Anders Bardal; Tom Hilde;source_url=https://en.wikipedia.org/wiki/FIS_Nordic_World_Ski_Championships_2011_–_Team_large_hill#Results,7.0
fis_nordic_world_ski_championships_2011_ski-jumping_men_large-hill-team,SVN,3,bronze,fis_nordic_worlds_rank=3;event=Large hill team;team_members=Peter Prevc; Jurij Tepeš; Jernej Damjan; Robert Kranjec;source_url=https://en.wikipedia.org/wiki/FIS_Nordic_World_Ski_Championships_2011_–_Team_large_hill#Results,5.0
fis_nordic_world_ski_championships_2011_ski-jumping_men_normal-hill-individual,AUT_Thomas_Morgenstern,1,gold,fis_nordic_worlds_rank=1;event=Normal hill individual;team_members=;source_url=https://en.wikipedia.org/wiki/FIS_Nordic_World_Ski_Championships_2011_–_Men's_individual_normal_hill#Competition_Round,10.0
fis_nordic_world_ski_championships_2011_ski-jumping_men_normal-hill-individual,AUT_Andreas_Kofler,2,silver,fis_nordic_worlds_rank=2;event=Normal hill individual;team_members=;source_url=https://en.wikipedia.org/wiki/FIS_Nordic_World_Ski_Championships_2011_–_Men's_individual_normal_hill#Competition_Round,7.0
fis_nordic_world_ski_championships_2011_ski-jumping_men_normal-hill-individual,POL_Adam_Malysz,3,bronze,fis_nordic_worlds_rank=3;event=Normal hill individual;team_members=;source_url=https://en.wikipedia.org/wiki/FIS_Nordic_World_Ski_Championships_2011_–_Men's_individual_normal_hill#Competition_Round,5.0
fis_nordic_world_ski_championships_2011_ski-jumping_men_normal-hill-team-discontinued,AUT,1,gold,fis_nordic_worlds_rank=1;event=Normal hill team (discontinued);team_members=Gregor Schlierenzauer; Martin Koch; Andreas Kofler; Thomas Morgenstern;source_url=https://en.wikipedia.org/wiki/FIS_Nordic_World_Ski_Championships_2011_–_Men's_team_normal_hill#Results,10.0
fis_nordic_world_ski_championships_2011_ski-jumping_men_normal-hill-team-discontinued,NOR,2,silver,fis_nordic_worlds_rank=2;event=Normal hill team (discontinued);team_members=Anders Jacobsen; Bjørn Einar Romøren; Anders Bardal; Tom Hilde;source_url=https://en.wikipedia.org/wiki/FIS_Nordic_World_Ski_Championships_2011_–_Men's_team_normal_hill#Results,7.0
fis_nordic_world_ski_championships_2011_ski-jumping_men_normal-hill-team-discontinued,DEU,3,bronze,fis_nordic_worlds_rank=3;event=Normal hill team (discontinued);team_members=Martin Schmitt; Michael Neumayer; Michael Uhrmann; Severin Freund;source_url=https://en.wikipedia.org/wiki/FIS_Nordic_World_Ski_Championships_2011_–_Men's_team_normal_hill#Results,5.0
fis_nordic_world_ski_championships_2011_ski-jumping_women_normal-hill-individual,AUT_Daniela_Iraschko,1,gold,fis_nordic_worlds_rank=1;event=Normal hill individual;team_members=;source_url=https://en.wikipedia.org/wiki/FIS_Nordic_World_Ski_Championships_2011_–_Women's_individual_normal_hill#Results,10.0
fis_nordic_world_ski_championships_2011_ski-jumping_women_normal-hill-individual,ITA_Elena_Runggaldier,2,silver,fis_nordic_worlds_rank=2;event=Normal hill individual;team_members=;source_url=https://en.wikipedia.org/wiki/FIS_Nordic_World_Ski_Championships_2011_–_Women's_individual_normal_hill#Results,7.0
fis_nordic_world_ski_championships_2011_ski-jumping_women_normal-hill-individual,FRA_Coline_Mattel,3,bronze,fis_nordic_worlds_rank=3;event=Normal hill individual;team_members=;source_url=https://en.wikipedia.org/wiki/FIS_Nordic_World_Ski_Championships_2011_–_Women's_individual_normal_hill#Results,5.0
fis_nordic_world_ski_championships_2013_cross-country-skiing_men_18-km-17-km-and-15-km-discontinued,NOR_Petter_Northug,1,gold,"fis_nordic_worlds_rank=1;event=18 km, 17 km and 15 km (discontinued);team_members=;source_url=https://en.wikipedia.org/wiki/FIS_Nordic_World_Ski_Championships_2013",10.0
fis_nordic_world_ski_championships_2013_cross-country-skiing_men_18-km-17-km-and-15-km-discontinued,SWE_Johan_Olsson,2,silver,"fis_nordic_worlds_rank=2;event=18 km, 17 km and 15 km (discontinued);team_members=;source_url=https://en.wikipedia.org/wiki/FIS_Nordic_World_Ski_Championships_2013",7.0
fis_nordic_world_ski_championships_2013_cross-country-skiing_men_18-km-17-km-and-15-km-discontinued,NOR_Tord_Asle_Gjerdalen,3,bronze,"fis_nordic_worlds_rank=3;event=18 km, 17 km and 15 km (discontinued);team_members=;source_url=https://en.wikipedia.org/wiki/FIS_Nordic_World_Ski_Championships_2013",5.0
fis_nordic_world_ski_championships_2013_cross-country-skiing_men_4-10-7-5-km-relay,NOR,1,gold,fis_nordic_worlds_rank=1;event=4 × 10/7.5 km relay;team_members=Tord Asle Gjerdalen; Eldar Rønning; Sjur Røthe; Petter Northug;source_url=https://en.wikipedia.org/wiki/FIS_Nordic_World_Ski_Championships_2013,10.0
fis_nordic_world_ski_championships_2013_cross-country-skiing_men_4-10-7-5-km-relay,SWE,2,silver,fis_nordic_worlds_rank=2;event=4 × 10/7.5 km relay;team_members=Daniel Richardsson; Johan Olsson; Marcus Hellner; Calle Halfvarsson;source_url=https://en.wikipedia.org/wiki/FIS_Nordic_World_Ski_Championships_2013,7.0
fis_nordic_world_ski_championships_2013_cross-country-skiing_men_4-10-7-5-km-relay,RUS,3,bronze,fis_nordic_worlds_rank=3;event=4 × 10/7.5 km relay;team_members=Evgeniy Belov; Maxim Vylegzhanin; Alexander Legkov; Sergey Ustiugov;source_url=https://en.wikipedia.org/wiki/FIS_Nordic_World_Ski_Championships_2013,5.0
fis_nordic_world_ski_championships_2013_cross-country-skiing_men_50-km,SWE_Johan_Olsson,1,gold,fis_nordic_worlds_rank=1;event=50 km;team_members=;source_url=https://en.wikipedia.org/wiki/FIS_Nordic_World_Ski_Championships_2013,10.0
fis_nordic_world_ski_championships_2013_cross-country-skiing_men_50-km,CHE_Dario_Cologna,2,silver,fis_nordic_worlds_rank=2;event=50 km;team_members=;source_url=https://en.wikipedia.org/wiki/FIS_Nordic_World_Ski_Championships_2013,7.0
fis_nordic_world_ski_championships_2013_cross-country-skiing_men_50-km,KAZ_Alexey_Poltoranin,3,bronze,fis_nordic_worlds_rank=3;event=50 km;team_members=;source_url=https://en.wikipedia.org/wiki/FIS_Nordic_World_Ski_Championships_2013,5.0
fis_nordic_world_ski_championships_2013_cross-country-skiing_men_combined-double-pursuit-skiathlon,CHE_Dario_Cologna,1,gold,fis_nordic_worlds_rank=1;event=Combined/double pursuit/Skiathlon;team_members=;source_url=https://en.wikipedia.org/wiki/FIS_Nordic_World_Ski_Championships_2013,10.0
fis_nordic_world_ski_championships_2013_cross-country-skiing_men_combined-double-pursuit-skiathlon,NOR_Martin_Johnsrud_Sundby,2,silver,fis_nordic_worlds_rank=2;event=Combined/double pursuit/Skiathlon;team_members=;source_url=https://en.wikipedia.org/wiki/FIS_Nordic_World_Ski_Championships_2013,7.0
fis_nordic_world_ski_championships_2013_cross-country-skiing_men_combined-double-pursuit-skiathlon,NOR_Sjur_Røthe,3,bronze,fis_nordic_worlds_rank=3;event=Combined/double pursuit/Skiathlon;team_members=;source_url=https://en.wikipedia.org/wiki/FIS_Nordic_World_Ski_Championships_2013,5.0
fis_nordic_world_ski_championships_2013_cross-country-skiing_men_individual-sprint,RUS_Nikita_Kryukov,1,gold,fis_nordic_worlds_rank=1;event=Individual sprint;team_members=;source_url=https://en.wikipedia.org/wiki/FIS_Nordic_World_Ski_Championships_2013,10.0
fis_nordic_world_ski_championships_2013_cross-country-skiing_men_individual-sprint,NOR_Petter_Northug,2,silver,fis_nordic_worlds_rank=2;event=Individual sprint;team_members=;source_url=https://en.wikipedia.org/wiki/FIS_Nordic_World_Ski_Championships_2013,7.0
fis_nordic_world_ski_championships_2013_cross-country-skiing_men_individual-sprint,CAN_Alex_Harvey,3,bronze,fis_nordic_worlds_rank=3;event=Individual sprint;team_members=;source_url=https://en.wikipedia.org/wiki/FIS_Nordic_World_Ski_Championships_2013,5.0
fis_nordic_world_ski_championships_2013_cross-country-skiing_men_team-sprint,RUS,1,gold,fis_nordic_worlds_rank=1;event=Team sprint;team_members=Alexey Petukhov; Nikita Kryukov;source_url=https://en.wikipedia.org/wiki/FIS_Nordic_World_Ski_Championships_2013,10.0
fis_nordic_world_ski_championships_2013_cross-country-skiing_men_team-sprint,SWE,2,silver,fis_nordic_worlds_rank=2;event=Team sprint;team_members=Marcus Hellner; Emil Jönsson;source_url=https://en.wikipedia.org/wiki/FIS_Nordic_World_Ski_Championships_2013,7.0
fis_nordic_world_ski_championships_2013_cross-country-skiing_men_team-sprint,KAZ,3,bronze,fis_nordic_worlds_rank=3;event=Team sprint;team_members=Nikolay Chebotko; Alexey Poltoranin;source_url=https://en.wikipedia.org/wiki/FIS_Nordic_World_Ski_Championships_2013,5.0
fis_nordic_world_ski_championships_2013_cross-country-skiing_women_3-4-5-7-5-km-relay,NOR,1,gold,fis_nordic_worlds_rank=1;event=3/4 × 5/7.5 km relay;team_members=Heidi Weng; Therese Johaug; Kristin Størmer Steira; Marit Bjørgen;source_url=https://en.wikipedia.org/wiki/FIS_Nordic_World_Ski_Championships_2013,10.0
fis_nordic_world_ski_championships_2013_cross-country-skiing_women_3-4-5-7-5-km-relay,SWE,2,silver,fis_nordic_worlds_rank=2;event=3/4 × 5/7.5 km relay;team_members=Ida Ingemarsdotter; Emma Wikén; Anna Haag; Charlotte Kalla;source_url=https://en.wikipedia.org/wiki/FIS_Nordic_World_Ski_Championships_2013,7.0
fis_nordic_world_ski_championships_2013_cross-country-skiing_women_3-4-5-7-5-km-relay,RUS,3,bronze,fis_nordic_worlds_rank=3;event=3/4 × 5/7.5 km relay;team_members=Yuliya Ivanova; Alia Iksanova; Mariya Guschina; Yuliya Chekalyova;source_url=https://en.wikipedia.org/wiki/FIS_Nordic_World_Ski_Championships_2013,5.0
fis_nordic_world_ski_championships_2013_cross-country-skiing_women_team-sprint,USA,1,gold,fis_nordic_worlds_rank=1;event=Team sprint;team_members=Jessie Diggins; Kikkan Randall;source_url=https://en.wikipedia.org/wiki/FIS_Nordic_World_Ski_Championships_2013,10.0
fis_nordic_world_ski_championships_2013_cross-country-skiing_women_team-sprint,SWE,2,silver,fis_nordic_worlds_rank=2;event=Team sprint;team_members=Charlotte Kalla; Ida Ingemarsdotter;source_url=https://en.wikipedia.org/wiki/FIS_Nordic_World_Ski_Championships_2013,7.0
fis_nordic_world_ski_championships_2013_cross-country-skiing_women_team-sprint,FIN,3,bronze,fis_nordic_worlds_rank=3;event=Team sprint;team_members=Riikka Sarasoja-Lilja; Krista Lähteenmäki;source_url=https://en.wikipedia.org/wiki/FIS_Nordic_World_Ski_Championships_2013,5.0
fis_nordic_world_ski_championships_2013_nordic-combined-skiing_men_individual-large-hill,DEU_Eric_Frenzel,1,gold,fis_nordic_worlds_rank=1;event=Individual large hill;team_members=;source_url=https://en.wikipedia.org/wiki/FIS_Nordic_World_Ski_Championships_2013,10.0
fis_nordic_world_ski_championships_2013_nordic-combined-skiing_men_individual-large-hill,AUT_Bernhard_Gruber,2,silver,fis_nordic_worlds_rank=2;event=Individual large hill;team_members=;source_url=https://en.wikipedia.org/wiki/FIS_Nordic_World_Ski_Championships_2013,7.0
fis_nordic_world_ski_championships_2013_nordic-combined-skiing_men_individual-large-hill,FRA_Jason_Lamy-Chappuis,3,bronze,fis_nordic_worlds_rank=3;event=Individual large hill;team_members=;source_url=https://en.wikipedia.org/wiki/FIS_Nordic_World_Ski_Championships_2013,5.0
fis_nordic_world_ski_championships_2013_nordic-combined-skiing_men_individual-normal-hill,FRA_Jason_Lamy-Chappuis,1,gold,fis_nordic_worlds_rank=1;event=Individual normal hill;team_members=;source_url=https://en.wikipedia.org/wiki/FIS_Nordic_World_Ski_Championships_2013,10.0
fis_nordic_world_ski_championships_2013_nordic-combined-skiing_men_individual-normal-hill,AUT_Mario_Stecher,2,silver,fis_nordic_worlds_rank=2;event=Individual normal hill;team_members=;source_url=https://en.wikipedia.org/wiki/FIS_Nordic_World_Ski_Championships_2013,7.0
fis_nordic_world_ski_championships_2013_nordic-combined-skiing_men_individual-normal-hill,DEU_Björn_Kircheisen,3,bronze,fis_nordic_worlds_rank=3;event=Individual normal hill;team_members=;source_url=https://en.wikipedia.org/wiki/FIS_Nordic_World_Ski_Championships_2013,5.0
fis_nordic_world_ski_championships_2013_nordic-combined-skiing_men_team,FRA,1,gold,fis_nordic_worlds_rank=1;event=Team;team_members=François Braud; Maxime Laheurte; Sébastien Lacroix; Jason Lamy-Chappuis;source_url=https://en.wikipedia.org/wiki/FIS_Nordic_World_Ski_Championships_2013,10.0
fis_nordic_world_ski_championships_2013_nordic-combined-skiing_men_team,NOR,2,silver,fis_nordic_worlds_rank=2;event=Team;team_members=Jørgen Graabak; Håvard Klemetsen; Magnus Krog; Magnus Moan;source_url=https://en.wikipedia.org/wiki/FIS_Nordic_World_Ski_Championships_2013,7.0
fis_nordic_world_ski_championships_2013_nordic-combined-skiing_men_team,USA,3,bronze,fis_nordic_worlds_rank=3;event=Team;team_members=Taylor Fletcher; Bryan Fletcher; Todd Lodwick; Bill Demong;source_url=https://en.wikipedia.org/wiki/FIS_Nordic_World_Ski_Championships_2013,5.0
fis_nordic_world_ski_championships_2013_nordic-combined-skiing_men_team-sprint-large-hill-discontinued,FRA,1,gold,fis_nordic_worlds_rank=1;event=Team sprint large hill (discontinued);team_members=Sébastien Lacroix; Jason Lamy-Chappuis;source_url=https://en.wikipedia.org/wiki/FIS_Nordic_World_Ski_Championships_2013,10.0
fis_nordic_world_ski_championships_2013_nordic-combined-skiing_men_team-sprint-large-hill-discontinued,AUT,2,silver,fis_nordic_worlds_rank=2;event=Team sprint large hill (discontinued);team_members=Wilhelm Denifl; Bernhard Gruber;source_url=https://en.wikipedia.org/wiki/FIS_Nordic_World_Ski_Championships_2013,7.0
fis_nordic_world_ski_championships_2013_nordic-combined-skiing_men_team-sprint-large-hill-discontinued,DEU,3,bronze,fis_nordic_worlds_rank=3;event=Team sprint large hill (discontinued);team_members=Tino Edelmann; Eric Frenzel;source_url=https://en.wikipedia.org/wiki/FIS_Nordic_World_Ski_Championships_2013,5.0
fis_nordic_world_ski_championships_2013_ski-jumping_men_large-hill-individual,POL_Kamil_Stoch,1,gold,fis_nordic_worlds_rank=1;event=Large hill individual;team_members=;source_url=https://en.wikipedia.org/wiki/FIS_Nordic_World_Ski_Championships_2013_–_Individual_large_hill#Final,10.0
fis_nordic_world_ski_championships_2013_ski-jumping_men_large-hill-individual,SVN_Peter_Prevc,2,silver,fis_nordic_worlds_rank=2;event=Large hill individual;team_members=;source_url=https://en.wikipedia.org/wiki/FIS_Nordic_World_Ski_Championships_2013_–_Individual_large_hill#Final,7.0
fis_nordic_world_ski_championships_2013_ski-jumping_men_large-hill-individual,NOR_Anders_Jacobsen,3,bronze,fis_nordic_worlds_rank=3;event=Large hill individual;team_members=;source_url=https://en.wikipedia.org/wiki/FIS_Nordic_World_Ski_Championships_2013_–_Individual_large_hill#Final,5.0
fis_nordic_world_ski_championships_2013_ski-jumping_men_large-hill-team,AUT,1,gold,fis_nordic_worlds_rank=1;event=Large hill team;team_members=Wolfgang Loitzl; Manuel Fettner; Thomas Morgenstern; Gregor Schlierenzauer;source_url=https://en.wikipedia.org/wiki/FIS_Nordic_World_Ski_Championships_2013_–_Team_large_hill#Results,10.0
fis_nordic_world_ski_championships_2013_ski-jumping_men_large-hill-team,DEU,2,silver,fis_nordic_worlds_rank=2;event=Large hill team;team_members=Andreas Wank; Severin Freund; Michael Neumayer; Richard Freitag;source_url=https://en.wikipedia.org/wiki/FIS_Nordic_World_Ski_Championships_2013_–_Team_large_hill#Results,7.0
fis_nordic_world_ski_championships_2013_ski-jumping_men_large-hill-team,POL,3,bronze,fis_nordic_worlds_rank=3;event=Large hill team;team_members=Maciej Kot; Piotr Żyła; Dawid Kubacki; Kamil Stoch;source_url=https://en.wikipedia.org/wiki/FIS_Nordic_World_Ski_Championships_2013_–_Team_large_hill#Results,5.0
fis_nordic_world_ski_championships_2013_ski-jumping_men_normal-hill-individual,NOR_Anders_Bardal,1,gold,fis_nordic_worlds_rank=1;event=Normal hill individual;team_members=;source_url=https://en.wikipedia.org/wiki/FIS_Nordic_World_Ski_Championships_2013_–_Men's_individual_normal_hill#Final,10.0
fis_nordic_world_ski_championships_2013_ski-jumping_men_normal-hill-individual,AUT_Gregor_Schlierenzauer,2,silver,fis_nordic_worlds_rank=2;event=Normal hill individual;team_members=;source_url=https://en.wikipedia.org/wiki/FIS_Nordic_World_Ski_Championships_2013_–_Men's_individual_normal_hill#Final,7.0
fis_nordic_world_ski_championships_2013_ski-jumping_men_normal-hill-individual,SVN_Peter_Prevc,3,bronze,fis_nordic_worlds_rank=3;event=Normal hill individual;team_members=;source_url=https://en.wikipedia.org/wiki/FIS_Nordic_World_Ski_Championships_2013_–_Men's_individual_normal_hill#Final,5.0
fis_nordic_world_ski_championships_2013_ski-jumping_mixed_mixed-team-normal-hill-discontinued,JPN,1,gold,fis_nordic_worlds_rank=1;event=Mixed team normal hill (discontinued);team_members=Yūki Itō; Daiki Itō; Sara Takanashi; Taku Takeuchi;source_url=https://en.wikipedia.org/wiki/FIS_Nordic_World_Ski_Championships_2013_–_Mixed_team_normal_hill#Results,10.0
fis_nordic_world_ski_championships_2013_ski-jumping_mixed_mixed-team-normal-hill-discontinued,AUT,2,silver,fis_nordic_worlds_rank=2;event=Mixed team normal hill (discontinued);team_members=Chiara Hölzl; Thomas Morgenstern; Jacqueline Seifriedsberger; Gregor Schlierenzauer;source_url=https://en.wikipedia.org/wiki/FIS_Nordic_World_Ski_Championships_2013_–_Mixed_team_normal_hill#Results,7.0
fis_nordic_world_ski_championships_2013_ski-jumping_mixed_mixed-team-normal-hill-discontinued,DEU,3,bronze,fis_nordic_worlds_rank=3;event=Mixed team normal hill (discontinued);team_members=Ulrike Gräßler; Richard Freitag; Carina Vogt; Severin Freund;source_url=https://en.wikipedia.org/wiki/FIS_Nordic_World_Ski_Championships_2013_–_Mixed_team_normal_hill#Results,5.0
fis_nordic_world_ski_championships_2013_ski-jumping_women_normal-hill-individual,USA_Sarah_Hendrickson,1,gold,fis_nordic_worlds_rank=1;event=Normal hill individual;team_members=;source_url=https://en.wikipedia.org/wiki/FIS_Nordic_World_Ski_Championships_2013_–_Women's_individual_normal_hill#Results,10.0
fis_nordic_world_ski_championships_2013_ski-jumping_women_normal-hill-individual,JPN_Sara_Takanashi,2,silver,fis_nordic_worlds_rank=2;event=Normal hill individual;team_members=;source_url=https://en.wikipedia.org/wiki/FIS_Nordic_World_Ski_Championships_2013_–_Women's_individual_normal_hill#Results,7.0
fis_nordic_world_ski_championships_2013_ski-jumping_women_normal-hill-individual,AUT_Jacqueline_Seifriedsberger,3,bronze,fis_nordic_worlds_rank=3;event=Normal hill individual;team_members=;source_url=https://en.wikipedia.org/wiki/FIS_Nordic_World_Ski_Championships_2013_–_Women's_individual_normal_hill#Results,5.0
fis_nordic_world_ski_championships_2015_cross-country-skiing_men_18-km-17-km-and-15-km-discontinued,SWE_Johan_Olsson,1,gold,"fis_nordic_worlds_rank=1;event=18 km, 17 km and 15 km (discontinued);team_members=;source_url=https://en.wikipedia.org/wiki/FIS_Nordic_World_Ski_Championships_2015",10.0
fis_nordic_world_ski_championships_2015_cross-country-skiing_men_18-km-17-km-and-15-km-discontinued,FRA_Maurice_Manificat,2,silver,"fis_nordic_worlds_rank=2;event=18 km, 17 km and 15 km (discontinued);team_members=;source_url=https://en.wikipedia.org/wiki/FIS_Nordic_World_Ski_Championships_2015",7.0
fis_nordic_world_ski_championships_2015_cross-country-skiing_men_18-km-17-km-and-15-km-discontinued,NOR_Anders_Gløersen,3,bronze,"fis_nordic_worlds_rank=3;event=18 km, 17 km and 15 km (discontinued);team_members=;source_url=https://en.wikipedia.org/wiki/FIS_Nordic_World_Ski_Championships_2015",5.0
fis_nordic_world_ski_championships_2015_cross-country-skiing_men_4-10-7-5-km-relay,NOR,1,gold,fis_nordic_worlds_rank=1;event=4 × 10/7.5 km relay;team_members=Niklas Dyrhaug; Didrik Tønseth; Anders Gloeersen; Petter Northug;source_url=https://en.wikipedia.org/wiki/FIS_Nordic_World_Ski_Championships_2015,10.0
fis_nordic_world_ski_championships_2015_cross-country-skiing_men_4-10-7-5-km-relay,SWE,2,silver,fis_nordic_worlds_rank=2;event=4 × 10/7.5 km relay;team_members=Daniel Richardsson; Johan Olsson; Marcus Hellner; Calle Halfvarsson;source_url=https://en.wikipedia.org/wiki/FIS_Nordic_World_Ski_Championships_2015,7.0
fis_nordic_world_ski_championships_2015_cross-country-skiing_men_4-10-7-5-km-relay,FRA,3,bronze,fis_nordic_worlds_rank=3;event=4 × 10/7.5 km relay;team_members=Jean-Marc Gaillard; Maurice Manificat; Robin Duvillard; Adrien Backscheider;source_url=https://en.wikipedia.org/wiki/FIS_Nordic_World_Ski_Championships_2015,5.0
fis_nordic_world_ski_championships_2015_cross-country-skiing_men_50-km,NOR_Petter_Northug,1,gold,fis_nordic_worlds_rank=1;event=50 km;team_members=;source_url=https://en.wikipedia.org/wiki/FIS_Nordic_World_Ski_Championships_2015,10.0
fis_nordic_world_ski_championships_2015_cross-country-skiing_men_50-km,CZE_Luká_Bauer,2,silver,fis_nordic_worlds_rank=2;event=50 km;team_members=;source_url=https://en.wikipedia.org/wiki/FIS_Nordic_World_Ski_Championships_2015,7.0
fis_nordic_world_ski_championships_2015_cross-country-skiing_men_50-km,SWE_Johan_Olsson,3,bronze,fis_nordic_worlds_rank=3;event=50 km;team_members=;source_url=https://en.wikipedia.org/wiki/FIS_Nordic_World_Ski_Championships_2015,5.0
fis_nordic_world_ski_championships_2015_cross-country-skiing_men_combined-double-pursuit-skiathlon,RUS_Maxim_Vylegzhanin,1,gold,fis_nordic_worlds_rank=1;event=Combined/double pursuit/Skiathlon;team_members=;source_url=https://en.wikipedia.org/wiki/FIS_Nordic_World_Ski_Championships_2015,10.0
fis_nordic_world_ski_championships_2015_cross-country-skiing_men_combined-double-pursuit-skiathlon,CHE_Dario_Cologna,2,silver,fis_nordic_worlds_rank=2;event=Combined/double pursuit/Skiathlon;team_members=;source_url=https://en.wikipedia.org/wiki/FIS_Nordic_World_Ski_Championships_2015,7.0
fis_nordic_world_ski_championships_2015_cross-country-skiing_men_combined-double-pursuit-skiathlon,CAN_Alex_Harvey,3,bronze,fis_nordic_worlds_rank=3;event=Combined/double pursuit/Skiathlon;team_members=;source_url=https://en.wikipedia.org/wiki/FIS_Nordic_World_Ski_Championships_2015,5.0
fis_nordic_world_ski_championships_2015_cross-country-skiing_men_individual-sprint,NOR_Petter_Northug,1,gold,fis_nordic_worlds_rank=1;event=Individual sprint;team_members=;source_url=https://en.wikipedia.org/wiki/FIS_Nordic_World_Ski_Championships_2015,10.0
fis_nordic_world_ski_championships_2015_cross-country-skiing_men_individual-sprint,CAN_Alex_Harvey,2,silver,fis_nordic_worlds_rank=2;event=Individual sprint;team_members=;source_url=https://en.wikipedia.org/wiki/FIS_Nordic_World_Ski_Championships_2015,7.0
fis_nordic_world_ski_championships_2015_cross-country-skiing_men_individual-sprint,NOR_Ola_Vigen_Hattestad,3,bronze,fis_nordic_worlds_rank=3;event=Individual sprint;team_members=;source_url=https://en.wikipedia.org/wiki/FIS_Nordic_World_Ski_Championships_2015,5.0
fis_nordic_world_ski_championships_2015_cross-country-skiing_men_team-sprint,NOR,1,gold,fis_nordic_worlds_rank=1;event=Team sprint;team_members=Finn Hågen Krogh; Petter Northug;source_url=https://en.wikipedia.org/wiki/FIS_Nordic_World_Ski_Championships_2015,10.0
fis_nordic_world_ski_championships_2015_cross-country-skiing_men_team-sprint,RUS,2,silver,fis_nordic_worlds_rank=2;event=Team sprint;team_members=Alexey Petukhov; Nikita Kryukov;source_url=https://en.wikipedia.org/wiki/FIS_Nordic_World_Ski_Championships_2015,7.0
fis_nordic_world_ski_championships_2015_cross-country-skiing_men_team-sprint,ITA,3,bronze,fis_nordic_worlds_rank=3;event=Team sprint;team_members=Dietmar Nöckler; Federico Pellegrino;source_url=https://en.wikipedia.org/wiki/FIS_Nordic_World_Ski_Championships_2015,5.0
fis_nordic_world_ski_championships_2015_cross-country-skiing_women_3-4-5-7-5-km-relay,NOR,1,gold,fis_nordic_worlds_rank=1;event=3/4 × 5/7.5 km relay;team_members=Heidi Weng; Therese Johaug; Astrid Uhrenholdt Jacobsen; Marit Bjørgen;source_url=https://en.wikipedia.org/wiki/FIS_Nordic_World_Ski_Championships_2015,10.0
fis_nordic_world_ski_championships_2015_cross-country-skiing_women_3-4-5-7-5-km-relay,SWE,2,silver,fis_nordic_worlds_rank=2;event=3/4 × 5/7.5 km relay;team_members=Sofia Bleckur; Charlotte Kalla; Maria Rydqvist; Stina Nilsson;source_url=https://en.wikipedia.org/wiki/FIS_Nordic_World_Ski_Championships_2015,7.0
fis_nordic_world_ski_championships_2015_cross-country-skiing_women_3-4-5-7-5-km-relay,FIN,3,bronze,fis_nordic_worlds_rank=3;event=3/4 × 5/7.5 km relay;team_members=Aino-Kaisa Saarinen; Kerttu Niskanen; Riitta-Liisa Roponen; Krista Pärmäkoski;source_url=https://en.wikipedia.org/wiki/FIS_Nordic_World_Ski_Championships_2015,5.0
fis_nordic_world_ski_championships_2015_cross-country-skiing_women_team-sprint,NOR,1,gold,fis_nordic_worlds_rank=1;event=Team sprint;team_members=Ingvild Flugstad Østberg; Maiken Caspersen Falla;source_url=https://en.wikipedia.org/wiki/FIS_Nordic_World_Ski_Championships_2015,10.0
fis_nordic_world_ski_championships_2015_cross-country-skiing_women_team-sprint,SWE,2,silver,fis_nordic_worlds_rank=2;event=Team sprint;team_members=Ida Ingemarsdotter; Stina Nilsson;source_url=https://en.wikipedia.org/wiki/FIS_Nordic_World_Ski_Championships_2015,7.0
fis_nordic_world_ski_championships_2015_cross-country-skiing_women_team-sprint,POL,3,bronze,fis_nordic_worlds_rank=3;event=Team sprint;team_members=Justyna Kowalczyk; Sylwia Jaśkowiec;source_url=https://en.wikipedia.org/wiki/FIS_Nordic_World_Ski_Championships_2015,5.0
fis_nordic_world_ski_championships_2015_nordic-combined-skiing_men_individual-large-hill,AUT_Bernhard_Gruber,1,gold,fis_nordic_worlds_rank=1;event=Individual large hill;team_members=;source_url=https://en.wikipedia.org/wiki/FIS_Nordic_World_Ski_Championships_2015,10.0
fis_nordic_world_ski_championships_2015_nordic-combined-skiing_men_individual-large-hill,FRA_François_Braud,2,silver,fis_nordic_worlds_rank=2;event=Individual large hill;team_members=;source_url=https://en.wikipedia.org/wiki/FIS_Nordic_World_Ski_Championships_2015,7.0
fis_nordic_world_ski_championships_2015_nordic-combined-skiing_men_individual-large-hill,DEU_Johannes_Rydzek,3,bronze,fis_nordic_worlds_rank=3;event=Individual large hill;team_members=;source_url=https://en.wikipedia.org/wiki/FIS_Nordic_World_Ski_Championships_2015,5.0
fis_nordic_world_ski_championships_2015_nordic-combined-skiing_men_individual-normal-hill,DEU_Johannes_Rydzek,1,gold,fis_nordic_worlds_rank=1;event=Individual normal hill;team_members=;source_url=https://en.wikipedia.org/wiki/FIS_Nordic_World_Ski_Championships_2015,10.0
fis_nordic_world_ski_championships_2015_nordic-combined-skiing_men_individual-normal-hill,ITA_Alessandro_Pittin,2,silver,fis_nordic_worlds_rank=2;event=Individual normal hill;team_members=;source_url=https://en.wikipedia.org/wiki/FIS_Nordic_World_Ski_Championships_2015,7.0
fis_nordic_world_ski_championships_2015_nordic-combined-skiing_men_individual-normal-hill,FRA_Jason_Lamy-Chappuis,3,bronze,fis_nordic_worlds_rank=3;event=Individual normal hill;team_members=;source_url=https://en.wikipedia.org/wiki/FIS_Nordic_World_Ski_Championships_2015,5.0
fis_nordic_world_ski_championships_2015_nordic-combined-skiing_men_team,DEU,1,gold,fis_nordic_worlds_rank=1;event=Team;team_members=Tino Edelmann; Eric Frenzel; Fabian Rießle; Johannes Rydzek;source_url=https://en.wikipedia.org/wiki/FIS_Nordic_World_Ski_Championships_2015,10.0
fis_nordic_world_ski_championships_2015_nordic-combined-skiing_men_team,NOR,2,silver,fis_nordic_worlds_rank=2;event=Team;team_members=Magnus Moan; Håvard Klemetsen; Mikko Kokslien; Jørgen Graabak;source_url=https://en.wikipedia.org/wiki/FIS_Nordic_World_Ski_Championships_2015,7.0
fis_nordic_world_ski_championships_2015_nordic-combined-skiing_men_team,FRA,3,bronze,fis_nordic_worlds_rank=3;event=Team;team_members=François Braud; Maxime Laheurte; Sébastien Lacroix; Jason Lamy-Chappuis;source_url=https://en.wikipedia.org/wiki/FIS_Nordic_World_Ski_Championships_2015,5.0
fis_nordic_world_ski_championships_2015_nordic-combined-skiing_men_team-sprint-large-hill-discontinued,FRA,1,gold,fis_nordic_worlds_rank=1;event=Team sprint large hill (discontinued);team_members=François Braud; Jason Lamy-Chappuis;source_url=https://en.wikipedia.org/wiki/FIS_Nordic_World_Ski_Championships_2015,10.0
fis_nordic_world_ski_championships_2015_nordic-combined-skiing_men_team-sprint-large-hill-discontinued,DEU,2,silver,fis_nordic_worlds_rank=2;event=Team sprint large hill (discontinued);team_members=Eric Frenzel; Johannes Rydzek;source_url=https://en.wikipedia.org/wiki/FIS_Nordic_World_Ski_Championships_2015,7.0
fis_nordic_world_ski_championships_2015_nordic-combined-skiing_men_team-sprint-large-hill-discontinued,NOR,3,bronze,fis_nordic_worlds_rank=3;event=Team sprint large hill (discontinued);team_members=Magnus Moan; Haavard Klemetsen;source_url=https://en.wikipedia.org/wiki/FIS_Nordic_World_Ski_Championships_2015,5.0
fis_nordic_world_ski_championships_2015_ski-jumping_men_large-hill-individual,DEU_Severin_Freund,1,gold,fis_nordic_worlds_rank=1;event=Large hill individual;team_members=;source_url=https://en.wikipedia.org/wiki/FIS_Nordic_World_Ski_Championships_2015_–_Individual_large_hill#Final,10.0
fis_nordic_world_ski_championships_2015_ski-jumping_men_large-hill-individual,AUT_Gregor_Schlierenzauer,2,silver,fis_nordic_worlds_rank=2;event=Large hill individual;team_members=;source_url=https://en.wikipedia.org/wiki/FIS_Nordic_World_Ski_Championships_2015_–_Individual_large_hill#Final,7.0
fis_nordic_world_ski_championships_2015_ski-jumping_men_large-hill-individual,NOR_Rune_Velta,3,bronze,fis_nordic_worlds_rank=3;event=Large hill individual;team_members=;source_url=https://en.wikipedia.org/wiki/FIS_Nordic_World_Ski_Championships_2015_–_Individual_large_hill#Final,5.0
fis_nordic_world_ski_championships_2015_ski-jumping_men_large-hill-team,NOR,1,gold,fis_nordic_worlds_rank=1;event=Large hill team;team_members=Anders Bardal; Anders Jacobsen; Anders Fannemel; Rune Velta;source_url=https://en.wikipedia.org/wiki/FIS_Nordic_World_Ski_Championships_2015_–_Team_large_hill#Results,10.0
fis_nordic_world_ski_championships_2015_ski-jumping_men_large-hill-team,AUT,2,silver,fis_nordic_worlds_rank=2;event=Large hill team;team_members=Stefan Kraft; Michael Hayböck; Manuel Poppinger; Gregor Schlierenzauer;source_url=https://en.wikipedia.org/wiki/FIS_Nordic_World_Ski_Championships_2015_–_Team_large_hill#Results,7.0
fis_nordic_world_ski_championships_2015_ski-jumping_men_large-hill-team,POL,3,bronze,fis_nordic_worlds_rank=3;event=Large hill team;team_members=Piotr Żyła; Klemens Murańka; Jan Ziobro; Kamil Stoch;source_url=https://en.wikipedia.org/wiki/FIS_Nordic_World_Ski_Championships_2015_–_Team_large_hill#Results,5.0
fis_nordic_world_ski_championships_2015_ski-jumping_men_normal-hill-individual,NOR_Rune_Velta,1,gold,fis_nordic_worlds_rank=1;event=Normal hill individual;team_members=;source_url=https://en.wikipedia.org/wiki/FIS_Nordic_World_Ski_Championships_2015_–_Men's_individual_normal_hill#Final,10.0
fis_nordic_world_ski_championships_2015_ski-jumping_men_normal-hill-individual,DEU_Severin_Freund,2,silver,fis_nordic_worlds_rank=2;event=Normal hill individual;team_members=;source_url=https://en.wikipedia.org/wiki/FIS_Nordic_World_Ski_Championships_2015_–_Men's_individual_normal_hill#Final,7.0
fis_nordic_world_ski_championships_2015_ski-jumping_men_normal-hill-individual,AUT_Stefan_Kraft,3,bronze,fis_nordic_worlds_rank=3;event=Normal hill individual;team_members=;source_url=https://en.wikipedia.org/wiki/FIS_Nordic_World_Ski_Championships_2015_–_Men's_individual_normal_hill#Final,5.0
fis_nordic_world_ski_championships_2015_ski-jumping_mixed_mixed-team-normal-hill-discontinued,DEU,1,gold,fis_nordic_worlds_rank=1;event=Mixed team normal hill (discontinued);team_members=Carina Vogt; Richard Freitag; Katharina Althaus; Severin Freund;source_url=https://en.wikipedia.org/wiki/FIS_Nordic_World_Ski_Championships_2015_–_Mixed_team_normal_hill#Results,10.0
fis_nordic_world_ski_championships_2015_ski-jumping_mixed_mixed-team-normal-hill-discontinued,NOR,2,silver,fis_nordic_worlds_rank=2;event=Mixed team normal hill (discontinued);team_members=Line Jahr; Anders Bardal; Maren Lundby; Rune Velta;source_url=https://en.wikipedia.org/wiki/FIS_Nordic_World_Ski_Championships_2015_–_Mixed_team_normal_hill#Results,7.0
fis_nordic_world_ski_championships_2015_ski-jumping_mixed_mixed-team-normal-hill-discontinued,JPN,3,bronze,fis_nordic_worlds_rank=3;event=Mixed team normal hill (discontinued);team_members=Sara Takanashi; Noriaki Kasai; Yūki Itō; Taku Takeuchi;source_url=https://en.wikipedia.org/wiki/FIS_Nordic_World_Ski_Championships_2015_–_Mixed_team_normal_hill#Results,5.0
fis_nordic_world_ski_championships_2015_ski-jumping_women_normal-hill-individual,DEU_Carina_Vogt,1,gold,fis_nordic_worlds_rank=1;event=Normal hill individual;team_members=;source_url=https://en.wikipedia.org/wiki/FIS_Nordic_World_Ski_Championships_2015_–_Women's_individual_normal_hill#Final,10.0
fis_nordic_world_ski_championships_2015_ski-jumping_women_normal-hill-individual,JPN_Yki_It,2,silver,fis_nordic_worlds_rank=2;event=Normal hill individual;team_members=;source_url=https://en.wikipedia.org/wiki/FIS_Nordic_World_Ski_Championships_2015_–_Women's_individual_normal_hill#Final,7.0
fis_nordic_world_ski_championships_2015_ski-jumping_women_normal-hill-individual,AUT_Daniela_Iraschko-Stolz,3,bronze,fis_nordic_worlds_rank=3;event=Normal hill individual;team_members=;source_url=https://en.wikipedia.org/wiki/FIS_Nordic_World_Ski_Championships_2015_–_Women's_individual_normal_hill#Final,5.0
fis_nordic_world_ski_championships_2017_cross-country-skiing_men_18-km-17-km-and-15-km-discontinued,FIN_Iivo_Niskanen,1,gold,"fis_nordic_worlds_rank=1;event=18 km, 17 km and 15 km (discontinued);team_members=;source_url=https://en.wikipedia.org/wiki/FIS_Nordic_World_Ski_Championships_2017",10.0
fis_nordic_world_ski_championships_2017_cross-country-skiing_men_18-km-17-km-and-15-km-discontinued,NOR_Martin_Johnsrud_Sundby,2,silver,"fis_nordic_worlds_rank=2;event=18 km, 17 km and 15 km (discontinued);team_members=;source_url=https://en.wikipedia.org/wiki/FIS_Nordic_World_Ski_Championships_2017",7.0
fis_nordic_world_ski_championships_2017_cross-country-skiing_men_18-km-17-km-and-15-km-discontinued,NOR_Niklas_Dyrhaug,3,bronze,"fis_nordic_worlds_rank=3;event=18 km, 17 km and 15 km (discontinued);team_members=;source_url=https://en.wikipedia.org/wiki/FIS_Nordic_World_Ski_Championships_2017",5.0
fis_nordic_world_ski_championships_2017_cross-country-skiing_men_4-10-7-5-km-relay,NOR,1,gold,fis_nordic_worlds_rank=1;event=4 × 10/7.5 km relay;team_members=Didrik Tønseth; Niklas Dyrhaug; Martin Johnsrud Sundby; Finn Hågen Krogh;source_url=https://en.wikipedia.org/wiki/FIS_Nordic_World_Ski_Championships_2017,10.0
fis_nordic_world_ski_championships_2017_cross-country-skiing_men_4-10-7-5-km-relay,RUS,2,silver,fis_nordic_worlds_rank=2;event=4 × 10/7.5 km relay;team_members=Andrey Larkov; Alexander Bessmertnykh; Aleksey Chervotkin; Sergey Ustiugov;source_url=https://en.wikipedia.org/wiki/FIS_Nordic_World_Ski_Championships_2017,7.0
fis_nordic_world_ski_championships_2017_cross-country-skiing_men_4-10-7-5-km-relay,SWE,3,bronze,fis_nordic_worlds_rank=3;event=4 × 10/7.5 km relay;team_members=Daniel Richardsson; Johan Olsson; Marcus Hellner; Calle Halfvarsson;source_url=https://en.wikipedia.org/wiki/FIS_Nordic_World_Ski_Championships_2017,5.0
fis_nordic_world_ski_championships_2017_cross-country-skiing_men_50-km,CAN_Alex_Harvey,1,gold,fis_nordic_worlds_rank=1;event=50 km;team_members=;source_url=https://en.wikipedia.org/wiki/FIS_Nordic_World_Ski_Championships_2017,10.0
fis_nordic_world_ski_championships_2017_cross-country-skiing_men_50-km,RUS_Sergey_Ustiugov,2,silver,fis_nordic_worlds_rank=2;event=50 km;team_members=;source_url=https://en.wikipedia.org/wiki/FIS_Nordic_World_Ski_Championships_2017,7.0
fis_nordic_world_ski_championships_2017_cross-country-skiing_men_50-km,FIN_Matti_Heikkinen,3,bronze,fis_nordic_worlds_rank=3;event=50 km;team_members=;source_url=https://en.wikipedia.org/wiki/FIS_Nordic_World_Ski_Championships_2017,5.0
fis_nordic_world_ski_championships_2017_cross-country-skiing_men_combined-double-pursuit-skiathlon,RUS_Sergey_Ustiugov,1,gold,fis_nordic_worlds_rank=1;event=Combined/double pursuit/Skiathlon;team_members=;source_url=https://en.wikipedia.org/wiki/FIS_Nordic_World_Ski_Championships_2017,10.0
fis_nordic_world_ski_championships_2017_cross-country-skiing_men_combined-double-pursuit-skiathlon,NOR_Martin_Johnsrud_Sundby,2,silver,fis_nordic_worlds_rank=2;event=Combined/double pursuit/Skiathlon;team_members=;source_url=https://en.wikipedia.org/wiki/FIS_Nordic_World_Ski_Championships_2017,7.0
fis_nordic_world_ski_championships_2017_cross-country-skiing_men_combined-double-pursuit-skiathlon,NOR_Finn_Hågen_Krogh,3,bronze,fis_nordic_worlds_rank=3;event=Combined/double pursuit/Skiathlon;team_members=;source_url=https://en.wikipedia.org/wiki/FIS_Nordic_World_Ski_Championships_2017,5.0
fis_nordic_world_ski_championships_2017_cross-country-skiing_men_individual-sprint,ITA_Federico_Pellegrino,1,gold,fis_nordic_worlds_rank=1;event=Individual sprint;team_members=;source_url=https://en.wikipedia.org/wiki/FIS_Nordic_World_Ski_Championships_2017,10.0
fis_nordic_world_ski_championships_2017_cross-country-skiing_men_individual-sprint,RUS_Sergey_Ustiugov,2,silver,fis_nordic_worlds_rank=2;event=Individual sprint;team_members=;source_url=https://en.wikipedia.org/wiki/FIS_Nordic_World_Ski_Championships_2017,7.0
fis_nordic_world_ski_championships_2017_cross-country-skiing_men_individual-sprint,NOR_Johannes_Høsflot_Klæbo,3,bronze,fis_nordic_worlds_rank=3;event=Individual sprint;team_members=;source_url=https://en.wikipedia.org/wiki/FIS_Nordic_World_Ski_Championships_2017,5.0
fis_nordic_world_ski_championships_2017_cross-country-skiing_men_team-sprint,RUS,1,gold,fis_nordic_worlds_rank=1;event=Team sprint;team_members=Nikita Kryukov; Sergey Ustiugov;source_url=https://en.wikipedia.org/wiki/FIS_Nordic_World_Ski_Championships_2017,10.0
fis_nordic_world_ski_championships_2017_cross-country-skiing_men_team-sprint,ITA,2,silver,fis_nordic_worlds_rank=2;event=Team sprint;team_members=Dietmar Nöckler; Federico Pellegrino;source_url=https://en.wikipedia.org/wiki/FIS_Nordic_World_Ski_Championships_2017,7.0
fis_nordic_world_ski_championships_2017_cross-country-skiing_men_team-sprint,FIN,3,bronze,fis_nordic_worlds_rank=3;event=Team sprint;team_members=Sami Jauhojärvi; Iivo Niskanen;source_url=https://en.wikipedia.org/wiki/FIS_Nordic_World_Ski_Championships_2017,5.0
fis_nordic_world_ski_championships_2017_cross-country-skiing_women_3-4-5-7-5-km-relay,NOR,1,gold,fis_nordic_worlds_rank=1;event=3/4 × 5/7.5 km relay;team_members=Maiken Caspersen Falla; Heidi Weng; Astrid Uhrenholdt Jacobsen; Marit Bjørgen;source_url=https://en.wikipedia.org/wiki/FIS_Nordic_World_Ski_Championships_2017,10.0
fis_nordic_world_ski_championships_2017_cross-country-skiing_women_3-4-5-7-5-km-relay,SWE,2,silver,fis_nordic_worlds_rank=2;event=3/4 × 5/7.5 km relay;team_members=Anna Haag; Charlotte Kalla; Ebba Andersson; Stina Nilsson;source_url=https://en.wikipedia.org/wiki/FIS_Nordic_World_Ski_Championships_2017,7.0
fis_nordic_world_ski_championships_2017_cross-country-skiing_women_3-4-5-7-5-km-relay,FIN,3,bronze,fis_nordic_worlds_rank=3;event=3/4 × 5/7.5 km relay;team_members=Aino-Kaisa Saarinen; Kerttu Niskanen; Laura Mononen; Krista Pärmäkoski;source_url=https://en.wikipedia.org/wiki/FIS_Nordic_World_Ski_Championships_2017,5.0
fis_nordic_world_ski_championships_2017_cross-country-skiing_women_team-sprint,NOR,1,gold,fis_nordic_worlds_rank=1;event=Team sprint;team_members=Heidi Weng; Maiken Caspersen Falla;source_url=https://en.wikipedia.org/wiki/FIS_Nordic_World_Ski_Championships_2017,10.0
fis_nordic_world_ski_championships_2017_cross-country-skiing_women_team-sprint,RUS,2,silver,fis_nordic_worlds_rank=2;event=Team sprint;team_members=Yuliya Belorukova; Natalya Matveyeva;source_url=https://en.wikipedia.org/wiki/FIS_Nordic_World_Ski_Championships_2017,7.0
fis_nordic_world_ski_championships_2017_cross-country-skiing_women_team-sprint,USA,3,bronze,fis_nordic_worlds_rank=3;event=Team sprint;team_members=Sadie Bjornsen; Jessie Diggins;source_url=https://en.wikipedia.org/wiki/FIS_Nordic_World_Ski_Championships_2017,5.0
fis_nordic_world_ski_championships_2017_nordic-combined-skiing_men_individual-large-hill,DEU_Johannes_Rydzek,1,gold,fis_nordic_worlds_rank=1;event=Individual large hill;team_members=;source_url=https://en.wikipedia.org/wiki/FIS_Nordic_World_Ski_Championships_2017,10.0
fis_nordic_world_ski_championships_2017_nordic-combined-skiing_men_individual-large-hill,JPN_Akito_Watabe,2,silver,fis_nordic_worlds_rank=2;event=Individual large hill;team_members=;source_url=https://en.wikipedia.org/wiki/FIS_Nordic_World_Ski_Championships_2017,7.0
fis_nordic_world_ski_championships_2017_nordic-combined-skiing_men_individual-large-hill,FRA_François_Braud,3,bronze,fis_nordic_worlds_rank=3;event=Individual large hill;team_members=;source_url=https://en.wikipedia.org/wiki/FIS_Nordic_World_Ski_Championships_2017,5.0
fis_nordic_world_ski_championships_2017_nordic-combined-skiing_men_individual-normal-hill,DEU_Johannes_Rydzek,1,gold,fis_nordic_worlds_rank=1;event=Individual normal hill;team_members=;source_url=https://en.wikipedia.org/wiki/FIS_Nordic_World_Ski_Championships_2017,10.0
fis_nordic_world_ski_championships_2017_nordic-combined-skiing_men_individual-normal-hill,DEU_Eric_Frenzel,2,silver,fis_nordic_worlds_rank=2;event=Individual normal hill;team_members=;source_url=https://en.wikipedia.org/wiki/FIS_Nordic_World_Ski_Championships_2017,7.0
fis_nordic_world_ski_championships_2017_nordic-combined-skiing_men_individual-normal-hill,DEU_Björn_Kircheisen,3,bronze,fis_nordic_worlds_rank=3;event=Individual normal hill;team_members=;source_url=https://en.wikipedia.org/wiki/FIS_Nordic_World_Ski_Championships_2017,5.0
fis_nordic_world_ski_championships_2017_nordic-combined-skiing_men_team,DEU,1,gold,fis_nordic_worlds_rank=1;event=Team;team_members=Björn Kircheisen; Eric Frenzel; Fabian Rießle; Johannes Rydzek;source_url=https://en.wikipedia.org/wiki/FIS_Nordic_World_Ski_Championships_2017,10.0
fis_nordic_world_ski_championships_2017_nordic-combined-skiing_men_team,NOR,2,silver,fis_nordic_worlds_rank=2;event=Team;team_members=Magnus Moan; Mikko Kokslien; Magnus Krog; Jørgen Graabak;source_url=https://en.wikipedia.org/wiki/FIS_Nordic_World_Ski_Championships_2017,7.0
fis_nordic_world_ski_championships_2017_nordic-combined-skiing_men_team,AUT,3,bronze,fis_nordic_worlds_rank=3;event=Team;team_members=Bernhard Gruber; Mario Seidl; Philipp Orter; Paul Gerstgraser;source_url=https://en.wikipedia.org/wiki/FIS_Nordic_World_Ski_Championships_2017,5.0
fis_nordic_world_ski_championships_2017_nordic-combined-skiing_men_team-sprint-large-hill-discontinued,DEU,1,gold,fis_nordic_worlds_rank=1;event=Team sprint large hill (discontinued);team_members=Eric Frenzel; Johannes Rydzek;source_url=https://en.wikipedia.org/wiki/FIS_Nordic_World_Ski_Championships_2017,10.0
fis_nordic_world_ski_championships_2017_nordic-combined-skiing_men_team-sprint-large-hill-discontinued,NOR,2,silver,fis_nordic_worlds_rank=2;event=Team sprint large hill (discontinued);team_members=Magnus Moan; Magnus Krog;source_url=https://en.wikipedia.org/wiki/FIS_Nordic_World_Ski_Championships_2017,7.0
fis_nordic_world_ski_championships_2017_nordic-combined-skiing_men_team-sprint-large-hill-discontinued,JPN,3,bronze,fis_nordic_worlds_rank=3;event=Team sprint large hill (discontinued);team_members=Yoshito Watabe; Akito Watabe;source_url=https://en.wikipedia.org/wiki/FIS_Nordic_World_Ski_Championships_2017,5.0
fis_nordic_world_ski_championships_2017_ski-jumping_men_large-hill-individual,AUT_Stefan_Kraft,1,gold,fis_nordic_worlds_rank=1;event=Large hill individual;team_members=;source_url=https://en.wikipedia.org/wiki/FIS_Nordic_World_Ski_Championships_2017_–_Individual_large_hill#Final,10.0
fis_nordic_world_ski_championships_2017_ski-jumping_men_large-hill-individual,DEU_Andreas_Wellinger,2,silver,fis_nordic_worlds_rank=2;event=Large hill individual;team_members=;source_url=https://en.wikipedia.org/wiki/FIS_Nordic_World_Ski_Championships_2017_–_Individual_large_hill#Final,7.0
fis_nordic_world_ski_championships_2017_ski-jumping_men_large-hill-individual,POL_Piotr_ya,3,bronze,fis_nordic_worlds_rank=3;event=Large hill individual;team_members=;source_url=https://en.wikipedia.org/wiki/FIS_Nordic_World_Ski_Championships_2017_–_Individual_large_hill#Final,5.0
fis_nordic_world_ski_championships_2017_ski-jumping_men_large-hill-team,POL,1,gold,fis_nordic_worlds_rank=1;event=Large hill team;team_members=Piotr Żyła; Dawid Kubacki; Maciej Kot; Kamil Stoch;source_url=https://en.wikipedia.org/wiki/FIS_Nordic_World_Ski_Championships_2017_–_Team_large_hill,10.0
fis_nordic_world_ski_championships_2017_ski-jumping_men_large-hill-team,NOR,2,silver,fis_nordic_worlds_rank=2;event=Large hill team;team_members=Anders Fannemel; Johann André Forfang; Daniel-André Tande; Andreas Stjernen;source_url=https://en.wikipedia.org/wiki/FIS_Nordic_World_Ski_Championships_2017_–_Team_large_hill,7.0
fis_nordic_world_ski_championships_2017_ski-jumping_men_large-hill-team,AUT,3,bronze,fis_nordic_worlds_rank=3;event=Large hill team;team_members=Michael Hayböck; Manuel Fettner; Gregor Schlierenzauer; Stefan Kraft;source_url=https://en.wikipedia.org/wiki/FIS_Nordic_World_Ski_Championships_2017_–_Team_large_hill,5.0
fis_nordic_world_ski_championships_2017_ski-jumping_men_normal-hill-individual,AUT_Stefan_Kraft,1,gold,fis_nordic_worlds_rank=1;event=Normal hill individual;team_members=;source_url=https://en.wikipedia.org/wiki/FIS_Nordic_World_Ski_Championships_2017_–_Men's_individual_normal_hill#Final,10.0
fis_nordic_world_ski_championships_2017_ski-jumping_men_normal-hill-individual,DEU_Andreas_Wellinger,2,silver,fis_nordic_worlds_rank=2;event=Normal hill individual;team_members=;source_url=https://en.wikipedia.org/wiki/FIS_Nordic_World_Ski_Championships_2017_–_Men's_individual_normal_hill#Final,7.0
fis_nordic_world_ski_championships_2017_ski-jumping_men_normal-hill-individual,DEU_Markus_Eisenbichler,3,bronze,fis_nordic_worlds_rank=3;event=Normal hill individual;team_members=;source_url=https://en.wikipedia.org/wiki/FIS_Nordic_World_Ski_Championships_2017_–_Men's_individual_normal_hill#Final,5.0
fis_nordic_world_ski_championships_2017_ski-jumping_mixed_mixed-team-normal-hill-discontinued,DEU,1,gold,fis_nordic_worlds_rank=1;event=Mixed team normal hill (discontinued);team_members=Carina Vogt; Markus Eisenbichler; Svenja Würth; Andreas Wellinger;source_url=https://en.wikipedia.org/wiki/FIS_Nordic_World_Ski_Championships_2017_–_Mixed_team_normal_hill#Results,10.0
fis_nordic_world_ski_championships_2017_ski-jumping_mixed_mixed-team-normal-hill-discontinued,AUT,2,silver,fis_nordic_worlds_rank=2;event=Mixed team normal hill (discontinued);team_members=Daniela Iraschko-Stolz; Michael Hayböck; Jacqueline Seifriedsberger; Stefan Kraft;source_url=https://en.wikipedia.org/wiki/FIS_Nordic_World_Ski_Championships_2017_–_Mixed_team_normal_hill#Results,7.0
fis_nordic_world_ski_championships_2017_ski-jumping_mixed_mixed-team-normal-hill-discontinued,JPN,3,bronze,fis_nordic_worlds_rank=3;event=Mixed team normal hill (discontinued);team_members=Sara Takanashi; Taku Takeuchi; Yūki Itō; Daiki Itō;source_url=https://en.wikipedia.org/wiki/FIS_Nordic_World_Ski_Championships_2017_–_Mixed_team_normal_hill#Results,5.0
fis_nordic_world_ski_championships_2017_ski-jumping_women_normal-hill-individual,DEU_Carina_Vogt,1,gold,fis_nordic_worlds_rank=1;event=Normal hill individual;team_members=;source_url=https://en.wikipedia.org/wiki/FIS_Nordic_World_Ski_Championships_2017_–_Women's_individual_normal_hill#Final,10.0
fis_nordic_world_ski_championships_2017_ski-jumping_women_normal-hill-individual,JPN_Yki_It,2,silver,fis_nordic_worlds_rank=2;event=Normal hill individual;team_members=;source_url=https://en.wikipedia.org/wiki/FIS_Nordic_World_Ski_Championships_2017_–_Women's_individual_normal_hill#Final,7.0
fis_nordic_world_ski_championships_2017_ski-jumping_women_normal-hill-individual,JPN_Sara_Takanashi,3,bronze,fis_nordic_worlds_rank=3;event=Normal hill individual;team_members=;source_url=https://en.wikipedia.org/wiki/FIS_Nordic_World_Ski_Championships_2017_–_Women's_individual_normal_hill#Final,5.0
fis_nordic_world_ski_championships_2019_cross-country-skiing_men_18-km-17-km-and-15-km-discontinued,NOR_Martin_Johnsrud_Sundby,1,gold,"fis_nordic_worlds_rank=1;event=18 km, 17 km and 15 km (discontinued);team_members=;source_url=https://en.wikipedia.org/wiki/FIS_Nordic_World_Ski_Championships_2019",10.0
fis_nordic_world_ski_championships_2019_cross-country-skiing_men_18-km-17-km-and-15-km-discontinued,RUS_Alexander_Bessmertnykh,2,silver,"fis_nordic_worlds_rank=2;event=18 km, 17 km and 15 km (discontinued);team_members=;source_url=https://en.wikipedia.org/wiki/FIS_Nordic_World_Ski_Championships_2019",7.0
fis_nordic_world_ski_championships_2019_cross-country-skiing_men_18-km-17-km-and-15-km-discontinued,FIN_Iivo_Niskanen,3,bronze,"fis_nordic_worlds_rank=3;event=18 km, 17 km and 15 km (discontinued);team_members=;source_url=https://en.wikipedia.org/wiki/FIS_Nordic_World_Ski_Championships_2019",5.0
fis_nordic_world_ski_championships_2019_cross-country-skiing_men_4-10-7-5-km-relay,NOR,1,gold,fis_nordic_worlds_rank=1;event=4 × 10/7.5 km relay;team_members=Emil Iversen; Martin Johnsrud Sundby; Sjur Røthe; Johannes Høsflot Klæbo;source_url=https://en.wikipedia.org/wiki/FIS_Nordic_World_Ski_Championships_2019,10.0
fis_nordic_world_ski_championships_2019_cross-country-skiing_men_4-10-7-5-km-relay,RUS,2,silver,fis_nordic_worlds_rank=2;event=4 × 10/7.5 km relay;team_members=Andrey Larkov; Alexander Bessmertnykh; Alexander Bolshunov; Sergey Ustiugov;source_url=https://en.wikipedia.org/wiki/FIS_Nordic_World_Ski_Championships_2019,7.0
fis_nordic_world_ski_championships_2019_cross-country-skiing_men_4-10-7-5-km-relay,FRA,3,bronze,fis_nordic_worlds_rank=3;event=4 × 10/7.5 km relay;team_members=Adrien Backscheider; Maurice Manificat; Clément Parisse; Richard Jouve;source_url=https://en.wikipedia.org/wiki/FIS_Nordic_World_Ski_Championships_2019,5.0
fis_nordic_world_ski_championships_2019_cross-country-skiing_men_50-km,NOR_Hans_Christer_Holund,1,gold,fis_nordic_worlds_rank=1;event=50 km;team_members=;source_url=https://en.wikipedia.org/wiki/FIS_Nordic_World_Ski_Championships_2019,10.0
fis_nordic_world_ski_championships_2019_cross-country-skiing_men_50-km,RUS_Alexander_Bolshunov,2,silver,fis_nordic_worlds_rank=2;event=50 km;team_members=;source_url=https://en.wikipedia.org/wiki/FIS_Nordic_World_Ski_Championships_2019,7.0
fis_nordic_world_ski_championships_2019_cross-country-skiing_men_50-km,NOR_Sjur_Røthe,3,bronze,fis_nordic_worlds_rank=3;event=50 km;team_members=;source_url=https://en.wikipedia.org/wiki/FIS_Nordic_World_Ski_Championships_2019,5.0
fis_nordic_world_ski_championships_2019_cross-country-skiing_men_combined-double-pursuit-skiathlon,NOR_Sjur_Røthe,1,gold,fis_nordic_worlds_rank=1;event=Combined/double pursuit/Skiathlon;team_members=;source_url=https://en.wikipedia.org/wiki/FIS_Nordic_World_Ski_Championships_2019,10.0
fis_nordic_world_ski_championships_2019_cross-country-skiing_men_combined-double-pursuit-skiathlon,RUS_Alexander_Bolshunov,2,silver,fis_nordic_worlds_rank=2;event=Combined/double pursuit/Skiathlon;team_members=;source_url=https://en.wikipedia.org/wiki/FIS_Nordic_World_Ski_Championships_2019,7.0
fis_nordic_world_ski_championships_2019_cross-country-skiing_men_combined-double-pursuit-skiathlon,NOR_Martin_Johnsrud_Sundby,3,bronze,fis_nordic_worlds_rank=3;event=Combined/double pursuit/Skiathlon;team_members=;source_url=https://en.wikipedia.org/wiki/FIS_Nordic_World_Ski_Championships_2019,5.0
fis_nordic_world_ski_championships_2019_cross-country-skiing_men_individual-sprint,NOR_Johannes_Høsflot_Klæbo,1,gold,fis_nordic_worlds_rank=1;event=Individual sprint;team_members=;source_url=https://en.wikipedia.org/wiki/FIS_Nordic_World_Ski_Championships_2019,10.0
fis_nordic_world_ski_championships_2019_cross-country-skiing_men_individual-sprint,ITA_Federico_Pellegrino,2,silver,fis_nordic_worlds_rank=2;event=Individual sprint;team_members=;source_url=https://en.wikipedia.org/wiki/FIS_Nordic_World_Ski_Championships_2019,7.0
fis_nordic_world_ski_championships_2019_cross-country-skiing_men_individual-sprint,RUS_Gleb_Retivykh,3,bronze,fis_nordic_worlds_rank=3;event=Individual sprint;team_members=;source_url=https://en.wikipedia.org/wiki/FIS_Nordic_World_Ski_Championships_2019,5.0
fis_nordic_world_ski_championships_2019_cross-country-skiing_men_team-sprint,NOR,1,gold,fis_nordic_worlds_rank=1;event=Team sprint;team_members=Emil Iversen; Johannes Høsflot Klæbo;source_url=https://en.wikipedia.org/wiki/FIS_Nordic_World_Ski_Championships_2019,10.0
fis_nordic_world_ski_championships_2019_cross-country-skiing_men_team-sprint,RUS,2,silver,fis_nordic_worlds_rank=2;event=Team sprint;team_members=Gleb Retivykh; Alexander Bolshunov;source_url=https://en.wikipedia.org/wiki/FIS_Nordic_World_Ski_Championships_2019,7.0
fis_nordic_world_ski_championships_2019_cross-country-skiing_men_team-sprint,ITA,3,bronze,fis_nordic_worlds_rank=3;event=Team sprint;team_members=Francesco De Fabiani; Federico Pellegrino;source_url=https://en.wikipedia.org/wiki/FIS_Nordic_World_Ski_Championships_2019,5.0
fis_nordic_world_ski_championships_2019_cross-country-skiing_women_3-4-5-7-5-km-relay,SWE,1,gold,fis_nordic_worlds_rank=1;event=3/4 × 5/7.5 km relay;team_members=Ebba Andersson; Frida Karlsson; Charlotte Kalla; Stina Nilsson;source_url=https://en.wikipedia.org/wiki/FIS_Nordic_World_Ski_Championships_2019,10.0
fis_nordic_world_ski_championships_2019_cross-country-skiing_women_3-4-5-7-5-km-relay,NOR,2,silver,fis_nordic_worlds_rank=2;event=3/4 × 5/7.5 km relay;team_members=Heidi Weng; Ingvild Flugstad Østberg; Astrid Uhrenholdt Jacobsen; Therese Johaug;source_url=https://en.wikipedia.org/wiki/FIS_Nordic_World_Ski_Championships_2019,7.0
fis_nordic_world_ski_championships_2019_cross-country-skiing_women_3-4-5-7-5-km-relay,RUS,3,bronze,fis_nordic_worlds_rank=3;event=3/4 × 5/7.5 km relay;team_members=Yuliya Belorukova; Anastasia Sedova; Anna Nechaevskaya; Natalya Nepryayeva;source_url=https://en.wikipedia.org/wiki/FIS_Nordic_World_Ski_Championships_2019,5.0
fis_nordic_world_ski_championships_2019_cross-country-skiing_women_team-sprint,SWE,1,gold,fis_nordic_worlds_rank=1;event=Team sprint;team_members=Stina Nilsson; Maja Dahlqvist;source_url=https://en.wikipedia.org/wiki/FIS_Nordic_World_Ski_Championships_2019,10.0
fis_nordic_world_ski_championships_2019_cross-country-skiing_women_team-sprint,SVN,2,silver,fis_nordic_worlds_rank=2;event=Team sprint;team_members=Katja Višnar; Anamarija Lampič;source_url=https://en.wikipedia.org/wiki/FIS_Nordic_World_Ski_Championships_2019,7.0
fis_nordic_world_ski_championships_2019_cross-country-skiing_women_team-sprint,NOR,3,bronze,fis_nordic_worlds_rank=3;event=Team sprint;team_members=Ingvild Flugstad Østberg; Maiken Caspersen Falla;source_url=https://en.wikipedia.org/wiki/FIS_Nordic_World_Ski_Championships_2019,5.0
fis_nordic_world_ski_championships_2019_nordic-combined-skiing_men_individual-large-hill,DEU_Eric_Frenzel,1,gold,fis_nordic_worlds_rank=1;event=Individual large hill;team_members=;source_url=https://en.wikipedia.org/wiki/FIS_Nordic_World_Ski_Championships_2019,10.0
fis_nordic_world_ski_championships_2019_nordic-combined-skiing_men_individual-large-hill,NOR_Jan_Schmid,2,silver,fis_nordic_worlds_rank=2;event=Individual large hill;team_members=;source_url=https://en.wikipedia.org/wiki/FIS_Nordic_World_Ski_Championships_2019,7.0
fis_nordic_world_ski_championships_2019_nordic-combined-skiing_men_individual-large-hill,AUT_Franz-Josef_Rehrl,3,bronze,fis_nordic_worlds_rank=3;event=Individual large hill;team_members=;source_url=https://en.wikipedia.org/wiki/FIS_Nordic_World_Ski_Championships_2019,5.0
fis_nordic_world_ski_championships_2019_nordic-combined-skiing_men_individual-normal-hill,NOR_Jarl_Magnus_Riiber,1,gold,fis_nordic_worlds_rank=1;event=Individual normal hill;team_members=;source_url=https://en.wikipedia.org/wiki/FIS_Nordic_World_Ski_Championships_2019,10.0
fis_nordic_world_ski_championships_2019_nordic-combined-skiing_men_individual-normal-hill,AUT_Bernhard_Gruber,2,silver,fis_nordic_worlds_rank=2;event=Individual normal hill;team_members=;source_url=https://en.wikipedia.org/wiki/FIS_Nordic_World_Ski_Championships_2019,7.0
fis_nordic_world_ski_championships_2019_nordic-combined-skiing_men_individual-normal-hill,JPN_Akito_Watabe,3,bronze,fis_nordic_worlds_rank=3;event=Individual normal hill;team_members=;source_url=https://en.wikipedia.org/wiki/FIS_Nordic_World_Ski_Championships_2019,5.0
fis_nordic_world_ski_championships_2019_nordic-combined-skiing_men_team,NOR,1,gold,fis_nordic_worlds_rank=1;event=Team;team_members=Espen Bjørnstad; Jan Schmid; Jørgen Graabak; Jarl Magnus Riiber;source_url=https://en.wikipedia.org/wiki/FIS_Nordic_World_Ski_Championships_2019,10.0
fis_nordic_world_ski_championships_2019_nordic-combined-skiing_men_team,DEU,2,silver,fis_nordic_worlds_rank=2;event=Team;team_members=Johannes Rydzek; Eric Frenzel; Fabian Rießle; Vinzenz Geiger;source_url=https://en.wikipedia.org/wiki/FIS_Nordic_World_Ski_Championships_2019,7.0
fis_nordic_world_ski_championships_2019_nordic-combined-skiing_men_team,JPN,3,bronze,fis_nordic_worlds_rank=3;event=Team;team_members=Gō Yamamoto; Yoshito Watabe; Hideaki Nagai; Akito Watabe;source_url=https://en.wikipedia.org/wiki/FIS_Nordic_World_Ski_Championships_2019,5.0
fis_nordic_world_ski_championships_2019_nordic-combined-skiing_men_team-sprint-large-hill-discontinued,DEU,1,gold,fis_nordic_worlds_rank=1;event=Team sprint large hill (discontinued);team_members=Eric Frenzel; Fabian Rießle;source_url=https://en.wikipedia.org/wiki/FIS_Nordic_World_Ski_Championships_2019,10.0
fis_nordic_world_ski_championships_2019_nordic-combined-skiing_men_team-sprint-large-hill-discontinued,NOR,2,silver,fis_nordic_worlds_rank=2;event=Team sprint large hill (discontinued);team_members=Jan Schmid; Jarl Magnus Riiber;source_url=https://en.wikipedia.org/wiki/FIS_Nordic_World_Ski_Championships_2019,7.0
fis_nordic_world_ski_championships_2019_nordic-combined-skiing_men_team-sprint-large-hill-discontinued,AUT,3,bronze,fis_nordic_worlds_rank=3;event=Team sprint large hill (discontinued);team_members=Franz-Josef Rehrl; Bernhard Gruber;source_url=https://en.wikipedia.org/wiki/FIS_Nordic_World_Ski_Championships_2019,5.0
fis_nordic_world_ski_championships_2019_ski-jumping_men_large-hill-individual,DEU_Markus_Eisenbichler,1,gold,fis_nordic_worlds_rank=1;event=Large hill individual;team_members=;source_url=https://en.wikipedia.org/wiki/FIS_Nordic_World_Ski_Championships_2019_–_Individual_large_hill#Final,10.0
fis_nordic_world_ski_championships_2019_ski-jumping_men_large-hill-individual,DEU_Karl_Geiger,2,silver,fis_nordic_worlds_rank=2;event=Large hill individual;team_members=;source_url=https://en.wikipedia.org/wiki/FIS_Nordic_World_Ski_Championships_2019_–_Individual_large_hill#Final,7.0
fis_nordic_world_ski_championships_2019_ski-jumping_men_large-hill-individual,CHE_Killian_Peier,3,bronze,fis_nordic_worlds_rank=3;event=Large hill individual;team_members=;source_url=https://en.wikipedia.org/wiki/FIS_Nordic_World_Ski_Championships_2019_–_Individual_large_hill#Final,5.0
fis_nordic_world_ski_championships_2019_ski-jumping_men_large-hill-team,DEU,1,gold,fis_nordic_worlds_rank=1;event=Large hill team;team_members=Karl Geiger; Richard Freitag; Stephan Leyhe; Markus Eisenbichler;source_url=https://en.wikipedia.org/wiki/FIS_Nordic_World_Ski_Championships_2019_–_Team_large_hill,10.0
fis_nordic_world_ski_championships_2019_ski-jumping_men_large-hill-team,AUT,2,silver,fis_nordic_worlds_rank=2;event=Large hill team;team_members=Philipp Aschenwald; Michael Hayböck; Daniel Huber; Stefan Kraft;source_url=https://en.wikipedia.org/wiki/FIS_Nordic_World_Ski_Championships_2019_–_Team_large_hill,7.0
fis_nordic_world_ski_championships_2019_ski-jumping_men_large-hill-team,JPN,3,bronze,fis_nordic_worlds_rank=3;event=Large hill team;team_members=Yukiya Satō; Daiki Itō; Junshirō Kobayashi; Ryōyū Kobayashi;source_url=https://en.wikipedia.org/wiki/FIS_Nordic_World_Ski_Championships_2019_–_Team_large_hill,5.0
fis_nordic_world_ski_championships_2019_ski-jumping_men_normal-hill-individual,POL_Dawid_Kubacki,1,gold,fis_nordic_worlds_rank=1;event=Normal hill individual;team_members=;source_url=https://en.wikipedia.org/wiki/FIS_Nordic_World_Ski_Championships_2019_–_Men's_individual_normal_hill#Final,10.0
fis_nordic_world_ski_championships_2019_ski-jumping_men_normal-hill-individual,POL_Kamil_Stoch,2,silver,fis_nordic_worlds_rank=2;event=Normal hill individual;team_members=;source_url=https://en.wikipedia.org/wiki/FIS_Nordic_World_Ski_Championships_2019_–_Men's_individual_normal_hill#Final,7.0
fis_nordic_world_ski_championships_2019_ski-jumping_men_normal-hill-individual,AUT_Stefan_Kraft,3,bronze,fis_nordic_worlds_rank=3;event=Normal hill individual;team_members=;source_url=https://en.wikipedia.org/wiki/FIS_Nordic_World_Ski_Championships_2019_–_Men's_individual_normal_hill#Final,5.0
fis_nordic_world_ski_championships_2019_ski-jumping_mixed_mixed-team-normal-hill-discontinued,DEU,1,gold,fis_nordic_worlds_rank=1;event=Mixed team normal hill (discontinued);team_members=Katharina Althaus; Markus Eisenbichler; Juliane Seyfarth; Karl Geiger;source_url=https://en.wikipedia.org/wiki/FIS_Nordic_World_Ski_Championships_2019_–_Mixed_team_normal_hill#Results,10.0
fis_nordic_world_ski_championships_2019_ski-jumping_mixed_mixed-team-normal-hill-discontinued,AUT,2,silver,fis_nordic_worlds_rank=2;event=Mixed team normal hill (discontinued);team_members=Eva Pinkelnig; Philipp Aschenwald; Daniela Iraschko-Stolz; Stefan Kraft;source_url=https://en.wikipedia.org/wiki/FIS_Nordic_World_Ski_Championships_2019_–_Mixed_team_normal_hill#Results,7.0
fis_nordic_world_ski_championships_2019_ski-jumping_mixed_mixed-team-normal-hill-discontinued,NOR,3,bronze,fis_nordic_worlds_rank=3;event=Mixed team normal hill (discontinued);team_members=Anna Odine Strøm; Robert Johansson; Maren Lundby; Andreas Stjernen;source_url=https://en.wikipedia.org/wiki/FIS_Nordic_World_Ski_Championships_2019_–_Mixed_team_normal_hill#Results,5.0
fis_nordic_world_ski_championships_2019_ski-jumping_women_normal-hill-individual,NOR_Maren_Lundby,1,gold,fis_nordic_worlds_rank=1;event=Normal hill individual;team_members=;source_url=https://en.wikipedia.org/wiki/FIS_Nordic_World_Ski_Championships_2019_–_Women's_individual_normal_hill#Final,10.0
fis_nordic_world_ski_championships_2019_ski-jumping_women_normal-hill-individual,DEU_Katharina_Althaus,2,silver,fis_nordic_worlds_rank=2;event=Normal hill individual;team_members=;source_url=https://en.wikipedia.org/wiki/FIS_Nordic_World_Ski_Championships_2019_–_Women's_individual_normal_hill#Final,7.0
fis_nordic_world_ski_championships_2019_ski-jumping_women_normal-hill-individual,AUT_Daniela_Iraschko-Stolz,3,bronze,fis_nordic_worlds_rank=3;event=Normal hill individual;team_members=;source_url=https://en.wikipedia.org/wiki/FIS_Nordic_World_Ski_Championships_2019_–_Women's_individual_normal_hill#Final,5.0
fis_nordic_world_ski_championships_2019_ski-jumping_women_normal-hill-team,DEU,1,gold,fis_nordic_worlds_rank=1;event=Normal hill team;team_members=Juliane Seyfarth; Ramona Straub; Carina Vogt; Katharina Althaus;source_url=https://en.wikipedia.org/wiki/FIS_Nordic_World_Ski_Championships_2019_–_Women's_team_normal_hill,10.0
fis_nordic_world_ski_championships_2019_ski-jumping_women_normal-hill-team,AUT,2,silver,fis_nordic_worlds_rank=2;event=Normal hill team;team_members=Eva Pinkelnig; Jacqueline Seifriedsberger; Chiara Hölzl; Daniela Iraschko-Stolz;source_url=https://en.wikipedia.org/wiki/FIS_Nordic_World_Ski_Championships_2019_–_Women's_team_normal_hill,7.0
fis_nordic_world_ski_championships_2019_ski-jumping_women_normal-hill-team,NOR,3,bronze,fis_nordic_worlds_rank=3;event=Normal hill team;team_members=Anna Odine Strøm; Ingebjørg Saglien Bråten; Silje Opseth; Maren Lundby;source_url=https://en.wikipedia.org/wiki/FIS_Nordic_World_Ski_Championships_2019_–_Women's_team_normal_hill,5.0
fis_nordic_world_ski_championships_2021_cross-country-skiing_men_18-km-17-km-and-15-km-discontinued,NOR_Hans_Christer_Holund,1,gold,"fis_nordic_worlds_rank=1;event=18 km, 17 km and 15 km (discontinued);team_members=;source_url=https://en.wikipedia.org/wiki/FIS_Nordic_World_Ski_Championships_2021",10.0
fis_nordic_world_ski_championships_2021_cross-country-skiing_men_18-km-17-km-and-15-km-discontinued,NOR_Simen_Hegstad_Krüger,2,silver,"fis_nordic_worlds_rank=2;event=18 km, 17 km and 15 km (discontinued);team_members=;source_url=https://en.wikipedia.org/wiki/FIS_Nordic_World_Ski_Championships_2021",7.0
fis_nordic_world_ski_championships_2021_cross-country-skiing_men_18-km-17-km-and-15-km-discontinued,NOR_Harald_Østberg_Amundsen,3,bronze,"fis_nordic_worlds_rank=3;event=18 km, 17 km and 15 km (discontinued);team_members=;source_url=https://en.wikipedia.org/wiki/FIS_Nordic_World_Ski_Championships_2021",5.0
fis_nordic_world_ski_championships_2021_cross-country-skiing_men_4-10-7-5-km-relay,NOR,1,gold,fis_nordic_worlds_rank=1;event=4 × 10/7.5 km relay;team_members=Pål Golberg; Emil Iversen; Hans Christer Holund; Johannes Høsflot Klæbo;source_url=https://en.wikipedia.org/wiki/FIS_Nordic_World_Ski_Championships_2021,10.0
fis_nordic_world_ski_championships_2021_cross-country-skiing_men_4-10-7-5-km-relay,RUS,2,silver,fis_nordic_worlds_rank=2;event=4 × 10/7.5 km relay;team_members=Aleksey Chervotkin; Ivan Yakimushkin; Artem Maltsev; Alexander Bolshunov;source_url=https://en.wikipedia.org/wiki/FIS_Nordic_World_Ski_Championships_2021,7.0
fis_nordic_world_ski_championships_2021_cross-country-skiing_men_4-10-7-5-km-relay,FRA,3,bronze,fis_nordic_worlds_rank=3;event=4 × 10/7.5 km relay;team_members=Hugo Lapalus; Maurice Manificat; Clément Parisse; Jules Lapierre;source_url=https://en.wikipedia.org/wiki/FIS_Nordic_World_Ski_Championships_2021,5.0
fis_nordic_world_ski_championships_2021_cross-country-skiing_men_50-km,NOR_Emil_Iversen,1,gold,fis_nordic_worlds_rank=1;event=50 km;team_members=;source_url=https://en.wikipedia.org/wiki/FIS_Nordic_World_Ski_Championships_2021,10.0
fis_nordic_world_ski_championships_2021_cross-country-skiing_men_50-km,RUS_Alexander_Bolshunov,2,silver,fis_nordic_worlds_rank=2;event=50 km;team_members=;source_url=https://en.wikipedia.org/wiki/FIS_Nordic_World_Ski_Championships_2021,7.0
fis_nordic_world_ski_championships_2021_cross-country-skiing_men_50-km,NOR_Simen_Hegstad_Krüger,3,bronze,fis_nordic_worlds_rank=3;event=50 km;team_members=;source_url=https://en.wikipedia.org/wiki/FIS_Nordic_World_Ski_Championships_2021,5.0
fis_nordic_world_ski_championships_2021_cross-country-skiing_men_combined-double-pursuit-skiathlon,RUS_Alexander_Bolshunov,1,gold,fis_nordic_worlds_rank=1;event=Combined/double pursuit/Skiathlon;team_members=;source_url=https://en.wikipedia.org/wiki/FIS_Nordic_World_Ski_Championships_2021,10.0
fis_nordic_world_ski_championships_2021_cross-country-skiing_men_combined-double-pursuit-skiathlon,NOR_Simen_Hegstad_Krüger,2,silver,fis_nordic_worlds_rank=2;event=Combined/double pursuit/Skiathlon;team_members=;source_url=https://en.wikipedia.org/wiki/FIS_Nordic_World_Ski_Championships_2021,7.0
fis_nordic_world_ski_championships_2021_cross-country-skiing_men_combined-double-pursuit-skiathlon,NOR_Hans_Christer_Holund,3,bronze,fis_nordic_worlds_rank=3;event=Combined/double pursuit/Skiathlon;team_members=;source_url=https://en.wikipedia.org/wiki/FIS_Nordic_World_Ski_Championships_2021,5.0
fis_nordic_world_ski_championships_2021_cross-country-skiing_men_individual-sprint,NOR_Johannes_Høsflot_Klæbo,1,gold,fis_nordic_worlds_rank=1;event=Individual sprint;team_members=;source_url=https://en.wikipedia.org/wiki/FIS_Nordic_World_Ski_Championships_2021,10.0
fis_nordic_world_ski_championships_2021_cross-country-skiing_men_individual-sprint,NOR_Erik_Valnes,2,silver,fis_nordic_worlds_rank=2;event=Individual sprint;team_members=;source_url=https://en.wikipedia.org/wiki/FIS_Nordic_World_Ski_Championships_2021,7.0
fis_nordic_world_ski_championships_2021_cross-country-skiing_men_individual-sprint,NOR_Håvard_Solås_Taugbøl,3,bronze,fis_nordic_worlds_rank=3;event=Individual sprint;team_members=;source_url=https://en.wikipedia.org/wiki/FIS_Nordic_World_Ski_Championships_2021,5.0
fis_nordic_world_ski_championships_2021_cross-country-skiing_men_team-sprint,NOR,1,gold,fis_nordic_worlds_rank=1;event=Team sprint;team_members=Erik Valnes; Johannes Høsflot Klæbo;source_url=https://en.wikipedia.org/wiki/FIS_Nordic_World_Ski_Championships_2021,10.0
fis_nordic_world_ski_championships_2021_cross-country-skiing_men_team-sprint,FIN,2,silver,fis_nordic_worlds_rank=2;event=Team sprint;team_members=Ristomatti Hakola; Joni Mäki;source_url=https://en.wikipedia.org/wiki/FIS_Nordic_World_Ski_Championships_2021,7.0
fis_nordic_world_ski_championships_2021_cross-country-skiing_men_team-sprint,RUS,3,bronze,fis_nordic_worlds_rank=3;event=Team sprint;team_members=Alexander Bolshunov; Gleb Retivykh;source_url=https://en.wikipedia.org/wiki/FIS_Nordic_World_Ski_Championships_2021,5.0
fis_nordic_world_ski_championships_2021_cross-country-skiing_women_3-4-5-7-5-km-relay,NOR,1,gold,fis_nordic_worlds_rank=1;event=3/4 × 5/7.5 km relay;team_members=Tiril Udnes Weng; Heidi Weng; Therese Johaug; Helene Marie Fossesholm;source_url=https://en.wikipedia.org/wiki/FIS_Nordic_World_Ski_Championships_2021,10.0
fis_nordic_world_ski_championships_2021_cross-country-skiing_women_3-4-5-7-5-km-relay,RUS,2,silver,fis_nordic_worlds_rank=2;event=3/4 × 5/7.5 km relay;team_members=Yana Kirpichenko; Yuliya Stupak; Tatiana Sorina; Natalya Nepryayeva;source_url=https://en.wikipedia.org/wiki/FIS_Nordic_World_Ski_Championships_2021,7.0
fis_nordic_world_ski_championships_2021_cross-country-skiing_women_3-4-5-7-5-km-relay,FIN,3,bronze,fis_nordic_worlds_rank=3;event=3/4 × 5/7.5 km relay;team_members=Jasmi Joensuu; Johanna Matintalo; Riitta-Liisa Roponen; Krista Pärmäkoski;source_url=https://en.wikipedia.org/wiki/FIS_Nordic_World_Ski_Championships_2021,5.0
fis_nordic_world_ski_championships_2021_cross-country-skiing_women_team-sprint,SWE,1,gold,fis_nordic_worlds_rank=1;event=Team sprint;team_members=Maja Dahlqvist; Jonna Sundling;source_url=https://en.wikipedia.org/wiki/FIS_Nordic_World_Ski_Championships_2021,10.0
fis_nordic_world_ski_championships_2021_cross-country-skiing_women_team-sprint,CHE,2,silver,fis_nordic_worlds_rank=2;event=Team sprint;team_members=Laurien van der Graaff; Nadine Fähndrich;source_url=https://en.wikipedia.org/wiki/FIS_Nordic_World_Ski_Championships_2021,7.0
fis_nordic_world_ski_championships_2021_cross-country-skiing_women_team-sprint,SVN,3,bronze,fis_nordic_worlds_rank=3;event=Team sprint;team_members=Eva Urevc; Anamarija Lampič;source_url=https://en.wikipedia.org/wiki/FIS_Nordic_World_Ski_Championships_2021,5.0
fis_nordic_world_ski_championships_2021_nordic-combined-skiing_men_individual-large-hill,AUT_Johannes_Lamparter,1,gold,fis_nordic_worlds_rank=1;event=Individual large hill;team_members=;source_url=https://en.wikipedia.org/wiki/FIS_Nordic_World_Ski_Championships_2021,10.0
fis_nordic_world_ski_championships_2021_nordic-combined-skiing_men_individual-large-hill,NOR_Jarl_Magnus_Riiber,2,silver,fis_nordic_worlds_rank=2;event=Individual large hill;team_members=;source_url=https://en.wikipedia.org/wiki/FIS_Nordic_World_Ski_Championships_2021,7.0
fis_nordic_world_ski_championships_2021_nordic-combined-skiing_men_individual-large-hill,JPN_Akito_Watabe,3,bronze,fis_nordic_worlds_rank=3;event=Individual large hill;team_members=;source_url=https://en.wikipedia.org/wiki/FIS_Nordic_World_Ski_Championships_2021,5.0
fis_nordic_world_ski_championships_2021_nordic-combined-skiing_men_individual-normal-hill,NOR_Jarl_Magnus_Riiber,1,gold,fis_nordic_worlds_rank=1;event=Individual normal hill;team_members=;source_url=https://en.wikipedia.org/wiki/FIS_Nordic_World_Ski_Championships_2021,10.0
fis_nordic_world_ski_championships_2021_nordic-combined-skiing_men_individual-normal-hill,FIN_Ilkka_Herola,2,silver,fis_nordic_worlds_rank=2;event=Individual normal hill;team_members=;source_url=https://en.wikipedia.org/wiki/FIS_Nordic_World_Ski_Championships_2021,7.0
fis_nordic_world_ski_championships_2021_nordic-combined-skiing_men_individual-normal-hill,NOR_Jens_Lurås_Oftebro,3,bronze,fis_nordic_worlds_rank=3;event=Individual normal hill;team_members=;source_url=https://en.wikipedia.org/wiki/FIS_Nordic_World_Ski_Championships_2021,5.0
fis_nordic_world_ski_championships_2021_nordic-combined-skiing_men_team,NOR,1,gold,fis_nordic_worlds_rank=1;event=Team;team_members=Espen Bjørnstad; Jørgen Graabak; Jens Lurås Oftebro; Jarl Magnus Riiber;source_url=https://en.wikipedia.org/wiki/FIS_Nordic_World_Ski_Championships_2021,10.0
fis_nordic_world_ski_championships_2021_nordic-combined-skiing_men_team,DEU,2,silver,fis_nordic_worlds_rank=2;event=Team;team_members=Terence Weber; Fabian Rießle; Eric Frenzel; Vinzenz Geiger;source_url=https://en.wikipedia.org/wiki/FIS_Nordic_World_Ski_Championships_2021,7.0
fis_nordic_world_ski_championships_2021_nordic-combined-skiing_men_team,AUT,3,bronze,fis_nordic_worlds_rank=3;event=Team;team_members=Johannes Lamparter; Lukas Klapfer; Mario Seidl; Lukas Greiderer;source_url=https://en.wikipedia.org/wiki/FIS_Nordic_World_Ski_Championships_2021,5.0
fis_nordic_world_ski_championships_2021_nordic-combined-skiing_men_team-sprint-large-hill-discontinued,AUT,1,gold,fis_nordic_worlds_rank=1;event=Team sprint large hill (discontinued);team_members=Johannes Lamparter; Lukas Greiderer;source_url=https://en.wikipedia.org/wiki/FIS_Nordic_World_Ski_Championships_2021,10.0
fis_nordic_world_ski_championships_2021_nordic-combined-skiing_men_team-sprint-large-hill-discontinued,NOR,2,silver,fis_nordic_worlds_rank=2;event=Team sprint large hill (discontinued);team_members=Espen Andersen; Jarl Magnus Riiber;source_url=https://en.wikipedia.org/wiki/FIS_Nordic_World_Ski_Championships_2021,7.0
fis_nordic_world_ski_championships_2021_nordic-combined-skiing_men_team-sprint-large-hill-discontinued,DEU,3,bronze,fis_nordic_worlds_rank=3;event=Team sprint large hill (discontinued);team_members=Fabian Rießle; Eric Frenzel;source_url=https://en.wikipedia.org/wiki/FIS_Nordic_World_Ski_Championships_2021,5.0
fis_nordic_world_ski_championships_2021_nordic-combined-skiing_women_individual-normal-hill,NOR_Gyda_Westvold_Hansen,1,gold,fis_nordic_worlds_rank=1;event=Individual normal hill;team_members=;source_url=https://en.wikipedia.org/wiki/FIS_Nordic_World_Ski_Championships_2021,10.0
fis_nordic_world_ski_championships_2021_nordic-combined-skiing_women_individual-normal-hill,NOR_Mari_Leinan_Lund,2,silver,fis_nordic_worlds_rank=2;event=Individual normal hill;team_members=;source_url=https://en.wikipedia.org/wiki/FIS_Nordic_World_Ski_Championships_2021,7.0
fis_nordic_world_ski_championships_2021_nordic-combined-skiing_women_individual-normal-hill,NOR_Marte_Leinan_Lund,3,bronze,fis_nordic_worlds_rank=3;event=Individual normal hill;team_members=;source_url=https://en.wikipedia.org/wiki/FIS_Nordic_World_Ski_Championships_2021,5.0
fis_nordic_world_ski_championships_2021_ski-jumping_men_large-hill-individual,AUT_Stefan_Kraft,1,gold,fis_nordic_worlds_rank=1;event=Large hill individual;team_members=;source_url=https://en.wikipedia.org/wiki/FIS_Nordic_World_Ski_Championships_2021_–_Men's_individual_large_hill#Final,10.0
fis_nordic_world_ski_championships_2021_ski-jumping_men_large-hill-individual,NOR_Robert_Johansson,2,silver,fis_nordic_worlds_rank=2;event=Large hill individual;team_members=;source_url=https://en.wikipedia.org/wiki/FIS_Nordic_World_Ski_Championships_2021_–_Men's_individual_large_hill#Final,7.0
fis_nordic_world_ski_championships_2021_ski-jumping_men_large-hill-individual,DEU_Karl_Geiger,3,bronze,fis_nordic_worlds_rank=3;event=Large hill individual;team_members=;source_url=https://en.wikipedia.org/wiki/FIS_Nordic_World_Ski_Championships_2021_–_Men's_individual_large_hill#Final,5.0
fis_nordic_world_ski_championships_2021_ski-jumping_men_large-hill-team,DEU,1,gold,fis_nordic_worlds_rank=1;event=Large hill team;team_members=Pius Paschke; Severin Freund; Markus Eisenbichler; Karl Geiger;source_url=https://en.wikipedia.org/wiki/FIS_Nordic_World_Ski_Championships_2021_–_Men's_team_large_hill,10.0
fis_nordic_world_ski_championships_2021_ski-jumping_men_large-hill-team,AUT,2,silver,fis_nordic_worlds_rank=2;event=Large hill team;team_members=Philipp Aschenwald; Jan Hörl; Daniel Huber; Stefan Kraft;source_url=https://en.wikipedia.org/wiki/FIS_Nordic_World_Ski_Championships_2021_–_Men's_team_large_hill,7.0
fis_nordic_world_ski_championships_2021_ski-jumping_men_large-hill-team,POL,3,bronze,fis_nordic_worlds_rank=3;event=Large hill team;team_members=Piotr Żyła; Andrzej Stękała; Kamil Stoch; Dawid Kubacki;source_url=https://en.wikipedia.org/wiki/FIS_Nordic_World_Ski_Championships_2021_–_Men's_team_large_hill,5.0
fis_nordic_world_ski_championships_2021_ski-jumping_men_normal-hill-individual,POL_Piotr_ya,1,gold,fis_nordic_worlds_rank=1;event=Normal hill individual;team_members=;source_url=https://en.wikipedia.org/wiki/FIS_Nordic_World_Ski_Championships_2021_–_Men's_individual_normal_hill#Final,10.0
fis_nordic_world_ski_championships_2021_ski-jumping_men_normal-hill-individual,DEU_Karl_Geiger,2,silver,fis_nordic_worlds_rank=2;event=Normal hill individual;team_members=;source_url=https://en.wikipedia.org/wiki/FIS_Nordic_World_Ski_Championships_2021_–_Men's_individual_normal_hill#Final,7.0
fis_nordic_world_ski_championships_2021_ski-jumping_men_normal-hill-individual,SVN_Ane_Laniek,3,bronze,fis_nordic_worlds_rank=3;event=Normal hill individual;team_members=;source_url=https://en.wikipedia.org/wiki/FIS_Nordic_World_Ski_Championships_2021_–_Men's_individual_normal_hill#Final,5.0
fis_nordic_world_ski_championships_2021_ski-jumping_mixed_mixed-team-normal-hill-discontinued,DEU,1,gold,fis_nordic_worlds_rank=1;event=Mixed team normal hill (discontinued);team_members=Katharina Althaus; Markus Eisenbichler; Anna Rupprecht; Karl Geiger;source_url=https://en.wikipedia.org/wiki/FIS_Nordic_World_Ski_Championships_2021_–_Mixed_team_normal_hill#Results,10.0
fis_nordic_world_ski_championships_2021_ski-jumping_mixed_mixed-team-normal-hill-discontinued,NOR,2,silver,fis_nordic_worlds_rank=2;event=Mixed team normal hill (discontinued);team_members=Silje Opseth; Robert Johansson; Maren Lundby; Halvor Egner Granerud;source_url=https://en.wikipedia.org/wiki/FIS_Nordic_World_Ski_Championships_2021_–_Mixed_team_normal_hill#Results,7.0
fis_nordic_world_ski_championships_2021_ski-jumping_mixed_mixed-team-normal-hill-discontinued,AUT,3,bronze,fis_nordic_worlds_rank=3;event=Mixed team normal hill (discontinued);team_members=Marita Kramer; Michael Hayböck; Daniela Iraschko-Stolz; Stefan Kraft;source_url=https://en.wikipedia.org/wiki/FIS_Nordic_World_Ski_Championships_2021_–_Mixed_team_normal_hill#Results,5.0
fis_nordic_world_ski_championships_2021_ski-jumping_women_large-hill-individual,NOR_Maren_Lundby,1,gold,fis_nordic_worlds_rank=1;event=Large hill individual;team_members=;source_url=https://en.wikipedia.org/wiki/FIS_Nordic_World_Ski_Championships_2021_–_Women's_individual_large_hill#Final,10.0
fis_nordic_world_ski_championships_2021_ski-jumping_women_large-hill-individual,JPN_Sara_Takanashi,2,silver,fis_nordic_worlds_rank=2;event=Large hill individual;team_members=;source_url=https://en.wikipedia.org/wiki/FIS_Nordic_World_Ski_Championships_2021_–_Women's_individual_large_hill#Final,7.0
fis_nordic_world_ski_championships_2021_ski-jumping_women_large-hill-individual,SVN_Nika_Krinar,3,bronze,fis_nordic_worlds_rank=3;event=Large hill individual;team_members=;source_url=https://en.wikipedia.org/wiki/FIS_Nordic_World_Ski_Championships_2021_–_Women's_individual_large_hill#Final,5.0
fis_nordic_world_ski_championships_2021_ski-jumping_women_normal-hill-individual,SVN_Ema_Klinec,1,gold,fis_nordic_worlds_rank=1;event=Normal hill individual;team_members=;source_url=https://en.wikipedia.org/wiki/FIS_Nordic_World_Ski_Championships_2021_–_Women's_individual_normal_hill#Final,10.0
fis_nordic_world_ski_championships_2021_ski-jumping_women_normal-hill-individual,NOR_Maren_Lundby,2,silver,fis_nordic_worlds_rank=2;event=Normal hill individual;team_members=;source_url=https://en.wikipedia.org/wiki/FIS_Nordic_World_Ski_Championships_2021_–_Women's_individual_normal_hill#Final,7.0
fis_nordic_world_ski_championships_2021_ski-jumping_women_normal-hill-individual,JPN_Sara_Takanashi,3,bronze,fis_nordic_worlds_rank=3;event=Normal hill individual;team_members=;source_url=https://en.wikipedia.org/wiki/FIS_Nordic_World_Ski_Championships_2021_–_Women's_individual_normal_hill#Final,5.0
fis_nordic_world_ski_championships_2021_ski-jumping_women_normal-hill-team,AUT,1,gold,fis_nordic_worlds_rank=1;event=Normal hill team;team_members=Daniela Iraschko-Stolz; Sophie Sorschag; Chiara Hölzl; Marita Kramer;source_url=https://en.wikipedia.org/wiki/FIS_Nordic_World_Ski_Championships_2021_–_Women's_team_normal_hill,10.0
fis_nordic_world_ski_championships_2021_ski-jumping_women_normal-hill-team,SVN,2,silver,fis_nordic_worlds_rank=2;event=Normal hill team;team_members=Nika Križnar; Špela Rogelj; Urša Bogataj; Ema Klinec;source_url=https://en.wikipedia.org/wiki/FIS_Nordic_World_Ski_Championships_2021_–_Women's_team_normal_hill,7.0
fis_nordic_world_ski_championships_2021_ski-jumping_women_normal-hill-team,NOR,3,bronze,fis_nordic_worlds_rank=3;event=Normal hill team;team_members=Silje Opseth; Anna Odine Strøm; Thea Minyan Bjørseth; Maren Lundby;source_url=https://en.wikipedia.org/wiki/FIS_Nordic_World_Ski_Championships_2021_–_Women's_team_normal_hill,5.0
fis_nordic_world_ski_championships_2023_cross-country-skiing_men_18-km-17-km-and-15-km-discontinued,NOR_Simen_Hegstad_Krüger,1,gold,"fis_nordic_worlds_rank=1;event=18 km, 17 km and 15 km (discontinued);team_members=;source_url=https://en.wikipedia.org/wiki/FIS_Nordic_World_Ski_Championships_2023",10.0
fis_nordic_world_ski_championships_2023_cross-country-skiing_men_18-km-17-km-and-15-km-discontinued,NOR_Harald_Østberg_Amundsen,2,silver,"fis_nordic_worlds_rank=2;event=18 km, 17 km and 15 km (discontinued);team_members=;source_url=https://en.wikipedia.org/wiki/FIS_Nordic_World_Ski_Championships_2023",7.0
fis_nordic_world_ski_championships_2023_cross-country-skiing_men_18-km-17-km-and-15-km-discontinued,NOR_Hans_Christer_Holund,3,bronze,"fis_nordic_worlds_rank=3;event=18 km, 17 km and 15 km (discontinued);team_members=;source_url=https://en.wikipedia.org/wiki/FIS_Nordic_World_Ski_Championships_2023",5.0
fis_nordic_world_ski_championships_2023_cross-country-skiing_men_4-10-7-5-km-relay,NOR,1,gold,fis_nordic_worlds_rank=1;event=4 × 10/7.5 km relay;team_members=Hans Christer Holund; Pål Golberg; Simen Hegstad Krüger; Johannes Høsflot Klæbo;source_url=https://en.wikipedia.org/wiki/FIS_Nordic_World_Ski_Championships_2023,10.0
fis_nordic_world_ski_championships_2023_cross-country-skiing_men_4-10-7-5-km-relay,FIN,2,silver,fis_nordic_worlds_rank=2;event=4 × 10/7.5 km relay;team_members=Ristomatti Hakola; Iivo Niskanen; Perttu Hyvärinen; Niko Anttola;source_url=https://en.wikipedia.org/wiki/FIS_Nordic_World_Ski_Championships_2023,7.0
fis_nordic_world_ski_championships_2023_cross-country-skiing_men_4-10-7-5-km-relay,DEU,3,bronze,fis_nordic_worlds_rank=3;event=4 × 10/7.5 km relay;team_members=Albert Kuchler; Janosch Brugger; Jonas Dobler; Friedrich Moch;source_url=https://en.wikipedia.org/wiki/FIS_Nordic_World_Ski_Championships_2023,5.0
fis_nordic_world_ski_championships_2023_cross-country-skiing_men_50-km,NOR_Pål_Golberg,1,gold,fis_nordic_worlds_rank=1;event=50 km;team_members=;source_url=https://en.wikipedia.org/wiki/FIS_Nordic_World_Ski_Championships_2023,10.0
fis_nordic_world_ski_championships_2023_cross-country-skiing_men_50-km,NOR_Johannes_Høsflot_Klæbo,2,silver,fis_nordic_worlds_rank=2;event=50 km;team_members=;source_url=https://en.wikipedia.org/wiki/FIS_Nordic_World_Ski_Championships_2023,7.0
fis_nordic_world_ski_championships_2023_cross-country-skiing_men_50-km,SWE_William_Poromaa,3,bronze,fis_nordic_worlds_rank=3;event=50 km;team_members=;source_url=https://en.wikipedia.org/wiki/FIS_Nordic_World_Ski_Championships_2023,5.0
fis_nordic_world_ski_championships_2023_cross-country-skiing_men_combined-double-pursuit-skiathlon,NOR_Simen_Hegstad_Krüger,1,gold,fis_nordic_worlds_rank=1;event=Combined/double pursuit/Skiathlon;team_members=;source_url=https://en.wikipedia.org/wiki/FIS_Nordic_World_Ski_Championships_2023,10.0
fis_nordic_world_ski_championships_2023_cross-country-skiing_men_combined-double-pursuit-skiathlon,NOR_Johannes_Høsflot_Klæbo,2,silver,fis_nordic_worlds_rank=2;event=Combined/double pursuit/Skiathlon;team_members=;source_url=https://en.wikipedia.org/wiki/FIS_Nordic_World_Ski_Championships_2023,7.0
fis_nordic_world_ski_championships_2023_cross-country-skiing_men_combined-double-pursuit-skiathlon,NOR_Sjur_Røthe,3,bronze,fis_nordic_worlds_rank=3;event=Combined/double pursuit/Skiathlon;team_members=;source_url=https://en.wikipedia.org/wiki/FIS_Nordic_World_Ski_Championships_2023,5.0
fis_nordic_world_ski_championships_2023_cross-country-skiing_men_individual-sprint,NOR_Johannes_Høsflot_Klæbo,1,gold,fis_nordic_worlds_rank=1;event=Individual sprint;team_members=;source_url=https://en.wikipedia.org/wiki/FIS_Nordic_World_Ski_Championships_2023,10.0
fis_nordic_world_ski_championships_2023_cross-country-skiing_men_individual-sprint,NOR_Pål_Golberg,2,silver,fis_nordic_worlds_rank=2;event=Individual sprint;team_members=;source_url=https://en.wikipedia.org/wiki/FIS_Nordic_World_Ski_Championships_2023,7.0
fis_nordic_world_ski_championships_2023_cross-country-skiing_men_individual-sprint,FRA_Jules_Chappaz,3,bronze,fis_nordic_worlds_rank=3;event=Individual sprint;team_members=;source_url=https://en.wikipedia.org/wiki/FIS_Nordic_World_Ski_Championships_2023,5.0
fis_nordic_world_ski_championships_2023_cross-country-skiing_men_team-sprint,NOR,1,gold,fis_nordic_worlds_rank=1;event=Team sprint;team_members=Pål Golberg; Johannes Høsflot Klæbo;source_url=https://en.wikipedia.org/wiki/FIS_Nordic_World_Ski_Championships_2023,10.0
fis_nordic_world_ski_championships_2023_cross-country-skiing_men_team-sprint,ITA,2,silver,fis_nordic_worlds_rank=2;event=Team sprint;team_members=Francesco De Fabiani; Federico Pellegrino;source_url=https://en.wikipedia.org/wiki/FIS_Nordic_World_Ski_Championships_2023,7.0
fis_nordic_world_ski_championships_2023_cross-country-skiing_men_team-sprint,FRA,3,bronze,fis_nordic_worlds_rank=3;event=Team sprint;team_members=Renaud Jay; Richard Jouve;source_url=https://en.wikipedia.org/wiki/FIS_Nordic_World_Ski_Championships_2023,5.0
fis_nordic_world_ski_championships_2023_cross-country-skiing_women_3-4-5-7-5-km-relay,NOR,1,gold,fis_nordic_worlds_rank=1;event=3/4 × 5/7.5 km relay;team_members=Tiril Udnes Weng; Astrid Øyre Slind; Ingvild Flugstad Østberg; Anne Kjersti Kalvå;source_url=https://en.wikipedia.org/wiki/FIS_Nordic_World_Ski_Championships_2023,10.0
fis_nordic_world_ski_championships_2023_cross-country-skiing_women_3-4-5-7-5-km-relay,DEU,2,silver,fis_nordic_worlds_rank=2;event=3/4 × 5/7.5 km relay;team_members=Laura Gimmler; Katharina Hennig; Pia Fink; Victoria Carl;source_url=https://en.wikipedia.org/wiki/FIS_Nordic_World_Ski_Championships_2023,7.0
fis_nordic_world_ski_championships_2023_cross-country-skiing_women_3-4-5-7-5-km-relay,SWE,3,bronze,fis_nordic_worlds_rank=3;event=3/4 × 5/7.5 km relay;team_members=Emma Ribom; Ebba Andersson; Frida Karlsson; Maja Dahlqvist;source_url=https://en.wikipedia.org/wiki/FIS_Nordic_World_Ski_Championships_2023,5.0
fis_nordic_world_ski_championships_2023_cross-country-skiing_women_team-sprint,SWE,1,gold,fis_nordic_worlds_rank=1;event=Team sprint;team_members=Emma Ribom; Jonna Sundling;source_url=https://en.wikipedia.org/wiki/FIS_Nordic_World_Ski_Championships_2023,10.0
fis_nordic_world_ski_championships_2023_cross-country-skiing_women_team-sprint,NOR,2,silver,fis_nordic_worlds_rank=2;event=Team sprint;team_members=Anne Kjersti Kalvå; Tiril Udnes Weng;source_url=https://en.wikipedia.org/wiki/FIS_Nordic_World_Ski_Championships_2023,7.0
fis_nordic_world_ski_championships_2023_cross-country-skiing_women_team-sprint,USA,3,bronze,fis_nordic_worlds_rank=3;event=Team sprint;team_members=Jessie Diggins; Julia Kern;source_url=https://en.wikipedia.org/wiki/FIS_Nordic_World_Ski_Championships_2023,5.0
fis_nordic_world_ski_championships_2023_nordic-combined-skiing_men_individual-large-hill,NOR_Jarl_Magnus_Riiber,1,gold,fis_nordic_worlds_rank=1;event=Individual large hill;team_members=;source_url=https://en.wikipedia.org/wiki/FIS_Nordic_World_Ski_Championships_2023,10.0
fis_nordic_world_ski_championships_2023_nordic-combined-skiing_men_individual-large-hill,NOR_Jens_Lurås_Oftebro,2,silver,fis_nordic_worlds_rank=2;event=Individual large hill;team_members=;source_url=https://en.wikipedia.org/wiki/FIS_Nordic_World_Ski_Championships_2023,7.0
fis_nordic_world_ski_championships_2023_nordic-combined-skiing_men_individual-large-hill,AUT_Johannes_Lamparter,3,bronze,fis_nordic_worlds_rank=3;event=Individual large hill;team_members=;source_url=https://en.wikipedia.org/wiki/FIS_Nordic_World_Ski_Championships_2023,5.0
fis_nordic_world_ski_championships_2023_nordic-combined-skiing_men_individual-normal-hill,NOR_Jarl_Magnus_Riiber,1,gold,fis_nordic_worlds_rank=1;event=Individual normal hill;team_members=;source_url=https://en.wikipedia.org/wiki/FIS_Nordic_World_Ski_Championships_2023,10.0
fis_nordic_world_ski_championships_2023_nordic-combined-skiing_men_individual-normal-hill,DEU_Julian_Schmid,2,silver,fis_nordic_worlds_rank=2;event=Individual normal hill;team_members=;source_url=https://en.wikipedia.org/wiki/FIS_Nordic_World_Ski_Championships_2023,7.0
fis_nordic_world_ski_championships_2023_nordic-combined-skiing_men_individual-normal-hill,AUT_Franz-Josef_Rehrl,3,bronze,fis_nordic_worlds_rank=3;event=Individual normal hill;team_members=;source_url=https://en.wikipedia.org/wiki/FIS_Nordic_World_Ski_Championships_2023,5.0
fis_nordic_world_ski_championships_2023_nordic-combined-skiing_men_team,NOR,1,gold,fis_nordic_worlds_rank=1;event=Team;team_members=Espen Andersen; Jens Lurås Oftebro; Jørgen Graabak; Jarl Magnus Riiber;source_url=https://en.wikipedia.org/wiki/FIS_Nordic_World_Ski_Championships_2023,10.0
fis_nordic_world_ski_championships_2023_nordic-combined-skiing_men_team,DEU,2,silver,fis_nordic_worlds_rank=2;event=Team;team_members=Eric Frenzel; Vinzenz Geiger; Johannes Rydzek; Julian Schmid;source_url=https://en.wikipedia.org/wiki/FIS_Nordic_World_Ski_Championships_2023,7.0
fis_nordic_world_ski_championships_2023_nordic-combined-skiing_men_team,AUT,3,bronze,fis_nordic_worlds_rank=3;event=Team;team_members=Martin Fritz; Lukas Greiderer; Stefan Rettenegger; Johannes Lamparter;source_url=https://en.wikipedia.org/wiki/FIS_Nordic_World_Ski_Championships_2023,5.0
fis_nordic_world_ski_championships_2023_nordic-combined-skiing_mixed_mixed-team-normal-hill,NOR,1,gold,fis_nordic_worlds_rank=1;event=Mixed team normal hill;team_members=Jens Lurås Oftebro; Ida Marie Hagen; Gyda Westvold Hansen; Jarl Magnus Riiber;source_url=https://en.wikipedia.org/wiki/FIS_Nordic_World_Ski_Championships_2023,10.0
fis_nordic_world_ski_championships_2023_nordic-combined-skiing_mixed_mixed-team-normal-hill,DEU,2,silver,fis_nordic_worlds_rank=2;event=Mixed team normal hill;team_members=Vinzenz Geiger; Jenny Nowak; Nathalie Armbruster; Julian Schmid;source_url=https://en.wikipedia.org/wiki/FIS_Nordic_World_Ski_Championships_2023,7.0
fis_nordic_world_ski_championships_2023_nordic-combined-skiing_mixed_mixed-team-normal-hill,AUT,3,bronze,fis_nordic_worlds_rank=3;event=Mixed team normal hill;team_members=Stefan Rettenegger; Annalena Slamik; Lisa Hirner; Johannes Lamparter;source_url=https://en.wikipedia.org/wiki/FIS_Nordic_World_Ski_Championships_2023,5.0
fis_nordic_world_ski_championships_2023_nordic-combined-skiing_women_individual-normal-hill,NOR_Gyda_Westvold_Hansen,1,gold,fis_nordic_worlds_rank=1;event=Individual normal hill;team_members=;source_url=https://en.wikipedia.org/wiki/FIS_Nordic_World_Ski_Championships_2023,10.0
fis_nordic_world_ski_championships_2023_nordic-combined-skiing_women_individual-normal-hill,DEU_Nathalie_Armbruster,2,silver,fis_nordic_worlds_rank=2;event=Individual normal hill;team_members=;source_url=https://en.wikipedia.org/wiki/FIS_Nordic_World_Ski_Championships_2023,7.0
fis_nordic_world_ski_championships_2023_nordic-combined-skiing_women_individual-normal-hill,JPN_Haruka_Kasai,3,bronze,fis_nordic_worlds_rank=3;event=Individual normal hill;team_members=;source_url=https://en.wikipedia.org/wiki/FIS_Nordic_World_Ski_Championships_2023,5.0
fis_nordic_world_ski_championships_2023_ski-jumping_men_large-hill-individual,SVN_Timi_Zajc,1,gold,fis_nordic_worlds_rank=1;event=Large hill individual;team_members=;source_url=https://en.wikipedia.org/wiki/FIS_Nordic_World_Ski_Championships_2023_–_Men's_individual_large_hill#Final,10.0
fis_nordic_world_ski_championships_2023_ski-jumping_men_large-hill-individual,JPN_Ryy_Kobayashi,2,silver,fis_nordic_worlds_rank=2;event=Large hill individual;team_members=;source_url=https://en.wikipedia.org/wiki/FIS_Nordic_World_Ski_Championships_2023_–_Men's_individual_large_hill#Final,7.0
fis_nordic_world_ski_championships_2023_ski-jumping_men_large-hill-individual,POL_Dawid_Kubacki,3,bronze,fis_nordic_worlds_rank=3;event=Large hill individual;team_members=;source_url=https://en.wikipedia.org/wiki/FIS_Nordic_World_Ski_Championships_2023_–_Men's_individual_large_hill#Final,5.0
fis_nordic_world_ski_championships_2023_ski-jumping_men_large-hill-team,SVN,1,gold,fis_nordic_worlds_rank=1;event=Large hill team;team_members=Lovro Kos; Žiga Jelar; Timi Zajc; Anže Lanišek;source_url=https://en.wikipedia.org/wiki/FIS_Nordic_World_Ski_Championships_2023_–_Men's_team_large_hill,10.0
fis_nordic_world_ski_championships_2023_ski-jumping_men_large-hill-team,NOR,2,silver,fis_nordic_worlds_rank=2;event=Large hill team;team_members=Johann André Forfang; Kristoffer Eriksen Sundal; Marius Lindvik; Halvor Egner Granerud;source_url=https://en.wikipedia.org/wiki/FIS_Nordic_World_Ski_Championships_2023_–_Men's_team_large_hill,7.0
fis_nordic_world_ski_championships_2023_ski-jumping_men_large-hill-team,AUT,3,bronze,fis_nordic_worlds_rank=3;event=Large hill team;team_members=Daniel Tschofenig; Michael Hayböck; Jan Hörl; Stefan Kraft;source_url=https://en.wikipedia.org/wiki/FIS_Nordic_World_Ski_Championships_2023_–_Men's_team_large_hill,5.0
fis_nordic_world_ski_championships_2023_ski-jumping_men_normal-hill-individual,POL_Piotr_ya,1,gold,fis_nordic_worlds_rank=1;event=Normal hill individual;team_members=;source_url=https://en.wikipedia.org/wiki/FIS_Nordic_World_Ski_Championships_2023_–_Men's_individual_normal_hill#Final,10.0
fis_nordic_world_ski_championships_2023_ski-jumping_men_normal-hill-individual,DEU_Andreas_Wellinger,2,silver,fis_nordic_worlds_rank=2;event=Normal hill individual;team_members=;source_url=https://en.wikipedia.org/wiki/FIS_Nordic_World_Ski_Championships_2023_–_Men's_individual_normal_hill#Final,7.0
fis_nordic_world_ski_championships_2023_ski-jumping_men_normal-hill-individual,DEU_Karl_Geiger,3,bronze,fis_nordic_worlds_rank=3;event=Normal hill individual;team_members=;source_url=https://en.wikipedia.org/wiki/FIS_Nordic_World_Ski_Championships_2023_–_Men's_individual_normal_hill#Final,5.0
fis_nordic_world_ski_championships_2023_ski-jumping_mixed_mixed-team-normal-hill-discontinued,DEU,1,gold,fis_nordic_worlds_rank=1;event=Mixed team normal hill (discontinued);team_members=Selina Freitag; Karl Geiger; Katharina Althaus; Andreas Wellinger;source_url=https://en.wikipedia.org/wiki/FIS_Nordic_World_Ski_Championships_2023_–_Mixed_team_normal_hill#Results,10.0
fis_nordic_world_ski_championships_2023_ski-jumping_mixed_mixed-team-normal-hill-discontinued,NOR,2,silver,fis_nordic_worlds_rank=2;event=Mixed team normal hill (discontinued);team_members=Anna Odine Strøm; Johann André Forfang; Thea Minyan Bjørseth; Halvor Egner Granerud;source_url=https://en.wikipedia.org/wiki/FIS_Nordic_World_Ski_Championships_2023_–_Mixed_team_normal_hill#Results,7.0
fis_nordic_world_ski_championships_2023_ski-jumping_mixed_mixed-team-normal-hill-discontinued,SVN,3,bronze,fis_nordic_worlds_rank=3;event=Mixed team normal hill (discontinued);team_members=Nika Križnar; Timi Zajc; Ema Klinec; Anže Lanišek;source_url=https://en.wikipedia.org/wiki/FIS_Nordic_World_Ski_Championships_2023_–_Mixed_team_normal_hill#Results,5.0
fis_nordic_world_ski_championships_2023_ski-jumping_women_large-hill-individual,CAN_Alexandria_Loutitt,1,gold,fis_nordic_worlds_rank=1;event=Large hill individual;team_members=;source_url=https://en.wikipedia.org/wiki/FIS_Nordic_World_Ski_Championships_2023_–_Women's_individual_large_hill#Final,10.0
fis_nordic_world_ski_championships_2023_ski-jumping_women_large-hill-individual,NOR_Maren_Lundby,2,silver,fis_nordic_worlds_rank=2;event=Large hill individual;team_members=;source_url=https://en.wikipedia.org/wiki/FIS_Nordic_World_Ski_Championships_2023_–_Women's_individual_large_hill#Final,7.0
fis_nordic_world_ski_championships_2023_ski-jumping_women_large-hill-individual,DEU_Katharina_Althaus,3,bronze,fis_nordic_worlds_rank=3;event=Large hill individual;team_members=;source_url=https://en.wikipedia.org/wiki/FIS_Nordic_World_Ski_Championships_2023_–_Women's_individual_large_hill#Final,5.0
fis_nordic_world_ski_championships_2023_ski-jumping_women_normal-hill-individual,DEU_Katharina_Althaus,1,gold,fis_nordic_worlds_rank=1;event=Normal hill individual;team_members=;source_url=https://en.wikipedia.org/wiki/FIS_Nordic_World_Ski_Championships_2023_–_Women's_individual_normal_hill#Final,10.0
fis_nordic_world_ski_championships_2023_ski-jumping_women_normal-hill-individual,AUT_Eva_Pinkelnig,2,silver,fis_nordic_worlds_rank=2;event=Normal hill individual;team_members=;source_url=https://en.wikipedia.org/wiki/FIS_Nordic_World_Ski_Championships_2023_–_Women's_individual_normal_hill#Final,7.0
fis_nordic_world_ski_championships_2023_ski-jumping_women_normal-hill-individual,NOR_Anna_Odine_Strøm,3,bronze,fis_nordic_worlds_rank=3;event=Normal hill individual;team_members=;source_url=https://en.wikipedia.org/wiki/FIS_Nordic_World_Ski_Championships_2023_–_Women's_individual_normal_hill#Final,5.0
fis_nordic_world_ski_championships_2023_ski-jumping_women_normal-hill-team,DEU,1,gold,fis_nordic_worlds_rank=1;event=Normal hill team;team_members=Anna Rupprecht; Luisa Görlich; Selina Freitag; Katharina Althaus;source_url=https://en.wikipedia.org/wiki/FIS_Nordic_World_Ski_Championships_2023_–_Women's_team_normal_hill,10.0
fis_nordic_world_ski_championships_2023_ski-jumping_women_normal-hill-team,AUT,2,silver,fis_nordic_worlds_rank=2;event=Normal hill team;team_members=Chiara Kreuzer; Julia Mühlbacher; Jacqueline Seifriedsberger; Eva Pinkelnig;source_url=https://en.wikipedia.org/wiki/FIS_Nordic_World_Ski_Championships_2023_–_Women's_team_normal_hill,7.0
fis_nordic_world_ski_championships_2023_ski-jumping_women_normal-hill-team,NOR,3,bronze,fis_nordic_worlds_rank=3;event=Normal hill team;team_members=Maren Lundby; Eirin Maria Kvandal; Thea Minyan Bjørseth; Anna Odine Strøm;source_url=https://en.wikipedia.org/wiki/FIS_Nordic_World_Ski_Championships_2023_–_Women's_team_normal_hill,5.0
fis_nordic_world_ski_championships_2025_cross-country-skiing_men_10-km,NOR_Johannes_Høsflot_Klæbo,1,gold,fis_nordic_worlds_rank=1;event=10 km;team_members=;source_url=https://en.wikipedia.org/wiki/FIS_Nordic_World_Ski_Championships_2025,10.0
fis_nordic_world_ski_championships_2025_cross-country-skiing_men_10-km,NOR_Erik_Valnes,2,silver,fis_nordic_worlds_rank=2;event=10 km;team_members=;source_url=https://en.wikipedia.org/wiki/FIS_Nordic_World_Ski_Championships_2025,7.0
fis_nordic_world_ski_championships_2025_cross-country-skiing_men_10-km,NOR_Harald_Østberg_Amundsen,3,bronze,fis_nordic_worlds_rank=3;event=10 km;team_members=;source_url=https://en.wikipedia.org/wiki/FIS_Nordic_World_Ski_Championships_2025,5.0
fis_nordic_world_ski_championships_2025_cross-country-skiing_men_4-10-7-5-km-relay,NOR,1,gold,fis_nordic_worlds_rank=1;event=4 × 10/7.5 km relay;team_members=Erik Valnes; Martin Løwstrøm Nyenget; Harald Østberg Amundsen; Johannes Høsflot Klæbo;source_url=https://en.wikipedia.org/wiki/FIS_Nordic_World_Ski_Championships_2025,10.0
fis_nordic_world_ski_championships_2025_cross-country-skiing_men_4-10-7-5-km-relay,CHE,2,silver,fis_nordic_worlds_rank=2;event=4 × 10/7.5 km relay;team_members=Cyril Fähndrich; Jonas Baumann; Jason Rüesch; Valerio Grond;source_url=https://en.wikipedia.org/wiki/FIS_Nordic_World_Ski_Championships_2025,7.0
fis_nordic_world_ski_championships_2025_cross-country-skiing_men_4-10-7-5-km-relay,SWE,3,bronze,fis_nordic_worlds_rank=3;event=4 × 10/7.5 km relay;team_members=Truls Gisselman; William Poromaa; Jens Burman; Edvin Anger;source_url=https://en.wikipedia.org/wiki/FIS_Nordic_World_Ski_Championships_2025,5.0
fis_nordic_world_ski_championships_2025_cross-country-skiing_men_50-km,NOR_Johannes_Høsflot_Klæbo,1,gold,fis_nordic_worlds_rank=1;event=50 km;team_members=;source_url=https://en.wikipedia.org/wiki/FIS_Nordic_World_Ski_Championships_2025,10.0
fis_nordic_world_ski_championships_2025_cross-country-skiing_men_50-km,SWE_William_Poromaa,2,silver,fis_nordic_worlds_rank=2;event=50 km;team_members=;source_url=https://en.wikipedia.org/wiki/FIS_Nordic_World_Ski_Championships_2025,7.0
fis_nordic_world_ski_championships_2025_cross-country-skiing_men_50-km,NOR_Simen_Hegstad_Krüger,3,bronze,fis_nordic_worlds_rank=3;event=50 km;team_members=;source_url=https://en.wikipedia.org/wiki/FIS_Nordic_World_Ski_Championships_2025,5.0
fis_nordic_world_ski_championships_2025_cross-country-skiing_men_combined-double-pursuit-skiathlon,NOR_Johannes_Høsflot_Klæbo,1,gold,fis_nordic_worlds_rank=1;event=Combined/double pursuit/Skiathlon;team_members=;source_url=https://en.wikipedia.org/wiki/FIS_Nordic_World_Ski_Championships_2025,10.0
fis_nordic_world_ski_championships_2025_cross-country-skiing_men_combined-double-pursuit-skiathlon,NOR_Martin_Løwstrøm_Nyenget,2,silver,fis_nordic_worlds_rank=2;event=Combined/double pursuit/Skiathlon;team_members=;source_url=https://en.wikipedia.org/wiki/FIS_Nordic_World_Ski_Championships_2025,7.0
fis_nordic_world_ski_championships_2025_cross-country-skiing_men_combined-double-pursuit-skiathlon,NOR_Harald_Østberg_Amundsen,3,bronze,fis_nordic_worlds_rank=3;event=Combined/double pursuit/Skiathlon;team_members=;source_url=https://en.wikipedia.org/wiki/FIS_Nordic_World_Ski_Championships_2025,5.0
fis_nordic_world_ski_championships_2025_cross-country-skiing_men_individual-sprint,NOR_Johannes_Høsflot_Klæbo,1,gold,fis_nordic_worlds_rank=1;event=Individual sprint;team_members=;source_url=https://en.wikipedia.org/wiki/FIS_Nordic_World_Ski_Championships_2025,10.0
fis_nordic_world_ski_championships_2025_cross-country-skiing_men_individual-sprint,ITA_Federico_Pellegrino,2,silver,fis_nordic_worlds_rank=2;event=Individual sprint;team_members=;source_url=https://en.wikipedia.org/wiki/FIS_Nordic_World_Ski_Championships_2025,7.0
fis_nordic_world_ski_championships_2025_cross-country-skiing_men_individual-sprint,FIN_Lauri_Vuorinen,3,bronze,fis_nordic_worlds_rank=3;event=Individual sprint;team_members=;source_url=https://en.wikipedia.org/wiki/FIS_Nordic_World_Ski_Championships_2025,5.0
fis_nordic_world_ski_championships_2025_cross-country-skiing_men_team-sprint,NOR,1,gold,fis_nordic_worlds_rank=1;event=Team sprint;team_members=Erik Valnes; Johannes Høsflot Klæbo;source_url=https://en.wikipedia.org/wiki/FIS_Nordic_World_Ski_Championships_2025,10.0
fis_nordic_world_ski_championships_2025_cross-country-skiing_men_team-sprint,FIN,2,silver,fis_nordic_worlds_rank=2;event=Team sprint;team_members=Ristomatti Hakola; Lauri Vuorinen;source_url=https://en.wikipedia.org/wiki/FIS_Nordic_World_Ski_Championships_2025,7.0
fis_nordic_world_ski_championships_2025_cross-country-skiing_men_team-sprint,SWE,3,bronze,fis_nordic_worlds_rank=3;event=Team sprint;team_members=Oskar Svensson; Edvin Anger;source_url=https://en.wikipedia.org/wiki/FIS_Nordic_World_Ski_Championships_2025,5.0
fis_nordic_world_ski_championships_2025_cross-country-skiing_women_3-4-5-7-5-km-relay,SWE,1,gold,fis_nordic_worlds_rank=1;event=3/4 × 5/7.5 km relay;team_members=Emma Ribom; Frida Karlsson; Ebba Andersson; Jonna Sundling;source_url=https://en.wikipedia.org/wiki/FIS_Nordic_World_Ski_Championships_2025,10.0
fis_nordic_world_ski_championships_2025_cross-country-skiing_women_3-4-5-7-5-km-relay,NOR,2,silver,fis_nordic_worlds_rank=2;event=3/4 × 5/7.5 km relay;team_members=Heidi Weng; Astrid Øyre Slind; Therese Johaug; Kristin Austgulen Fosnæs;source_url=https://en.wikipedia.org/wiki/FIS_Nordic_World_Ski_Championships_2025,7.0
fis_nordic_world_ski_championships_2025_cross-country-skiing_women_3-4-5-7-5-km-relay,DEU,3,bronze,fis_nordic_worlds_rank=3;event=3/4 × 5/7.5 km relay;team_members=Pia Fink; Katharina Hennig; Helen Hoffmann; Victoria Carl;source_url=https://en.wikipedia.org/wiki/FIS_Nordic_World_Ski_Championships_2025,5.0
fis_nordic_world_ski_championships_2025_cross-country-skiing_women_team-sprint,SWE,1,gold,fis_nordic_worlds_rank=1;event=Team sprint;team_members=Maja Dahlqvist; Jonna Sundling;source_url=https://en.wikipedia.org/wiki/FIS_Nordic_World_Ski_Championships_2025,10.0
fis_nordic_world_ski_championships_2025_cross-country-skiing_women_team-sprint,USA,2,silver,fis_nordic_worlds_rank=2;event=Team sprint;team_members=Jessie Diggins; Julia Kern;source_url=https://en.wikipedia.org/wiki/FIS_Nordic_World_Ski_Championships_2025,7.0
fis_nordic_world_ski_championships_2025_cross-country-skiing_women_team-sprint,CHE,3,bronze,fis_nordic_worlds_rank=3;event=Team sprint;team_members=Anja Weber; Nadine Fähndrich;source_url=https://en.wikipedia.org/wiki/FIS_Nordic_World_Ski_Championships_2025,5.0
fis_nordic_world_ski_championships_2025_nordic-combined-skiing_men_individual-large-hill,NOR_Jarl_Magnus_Riiber,1,gold,fis_nordic_worlds_rank=1;event=Individual large hill;team_members=;source_url=https://en.wikipedia.org/wiki/FIS_Nordic_World_Ski_Championships_2025,10.0
fis_nordic_world_ski_championships_2025_nordic-combined-skiing_men_individual-large-hill,NOR_Jørgen_Graabak,2,silver,fis_nordic_worlds_rank=2;event=Individual large hill;team_members=;source_url=https://en.wikipedia.org/wiki/FIS_Nordic_World_Ski_Championships_2025,7.0
fis_nordic_world_ski_championships_2025_nordic-combined-skiing_men_individual-large-hill,DEU_Vinzenz_Geiger,3,bronze,fis_nordic_worlds_rank=3;event=Individual large hill;team_members=;source_url=https://en.wikipedia.org/wiki/FIS_Nordic_World_Ski_Championships_2025,5.0
fis_nordic_world_ski_championships_2025_nordic-combined-skiing_men_individual-normal-hill,NOR_Jarl_Magnus_Riiber,1,gold,fis_nordic_worlds_rank=1;event=Individual normal hill;team_members=;source_url=https://en.wikipedia.org/wiki/FIS_Nordic_World_Ski_Championships_2025,10.0
fis_nordic_world_ski_championships_2025_nordic-combined-skiing_men_individual-normal-hill,NOR_Jens_Lurås_Oftebro,2,silver,fis_nordic_worlds_rank=2;event=Individual normal hill;team_members=;source_url=https://en.wikipedia.org/wiki/FIS_Nordic_World_Ski_Championships_2025,7.0
fis_nordic_world_ski_championships_2025_nordic-combined-skiing_men_individual-normal-hill,DEU_Vinzenz_Geiger,3,bronze,fis_nordic_worlds_rank=3;event=Individual normal hill;team_members=;source_url=https://en.wikipedia.org/wiki/FIS_Nordic_World_Ski_Championships_2025,5.0
fis_nordic_world_ski_championships_2025_nordic-combined-skiing_men_team,DEU,1,gold,fis_nordic_worlds_rank=1;event=Team;team_members=Johannes Rydzek; Wendelin Thannheimer; Julian Schmid; Vinzenz Geiger;source_url=https://en.wikipedia.org/wiki/FIS_Nordic_World_Ski_Championships_2025,10.0
fis_nordic_world_ski_championships_2025_nordic-combined-skiing_men_team,AUT,2,silver,fis_nordic_worlds_rank=2;event=Team;team_members=Johannes Lamparter; Franz-Josef Rehrl; Martin Fritz; Fabio Obermeyr;source_url=https://en.wikipedia.org/wiki/FIS_Nordic_World_Ski_Championships_2025,7.0
fis_nordic_world_ski_championships_2025_nordic-combined-skiing_men_team,NOR,3,bronze,fis_nordic_worlds_rank=3;event=Team;team_members=Simen Tiller; Jørgen Graabak; Jens Lurås Oftebro; Jarl Magnus Riiber;source_url=https://en.wikipedia.org/wiki/FIS_Nordic_World_Ski_Championships_2025,5.0
fis_nordic_world_ski_championships_2025_nordic-combined-skiing_mixed_mixed-team-normal-hill,NOR,1,gold,fis_nordic_worlds_rank=1;event=Mixed team normal hill;team_members=Jens Lurås Oftebro; Gyda Westvold Hansen; Ida Marie Hagen; Jarl Magnus Riiber;source_url=https://en.wikipedia.org/wiki/FIS_Nordic_World_Ski_Championships_2025,10.0
fis_nordic_world_ski_championships_2025_nordic-combined-skiing_mixed_mixed-team-normal-hill,DEU,2,silver,fis_nordic_worlds_rank=2;event=Mixed team normal hill;team_members=Julian Schmid; Jenny Nowak; Nathalie Armbruster; Vinzenz Geiger;source_url=https://en.wikipedia.org/wiki/FIS_Nordic_World_Ski_Championships_2025,7.0
fis_nordic_world_ski_championships_2025_nordic-combined-skiing_mixed_mixed-team-normal-hill,AUT,3,bronze,fis_nordic_worlds_rank=3;event=Mixed team normal hill;team_members=Stefan Rettenegger; Claudia Purker; Lisa Hirner; Johannes Lamparter;source_url=https://en.wikipedia.org/wiki/FIS_Nordic_World_Ski_Championships_2025,5.0
fis_nordic_world_ski_championships_2025_nordic-combined-skiing_women_individual-normal-hill,NOR_Gyda_Westvold_Hansen,1,gold,fis_nordic_worlds_rank=1;event=Individual normal hill;team_members=;source_url=https://en.wikipedia.org/wiki/FIS_Nordic_World_Ski_Championships_2025,10.0
fis_nordic_world_ski_championships_2025_nordic-combined-skiing_women_individual-normal-hill,NOR_Ida_Marie_Hagen,2,silver,fis_nordic_worlds_rank=2;event=Individual normal hill;team_members=;source_url=https://en.wikipedia.org/wiki/FIS_Nordic_World_Ski_Championships_2025,7.0
fis_nordic_world_ski_championships_2025_nordic-combined-skiing_women_individual-normal-hill,AUT_Lisa_Hirner,3,bronze,fis_nordic_worlds_rank=3;event=Individual normal hill;team_members=;source_url=https://en.wikipedia.org/wiki/FIS_Nordic_World_Ski_Championships_2025,5.0
fis_nordic_world_ski_championships_2025_nordic-combined-skiing_women_mass-start,JPN_Yuna_Kasai,1,gold,fis_nordic_worlds_rank=1;event=Mass start;team_members=;source_url=https://en.wikipedia.org/wiki/FIS_Nordic_World_Ski_Championships_2025,10.0
fis_nordic_world_ski_championships_2025_nordic-combined-skiing_women_mass-start,NOR_Gyda_Westvold_Hansen,2,silver,fis_nordic_worlds_rank=2;event=Mass start;team_members=;source_url=https://en.wikipedia.org/wiki/FIS_Nordic_World_Ski_Championships_2025,7.0
fis_nordic_world_ski_championships_2025_nordic-combined-skiing_women_mass-start,JPN_Haruka_Kasai,3,bronze,fis_nordic_worlds_rank=3;event=Mass start;team_members=;source_url=https://en.wikipedia.org/wiki/FIS_Nordic_World_Ski_Championships_2025,5.0
fis_nordic_world_ski_championships_2025_ski-jumping_men_large-hill-individual,SVN_Domen_Prevc,1,gold,fis_nordic_worlds_rank=1;event=Large hill individual;team_members=;source_url=https://en.wikipedia.org/wiki/FIS_Nordic_World_Ski_Championships_2025_–_Men's_individual_large_hill#Final,10.0
fis_nordic_world_ski_championships_2025_ski-jumping_men_large-hill-individual,AUT_Jan_Hörl,2,silver,fis_nordic_worlds_rank=2;event=Large hill individual;team_members=;source_url=https://en.wikipedia.org/wiki/FIS_Nordic_World_Ski_Championships_2025_–_Men's_individual_large_hill#Final,7.0
fis_nordic_world_ski_championships_2025_ski-jumping_men_large-hill-individual,JPN_Ryy_Kobayashi,3,bronze,fis_nordic_worlds_rank=3;event=Large hill individual;team_members=;source_url=https://en.wikipedia.org/wiki/FIS_Nordic_World_Ski_Championships_2025_–_Men's_individual_large_hill#Final,5.0
fis_nordic_world_ski_championships_2025_ski-jumping_men_large-hill-team,SVN,1,gold,fis_nordic_worlds_rank=1;event=Large hill team;team_members=Lovro Kos; Domen Prevc; Timi Zajc; Anže Lanišek;source_url=https://en.wikipedia.org/wiki/FIS_Nordic_World_Ski_Championships_2025_–_Men's_team_large_hill,10.0
fis_nordic_world_ski_championships_2025_ski-jumping_men_large-hill-team,AUT,2,silver,fis_nordic_worlds_rank=2;event=Large hill team;team_members=Daniel Tschofenig; Maximilian Ortner; Stefan Kraft; Jan Hörl;source_url=https://en.wikipedia.org/wiki/FIS_Nordic_World_Ski_Championships_2025_–_Men's_team_large_hill,7.0
fis_nordic_world_ski_championships_2025_ski-jumping_men_large-hill-team,NOR,3,bronze,fis_nordic_worlds_rank=3;event=Large hill team;team_members=Johann André Forfang; Robin Pedersen; Kristoffer Eriksen Sundal; Marius Lindvik;source_url=https://en.wikipedia.org/wiki/FIS_Nordic_World_Ski_Championships_2025_–_Men's_team_large_hill,5.0
fis_nordic_world_ski_championships_2025_ski-jumping_men_normal-hill-individual,NOR_Marius_Lindvik,1,gold,fis_nordic_worlds_rank=1;event=Normal hill individual;team_members=;source_url=https://en.wikipedia.org/wiki/FIS_Nordic_World_Ski_Championships_2025_–_Men's_individual_normal_hill#Final,10.0
fis_nordic_world_ski_championships_2025_ski-jumping_men_normal-hill-individual,DEU_Andreas_Wellinger,2,silver,fis_nordic_worlds_rank=2;event=Normal hill individual;team_members=;source_url=https://en.wikipedia.org/wiki/FIS_Nordic_World_Ski_Championships_2025_–_Men's_individual_normal_hill#Final,7.0
fis_nordic_world_ski_championships_2025_ski-jumping_men_normal-hill-individual,AUT_Jan_Hörl,3,bronze,fis_nordic_worlds_rank=3;event=Normal hill individual;team_members=;source_url=https://en.wikipedia.org/wiki/FIS_Nordic_World_Ski_Championships_2025_–_Men's_individual_normal_hill#Final,5.0
fis_nordic_world_ski_championships_2025_ski-jumping_mixed_mixed-team-large-hill,NOR,1,gold,fis_nordic_worlds_rank=1;event=Mixed team large hill;team_members=Anna Odine Strøm; Marius Lindvik; Eirin Maria Kvandal; Johann André Forfang;source_url=https://en.wikipedia.org/wiki/FIS_Nordic_World_Ski_Championships_2025_–_Mixed_team_large_hill#Results,10.0
fis_nordic_world_ski_championships_2025_ski-jumping_mixed_mixed-team-large-hill,SVN,2,silver,fis_nordic_worlds_rank=2;event=Mixed team large hill;team_members=Ema Klinec; Domen Prevc; Nika Prevc; Anže Lanišek;source_url=https://en.wikipedia.org/wiki/FIS_Nordic_World_Ski_Championships_2025_–_Mixed_team_large_hill#Results,7.0
fis_nordic_world_ski_championships_2025_ski-jumping_mixed_mixed-team-large-hill,AUT,3,bronze,fis_nordic_worlds_rank=3;event=Mixed team large hill;team_members=Eva Pinkelnig; Stefan Kraft; Jacqueline Seifriedsberger; Jan Hörl;source_url=https://en.wikipedia.org/wiki/FIS_Nordic_World_Ski_Championships_2025_–_Mixed_team_large_hill#Results,5.0
fis_nordic_world_ski_championships_2025_ski-jumping_women_large-hill-individual,SVN_Nika_Prevc,1,gold,fis_nordic_worlds_rank=1;event=Large hill individual;team_members=;source_url=https://en.wikipedia.org/wiki/FIS_Nordic_World_Ski_Championships_2025_–_Women's_individual_large_hill#Final,10.0
fis_nordic_world_ski_championships_2025_ski-jumping_women_large-hill-individual,DEU_Selina_Freitag,2,silver,fis_nordic_worlds_rank=2;event=Large hill individual;team_members=;source_url=https://en.wikipedia.org/wiki/FIS_Nordic_World_Ski_Championships_2025_–_Women's_individual_large_hill#Final,7.0
fis_nordic_world_ski_championships_2025_ski-jumping_women_large-hill-individual,NOR_Eirin_Maria_Kvandal,3,bronze,fis_nordic_worlds_rank=3;event=Large hill individual;team_members=;source_url=https://en.wikipedia.org/wiki/FIS_Nordic_World_Ski_Championships_2025_–_Women's_individual_large_hill#Final,5.0
fis_nordic_world_ski_championships_2025_ski-jumping_women_normal-hill-individual,SVN_Nika_Prevc,1,gold,fis_nordic_worlds_rank=1;event=Normal hill individual;team_members=;source_url=https://en.wikipedia.org/wiki/FIS_Nordic_World_Ski_Championships_2025_–_Women's_individual_normal_hill#Final,10.0
fis_nordic_world_ski_championships_2025_ski-jumping_women_normal-hill-individual,DEU_Selina_Freitag,2,silver,fis_nordic_worlds_rank=2;event=Normal hill individual;team_members=;source_url=https://en.wikipedia.org/wiki/FIS_Nordic_World_Ski_Championships_2025_–_Women's_individual_normal_hill#Final,7.0
fis_nordic_world_ski_championships_2025_ski-jumping_women_normal-hill-individual,NOR_Anna_Odine_Strøm,3,bronze,fis_nordic_worlds_rank=3;event=Normal hill individual;team_members=;source_url=https://en.wikipedia.org/wiki/FIS_Nordic_World_Ski_Championships_2025_–_Women's_individual_normal_hill#Final,5.0
fis_nordic_world_ski_championships_2025_ski-jumping_women_normal-hill-team,NOR,1,gold,fis_nordic_worlds_rank=1;event=Normal hill team;team_members=Anna Odine Strøm; Ingvild Synnøve Midtskogen; Heidi Dyhre Tråserud; Eirin Maria Kvandal;source_url=https://en.wikipedia.org/wiki/FIS_Nordic_World_Ski_Championships_2025_–_Women's_team_normal_hill,10.0
fis_nordic_world_ski_championships_2025_ski-jumping_women_normal-hill-team,AUT,2,silver,fis_nordic_worlds_rank=2;event=Normal hill team;team_members=Lisa Eder; Julia Mühlbacher; Jacqueline Seifriedsberger; Eva Pinkelnig;source_url=https://en.wikipedia.org/wiki/FIS_Nordic_World_Ski_Championships_2025_–_Women's_team_normal_hill,7.0
fis_nordic_world_ski_championships_2025_ski-jumping_women_normal-hill-team,DEU,3,bronze,fis_nordic_worlds_rank=3;event=Normal hill team;team_members=Juliane Seyfarth; Katharina Schmid; Agnes Reisch; Selina Freitag;source_url=https://en.wikipedia.org/wiki/FIS_Nordic_World_Ski_Championships_2025_–_Women's_team_normal_hill,5.0
