event_id,participant_id,rank,medal,score_raw,points_awarded
biathlon_world_championships_2001_men_individual-20-km,biathlon_world_athlete_Paavo_Puurunen_FIN,1,gold,discipline=Biathlon;event=Biathlon World Championships Men Individual (20 km);event_label=Individual (20 km);team_members=;entry_country=FIN;source_url=https://en.wikipedia.org/wiki/Biathlon_World_Championships,10.0
biathlon_world_championships_2001_men_individual-20-km,biathlon_world_athlete_Vadim_Sashurin_BLR,2,silver,discipline=Biathlon;event=Biathlon World Championships Men Individual (20 km);event_label=Individual (20 km);team_members=;entry_country=BLR;source_url=https://en.wikipedia.org/wiki/Biathlon_World_Championships,7.0
biathlon_world_championships_2001_men_individual-20-km,biathlon_world_athlete_Ilmrs_Bricis_LAT,3,bronze,discipline=Biathlon;event=Biathlon World Championships Men Individual (20 km);event_label=Individual (20 km);team_members=;entry_country=LAT;source_url=https://en.wikipedia.org/wiki/Biathlon_World_Championships,5.0
biathlon_world_championships_2001_men_mass-start-15-km,biathlon_world_athlete_Raphaël_Poirée_FRA,1,gold,discipline=Biathlon;event=Biathlon World Championships Men Mass start (15 km);event_label=Mass start (15 km);team_members=;entry_country=FRA;source_url=https://en.wikipedia.org/wiki/Biathlon_World_Championships,10.0
biathlon_world_championships_2001_men_mass-start-15-km,biathlon_world_athlete_Ole_Einar_Bjørndalen_NOR,2,silver,discipline=Biathlon;event=Biathlon World Championships Men Mass start (15 km);event_label=Mass start (15 km);team_members=;entry_country=NOR;source_url=https://en.wikipedia.org/wiki/Biathlon_World_Championships,7.0
biathlon_world_championships_2001_men_mass-start-15-km,biathlon_world_athlete_Sven_Fischer_GER,3,bronze,discipline=Biathlon;event=Biathlon World Championships Men Mass start (15 km);event_label=Mass start (15 km);team_members=;entry_country=GER;source_url=https://en.wikipedia.org/wiki/Biathlon_World_Championships,5.0
biathlon_world_championships_2001_men_pursuit-12-5-km,biathlon_world_athlete_Pavel_Rostovtsev_RUS,1,gold,discipline=Biathlon;event=Biathlon World Championships Men Pursuit (12.5 km);event_label=Pursuit (12.5 km);team_members=;entry_country=RUS;source_url=https://en.wikipedia.org/wiki/Biathlon_World_Championships,10.0
biathlon_world_championships_2001_men_pursuit-12-5-km,biathlon_world_athlete_Raphaël_Poirée_FRA,2,silver,discipline=Biathlon;event=Biathlon World Championships Men Pursuit (12.5 km);event_label=Pursuit (12.5 km);team_members=;entry_country=FRA;source_url=https://en.wikipedia.org/wiki/Biathlon_World_Championships,7.0
biathlon_world_championships_2001_men_pursuit-12-5-km,biathlon_world_athlete_Sven_Fischer_GER,3,bronze,discipline=Biathlon;event=Biathlon World Championships Men Pursuit (12.5 km);event_label=Pursuit (12.5 km);team_members=;entry_country=GER;source_url=https://en.wikipedia.org/wiki/Biathlon_World_Championships,5.0
biathlon_world_championships_2001_men_relay-4-7-5-km,biathlon_world_team_France_Gilles_Marguet__Vincent_Defrasne__Julien_Robert__Raphaël_Poirée_FRA,1,gold,discipline=Biathlon;event=Biathlon World Championships Men Relay (4 × 7.5 km);event_label=Relay (4 × 7.5 km);team_members=Gilles Marguet / Vincent Defrasne / Julien Robert / Raphaël Poirée;entry_country=FRA;source_url=https://en.wikipedia.org/wiki/Biathlon_World_Championships,10.0
biathlon_world_championships_2001_men_relay-4-7-5-km,biathlon_world_team_Belarus_Alexei_Aidarov__Alexander_Syman__Oleg_Ryzhenkov__Vadim_Sashurin_BLR,2,silver,discipline=Biathlon;event=Biathlon World Championships Men Relay (4 × 7.5 km);event_label=Relay (4 × 7.5 km);team_members=Alexei Aidarov / Alexander Syman / Oleg Ryzhenkov / Vadim Sashurin;entry_country=BLR;source_url=https://en.wikipedia.org/wiki/Biathlon_World_Championships,7.0
biathlon_world_championships_2001_men_relay-4-7-5-km,biathlon_world_team_Norway_Egil_Gjelland__Frode_Andresen__Halvard_Hanevold__Ole_Einar_Bjørndalen_NOR,3,bronze,discipline=Biathlon;event=Biathlon World Championships Men Relay (4 × 7.5 km);event_label=Relay (4 × 7.5 km);team_members=Egil Gjelland / Frode Andresen / Halvard Hanevold / Ole Einar Bjørndalen;entry_country=NOR;source_url=https://en.wikipedia.org/wiki/Biathlon_World_Championships,5.0
biathlon_world_championships_2001_men_sprint-10-km,biathlon_world_athlete_Pavel_Rostovtsev_RUS,1,gold,discipline=Biathlon;event=Biathlon World Championships Men Sprint (10 km);event_label=Sprint (10 km);team_members=;entry_country=RUS;source_url=https://en.wikipedia.org/wiki/Biathlon_World_Championships,10.0
biathlon_world_championships_2001_men_sprint-10-km,biathlon_world_athlete_René_Cattarinussi_ITA,2,silver,discipline=Biathlon;event=Biathlon World Championships Men Sprint (10 km);event_label=Sprint (10 km);team_members=;entry_country=ITA;source_url=https://en.wikipedia.org/wiki/Biathlon_World_Championships,7.0
biathlon_world_championships_2001_men_sprint-10-km,biathlon_world_athlete_Halvard_Hanevold_NOR,3,bronze,discipline=Biathlon;event=Biathlon World Championships Men Sprint (10 km);event_label=Sprint (10 km);team_members=;entry_country=NOR;source_url=https://en.wikipedia.org/wiki/Biathlon_World_Championships,5.0
biathlon_world_championships_2001_women_individual-15-km,biathlon_world_athlete_Magdalena_Forsberg_SWE,1,gold,discipline=Biathlon;event=Biathlon World Championships Women Individual (15 km);event_label=Individual (15 km);team_members=;entry_country=SWE;source_url=https://en.wikipedia.org/wiki/Biathlon_World_Championships,10.0
biathlon_world_championships_2001_women_individual-15-km,biathlon_world_athlete_Liv_Grete_Poirée_NOR,2,silver,discipline=Biathlon;event=Biathlon World Championships Women Individual (15 km);event_label=Individual (15 km);team_members=;entry_country=NOR;source_url=https://en.wikipedia.org/wiki/Biathlon_World_Championships,7.0
biathlon_world_championships_2001_women_individual-15-km,biathlon_world_athlete_Olena_Zubrilova_UKR,3,bronze,discipline=Biathlon;event=Biathlon World Championships Women Individual (15 km);event_label=Individual (15 km);team_members=;entry_country=UKR;source_url=https://en.wikipedia.org/wiki/Biathlon_World_Championships,5.0
biathlon_world_championships_2001_women_mass-start-12-5-km,biathlon_world_athlete_Magdalena_Forsberg_SWE,1,gold,discipline=Biathlon;event=Biathlon World Championships Women Mass start (12.5 km);event_label=Mass start (12.5 km);team_members=;entry_country=SWE;source_url=https://en.wikipedia.org/wiki/Biathlon_World_Championships,10.0
biathlon_world_championships_2001_women_mass-start-12-5-km,biathlon_world_athlete_Martina_Glagow_GER,2,silver,discipline=Biathlon;event=Biathlon World Championships Women Mass start (12.5 km);event_label=Mass start (12.5 km);team_members=;entry_country=GER;source_url=https://en.wikipedia.org/wiki/Biathlon_World_Championships,7.0
biathlon_world_championships_2001_women_mass-start-12-5-km,biathlon_world_athlete_Liv_Grete_Poirée_NOR,3,bronze,discipline=Biathlon;event=Biathlon World Championships Women Mass start (12.5 km);event_label=Mass start (12.5 km);team_members=;entry_country=NOR;source_url=https://en.wikipedia.org/wiki/Biathlon_World_Championships,5.0
biathlon_world_championships_2001_women_pursuit-10-km,biathlon_world_athlete_Liv_Grete_Poirée_NOR,1,gold,discipline=Biathlon;event=Biathlon World Championships Women Pursuit (10 km);event_label=Pursuit (10 km);team_members=;entry_country=NOR;source_url=https://en.wikipedia.org/wiki/Biathlon_World_Championships,10.0
biathlon_world_championships_2001_women_pursuit-10-km,biathlon_world_athlete_Corinne_Niogret_FRA,2,silver,discipline=Biathlon;event=Biathlon World Championships Women Pursuit (10 km);event_label=Pursuit (10 km);team_members=;entry_country=FRA;source_url=https://en.wikipedia.org/wiki/Biathlon_World_Championships,7.0
biathlon_world_championships_2001_women_pursuit-10-km,biathlon_world_athlete_Magdalena_Forsberg_SWE,3,bronze,discipline=Biathlon;event=Biathlon World Championships Women Pursuit (10 km);event_label=Pursuit (10 km);team_members=;entry_country=SWE;source_url=https://en.wikipedia.org/wiki/Biathlon_World_Championships,5.0
biathlon_world_championships_2001_women_relay-4-6-km,biathlon_world_team_Russia_Olga_Pyleva__Anna_Bogaliy__Galina_Kukleva__Svetlana_Ishmouratova_RUS,1,gold,discipline=Biathlon;event=Biathlon World Championships Women Relay (4 × 6 km);event_label=Relay (4 × 6 km);team_members=Olga Pyleva / Anna Bogaliy / Galina Kukleva / Svetlana Ishmouratova;entry_country=RUS;source_url=https://en.wikipedia.org/wiki/Biathlon_World_Championships,10.0
biathlon_world_championships_2001_women_relay-4-6-km,biathlon_world_team_Germany_Uschi_Disl__Katrin_Apel__Andrea_Henkel__Kati_Wilhelm_GER,2,silver,discipline=Biathlon;event=Biathlon World Championships Women Relay (4 × 6 km);event_label=Relay (4 × 6 km);team_members=Uschi Disl / Katrin Apel / Andrea Henkel / Kati Wilhelm;entry_country=GER;source_url=https://en.wikipedia.org/wiki/Biathlon_World_Championships,7.0
biathlon_world_championships_2001_women_relay-4-6-km,biathlon_world_team_Ukraine_Olena_Zubrilova__Olena_Petrova__Nina_Lemesh__Tetyana_Vodopyanova_UKR,3,bronze,discipline=Biathlon;event=Biathlon World Championships Women Relay (4 × 6 km);event_label=Relay (4 × 6 km);team_members=Olena Zubrilova / Olena Petrova / Nina Lemesh / Tetyana Vodopyanova;entry_country=UKR;source_url=https://en.wikipedia.org/wiki/Biathlon_World_Championships,5.0
biathlon_world_championships_2001_women_sprint-7-5-km,biathlon_world_athlete_Kati_Wilhelm_GER,1,gold,discipline=Biathlon;event=Biathlon World Championships Women Sprint (7.5 km);event_label=Sprint (7.5 km);team_members=;entry_country=GER;source_url=https://en.wikipedia.org/wiki/Biathlon_World_Championships,10.0
biathlon_world_championships_2001_women_sprint-7-5-km,biathlon_world_athlete_Uschi_Disl_GER,2,silver,discipline=Biathlon;event=Biathlon World Championships Women Sprint (7.5 km);event_label=Sprint (7.5 km);team_members=;entry_country=GER;source_url=https://en.wikipedia.org/wiki/Biathlon_World_Championships,7.0
biathlon_world_championships_2001_women_sprint-7-5-km,biathlon_world_athlete_Liv_Grete_Poirée_NOR,3,bronze,discipline=Biathlon;event=Biathlon World Championships Women Sprint (7.5 km);event_label=Sprint (7.5 km);team_members=;entry_country=NOR;source_url=https://en.wikipedia.org/wiki/Biathlon_World_Championships,5.0
biathlon_world_championships_2002_men_mass-start-15-km,biathlon_world_athlete_Raphaël_Poirée_FRA,1,gold,discipline=Biathlon;event=Biathlon World Championships Men Mass start (15 km);event_label=Mass start (15 km);team_members=;entry_country=FRA;source_url=https://en.wikipedia.org/wiki/Biathlon_World_Championships,10.0
biathlon_world_championships_2002_men_mass-start-15-km,biathlon_world_athlete_Sven_Fischer_GER,2,silver,discipline=Biathlon;event=Biathlon World Championships Men Mass start (15 km);event_label=Mass start (15 km);team_members=;entry_country=GER;source_url=https://en.wikipedia.org/wiki/Biathlon_World_Championships,7.0
biathlon_world_championships_2002_men_mass-start-15-km,biathlon_world_athlete_Frode_Andresen_NOR,3,bronze,discipline=Biathlon;event=Biathlon World Championships Men Mass start (15 km);event_label=Mass start (15 km);team_members=;entry_country=NOR;source_url=https://en.wikipedia.org/wiki/Biathlon_World_Championships,5.0
biathlon_world_championships_2002_women_mass-start-12-5-km,biathlon_world_athlete_Olena_Zubrilova_UKR,1,gold,discipline=Biathlon;event=Biathlon World Championships Women Mass start (12.5 km);event_label=Mass start (12.5 km);team_members=;entry_country=UKR;source_url=https://en.wikipedia.org/wiki/Biathlon_World_Championships,10.0
biathlon_world_championships_2002_women_mass-start-12-5-km,biathlon_world_athlete_Olga_Pyleva_RUS,2,silver,discipline=Biathlon;event=Biathlon World Championships Women Mass start (12.5 km);event_label=Mass start (12.5 km);team_members=;entry_country=RUS;source_url=https://en.wikipedia.org/wiki/Biathlon_World_Championships,7.0
biathlon_world_championships_2002_women_mass-start-12-5-km,biathlon_world_athlete_Olga_Nazarova_BLR,3,bronze,discipline=Biathlon;event=Biathlon World Championships Women Mass start (12.5 km);event_label=Mass start (12.5 km);team_members=;entry_country=BLR;source_url=https://en.wikipedia.org/wiki/Biathlon_World_Championships,5.0
biathlon_world_championships_2003_men_individual-20-km,biathlon_world_athlete_Halvard_Hanevold_NOR,1,gold,discipline=Biathlon;event=Biathlon World Championships Men Individual (20 km);event_label=Individual (20 km);team_members=;entry_country=NOR;source_url=https://en.wikipedia.org/wiki/Biathlon_World_Championships,10.0
biathlon_world_championships_2003_men_individual-20-km,biathlon_world_athlete_Vesa_Hietalahti_FIN,2,silver,discipline=Biathlon;event=Biathlon World Championships Men Individual (20 km);event_label=Individual (20 km);team_members=;entry_country=FIN;source_url=https://en.wikipedia.org/wiki/Biathlon_World_Championships,7.0
biathlon_world_championships_2003_men_individual-20-km,biathlon_world_athlete_Ricco_Groß_GER,3,bronze,discipline=Biathlon;event=Biathlon World Championships Men Individual (20 km);event_label=Individual (20 km);team_members=;entry_country=GER;source_url=https://en.wikipedia.org/wiki/Biathlon_World_Championships,5.0
biathlon_world_championships_2003_men_mass-start-15-km,biathlon_world_athlete_Ole_Einar_Bjørndalen_NOR,1,gold,discipline=Biathlon;event=Biathlon World Championships Men Mass start (15 km);event_label=Mass start (15 km);team_members=;entry_country=NOR;source_url=https://en.wikipedia.org/wiki/Biathlon_World_Championships,10.0
biathlon_world_championships_2003_men_mass-start-15-km,biathlon_world_athlete_Sven_Fischer_GER,2,silver,discipline=Biathlon;event=Biathlon World Championships Men Mass start (15 km);event_label=Mass start (15 km);team_members=;entry_country=GER;source_url=https://en.wikipedia.org/wiki/Biathlon_World_Championships,7.0
biathlon_world_championships_2003_men_mass-start-15-km,biathlon_world_athlete_Raphaël_Poirée_FRA,3,bronze,discipline=Biathlon;event=Biathlon World Championships Men Mass start (15 km);event_label=Mass start (15 km);team_members=;entry_country=FRA;source_url=https://en.wikipedia.org/wiki/Biathlon_World_Championships,5.0
biathlon_world_championships_2003_men_pursuit-12-5-km,biathlon_world_athlete_Ricco_Groß_GER,1,gold,discipline=Biathlon;event=Biathlon World Championships Men Pursuit (12.5 km);event_label=Pursuit (12.5 km);team_members=;entry_country=GER;source_url=https://en.wikipedia.org/wiki/Biathlon_World_Championships,10.0
biathlon_world_championships_2003_men_pursuit-12-5-km,biathlon_world_athlete_Halvard_Hanevold_NOR,2,silver,discipline=Biathlon;event=Biathlon World Championships Men Pursuit (12.5 km);event_label=Pursuit (12.5 km);team_members=;entry_country=NOR;source_url=https://en.wikipedia.org/wiki/Biathlon_World_Championships,7.0
biathlon_world_championships_2003_men_pursuit-12-5-km,biathlon_world_athlete_Paavo_Puurunen_FIN,3,bronze,discipline=Biathlon;event=Biathlon World Championships Men Pursuit (12.5 km);event_label=Pursuit (12.5 km);team_members=;entry_country=FIN;source_url=https://en.wikipedia.org/wiki/Biathlon_World_Championships,5.0
biathlon_world_championships_2003_men_relay-4-7-5-km,biathlon_world_team_Germany_Peter_Sendel__Sven_Fischer__Ricco_Groß__Frank_Luck_GER,1,gold,discipline=Biathlon;event=Biathlon World Championships Men Relay (4 × 7.5 km);event_label=Relay (4 × 7.5 km);team_members=Peter Sendel / Sven Fischer / Ricco Groß / Frank Luck;entry_country=GER;source_url=https://en.wikipedia.org/wiki/Biathlon_World_Championships,10.0
biathlon_world_championships_2003_men_relay-4-7-5-km,biathlon_world_team_Russia_Viktor_Maigourov__Pavel_Rostovtsev__Sergei_Rozhkov__Sergei_Tchepikov_RUS,2,silver,discipline=Biathlon;event=Biathlon World Championships Men Relay (4 × 7.5 km);event_label=Relay (4 × 7.5 km);team_members=Viktor Maigourov / Pavel Rostovtsev / Sergei Rozhkov / Sergei Tchepikov;entry_country=RUS;source_url=https://en.wikipedia.org/wiki/Biathlon_World_Championships,7.0
biathlon_world_championships_2003_men_relay-4-7-5-km,biathlon_world_team_Belarus_Alexei_Aidarov__Vladimir_Drachev__Rustam_Valliulin__Oleg_Ryzhenkov_BLR,3,bronze,discipline=Biathlon;event=Biathlon World Championships Men Relay (4 × 7.5 km);event_label=Relay (4 × 7.5 km);team_members=Alexei Aidarov / Vladimir Drachev / Rustam Valliulin / Oleg Ryzhenkov;entry_country=BLR;source_url=https://en.wikipedia.org/wiki/Biathlon_World_Championships,5.0
biathlon_world_championships_2003_men_sprint-10-km,biathlon_world_athlete_Ole_Einar_Bjørndalen_NOR,1,gold,discipline=Biathlon;event=Biathlon World Championships Men Sprint (10 km);event_label=Sprint (10 km);team_members=;entry_country=NOR;source_url=https://en.wikipedia.org/wiki/Biathlon_World_Championships,10.0
biathlon_world_championships_2003_men_sprint-10-km,biathlon_world_athlete_Ricco_Groß_GER,2,silver,discipline=Biathlon;event=Biathlon World Championships Men Sprint (10 km);event_label=Sprint (10 km);team_members=;entry_country=GER;source_url=https://en.wikipedia.org/wiki/Biathlon_World_Championships,7.0
biathlon_world_championships_2003_men_sprint-10-km,biathlon_world_athlete_Zdenk_Vítek_CZE,3,bronze,discipline=Biathlon;event=Biathlon World Championships Men Sprint (10 km);event_label=Sprint (10 km);team_members=;entry_country=CZE;source_url=https://en.wikipedia.org/wiki/Biathlon_World_Championships,5.0
biathlon_world_championships_2003_women_individual-15-km,biathlon_world_athlete_Kateina_Holubcová_CZE,1,gold,discipline=Biathlon;event=Biathlon World Championships Women Individual (15 km);event_label=Individual (15 km);team_members=;entry_country=CZE;source_url=https://en.wikipedia.org/wiki/Biathlon_World_Championships,10.0
biathlon_world_championships_2003_women_individual-15-km,biathlon_world_athlete_Olena_Zubrilova_BLR,2,silver,discipline=Biathlon;event=Biathlon World Championships Women Individual (15 km);event_label=Individual (15 km);team_members=;entry_country=BLR;source_url=https://en.wikipedia.org/wiki/Biathlon_World_Championships,7.0
biathlon_world_championships_2003_women_individual-15-km,biathlon_world_athlete_Gunn_Margit_Andreassen_NOR,3,bronze,discipline=Biathlon;event=Biathlon World Championships Women Individual (15 km);event_label=Individual (15 km);team_members=;entry_country=NOR;source_url=https://en.wikipedia.org/wiki/Biathlon_World_Championships,5.0
biathlon_world_championships_2003_women_mass-start-12-5-km,biathlon_world_athlete_Albina_Akhatova_RUS,1,gold,discipline=Biathlon;event=Biathlon World Championships Women Mass start (12.5 km);event_label=Mass start (12.5 km);team_members=;entry_country=RUS;source_url=https://en.wikipedia.org/wiki/Biathlon_World_Championships,10.0
biathlon_world_championships_2003_women_mass-start-12-5-km,biathlon_world_athlete_Svetlana_Ishmouratova_RUS,2,silver,discipline=Biathlon;event=Biathlon World Championships Women Mass start (12.5 km);event_label=Mass start (12.5 km);team_members=;entry_country=RUS;source_url=https://en.wikipedia.org/wiki/Biathlon_World_Championships,7.0
biathlon_world_championships_2003_women_mass-start-12-5-km,biathlon_world_athlete_Sandrine_Bailly_FRA,3,bronze,discipline=Biathlon;event=Biathlon World Championships Women Mass start (12.5 km);event_label=Mass start (12.5 km);team_members=;entry_country=FRA;source_url=https://en.wikipedia.org/wiki/Biathlon_World_Championships,5.0
biathlon_world_championships_2003_women_pursuit-10-km,biathlon_world_athlete_Sandrine_Bailly_FRA,1,gold,discipline=Biathlon;event=Biathlon World Championships Women Pursuit (10 km);event_label=Pursuit (10 km);team_members=;entry_country=FRA;source_url=https://en.wikipedia.org/wiki/Biathlon_World_Championships,10.0
biathlon_world_championships_2003_women_pursuit-10-km,biathlon_world_athlete_Svetlana_Ishmouratova_RUS,3,bronze,discipline=Biathlon;event=Biathlon World Championships Women Pursuit (10 km);event_label=Pursuit (10 km);team_members=;entry_country=RUS;source_url=https://en.wikipedia.org/wiki/Biathlon_World_Championships,5.0
biathlon_world_championships_2003_women_relay-4-6-km,biathlon_world_team_Russia_Albina_Akhatova__Svetlana_Ishmouratova__Galina_Kukleva__Svetlana_Tchernousova_RUS,1,gold,discipline=Biathlon;event=Biathlon World Championships Women Relay (4 × 6 km);event_label=Relay (4 × 6 km);team_members=Albina Akhatova / Svetlana Ishmouratova / Galina Kukleva / Svetlana Tchernousova;entry_country=RUS;source_url=https://en.wikipedia.org/wiki/Biathlon_World_Championships,10.0
biathlon_world_championships_2003_women_relay-4-6-km,biathlon_world_team_Ukraine_Oksana_Khvostenko__Iryna_Merkushina__Oksana_Yakovleva__Olena_Petrova_UKR,2,silver,discipline=Biathlon;event=Biathlon World Championships Women Relay (4 × 6 km);event_label=Relay (4 × 6 km);team_members=Oksana Khvostenko / Iryna Merkushina / Oksana Yakovleva / Olena Petrova;entry_country=UKR;source_url=https://en.wikipedia.org/wiki/Biathlon_World_Championships,7.0
biathlon_world_championships_2003_women_relay-4-6-km,biathlon_world_team_Germany_Simone_Denkinger__Uschi_Disl__Kati_Wilhelm__Martina_Glagow_GER,3,bronze,discipline=Biathlon;event=Biathlon World Championships Women Relay (4 × 6 km);event_label=Relay (4 × 6 km);team_members=Simone Denkinger / Uschi Disl / Kati Wilhelm / Martina Glagow;entry_country=GER;source_url=https://en.wikipedia.org/wiki/Biathlon_World_Championships,5.0
biathlon_world_championships_2003_women_sprint-7-5-km,biathlon_world_athlete_Sylvie_Becaert_FRA,1,gold,discipline=Biathlon;event=Biathlon World Championships Women Sprint (7.5 km);event_label=Sprint (7.5 km);team_members=;entry_country=FRA;source_url=https://en.wikipedia.org/wiki/Biathlon_World_Championships,10.0
biathlon_world_championships_2003_women_sprint-7-5-km,biathlon_world_athlete_Olena_Petrova_UKR,2,silver,discipline=Biathlon;event=Biathlon World Championships Women Sprint (7.5 km);event_label=Sprint (7.5 km);team_members=;entry_country=UKR;source_url=https://en.wikipedia.org/wiki/Biathlon_World_Championships,7.0
biathlon_world_championships_2003_women_sprint-7-5-km,biathlon_world_athlete_Kateina_Holubcová_CZE,3,bronze,discipline=Biathlon;event=Biathlon World Championships Women Sprint (7.5 km);event_label=Sprint (7.5 km);team_members=;entry_country=CZE;source_url=https://en.wikipedia.org/wiki/Biathlon_World_Championships,5.0
biathlon_world_championships_2004_men_individual-20-km,biathlon_world_athlete_Raphaël_Poirée_FRA,1,gold,discipline=Biathlon;event=Biathlon World Championships Men Individual (20 km);event_label=Individual (20 km);team_members=;entry_country=FRA;source_url=https://en.wikipedia.org/wiki/Biathlon_World_Championships,10.0
biathlon_world_championships_2004_men_individual-20-km,biathlon_world_athlete_Tomasz_Sikora_POL,2,silver,discipline=Biathlon;event=Biathlon World Championships Men Individual (20 km);event_label=Individual (20 km);team_members=;entry_country=POL;source_url=https://en.wikipedia.org/wiki/Biathlon_World_Championships,7.0
biathlon_world_championships_2004_men_individual-20-km,biathlon_world_athlete_Ole_Einar_Bjørndalen_NOR,3,bronze,discipline=Biathlon;event=Biathlon World Championships Men Individual (20 km);event_label=Individual (20 km);team_members=;entry_country=NOR;source_url=https://en.wikipedia.org/wiki/Biathlon_World_Championships,5.0
biathlon_world_championships_2004_men_mass-start-15-km,biathlon_world_athlete_Raphaël_Poirée_FRA,1,gold,discipline=Biathlon;event=Biathlon World Championships Men Mass start (15 km);event_label=Mass start (15 km);team_members=;entry_country=FRA;source_url=https://en.wikipedia.org/wiki/Biathlon_World_Championships,10.0
biathlon_world_championships_2004_men_mass-start-15-km,biathlon_world_athlete_Lars_Berger_NOR,2,silver,discipline=Biathlon;event=Biathlon World Championships Men Mass start (15 km);event_label=Mass start (15 km);team_members=;entry_country=NOR;source_url=https://en.wikipedia.org/wiki/Biathlon_World_Championships,7.0
biathlon_world_championships_2004_men_mass-start-15-km,biathlon_world_athlete_Sergei_Konovalov_RUS,3,bronze,discipline=Biathlon;event=Biathlon World Championships Men Mass start (15 km);event_label=Mass start (15 km);team_members=;entry_country=RUS;source_url=https://en.wikipedia.org/wiki/Biathlon_World_Championships,5.0
biathlon_world_championships_2004_men_pursuit-12-5-km,biathlon_world_athlete_Ricco_Groß_GER,1,gold,discipline=Biathlon;event=Biathlon World Championships Men Pursuit (12.5 km);event_label=Pursuit (12.5 km);team_members=;entry_country=GER;source_url=https://en.wikipedia.org/wiki/Biathlon_World_Championships,10.0
biathlon_world_championships_2004_men_pursuit-12-5-km,biathlon_world_athlete_Raphaël_Poirée_FRA,2,silver,discipline=Biathlon;event=Biathlon World Championships Men Pursuit (12.5 km);event_label=Pursuit (12.5 km);team_members=;entry_country=FRA;source_url=https://en.wikipedia.org/wiki/Biathlon_World_Championships,7.0
biathlon_world_championships_2004_men_pursuit-12-5-km,biathlon_world_athlete_Ole_Einar_Bjørndalen_NOR,3,bronze,discipline=Biathlon;event=Biathlon World Championships Men Pursuit (12.5 km);event_label=Pursuit (12.5 km);team_members=;entry_country=NOR;source_url=https://en.wikipedia.org/wiki/Biathlon_World_Championships,5.0
biathlon_world_championships_2004_men_relay-4-7-5-km,biathlon_world_team_Germany_Frank_Luck__Ricco_Groß__Sven_Fischer__Michael_Greis_GER,1,gold,discipline=Biathlon;event=Biathlon World Championships Men Relay (4 × 7.5 km);event_label=Relay (4 × 7.5 km);team_members=Frank Luck / Ricco Groß / Sven Fischer / Michael Greis;entry_country=GER;source_url=https://en.wikipedia.org/wiki/Biathlon_World_Championships,10.0
biathlon_world_championships_2004_men_relay-4-7-5-km,biathlon_world_team_Norway_Halvard_Hanevold__Lars_Berger__Egil_Gjelland__Ole_Einar_Bjørndalen_NOR,2,silver,discipline=Biathlon;event=Biathlon World Championships Men Relay (4 × 7.5 km);event_label=Relay (4 × 7.5 km);team_members=Halvard Hanevold / Lars Berger / Egil Gjelland / Ole Einar Bjørndalen;entry_country=NOR;source_url=https://en.wikipedia.org/wiki/Biathlon_World_Championships,7.0
biathlon_world_championships_2004_men_relay-4-7-5-km,biathlon_world_team_France_Ferreol_Cannard__Vincent_Defrasne__Julien_Robert__Raphaël_Poirée_FRA,3,bronze,discipline=Biathlon;event=Biathlon World Championships Men Relay (4 × 7.5 km);event_label=Relay (4 × 7.5 km);team_members=Ferreol Cannard / Vincent Defrasne / Julien Robert / Raphaël Poirée;entry_country=FRA;source_url=https://en.wikipedia.org/wiki/Biathlon_World_Championships,5.0
biathlon_world_championships_2004_men_sprint-10-km,biathlon_world_athlete_Raphaël_Poirée_FRA,1,gold,discipline=Biathlon;event=Biathlon World Championships Men Sprint (10 km);event_label=Sprint (10 km);team_members=;entry_country=FRA;source_url=https://en.wikipedia.org/wiki/Biathlon_World_Championships,10.0
biathlon_world_championships_2004_men_sprint-10-km,biathlon_world_athlete_Ricco_Groß_GER,2,silver,discipline=Biathlon;event=Biathlon World Championships Men Sprint (10 km);event_label=Sprint (10 km);team_members=;entry_country=GER;source_url=https://en.wikipedia.org/wiki/Biathlon_World_Championships,7.0
biathlon_world_championships_2004_men_sprint-10-km,biathlon_world_athlete_Ole_Einar_Bjørndalen_NOR,3,bronze,discipline=Biathlon;event=Biathlon World Championships Men Sprint (10 km);event_label=Sprint (10 km);team_members=;entry_country=NOR;source_url=https://en.wikipedia.org/wiki/Biathlon_World_Championships,5.0
biathlon_world_championships_2004_women_individual-15-km,biathlon_world_athlete_Olga_Pyleva_RUS,1,gold,discipline=Biathlon;event=Biathlon World Championships Women Individual (15 km);event_label=Individual (15 km);team_members=;entry_country=RUS;source_url=https://en.wikipedia.org/wiki/Biathlon_World_Championships,10.0
biathlon_world_championships_2004_women_individual-15-km,biathlon_world_athlete_Albina_Akhatova_RUS,2,silver,discipline=Biathlon;event=Biathlon World Championships Women Individual (15 km);event_label=Individual (15 km);team_members=;entry_country=RUS;source_url=https://en.wikipedia.org/wiki/Biathlon_World_Championships,7.0
biathlon_world_championships_2004_women_individual-15-km,biathlon_world_athlete_Olena_Petrova_UKR,3,bronze,discipline=Biathlon;event=Biathlon World Championships Women Individual (15 km);event_label=Individual (15 km);team_members=;entry_country=UKR;source_url=https://en.wikipedia.org/wiki/Biathlon_World_Championships,5.0
biathlon_world_championships_2004_women_mass-start-12-5-km,biathlon_world_athlete_Liv_Grete_Poirée_NOR,1,gold,discipline=Biathlon;event=Biathlon World Championships Women Mass start (12.5 km);event_label=Mass start (12.5 km);team_members=;entry_country=NOR;source_url=https://en.wikipedia.org/wiki/Biathlon_World_Championships,10.0
biathlon_world_championships_2004_women_mass-start-12-5-km,biathlon_world_athlete_Katrin_Apel_GER,2,silver,discipline=Biathlon;event=Biathlon World Championships Women Mass start (12.5 km);event_label=Mass start (12.5 km);team_members=;entry_country=GER;source_url=https://en.wikipedia.org/wiki/Biathlon_World_Championships,7.0
biathlon_world_championships_2004_women_mass-start-12-5-km,biathlon_world_athlete_Sandrine_Bailly_FRA,3,bronze,discipline=Biathlon;event=Biathlon World Championships Women Mass start (12.5 km);event_label=Mass start (12.5 km);team_members=;entry_country=FRA;source_url=https://en.wikipedia.org/wiki/Biathlon_World_Championships,5.0
biathlon_world_championships_2004_women_pursuit-10-km,biathlon_world_athlete_Liv_Grete_Poirée_NOR,1,gold,discipline=Biathlon;event=Biathlon World Championships Women Pursuit (10 km);event_label=Pursuit (10 km);team_members=;entry_country=NOR;source_url=https://en.wikipedia.org/wiki/Biathlon_World_Championships,10.0
biathlon_world_championships_2004_women_pursuit-10-km,biathlon_world_athlete_Martina_Glagow_GER,2,silver,discipline=Biathlon;event=Biathlon World Championships Women Pursuit (10 km);event_label=Pursuit (10 km);team_members=;entry_country=GER;source_url=https://en.wikipedia.org/wiki/Biathlon_World_Championships,7.0
biathlon_world_championships_2004_women_pursuit-10-km,biathlon_world_athlete_Anna_Bogaliy_RUS,3,bronze,discipline=Biathlon;event=Biathlon World Championships Women Pursuit (10 km);event_label=Pursuit (10 km);team_members=;entry_country=RUS;source_url=https://en.wikipedia.org/wiki/Biathlon_World_Championships,5.0
biathlon_world_championships_2004_women_relay-4-6-km,biathlon_world_team_Norway_Linda_Tjørhom__Gro_Marit_Istad_Kristiansen__Gunn_Margit_Andreassen__Liv_Grete_Poirée_NOR,1,gold,discipline=Biathlon;event=Biathlon World Championships Women Relay (4 × 6 km);event_label=Relay (4 × 6 km);team_members=Linda Tjørhom / Gro Marit Istad Kristiansen / Gunn Margit Andreassen / Liv Grete Poirée;entry_country=NOR;source_url=https://en.wikipedia.org/wiki/Biathlon_World_Championships,10.0
biathlon_world_championships_2004_women_relay-4-6-km,biathlon_world_team_Russia_Olga_Pyleva__Svetlana_Ishmouratova__Anna_Bogaliy__Albina_Akhatova_RUS,2,silver,discipline=Biathlon;event=Biathlon World Championships Women Relay (4 × 6 km);event_label=Relay (4 × 6 km);team_members=Olga Pyleva / Svetlana Ishmouratova / Anna Bogaliy / Albina Akhatova;entry_country=RUS;source_url=https://en.wikipedia.org/wiki/Biathlon_World_Championships,7.0
biathlon_world_championships_2004_women_relay-4-6-km,biathlon_world_team_Germany_Martina_Glagow__Katrin_Apel__Simone_Denkinger__Kati_Wilhelm_GER,3,bronze,discipline=Biathlon;event=Biathlon World Championships Women Relay (4 × 6 km);event_label=Relay (4 × 6 km);team_members=Martina Glagow / Katrin Apel / Simone Denkinger / Kati Wilhelm;entry_country=GER;source_url=https://en.wikipedia.org/wiki/Biathlon_World_Championships,5.0
biathlon_world_championships_2004_women_sprint-7-5-km,biathlon_world_athlete_Liv_Grete_Poirée_NOR,1,gold,discipline=Biathlon;event=Biathlon World Championships Women Sprint (7.5 km);event_label=Sprint (7.5 km);team_members=;entry_country=NOR;source_url=https://en.wikipedia.org/wiki/Biathlon_World_Championships,10.0
biathlon_world_championships_2004_women_sprint-7-5-km,biathlon_world_athlete_Anna_Bogaliy_RUS,2,silver,discipline=Biathlon;event=Biathlon World Championships Women Sprint (7.5 km);event_label=Sprint (7.5 km);team_members=;entry_country=RUS;source_url=https://en.wikipedia.org/wiki/Biathlon_World_Championships,7.0
biathlon_world_championships_2004_women_sprint-7-5-km,biathlon_world_athlete_Martina_Glagow_GER,3,bronze,discipline=Biathlon;event=Biathlon World Championships Women Sprint (7.5 km);event_label=Sprint (7.5 km);team_members=;entry_country=GER;source_url=https://en.wikipedia.org/wiki/Biathlon_World_Championships,5.0
biathlon_world_championships_2005_men_individual-20-km,biathlon_world_athlete_Roman_Dostál_CZE,1,gold,discipline=Biathlon;event=Biathlon World Championships Men Individual (20 km);event_label=Individual (20 km);team_members=;entry_country=CZE;source_url=https://en.wikipedia.org/wiki/Biathlon_World_Championships,10.0
biathlon_world_championships_2005_men_individual-20-km,biathlon_world_athlete_Michael_Greis_GER,2,silver,discipline=Biathlon;event=Biathlon World Championships Men Individual (20 km);event_label=Individual (20 km);team_members=;entry_country=GER;source_url=https://en.wikipedia.org/wiki/Biathlon_World_Championships,7.0
biathlon_world_championships_2005_men_individual-20-km,biathlon_world_athlete_Ricco_Groß_GER,3,bronze,discipline=Biathlon;event=Biathlon World Championships Men Individual (20 km);event_label=Individual (20 km);team_members=;entry_country=GER;source_url=https://en.wikipedia.org/wiki/Biathlon_World_Championships,5.0
biathlon_world_championships_2005_men_mass-start-15-km,biathlon_world_athlete_Ole_Einar_Bjørndalen_NOR,1,gold,discipline=Biathlon;event=Biathlon World Championships Men Mass start (15 km);event_label=Mass start (15 km);team_members=;entry_country=NOR;source_url=https://en.wikipedia.org/wiki/Biathlon_World_Championships,10.0
biathlon_world_championships_2005_men_mass-start-15-km,biathlon_world_athlete_Sven_Fischer_GER,2,silver,discipline=Biathlon;event=Biathlon World Championships Men Mass start (15 km);event_label=Mass start (15 km);team_members=;entry_country=GER;source_url=https://en.wikipedia.org/wiki/Biathlon_World_Championships,7.0
biathlon_world_championships_2005_men_mass-start-15-km,biathlon_world_athlete_Raphaël_Poirée_FRA,3,bronze,discipline=Biathlon;event=Biathlon World Championships Men Mass start (15 km);event_label=Mass start (15 km);team_members=;entry_country=FRA;source_url=https://en.wikipedia.org/wiki/Biathlon_World_Championships,5.0
biathlon_world_championships_2005_men_pursuit-12-5-km,biathlon_world_athlete_Ole_Einar_Bjørndalen_NOR,1,gold,discipline=Biathlon;event=Biathlon World Championships Men Pursuit (12.5 km);event_label=Pursuit (12.5 km);team_members=;entry_country=NOR;source_url=https://en.wikipedia.org/wiki/Biathlon_World_Championships,10.0
biathlon_world_championships_2005_men_pursuit-12-5-km,biathlon_world_athlete_Sergei_Tchepikov_RUS,2,silver,discipline=Biathlon;event=Biathlon World Championships Men Pursuit (12.5 km);event_label=Pursuit (12.5 km);team_members=;entry_country=RUS;source_url=https://en.wikipedia.org/wiki/Biathlon_World_Championships,7.0
biathlon_world_championships_2005_men_pursuit-12-5-km,biathlon_world_athlete_Sven_Fischer_GER,3,bronze,discipline=Biathlon;event=Biathlon World Championships Men Pursuit (12.5 km);event_label=Pursuit (12.5 km);team_members=;entry_country=GER;source_url=https://en.wikipedia.org/wiki/Biathlon_World_Championships,5.0
biathlon_world_championships_2005_men_relay-4-7-5-km,biathlon_world_team_Norway_Halvard_Hanevold__Stian_Eckhoff__Egil_Gjelland__Ole_Einar_Bjørndalen_NOR,1,gold,discipline=Biathlon;event=Biathlon World Championships Men Relay (4 × 7.5 km);event_label=Relay (4 × 7.5 km);team_members=Halvard Hanevold / Stian Eckhoff / Egil Gjelland / Ole Einar Bjørndalen;entry_country=NOR;source_url=https://en.wikipedia.org/wiki/Biathlon_World_Championships,10.0
biathlon_world_championships_2005_men_relay-4-7-5-km,biathlon_world_team_Russia_Sergei_Rozhkov__Nikolay_Kruglov_Jr__Pavel_Rostovtsev__Sergei_Tchepikov_RUS,2,silver,discipline=Biathlon;event=Biathlon World Championships Men Relay (4 × 7.5 km);event_label=Relay (4 × 7.5 km);team_members=Sergei Rozhkov / Nikolay Kruglov Jr. / Pavel Rostovtsev / Sergei Tchepikov;entry_country=RUS;source_url=https://en.wikipedia.org/wiki/Biathlon_World_Championships,7.0
biathlon_world_championships_2005_men_relay-4-7-5-km,biathlon_world_team_Austria_Daniel_Mesotitsch__Friedrich_Pinter__Wolfgang_Rottmann__Christoph_Sumann_AUT,3,bronze,discipline=Biathlon;event=Biathlon World Championships Men Relay (4 × 7.5 km);event_label=Relay (4 × 7.5 km);team_members=Daniel Mesotitsch / Friedrich Pinter / Wolfgang Rottmann / Christoph Sumann;entry_country=AUT;source_url=https://en.wikipedia.org/wiki/Biathlon_World_Championships,5.0
biathlon_world_championships_2005_men_sprint-10-km,biathlon_world_athlete_Ole_Einar_Bjørndalen_NOR,1,gold,discipline=Biathlon;event=Biathlon World Championships Men Sprint (10 km);event_label=Sprint (10 km);team_members=;entry_country=NOR;source_url=https://en.wikipedia.org/wiki/Biathlon_World_Championships,10.0
biathlon_world_championships_2005_men_sprint-10-km,biathlon_world_athlete_Sven_Fischer_GER,2,silver,discipline=Biathlon;event=Biathlon World Championships Men Sprint (10 km);event_label=Sprint (10 km);team_members=;entry_country=GER;source_url=https://en.wikipedia.org/wiki/Biathlon_World_Championships,7.0
biathlon_world_championships_2005_men_sprint-10-km,biathlon_world_athlete_Ilmrs_Bricis_LAT,3,bronze,discipline=Biathlon;event=Biathlon World Championships Men Sprint (10 km);event_label=Sprint (10 km);team_members=;entry_country=LAT;source_url=https://en.wikipedia.org/wiki/Biathlon_World_Championships,5.0
biathlon_world_championships_2005_mixed_mixed-relay,biathlon_world_team_Russia_Olga_Pyleva__Svetlana_Ishmouratova__Ivan_Tcherezov__Nikolay_Kruglov_Jr_RUS,1,gold,discipline=Biathlon;event=Biathlon World Championships Mixed Mixed relay;event_label=Mixed relay;team_members=Olga Pyleva / Svetlana Ishmouratova / Ivan Tcherezov / Nikolay Kruglov Jr.;entry_country=RUS;source_url=https://en.wikipedia.org/wiki/Biathlon_World_Championships,10.0
biathlon_world_championships_2005_mixed_mixed-relay,biathlon_world_team_Russia_Anna_Bogaliy-Titovets__Olga_Zaitseva__Sergei_Tchepikov__Sergei_Rozhkov_RUS,2,silver,discipline=Biathlon;event=Biathlon World Championships Mixed Mixed relay;event_label=Mixed relay;team_members=Anna Bogaliy-Titovets / Olga Zaitseva / Sergei Tchepikov / Sergei Rozhkov;entry_country=RUS;source_url=https://en.wikipedia.org/wiki/Biathlon_World_Championships,7.0
biathlon_world_championships_2005_mixed_mixed-relay,biathlon_world_team_Germany_Uschi_Disl__Kati_Wilhelm__Michael_Greis__Ricco_Groß_GER,3,bronze,discipline=Biathlon;event=Biathlon World Championships Mixed Mixed relay;event_label=Mixed relay;team_members=Uschi Disl / Kati Wilhelm / Michael Greis / Ricco Groß;entry_country=GER;source_url=https://en.wikipedia.org/wiki/Biathlon_World_Championships,5.0
biathlon_world_championships_2005_women_individual-15-km,biathlon_world_athlete_Andrea_Henkel_GER,1,gold,discipline=Biathlon;event=Biathlon World Championships Women Individual (15 km);event_label=Individual (15 km);team_members=;entry_country=GER;source_url=https://en.wikipedia.org/wiki/Biathlon_World_Championships,10.0
biathlon_world_championships_2005_women_individual-15-km,biathlon_world_athlete_Sun_Ribo_CHN,2,silver,discipline=Biathlon;event=Biathlon World Championships Women Individual (15 km);event_label=Individual (15 km);team_members=;entry_country=CHN;source_url=https://en.wikipedia.org/wiki/Biathlon_World_Championships,7.0
biathlon_world_championships_2005_women_individual-15-km,biathlon_world_athlete_Linda_Tjørhom_NOR,3,bronze,discipline=Biathlon;event=Biathlon World Championships Women Individual (15 km);event_label=Individual (15 km);team_members=;entry_country=NOR;source_url=https://en.wikipedia.org/wiki/Biathlon_World_Championships,5.0
biathlon_world_championships_2005_women_mass-start-12-5-km,biathlon_world_athlete_Gro_Marit_Istad_Kristiansen_NOR,1,gold,discipline=Biathlon;event=Biathlon World Championships Women Mass start (12.5 km);event_label=Mass start (12.5 km);team_members=;entry_country=NOR;source_url=https://en.wikipedia.org/wiki/Biathlon_World_Championships,10.0
biathlon_world_championships_2005_women_mass-start-12-5-km,biathlon_world_athlete_Anna_Carin_Olofsson_SWE,2,silver,discipline=Biathlon;event=Biathlon World Championships Women Mass start (12.5 km);event_label=Mass start (12.5 km);team_members=;entry_country=SWE;source_url=https://en.wikipedia.org/wiki/Biathlon_World_Championships,7.0
biathlon_world_championships_2005_women_mass-start-12-5-km,biathlon_world_athlete_Olga_Pyleva_RUS,3,bronze,discipline=Biathlon;event=Biathlon World Championships Women Mass start (12.5 km);event_label=Mass start (12.5 km);team_members=;entry_country=RUS;source_url=https://en.wikipedia.org/wiki/Biathlon_World_Championships,5.0
biathlon_world_championships_2005_women_pursuit-10-km,biathlon_world_athlete_Uschi_Disl_GER,1,gold,discipline=Biathlon;event=Biathlon World Championships Women Pursuit (10 km);event_label=Pursuit (10 km);team_members=;entry_country=GER;source_url=https://en.wikipedia.org/wiki/Biathlon_World_Championships,10.0
biathlon_world_championships_2005_women_pursuit-10-km,biathlon_world_athlete_Liu_Xianying_CHN,2,silver,discipline=Biathlon;event=Biathlon World Championships Women Pursuit (10 km);event_label=Pursuit (10 km);team_members=;entry_country=CHN;source_url=https://en.wikipedia.org/wiki/Biathlon_World_Championships,7.0
biathlon_world_championships_2005_women_pursuit-10-km,biathlon_world_athlete_Olga_Zaitseva_RUS,3,bronze,discipline=Biathlon;event=Biathlon World Championships Women Pursuit (10 km);event_label=Pursuit (10 km);team_members=;entry_country=RUS;source_url=https://en.wikipedia.org/wiki/Biathlon_World_Championships,5.0
biathlon_world_championships_2005_women_relay-4-6-km,biathlon_world_team_Russia_Olga_Pyleva__Svetlana_Ishmouratova__Anna_Bogaliy-Titovets__Olga_Zaitseva_RUS,1,gold,discipline=Biathlon;event=Biathlon World Championships Women Relay (4 × 6 km);event_label=Relay (4 × 6 km);team_members=Olga Pyleva / Svetlana Ishmouratova / Anna Bogaliy-Titovets / Olga Zaitseva;entry_country=RUS;source_url=https://en.wikipedia.org/wiki/Biathlon_World_Championships,10.0
biathlon_world_championships_2005_women_relay-4-6-km,biathlon_world_team_Germany_Uschi_Disl__Katrin_Apel__Andrea_Henkel__Kati_Wilhelm_GER,2,silver,discipline=Biathlon;event=Biathlon World Championships Women Relay (4 × 6 km);event_label=Relay (4 × 6 km);team_members=Uschi Disl / Katrin Apel / Andrea Henkel / Kati Wilhelm;entry_country=GER;source_url=https://en.wikipedia.org/wiki/Biathlon_World_Championships,7.0
biathlon_world_championships_2005_women_relay-4-6-km,biathlon_world_team_Belarus_Ekaterina_Ivanova__Olga_Nazarova__Liudmilla_Ananko__Olena_Zubrilova_BLR,3,bronze,discipline=Biathlon;event=Biathlon World Championships Women Relay (4 × 6 km);event_label=Relay (4 × 6 km);team_members=Ekaterina Ivanova / Olga Nazarova / Liudmilla Ananko / Olena Zubrilova;entry_country=BLR;source_url=https://en.wikipedia.org/wiki/Biathlon_World_Championships,5.0
biathlon_world_championships_2005_women_sprint-7-5-km,biathlon_world_athlete_Uschi_Disl_GER,1,gold,discipline=Biathlon;event=Biathlon World Championships Women Sprint (7.5 km);event_label=Sprint (7.5 km);team_members=;entry_country=GER;source_url=https://en.wikipedia.org/wiki/Biathlon_World_Championships,10.0
biathlon_world_championships_2005_women_sprint-7-5-km,biathlon_world_athlete_Olga_Zaitseva_RUS,2,silver,discipline=Biathlon;event=Biathlon World Championships Women Sprint (7.5 km);event_label=Sprint (7.5 km);team_members=;entry_country=RUS;source_url=https://en.wikipedia.org/wiki/Biathlon_World_Championships,7.0
biathlon_world_championships_2005_women_sprint-7-5-km,biathlon_world_athlete_Olena_Zubrilova_BLR,3,bronze,discipline=Biathlon;event=Biathlon World Championships Women Sprint (7.5 km);event_label=Sprint (7.5 km);team_members=;entry_country=BLR;source_url=https://en.wikipedia.org/wiki/Biathlon_World_Championships,5.0
biathlon_world_championships_2006_mixed_mixed-relay,biathlon_world_team_Russia_Anna_Bogaliy-Titovets__Sergei_Tchepikov__Irina_Malgina__Nikolay_Kruglov_Jr_RUS,1,gold,discipline=Biathlon;event=Biathlon World Championships Mixed Mixed relay;event_label=Mixed relay;team_members=Anna Bogaliy-Titovets / Sergei Tchepikov / Irina Malgina / Nikolay Kruglov Jr.;entry_country=RUS;source_url=https://en.wikipedia.org/wiki/Biathlon_World_Championships,10.0
biathlon_world_championships_2006_mixed_mixed-relay,biathlon_world_team_Norway_Linda_Tjørhom__Halvard_Hanevold__Tora_Berger__Ole_Einar_Bjørndalen_NOR,2,silver,discipline=Biathlon;event=Biathlon World Championships Mixed Mixed relay;event_label=Mixed relay;team_members=Linda Tjørhom / Halvard Hanevold / Tora Berger / Ole Einar Bjørndalen;entry_country=NOR;source_url=https://en.wikipedia.org/wiki/Biathlon_World_Championships,7.0
biathlon_world_championships_2006_mixed_mixed-relay,biathlon_world_team_France_Florence_Baverel-Robert__Vincent_Defrasne__Sandrine_Bailly__Raphaël_Poirée_FRA,3,bronze,discipline=Biathlon;event=Biathlon World Championships Mixed Mixed relay;event_label=Mixed relay;team_members=Florence Baverel-Robert / Vincent Defrasne / Sandrine Bailly / Raphaël Poirée;entry_country=FRA;source_url=https://en.wikipedia.org/wiki/Biathlon_World_Championships,5.0
biathlon_world_championships_2007_men_individual-20-km,biathlon_world_athlete_Raphaël_Poirée_FRA,1,gold,discipline=Biathlon;event=Biathlon World Championships Men Individual (20 km);event_label=Individual (20 km);team_members=;entry_country=FRA;source_url=https://en.wikipedia.org/wiki/Biathlon_World_Championships,10.0
biathlon_world_championships_2007_men_individual-20-km,biathlon_world_athlete_Michael_Greis_GER,2,silver,discipline=Biathlon;event=Biathlon World Championships Men Individual (20 km);event_label=Individual (20 km);team_members=;entry_country=GER;source_url=https://en.wikipedia.org/wiki/Biathlon_World_Championships,7.0
biathlon_world_championships_2007_men_individual-20-km,biathlon_world_athlete_Michal_lesingr_CZE,3,bronze,discipline=Biathlon;event=Biathlon World Championships Men Individual (20 km);event_label=Individual (20 km);team_members=;entry_country=CZE;source_url=https://en.wikipedia.org/wiki/Biathlon_World_Championships,5.0
biathlon_world_championships_2007_men_mass-start-15-km,biathlon_world_athlete_Michael_Greis_GER,1,gold,discipline=Biathlon;event=Biathlon World Championships Men Mass start (15 km);event_label=Mass start (15 km);team_members=;entry_country=GER;source_url=https://en.wikipedia.org/wiki/Biathlon_World_Championships,10.0
biathlon_world_championships_2007_men_mass-start-15-km,biathlon_world_athlete_Andreas_Birnbacher_GER,2,silver,discipline=Biathlon;event=Biathlon World Championships Men Mass start (15 km);event_label=Mass start (15 km);team_members=;entry_country=GER;source_url=https://en.wikipedia.org/wiki/Biathlon_World_Championships,7.0
biathlon_world_championships_2007_men_mass-start-15-km,biathlon_world_athlete_Raphaël_Poirée_FRA,3,bronze,discipline=Biathlon;event=Biathlon World Championships Men Mass start (15 km);event_label=Mass start (15 km);team_members=;entry_country=FRA;source_url=https://en.wikipedia.org/wiki/Biathlon_World_Championships,5.0
biathlon_world_championships_2007_men_pursuit-12-5-km,biathlon_world_athlete_Ole_Einar_Bjørndalen_NOR,1,gold,discipline=Biathlon;event=Biathlon World Championships Men Pursuit (12.5 km);event_label=Pursuit (12.5 km);team_members=;entry_country=NOR;source_url=https://en.wikipedia.org/wiki/Biathlon_World_Championships,10.0
biathlon_world_championships_2007_men_pursuit-12-5-km,biathlon_world_athlete_Maxim_Chudov_RUS,2,silver,discipline=Biathlon;event=Biathlon World Championships Men Pursuit (12.5 km);event_label=Pursuit (12.5 km);team_members=;entry_country=RUS;source_url=https://en.wikipedia.org/wiki/Biathlon_World_Championships,7.0
biathlon_world_championships_2007_men_pursuit-12-5-km,biathlon_world_athlete_Vincent_Defrasne_FRA,3,bronze,discipline=Biathlon;event=Biathlon World Championships Men Pursuit (12.5 km);event_label=Pursuit (12.5 km);team_members=;entry_country=FRA;source_url=https://en.wikipedia.org/wiki/Biathlon_World_Championships,5.0
biathlon_world_championships_2007_men_relay-4-7-5-km,biathlon_world_team_Russia_Ivan_Tcherezov__Maxim_Chudov__Dmitri_Yaroshenko__Nikolay_Kruglov_Jr_RUS,1,gold,discipline=Biathlon;event=Biathlon World Championships Men Relay (4 × 7.5 km);event_label=Relay (4 × 7.5 km);team_members=Ivan Tcherezov / Maxim Chudov / Dmitri Yaroshenko / Nikolay Kruglov Jr.;entry_country=RUS;source_url=https://en.wikipedia.org/wiki/Biathlon_World_Championships,10.0
biathlon_world_championships_2007_men_relay-4-7-5-km,biathlon_world_team_Norway_Halvard_Hanevold__Lars_Berger__Frode_Andresen__Ole_Einar_Bjørndalen_NOR,2,silver,discipline=Biathlon;event=Biathlon World Championships Men Relay (4 × 7.5 km);event_label=Relay (4 × 7.5 km);team_members=Halvard Hanevold / Lars Berger / Frode Andresen / Ole Einar Bjørndalen;entry_country=NOR;source_url=https://en.wikipedia.org/wiki/Biathlon_World_Championships,7.0
biathlon_world_championships_2007_men_relay-4-7-5-km,biathlon_world_team_Germany_Ricco_Groß__Michael_Rösch__Sven_Fischer__Michael_Greis_GER,3,bronze,discipline=Biathlon;event=Biathlon World Championships Men Relay (4 × 7.5 km);event_label=Relay (4 × 7.5 km);team_members=Ricco Groß / Michael Rösch / Sven Fischer / Michael Greis;entry_country=GER;source_url=https://en.wikipedia.org/wiki/Biathlon_World_Championships,5.0
biathlon_world_championships_2007_men_sprint-10-km,biathlon_world_athlete_Ole_Einar_Bjørndalen_NOR,1,gold,discipline=Biathlon;event=Biathlon World Championships Men Sprint (10 km);event_label=Sprint (10 km);team_members=;entry_country=NOR;source_url=https://en.wikipedia.org/wiki/Biathlon_World_Championships,10.0
biathlon_world_championships_2007_men_sprint-10-km,biathlon_world_athlete_Michal_lesingr_CZE,2,silver,discipline=Biathlon;event=Biathlon World Championships Men Sprint (10 km);event_label=Sprint (10 km);team_members=;entry_country=CZE;source_url=https://en.wikipedia.org/wiki/Biathlon_World_Championships,7.0
biathlon_world_championships_2007_men_sprint-10-km,biathlon_world_athlete_Andriy_Deryzemlya_UKR,3,bronze,discipline=Biathlon;event=Biathlon World Championships Men Sprint (10 km);event_label=Sprint (10 km);team_members=;entry_country=UKR;source_url=https://en.wikipedia.org/wiki/Biathlon_World_Championships,5.0
biathlon_world_championships_2007_mixed_mixed-relay,biathlon_world_team_Sweden_Helena_Jonsson__Anna_Carin_Olofsson__Björn_Ferry__Carl_Johan_Bergman_SWE,1,gold,discipline=Biathlon;event=Biathlon World Championships Mixed Mixed relay;event_label=Mixed relay;team_members=Helena Jonsson / Anna Carin Olofsson / Björn Ferry / Carl Johan Bergman;entry_country=SWE;source_url=https://en.wikipedia.org/wiki/Biathlon_World_Championships,10.0
biathlon_world_championships_2007_mixed_mixed-relay,biathlon_world_team_France_Florence_Baverel-Robert__Sandrine_Bailly__Vincent_Defrasne__Raphaël_Poirée_FRA,2,silver,discipline=Biathlon;event=Biathlon World Championships Mixed Mixed relay;event_label=Mixed relay;team_members=Florence Baverel-Robert / Sandrine Bailly / Vincent Defrasne / Raphaël Poirée;entry_country=FRA;source_url=https://en.wikipedia.org/wiki/Biathlon_World_Championships,7.0
biathlon_world_championships_2007_mixed_mixed-relay,biathlon_world_team_Norway_Tora_Berger__Jori_Mørkve__Emil_Hegle_Svendsen__Frode_Andresen_NOR,3,bronze,discipline=Biathlon;event=Biathlon World Championships Mixed Mixed relay;event_label=Mixed relay;team_members=Tora Berger / Jori Mørkve / Emil Hegle Svendsen / Frode Andresen;entry_country=NOR;source_url=https://en.wikipedia.org/wiki/Biathlon_World_Championships,5.0
biathlon_world_championships_2007_women_individual-15-km,biathlon_world_athlete_Linda_Grubben_NOR,1,gold,discipline=Biathlon;event=Biathlon World Championships Women Individual (15 km);event_label=Individual (15 km);team_members=;entry_country=NOR;source_url=https://en.wikipedia.org/wiki/Biathlon_World_Championships,10.0
biathlon_world_championships_2007_women_individual-15-km,biathlon_world_athlete_Florence_Baverel-Robert_FRA,2,silver,discipline=Biathlon;event=Biathlon World Championships Women Individual (15 km);event_label=Individual (15 km);team_members=;entry_country=FRA;source_url=https://en.wikipedia.org/wiki/Biathlon_World_Championships,7.0
biathlon_world_championships_2007_women_individual-15-km,biathlon_world_athlete_Martina_Glagow_GER,3,bronze,discipline=Biathlon;event=Biathlon World Championships Women Individual (15 km);event_label=Individual (15 km);team_members=;entry_country=GER;source_url=https://en.wikipedia.org/wiki/Biathlon_World_Championships,5.0
biathlon_world_championships_2007_women_mass-start-12-5-km,biathlon_world_athlete_Andrea_Henkel_GER,1,gold,discipline=Biathlon;event=Biathlon World Championships Women Mass start (12.5 km);event_label=Mass start (12.5 km);team_members=;entry_country=GER;source_url=https://en.wikipedia.org/wiki/Biathlon_World_Championships,10.0
biathlon_world_championships_2007_women_mass-start-12-5-km,biathlon_world_athlete_Martina_Glagow_GER,2,silver,discipline=Biathlon;event=Biathlon World Championships Women Mass start (12.5 km);event_label=Mass start (12.5 km);team_members=;entry_country=GER;source_url=https://en.wikipedia.org/wiki/Biathlon_World_Championships,7.0
biathlon_world_championships_2007_women_mass-start-12-5-km,biathlon_world_athlete_Kati_Wilhelm_GER,3,bronze,discipline=Biathlon;event=Biathlon World Championships Women Mass start (12.5 km);event_label=Mass start (12.5 km);team_members=;entry_country=GER;source_url=https://en.wikipedia.org/wiki/Biathlon_World_Championships,5.0
biathlon_world_championships_2007_women_pursuit-10-km,biathlon_world_athlete_Magdalena_Neuner_GER,1,gold,discipline=Biathlon;event=Biathlon World Championships Women Pursuit (10 km);event_label=Pursuit (10 km);team_members=;entry_country=GER;source_url=https://en.wikipedia.org/wiki/Biathlon_World_Championships,10.0
biathlon_world_championships_2007_women_pursuit-10-km,biathlon_world_athlete_Linda_Grubben_NOR,2,silver,discipline=Biathlon;event=Biathlon World Championships Women Pursuit (10 km);event_label=Pursuit (10 km);team_members=;entry_country=NOR;source_url=https://en.wikipedia.org/wiki/Biathlon_World_Championships,7.0
biathlon_world_championships_2007_women_pursuit-10-km,biathlon_world_athlete_Anna_Carin_Olofsson_SWE,3,bronze,discipline=Biathlon;event=Biathlon World Championships Women Pursuit (10 km);event_label=Pursuit (10 km);team_members=;entry_country=SWE;source_url=https://en.wikipedia.org/wiki/Biathlon_World_Championships,5.0
biathlon_world_championships_2007_women_relay-4-6-km,biathlon_world_team_Germany_Martina_Glagow__Andrea_Henkel__Magdalena_Neuner__Kati_Wilhelm_GER,1,gold,discipline=Biathlon;event=Biathlon World Championships Women Relay (4 × 6 km);event_label=Relay (4 × 6 km);team_members=Martina Glagow / Andrea Henkel / Magdalena Neuner / Kati Wilhelm;entry_country=GER;source_url=https://en.wikipedia.org/wiki/Biathlon_World_Championships,10.0
biathlon_world_championships_2007_women_relay-4-6-km,biathlon_world_team_France_Florence_Baverel-Robert__Delphyne_Peretto__Sylvie_Becaert__Sandrine_Bailly_FRA,2,silver,discipline=Biathlon;event=Biathlon World Championships Women Relay (4 × 6 km);event_label=Relay (4 × 6 km);team_members=Florence Baverel-Robert / Delphyne Peretto / Sylvie Becaert / Sandrine Bailly;entry_country=FRA;source_url=https://en.wikipedia.org/wiki/Biathlon_World_Championships,7.0
biathlon_world_championships_2007_women_relay-4-6-km,biathlon_world_team_Norway_Tora_Berger__Ann_Kristin_Aafedt_Flatland__Jori_Mørkve__Linda_Grubben_NOR,3,bronze,discipline=Biathlon;event=Biathlon World Championships Women Relay (4 × 6 km);event_label=Relay (4 × 6 km);team_members=Tora Berger / Ann Kristin Aafedt Flatland / Jori Mørkve / Linda Grubben;entry_country=NOR;source_url=https://en.wikipedia.org/wiki/Biathlon_World_Championships,5.0
biathlon_world_championships_2007_women_sprint-7-5-km,biathlon_world_athlete_Magdalena_Neuner_GER,1,gold,discipline=Biathlon;event=Biathlon World Championships Women Sprint (7.5 km);event_label=Sprint (7.5 km);team_members=;entry_country=GER;source_url=https://en.wikipedia.org/wiki/Biathlon_World_Championships,10.0
biathlon_world_championships_2007_women_sprint-7-5-km,biathlon_world_athlete_Anna_Carin_Olofsson_SWE,2,silver,discipline=Biathlon;event=Biathlon World Championships Women Sprint (7.5 km);event_label=Sprint (7.5 km);team_members=;entry_country=SWE;source_url=https://en.wikipedia.org/wiki/Biathlon_World_Championships,7.0
biathlon_world_championships_2007_women_sprint-7-5-km,biathlon_world_athlete_Natalia_Guseva_RUS,3,bronze,discipline=Biathlon;event=Biathlon World Championships Women Sprint (7.5 km);event_label=Sprint (7.5 km);team_members=;entry_country=RUS;source_url=https://en.wikipedia.org/wiki/Biathlon_World_Championships,5.0
biathlon_world_championships_2008_men_individual-20-km,biathlon_world_athlete_Emil_Hegle_Svendsen_NOR,1,gold,discipline=Biathlon;event=Biathlon World Championships Men Individual (20 km);event_label=Individual (20 km);team_members=;entry_country=NOR;source_url=https://en.wikipedia.org/wiki/Biathlon_World_Championships,10.0
biathlon_world_championships_2008_men_individual-20-km,biathlon_world_athlete_Ole_Einar_Bjørndalen_NOR,2,silver,discipline=Biathlon;event=Biathlon World Championships Men Individual (20 km);event_label=Individual (20 km);team_members=;entry_country=NOR;source_url=https://en.wikipedia.org/wiki/Biathlon_World_Championships,7.0
biathlon_world_championships_2008_men_individual-20-km,biathlon_world_athlete_Maxim_Maksimov_RUS,3,bronze,discipline=Biathlon;event=Biathlon World Championships Men Individual (20 km);event_label=Individual (20 km);team_members=;entry_country=RUS;source_url=https://en.wikipedia.org/wiki/Biathlon_World_Championships,5.0
biathlon_world_championships_2008_men_mass-start-15-km,biathlon_world_athlete_Emil_Hegle_Svendsen_NOR,1,gold,discipline=Biathlon;event=Biathlon World Championships Men Mass start (15 km);event_label=Mass start (15 km);team_members=;entry_country=NOR;source_url=https://en.wikipedia.org/wiki/Biathlon_World_Championships,10.0
biathlon_world_championships_2008_men_mass-start-15-km,biathlon_world_athlete_Ole_Einar_Bjørndalen_NOR,2,silver,discipline=Biathlon;event=Biathlon World Championships Men Mass start (15 km);event_label=Mass start (15 km);team_members=;entry_country=NOR;source_url=https://en.wikipedia.org/wiki/Biathlon_World_Championships,7.0
biathlon_world_championships_2008_men_mass-start-15-km,biathlon_world_athlete_Maxim_Chudov_RUS,3,bronze,discipline=Biathlon;event=Biathlon World Championships Men Mass start (15 km);event_label=Mass start (15 km);team_members=;entry_country=RUS;source_url=https://en.wikipedia.org/wiki/Biathlon_World_Championships,5.0
biathlon_world_championships_2008_men_pursuit-12-5-km,biathlon_world_athlete_Ole_Einar_Bjørndalen_NOR,1,gold,discipline=Biathlon;event=Biathlon World Championships Men Pursuit (12.5 km);event_label=Pursuit (12.5 km);team_members=;entry_country=NOR;source_url=https://en.wikipedia.org/wiki/Biathlon_World_Championships,10.0
biathlon_world_championships_2008_men_pursuit-12-5-km,biathlon_world_athlete_Maxim_Chudov_RUS,2,silver,discipline=Biathlon;event=Biathlon World Championships Men Pursuit (12.5 km);event_label=Pursuit (12.5 km);team_members=;entry_country=RUS;source_url=https://en.wikipedia.org/wiki/Biathlon_World_Championships,7.0
biathlon_world_championships_2008_men_pursuit-12-5-km,biathlon_world_athlete_Alexander_Wolf_GER,3,bronze,discipline=Biathlon;event=Biathlon World Championships Men Pursuit (12.5 km);event_label=Pursuit (12.5 km);team_members=;entry_country=GER;source_url=https://en.wikipedia.org/wiki/Biathlon_World_Championships,5.0
biathlon_world_championships_2008_men_relay-4-7-5-km,biathlon_world_team_Russia_Ivan_Tcherezov__Nikolay_Kruglov_Jr__Dmitri_Yaroshenko__Maxim_Chudov_RUS,1,gold,discipline=Biathlon;event=Biathlon World Championships Men Relay (4 × 7.5 km);event_label=Relay (4 × 7.5 km);team_members=Ivan Tcherezov / Nikolay Kruglov Jr. / Dmitri Yaroshenko / Maxim Chudov;entry_country=RUS;source_url=https://en.wikipedia.org/wiki/Biathlon_World_Championships,10.0
biathlon_world_championships_2008_men_relay-4-7-5-km,biathlon_world_team_Norway_Emil_Hegle_Svendsen__Rune_Brattsveen__Halvard_Hanevold__Ole_Einar_Bjørndalen_NOR,2,silver,discipline=Biathlon;event=Biathlon World Championships Men Relay (4 × 7.5 km);event_label=Relay (4 × 7.5 km);team_members=Emil Hegle Svendsen / Rune Brattsveen / Halvard Hanevold / Ole Einar Bjørndalen;entry_country=NOR;source_url=https://en.wikipedia.org/wiki/Biathlon_World_Championships,7.0
biathlon_world_championships_2008_men_relay-4-7-5-km,biathlon_world_team_Germany_Michael_Rösch__Alexander_Wolf__Andreas_Birnbacher__Michael_Greis_GER,3,bronze,discipline=Biathlon;event=Biathlon World Championships Men Relay (4 × 7.5 km);event_label=Relay (4 × 7.5 km);team_members=Michael Rösch / Alexander Wolf / Andreas Birnbacher / Michael Greis;entry_country=GER;source_url=https://en.wikipedia.org/wiki/Biathlon_World_Championships,5.0
biathlon_world_championships_2008_men_sprint-10-km,biathlon_world_athlete_Maxim_Chudov_RUS,1,gold,discipline=Biathlon;event=Biathlon World Championships Men Sprint (10 km);event_label=Sprint (10 km);team_members=;entry_country=RUS;source_url=https://en.wikipedia.org/wiki/Biathlon_World_Championships,10.0
biathlon_world_championships_2008_men_sprint-10-km,biathlon_world_athlete_Halvard_Hanevold_NOR,2,silver,discipline=Biathlon;event=Biathlon World Championships Men Sprint (10 km);event_label=Sprint (10 km);team_members=;entry_country=NOR;source_url=https://en.wikipedia.org/wiki/Biathlon_World_Championships,7.0
biathlon_world_championships_2008_men_sprint-10-km,biathlon_world_athlete_Ole_Einar_Bjørndalen_NOR,3,bronze,discipline=Biathlon;event=Biathlon World Championships Men Sprint (10 km);event_label=Sprint (10 km);team_members=;entry_country=NOR;source_url=https://en.wikipedia.org/wiki/Biathlon_World_Championships,5.0
biathlon_world_championships_2008_mixed_mixed-relay,biathlon_world_team_Germany_Sabrina_Buchholz__Magdalena_Neuner__Andreas_Birnbacher__Michael_Greis_GER,1,gold,discipline=Biathlon;event=Biathlon World Championships Mixed Mixed relay;event_label=Mixed relay;team_members=Sabrina Buchholz / Magdalena Neuner / Andreas Birnbacher / Michael Greis;entry_country=GER;source_url=https://en.wikipedia.org/wiki/Biathlon_World_Championships,10.0
biathlon_world_championships_2008_mixed_mixed-relay,biathlon_world_team_Belarus_Liudmila_Kalinchik__Darya_Domracheva__Rustam_Valiullin__Sergey_Novikov_BLR,2,silver,discipline=Biathlon;event=Biathlon World Championships Mixed Mixed relay;event_label=Mixed relay;team_members=Liudmila Kalinchik / Darya Domracheva / Rustam Valiullin / Sergey Novikov;entry_country=BLR;source_url=https://en.wikipedia.org/wiki/Biathlon_World_Championships,7.0
biathlon_world_championships_2008_mixed_mixed-relay,biathlon_world_team_Russia_Svetlana_Sleptsova__Oksana_Neupokoeva__Nikolay_Kruglov_Jr__Dmitri_Yaroshenko_RUS,3,bronze,discipline=Biathlon;event=Biathlon World Championships Mixed Mixed relay;event_label=Mixed relay;team_members=Svetlana Sleptsova / Oksana Neupokoeva / Nikolay Kruglov Jr. / Dmitri Yaroshenko;entry_country=RUS;source_url=https://en.wikipedia.org/wiki/Biathlon_World_Championships,5.0
biathlon_world_championships_2008_women_individual-15-km,biathlon_world_athlete_Ekaterina_Iourieva_RUS,1,gold,discipline=Biathlon;event=Biathlon World Championships Women Individual (15 km);event_label=Individual (15 km);team_members=;entry_country=RUS;source_url=https://en.wikipedia.org/wiki/Biathlon_World_Championships,10.0
biathlon_world_championships_2008_women_individual-15-km,biathlon_world_athlete_Martina_Glagow_GER,2,silver,discipline=Biathlon;event=Biathlon World Championships Women Individual (15 km);event_label=Individual (15 km);team_members=;entry_country=GER;source_url=https://en.wikipedia.org/wiki/Biathlon_World_Championships,7.0
biathlon_world_championships_2008_women_individual-15-km,biathlon_world_athlete_Oksana_Khvostenko_UKR,3,bronze,discipline=Biathlon;event=Biathlon World Championships Women Individual (15 km);event_label=Individual (15 km);team_members=;entry_country=UKR;source_url=https://en.wikipedia.org/wiki/Biathlon_World_Championships,5.0
biathlon_world_championships_2008_women_mass-start-12-5-km,biathlon_world_athlete_Magdalena_Neuner_GER,1,gold,discipline=Biathlon;event=Biathlon World Championships Women Mass start (12.5 km);event_label=Mass start (12.5 km);team_members=;entry_country=GER;source_url=https://en.wikipedia.org/wiki/Biathlon_World_Championships,10.0
biathlon_world_championships_2008_women_mass-start-12-5-km,biathlon_world_athlete_Tora_Berger_NOR,2,silver,discipline=Biathlon;event=Biathlon World Championships Women Mass start (12.5 km);event_label=Mass start (12.5 km);team_members=;entry_country=NOR;source_url=https://en.wikipedia.org/wiki/Biathlon_World_Championships,7.0
biathlon_world_championships_2008_women_mass-start-12-5-km,biathlon_world_athlete_Ekaterina_Iourieva_RUS,3,bronze,discipline=Biathlon;event=Biathlon World Championships Women Mass start (12.5 km);event_label=Mass start (12.5 km);team_members=;entry_country=RUS;source_url=https://en.wikipedia.org/wiki/Biathlon_World_Championships,5.0
biathlon_world_championships_2008_women_pursuit-10-km,biathlon_world_athlete_Andrea_Henkel_GER,1,gold,discipline=Biathlon;event=Biathlon World Championships Women Pursuit (10 km);event_label=Pursuit (10 km);team_members=;entry_country=GER;source_url=https://en.wikipedia.org/wiki/Biathlon_World_Championships,10.0
biathlon_world_championships_2008_women_pursuit-10-km,biathlon_world_athlete_Ekaterina_Iourieva_RUS,2,silver,discipline=Biathlon;event=Biathlon World Championships Women Pursuit (10 km);event_label=Pursuit (10 km);team_members=;entry_country=RUS;source_url=https://en.wikipedia.org/wiki/Biathlon_World_Championships,7.0
biathlon_world_championships_2008_women_pursuit-10-km,biathlon_world_athlete_Albina_Akhatova_RUS,3,bronze,discipline=Biathlon;event=Biathlon World Championships Women Pursuit (10 km);event_label=Pursuit (10 km);team_members=;entry_country=RUS;source_url=https://en.wikipedia.org/wiki/Biathlon_World_Championships,5.0
biathlon_world_championships_2008_women_relay-4-6-km,biathlon_world_team_Germany_Martina_Glagow__Andrea_Henkel__Magdalena_Neuner__Kati_Wilhelm_GER,1,gold,discipline=Biathlon;event=Biathlon World Championships Women Relay (4 × 6 km);event_label=Relay (4 × 6 km);team_members=Martina Glagow / Andrea Henkel / Magdalena Neuner / Kati Wilhelm;entry_country=GER;source_url=https://en.wikipedia.org/wiki/Biathlon_World_Championships,10.0
biathlon_world_championships_2008_women_relay-4-6-km,biathlon_world_team_Ukraine_Oksana_Yakovleva__Vita_Semerenko__Valentyna_Semerenko__Oksana_Khvostenko_UKR,2,silver,discipline=Biathlon;event=Biathlon World Championships Women Relay (4 × 6 km);event_label=Relay (4 × 6 km);team_members=Oksana Yakovleva / Vita Semerenko / Valentyna Semerenko / Oksana Khvostenko;entry_country=UKR;source_url=https://en.wikipedia.org/wiki/Biathlon_World_Championships,7.0
biathlon_world_championships_2008_women_relay-4-6-km,biathlon_world_team_France_Delphine_Peretto__Marie-Laure_Brunet__Sylvie_Becaert__Sandrine_Bailly_FRA,3,bronze,discipline=Biathlon;event=Biathlon World Championships Women Relay (4 × 6 km);event_label=Relay (4 × 6 km);team_members=Delphine Peretto / Marie-Laure Brunet / Sylvie Becaert / Sandrine Bailly;entry_country=FRA;source_url=https://en.wikipedia.org/wiki/Biathlon_World_Championships,5.0
biathlon_world_championships_2008_women_sprint-7-5-km,biathlon_world_athlete_Andrea_Henkel_GER,1,gold,discipline=Biathlon;event=Biathlon World Championships Women Sprint (7.5 km);event_label=Sprint (7.5 km);team_members=;entry_country=GER;source_url=https://en.wikipedia.org/wiki/Biathlon_World_Championships,10.0
biathlon_world_championships_2008_women_sprint-7-5-km,biathlon_world_athlete_Albina_Akhatova_RUS,2,silver,discipline=Biathlon;event=Biathlon World Championships Women Sprint (7.5 km);event_label=Sprint (7.5 km);team_members=;entry_country=RUS;source_url=https://en.wikipedia.org/wiki/Biathlon_World_Championships,7.0
biathlon_world_championships_2008_women_sprint-7-5-km,biathlon_world_athlete_Oksana_Khvostenko_UKR,3,bronze,discipline=Biathlon;event=Biathlon World Championships Women Sprint (7.5 km);event_label=Sprint (7.5 km);team_members=;entry_country=UKR;source_url=https://en.wikipedia.org/wiki/Biathlon_World_Championships,5.0
biathlon_world_championships_2009_men_individual-20-km,biathlon_world_athlete_Ole_Einar_Bjørndalen_NOR,1,gold,discipline=Biathlon;event=Biathlon World Championships Men Individual (20 km);event_label=Individual (20 km);team_members=;entry_country=NOR;source_url=https://en.wikipedia.org/wiki/Biathlon_World_Championships,10.0
biathlon_world_championships_2009_men_individual-20-km,biathlon_world_athlete_Christoph_Stephan_GER,2,silver,discipline=Biathlon;event=Biathlon World Championships Men Individual (20 km);event_label=Individual (20 km);team_members=;entry_country=GER;source_url=https://en.wikipedia.org/wiki/Biathlon_World_Championships,7.0
biathlon_world_championships_2009_men_individual-20-km,biathlon_world_athlete_Jakov_Fak_CRO,3,bronze,discipline=Biathlon;event=Biathlon World Championships Men Individual (20 km);event_label=Individual (20 km);team_members=;entry_country=CRO;source_url=https://en.wikipedia.org/wiki/Biathlon_World_Championships,5.0
biathlon_world_championships_2009_men_mass-start-15-km,biathlon_world_athlete_Dominik_Landertinger_AUT,1,gold,discipline=Biathlon;event=Biathlon World Championships Men Mass start (15 km);event_label=Mass start (15 km);team_members=;entry_country=AUT;source_url=https://en.wikipedia.org/wiki/Biathlon_World_Championships,10.0
biathlon_world_championships_2009_men_mass-start-15-km,biathlon_world_athlete_Christoph_Sumann_AUT,2,silver,discipline=Biathlon;event=Biathlon World Championships Men Mass start (15 km);event_label=Mass start (15 km);team_members=;entry_country=AUT;source_url=https://en.wikipedia.org/wiki/Biathlon_World_Championships,7.0
biathlon_world_championships_2009_men_mass-start-15-km,biathlon_world_athlete_Ivan_Tcherezov_RUS,3,bronze,discipline=Biathlon;event=Biathlon World Championships Men Mass start (15 km);event_label=Mass start (15 km);team_members=;entry_country=RUS;source_url=https://en.wikipedia.org/wiki/Biathlon_World_Championships,5.0
biathlon_world_championships_2009_men_pursuit-12-5-km,biathlon_world_athlete_Ole_Einar_Bjørndalen_NOR,1,gold,discipline=Biathlon;event=Biathlon World Championships Men Pursuit (12.5 km);event_label=Pursuit (12.5 km);team_members=;entry_country=NOR;source_url=https://en.wikipedia.org/wiki/Biathlon_World_Championships,10.0
biathlon_world_championships_2009_men_pursuit-12-5-km,biathlon_world_athlete_Maxim_Chudov_RUS,2,silver,discipline=Biathlon;event=Biathlon World Championships Men Pursuit (12.5 km);event_label=Pursuit (12.5 km);team_members=;entry_country=RUS;source_url=https://en.wikipedia.org/wiki/Biathlon_World_Championships,7.0
biathlon_world_championships_2009_men_pursuit-12-5-km,biathlon_world_athlete_Alexander_Os_NOR,3,bronze,discipline=Biathlon;event=Biathlon World Championships Men Pursuit (12.5 km);event_label=Pursuit (12.5 km);team_members=;entry_country=NOR;source_url=https://en.wikipedia.org/wiki/Biathlon_World_Championships,5.0
biathlon_world_championships_2009_men_relay-4-7-5-km,biathlon_world_team_Norway_Emil_Hegle_Svendsen__Lars_Berger__Halvard_Hanevold__Ole_Einar_Bjørndalen_NOR,1,gold,discipline=Biathlon;event=Biathlon World Championships Men Relay (4 × 7.5 km);event_label=Relay (4 × 7.5 km);team_members=Emil Hegle Svendsen / Lars Berger / Halvard Hanevold / Ole Einar Bjørndalen;entry_country=NOR;source_url=https://en.wikipedia.org/wiki/Biathlon_World_Championships,10.0
biathlon_world_championships_2009_men_relay-4-7-5-km,biathlon_world_team_Austria_Daniel_Mesotitsch__Simon_Eder__Dominik_Landertinger__Christoph_Sumann_AUT,2,silver,discipline=Biathlon;event=Biathlon World Championships Men Relay (4 × 7.5 km);event_label=Relay (4 × 7.5 km);team_members=Daniel Mesotitsch / Simon Eder / Dominik Landertinger / Christoph Sumann;entry_country=AUT;source_url=https://en.wikipedia.org/wiki/Biathlon_World_Championships,7.0
biathlon_world_championships_2009_men_relay-4-7-5-km,biathlon_world_team_Germany_Michael_Rösch__Christoph_Stephan__Arnd_Peiffer__Michael_Greis_GER,3,bronze,discipline=Biathlon;event=Biathlon World Championships Men Relay (4 × 7.5 km);event_label=Relay (4 × 7.5 km);team_members=Michael Rösch / Christoph Stephan / Arnd Peiffer / Michael Greis;entry_country=GER;source_url=https://en.wikipedia.org/wiki/Biathlon_World_Championships,5.0
biathlon_world_championships_2009_men_sprint-10-km,biathlon_world_athlete_Ole_Einar_Bjørndalen_NOR,1,gold,discipline=Biathlon;event=Biathlon World Championships Men Sprint (10 km);event_label=Sprint (10 km);team_members=;entry_country=NOR;source_url=https://en.wikipedia.org/wiki/Biathlon_World_Championships,10.0
biathlon_world_championships_2009_men_sprint-10-km,biathlon_world_athlete_Lars_Berger_NOR,2,silver,discipline=Biathlon;event=Biathlon World Championships Men Sprint (10 km);event_label=Sprint (10 km);team_members=;entry_country=NOR;source_url=https://en.wikipedia.org/wiki/Biathlon_World_Championships,7.0
biathlon_world_championships_2009_men_sprint-10-km,biathlon_world_athlete_Halvard_Hanevold_NOR,3,bronze,discipline=Biathlon;event=Biathlon World Championships Men Sprint (10 km);event_label=Sprint (10 km);team_members=;entry_country=NOR;source_url=https://en.wikipedia.org/wiki/Biathlon_World_Championships,5.0
biathlon_world_championships_2009_mixed_mixed-relay,biathlon_world_team_France_Marie-Laure_Brunet__Sylvie_Becaert__Vincent_Defrasne__Simon_Fourcade_FRA,1,gold,discipline=Biathlon;event=Biathlon World Championships Mixed Mixed relay;event_label=Mixed relay;team_members=Marie-Laure Brunet / Sylvie Becaert / Vincent Defrasne / Simon Fourcade;entry_country=FRA;source_url=https://en.wikipedia.org/wiki/Biathlon_World_Championships,10.0
biathlon_world_championships_2009_mixed_mixed-relay,biathlon_world_team_Sweden_Helena_Jonsson__Anna_Carin_Olofsson-Zidek__David_Ekholm__Carl_Johan_Bergman_SWE,2,silver,discipline=Biathlon;event=Biathlon World Championships Mixed Mixed relay;event_label=Mixed relay;team_members=Helena Jonsson / Anna Carin Olofsson-Zidek / David Ekholm / Carl Johan Bergman;entry_country=SWE;source_url=https://en.wikipedia.org/wiki/Biathlon_World_Championships,7.0
biathlon_world_championships_2009_mixed_mixed-relay,biathlon_world_team_Germany_Andrea_Henkel__Simone_Hauswald__Arnd_Peiffer__Michael_Greis_GER,3,bronze,discipline=Biathlon;event=Biathlon World Championships Mixed Mixed relay;event_label=Mixed relay;team_members=Andrea Henkel / Simone Hauswald / Arnd Peiffer / Michael Greis;entry_country=GER;source_url=https://en.wikipedia.org/wiki/Biathlon_World_Championships,5.0
biathlon_world_championships_2009_women_individual-15-km,biathlon_world_athlete_Kati_Wilhelm_GER,1,gold,discipline=Biathlon;event=Biathlon World Championships Women Individual (15 km);event_label=Individual (15 km);team_members=;entry_country=GER;source_url=https://en.wikipedia.org/wiki/Biathlon_World_Championships,10.0
biathlon_world_championships_2009_women_individual-15-km,biathlon_world_athlete_Teja_Gregorin_SLO,2,silver,discipline=Biathlon;event=Biathlon World Championships Women Individual (15 km);event_label=Individual (15 km);team_members=;entry_country=SLO;source_url=https://en.wikipedia.org/wiki/Biathlon_World_Championships,7.0
biathlon_world_championships_2009_women_individual-15-km,biathlon_world_athlete_Tora_Berger_NOR,3,bronze,discipline=Biathlon;event=Biathlon World Championships Women Individual (15 km);event_label=Individual (15 km);team_members=;entry_country=NOR;source_url=https://en.wikipedia.org/wiki/Biathlon_World_Championships,5.0
biathlon_world_championships_2009_women_mass-start-12-5-km,biathlon_world_athlete_Olga_Zaitseva_RUS,1,gold,discipline=Biathlon;event=Biathlon World Championships Women Mass start (12.5 km);event_label=Mass start (12.5 km);team_members=;entry_country=RUS;source_url=https://en.wikipedia.org/wiki/Biathlon_World_Championships,10.0
biathlon_world_championships_2009_women_mass-start-12-5-km,biathlon_world_athlete_Anastasiya_Kuzmina_SVK,2,silver,discipline=Biathlon;event=Biathlon World Championships Women Mass start (12.5 km);event_label=Mass start (12.5 km);team_members=;entry_country=SVK;source_url=https://en.wikipedia.org/wiki/Biathlon_World_Championships,7.0
biathlon_world_championships_2009_women_mass-start-12-5-km,biathlon_world_athlete_Helena_Jonsson_SWE,3,bronze,discipline=Biathlon;event=Biathlon World Championships Women Mass start (12.5 km);event_label=Mass start (12.5 km);team_members=;entry_country=SWE;source_url=https://en.wikipedia.org/wiki/Biathlon_World_Championships,5.0
biathlon_world_championships_2009_women_pursuit-10-km,biathlon_world_athlete_Helena_Jonsson_SWE,1,gold,discipline=Biathlon;event=Biathlon World Championships Women Pursuit (10 km);event_label=Pursuit (10 km);team_members=;entry_country=SWE;source_url=https://en.wikipedia.org/wiki/Biathlon_World_Championships,10.0
biathlon_world_championships_2009_women_pursuit-10-km,biathlon_world_athlete_Kati_Wilhelm_GER,2,silver,discipline=Biathlon;event=Biathlon World Championships Women Pursuit (10 km);event_label=Pursuit (10 km);team_members=;entry_country=GER;source_url=https://en.wikipedia.org/wiki/Biathlon_World_Championships,7.0
biathlon_world_championships_2009_women_pursuit-10-km,biathlon_world_athlete_Olga_Zaitseva_RUS,3,bronze,discipline=Biathlon;event=Biathlon World Championships Women Pursuit (10 km);event_label=Pursuit (10 km);team_members=;entry_country=RUS;source_url=https://en.wikipedia.org/wiki/Biathlon_World_Championships,5.0
biathlon_world_championships_2009_women_relay-4-6-km,biathlon_world_team_Russia_Svetlana_Sleptsova__Anna_Boulygina__Olga_Medvedtseva__Olga_Zaitseva_RUS,1,gold,discipline=Biathlon;event=Biathlon World Championships Women Relay (4 × 6 km);event_label=Relay (4 × 6 km);team_members=Svetlana Sleptsova / Anna Boulygina / Olga Medvedtseva / Olga Zaitseva;entry_country=RUS;source_url=https://en.wikipedia.org/wiki/Biathlon_World_Championships,10.0
biathlon_world_championships_2009_women_relay-4-6-km,biathlon_world_team_Germany_Martina_Beck__Magdalena_Neuner__Andrea_Henkel__Kati_Wilhelm_GER,2,silver,discipline=Biathlon;event=Biathlon World Championships Women Relay (4 × 6 km);event_label=Relay (4 × 6 km);team_members=Martina Beck / Magdalena Neuner / Andrea Henkel / Kati Wilhelm;entry_country=GER;source_url=https://en.wikipedia.org/wiki/Biathlon_World_Championships,7.0
biathlon_world_championships_2009_women_relay-4-6-km,biathlon_world_team_France_Marie-Laure_Brunet__Sylvie_Becaert__Marie_Dorin__Sandrine_Bailly_FRA,3,bronze,discipline=Biathlon;event=Biathlon World Championships Women Relay (4 × 6 km);event_label=Relay (4 × 6 km);team_members=Marie-Laure Brunet / Sylvie Becaert / Marie Dorin / Sandrine Bailly;entry_country=FRA;source_url=https://en.wikipedia.org/wiki/Biathlon_World_Championships,5.0
biathlon_world_championships_2009_women_sprint-7-5-km,biathlon_world_athlete_Kati_Wilhelm_GER,1,gold,discipline=Biathlon;event=Biathlon World Championships Women Sprint (7.5 km);event_label=Sprint (7.5 km);team_members=;entry_country=GER;source_url=https://en.wikipedia.org/wiki/Biathlon_World_Championships,10.0
biathlon_world_championships_2009_women_sprint-7-5-km,biathlon_world_athlete_Simone_Hauswald_GER,2,silver,discipline=Biathlon;event=Biathlon World Championships Women Sprint (7.5 km);event_label=Sprint (7.5 km);team_members=;entry_country=GER;source_url=https://en.wikipedia.org/wiki/Biathlon_World_Championships,7.0
biathlon_world_championships_2009_women_sprint-7-5-km,biathlon_world_athlete_Olga_Zaitseva_RUS,3,bronze,discipline=Biathlon;event=Biathlon World Championships Women Sprint (7.5 km);event_label=Sprint (7.5 km);team_members=;entry_country=RUS;source_url=https://en.wikipedia.org/wiki/Biathlon_World_Championships,5.0
biathlon_world_championships_2010_mixed_mixed-relay,biathlon_world_team_Germany_Simone_Hauswald__Magdalena_Neuner__Simon_Schempp__Arnd_Peiffer_GER,1,gold,discipline=Biathlon;event=Biathlon World Championships Mixed Mixed relay;event_label=Mixed relay;team_members=Simone Hauswald / Magdalena Neuner / Simon Schempp / Arnd Peiffer;entry_country=GER;source_url=https://en.wikipedia.org/wiki/Biathlon_World_Championships,10.0
biathlon_world_championships_2010_mixed_mixed-relay,biathlon_world_team_Norway_Ann_Kristin_Aafedt_Flatland__Tora_Berger__Emil_Hegle_Svendsen__Ole_Einar_Bjørndalen_NOR,2,silver,discipline=Biathlon;event=Biathlon World Championships Mixed Mixed relay;event_label=Mixed relay;team_members=Ann Kristin Aafedt Flatland / Tora Berger / Emil Hegle Svendsen / Ole Einar Bjørndalen;entry_country=NOR;source_url=https://en.wikipedia.org/wiki/Biathlon_World_Championships,7.0
biathlon_world_championships_2010_mixed_mixed-relay,biathlon_world_team_Sweden_Helena_Jonsson__Anna_Carin_Olofsson-Zidek__Björn_Ferry__Carl_Johan_Bergman_SWE,3,bronze,discipline=Biathlon;event=Biathlon World Championships Mixed Mixed relay;event_label=Mixed relay;team_members=Helena Jonsson / Anna Carin Olofsson-Zidek / Björn Ferry / Carl Johan Bergman;entry_country=SWE;source_url=https://en.wikipedia.org/wiki/Biathlon_World_Championships,5.0
biathlon_world_championships_2011_men_individual-20-km,biathlon_world_athlete_Tarjei_Bø_NOR,1,gold,discipline=Biathlon;event=Biathlon World Championships Men Individual (20 km);event_label=Individual (20 km);team_members=;entry_country=NOR;source_url=https://en.wikipedia.org/wiki/Biathlon_World_Championships,10.0
biathlon_world_championships_2011_men_individual-20-km,biathlon_world_athlete_Maxim_Maksimov_RUS,2,silver,discipline=Biathlon;event=Biathlon World Championships Men Individual (20 km);event_label=Individual (20 km);team_members=;entry_country=RUS;source_url=https://en.wikipedia.org/wiki/Biathlon_World_Championships,7.0
biathlon_world_championships_2011_men_individual-20-km,biathlon_world_athlete_Christoph_Sumann_AUT,3,bronze,discipline=Biathlon;event=Biathlon World Championships Men Individual (20 km);event_label=Individual (20 km);team_members=;entry_country=AUT;source_url=https://en.wikipedia.org/wiki/Biathlon_World_Championships,5.0
biathlon_world_championships_2011_men_mass-start-15-km,biathlon_world_athlete_Emil_Hegle_Svendsen_NOR,1,gold,discipline=Biathlon;event=Biathlon World Championships Men Mass start (15 km);event_label=Mass start (15 km);team_members=;entry_country=NOR;source_url=https://en.wikipedia.org/wiki/Biathlon_World_Championships,10.0
biathlon_world_championships_2011_men_mass-start-15-km,biathlon_world_athlete_Lukas_Hofer_ITA,2,silver,discipline=Biathlon;event=Biathlon World Championships Men Mass start (15 km);event_label=Mass start (15 km);team_members=;entry_country=ITA;source_url=https://en.wikipedia.org/wiki/Biathlon_World_Championships,7.0
biathlon_world_championships_2011_men_mass-start-15-km,biathlon_world_athlete_Tarjei_Bø_NOR,3,bronze,discipline=Biathlon;event=Biathlon World Championships Men Mass start (15 km);event_label=Mass start (15 km);team_members=;entry_country=NOR;source_url=https://en.wikipedia.org/wiki/Biathlon_World_Championships,5.0
biathlon_world_championships_2011_men_pursuit-12-5-km,biathlon_world_athlete_Martin_Fourcade_FRA,1,gold,discipline=Biathlon;event=Biathlon World Championships Men Pursuit (12.5 km);event_label=Pursuit (12.5 km);team_members=;entry_country=FRA;source_url=https://en.wikipedia.org/wiki/Biathlon_World_Championships,10.0
biathlon_world_championships_2011_men_pursuit-12-5-km,biathlon_world_athlete_Emil_Hegle_Svendsen_NOR,2,silver,discipline=Biathlon;event=Biathlon World Championships Men Pursuit (12.5 km);event_label=Pursuit (12.5 km);team_members=;entry_country=NOR;source_url=https://en.wikipedia.org/wiki/Biathlon_World_Championships,7.0
biathlon_world_championships_2011_men_pursuit-12-5-km,biathlon_world_athlete_Tarjei_Bø_NOR,3,bronze,discipline=Biathlon;event=Biathlon World Championships Men Pursuit (12.5 km);event_label=Pursuit (12.5 km);team_members=;entry_country=NOR;source_url=https://en.wikipedia.org/wiki/Biathlon_World_Championships,5.0
biathlon_world_championships_2011_men_relay-4-7-5-km,biathlon_world_team_Norway_Ole_Einar_Bjørndalen__Alexander_Os__Emil_Hegle_Svendsen__Tarjei_Bø_NOR,1,gold,discipline=Biathlon;event=Biathlon World Championships Men Relay (4 × 7.5 km);event_label=Relay (4 × 7.5 km);team_members=Ole Einar Bjørndalen / Alexander Os / Emil Hegle Svendsen / Tarjei Bø;entry_country=NOR;source_url=https://en.wikipedia.org/wiki/Biathlon_World_Championships,10.0
biathlon_world_championships_2011_men_relay-4-7-5-km,biathlon_world_team_Ukraine_Olexander_Bilanenko__Andriy_Deryzemlya__Serhiy_Semenov__Serhiy_Sednev_UKR,2,silver,discipline=Biathlon;event=Biathlon World Championships Men Relay (4 × 7.5 km);event_label=Relay (4 × 7.5 km);team_members=Olexander Bilanenko / Andriy Deryzemlya / Serhiy Semenov / Serhiy Sednev;entry_country=UKR;source_url=https://en.wikipedia.org/wiki/Biathlon_World_Championships,7.0
biathlon_world_championships_2011_men_relay-4-7-5-km,biathlon_world_team_Sweden_Fredrik_Lindström__Magnus_Jonsson__Carl_Johan_Bergman__Björn_Ferry_SWE,3,bronze,discipline=Biathlon;event=Biathlon World Championships Men Relay (4 × 7.5 km);event_label=Relay (4 × 7.5 km);team_members=Fredrik Lindström / Magnus Jonsson / Carl Johan Bergman / Björn Ferry;entry_country=SWE;source_url=https://en.wikipedia.org/wiki/Biathlon_World_Championships,5.0
biathlon_world_championships_2011_men_sprint-10-km,biathlon_world_athlete_Arnd_Peiffer_GER,1,gold,discipline=Biathlon;event=Biathlon World Championships Men Sprint (10 km);event_label=Sprint (10 km);team_members=;entry_country=GER;source_url=https://en.wikipedia.org/wiki/Biathlon_World_Championships,10.0
biathlon_world_championships_2011_men_sprint-10-km,biathlon_world_athlete_Martin_Fourcade_FRA,2,silver,discipline=Biathlon;event=Biathlon World Championships Men Sprint (10 km);event_label=Sprint (10 km);team_members=;entry_country=FRA;source_url=https://en.wikipedia.org/wiki/Biathlon_World_Championships,7.0
biathlon_world_championships_2011_men_sprint-10-km,biathlon_world_athlete_Tarjei_Bø_NOR,3,bronze,discipline=Biathlon;event=Biathlon World Championships Men Sprint (10 km);event_label=Sprint (10 km);team_members=;entry_country=NOR;source_url=https://en.wikipedia.org/wiki/Biathlon_World_Championships,5.0
biathlon_world_championships_2011_mixed_mixed-relay,biathlon_world_team_Norway_Tora_Berger__Ann_Kristin_Aafedt_Flatland__Ole_Einar_Bjørndalen__Tarjei_Bø_NOR,1,gold,discipline=Biathlon;event=Biathlon World Championships Mixed Mixed relay;event_label=Mixed relay;team_members=Tora Berger / Ann Kristin Aafedt Flatland / Ole Einar Bjørndalen / Tarjei Bø;entry_country=NOR;source_url=https://en.wikipedia.org/wiki/Biathlon_World_Championships,10.0
biathlon_world_championships_2011_mixed_mixed-relay,biathlon_world_team_Germany_Andrea_Henkel__Magdalena_Neuner__Arnd_Peiffer__Michael_Greis_GER,2,silver,discipline=Biathlon;event=Biathlon World Championships Mixed Mixed relay;event_label=Mixed relay;team_members=Andrea Henkel / Magdalena Neuner / Arnd Peiffer / Michael Greis;entry_country=GER;source_url=https://en.wikipedia.org/wiki/Biathlon_World_Championships,7.0
biathlon_world_championships_2011_mixed_mixed-relay,biathlon_world_team_France_Marie-Laure_Brunet__Marie_Dorin__Alexis_Buf__Martin_Fourcade_FRA,3,bronze,discipline=Biathlon;event=Biathlon World Championships Mixed Mixed relay;event_label=Mixed relay;team_members=Marie-Laure Brunet / Marie Dorin / Alexis Bœuf / Martin Fourcade;entry_country=FRA;source_url=https://en.wikipedia.org/wiki/Biathlon_World_Championships,5.0
biathlon_world_championships_2011_women_individual-15-km,biathlon_world_athlete_Helena_Ekholm_SWE,1,gold,discipline=Biathlon;event=Biathlon World Championships Women Individual (15 km);event_label=Individual (15 km);team_members=;entry_country=SWE;source_url=https://en.wikipedia.org/wiki/Biathlon_World_Championships,10.0
biathlon_world_championships_2011_women_individual-15-km,biathlon_world_athlete_Tina_Bachmann_GER,2,silver,discipline=Biathlon;event=Biathlon World Championships Women Individual (15 km);event_label=Individual (15 km);team_members=;entry_country=GER;source_url=https://en.wikipedia.org/wiki/Biathlon_World_Championships,7.0
biathlon_world_championships_2011_women_individual-15-km,biathlon_world_athlete_Vita_Semerenko_UKR,3,bronze,discipline=Biathlon;event=Biathlon World Championships Women Individual (15 km);event_label=Individual (15 km);team_members=;entry_country=UKR;source_url=https://en.wikipedia.org/wiki/Biathlon_World_Championships,5.0
biathlon_world_championships_2011_women_mass-start-12-5-km,biathlon_world_athlete_Magdalena_Neuner_GER,1,gold,discipline=Biathlon;event=Biathlon World Championships Women Mass start (12.5 km);event_label=Mass start (12.5 km);team_members=;entry_country=GER;source_url=https://en.wikipedia.org/wiki/Biathlon_World_Championships,10.0
biathlon_world_championships_2011_women_mass-start-12-5-km,biathlon_world_athlete_Darya_Domracheva_BLR,2,silver,discipline=Biathlon;event=Biathlon World Championships Women Mass start (12.5 km);event_label=Mass start (12.5 km);team_members=;entry_country=BLR;source_url=https://en.wikipedia.org/wiki/Biathlon_World_Championships,7.0
biathlon_world_championships_2011_women_mass-start-12-5-km,biathlon_world_athlete_Tora_Berger_NOR,3,bronze,discipline=Biathlon;event=Biathlon World Championships Women Mass start (12.5 km);event_label=Mass start (12.5 km);team_members=;entry_country=NOR;source_url=https://en.wikipedia.org/wiki/Biathlon_World_Championships,5.0
biathlon_world_championships_2011_women_pursuit-10-km,biathlon_world_athlete_Kaisa_Mäkäräinen_FIN,1,gold,discipline=Biathlon;event=Biathlon World Championships Women Pursuit (10 km);event_label=Pursuit (10 km);team_members=;entry_country=FIN;source_url=https://en.wikipedia.org/wiki/Biathlon_World_Championships,10.0
biathlon_world_championships_2011_women_pursuit-10-km,biathlon_world_athlete_Magdalena_Neuner_GER,2,silver,discipline=Biathlon;event=Biathlon World Championships Women Pursuit (10 km);event_label=Pursuit (10 km);team_members=;entry_country=GER;source_url=https://en.wikipedia.org/wiki/Biathlon_World_Championships,7.0
biathlon_world_championships_2011_women_pursuit-10-km,biathlon_world_athlete_Helena_Ekholm_SWE,3,bronze,discipline=Biathlon;event=Biathlon World Championships Women Pursuit (10 km);event_label=Pursuit (10 km);team_members=;entry_country=SWE;source_url=https://en.wikipedia.org/wiki/Biathlon_World_Championships,5.0
biathlon_world_championships_2011_women_relay-4-6-km,biathlon_world_team_Germany_Andrea_Henkel__Miriam_Gössner__Tina_Bachmann__Magdalena_Neuner_GER,1,gold,discipline=Biathlon;event=Biathlon World Championships Women Relay (4 × 6 km);event_label=Relay (4 × 6 km);team_members=Andrea Henkel / Miriam Gössner / Tina Bachmann / Magdalena Neuner;entry_country=GER;source_url=https://en.wikipedia.org/wiki/Biathlon_World_Championships,10.0
biathlon_world_championships_2011_women_relay-4-6-km,biathlon_world_team_France_Anaïs_Bescond__Marie-Laure_Brunet__Sophie_Boilley__Marie_Dorin_FRA,2,silver,discipline=Biathlon;event=Biathlon World Championships Women Relay (4 × 6 km);event_label=Relay (4 × 6 km);team_members=Anaïs Bescond / Marie-Laure Brunet / Sophie Boilley / Marie Dorin;entry_country=FRA;source_url=https://en.wikipedia.org/wiki/Biathlon_World_Championships,7.0
biathlon_world_championships_2011_women_relay-4-6-km,biathlon_world_team_Belarus_Nadezhda_Skardino__Darya_Domracheva__Nadzeya_Pisareva__Liudmila_Kalinchik_BLR,3,bronze,discipline=Biathlon;event=Biathlon World Championships Women Relay (4 × 6 km);event_label=Relay (4 × 6 km);team_members=Nadezhda Skardino / Darya Domracheva / Nadzeya Pisareva / Liudmila Kalinchik;entry_country=BLR;source_url=https://en.wikipedia.org/wiki/Biathlon_World_Championships,5.0
biathlon_world_championships_2011_women_sprint-7-5-km,biathlon_world_athlete_Magdalena_Neuner_GER,1,gold,discipline=Biathlon;event=Biathlon World Championships Women Sprint (7.5 km);event_label=Sprint (7.5 km);team_members=;entry_country=GER;source_url=https://en.wikipedia.org/wiki/Biathlon_World_Championships,10.0
biathlon_world_championships_2011_women_sprint-7-5-km,biathlon_world_athlete_Kaisa_Mäkäräinen_FIN,2,silver,discipline=Biathlon;event=Biathlon World Championships Women Sprint (7.5 km);event_label=Sprint (7.5 km);team_members=;entry_country=FIN;source_url=https://en.wikipedia.org/wiki/Biathlon_World_Championships,7.0
biathlon_world_championships_2011_women_sprint-7-5-km,biathlon_world_athlete_Anastasiya_Kuzmina_SVK,3,bronze,discipline=Biathlon;event=Biathlon World Championships Women Sprint (7.5 km);event_label=Sprint (7.5 km);team_members=;entry_country=SVK;source_url=https://en.wikipedia.org/wiki/Biathlon_World_Championships,5.0
biathlon_world_championships_2012_men_individual-20-km,biathlon_world_athlete_Jakov_Fak_SLO,1,gold,discipline=Biathlon;event=Biathlon World Championships Men Individual (20 km);event_label=Individual (20 km);team_members=;entry_country=SLO;source_url=https://en.wikipedia.org/wiki/Biathlon_World_Championships,10.0
biathlon_world_championships_2012_men_individual-20-km,biathlon_world_athlete_Simon_Fourcade_FRA,2,silver,discipline=Biathlon;event=Biathlon World Championships Men Individual (20 km);event_label=Individual (20 km);team_members=;entry_country=FRA;source_url=https://en.wikipedia.org/wiki/Biathlon_World_Championships,7.0
biathlon_world_championships_2012_men_individual-20-km,biathlon_world_athlete_Jaroslav_Soukup_CZE,3,bronze,discipline=Biathlon;event=Biathlon World Championships Men Individual (20 km);event_label=Individual (20 km);team_members=;entry_country=CZE;source_url=https://en.wikipedia.org/wiki/Biathlon_World_Championships,5.0
biathlon_world_championships_2012_men_mass-start-15-km,biathlon_world_athlete_Martin_Fourcade_FRA,1,gold,discipline=Biathlon;event=Biathlon World Championships Men Mass start (15 km);event_label=Mass start (15 km);team_members=;entry_country=FRA;source_url=https://en.wikipedia.org/wiki/Biathlon_World_Championships,10.0
biathlon_world_championships_2012_men_mass-start-15-km,biathlon_world_athlete_Björn_Ferry_SWE,2,silver,discipline=Biathlon;event=Biathlon World Championships Men Mass start (15 km);event_label=Mass start (15 km);team_members=;entry_country=SWE;source_url=https://en.wikipedia.org/wiki/Biathlon_World_Championships,7.0
biathlon_world_championships_2012_men_mass-start-15-km,biathlon_world_athlete_Fredrik_Lindström_SWE,3,bronze,discipline=Biathlon;event=Biathlon World Championships Men Mass start (15 km);event_label=Mass start (15 km);team_members=;entry_country=SWE;source_url=https://en.wikipedia.org/wiki/Biathlon_World_Championships,5.0
biathlon_world_championships_2012_men_pursuit-12-5-km,biathlon_world_athlete_Martin_Fourcade_FRA,1,gold,discipline=Biathlon;event=Biathlon World Championships Men Pursuit (12.5 km);event_label=Pursuit (12.5 km);team_members=;entry_country=FRA;source_url=https://en.wikipedia.org/wiki/Biathlon_World_Championships,10.0
biathlon_world_championships_2012_men_pursuit-12-5-km,biathlon_world_athlete_Carl_Johan_Bergman_SWE,2,silver,discipline=Biathlon;event=Biathlon World Championships Men Pursuit (12.5 km);event_label=Pursuit (12.5 km);team_members=;entry_country=SWE;source_url=https://en.wikipedia.org/wiki/Biathlon_World_Championships,7.0
biathlon_world_championships_2012_men_pursuit-12-5-km,biathlon_world_athlete_Anton_Shipulin_RUS,3,bronze,discipline=Biathlon;event=Biathlon World Championships Men Pursuit (12.5 km);event_label=Pursuit (12.5 km);team_members=;entry_country=RUS;source_url=https://en.wikipedia.org/wiki/Biathlon_World_Championships,5.0
biathlon_world_championships_2012_men_relay-4-7-5-km,biathlon_world_team_Norway_Ole_Einar_Bjørndalen__Rune_Brattsveen__Tarjei_Bø__Emil_Hegle_Svendsen_NOR,1,gold,discipline=Biathlon;event=Biathlon World Championships Men Relay (4 × 7.5 km);event_label=Relay (4 × 7.5 km);team_members=Ole Einar Bjørndalen / Rune Brattsveen / Tarjei Bø / Emil Hegle Svendsen;entry_country=NOR;source_url=https://en.wikipedia.org/wiki/Biathlon_World_Championships,10.0
biathlon_world_championships_2012_men_relay-4-7-5-km,biathlon_world_team_France_Jean-Guillaume_Béatrix__Simon_Fourcade__Alexis_Buf__Martin_Fourcade_FRA,2,silver,discipline=Biathlon;event=Biathlon World Championships Men Relay (4 × 7.5 km);event_label=Relay (4 × 7.5 km);team_members=Jean-Guillaume Béatrix / Simon Fourcade / Alexis Bœuf / Martin Fourcade;entry_country=FRA;source_url=https://en.wikipedia.org/wiki/Biathlon_World_Championships,7.0
biathlon_world_championships_2012_men_relay-4-7-5-km,biathlon_world_team_Germany_Simon_Schempp__Andreas_Birnbacher__Michael_Greis__Arnd_Peiffer_GER,3,bronze,discipline=Biathlon;event=Biathlon World Championships Men Relay (4 × 7.5 km);event_label=Relay (4 × 7.5 km);team_members=Simon Schempp / Andreas Birnbacher / Michael Greis / Arnd Peiffer;entry_country=GER;source_url=https://en.wikipedia.org/wiki/Biathlon_World_Championships,5.0
biathlon_world_championships_2012_men_sprint-10-km,biathlon_world_athlete_Martin_Fourcade_FRA,1,gold,discipline=Biathlon;event=Biathlon World Championships Men Sprint (10 km);event_label=Sprint (10 km);team_members=;entry_country=FRA;source_url=https://en.wikipedia.org/wiki/Biathlon_World_Championships,10.0
biathlon_world_championships_2012_men_sprint-10-km,biathlon_world_athlete_Emil_Hegle_Svendsen_NOR,2,silver,discipline=Biathlon;event=Biathlon World Championships Men Sprint (10 km);event_label=Sprint (10 km);team_members=;entry_country=NOR;source_url=https://en.wikipedia.org/wiki/Biathlon_World_Championships,7.0
biathlon_world_championships_2012_men_sprint-10-km,biathlon_world_athlete_Carl_Johan_Bergman_SWE,3,bronze,discipline=Biathlon;event=Biathlon World Championships Men Sprint (10 km);event_label=Sprint (10 km);team_members=;entry_country=SWE;source_url=https://en.wikipedia.org/wiki/Biathlon_World_Championships,5.0
biathlon_world_championships_2012_mixed_mixed-relay,biathlon_world_team_Norway_Tora_Berger__Synnøve_Solemdal__Ole_Einar_Bjørndalen__Emil_Hegle_Svendsen_NOR,1,gold,discipline=Biathlon;event=Biathlon World Championships Mixed Mixed relay;event_label=Mixed relay;team_members=Tora Berger / Synnøve Solemdal / Ole Einar Bjørndalen / Emil Hegle Svendsen;entry_country=NOR;source_url=https://en.wikipedia.org/wiki/Biathlon_World_Championships,10.0
biathlon_world_championships_2012_mixed_mixed-relay,biathlon_world_team_Slovenia_Andreja_Mali__Teja_Gregorin__Klemen_Bauer__Jakov_Fak_SLO,2,silver,discipline=Biathlon;event=Biathlon World Championships Mixed Mixed relay;event_label=Mixed relay;team_members=Andreja Mali / Teja Gregorin / Klemen Bauer / Jakov Fak;entry_country=SLO;source_url=https://en.wikipedia.org/wiki/Biathlon_World_Championships,7.0
biathlon_world_championships_2012_mixed_mixed-relay,biathlon_world_team_Germany_Andrea_Henkel__Magdalena_Neuner__Andreas_Birnbacher__Arnd_Peiffer_GER,3,bronze,discipline=Biathlon;event=Biathlon World Championships Mixed Mixed relay;event_label=Mixed relay;team_members=Andrea Henkel / Magdalena Neuner / Andreas Birnbacher / Arnd Peiffer;entry_country=GER;source_url=https://en.wikipedia.org/wiki/Biathlon_World_Championships,5.0
biathlon_world_championships_2012_women_individual-15-km,biathlon_world_athlete_Tora_Berger_NOR,1,gold,discipline=Biathlon;event=Biathlon World Championships Women Individual (15 km);event_label=Individual (15 km);team_members=;entry_country=NOR;source_url=https://en.wikipedia.org/wiki/Biathlon_World_Championships,10.0
biathlon_world_championships_2012_women_individual-15-km,biathlon_world_athlete_Marie-Laure_Brunet_FRA,2,silver,discipline=Biathlon;event=Biathlon World Championships Women Individual (15 km);event_label=Individual (15 km);team_members=;entry_country=FRA;source_url=https://en.wikipedia.org/wiki/Biathlon_World_Championships,7.0
biathlon_world_championships_2012_women_individual-15-km,biathlon_world_athlete_Helena_Ekholm_SWE,3,bronze,discipline=Biathlon;event=Biathlon World Championships Women Individual (15 km);event_label=Individual (15 km);team_members=;entry_country=SWE;source_url=https://en.wikipedia.org/wiki/Biathlon_World_Championships,5.0
biathlon_world_championships_2012_women_mass-start-12-5-km,biathlon_world_athlete_Tora_Berger_NOR,1,gold,discipline=Biathlon;event=Biathlon World Championships Women Mass start (12.5 km);event_label=Mass start (12.5 km);team_members=;entry_country=NOR;source_url=https://en.wikipedia.org/wiki/Biathlon_World_Championships,10.0
biathlon_world_championships_2012_women_mass-start-12-5-km,biathlon_world_athlete_Marie-Laure_Brunet_FRA,2,silver,discipline=Biathlon;event=Biathlon World Championships Women Mass start (12.5 km);event_label=Mass start (12.5 km);team_members=;entry_country=FRA;source_url=https://en.wikipedia.org/wiki/Biathlon_World_Championships,7.0
biathlon_world_championships_2012_women_mass-start-12-5-km,biathlon_world_athlete_Kaisa_Mäkäräinen_FIN,3,bronze,discipline=Biathlon;event=Biathlon World Championships Women Mass start (12.5 km);event_label=Mass start (12.5 km);team_members=;entry_country=FIN;source_url=https://en.wikipedia.org/wiki/Biathlon_World_Championships,5.0
biathlon_world_championships_2012_women_pursuit-10-km,biathlon_world_athlete_Darya_Domracheva_BLR,1,gold,discipline=Biathlon;event=Biathlon World Championships Women Pursuit (10 km);event_label=Pursuit (10 km);team_members=;entry_country=BLR;source_url=https://en.wikipedia.org/wiki/Biathlon_World_Championships,10.0
biathlon_world_championships_2012_women_pursuit-10-km,biathlon_world_athlete_Magdalena_Neuner_GER,2,silver,discipline=Biathlon;event=Biathlon World Championships Women Pursuit (10 km);event_label=Pursuit (10 km);team_members=;entry_country=GER;source_url=https://en.wikipedia.org/wiki/Biathlon_World_Championships,7.0
biathlon_world_championships_2012_women_pursuit-10-km,biathlon_world_athlete_Olga_Vilukhina_RUS,3,bronze,discipline=Biathlon;event=Biathlon World Championships Women Pursuit (10 km);event_label=Pursuit (10 km);team_members=;entry_country=RUS;source_url=https://en.wikipedia.org/wiki/Biathlon_World_Championships,5.0
biathlon_world_championships_2012_women_relay-4-6-km,biathlon_world_team_Germany_Tina_Bachmann__Magdalena_Neuner__Miriam_Gössner__Andrea_Henkel_GER,1,gold,discipline=Biathlon;event=Biathlon World Championships Women Relay (4 × 6 km);event_label=Relay (4 × 6 km);team_members=Tina Bachmann / Magdalena Neuner / Miriam Gössner / Andrea Henkel;entry_country=GER;source_url=https://en.wikipedia.org/wiki/Biathlon_World_Championships,10.0
biathlon_world_championships_2012_women_relay-4-6-km,biathlon_world_team_France_Marie-Laure_Brunet__Sophie_Boilley__Anaïs_Bescond__Marie_Dorin_FRA,2,silver,discipline=Biathlon;event=Biathlon World Championships Women Relay (4 × 6 km);event_label=Relay (4 × 6 km);team_members=Marie-Laure Brunet / Sophie Boilley / Anaïs Bescond / Marie Dorin;entry_country=FRA;source_url=https://en.wikipedia.org/wiki/Biathlon_World_Championships,7.0
biathlon_world_championships_2012_women_relay-4-6-km,biathlon_world_team_Norway_Fanny_Welle-Strand_Horn__Elise_Ringen__Synnøve_Solemdal__Tora_Berger_NOR,3,bronze,discipline=Biathlon;event=Biathlon World Championships Women Relay (4 × 6 km);event_label=Relay (4 × 6 km);team_members=Fanny Welle-Strand Horn / Elise Ringen / Synnøve Solemdal / Tora Berger;entry_country=NOR;source_url=https://en.wikipedia.org/wiki/Biathlon_World_Championships,5.0
biathlon_world_championships_2012_women_sprint-7-5-km,biathlon_world_athlete_Magdalena_Neuner_GER,1,gold,discipline=Biathlon;event=Biathlon World Championships Women Sprint (7.5 km);event_label=Sprint (7.5 km);team_members=;entry_country=GER;source_url=https://en.wikipedia.org/wiki/Biathlon_World_Championships,10.0
biathlon_world_championships_2012_women_sprint-7-5-km,biathlon_world_athlete_Darya_Domracheva_BLR,2,silver,discipline=Biathlon;event=Biathlon World Championships Women Sprint (7.5 km);event_label=Sprint (7.5 km);team_members=;entry_country=BLR;source_url=https://en.wikipedia.org/wiki/Biathlon_World_Championships,7.0
biathlon_world_championships_2012_women_sprint-7-5-km,biathlon_world_athlete_Vita_Semerenko_UKR,3,bronze,discipline=Biathlon;event=Biathlon World Championships Women Sprint (7.5 km);event_label=Sprint (7.5 km);team_members=;entry_country=UKR;source_url=https://en.wikipedia.org/wiki/Biathlon_World_Championships,5.0
biathlon_world_championships_2013_men_individual-20-km,biathlon_world_athlete_Martin_Fourcade_FRA,1,gold,discipline=Biathlon;event=Biathlon World Championships Men Individual (20 km);event_label=Individual (20 km);team_members=;entry_country=FRA;source_url=https://en.wikipedia.org/wiki/Biathlon_World_Championships,10.0
biathlon_world_championships_2013_men_individual-20-km,biathlon_world_athlete_Tim_Burke_USA,2,silver,discipline=Biathlon;event=Biathlon World Championships Men Individual (20 km);event_label=Individual (20 km);team_members=;entry_country=USA;source_url=https://en.wikipedia.org/wiki/Biathlon_World_Championships,7.0
biathlon_world_championships_2013_men_individual-20-km,biathlon_world_athlete_Fredrik_Lindström_SWE,3,bronze,discipline=Biathlon;event=Biathlon World Championships Men Individual (20 km);event_label=Individual (20 km);team_members=;entry_country=SWE;source_url=https://en.wikipedia.org/wiki/Biathlon_World_Championships,5.0
biathlon_world_championships_2013_men_mass-start-15-km,biathlon_world_athlete_Tarjei_Bø_NOR,1,gold,discipline=Biathlon;event=Biathlon World Championships Men Mass start (15 km);event_label=Mass start (15 km);team_members=;entry_country=NOR;source_url=https://en.wikipedia.org/wiki/Biathlon_World_Championships,10.0
biathlon_world_championships_2013_men_mass-start-15-km,biathlon_world_athlete_Anton_Shipulin_RUS,2,silver,discipline=Biathlon;event=Biathlon World Championships Men Mass start (15 km);event_label=Mass start (15 km);team_members=;entry_country=RUS;source_url=https://en.wikipedia.org/wiki/Biathlon_World_Championships,7.0
biathlon_world_championships_2013_men_mass-start-15-km,biathlon_world_athlete_Emil_Hegle_Svendsen_NOR,3,bronze,discipline=Biathlon;event=Biathlon World Championships Men Mass start (15 km);event_label=Mass start (15 km);team_members=;entry_country=NOR;source_url=https://en.wikipedia.org/wiki/Biathlon_World_Championships,5.0
biathlon_world_championships_2013_men_pursuit-12-5-km,biathlon_world_athlete_Emil_Hegle_Svendsen_NOR,1,gold,discipline=Biathlon;event=Biathlon World Championships Men Pursuit (12.5 km);event_label=Pursuit (12.5 km);team_members=;entry_country=NOR;source_url=https://en.wikipedia.org/wiki/Biathlon_World_Championships,10.0
biathlon_world_championships_2013_men_pursuit-12-5-km,biathlon_world_athlete_Martin_Fourcade_FRA,2,silver,discipline=Biathlon;event=Biathlon World Championships Men Pursuit (12.5 km);event_label=Pursuit (12.5 km);team_members=;entry_country=FRA;source_url=https://en.wikipedia.org/wiki/Biathlon_World_Championships,7.0
biathlon_world_championships_2013_men_pursuit-12-5-km,biathlon_world_athlete_Anton_Shipulin_RUS,3,bronze,discipline=Biathlon;event=Biathlon World Championships Men Pursuit (12.5 km);event_label=Pursuit (12.5 km);team_members=;entry_country=RUS;source_url=https://en.wikipedia.org/wiki/Biathlon_World_Championships,5.0
biathlon_world_championships_2013_men_relay-4-7-5-km,biathlon_world_team_Norway_Ole_Einar_Bjørndalen__Henrik_LAbée-Lund__Tarjei_Bø__Emil_Hegle_Svendsen_NOR,1,gold,discipline=Biathlon;event=Biathlon World Championships Men Relay (4 × 7.5 km);event_label=Relay (4 × 7.5 km);team_members=Ole Einar Bjørndalen / Henrik L'Abée-Lund / Tarjei Bø / Emil Hegle Svendsen;entry_country=NOR;source_url=https://en.wikipedia.org/wiki/Biathlon_World_Championships,10.0
biathlon_world_championships_2013_men_relay-4-7-5-km,biathlon_world_team_France_Simon_Fourcade__Jean-Guillaume_Béatrix__Alexis_Buf__Martin_Fourcade_FRA,2,silver,discipline=Biathlon;event=Biathlon World Championships Men Relay (4 × 7.5 km);event_label=Relay (4 × 7.5 km);team_members=Simon Fourcade / Jean-Guillaume Béatrix / Alexis Bœuf / Martin Fourcade;entry_country=FRA;source_url=https://en.wikipedia.org/wiki/Biathlon_World_Championships,7.0
biathlon_world_championships_2013_men_relay-4-7-5-km,biathlon_world_team_Germany_Simon_Schempp__Andreas_Birnbacher__Arnd_Peiffer__Erik_Lesser_GER,3,bronze,discipline=Biathlon;event=Biathlon World Championships Men Relay (4 × 7.5 km);event_label=Relay (4 × 7.5 km);team_members=Simon Schempp / Andreas Birnbacher / Arnd Peiffer / Erik Lesser;entry_country=GER;source_url=https://en.wikipedia.org/wiki/Biathlon_World_Championships,5.0
biathlon_world_championships_2013_men_sprint-10-km,biathlon_world_athlete_Emil_Hegle_Svendsen_NOR,1,gold,discipline=Biathlon;event=Biathlon World Championships Men Sprint (10 km);event_label=Sprint (10 km);team_members=;entry_country=NOR;source_url=https://en.wikipedia.org/wiki/Biathlon_World_Championships,10.0
biathlon_world_championships_2013_men_sprint-10-km,biathlon_world_athlete_Martin_Fourcade_FRA,2,silver,discipline=Biathlon;event=Biathlon World Championships Men Sprint (10 km);event_label=Sprint (10 km);team_members=;entry_country=FRA;source_url=https://en.wikipedia.org/wiki/Biathlon_World_Championships,7.0
biathlon_world_championships_2013_men_sprint-10-km,biathlon_world_athlete_Jakov_Fak_SLO,3,bronze,discipline=Biathlon;event=Biathlon World Championships Men Sprint (10 km);event_label=Sprint (10 km);team_members=;entry_country=SLO;source_url=https://en.wikipedia.org/wiki/Biathlon_World_Championships,5.0
biathlon_world_championships_2013_mixed_mixed-relay,biathlon_world_team_Norway_Tora_Berger__Synnøve_Solemdal__Tarjei_Bø__Emil_Hegle_Svendsen_NOR,1,gold,discipline=Biathlon;event=Biathlon World Championships Mixed Mixed relay;event_label=Mixed relay;team_members=Tora Berger / Synnøve Solemdal / Tarjei Bø / Emil Hegle Svendsen;entry_country=NOR;source_url=https://en.wikipedia.org/wiki/Biathlon_World_Championships,10.0
biathlon_world_championships_2013_mixed_mixed-relay,biathlon_world_team_France_Marie-Laure_Brunet__Marie_Dorin_Habert__Alexis_Buf__Martin_Fourcade_FRA,2,silver,discipline=Biathlon;event=Biathlon World Championships Mixed Mixed relay;event_label=Mixed relay;team_members=Marie-Laure Brunet / Marie Dorin Habert / Alexis Bœuf / Martin Fourcade;entry_country=FRA;source_url=https://en.wikipedia.org/wiki/Biathlon_World_Championships,7.0
biathlon_world_championships_2013_mixed_mixed-relay,biathlon_world_team_Czech_Republic_Veronika_Vítková__Gabriela_Soukalová__Jaroslav_Soukup__Ondej_Moravec_CZE,3,bronze,discipline=Biathlon;event=Biathlon World Championships Mixed Mixed relay;event_label=Mixed relay;team_members=Veronika Vítková / Gabriela Soukalová / Jaroslav Soukup / Ondřej Moravec;entry_country=CZE;source_url=https://en.wikipedia.org/wiki/Biathlon_World_Championships,5.0
biathlon_world_championships_2013_women_individual-15-km,biathlon_world_athlete_Tora_Berger_NOR,1,gold,discipline=Biathlon;event=Biathlon World Championships Women Individual (15 km);event_label=Individual (15 km);team_members=;entry_country=NOR;source_url=https://en.wikipedia.org/wiki/Biathlon_World_Championships,10.0
biathlon_world_championships_2013_women_individual-15-km,biathlon_world_athlete_Andrea_Henkel_GER,2,silver,discipline=Biathlon;event=Biathlon World Championships Women Individual (15 km);event_label=Individual (15 km);team_members=;entry_country=GER;source_url=https://en.wikipedia.org/wiki/Biathlon_World_Championships,7.0
biathlon_world_championships_2013_women_individual-15-km,biathlon_world_athlete_Valentyna_Semerenko_UKR,3,bronze,discipline=Biathlon;event=Biathlon World Championships Women Individual (15 km);event_label=Individual (15 km);team_members=;entry_country=UKR;source_url=https://en.wikipedia.org/wiki/Biathlon_World_Championships,5.0
biathlon_world_championships_2013_women_mass-start-12-5-km,biathlon_world_athlete_Darya_Domracheva_BLR,1,gold,discipline=Biathlon;event=Biathlon World Championships Women Mass start (12.5 km);event_label=Mass start (12.5 km);team_members=;entry_country=BLR;source_url=https://en.wikipedia.org/wiki/Biathlon_World_Championships,10.0
biathlon_world_championships_2013_women_mass-start-12-5-km,biathlon_world_athlete_Tora_Berger_NOR,2,silver,discipline=Biathlon;event=Biathlon World Championships Women Mass start (12.5 km);event_label=Mass start (12.5 km);team_members=;entry_country=NOR;source_url=https://en.wikipedia.org/wiki/Biathlon_World_Championships,7.0
biathlon_world_championships_2013_women_mass-start-12-5-km,biathlon_world_athlete_Monika_Hojnisz_POL,3,bronze,discipline=Biathlon;event=Biathlon World Championships Women Mass start (12.5 km);event_label=Mass start (12.5 km);team_members=;entry_country=POL;source_url=https://en.wikipedia.org/wiki/Biathlon_World_Championships,5.0
biathlon_world_championships_2013_women_pursuit-10-km,biathlon_world_athlete_Tora_Berger_NOR,1,gold,discipline=Biathlon;event=Biathlon World Championships Women Pursuit (10 km);event_label=Pursuit (10 km);team_members=;entry_country=NOR;source_url=https://en.wikipedia.org/wiki/Biathlon_World_Championships,10.0
biathlon_world_championships_2013_women_pursuit-10-km,biathlon_world_athlete_Krystyna_Paka_POL,2,silver,discipline=Biathlon;event=Biathlon World Championships Women Pursuit (10 km);event_label=Pursuit (10 km);team_members=;entry_country=POL;source_url=https://en.wikipedia.org/wiki/Biathlon_World_Championships,7.0
biathlon_world_championships_2013_women_pursuit-10-km,biathlon_world_athlete_Olena_Pidhrushna_UKR,3,bronze,discipline=Biathlon;event=Biathlon World Championships Women Pursuit (10 km);event_label=Pursuit (10 km);team_members=;entry_country=UKR;source_url=https://en.wikipedia.org/wiki/Biathlon_World_Championships,5.0
biathlon_world_championships_2013_women_relay-4-6-km,biathlon_world_team_Norway_Hilde_Fenne__Ann_Kristin_Aafedt_Flatland__Synnøve_Solemdal__Tora_Berger_NOR,1,gold,discipline=Biathlon;event=Biathlon World Championships Women Relay (4 × 6 km);event_label=Relay (4 × 6 km);team_members=Hilde Fenne / Ann Kristin Aafedt Flatland / Synnøve Solemdal / Tora Berger;entry_country=NOR;source_url=https://en.wikipedia.org/wiki/Biathlon_World_Championships,10.0
biathlon_world_championships_2013_women_relay-4-6-km,biathlon_world_team_Ukraine_Yuliia_Dzhima__Vita_Semerenko__Valentyna_Semerenko__Olena_Pidhrushna_UKR,2,silver,discipline=Biathlon;event=Biathlon World Championships Women Relay (4 × 6 km);event_label=Relay (4 × 6 km);team_members=Yuliia Dzhima / Vita Semerenko / Valentyna Semerenko / Olena Pidhrushna;entry_country=UKR;source_url=https://en.wikipedia.org/wiki/Biathlon_World_Championships,7.0
biathlon_world_championships_2013_women_relay-4-6-km,biathlon_world_team_Italy_Dorothea_Wierer__Nicole_Gontier__Michela_Ponza__Karin_Oberhofer_ITA,3,bronze,discipline=Biathlon;event=Biathlon World Championships Women Relay (4 × 6 km);event_label=Relay (4 × 6 km);team_members=Dorothea Wierer / Nicole Gontier / Michela Ponza / Karin Oberhofer;entry_country=ITA;source_url=https://en.wikipedia.org/wiki/Biathlon_World_Championships,5.0
biathlon_world_championships_2013_women_sprint-7-5-km,biathlon_world_athlete_Olena_Pidhrushna_UKR,1,gold,discipline=Biathlon;event=Biathlon World Championships Women Sprint (7.5 km);event_label=Sprint (7.5 km);team_members=;entry_country=UKR;source_url=https://en.wikipedia.org/wiki/Biathlon_World_Championships,10.0
biathlon_world_championships_2013_women_sprint-7-5-km,biathlon_world_athlete_Tora_Berger_NOR,2,silver,discipline=Biathlon;event=Biathlon World Championships Women Sprint (7.5 km);event_label=Sprint (7.5 km);team_members=;entry_country=NOR;source_url=https://en.wikipedia.org/wiki/Biathlon_World_Championships,7.0
biathlon_world_championships_2013_women_sprint-7-5-km,biathlon_world_athlete_Vita_Semerenko_UKR,3,bronze,discipline=Biathlon;event=Biathlon World Championships Women Sprint (7.5 km);event_label=Sprint (7.5 km);team_members=;entry_country=UKR;source_url=https://en.wikipedia.org/wiki/Biathlon_World_Championships,5.0
biathlon_world_championships_2015_men_individual-20-km,biathlon_world_athlete_Martin_Fourcade_FRA,1,gold,discipline=Biathlon;event=Biathlon World Championships Men Individual (20 km);event_label=Individual (20 km);team_members=;entry_country=FRA;source_url=https://en.wikipedia.org/wiki/Biathlon_World_Championships,10.0
biathlon_world_championships_2015_men_individual-20-km,biathlon_world_athlete_Emil_Hegle_Svendsen_NOR,2,silver,discipline=Biathlon;event=Biathlon World Championships Men Individual (20 km);event_label=Individual (20 km);team_members=;entry_country=NOR;source_url=https://en.wikipedia.org/wiki/Biathlon_World_Championships,7.0
biathlon_world_championships_2015_men_individual-20-km,biathlon_world_athlete_Ondej_Moravec_CZE,3,bronze,discipline=Biathlon;event=Biathlon World Championships Men Individual (20 km);event_label=Individual (20 km);team_members=;entry_country=CZE;source_url=https://en.wikipedia.org/wiki/Biathlon_World_Championships,5.0
biathlon_world_championships_2015_men_mass-start-15-km,biathlon_world_athlete_Jakov_Fak_SLO,1,gold,discipline=Biathlon;event=Biathlon World Championships Men Mass start (15 km);event_label=Mass start (15 km);team_members=;entry_country=SLO;source_url=https://en.wikipedia.org/wiki/Biathlon_World_Championships,10.0
biathlon_world_championships_2015_men_mass-start-15-km,biathlon_world_athlete_Ondej_Moravec_CZE,2,silver,discipline=Biathlon;event=Biathlon World Championships Men Mass start (15 km);event_label=Mass start (15 km);team_members=;entry_country=CZE;source_url=https://en.wikipedia.org/wiki/Biathlon_World_Championships,7.0
biathlon_world_championships_2015_men_mass-start-15-km,biathlon_world_athlete_Tarjei_Bø_NOR,3,bronze,discipline=Biathlon;event=Biathlon World Championships Men Mass start (15 km);event_label=Mass start (15 km);team_members=;entry_country=NOR;source_url=https://en.wikipedia.org/wiki/Biathlon_World_Championships,5.0
biathlon_world_championships_2015_men_pursuit-12-5-km,biathlon_world_athlete_Erik_Lesser_GER,1,gold,discipline=Biathlon;event=Biathlon World Championships Men Pursuit (12.5 km);event_label=Pursuit (12.5 km);team_members=;entry_country=GER;source_url=https://en.wikipedia.org/wiki/Biathlon_World_Championships,10.0
biathlon_world_championships_2015_men_pursuit-12-5-km,biathlon_world_athlete_Anton_Shipulin_RUS,2,silver,discipline=Biathlon;event=Biathlon World Championships Men Pursuit (12.5 km);event_label=Pursuit (12.5 km);team_members=;entry_country=RUS;source_url=https://en.wikipedia.org/wiki/Biathlon_World_Championships,7.0
biathlon_world_championships_2015_men_pursuit-12-5-km,biathlon_world_athlete_Tarjei_Bø_NOR,3,bronze,discipline=Biathlon;event=Biathlon World Championships Men Pursuit (12.5 km);event_label=Pursuit (12.5 km);team_members=;entry_country=NOR;source_url=https://en.wikipedia.org/wiki/Biathlon_World_Championships,5.0
biathlon_world_championships_2015_men_relay-4-7-5-km,biathlon_world_team_Germany_Erik_Lesser__Daniel_Böhm__Arnd_Peiffer__Simon_Schempp_GER,1,gold,discipline=Biathlon;event=Biathlon World Championships Men Relay (4 × 7.5 km);event_label=Relay (4 × 7.5 km);team_members=Erik Lesser / Daniel Böhm / Arnd Peiffer / Simon Schempp;entry_country=GER;source_url=https://en.wikipedia.org/wiki/Biathlon_World_Championships,10.0
biathlon_world_championships_2015_men_relay-4-7-5-km,biathlon_world_team_Norway_Ole_Einar_Bjørndalen__Tarjei_Bø__Johannes_Thingnes_Bø__Emil_Hegle_Svendsen_NOR,2,silver,discipline=Biathlon;event=Biathlon World Championships Men Relay (4 × 7.5 km);event_label=Relay (4 × 7.5 km);team_members=Ole Einar Bjørndalen / Tarjei Bø / Johannes Thingnes Bø / Emil Hegle Svendsen;entry_country=NOR;source_url=https://en.wikipedia.org/wiki/Biathlon_World_Championships,7.0
biathlon_world_championships_2015_men_relay-4-7-5-km,biathlon_world_team_France_Simon_Fourcade__Jean-Guillaume_Béatrix__Quentin_Fillon_Maillet__Martin_Fourcade_FRA,3,bronze,discipline=Biathlon;event=Biathlon World Championships Men Relay (4 × 7.5 km);event_label=Relay (4 × 7.5 km);team_members=Simon Fourcade / Jean-Guillaume Béatrix / Quentin Fillon Maillet / Martin Fourcade;entry_country=FRA;source_url=https://en.wikipedia.org/wiki/Biathlon_World_Championships,5.0
biathlon_world_championships_2015_men_sprint-10-km,biathlon_world_athlete_Johannes_Thingnes_Bø_NOR,1,gold,discipline=Biathlon;event=Biathlon World Championships Men Sprint (10 km);event_label=Sprint (10 km);team_members=;entry_country=NOR;source_url=https://en.wikipedia.org/wiki/Biathlon_World_Championships,10.0
biathlon_world_championships_2015_men_sprint-10-km,biathlon_world_athlete_Nathan_Smith_CAN,2,silver,discipline=Biathlon;event=Biathlon World Championships Men Sprint (10 km);event_label=Sprint (10 km);team_members=;entry_country=CAN;source_url=https://en.wikipedia.org/wiki/Biathlon_World_Championships,7.0
biathlon_world_championships_2015_men_sprint-10-km,biathlon_world_athlete_Tarjei_Bø_NOR,3,bronze,discipline=Biathlon;event=Biathlon World Championships Men Sprint (10 km);event_label=Sprint (10 km);team_members=;entry_country=NOR;source_url=https://en.wikipedia.org/wiki/Biathlon_World_Championships,5.0
biathlon_world_championships_2015_mixed_mixed-relay,biathlon_world_team_Czech_Republic_Veronika_Vítková__Gabriela_Soukalová__Michal_lesingr__Ondej_Moravec_CZE,1,gold,discipline=Biathlon;event=Biathlon World Championships Mixed Mixed relay;event_label=Mixed relay;team_members=Veronika Vítková / Gabriela Soukalová / Michal Šlesingr / Ondřej Moravec;entry_country=CZE;source_url=https://en.wikipedia.org/wiki/Biathlon_World_Championships,10.0
biathlon_world_championships_2015_mixed_mixed-relay,biathlon_world_team_France_Anaïs_Bescond__Marie_Dorin_Habert__Jean-Guillaume_Béatrix__Martin_Fourcade_FRA,2,silver,discipline=Biathlon;event=Biathlon World Championships Mixed Mixed relay;event_label=Mixed relay;team_members=Anaïs Bescond / Marie Dorin Habert / Jean-Guillaume Béatrix / Martin Fourcade;entry_country=FRA;source_url=https://en.wikipedia.org/wiki/Biathlon_World_Championships,7.0
biathlon_world_championships_2015_mixed_mixed-relay,biathlon_world_team_Norway_Fanny_Welle-Strand_Horn__Tiril_Eckhoff__Johannes_Thingnes_Bø__Tarjei_Bø_NOR,3,bronze,discipline=Biathlon;event=Biathlon World Championships Mixed Mixed relay;event_label=Mixed relay;team_members=Fanny Welle-Strand Horn / Tiril Eckhoff / Johannes Thingnes Bø / Tarjei Bø;entry_country=NOR;source_url=https://en.wikipedia.org/wiki/Biathlon_World_Championships,5.0
biathlon_world_championships_2015_women_individual-15-km,biathlon_world_athlete_Ekaterina_Yurlova_RUS,1,gold,discipline=Biathlon;event=Biathlon World Championships Women Individual (15 km);event_label=Individual (15 km);team_members=;entry_country=RUS;source_url=https://en.wikipedia.org/wiki/Biathlon_World_Championships,10.0
biathlon_world_championships_2015_women_individual-15-km,biathlon_world_athlete_Gabriela_Soukalová_CZE,2,silver,discipline=Biathlon;event=Biathlon World Championships Women Individual (15 km);event_label=Individual (15 km);team_members=;entry_country=CZE;source_url=https://en.wikipedia.org/wiki/Biathlon_World_Championships,7.0
biathlon_world_championships_2015_women_individual-15-km,biathlon_world_athlete_Kaisa_Mäkäräinen_FIN,3,bronze,discipline=Biathlon;event=Biathlon World Championships Women Individual (15 km);event_label=Individual (15 km);team_members=;entry_country=FIN;source_url=https://en.wikipedia.org/wiki/Biathlon_World_Championships,5.0
biathlon_world_championships_2015_women_mass-start-12-5-km,biathlon_world_athlete_Valentyna_Semerenko_UKR,1,gold,discipline=Biathlon;event=Biathlon World Championships Women Mass start (12.5 km);event_label=Mass start (12.5 km);team_members=;entry_country=UKR;source_url=https://en.wikipedia.org/wiki/Biathlon_World_Championships,10.0
biathlon_world_championships_2015_women_mass-start-12-5-km,biathlon_world_athlete_Franziska_Preuß_GER,2,silver,discipline=Biathlon;event=Biathlon World Championships Women Mass start (12.5 km);event_label=Mass start (12.5 km);team_members=;entry_country=GER;source_url=https://en.wikipedia.org/wiki/Biathlon_World_Championships,7.0
biathlon_world_championships_2015_women_mass-start-12-5-km,biathlon_world_athlete_Karin_Oberhofer_ITA,3,bronze,discipline=Biathlon;event=Biathlon World Championships Women Mass start (12.5 km);event_label=Mass start (12.5 km);team_members=;entry_country=ITA;source_url=https://en.wikipedia.org/wiki/Biathlon_World_Championships,5.0
biathlon_world_championships_2015_women_pursuit-10-km,biathlon_world_athlete_Marie_Dorin_Habert_FRA,1,gold,discipline=Biathlon;event=Biathlon World Championships Women Pursuit (10 km);event_label=Pursuit (10 km);team_members=;entry_country=FRA;source_url=https://en.wikipedia.org/wiki/Biathlon_World_Championships,10.0
biathlon_world_championships_2015_women_pursuit-10-km,biathlon_world_athlete_Laura_Dahlmeier_GER,2,silver,discipline=Biathlon;event=Biathlon World Championships Women Pursuit (10 km);event_label=Pursuit (10 km);team_members=;entry_country=GER;source_url=https://en.wikipedia.org/wiki/Biathlon_World_Championships,7.0
biathlon_world_championships_2015_women_pursuit-10-km,biathlon_world_athlete_Weronika_Nowakowska-Ziemniak_POL,3,bronze,discipline=Biathlon;event=Biathlon World Championships Women Pursuit (10 km);event_label=Pursuit (10 km);team_members=;entry_country=POL;source_url=https://en.wikipedia.org/wiki/Biathlon_World_Championships,5.0
biathlon_world_championships_2015_women_relay-4-6-km,biathlon_world_team_Germany_Franziska_Hildebrand__Franziska_Preuß__Vanessa_Hinz__Laura_Dahlmeier_GER,1,gold,discipline=Biathlon;event=Biathlon World Championships Women Relay (4 × 6 km);event_label=Relay (4 × 6 km);team_members=Franziska Hildebrand / Franziska Preuß / Vanessa Hinz / Laura Dahlmeier;entry_country=GER;source_url=https://en.wikipedia.org/wiki/Biathlon_World_Championships,10.0
biathlon_world_championships_2015_women_relay-4-6-km,biathlon_world_team_France_Anaïs_Bescond__Enora_Latuillière__Justine_Braisaz__Marie_Dorin_Habert_FRA,2,silver,discipline=Biathlon;event=Biathlon World Championships Women Relay (4 × 6 km);event_label=Relay (4 × 6 km);team_members=Anaïs Bescond / Enora Latuillière / Justine Braisaz / Marie Dorin Habert;entry_country=FRA;source_url=https://en.wikipedia.org/wiki/Biathlon_World_Championships,7.0
biathlon_world_championships_2015_women_relay-4-6-km,biathlon_world_team_Italy_Lisa_Vittozzi__Karin_Oberhofer__Nicole_Gontier__Dorothea_Wierer_ITA,3,bronze,discipline=Biathlon;event=Biathlon World Championships Women Relay (4 × 6 km);event_label=Relay (4 × 6 km);team_members=Lisa Vittozzi / Karin Oberhofer / Nicole Gontier / Dorothea Wierer;entry_country=ITA;source_url=https://en.wikipedia.org/wiki/Biathlon_World_Championships,5.0
biathlon_world_championships_2015_women_sprint-7-5-km,biathlon_world_athlete_Marie_Dorin_Habert_FRA,1,gold,discipline=Biathlon;event=Biathlon World Championships Women Sprint (7.5 km);event_label=Sprint (7.5 km);team_members=;entry_country=FRA;source_url=https://en.wikipedia.org/wiki/Biathlon_World_Championships,10.0
biathlon_world_championships_2015_women_sprint-7-5-km,biathlon_world_athlete_Weronika_Nowakowska-Ziemniak_POL,2,silver,discipline=Biathlon;event=Biathlon World Championships Women Sprint (7.5 km);event_label=Sprint (7.5 km);team_members=;entry_country=POL;source_url=https://en.wikipedia.org/wiki/Biathlon_World_Championships,7.0
biathlon_world_championships_2015_women_sprint-7-5-km,biathlon_world_athlete_Valentyna_Semerenko_UKR,3,bronze,discipline=Biathlon;event=Biathlon World Championships Women Sprint (7.5 km);event_label=Sprint (7.5 km);team_members=;entry_country=UKR;source_url=https://en.wikipedia.org/wiki/Biathlon_World_Championships,5.0
biathlon_world_championships_2016_men_individual-20-km,biathlon_world_athlete_Martin_Fourcade_FRA,1,gold,discipline=Biathlon;event=Biathlon World Championships Men Individual (20 km);event_label=Individual (20 km);team_members=;entry_country=FRA;source_url=https://en.wikipedia.org/wiki/Biathlon_World_Championships,10.0
biathlon_world_championships_2016_men_individual-20-km,biathlon_world_athlete_Dominik_Landertinger_AUT,2,silver,discipline=Biathlon;event=Biathlon World Championships Men Individual (20 km);event_label=Individual (20 km);team_members=;entry_country=AUT;source_url=https://en.wikipedia.org/wiki/Biathlon_World_Championships,7.0
biathlon_world_championships_2016_men_individual-20-km,biathlon_world_athlete_Simon_Eder_AUT,3,bronze,discipline=Biathlon;event=Biathlon World Championships Men Individual (20 km);event_label=Individual (20 km);team_members=;entry_country=AUT;source_url=https://en.wikipedia.org/wiki/Biathlon_World_Championships,5.0
biathlon_world_championships_2016_men_mass-start-15-km,biathlon_world_athlete_Johannes_Thingnes_Bø_NOR,1,gold,discipline=Biathlon;event=Biathlon World Championships Men Mass start (15 km);event_label=Mass start (15 km);team_members=;entry_country=NOR;source_url=https://en.wikipedia.org/wiki/Biathlon_World_Championships,10.0
biathlon_world_championships_2016_men_mass-start-15-km,biathlon_world_athlete_Martin_Fourcade_FRA,2,silver,discipline=Biathlon;event=Biathlon World Championships Men Mass start (15 km);event_label=Mass start (15 km);team_members=;entry_country=FRA;source_url=https://en.wikipedia.org/wiki/Biathlon_World_Championships,7.0
biathlon_world_championships_2016_men_mass-start-15-km,biathlon_world_athlete_Ole_Einar_Bjørndalen_NOR,3,bronze,discipline=Biathlon;event=Biathlon World Championships Men Mass start (15 km);event_label=Mass start (15 km);team_members=;entry_country=NOR;source_url=https://en.wikipedia.org/wiki/Biathlon_World_Championships,5.0
biathlon_world_championships_2016_men_pursuit-12-5-km,biathlon_world_athlete_Martin_Fourcade_FRA,1,gold,discipline=Biathlon;event=Biathlon World Championships Men Pursuit (12.5 km);event_label=Pursuit (12.5 km);team_members=;entry_country=FRA;source_url=https://en.wikipedia.org/wiki/Biathlon_World_Championships,10.0
biathlon_world_championships_2016_men_pursuit-12-5-km,biathlon_world_athlete_Ole_Einar_Bjørndalen_NOR,2,silver,discipline=Biathlon;event=Biathlon World Championships Men Pursuit (12.5 km);event_label=Pursuit (12.5 km);team_members=;entry_country=NOR;source_url=https://en.wikipedia.org/wiki/Biathlon_World_Championships,7.0
biathlon_world_championships_2016_men_pursuit-12-5-km,biathlon_world_athlete_Emil_Hegle_Svendsen_NOR,3,bronze,discipline=Biathlon;event=Biathlon World Championships Men Pursuit (12.5 km);event_label=Pursuit (12.5 km);team_members=;entry_country=NOR;source_url=https://en.wikipedia.org/wiki/Biathlon_World_Championships,5.0
biathlon_world_championships_2016_men_relay-4-7-5-km,biathlon_world_team_Norway_Ole_Einar_Bjørndalen__Tarjei_Bø__Johannes_Thingnes_Bø__Emil_Hegle_Svendsen_NOR,1,gold,discipline=Biathlon;event=Biathlon World Championships Men Relay (4 × 7.5 km);event_label=Relay (4 × 7.5 km);team_members=Ole Einar Bjørndalen / Tarjei Bø / Johannes Thingnes Bø / Emil Hegle Svendsen;entry_country=NOR;source_url=https://en.wikipedia.org/wiki/Biathlon_World_Championships,10.0
biathlon_world_championships_2016_men_relay-4-7-5-km,biathlon_world_team_Germany_Erik_Lesser__Benedikt_Doll__Arnd_Peiffer__Simon_Schempp_GER,2,silver,discipline=Biathlon;event=Biathlon World Championships Men Relay (4 × 7.5 km);event_label=Relay (4 × 7.5 km);team_members=Erik Lesser / Benedikt Doll / Arnd Peiffer / Simon Schempp;entry_country=GER;source_url=https://en.wikipedia.org/wiki/Biathlon_World_Championships,7.0
biathlon_world_championships_2016_men_relay-4-7-5-km,biathlon_world_team_Canada_Christian_Gow__Nathan_Smith__Scott_Gow__Brendan_Green_CAN,3,bronze,discipline=Biathlon;event=Biathlon World Championships Men Relay (4 × 7.5 km);event_label=Relay (4 × 7.5 km);team_members=Christian Gow / Nathan Smith / Scott Gow / Brendan Green;entry_country=CAN;source_url=https://en.wikipedia.org/wiki/Biathlon_World_Championships,5.0
biathlon_world_championships_2016_men_sprint-10-km,biathlon_world_athlete_Martin_Fourcade_FRA,1,gold,discipline=Biathlon;event=Biathlon World Championships Men Sprint (10 km);event_label=Sprint (10 km);team_members=;entry_country=FRA;source_url=https://en.wikipedia.org/wiki/Biathlon_World_Championships,10.0
biathlon_world_championships_2016_men_sprint-10-km,biathlon_world_athlete_Ole_Einar_Bjørndalen_NOR,2,silver,discipline=Biathlon;event=Biathlon World Championships Men Sprint (10 km);event_label=Sprint (10 km);team_members=;entry_country=NOR;source_url=https://en.wikipedia.org/wiki/Biathlon_World_Championships,7.0
biathlon_world_championships_2016_men_sprint-10-km,biathlon_world_athlete_Serhiy_Semenov_UKR,3,bronze,discipline=Biathlon;event=Biathlon World Championships Men Sprint (10 km);event_label=Sprint (10 km);team_members=;entry_country=UKR;source_url=https://en.wikipedia.org/wiki/Biathlon_World_Championships,5.0
biathlon_world_championships_2016_mixed_mixed-relay,biathlon_world_team_France_Anaïs_Bescond__Marie_Dorin_Habert__Quentin_Fillon_Maillet__Martin_Fourcade_FRA,1,gold,discipline=Biathlon;event=Biathlon World Championships Mixed Mixed relay;event_label=Mixed relay;team_members=Anaïs Bescond / Marie Dorin Habert / Quentin Fillon Maillet / Martin Fourcade;entry_country=FRA;source_url=https://en.wikipedia.org/wiki/Biathlon_World_Championships,10.0
biathlon_world_championships_2016_mixed_mixed-relay,biathlon_world_team_Germany_Franziska_Preuß__Franziska_Hildebrand__Arnd_Peiffer__Simon_Schempp_GER,2,silver,discipline=Biathlon;event=Biathlon World Championships Mixed Mixed relay;event_label=Mixed relay;team_members=Franziska Preuß / Franziska Hildebrand / Arnd Peiffer / Simon Schempp;entry_country=GER;source_url=https://en.wikipedia.org/wiki/Biathlon_World_Championships,7.0
biathlon_world_championships_2016_mixed_mixed-relay,biathlon_world_team_Norway_Marte_Olsbu__Tiril_Eckhoff__Johannes_Thingnes_Bø__Tarjei_Bø_NOR,3,bronze,discipline=Biathlon;event=Biathlon World Championships Mixed Mixed relay;event_label=Mixed relay;team_members=Marte Olsbu / Tiril Eckhoff / Johannes Thingnes Bø / Tarjei Bø;entry_country=NOR;source_url=https://en.wikipedia.org/wiki/Biathlon_World_Championships,5.0
biathlon_world_championships_2016_women_individual-15-km,biathlon_world_athlete_Marie_Dorin_Habert_FRA,1,gold,discipline=Biathlon;event=Biathlon World Championships Women Individual (15 km);event_label=Individual (15 km);team_members=;entry_country=FRA;source_url=https://en.wikipedia.org/wiki/Biathlon_World_Championships,10.0
biathlon_world_championships_2016_women_individual-15-km,biathlon_world_athlete_Anaïs_Bescond_FRA,2,silver,discipline=Biathlon;event=Biathlon World Championships Women Individual (15 km);event_label=Individual (15 km);team_members=;entry_country=FRA;source_url=https://en.wikipedia.org/wiki/Biathlon_World_Championships,7.0
biathlon_world_championships_2016_women_individual-15-km,biathlon_world_athlete_Laura_Dahlmeier_GER,3,bronze,discipline=Biathlon;event=Biathlon World Championships Women Individual (15 km);event_label=Individual (15 km);team_members=;entry_country=GER;source_url=https://en.wikipedia.org/wiki/Biathlon_World_Championships,5.0
biathlon_world_championships_2016_women_mass-start-12-5-km,biathlon_world_athlete_Marie_Dorin_Habert_FRA,1,gold,discipline=Biathlon;event=Biathlon World Championships Women Mass start (12.5 km);event_label=Mass start (12.5 km);team_members=;entry_country=FRA;source_url=https://en.wikipedia.org/wiki/Biathlon_World_Championships,10.0
biathlon_world_championships_2016_women_mass-start-12-5-km,biathlon_world_athlete_Laura_Dahlmeier_GER,2,silver,discipline=Biathlon;event=Biathlon World Championships Women Mass start (12.5 km);event_label=Mass start (12.5 km);team_members=;entry_country=GER;source_url=https://en.wikipedia.org/wiki/Biathlon_World_Championships,7.0
biathlon_world_championships_2016_women_mass-start-12-5-km,biathlon_world_athlete_Kaisa_Mäkäräinen_FIN,3,bronze,discipline=Biathlon;event=Biathlon World Championships Women Mass start (12.5 km);event_label=Mass start (12.5 km);team_members=;entry_country=FIN;source_url=https://en.wikipedia.org/wiki/Biathlon_World_Championships,5.0
biathlon_world_championships_2016_women_pursuit-10-km,biathlon_world_athlete_Laura_Dahlmeier_GER,1,gold,discipline=Biathlon;event=Biathlon World Championships Women Pursuit (10 km);event_label=Pursuit (10 km);team_members=;entry_country=GER;source_url=https://en.wikipedia.org/wiki/Biathlon_World_Championships,10.0
biathlon_world_championships_2016_women_pursuit-10-km,biathlon_world_athlete_Dorothea_Wierer_ITA,2,silver,discipline=Biathlon;event=Biathlon World Championships Women Pursuit (10 km);event_label=Pursuit (10 km);team_members=;entry_country=ITA;source_url=https://en.wikipedia.org/wiki/Biathlon_World_Championships,7.0
biathlon_world_championships_2016_women_pursuit-10-km,biathlon_world_athlete_Marie_Dorin_Habert_FRA,3,bronze,discipline=Biathlon;event=Biathlon World Championships Women Pursuit (10 km);event_label=Pursuit (10 km);team_members=;entry_country=FRA;source_url=https://en.wikipedia.org/wiki/Biathlon_World_Championships,5.0
biathlon_world_championships_2016_women_relay-4-6-km,biathlon_world_team_Norway_Synnøve_Solemdal__Fanny_Horn_Birkeland__Tiril_Eckhoff__Marte_Olsbu_NOR,1,gold,discipline=Biathlon;event=Biathlon World Championships Women Relay (4 × 6 km);event_label=Relay (4 × 6 km);team_members=Synnøve Solemdal / Fanny Horn Birkeland / Tiril Eckhoff / Marte Olsbu;entry_country=NOR;source_url=https://en.wikipedia.org/wiki/Biathlon_World_Championships,10.0
biathlon_world_championships_2016_women_relay-4-6-km,biathlon_world_team_France_Justine_Braisaz__Anaïs_Bescond__Anaïs_Chevalier__Marie_Dorin_Habert_FRA,2,silver,discipline=Biathlon;event=Biathlon World Championships Women Relay (4 × 6 km);event_label=Relay (4 × 6 km);team_members=Justine Braisaz / Anaïs Bescond / Anaïs Chevalier / Marie Dorin Habert;entry_country=FRA;source_url=https://en.wikipedia.org/wiki/Biathlon_World_Championships,7.0
biathlon_world_championships_2016_women_relay-4-6-km,biathlon_world_team_Germany_Franziska_Preuß__Franziska_Hildebrand__Maren_Hammerschmidt__Laura_Dahlmeier_GER,3,bronze,discipline=Biathlon;event=Biathlon World Championships Women Relay (4 × 6 km);event_label=Relay (4 × 6 km);team_members=Franziska Preuß / Franziska Hildebrand / Maren Hammerschmidt / Laura Dahlmeier;entry_country=GER;source_url=https://en.wikipedia.org/wiki/Biathlon_World_Championships,5.0
biathlon_world_championships_2016_women_sprint-7-5-km,biathlon_world_athlete_Tiril_Eckhoff_NOR,1,gold,discipline=Biathlon;event=Biathlon World Championships Women Sprint (7.5 km);event_label=Sprint (7.5 km);team_members=;entry_country=NOR;source_url=https://en.wikipedia.org/wiki/Biathlon_World_Championships,10.0
biathlon_world_championships_2016_women_sprint-7-5-km,biathlon_world_athlete_Marie_Dorin_Habert_FRA,2,silver,discipline=Biathlon;event=Biathlon World Championships Women Sprint (7.5 km);event_label=Sprint (7.5 km);team_members=;entry_country=FRA;source_url=https://en.wikipedia.org/wiki/Biathlon_World_Championships,7.0
biathlon_world_championships_2016_women_sprint-7-5-km,biathlon_world_athlete_Laura_Dahlmeier_GER,3,bronze,discipline=Biathlon;event=Biathlon World Championships Women Sprint (7.5 km);event_label=Sprint (7.5 km);team_members=;entry_country=GER;source_url=https://en.wikipedia.org/wiki/Biathlon_World_Championships,5.0
biathlon_world_championships_2017_men_individual-20-km,biathlon_world_athlete_Lowell_Bailey_USA,1,gold,discipline=Biathlon;event=Biathlon World Championships Men Individual (20 km);event_label=Individual (20 km);team_members=;entry_country=USA;source_url=https://en.wikipedia.org/wiki/Biathlon_World_Championships,10.0
biathlon_world_championships_2017_men_individual-20-km,biathlon_world_athlete_Ondej_Moravec_CZE,2,silver,discipline=Biathlon;event=Biathlon World Championships Men Individual (20 km);event_label=Individual (20 km);team_members=;entry_country=CZE;source_url=https://en.wikipedia.org/wiki/Biathlon_World_Championships,7.0
biathlon_world_championships_2017_men_individual-20-km,biathlon_world_athlete_Martin_Fourcade_FRA,3,bronze,discipline=Biathlon;event=Biathlon World Championships Men Individual (20 km);event_label=Individual (20 km);team_members=;entry_country=FRA;source_url=https://en.wikipedia.org/wiki/Biathlon_World_Championships,5.0
biathlon_world_championships_2017_men_mass-start-15-km,biathlon_world_athlete_Simon_Schempp_GER,1,gold,discipline=Biathlon;event=Biathlon World Championships Men Mass start (15 km);event_label=Mass start (15 km);team_members=;entry_country=GER;source_url=https://en.wikipedia.org/wiki/Biathlon_World_Championships,10.0
biathlon_world_championships_2017_men_mass-start-15-km,biathlon_world_athlete_Johannes_Thingnes_Bø_NOR,2,silver,discipline=Biathlon;event=Biathlon World Championships Men Mass start (15 km);event_label=Mass start (15 km);team_members=;entry_country=NOR;source_url=https://en.wikipedia.org/wiki/Biathlon_World_Championships,7.0
biathlon_world_championships_2017_men_mass-start-15-km,biathlon_world_athlete_Simon_Eder_AUT,3,bronze,discipline=Biathlon;event=Biathlon World Championships Men Mass start (15 km);event_label=Mass start (15 km);team_members=;entry_country=AUT;source_url=https://en.wikipedia.org/wiki/Biathlon_World_Championships,5.0
biathlon_world_championships_2017_men_pursuit-12-5-km,biathlon_world_athlete_Martin_Fourcade_FRA,1,gold,discipline=Biathlon;event=Biathlon World Championships Men Pursuit (12.5 km);event_label=Pursuit (12.5 km);team_members=;entry_country=FRA;source_url=https://en.wikipedia.org/wiki/Biathlon_World_Championships,10.0
biathlon_world_championships_2017_men_pursuit-12-5-km,biathlon_world_athlete_Johannes_Thingnes_Bø_NOR,2,silver,discipline=Biathlon;event=Biathlon World Championships Men Pursuit (12.5 km);event_label=Pursuit (12.5 km);team_members=;entry_country=NOR;source_url=https://en.wikipedia.org/wiki/Biathlon_World_Championships,7.0
biathlon_world_championships_2017_men_pursuit-12-5-km,biathlon_world_athlete_Ole_Einar_Bjørndalen_NOR,3,bronze,discipline=Biathlon;event=Biathlon World Championships Men Pursuit (12.5 km);event_label=Pursuit (12.5 km);team_members=;entry_country=NOR;source_url=https://en.wikipedia.org/wiki/Biathlon_World_Championships,5.0
biathlon_world_championships_2017_men_relay-4-7-5-km,biathlon_world_team_Russia_Alexey_Volkov__Maxim_Tsvetkov__Anton_Babikov__Anton_Shipulin_RUS,1,gold,discipline=Biathlon;event=Biathlon World Championships Men Relay (4 × 7.5 km);event_label=Relay (4 × 7.5 km);team_members=Alexey Volkov / Maxim Tsvetkov / Anton Babikov / Anton Shipulin;entry_country=RUS;source_url=https://en.wikipedia.org/wiki/Biathlon_World_Championships,10.0
biathlon_world_championships_2017_men_relay-4-7-5-km,biathlon_world_team_France_Jean-Guillaume_Béatrix__Quentin_Fillon_Maillet__Simon_Desthieux__Martin_Fourcade_FRA,2,silver,discipline=Biathlon;event=Biathlon World Championships Men Relay (4 × 7.5 km);event_label=Relay (4 × 7.5 km);team_members=Jean-Guillaume Béatrix / Quentin Fillon Maillet / Simon Desthieux / Martin Fourcade;entry_country=FRA;source_url=https://en.wikipedia.org/wiki/Biathlon_World_Championships,7.0
biathlon_world_championships_2017_men_relay-4-7-5-km,biathlon_world_team_Austria_Daniel_Mesotitsch__Julian_Eberhard__Simon_Eder__Dominik_Landertinger_AUT,3,bronze,discipline=Biathlon;event=Biathlon World Championships Men Relay (4 × 7.5 km);event_label=Relay (4 × 7.5 km);team_members=Daniel Mesotitsch / Julian Eberhard / Simon Eder / Dominik Landertinger;entry_country=AUT;source_url=https://en.wikipedia.org/wiki/Biathlon_World_Championships,5.0
biathlon_world_championships_2017_men_sprint-10-km,biathlon_world_athlete_Benedikt_Doll_GER,1,gold,discipline=Biathlon;event=Biathlon World Championships Men Sprint (10 km);event_label=Sprint (10 km);team_members=;entry_country=GER;source_url=https://en.wikipedia.org/wiki/Biathlon_World_Championships,10.0
biathlon_world_championships_2017_men_sprint-10-km,biathlon_world_athlete_Johannes_Thingnes_Bø_NOR,2,silver,discipline=Biathlon;event=Biathlon World Championships Men Sprint (10 km);event_label=Sprint (10 km);team_members=;entry_country=NOR;source_url=https://en.wikipedia.org/wiki/Biathlon_World_Championships,7.0
biathlon_world_championships_2017_men_sprint-10-km,biathlon_world_athlete_Martin_Fourcade_FRA,3,bronze,discipline=Biathlon;event=Biathlon World Championships Men Sprint (10 km);event_label=Sprint (10 km);team_members=;entry_country=FRA;source_url=https://en.wikipedia.org/wiki/Biathlon_World_Championships,5.0
biathlon_world_championships_2017_mixed_mixed-relay,biathlon_world_team_Germany_Vanessa_Hinz__Laura_Dahlmeier__Arnd_Peiffer__Simon_Schempp_GER,1,gold,discipline=Biathlon;event=Biathlon World Championships Mixed Mixed relay;event_label=Mixed relay;team_members=Vanessa Hinz / Laura Dahlmeier / Arnd Peiffer / Simon Schempp;entry_country=GER;source_url=https://en.wikipedia.org/wiki/Biathlon_World_Championships,10.0
biathlon_world_championships_2017_mixed_mixed-relay,biathlon_world_team_France_Anaïs_Chevalier__Marie_Dorin_Habert__Quentin_Fillon_Maillet__Martin_Fourcade_FRA,2,silver,discipline=Biathlon;event=Biathlon World Championships Mixed Mixed relay;event_label=Mixed relay;team_members=Anaïs Chevalier / Marie Dorin Habert / Quentin Fillon Maillet / Martin Fourcade;entry_country=FRA;source_url=https://en.wikipedia.org/wiki/Biathlon_World_Championships,7.0
biathlon_world_championships_2017_mixed_mixed-relay,biathlon_world_team_Russia_Olga_Podchufarova__Tatiana_Akimova__Alexander_Loginov__Anton_Shipulin_RUS,3,bronze,discipline=Biathlon;event=Biathlon World Championships Mixed Mixed relay;event_label=Mixed relay;team_members=Olga Podchufarova / Tatiana Akimova / Alexander Loginov / Anton Shipulin;entry_country=RUS;source_url=https://en.wikipedia.org/wiki/Biathlon_World_Championships,5.0
biathlon_world_championships_2017_women_individual-15-km,biathlon_world_athlete_Laura_Dahlmeier_GER,1,gold,discipline=Biathlon;event=Biathlon World Championships Women Individual (15 km);event_label=Individual (15 km);team_members=;entry_country=GER;source_url=https://en.wikipedia.org/wiki/Biathlon_World_Championships,10.0
biathlon_world_championships_2017_women_individual-15-km,biathlon_world_athlete_Gabriela_Koukalová_CZE,2,silver,discipline=Biathlon;event=Biathlon World Championships Women Individual (15 km);event_label=Individual (15 km);team_members=;entry_country=CZE;source_url=https://en.wikipedia.org/wiki/Biathlon_World_Championships,7.0
biathlon_world_championships_2017_women_individual-15-km,biathlon_world_athlete_Alexia_Runggaldier_ITA,3,bronze,discipline=Biathlon;event=Biathlon World Championships Women Individual (15 km);event_label=Individual (15 km);team_members=;entry_country=ITA;source_url=https://en.wikipedia.org/wiki/Biathlon_World_Championships,5.0
biathlon_world_championships_2017_women_mass-start-12-5-km,biathlon_world_athlete_Laura_Dahlmeier_GER,1,gold,discipline=Biathlon;event=Biathlon World Championships Women Mass start (12.5 km);event_label=Mass start (12.5 km);team_members=;entry_country=GER;source_url=https://en.wikipedia.org/wiki/Biathlon_World_Championships,10.0
biathlon_world_championships_2017_women_mass-start-12-5-km,biathlon_world_athlete_Susan_Dunklee_USA,2,silver,discipline=Biathlon;event=Biathlon World Championships Women Mass start (12.5 km);event_label=Mass start (12.5 km);team_members=;entry_country=USA;source_url=https://en.wikipedia.org/wiki/Biathlon_World_Championships,7.0
biathlon_world_championships_2017_women_mass-start-12-5-km,biathlon_world_athlete_Kaisa_Mäkäräinen_FIN,3,bronze,discipline=Biathlon;event=Biathlon World Championships Women Mass start (12.5 km);event_label=Mass start (12.5 km);team_members=;entry_country=FIN;source_url=https://en.wikipedia.org/wiki/Biathlon_World_Championships,5.0
biathlon_world_championships_2017_women_pursuit-10-km,biathlon_world_athlete_Laura_Dahlmeier_GER,1,gold,discipline=Biathlon;event=Biathlon World Championships Women Pursuit (10 km);event_label=Pursuit (10 km);team_members=;entry_country=GER;source_url=https://en.wikipedia.org/wiki/Biathlon_World_Championships,10.0
biathlon_world_championships_2017_women_pursuit-10-km,biathlon_world_athlete_Darya_Domracheva_BLR,2,silver,discipline=Biathlon;event=Biathlon World Championships Women Pursuit (10 km);event_label=Pursuit (10 km);team_members=;entry_country=BLR;source_url=https://en.wikipedia.org/wiki/Biathlon_World_Championships,7.0
biathlon_world_championships_2017_women_pursuit-10-km,biathlon_world_athlete_Gabriela_Koukalová_CZE,3,bronze,discipline=Biathlon;event=Biathlon World Championships Women Pursuit (10 km);event_label=Pursuit (10 km);team_members=;entry_country=CZE;source_url=https://en.wikipedia.org/wiki/Biathlon_World_Championships,5.0
biathlon_world_championships_2017_women_relay-4-6-km,biathlon_world_team_Germany_Vanessa_Hinz__Maren_Hammerschmidt__Franziska_Hildebrand__Laura_Dahlmeier_GER,1,gold,discipline=Biathlon;event=Biathlon World Championships Women Relay (4 × 6 km);event_label=Relay (4 × 6 km);team_members=Vanessa Hinz / Maren Hammerschmidt / Franziska Hildebrand / Laura Dahlmeier;entry_country=GER;source_url=https://en.wikipedia.org/wiki/Biathlon_World_Championships,10.0
biathlon_world_championships_2017_women_relay-4-6-km,biathlon_world_team_Ukraine_Iryna_Varvynets__Yuliia_Dzhima__Anastasiya_Merkushyna__Olena_Pidhrushna_UKR,2,silver,discipline=Biathlon;event=Biathlon World Championships Women Relay (4 × 6 km);event_label=Relay (4 × 6 km);team_members=Iryna Varvynets / Yuliia Dzhima / Anastasiya Merkushyna / Olena Pidhrushna;entry_country=UKR;source_url=https://en.wikipedia.org/wiki/Biathlon_World_Championships,7.0
biathlon_world_championships_2017_women_relay-4-6-km,biathlon_world_team_France_Anaïs_Chevalier__Célia_Aymonier__Justine_Braisaz__Marie_Dorin_Habert_FRA,3,bronze,discipline=Biathlon;event=Biathlon World Championships Women Relay (4 × 6 km);event_label=Relay (4 × 6 km);team_members=Anaïs Chevalier / Célia Aymonier / Justine Braisaz / Marie Dorin Habert;entry_country=FRA;source_url=https://en.wikipedia.org/wiki/Biathlon_World_Championships,5.0
biathlon_world_championships_2017_women_sprint-7-5-km,biathlon_world_athlete_Gabriela_Koukalová_CZE,1,gold,discipline=Biathlon;event=Biathlon World Championships Women Sprint (7.5 km);event_label=Sprint (7.5 km);team_members=;entry_country=CZE;source_url=https://en.wikipedia.org/wiki/Biathlon_World_Championships,10.0
biathlon_world_championships_2017_women_sprint-7-5-km,biathlon_world_athlete_Laura_Dahlmeier_GER,2,silver,discipline=Biathlon;event=Biathlon World Championships Women Sprint (7.5 km);event_label=Sprint (7.5 km);team_members=;entry_country=GER;source_url=https://en.wikipedia.org/wiki/Biathlon_World_Championships,7.0
biathlon_world_championships_2017_women_sprint-7-5-km,biathlon_world_athlete_Anaïs_Chevalier_FRA,3,bronze,discipline=Biathlon;event=Biathlon World Championships Women Sprint (7.5 km);event_label=Sprint (7.5 km);team_members=;entry_country=FRA;source_url=https://en.wikipedia.org/wiki/Biathlon_World_Championships,5.0
biathlon_world_championships_2019_men_individual-20-km,biathlon_world_athlete_Arnd_Peiffer_GER,1,gold,discipline=Biathlon;event=Biathlon World Championships Men Individual (20 km);event_label=Individual (20 km);team_members=;entry_country=GER;source_url=https://en.wikipedia.org/wiki/Biathlon_World_Championships,10.0
biathlon_world_championships_2019_men_individual-20-km,biathlon_world_athlete_Vladimir_Iliev_BUL,2,silver,discipline=Biathlon;event=Biathlon World Championships Men Individual (20 km);event_label=Individual (20 km);team_members=;entry_country=BUL;source_url=https://en.wikipedia.org/wiki/Biathlon_World_Championships,7.0
biathlon_world_championships_2019_men_individual-20-km,biathlon_world_athlete_Tarjei_Bø_NOR,3,bronze,discipline=Biathlon;event=Biathlon World Championships Men Individual (20 km);event_label=Individual (20 km);team_members=;entry_country=NOR;source_url=https://en.wikipedia.org/wiki/Biathlon_World_Championships,5.0
biathlon_world_championships_2019_men_mass-start-15-km,biathlon_world_athlete_Dominik_Windisch_ITA,1,gold,discipline=Biathlon;event=Biathlon World Championships Men Mass start (15 km);event_label=Mass start (15 km);team_members=;entry_country=ITA;source_url=https://en.wikipedia.org/wiki/Biathlon_World_Championships,10.0
biathlon_world_championships_2019_men_mass-start-15-km,biathlon_world_athlete_Antonin_Guigonnat_FRA,2,silver,discipline=Biathlon;event=Biathlon World Championships Men Mass start (15 km);event_label=Mass start (15 km);team_members=;entry_country=FRA;source_url=https://en.wikipedia.org/wiki/Biathlon_World_Championships,7.0
biathlon_world_championships_2019_men_mass-start-15-km,biathlon_world_athlete_Julian_Eberhard_AUT,3,bronze,discipline=Biathlon;event=Biathlon World Championships Men Mass start (15 km);event_label=Mass start (15 km);team_members=;entry_country=AUT;source_url=https://en.wikipedia.org/wiki/Biathlon_World_Championships,5.0
biathlon_world_championships_2019_men_pursuit-12-5-km,biathlon_world_athlete_Dmytro_Pidruchnyi_UKR,1,gold,discipline=Biathlon;event=Biathlon World Championships Men Pursuit (12.5 km);event_label=Pursuit (12.5 km);team_members=;entry_country=UKR;source_url=https://en.wikipedia.org/wiki/Biathlon_World_Championships,10.0
biathlon_world_championships_2019_men_pursuit-12-5-km,biathlon_world_athlete_Johannes_Thingnes_Bø_NOR,2,silver,discipline=Biathlon;event=Biathlon World Championships Men Pursuit (12.5 km);event_label=Pursuit (12.5 km);team_members=;entry_country=NOR;source_url=https://en.wikipedia.org/wiki/Biathlon_World_Championships,7.0
biathlon_world_championships_2019_men_pursuit-12-5-km,biathlon_world_athlete_Quentin_Fillon_Maillet_FRA,3,bronze,discipline=Biathlon;event=Biathlon World Championships Men Pursuit (12.5 km);event_label=Pursuit (12.5 km);team_members=;entry_country=FRA;source_url=https://en.wikipedia.org/wiki/Biathlon_World_Championships,5.0
biathlon_world_championships_2019_men_relay-4-7-5-km,biathlon_world_team_Norway_Lars_Helge_Birkeland__Vetle_Sjåstad_Christiansen__Tarjei_Bø__Johannes_Thingnes_Bø_NOR,1,gold,discipline=Biathlon;event=Biathlon World Championships Men Relay (4 × 7.5 km);event_label=Relay (4 × 7.5 km);team_members=Lars Helge Birkeland / Vetle Sjåstad Christiansen / Tarjei Bø / Johannes Thingnes Bø;entry_country=NOR;source_url=https://en.wikipedia.org/wiki/Biathlon_World_Championships,10.0
biathlon_world_championships_2019_men_relay-4-7-5-km,biathlon_world_team_Germany_Erik_Lesser__Roman_Rees__Arnd_Peiffer__Benedikt_Doll_GER,2,silver,discipline=Biathlon;event=Biathlon World Championships Men Relay (4 × 7.5 km);event_label=Relay (4 × 7.5 km);team_members=Erik Lesser / Roman Rees / Arnd Peiffer / Benedikt Doll;entry_country=GER;source_url=https://en.wikipedia.org/wiki/Biathlon_World_Championships,7.0
biathlon_world_championships_2019_men_relay-4-7-5-km,biathlon_world_team_Russia_Matvey_Eliseev__Nikita_Porshnev__Dmitry_Malyshko__Alexander_Loginov_RUS,3,bronze,discipline=Biathlon;event=Biathlon World Championships Men Relay (4 × 7.5 km);event_label=Relay (4 × 7.5 km);team_members=Matvey Eliseev / Nikita Porshnev / Dmitry Malyshko / Alexander Loginov;entry_country=RUS;source_url=https://en.wikipedia.org/wiki/Biathlon_World_Championships,5.0
biathlon_world_championships_2019_men_sprint-10-km,biathlon_world_athlete_Johannes_Thingnes_Bø_NOR,1,gold,discipline=Biathlon;event=Biathlon World Championships Men Sprint (10 km);event_label=Sprint (10 km);team_members=;entry_country=NOR;source_url=https://en.wikipedia.org/wiki/Biathlon_World_Championships,10.0
biathlon_world_championships_2019_men_sprint-10-km,biathlon_world_athlete_Alexander_Loginov_RUS,2,silver,discipline=Biathlon;event=Biathlon World Championships Men Sprint (10 km);event_label=Sprint (10 km);team_members=;entry_country=RUS;source_url=https://en.wikipedia.org/wiki/Biathlon_World_Championships,7.0
biathlon_world_championships_2019_men_sprint-10-km,biathlon_world_athlete_Quentin_Fillon_Maillet_FRA,3,bronze,discipline=Biathlon;event=Biathlon World Championships Men Sprint (10 km);event_label=Sprint (10 km);team_members=;entry_country=FRA;source_url=https://en.wikipedia.org/wiki/Biathlon_World_Championships,5.0
biathlon_world_championships_2019_mixed_mixed-relay,biathlon_world_team_Norway_Marte_Olsbu_Røiseland__Tiril_Eckhoff__Johannes_Thingnes_Bø__Vetle_Sjåstad_Christiansen_NOR,1,gold,discipline=Biathlon;event=Biathlon World Championships Mixed Mixed relay;event_label=Mixed relay;team_members=Marte Olsbu Røiseland / Tiril Eckhoff / Johannes Thingnes Bø / Vetle Sjåstad Christiansen;entry_country=NOR;source_url=https://en.wikipedia.org/wiki/Biathlon_World_Championships,10.0
biathlon_world_championships_2019_mixed_mixed-relay,biathlon_world_team_Germany_Vanessa_Hinz__Denise_Herrmann__Arnd_Peiffer__Benedikt_Doll_GER,2,silver,discipline=Biathlon;event=Biathlon World Championships Mixed Mixed relay;event_label=Mixed relay;team_members=Vanessa Hinz / Denise Herrmann / Arnd Peiffer / Benedikt Doll;entry_country=GER;source_url=https://en.wikipedia.org/wiki/Biathlon_World_Championships,7.0
biathlon_world_championships_2019_mixed_mixed-relay,biathlon_world_team_Italy_Lisa_Vittozzi__Dorothea_Wierer__Lukas_Hofer__Dominik_Windisch_ITA,3,bronze,discipline=Biathlon;event=Biathlon World Championships Mixed Mixed relay;event_label=Mixed relay;team_members=Lisa Vittozzi / Dorothea Wierer / Lukas Hofer / Dominik Windisch;entry_country=ITA;source_url=https://en.wikipedia.org/wiki/Biathlon_World_Championships,5.0
biathlon_world_championships_2019_mixed_single-mixed-relay,biathlon_world_team_Norway_Marte_Olsbu_Røiseland__Johannes_Thingnes_Bø_NOR,1,gold,discipline=Biathlon;event=Biathlon World Championships Mixed Single mixed relay;event_label=Single mixed relay;team_members=Marte Olsbu Røiseland / Johannes Thingnes Bø;entry_country=NOR;source_url=https://en.wikipedia.org/wiki/Biathlon_World_Championships,10.0
biathlon_world_championships_2019_mixed_single-mixed-relay,biathlon_world_team_Italy_Dorothea_Wierer__Lukas_Hofer_ITA,2,silver,discipline=Biathlon;event=Biathlon World Championships Mixed Single mixed relay;event_label=Single mixed relay;team_members=Dorothea Wierer / Lukas Hofer;entry_country=ITA;source_url=https://en.wikipedia.org/wiki/Biathlon_World_Championships,7.0
biathlon_world_championships_2019_mixed_single-mixed-relay,biathlon_world_team_Sweden_Hanna_Öberg__Sebastian_Samuelsson_SWE,3,bronze,discipline=Biathlon;event=Biathlon World Championships Mixed Single mixed relay;event_label=Single mixed relay;team_members=Hanna Öberg / Sebastian Samuelsson;entry_country=SWE;source_url=https://en.wikipedia.org/wiki/Biathlon_World_Championships,5.0
biathlon_world_championships_2019_women_individual-15-km,biathlon_world_athlete_Hanna_Öberg_SWE,1,gold,discipline=Biathlon;event=Biathlon World Championships Women Individual (15 km);event_label=Individual (15 km);team_members=;entry_country=SWE;source_url=https://en.wikipedia.org/wiki/Biathlon_World_Championships,10.0
biathlon_world_championships_2019_women_individual-15-km,biathlon_world_athlete_Lisa_Vittozzi_ITA,2,silver,discipline=Biathlon;event=Biathlon World Championships Women Individual (15 km);event_label=Individual (15 km);team_members=;entry_country=ITA;source_url=https://en.wikipedia.org/wiki/Biathlon_World_Championships,7.0
biathlon_world_championships_2019_women_individual-15-km,biathlon_world_athlete_Justine_Braisaz_FRA,3,bronze,discipline=Biathlon;event=Biathlon World Championships Women Individual (15 km);event_label=Individual (15 km);team_members=;entry_country=FRA;source_url=https://en.wikipedia.org/wiki/Biathlon_World_Championships,5.0
biathlon_world_championships_2019_women_mass-start-12-5-km,biathlon_world_athlete_Dorothea_Wierer_ITA,1,gold,discipline=Biathlon;event=Biathlon World Championships Women Mass start (12.5 km);event_label=Mass start (12.5 km);team_members=;entry_country=ITA;source_url=https://en.wikipedia.org/wiki/Biathlon_World_Championships,10.0
biathlon_world_championships_2019_women_mass-start-12-5-km,biathlon_world_athlete_Ekaterina_Yurlova-Percht_RUS,2,silver,discipline=Biathlon;event=Biathlon World Championships Women Mass start (12.5 km);event_label=Mass start (12.5 km);team_members=;entry_country=RUS;source_url=https://en.wikipedia.org/wiki/Biathlon_World_Championships,7.0
biathlon_world_championships_2019_women_mass-start-12-5-km,biathlon_world_athlete_Denise_Herrmann_GER,3,bronze,discipline=Biathlon;event=Biathlon World Championships Women Mass start (12.5 km);event_label=Mass start (12.5 km);team_members=;entry_country=GER;source_url=https://en.wikipedia.org/wiki/Biathlon_World_Championships,5.0
biathlon_world_championships_2019_women_pursuit-10-km,biathlon_world_athlete_Denise_Herrmann_GER,1,gold,discipline=Biathlon;event=Biathlon World Championships Women Pursuit (10 km);event_label=Pursuit (10 km);team_members=;entry_country=GER;source_url=https://en.wikipedia.org/wiki/Biathlon_World_Championships,10.0
biathlon_world_championships_2019_women_pursuit-10-km,biathlon_world_athlete_Tiril_Eckhoff_NOR,2,silver,discipline=Biathlon;event=Biathlon World Championships Women Pursuit (10 km);event_label=Pursuit (10 km);team_members=;entry_country=NOR;source_url=https://en.wikipedia.org/wiki/Biathlon_World_Championships,7.0
biathlon_world_championships_2019_women_pursuit-10-km,biathlon_world_athlete_Laura_Dahlmeier_GER,3,bronze,discipline=Biathlon;event=Biathlon World Championships Women Pursuit (10 km);event_label=Pursuit (10 km);team_members=;entry_country=GER;source_url=https://en.wikipedia.org/wiki/Biathlon_World_Championships,5.0
biathlon_world_championships_2019_women_relay-4-6-km,biathlon_world_team_Norway_Synnøve_Solemdal__Ingrid_Landmark_Tandrevold__Tiril_Eckhoff__Marte_Olsbu_Røiseland_NOR,1,gold,discipline=Biathlon;event=Biathlon World Championships Women Relay (4 × 6 km);event_label=Relay (4 × 6 km);team_members=Synnøve Solemdal / Ingrid Landmark Tandrevold / Tiril Eckhoff / Marte Olsbu Røiseland;entry_country=NOR;source_url=https://en.wikipedia.org/wiki/Biathlon_World_Championships,10.0
biathlon_world_championships_2019_women_relay-4-6-km,biathlon_world_team_Sweden_Linn_Persson__Mona_Brorsson__Anna_Magnusson__Hanna_Öberg_SWE,2,silver,discipline=Biathlon;event=Biathlon World Championships Women Relay (4 × 6 km);event_label=Relay (4 × 6 km);team_members=Linn Persson / Mona Brorsson / Anna Magnusson / Hanna Öberg;entry_country=SWE;source_url=https://en.wikipedia.org/wiki/Biathlon_World_Championships,7.0
biathlon_world_championships_2019_women_relay-4-6-km,biathlon_world_team_Ukraine_Anastasiya_Merkushyna__Vita_Semerenko__Yuliia_Dzhima__Valentyna_Semerenko_UKR,3,bronze,discipline=Biathlon;event=Biathlon World Championships Women Relay (4 × 6 km);event_label=Relay (4 × 6 km);team_members=Anastasiya Merkushyna / Vita Semerenko / Yuliia Dzhima / Valentyna Semerenko;entry_country=UKR;source_url=https://en.wikipedia.org/wiki/Biathlon_World_Championships,5.0
biathlon_world_championships_2019_women_sprint-7-5-km,biathlon_world_athlete_Anastasiya_Kuzmina_SVK,1,gold,discipline=Biathlon;event=Biathlon World Championships Women Sprint (7.5 km);event_label=Sprint (7.5 km);team_members=;entry_country=SVK;source_url=https://en.wikipedia.org/wiki/Biathlon_World_Championships,10.0
biathlon_world_championships_2019_women_sprint-7-5-km,biathlon_world_athlete_Ingrid_Landmark_Tandrevold_NOR,2,silver,discipline=Biathlon;event=Biathlon World Championships Women Sprint (7.5 km);event_label=Sprint (7.5 km);team_members=;entry_country=NOR;source_url=https://en.wikipedia.org/wiki/Biathlon_World_Championships,7.0
biathlon_world_championships_2019_women_sprint-7-5-km,biathlon_world_athlete_Laura_Dahlmeier_GER,3,bronze,discipline=Biathlon;event=Biathlon World Championships Women Sprint (7.5 km);event_label=Sprint (7.5 km);team_members=;entry_country=GER;source_url=https://en.wikipedia.org/wiki/Biathlon_World_Championships,5.0
biathlon_world_championships_2020_men_individual-20-km,biathlon_world_athlete_Martin_Fourcade_FRA,1,gold,discipline=Biathlon;event=Biathlon World Championships Men Individual (20 km);event_label=Individual (20 km);team_members=;entry_country=FRA;source_url=https://en.wikipedia.org/wiki/Biathlon_World_Championships,10.0
biathlon_world_championships_2020_men_individual-20-km,biathlon_world_athlete_Johannes_Thingnes_Bø_NOR,2,silver,discipline=Biathlon;event=Biathlon World Championships Men Individual (20 km);event_label=Individual (20 km);team_members=;entry_country=NOR;source_url=https://en.wikipedia.org/wiki/Biathlon_World_Championships,7.0
biathlon_world_championships_2020_men_individual-20-km,biathlon_world_athlete_Dominik_Landertinger_AUT,3,bronze,discipline=Biathlon;event=Biathlon World Championships Men Individual (20 km);event_label=Individual (20 km);team_members=;entry_country=AUT;source_url=https://en.wikipedia.org/wiki/Biathlon_World_Championships,5.0
biathlon_world_championships_2020_men_mass-start-15-km,biathlon_world_athlete_Johannes_Thingnes_Bø_NOR,1,gold,discipline=Biathlon;event=Biathlon World Championships Men Mass start (15 km);event_label=Mass start (15 km);team_members=;entry_country=NOR;source_url=https://en.wikipedia.org/wiki/Biathlon_World_Championships,10.0
biathlon_world_championships_2020_men_mass-start-15-km,biathlon_world_athlete_Quentin_Fillon_Maillet_FRA,2,silver,discipline=Biathlon;event=Biathlon World Championships Men Mass start (15 km);event_label=Mass start (15 km);team_members=;entry_country=FRA;source_url=https://en.wikipedia.org/wiki/Biathlon_World_Championships,7.0
biathlon_world_championships_2020_men_mass-start-15-km,biathlon_world_athlete_Émilien_Jacquelin_FRA,3,bronze,discipline=Biathlon;event=Biathlon World Championships Men Mass start (15 km);event_label=Mass start (15 km);team_members=;entry_country=FRA;source_url=https://en.wikipedia.org/wiki/Biathlon_World_Championships,5.0
biathlon_world_championships_2020_men_pursuit-12-5-km,biathlon_world_athlete_Émilien_Jacquelin_FRA,1,gold,discipline=Biathlon;event=Biathlon World Championships Men Pursuit (12.5 km);event_label=Pursuit (12.5 km);team_members=;entry_country=FRA;source_url=https://en.wikipedia.org/wiki/Biathlon_World_Championships,10.0
biathlon_world_championships_2020_men_pursuit-12-5-km,biathlon_world_athlete_Johannes_Thingnes_Bø_NOR,2,silver,discipline=Biathlon;event=Biathlon World Championships Men Pursuit (12.5 km);event_label=Pursuit (12.5 km);team_members=;entry_country=NOR;source_url=https://en.wikipedia.org/wiki/Biathlon_World_Championships,7.0
biathlon_world_championships_2020_men_pursuit-12-5-km,biathlon_world_athlete_Alexander_Loginov_RUS,3,bronze,discipline=Biathlon;event=Biathlon World Championships Men Pursuit (12.5 km);event_label=Pursuit (12.5 km);team_members=;entry_country=RUS;source_url=https://en.wikipedia.org/wiki/Biathlon_World_Championships,5.0
biathlon_world_championships_2020_men_relay-4-7-5-km,biathlon_world_team_France_Émilien_Jacquelin__Martin_Fourcade__Simon_Desthieux__Quentin_Fillon_Maillet_FRA,1,gold,discipline=Biathlon;event=Biathlon World Championships Men Relay (4 × 7.5 km);event_label=Relay (4 × 7.5 km);team_members=Émilien Jacquelin / Martin Fourcade / Simon Desthieux / Quentin Fillon Maillet;entry_country=FRA;source_url=https://en.wikipedia.org/wiki/Biathlon_World_Championships,10.0
biathlon_world_championships_2020_men_relay-4-7-5-km,biathlon_world_team_Norway_Vetle_Sjåstad_Christiansen__Johannes_Dale__Tarjei_Bø__Johannes_Thingnes_Bø_NOR,2,silver,discipline=Biathlon;event=Biathlon World Championships Men Relay (4 × 7.5 km);event_label=Relay (4 × 7.5 km);team_members=Vetle Sjåstad Christiansen / Johannes Dale / Tarjei Bø / Johannes Thingnes Bø;entry_country=NOR;source_url=https://en.wikipedia.org/wiki/Biathlon_World_Championships,7.0
biathlon_world_championships_2020_men_relay-4-7-5-km,biathlon_world_team_Germany_Erik_Lesser__Philipp_Horn__Arnd_Peiffer__Benedikt_Doll_GER,3,bronze,discipline=Biathlon;event=Biathlon World Championships Men Relay (4 × 7.5 km);event_label=Relay (4 × 7.5 km);team_members=Erik Lesser / Philipp Horn / Arnd Peiffer / Benedikt Doll;entry_country=GER;source_url=https://en.wikipedia.org/wiki/Biathlon_World_Championships,5.0
biathlon_world_championships_2020_men_sprint-10-km,biathlon_world_athlete_Alexander_Loginov_RUS,1,gold,discipline=Biathlon;event=Biathlon World Championships Men Sprint (10 km);event_label=Sprint (10 km);team_members=;entry_country=RUS;source_url=https://en.wikipedia.org/wiki/Biathlon_World_Championships,10.0
biathlon_world_championships_2020_men_sprint-10-km,biathlon_world_athlete_Quentin_Fillon_Maillet_FRA,2,silver,discipline=Biathlon;event=Biathlon World Championships Men Sprint (10 km);event_label=Sprint (10 km);team_members=;entry_country=FRA;source_url=https://en.wikipedia.org/wiki/Biathlon_World_Championships,7.0
biathlon_world_championships_2020_men_sprint-10-km,biathlon_world_athlete_Martin_Fourcade_FRA,3,bronze,discipline=Biathlon;event=Biathlon World Championships Men Sprint (10 km);event_label=Sprint (10 km);team_members=;entry_country=FRA;source_url=https://en.wikipedia.org/wiki/Biathlon_World_Championships,5.0
biathlon_world_championships_2020_mixed_mixed-relay,biathlon_world_team_Norway_Marte_Olsbu_Røiseland__Tiril_Eckhoff__Tarjei_Bø__Johannes_Thingnes_Bø_NOR,1,gold,discipline=Biathlon;event=Biathlon World Championships Mixed Mixed relay;event_label=Mixed relay;team_members=Marte Olsbu Røiseland / Tiril Eckhoff / Tarjei Bø / Johannes Thingnes Bø;entry_country=NOR;source_url=https://en.wikipedia.org/wiki/Biathlon_World_Championships,10.0
biathlon_world_championships_2020_mixed_mixed-relay,biathlon_world_team_Italy_Lisa_Vittozzi__Dorothea_Wierer__Lukas_Hofer__Dominik_Windisch_ITA,2,silver,discipline=Biathlon;event=Biathlon World Championships Mixed Mixed relay;event_label=Mixed relay;team_members=Lisa Vittozzi / Dorothea Wierer / Lukas Hofer / Dominik Windisch;entry_country=ITA;source_url=https://en.wikipedia.org/wiki/Biathlon_World_Championships,7.0
biathlon_world_championships_2020_mixed_mixed-relay,biathlon_world_team_Czech_Republic_Eva_Kristejn_Puskaríková__Markéta_Davidová__Ondej_Moravec__Michal_Krmá_CZE,3,bronze,discipline=Biathlon;event=Biathlon World Championships Mixed Mixed relay;event_label=Mixed relay;team_members=Eva Kristejn Puskarčíková / Markéta Davidová / Ondřej Moravec / Michal Krčmář;entry_country=CZE;source_url=https://en.wikipedia.org/wiki/Biathlon_World_Championships,5.0
biathlon_world_championships_2020_mixed_single-mixed-relay,biathlon_world_team_Norway_Marte_Olsbu_Røiseland__Johannes_Thingnes_Bø_NOR,1,gold,discipline=Biathlon;event=Biathlon World Championships Mixed Single mixed relay;event_label=Single mixed relay;team_members=Marte Olsbu Røiseland / Johannes Thingnes Bø;entry_country=NOR;source_url=https://en.wikipedia.org/wiki/Biathlon_World_Championships,10.0
biathlon_world_championships_2020_mixed_single-mixed-relay,biathlon_world_team_Germany_Franziska_Preuß__Erik_Lesser_GER,2,silver,discipline=Biathlon;event=Biathlon World Championships Mixed Single mixed relay;event_label=Single mixed relay;team_members=Franziska Preuß / Erik Lesser;entry_country=GER;source_url=https://en.wikipedia.org/wiki/Biathlon_World_Championships,7.0
biathlon_world_championships_2020_mixed_single-mixed-relay,biathlon_world_team_France_Anaïs_Bescond__Émilien_Jacquelin_FRA,3,bronze,discipline=Biathlon;event=Biathlon World Championships Mixed Single mixed relay;event_label=Single mixed relay;team_members=Anaïs Bescond / Émilien Jacquelin;entry_country=FRA;source_url=https://en.wikipedia.org/wiki/Biathlon_World_Championships,5.0
biathlon_world_championships_2020_women_individual-15-km,biathlon_world_athlete_Dorothea_Wierer_ITA,1,gold,discipline=Biathlon;event=Biathlon World Championships Women Individual (15 km);event_label=Individual (15 km);team_members=;entry_country=ITA;source_url=https://en.wikipedia.org/wiki/Biathlon_World_Championships,10.0
biathlon_world_championships_2020_women_individual-15-km,biathlon_world_athlete_Vanessa_Hinz_GER,2,silver,discipline=Biathlon;event=Biathlon World Championships Women Individual (15 km);event_label=Individual (15 km);team_members=;entry_country=GER;source_url=https://en.wikipedia.org/wiki/Biathlon_World_Championships,7.0
biathlon_world_championships_2020_women_individual-15-km,biathlon_world_athlete_Marte_Olsbu_Røiseland_NOR,3,bronze,discipline=Biathlon;event=Biathlon World Championships Women Individual (15 km);event_label=Individual (15 km);team_members=;entry_country=NOR;source_url=https://en.wikipedia.org/wiki/Biathlon_World_Championships,5.0
biathlon_world_championships_2020_women_mass-start-12-5-km,biathlon_world_athlete_Marte_Olsbu_Røiseland_NOR,1,gold,discipline=Biathlon;event=Biathlon World Championships Women Mass start (12.5 km);event_label=Mass start (12.5 km);team_members=;entry_country=NOR;source_url=https://en.wikipedia.org/wiki/Biathlon_World_Championships,10.0
biathlon_world_championships_2020_women_mass-start-12-5-km,biathlon_world_athlete_Dorothea_Wierer_ITA,2,silver,discipline=Biathlon;event=Biathlon World Championships Women Mass start (12.5 km);event_label=Mass start (12.5 km);team_members=;entry_country=ITA;source_url=https://en.wikipedia.org/wiki/Biathlon_World_Championships,7.0
biathlon_world_championships_2020_women_mass-start-12-5-km,biathlon_world_athlete_Hanna_Öberg_SWE,3,bronze,discipline=Biathlon;event=Biathlon World Championships Women Mass start (12.5 km);event_label=Mass start (12.5 km);team_members=;entry_country=SWE;source_url=https://en.wikipedia.org/wiki/Biathlon_World_Championships,5.0
biathlon_world_championships_2020_women_pursuit-10-km,biathlon_world_athlete_Dorothea_Wierer_ITA,1,gold,discipline=Biathlon;event=Biathlon World Championships Women Pursuit (10 km);event_label=Pursuit (10 km);team_members=;entry_country=ITA;source_url=https://en.wikipedia.org/wiki/Biathlon_World_Championships,10.0
biathlon_world_championships_2020_women_pursuit-10-km,biathlon_world_athlete_Denise_Herrmann_GER,2,silver,discipline=Biathlon;event=Biathlon World Championships Women Pursuit (10 km);event_label=Pursuit (10 km);team_members=;entry_country=GER;source_url=https://en.wikipedia.org/wiki/Biathlon_World_Championships,7.0
biathlon_world_championships_2020_women_pursuit-10-km,biathlon_world_athlete_Marte_Olsbu_Røiseland_NOR,3,bronze,discipline=Biathlon;event=Biathlon World Championships Women Pursuit (10 km);event_label=Pursuit (10 km);team_members=;entry_country=NOR;source_url=https://en.wikipedia.org/wiki/Biathlon_World_Championships,5.0
biathlon_world_championships_2020_women_relay-4-6-km,biathlon_world_team_Norway_Synnøve_Solemdal__Ingrid_Landmark_Tandrevold__Tiril_Eckhoff__Marte_Olsbu_Røiseland_NOR,1,gold,discipline=Biathlon;event=Biathlon World Championships Women Relay (4 × 6 km);event_label=Relay (4 × 6 km);team_members=Synnøve Solemdal / Ingrid Landmark Tandrevold / Tiril Eckhoff / Marte Olsbu Røiseland;entry_country=NOR;source_url=https://en.wikipedia.org/wiki/Biathlon_World_Championships,10.0
biathlon_world_championships_2020_women_relay-4-6-km,biathlon_world_team_Germany_Karolin_Horchler__Vanessa_Hinz__Franziska_Preuß__Denise_Herrmann_GER,2,silver,discipline=Biathlon;event=Biathlon World Championships Women Relay (4 × 6 km);event_label=Relay (4 × 6 km);team_members=Karolin Horchler / Vanessa Hinz / Franziska Preuß / Denise Herrmann;entry_country=GER;source_url=https://en.wikipedia.org/wiki/Biathlon_World_Championships,7.0
biathlon_world_championships_2020_women_relay-4-6-km,biathlon_world_team_Ukraine_Anastasiya_Merkushyna__Yuliia_Dzhima__Vita_Semerenko__Olena_Pidhrushna_UKR,3,bronze,discipline=Biathlon;event=Biathlon World Championships Women Relay (4 × 6 km);event_label=Relay (4 × 6 km);team_members=Anastasiya Merkushyna / Yuliia Dzhima / Vita Semerenko / Olena Pidhrushna;entry_country=UKR;source_url=https://en.wikipedia.org/wiki/Biathlon_World_Championships,5.0
biathlon_world_championships_2020_women_sprint-7-5-km,biathlon_world_athlete_Marte_Olsbu_Røiseland_NOR,1,gold,discipline=Biathlon;event=Biathlon World Championships Women Sprint (7.5 km);event_label=Sprint (7.5 km);team_members=;entry_country=NOR;source_url=https://en.wikipedia.org/wiki/Biathlon_World_Championships,10.0
biathlon_world_championships_2020_women_sprint-7-5-km,biathlon_world_athlete_Susan_Dunklee_USA,2,silver,discipline=Biathlon;event=Biathlon World Championships Women Sprint (7.5 km);event_label=Sprint (7.5 km);team_members=;entry_country=USA;source_url=https://en.wikipedia.org/wiki/Biathlon_World_Championships,7.0
biathlon_world_championships_2020_women_sprint-7-5-km,biathlon_world_athlete_Lucie_Charvátová_CZE,3,bronze,discipline=Biathlon;event=Biathlon World Championships Women Sprint (7.5 km);event_label=Sprint (7.5 km);team_members=;entry_country=CZE;source_url=https://en.wikipedia.org/wiki/Biathlon_World_Championships,5.0
biathlon_world_championships_2021_men_individual-20-km,biathlon_world_athlete_Sturla_Holm_Lægreid_NOR,1,gold,discipline=Biathlon;event=Biathlon World Championships Men Individual (20 km);event_label=Individual (20 km);team_members=;entry_country=NOR;source_url=https://en.wikipedia.org/wiki/Biathlon_World_Championships,10.0
biathlon_world_championships_2021_men_individual-20-km,biathlon_world_athlete_Arnd_Peiffer_GER,2,silver,discipline=Biathlon;event=Biathlon World Championships Men Individual (20 km);event_label=Individual (20 km);team_members=;entry_country=GER;source_url=https://en.wikipedia.org/wiki/Biathlon_World_Championships,7.0
biathlon_world_championships_2021_men_individual-20-km,biathlon_world_athlete_Johannes_Dale_NOR,3,bronze,discipline=Biathlon;event=Biathlon World Championships Men Individual (20 km);event_label=Individual (20 km);team_members=;entry_country=NOR;source_url=https://en.wikipedia.org/wiki/Biathlon_World_Championships,5.0
biathlon_world_championships_2021_men_mass-start-15-km,biathlon_world_athlete_Sturla_Holm_Lægreid_NOR,1,gold,discipline=Biathlon;event=Biathlon World Championships Men Mass start (15 km);event_label=Mass start (15 km);team_members=;entry_country=NOR;source_url=https://en.wikipedia.org/wiki/Biathlon_World_Championships,10.0
biathlon_world_championships_2021_men_mass-start-15-km,biathlon_world_athlete_Johannes_Dale_NOR,2,silver,discipline=Biathlon;event=Biathlon World Championships Men Mass start (15 km);event_label=Mass start (15 km);team_members=;entry_country=NOR;source_url=https://en.wikipedia.org/wiki/Biathlon_World_Championships,7.0
biathlon_world_championships_2021_men_mass-start-15-km,biathlon_world_athlete_Quentin_Fillon_Maillet_FRA,3,bronze,discipline=Biathlon;event=Biathlon World Championships Men Mass start (15 km);event_label=Mass start (15 km);team_members=;entry_country=FRA;source_url=https://en.wikipedia.org/wiki/Biathlon_World_Championships,5.0
biathlon_world_championships_2021_men_pursuit-12-5-km,biathlon_world_athlete_Émilien_Jacquelin_FRA,1,gold,discipline=Biathlon;event=Biathlon World Championships Men Pursuit (12.5 km);event_label=Pursuit (12.5 km);team_members=;entry_country=FRA;source_url=https://en.wikipedia.org/wiki/Biathlon_World_Championships,10.0
biathlon_world_championships_2021_men_pursuit-12-5-km,biathlon_world_athlete_Sebastian_Samuelsson_SWE,2,silver,discipline=Biathlon;event=Biathlon World Championships Men Pursuit (12.5 km);event_label=Pursuit (12.5 km);team_members=;entry_country=SWE;source_url=https://en.wikipedia.org/wiki/Biathlon_World_Championships,7.0
biathlon_world_championships_2021_men_pursuit-12-5-km,biathlon_world_athlete_Johannes_Thingnes_Bø_NOR,3,bronze,discipline=Biathlon;event=Biathlon World Championships Men Pursuit (12.5 km);event_label=Pursuit (12.5 km);team_members=;entry_country=NOR;source_url=https://en.wikipedia.org/wiki/Biathlon_World_Championships,5.0
biathlon_world_championships_2021_men_relay-4-7-5-km,biathlon_world_team_Norway_Sturla_Holm_Lægreid__Tarjei_Bø__Johannes_Thingnes_Bø__Vetle_Sjåstad_Christiansen_NOR,1,gold,discipline=Biathlon;event=Biathlon World Championships Men Relay (4 × 7.5 km);event_label=Relay (4 × 7.5 km);team_members=Sturla Holm Lægreid / Tarjei Bø / Johannes Thingnes Bø / Vetle Sjåstad Christiansen;entry_country=NOR;source_url=https://en.wikipedia.org/wiki/Biathlon_World_Championships,10.0
biathlon_world_championships_2021_men_relay-4-7-5-km,biathlon_world_team_Sweden_Peppe_Femling__Jesper_Nelin__Martin_Ponsiluoma__Sebastian_Samuelsson_SWE,2,silver,discipline=Biathlon;event=Biathlon World Championships Men Relay (4 × 7.5 km);event_label=Relay (4 × 7.5 km);team_members=Peppe Femling / Jesper Nelin / Martin Ponsiluoma / Sebastian Samuelsson;entry_country=SWE;source_url=https://en.wikipedia.org/wiki/Biathlon_World_Championships,7.0
biathlon_world_championships_2021_men_relay-4-7-5-km,biathlon_world_team_Russia_Said_Karimulla_Khalili__Matvey_Eliseev__Alexander_Loginov__Eduard_Latypov_RUS,3,bronze,discipline=Biathlon;event=Biathlon World Championships Men Relay (4 × 7.5 km);event_label=Relay (4 × 7.5 km);team_members=Said Karimulla Khalili / Matvey Eliseev / Alexander Loginov / Eduard Latypov;entry_country=RUS;source_url=https://en.wikipedia.org/wiki/Biathlon_World_Championships,5.0
biathlon_world_championships_2021_men_sprint-10-km,biathlon_world_athlete_Martin_Ponsiluoma_SWE,1,gold,discipline=Biathlon;event=Biathlon World Championships Men Sprint (10 km);event_label=Sprint (10 km);team_members=;entry_country=SWE;source_url=https://en.wikipedia.org/wiki/Biathlon_World_Championships,10.0
biathlon_world_championships_2021_men_sprint-10-km,biathlon_world_athlete_Simon_Desthieux_FRA,2,silver,discipline=Biathlon;event=Biathlon World Championships Men Sprint (10 km);event_label=Sprint (10 km);team_members=;entry_country=FRA;source_url=https://en.wikipedia.org/wiki/Biathlon_World_Championships,7.0
biathlon_world_championships_2021_men_sprint-10-km,biathlon_world_athlete_Émilien_Jacquelin_FRA,3,bronze,discipline=Biathlon;event=Biathlon World Championships Men Sprint (10 km);event_label=Sprint (10 km);team_members=;entry_country=FRA;source_url=https://en.wikipedia.org/wiki/Biathlon_World_Championships,5.0
biathlon_world_championships_2021_mixed_mixed-relay,biathlon_world_team_Norway_Sturla_Holm_Lægreid__Johannes_Thingnes_Bø__Tiril_Eckhoff__Marte_Olsbu_Røiseland_NOR,1,gold,discipline=Biathlon;event=Biathlon World Championships Mixed Mixed relay;event_label=Mixed relay;team_members=Sturla Holm Lægreid / Johannes Thingnes Bø / Tiril Eckhoff / Marte Olsbu Røiseland;entry_country=NOR;source_url=https://en.wikipedia.org/wiki/Biathlon_World_Championships,10.0
biathlon_world_championships_2021_mixed_mixed-relay,biathlon_world_team_Austria_David_Komatz__Simon_Eder__Dunja_Zdouc__Lisa_Theresa_Hauser_AUT,2,silver,discipline=Biathlon;event=Biathlon World Championships Mixed Mixed relay;event_label=Mixed relay;team_members=David Komatz / Simon Eder / Dunja Zdouc / Lisa Theresa Hauser;entry_country=AUT;source_url=https://en.wikipedia.org/wiki/Biathlon_World_Championships,7.0
biathlon_world_championships_2021_mixed_mixed-relay,biathlon_world_team_Sweden_Sebastian_Samuelsson__Martin_Ponsiluoma__Linn_Persson__Hanna_Öberg_SWE,3,bronze,discipline=Biathlon;event=Biathlon World Championships Mixed Mixed relay;event_label=Mixed relay;team_members=Sebastian Samuelsson / Martin Ponsiluoma / Linn Persson / Hanna Öberg;entry_country=SWE;source_url=https://en.wikipedia.org/wiki/Biathlon_World_Championships,5.0
biathlon_world_championships_2021_mixed_single-mixed-relay,biathlon_world_team_France_Antonin_Guigonnat__Julia_Simon_FRA,1,gold,discipline=Biathlon;event=Biathlon World Championships Mixed Single mixed relay;event_label=Single mixed relay;team_members=Antonin Guigonnat / Julia Simon;entry_country=FRA;source_url=https://en.wikipedia.org/wiki/Biathlon_World_Championships,10.0
biathlon_world_championships_2021_mixed_single-mixed-relay,biathlon_world_team_Norway_Johannes_Thingnes_Bø__Tiril_Eckhoff_NOR,2,silver,discipline=Biathlon;event=Biathlon World Championships Mixed Single mixed relay;event_label=Single mixed relay;team_members=Johannes Thingnes Bø / Tiril Eckhoff;entry_country=NOR;source_url=https://en.wikipedia.org/wiki/Biathlon_World_Championships,7.0
biathlon_world_championships_2021_mixed_single-mixed-relay,biathlon_world_team_Sweden_Sebastian_Samuelsson__Hanna_Öberg_SWE,3,bronze,discipline=Biathlon;event=Biathlon World Championships Mixed Single mixed relay;event_label=Single mixed relay;team_members=Sebastian Samuelsson / Hanna Öberg;entry_country=SWE;source_url=https://en.wikipedia.org/wiki/Biathlon_World_Championships,5.0
biathlon_world_championships_2021_women_individual-15-km,biathlon_world_athlete_Markéta_Davidová_CZE,1,gold,discipline=Biathlon;event=Biathlon World Championships Women Individual (15 km);event_label=Individual (15 km);team_members=;entry_country=CZE;source_url=https://en.wikipedia.org/wiki/Biathlon_World_Championships,10.0
biathlon_world_championships_2021_women_individual-15-km,biathlon_world_athlete_Hanna_Öberg_SWE,2,silver,discipline=Biathlon;event=Biathlon World Championships Women Individual (15 km);event_label=Individual (15 km);team_members=;entry_country=SWE;source_url=https://en.wikipedia.org/wiki/Biathlon_World_Championships,7.0
biathlon_world_championships_2021_women_individual-15-km,biathlon_world_athlete_Ingrid_Landmark_Tandrevold_NOR,3,bronze,discipline=Biathlon;event=Biathlon World Championships Women Individual (15 km);event_label=Individual (15 km);team_members=;entry_country=NOR;source_url=https://en.wikipedia.org/wiki/Biathlon_World_Championships,5.0
biathlon_world_championships_2021_women_mass-start-12-5-km,biathlon_world_athlete_Lisa_Theresa_Hauser_AUT,1,gold,discipline=Biathlon;event=Biathlon World Championships Women Mass start (12.5 km);event_label=Mass start (12.5 km);team_members=;entry_country=AUT;source_url=https://en.wikipedia.org/wiki/Biathlon_World_Championships,10.0
biathlon_world_championships_2021_women_mass-start-12-5-km,biathlon_world_athlete_Ingrid_Landmark_Tandrevold_NOR,2,silver,discipline=Biathlon;event=Biathlon World Championships Women Mass start (12.5 km);event_label=Mass start (12.5 km);team_members=;entry_country=NOR;source_url=https://en.wikipedia.org/wiki/Biathlon_World_Championships,7.0
biathlon_world_championships_2021_women_mass-start-12-5-km,biathlon_world_athlete_Tiril_Eckhoff_NOR,3,bronze,discipline=Biathlon;event=Biathlon World Championships Women Mass start (12.5 km);event_label=Mass start (12.5 km);team_members=;entry_country=NOR;source_url=https://en.wikipedia.org/wiki/Biathlon_World_Championships,5.0
biathlon_world_championships_2021_women_pursuit-10-km,biathlon_world_athlete_Tiril_Eckhoff_NOR,1,gold,discipline=Biathlon;event=Biathlon World Championships Women Pursuit (10 km);event_label=Pursuit (10 km);team_members=;entry_country=NOR;source_url=https://en.wikipedia.org/wiki/Biathlon_World_Championships,10.0
biathlon_world_championships_2021_women_pursuit-10-km,biathlon_world_athlete_Lisa_Theresa_Hauser_AUT,2,silver,discipline=Biathlon;event=Biathlon World Championships Women Pursuit (10 km);event_label=Pursuit (10 km);team_members=;entry_country=AUT;source_url=https://en.wikipedia.org/wiki/Biathlon_World_Championships,7.0
biathlon_world_championships_2021_women_pursuit-10-km,biathlon_world_athlete_Anaïs_Chevalier-Bouchet_FRA,3,bronze,discipline=Biathlon;event=Biathlon World Championships Women Pursuit (10 km);event_label=Pursuit (10 km);team_members=;entry_country=FRA;source_url=https://en.wikipedia.org/wiki/Biathlon_World_Championships,5.0
biathlon_world_championships_2021_women_relay-4-6-km,biathlon_world_team_Norway_Ingrid_Landmark_Tandrevold__Tiril_Eckhoff__Ida_Lien__Marte_Olsbu_Røiseland_NOR,1,gold,discipline=Biathlon;event=Biathlon World Championships Women Relay (4 × 6 km);event_label=Relay (4 × 6 km);team_members=Ingrid Landmark Tandrevold / Tiril Eckhoff / Ida Lien / Marte Olsbu Røiseland;entry_country=NOR;source_url=https://en.wikipedia.org/wiki/Biathlon_World_Championships,10.0
biathlon_world_championships_2021_women_relay-4-6-km,biathlon_world_team_Germany_Vanessa_Hinz__Janina_Hettich__Denise_Herrmann__Franziska_Preuß_GER,2,silver,discipline=Biathlon;event=Biathlon World Championships Women Relay (4 × 6 km);event_label=Relay (4 × 6 km);team_members=Vanessa Hinz / Janina Hettich / Denise Herrmann / Franziska Preuß;entry_country=GER;source_url=https://en.wikipedia.org/wiki/Biathlon_World_Championships,7.0
biathlon_world_championships_2021_women_relay-4-6-km,biathlon_world_team_Ukraine_Anastasiya_Merkushyna__Yuliia_Dzhima__Darya_Blashko__Olena_Pidhrushna_UKR,3,bronze,discipline=Biathlon;event=Biathlon World Championships Women Relay (4 × 6 km);event_label=Relay (4 × 6 km);team_members=Anastasiya Merkushyna / Yuliia Dzhima / Darya Blashko / Olena Pidhrushna;entry_country=UKR;source_url=https://en.wikipedia.org/wiki/Biathlon_World_Championships,5.0
biathlon_world_championships_2021_women_sprint-7-5-km,biathlon_world_athlete_Tiril_Eckhoff_NOR,1,gold,discipline=Biathlon;event=Biathlon World Championships Women Sprint (7.5 km);event_label=Sprint (7.5 km);team_members=;entry_country=NOR;source_url=https://en.wikipedia.org/wiki/Biathlon_World_Championships,10.0
biathlon_world_championships_2021_women_sprint-7-5-km,biathlon_world_athlete_Anaïs_Chevalier-Bouchet_FRA,2,silver,discipline=Biathlon;event=Biathlon World Championships Women Sprint (7.5 km);event_label=Sprint (7.5 km);team_members=;entry_country=FRA;source_url=https://en.wikipedia.org/wiki/Biathlon_World_Championships,7.0
biathlon_world_championships_2021_women_sprint-7-5-km,biathlon_world_athlete_Hanna_Sola_BLR,3,bronze,discipline=Biathlon;event=Biathlon World Championships Women Sprint (7.5 km);event_label=Sprint (7.5 km);team_members=;entry_country=BLR;source_url=https://en.wikipedia.org/wiki/Biathlon_World_Championships,5.0
biathlon_world_championships_2023_men_individual-20-km,biathlon_world_athlete_Johannes_Thingnes_Bø_NOR,1,gold,discipline=Biathlon;event=Biathlon World Championships Men Individual (20 km);event_label=Individual (20 km);team_members=;entry_country=NOR;source_url=https://en.wikipedia.org/wiki/Biathlon_World_Championships,10.0
biathlon_world_championships_2023_men_individual-20-km,biathlon_world_athlete_Sturla_Holm_Lægreid_NOR,2,silver,discipline=Biathlon;event=Biathlon World Championships Men Individual (20 km);event_label=Individual (20 km);team_members=;entry_country=NOR;source_url=https://en.wikipedia.org/wiki/Biathlon_World_Championships,7.0
biathlon_world_championships_2023_men_individual-20-km,biathlon_world_athlete_Sebastian_Samuelsson_SWE,3,bronze,discipline=Biathlon;event=Biathlon World Championships Men Individual (20 km);event_label=Individual (20 km);team_members=;entry_country=SWE;source_url=https://en.wikipedia.org/wiki/Biathlon_World_Championships,5.0
biathlon_world_championships_2023_men_mass-start-15-km,biathlon_world_athlete_Sebastian_Samuelsson_SWE,1,gold,discipline=Biathlon;event=Biathlon World Championships Men Mass start (15 km);event_label=Mass start (15 km);team_members=;entry_country=SWE;source_url=https://en.wikipedia.org/wiki/Biathlon_World_Championships,10.0
biathlon_world_championships_2023_men_mass-start-15-km,biathlon_world_athlete_Martin_Ponsiluoma_SWE,2,silver,discipline=Biathlon;event=Biathlon World Championships Men Mass start (15 km);event_label=Mass start (15 km);team_members=;entry_country=SWE;source_url=https://en.wikipedia.org/wiki/Biathlon_World_Championships,7.0
biathlon_world_championships_2023_men_mass-start-15-km,biathlon_world_athlete_Johannes_Thingnes_Bø_NOR,3,bronze,discipline=Biathlon;event=Biathlon World Championships Men Mass start (15 km);event_label=Mass start (15 km);team_members=;entry_country=NOR;source_url=https://en.wikipedia.org/wiki/Biathlon_World_Championships,5.0
biathlon_world_championships_2023_men_pursuit-12-5-km,biathlon_world_athlete_Johannes_Thingnes_Bø_NOR,1,gold,discipline=Biathlon;event=Biathlon World Championships Men Pursuit (12.5 km);event_label=Pursuit (12.5 km);team_members=;entry_country=NOR;source_url=https://en.wikipedia.org/wiki/Biathlon_World_Championships,10.0
biathlon_world_championships_2023_men_pursuit-12-5-km,biathlon_world_athlete_Sturla_Holm_Lægreid_NOR,2,silver,discipline=Biathlon;event=Biathlon World Championships Men Pursuit (12.5 km);event_label=Pursuit (12.5 km);team_members=;entry_country=NOR;source_url=https://en.wikipedia.org/wiki/Biathlon_World_Championships,7.0
biathlon_world_championships_2023_men_pursuit-12-5-km,biathlon_world_athlete_Sebastian_Samuelsson_SWE,3,bronze,discipline=Biathlon;event=Biathlon World Championships Men Pursuit (12.5 km);event_label=Pursuit (12.5 km);team_members=;entry_country=SWE;source_url=https://en.wikipedia.org/wiki/Biathlon_World_Championships,5.0
biathlon_world_championships_2023_men_relay-4-7-5-km,biathlon_world_team_France_Antonin_Guigonnat__Fabien_Claude__Émilien_Jacquelin__Quentin_Fillon_Maillet_FRA,1,gold,discipline=Biathlon;event=Biathlon World Championships Men Relay (4 × 7.5 km);event_label=Relay (4 × 7.5 km);team_members=Antonin Guigonnat / Fabien Claude / Émilien Jacquelin / Quentin Fillon Maillet;entry_country=FRA;source_url=https://en.wikipedia.org/wiki/Biathlon_World_Championships,10.0
biathlon_world_championships_2023_men_relay-4-7-5-km,biathlon_world_team_Norway_Vetle_Sjåstad_Christiansen__Tarjei_Bø__Sturla_Holm_Lægreid__Johannes_Thingnes_Bø_NOR,2,silver,discipline=Biathlon;event=Biathlon World Championships Men Relay (4 × 7.5 km);event_label=Relay (4 × 7.5 km);team_members=Vetle Sjåstad Christiansen / Tarjei Bø / Sturla Holm Lægreid / Johannes Thingnes Bø;entry_country=NOR;source_url=https://en.wikipedia.org/wiki/Biathlon_World_Championships,7.0
biathlon_world_championships_2023_men_relay-4-7-5-km,biathlon_world_team_Sweden_Peppe_Femling__Martin_Ponsiluoma__Jesper_Nelin__Sebastian_Samuelsson_SWE,3,bronze,discipline=Biathlon;event=Biathlon World Championships Men Relay (4 × 7.5 km);event_label=Relay (4 × 7.5 km);team_members=Peppe Femling / Martin Ponsiluoma / Jesper Nelin / Sebastian Samuelsson;entry_country=SWE;source_url=https://en.wikipedia.org/wiki/Biathlon_World_Championships,5.0
biathlon_world_championships_2023_men_sprint-10-km,biathlon_world_athlete_Johannes_Thingnes_Bø_NOR,1,gold,discipline=Biathlon;event=Biathlon World Championships Men Sprint (10 km);event_label=Sprint (10 km);team_members=;entry_country=NOR;source_url=https://en.wikipedia.org/wiki/Biathlon_World_Championships,10.0
biathlon_world_championships_2023_men_sprint-10-km,biathlon_world_athlete_Tarjei_Bø_NOR,2,silver,discipline=Biathlon;event=Biathlon World Championships Men Sprint (10 km);event_label=Sprint (10 km);team_members=;entry_country=NOR;source_url=https://en.wikipedia.org/wiki/Biathlon_World_Championships,7.0
biathlon_world_championships_2023_men_sprint-10-km,biathlon_world_athlete_Sturla_Holm_Lægreid_NOR,3,bronze,discipline=Biathlon;event=Biathlon World Championships Men Sprint (10 km);event_label=Sprint (10 km);team_members=;entry_country=NOR;source_url=https://en.wikipedia.org/wiki/Biathlon_World_Championships,5.0
biathlon_world_championships_2023_mixed_mixed-relay,biathlon_world_team_Norway_Ingrid_Landmark_Tandrevold__Marte_Olsbu_Røiseland__Sturla_Holm_Lægreid__Johannes_Thingnes_Bø_NOR,1,gold,discipline=Biathlon;event=Biathlon World Championships Mixed Mixed relay;event_label=Mixed relay;team_members=Ingrid Landmark Tandrevold / Marte Olsbu Røiseland / Sturla Holm Lægreid / Johannes Thingnes Bø;entry_country=NOR;source_url=https://en.wikipedia.org/wiki/Biathlon_World_Championships,10.0
biathlon_world_championships_2023_mixed_mixed-relay,biathlon_world_team_Italy_Lisa_Vittozzi__Dorothea_Wierer__Didier_Bionaz__Tommaso_Giacomel_ITA,2,silver,discipline=Biathlon;event=Biathlon World Championships Mixed Mixed relay;event_label=Mixed relay;team_members=Lisa Vittozzi / Dorothea Wierer / Didier Bionaz / Tommaso Giacomel;entry_country=ITA;source_url=https://en.wikipedia.org/wiki/Biathlon_World_Championships,7.0
biathlon_world_championships_2023_mixed_mixed-relay,biathlon_world_team_France_Julia_Simon__Anaïs_Chevalier-Bouchet__Émilien_Jacquelin__Quentin_Fillon_Maillet_FRA,3,bronze,discipline=Biathlon;event=Biathlon World Championships Mixed Mixed relay;event_label=Mixed relay;team_members=Julia Simon / Anaïs Chevalier-Bouchet / Émilien Jacquelin / Quentin Fillon Maillet;entry_country=FRA;source_url=https://en.wikipedia.org/wiki/Biathlon_World_Championships,5.0
biathlon_world_championships_2023_mixed_single-mixed-relay,biathlon_world_team_Norway_Marte_Olsbu_Røiseland__Johannes_Thingnes_Bø_NOR,1,gold,discipline=Biathlon;event=Biathlon World Championships Mixed Single mixed relay;event_label=Single mixed relay;team_members=Marte Olsbu Røiseland / Johannes Thingnes Bø;entry_country=NOR;source_url=https://en.wikipedia.org/wiki/Biathlon_World_Championships,10.0
biathlon_world_championships_2023_mixed_single-mixed-relay,biathlon_world_team_Austria_Lisa_Theresa_Hauser__David_Komatz_AUT,2,silver,discipline=Biathlon;event=Biathlon World Championships Mixed Single mixed relay;event_label=Single mixed relay;team_members=Lisa Theresa Hauser / David Komatz;entry_country=AUT;source_url=https://en.wikipedia.org/wiki/Biathlon_World_Championships,7.0
biathlon_world_championships_2023_mixed_single-mixed-relay,biathlon_world_team_Italy_Lisa_Vittozzi__Tommaso_Giacomel_ITA,3,bronze,discipline=Biathlon;event=Biathlon World Championships Mixed Single mixed relay;event_label=Single mixed relay;team_members=Lisa Vittozzi / Tommaso Giacomel;entry_country=ITA;source_url=https://en.wikipedia.org/wiki/Biathlon_World_Championships,5.0
biathlon_world_championships_2023_women_individual-15-km,biathlon_world_athlete_Hanna_Öberg_SWE,1,gold,discipline=Biathlon;event=Biathlon World Championships Women Individual (15 km);event_label=Individual (15 km);team_members=;entry_country=SWE;source_url=https://en.wikipedia.org/wiki/Biathlon_World_Championships,10.0
biathlon_world_championships_2023_women_individual-15-km,biathlon_world_athlete_Linn_Persson_SWE,2,silver,discipline=Biathlon;event=Biathlon World Championships Women Individual (15 km);event_label=Individual (15 km);team_members=;entry_country=SWE;source_url=https://en.wikipedia.org/wiki/Biathlon_World_Championships,7.0
biathlon_world_championships_2023_women_individual-15-km,biathlon_world_athlete_Lisa_Vittozzi_ITA,3,bronze,discipline=Biathlon;event=Biathlon World Championships Women Individual (15 km);event_label=Individual (15 km);team_members=;entry_country=ITA;source_url=https://en.wikipedia.org/wiki/Biathlon_World_Championships,5.0
biathlon_world_championships_2023_women_mass-start-12-5-km,biathlon_world_athlete_Hanna_Öberg_SWE,1,gold,discipline=Biathlon;event=Biathlon World Championships Women Mass start (12.5 km);event_label=Mass start (12.5 km);team_members=;entry_country=SWE;source_url=https://en.wikipedia.org/wiki/Biathlon_World_Championships,10.0
biathlon_world_championships_2023_women_mass-start-12-5-km,biathlon_world_athlete_Ingrid_Landmark_Tandrevold_NOR,2,silver,discipline=Biathlon;event=Biathlon World Championships Women Mass start (12.5 km);event_label=Mass start (12.5 km);team_members=;entry_country=NOR;source_url=https://en.wikipedia.org/wiki/Biathlon_World_Championships,7.0
biathlon_world_championships_2023_women_mass-start-12-5-km,biathlon_world_athlete_Julia_Simon_FRA,3,bronze,discipline=Biathlon;event=Biathlon World Championships Women Mass start (12.5 km);event_label=Mass start (12.5 km);team_members=;entry_country=FRA;source_url=https://en.wikipedia.org/wiki/Biathlon_World_Championships,5.0
biathlon_world_championships_2023_women_pursuit-10-km,biathlon_world_athlete_Julia_Simon_FRA,1,gold,discipline=Biathlon;event=Biathlon World Championships Women Pursuit (10 km);event_label=Pursuit (10 km);team_members=;entry_country=FRA;source_url=https://en.wikipedia.org/wiki/Biathlon_World_Championships,10.0
biathlon_world_championships_2023_women_pursuit-10-km,biathlon_world_athlete_Denise_Herrmann-Wick_GER,2,silver,discipline=Biathlon;event=Biathlon World Championships Women Pursuit (10 km);event_label=Pursuit (10 km);team_members=;entry_country=GER;source_url=https://en.wikipedia.org/wiki/Biathlon_World_Championships,7.0
biathlon_world_championships_2023_women_pursuit-10-km,biathlon_world_athlete_Marte_Olsbu_Røiseland_NOR,3,bronze,discipline=Biathlon;event=Biathlon World Championships Women Pursuit (10 km);event_label=Pursuit (10 km);team_members=;entry_country=NOR;source_url=https://en.wikipedia.org/wiki/Biathlon_World_Championships,5.0
biathlon_world_championships_2023_women_relay-4-6-km,biathlon_world_team_Italy_Samuela_Comola__Dorothea_Wierer__Hannah_Auchentaller__Lisa_Vittozzi_ITA,1,gold,discipline=Biathlon;event=Biathlon World Championships Women Relay (4 × 6 km);event_label=Relay (4 × 6 km);team_members=Samuela Comola / Dorothea Wierer / Hannah Auchentaller / Lisa Vittozzi;entry_country=ITA;source_url=https://en.wikipedia.org/wiki/Biathlon_World_Championships,10.0
biathlon_world_championships_2023_women_relay-4-6-km,biathlon_world_team_Germany_Vanessa_Voigt__Hanna_Kebinger__Sophia_Schneider__Denise_Herrmann-Wick_GER,2,silver,discipline=Biathlon;event=Biathlon World Championships Women Relay (4 × 6 km);event_label=Relay (4 × 6 km);team_members=Vanessa Voigt / Hanna Kebinger / Sophia Schneider / Denise Herrmann-Wick;entry_country=GER;source_url=https://en.wikipedia.org/wiki/Biathlon_World_Championships,7.0
biathlon_world_championships_2023_women_relay-4-6-km,biathlon_world_team_Sweden_Linn_Persson__Anna_Magnusson__Elvira_Öberg__Hanna_Öberg_SWE,3,bronze,discipline=Biathlon;event=Biathlon World Championships Women Relay (4 × 6 km);event_label=Relay (4 × 6 km);team_members=Linn Persson / Anna Magnusson / Elvira Öberg / Hanna Öberg;entry_country=SWE;source_url=https://en.wikipedia.org/wiki/Biathlon_World_Championships,5.0
biathlon_world_championships_2023_women_sprint-7-5-km,biathlon_world_athlete_Denise_Herrmann-Wick_GER,1,gold,discipline=Biathlon;event=Biathlon World Championships Women Sprint (7.5 km);event_label=Sprint (7.5 km);team_members=;entry_country=GER;source_url=https://en.wikipedia.org/wiki/Biathlon_World_Championships,10.0
biathlon_world_championships_2023_women_sprint-7-5-km,biathlon_world_athlete_Hanna_Öberg_SWE,2,silver,discipline=Biathlon;event=Biathlon World Championships Women Sprint (7.5 km);event_label=Sprint (7.5 km);team_members=;entry_country=SWE;source_url=https://en.wikipedia.org/wiki/Biathlon_World_Championships,7.0
biathlon_world_championships_2023_women_sprint-7-5-km,biathlon_world_athlete_Linn_Persson_SWE,3,bronze,discipline=Biathlon;event=Biathlon World Championships Women Sprint (7.5 km);event_label=Sprint (7.5 km);team_members=;entry_country=SWE;source_url=https://en.wikipedia.org/wiki/Biathlon_World_Championships,5.0
biathlon_world_championships_2024_men_individual-20-km,biathlon_world_athlete_Johannes_Thingnes_Bø_NOR,1,gold,discipline=Biathlon;event=Biathlon World Championships Men Individual (20 km);event_label=Individual (20 km);team_members=;entry_country=NOR;source_url=https://en.wikipedia.org/wiki/Biathlon_World_Championships,10.0
biathlon_world_championships_2024_men_individual-20-km,biathlon_world_athlete_Tarjei_Bø_NOR,2,silver,discipline=Biathlon;event=Biathlon World Championships Men Individual (20 km);event_label=Individual (20 km);team_members=;entry_country=NOR;source_url=https://en.wikipedia.org/wiki/Biathlon_World_Championships,7.0
biathlon_world_championships_2024_men_individual-20-km,biathlon_world_athlete_Benedikt_Doll_GER,3,bronze,discipline=Biathlon;event=Biathlon World Championships Men Individual (20 km);event_label=Individual (20 km);team_members=;entry_country=GER;source_url=https://en.wikipedia.org/wiki/Biathlon_World_Championships,5.0
biathlon_world_championships_2024_men_mass-start-15-km,biathlon_world_athlete_Johannes_Thingnes_Bø_NOR,1,gold,discipline=Biathlon;event=Biathlon World Championships Men Mass start (15 km);event_label=Mass start (15 km);team_members=;entry_country=NOR;source_url=https://en.wikipedia.org/wiki/Biathlon_World_Championships,10.0
biathlon_world_championships_2024_men_mass-start-15-km,biathlon_world_athlete_Andrejs_Rastorgujevs_LAT,2,silver,discipline=Biathlon;event=Biathlon World Championships Men Mass start (15 km);event_label=Mass start (15 km);team_members=;entry_country=LAT;source_url=https://en.wikipedia.org/wiki/Biathlon_World_Championships,7.0
biathlon_world_championships_2024_men_mass-start-15-km,biathlon_world_athlete_Quentin_Fillon_Maillet_FRA,3,bronze,discipline=Biathlon;event=Biathlon World Championships Men Mass start (15 km);event_label=Mass start (15 km);team_members=;entry_country=FRA;source_url=https://en.wikipedia.org/wiki/Biathlon_World_Championships,5.0
biathlon_world_championships_2024_men_pursuit-12-5-km,biathlon_world_athlete_Johannes_Thingnes_Bø_NOR,1,gold,discipline=Biathlon;event=Biathlon World Championships Men Pursuit (12.5 km);event_label=Pursuit (12.5 km);team_members=;entry_country=NOR;source_url=https://en.wikipedia.org/wiki/Biathlon_World_Championships,10.0
biathlon_world_championships_2024_men_pursuit-12-5-km,biathlon_world_athlete_Sturla_Holm_Lægreid_NOR,2,silver,discipline=Biathlon;event=Biathlon World Championships Men Pursuit (12.5 km);event_label=Pursuit (12.5 km);team_members=;entry_country=NOR;source_url=https://en.wikipedia.org/wiki/Biathlon_World_Championships,7.0
biathlon_world_championships_2024_men_pursuit-12-5-km,biathlon_world_athlete_Vetle_Sjåstad_Christiansen_NOR,3,bronze,discipline=Biathlon;event=Biathlon World Championships Men Pursuit (12.5 km);event_label=Pursuit (12.5 km);team_members=;entry_country=NOR;source_url=https://en.wikipedia.org/wiki/Biathlon_World_Championships,5.0
biathlon_world_championships_2024_men_relay-4-7-5-km,biathlon_world_team_Sweden_Viktor_Brandt__Jesper_Nelin__Martin_Ponsiluoma__Sebastian_Samuelsson_SWE,1,gold,discipline=Biathlon;event=Biathlon World Championships Men Relay (4 × 7.5 km);event_label=Relay (4 × 7.5 km);team_members=Viktor Brandt / Jesper Nelin / Martin Ponsiluoma / Sebastian Samuelsson;entry_country=SWE;source_url=https://en.wikipedia.org/wiki/Biathlon_World_Championships,10.0
biathlon_world_championships_2024_men_relay-4-7-5-km,biathlon_world_team_Norway_Sturla_Holm_Lægreid__Tarjei_Bø__Johannes_Thingnes_Bø__Vetle_Sjåstad_Christiansen_NOR,2,silver,discipline=Biathlon;event=Biathlon World Championships Men Relay (4 × 7.5 km);event_label=Relay (4 × 7.5 km);team_members=Sturla Holm Lægreid / Tarjei Bø / Johannes Thingnes Bø / Vetle Sjåstad Christiansen;entry_country=NOR;source_url=https://en.wikipedia.org/wiki/Biathlon_World_Championships,7.0
biathlon_world_championships_2024_men_relay-4-7-5-km,biathlon_world_team_France_Éric_Perrot__Fabien_Claude__Émilien_Jacquelin__Quentin_Fillon_Maillet_FRA,3,bronze,discipline=Biathlon;event=Biathlon World Championships Men Relay (4 × 7.5 km);event_label=Relay (4 × 7.5 km);team_members=Éric Perrot / Fabien Claude / Émilien Jacquelin / Quentin Fillon Maillet;entry_country=FRA;source_url=https://en.wikipedia.org/wiki/Biathlon_World_Championships,5.0
biathlon_world_championships_2024_men_sprint-10-km,biathlon_world_athlete_Sturla_Holm_Lægreid_NOR,1,gold,discipline=Biathlon;event=Biathlon World Championships Men Sprint (10 km);event_label=Sprint (10 km);team_members=;entry_country=NOR;source_url=https://en.wikipedia.org/wiki/Biathlon_World_Championships,10.0
biathlon_world_championships_2024_men_sprint-10-km,biathlon_world_athlete_Johannes_Thingnes_Bø_NOR,2,silver,discipline=Biathlon;event=Biathlon World Championships Men Sprint (10 km);event_label=Sprint (10 km);team_members=;entry_country=NOR;source_url=https://en.wikipedia.org/wiki/Biathlon_World_Championships,7.0
biathlon_world_championships_2024_men_sprint-10-km,biathlon_world_athlete_Vetle_Sjåstad_Christiansen_NOR,3,bronze,discipline=Biathlon;event=Biathlon World Championships Men Sprint (10 km);event_label=Sprint (10 km);team_members=;entry_country=NOR;source_url=https://en.wikipedia.org/wiki/Biathlon_World_Championships,5.0
biathlon_world_championships_2024_mixed_mixed-relay,biathlon_world_team_France_Éric_Perrot__Quentin_Fillon_Maillet__Justine_Braisaz-Bouchet__Julia_Simon_FRA,1,gold,discipline=Biathlon;event=Biathlon World Championships Mixed Mixed relay;event_label=Mixed relay;team_members=Éric Perrot / Quentin Fillon Maillet / Justine Braisaz-Bouchet / Julia Simon;entry_country=FRA;source_url=https://en.wikipedia.org/wiki/Biathlon_World_Championships,10.0
biathlon_world_championships_2024_mixed_mixed-relay,biathlon_world_team_Norway_Tarjei_Bø__Johannes_Thingnes_Bø__Karoline_Offigstad_Knotten__Ingrid_Landmark_Tandrevold_NOR,2,silver,discipline=Biathlon;event=Biathlon World Championships Mixed Mixed relay;event_label=Mixed relay;team_members=Tarjei Bø / Johannes Thingnes Bø / Karoline Offigstad Knotten / Ingrid Landmark Tandrevold;entry_country=NOR;source_url=https://en.wikipedia.org/wiki/Biathlon_World_Championships,7.0
biathlon_world_championships_2024_mixed_mixed-relay,biathlon_world_team_Sweden_Sebastian_Samuelsson__Martin_Ponsiluoma__Hanna_Öberg__Elvira_Öberg_SWE,3,bronze,discipline=Biathlon;event=Biathlon World Championships Mixed Mixed relay;event_label=Mixed relay;team_members=Sebastian Samuelsson / Martin Ponsiluoma / Hanna Öberg / Elvira Öberg;entry_country=SWE;source_url=https://en.wikipedia.org/wiki/Biathlon_World_Championships,5.0
biathlon_world_championships_2024_mixed_single-mixed-relay,biathlon_world_team_France_Quentin_Fillon_Maillet__Lou_Jeanmonnot_FRA,1,gold,discipline=Biathlon;event=Biathlon World Championships Mixed Single mixed relay;event_label=Single mixed relay;team_members=Quentin Fillon Maillet / Lou Jeanmonnot;entry_country=FRA;source_url=https://en.wikipedia.org/wiki/Biathlon_World_Championships,10.0
biathlon_world_championships_2024_mixed_single-mixed-relay,biathlon_world_team_Italy_Tommaso_Giacomel__Lisa_Vittozzi_ITA,2,silver,discipline=Biathlon;event=Biathlon World Championships Mixed Single mixed relay;event_label=Single mixed relay;team_members=Tommaso Giacomel / Lisa Vittozzi;entry_country=ITA;source_url=https://en.wikipedia.org/wiki/Biathlon_World_Championships,7.0
biathlon_world_championships_2024_mixed_single-mixed-relay,biathlon_world_team_Norway_Johannes_Thingnes_Bø__Ingrid_Landmark_Tandrevold_NOR,3,bronze,discipline=Biathlon;event=Biathlon World Championships Mixed Single mixed relay;event_label=Single mixed relay;team_members=Johannes Thingnes Bø / Ingrid Landmark Tandrevold;entry_country=NOR;source_url=https://en.wikipedia.org/wiki/Biathlon_World_Championships,5.0
biathlon_world_championships_2024_women_individual-15-km,biathlon_world_athlete_Lisa_Vittozzi_ITA,1,gold,discipline=Biathlon;event=Biathlon World Championships Women Individual (15 km);event_label=Individual (15 km);team_members=;entry_country=ITA;source_url=https://en.wikipedia.org/wiki/Biathlon_World_Championships,10.0
biathlon_world_championships_2024_women_individual-15-km,biathlon_world_athlete_Janina_Hettich-Walz_GER,2,silver,discipline=Biathlon;event=Biathlon World Championships Women Individual (15 km);event_label=Individual (15 km);team_members=;entry_country=GER;source_url=https://en.wikipedia.org/wiki/Biathlon_World_Championships,7.0
biathlon_world_championships_2024_women_individual-15-km,biathlon_world_athlete_Julia_Simon_FRA,3,bronze,discipline=Biathlon;event=Biathlon World Championships Women Individual (15 km);event_label=Individual (15 km);team_members=;entry_country=FRA;source_url=https://en.wikipedia.org/wiki/Biathlon_World_Championships,5.0
biathlon_world_championships_2024_women_mass-start-12-5-km,biathlon_world_athlete_Justine_Braisaz-Bouchet_FRA,1,gold,discipline=Biathlon;event=Biathlon World Championships Women Mass start (12.5 km);event_label=Mass start (12.5 km);team_members=;entry_country=FRA;source_url=https://en.wikipedia.org/wiki/Biathlon_World_Championships,10.0
biathlon_world_championships_2024_women_mass-start-12-5-km,biathlon_world_athlete_Lisa_Vittozzi_ITA,2,silver,discipline=Biathlon;event=Biathlon World Championships Women Mass start (12.5 km);event_label=Mass start (12.5 km);team_members=;entry_country=ITA;source_url=https://en.wikipedia.org/wiki/Biathlon_World_Championships,7.0
biathlon_world_championships_2024_women_mass-start-12-5-km,biathlon_world_athlete_Lou_Jeanmonnot_FRA,3,bronze,discipline=Biathlon;event=Biathlon World Championships Women Mass start (12.5 km);event_label=Mass start (12.5 km);team_members=;entry_country=FRA;source_url=https://en.wikipedia.org/wiki/Biathlon_World_Championships,5.0
biathlon_world_championships_2024_women_pursuit-10-km,biathlon_world_athlete_Julia_Simon_FRA,1,gold,discipline=Biathlon;event=Biathlon World Championships Women Pursuit (10 km);event_label=Pursuit (10 km);team_members=;entry_country=FRA;source_url=https://en.wikipedia.org/wiki/Biathlon_World_Championships,10.0
biathlon_world_championships_2024_women_pursuit-10-km,biathlon_world_athlete_Lisa_Vittozzi_ITA,2,silver,discipline=Biathlon;event=Biathlon World Championships Women Pursuit (10 km);event_label=Pursuit (10 km);team_members=;entry_country=ITA;source_url=https://en.wikipedia.org/wiki/Biathlon_World_Championships,7.0
biathlon_world_championships_2024_women_pursuit-10-km,biathlon_world_athlete_Justine_Braisaz-Bouchet_FRA,3,bronze,discipline=Biathlon;event=Biathlon World Championships Women Pursuit (10 km);event_label=Pursuit (10 km);team_members=;entry_country=FRA;source_url=https://en.wikipedia.org/wiki/Biathlon_World_Championships,5.0
biathlon_world_championships_2024_women_relay-4-6-km,biathlon_world_team_France_Lou_Jeanmonnot__Sophie_Chauveau__Justine_Braisaz-Bouchet__Julia_Simon_FRA,1,gold,discipline=Biathlon;event=Biathlon World Championships Women Relay (4 × 6 km);event_label=Relay (4 × 6 km);team_members=Lou Jeanmonnot / Sophie Chauveau / Justine Braisaz-Bouchet / Julia Simon;entry_country=FRA;source_url=https://en.wikipedia.org/wiki/Biathlon_World_Championships,10.0
biathlon_world_championships_2024_women_relay-4-6-km,biathlon_world_team_Sweden_Anna_Magnusson__Linn_Persson__Hanna_Öberg__Elvira_Öberg_SWE,2,silver,discipline=Biathlon;event=Biathlon World Championships Women Relay (4 × 6 km);event_label=Relay (4 × 6 km);team_members=Anna Magnusson / Linn Persson / Hanna Öberg / Elvira Öberg;entry_country=SWE;source_url=https://en.wikipedia.org/wiki/Biathlon_World_Championships,7.0
biathlon_world_championships_2024_women_relay-4-6-km,biathlon_world_team_Germany_Janina_Hettich-Walz__Selina_Grotian__Vanessa_Voigt__Sophia_Schneider_GER,3,bronze,discipline=Biathlon;event=Biathlon World Championships Women Relay (4 × 6 km);event_label=Relay (4 × 6 km);team_members=Janina Hettich-Walz / Selina Grotian / Vanessa Voigt / Sophia Schneider;entry_country=GER;source_url=https://en.wikipedia.org/wiki/Biathlon_World_Championships,5.0
biathlon_world_championships_2024_women_sprint-7-5-km,biathlon_world_athlete_Julia_Simon_FRA,1,gold,discipline=Biathlon;event=Biathlon World Championships Women Sprint (7.5 km);event_label=Sprint (7.5 km);team_members=;entry_country=FRA;source_url=https://en.wikipedia.org/wiki/Biathlon_World_Championships,10.0
biathlon_world_championships_2024_women_sprint-7-5-km,biathlon_world_athlete_Justine_Braisaz-Bouchet_FRA,2,silver,discipline=Biathlon;event=Biathlon World Championships Women Sprint (7.5 km);event_label=Sprint (7.5 km);team_members=;entry_country=FRA;source_url=https://en.wikipedia.org/wiki/Biathlon_World_Championships,7.0
biathlon_world_championships_2024_women_sprint-7-5-km,biathlon_world_athlete_Lou_Jeanmonnot_FRA,3,bronze,discipline=Biathlon;event=Biathlon World Championships Women Sprint (7.5 km);event_label=Sprint (7.5 km);team_members=;entry_country=FRA;source_url=https://en.wikipedia.org/wiki/Biathlon_World_Championships,5.0
biathlon_world_championships_2025_men_individual-20-km,biathlon_world_athlete_Éric_Perrot_FRA,1,gold,discipline=Biathlon;event=Biathlon World Championships Men Individual (20 km);event_label=Individual (20 km);team_members=;entry_country=FRA;source_url=https://en.wikipedia.org/wiki/Biathlon_World_Championships,10.0
biathlon_world_championships_2025_men_individual-20-km,biathlon_world_athlete_Tommaso_Giacomel_ITA,2,silver,discipline=Biathlon;event=Biathlon World Championships Men Individual (20 km);event_label=Individual (20 km);team_members=;entry_country=ITA;source_url=https://en.wikipedia.org/wiki/Biathlon_World_Championships,7.0
biathlon_world_championships_2025_men_individual-20-km,biathlon_world_athlete_Quentin_Fillon_Maillet_FRA,3,bronze,discipline=Biathlon;event=Biathlon World Championships Men Individual (20 km);event_label=Individual (20 km);team_members=;entry_country=FRA;source_url=https://en.wikipedia.org/wiki/Biathlon_World_Championships,5.0
biathlon_world_championships_2025_men_mass-start-15-km,biathlon_world_athlete_Endre_Strømsheim_NOR,1,gold,discipline=Biathlon;event=Biathlon World Championships Men Mass start (15 km);event_label=Mass start (15 km);team_members=;entry_country=NOR;source_url=https://en.wikipedia.org/wiki/Biathlon_World_Championships,10.0
biathlon_world_championships_2025_men_mass-start-15-km,biathlon_world_athlete_Sturla_Holm_Lægreid_NOR,2,silver,discipline=Biathlon;event=Biathlon World Championships Men Mass start (15 km);event_label=Mass start (15 km);team_members=;entry_country=NOR;source_url=https://en.wikipedia.org/wiki/Biathlon_World_Championships,7.0
biathlon_world_championships_2025_men_mass-start-15-km,biathlon_world_athlete_Johannes_Thingnes_Bø_NOR,3,bronze,discipline=Biathlon;event=Biathlon World Championships Men Mass start (15 km);event_label=Mass start (15 km);team_members=;entry_country=NOR;source_url=https://en.wikipedia.org/wiki/Biathlon_World_Championships,5.0
biathlon_world_championships_2025_men_pursuit-12-5-km,biathlon_world_athlete_Johannes_Thingnes_Bø_NOR,1,gold,discipline=Biathlon;event=Biathlon World Championships Men Pursuit (12.5 km);event_label=Pursuit (12.5 km);team_members=;entry_country=NOR;source_url=https://en.wikipedia.org/wiki/Biathlon_World_Championships,10.0
biathlon_world_championships_2025_men_pursuit-12-5-km,biathlon_world_athlete_Campbell_Wright_USA,2,silver,discipline=Biathlon;event=Biathlon World Championships Men Pursuit (12.5 km);event_label=Pursuit (12.5 km);team_members=;entry_country=USA;source_url=https://en.wikipedia.org/wiki/Biathlon_World_Championships,7.0
biathlon_world_championships_2025_men_pursuit-12-5-km,biathlon_world_athlete_Éric_Perrot_FRA,3,bronze,discipline=Biathlon;event=Biathlon World Championships Men Pursuit (12.5 km);event_label=Pursuit (12.5 km);team_members=;entry_country=FRA;source_url=https://en.wikipedia.org/wiki/Biathlon_World_Championships,5.0
biathlon_world_championships_2025_men_relay-4-7-5-km,biathlon_world_team_Norway_Endre_Strømsheim__Tarjei_Bø__Sturla_Holm_Lægreid__Johannes_Thingnes_Bø_NOR,1,gold,discipline=Biathlon;event=Biathlon World Championships Men Relay (4 × 7.5 km);event_label=Relay (4 × 7.5 km);team_members=Endre Strømsheim / Tarjei Bø / Sturla Holm Lægreid / Johannes Thingnes Bø;entry_country=NOR;source_url=https://en.wikipedia.org/wiki/Biathlon_World_Championships,10.0
biathlon_world_championships_2025_men_relay-4-7-5-km,biathlon_world_team_France_Émilien_Claude__Fabien_Claude__Éric_Perrot__Quentin_Fillon_Maillet_FRA,2,silver,discipline=Biathlon;event=Biathlon World Championships Men Relay (4 × 7.5 km);event_label=Relay (4 × 7.5 km);team_members=Émilien Claude / Fabien Claude / Éric Perrot / Quentin Fillon Maillet;entry_country=FRA;source_url=https://en.wikipedia.org/wiki/Biathlon_World_Championships,7.0
biathlon_world_championships_2025_men_relay-4-7-5-km,biathlon_world_team_Germany_Philipp_Nawrath__Danilo_Riethmüller__Johannes_Kühn__Philipp_Horn_GER,3,bronze,discipline=Biathlon;event=Biathlon World Championships Men Relay (4 × 7.5 km);event_label=Relay (4 × 7.5 km);team_members=Philipp Nawrath / Danilo Riethmüller / Johannes Kühn / Philipp Horn;entry_country=GER;source_url=https://en.wikipedia.org/wiki/Biathlon_World_Championships,5.0
biathlon_world_championships_2025_men_sprint-10-km,biathlon_world_athlete_Johannes_Thingnes_Bø_NOR,1,gold,discipline=Biathlon;event=Biathlon World Championships Men Sprint (10 km);event_label=Sprint (10 km);team_members=;entry_country=NOR;source_url=https://en.wikipedia.org/wiki/Biathlon_World_Championships,10.0
biathlon_world_championships_2025_men_sprint-10-km,biathlon_world_athlete_Campbell_Wright_USA,2,silver,discipline=Biathlon;event=Biathlon World Championships Men Sprint (10 km);event_label=Sprint (10 km);team_members=;entry_country=USA;source_url=https://en.wikipedia.org/wiki/Biathlon_World_Championships,7.0
biathlon_world_championships_2025_men_sprint-10-km,biathlon_world_athlete_Quentin_Fillon_Maillet_FRA,3,bronze,discipline=Biathlon;event=Biathlon World Championships Men Sprint (10 km);event_label=Sprint (10 km);team_members=;entry_country=FRA;source_url=https://en.wikipedia.org/wiki/Biathlon_World_Championships,5.0
biathlon_world_championships_2025_mixed_mixed-relay,biathlon_world_team_France_Julia_Simon__Lou_Jeanmonnot__Éric_Perrot__Émilien_Jacquelin_FRA,1,gold,discipline=Biathlon;event=Biathlon World Championships Mixed Mixed relay;event_label=Mixed relay;team_members=Julia Simon / Lou Jeanmonnot / Éric Perrot / Émilien Jacquelin;entry_country=FRA;source_url=https://en.wikipedia.org/wiki/Biathlon_World_Championships,10.0
biathlon_world_championships_2025_mixed_mixed-relay,biathlon_world_team_Czech_Republic_Jessica_Jislová__Tereza_Voborníková__Vítzslav_Hornig__Michal_Krmá_CZE,2,silver,discipline=Biathlon;event=Biathlon World Championships Mixed Mixed relay;event_label=Mixed relay;team_members=Jessica Jislová / Tereza Voborníková / Vítězslav Hornig / Michal Krčmář;entry_country=CZE;source_url=https://en.wikipedia.org/wiki/Biathlon_World_Championships,7.0
biathlon_world_championships_2025_mixed_mixed-relay,biathlon_world_team_Germany_Selina_Grotian__Franziska_Preuß__Philipp_Nawrath__Justus_Strelow_GER,3,bronze,discipline=Biathlon;event=Biathlon World Championships Mixed Mixed relay;event_label=Mixed relay;team_members=Selina Grotian / Franziska Preuß / Philipp Nawrath / Justus Strelow;entry_country=GER;source_url=https://en.wikipedia.org/wiki/Biathlon_World_Championships,5.0
biathlon_world_championships_2025_mixed_single-mixed-relay,biathlon_world_team_France_Julia_Simon__Quentin_Fillon_Maillet_FRA,1,gold,discipline=Biathlon;event=Biathlon World Championships Mixed Single mixed relay;event_label=Single mixed relay;team_members=Julia Simon / Quentin Fillon Maillet;entry_country=FRA;source_url=https://en.wikipedia.org/wiki/Biathlon_World_Championships,10.0
biathlon_world_championships_2025_mixed_single-mixed-relay,biathlon_world_team_Norway_Ragnhild_Femsteinevik__Johannes_Thingnes_Bø_NOR,2,silver,discipline=Biathlon;event=Biathlon World Championships Mixed Single mixed relay;event_label=Single mixed relay;team_members=Ragnhild Femsteinevik / Johannes Thingnes Bø;entry_country=NOR;source_url=https://en.wikipedia.org/wiki/Biathlon_World_Championships,7.0
biathlon_world_championships_2025_mixed_single-mixed-relay,biathlon_world_team_Germany_Franziska_Preuß__Justus_Strelow_GER,3,bronze,discipline=Biathlon;event=Biathlon World Championships Mixed Single mixed relay;event_label=Single mixed relay;team_members=Franziska Preuß / Justus Strelow;entry_country=GER;source_url=https://en.wikipedia.org/wiki/Biathlon_World_Championships,5.0
biathlon_world_championships_2025_women_individual-15-km,biathlon_world_athlete_Julia_Simon_FRA,1,gold,discipline=Biathlon;event=Biathlon World Championships Women Individual (15 km);event_label=Individual (15 km);team_members=;entry_country=FRA;source_url=https://en.wikipedia.org/wiki/Biathlon_World_Championships,10.0
biathlon_world_championships_2025_women_individual-15-km,biathlon_world_athlete_Ella_Halvarsson_SWE,2,silver,discipline=Biathlon;event=Biathlon World Championships Women Individual (15 km);event_label=Individual (15 km);team_members=;entry_country=SWE;source_url=https://en.wikipedia.org/wiki/Biathlon_World_Championships,7.0
biathlon_world_championships_2025_women_individual-15-km,biathlon_world_athlete_Lou_Jeanmonnot_FRA,3,bronze,discipline=Biathlon;event=Biathlon World Championships Women Individual (15 km);event_label=Individual (15 km);team_members=;entry_country=FRA;source_url=https://en.wikipedia.org/wiki/Biathlon_World_Championships,5.0
biathlon_world_championships_2025_women_mass-start-12-5-km,biathlon_world_athlete_Elvira_Öberg_SWE,1,gold,discipline=Biathlon;event=Biathlon World Championships Women Mass start (12.5 km);event_label=Mass start (12.5 km);team_members=;entry_country=SWE;source_url=https://en.wikipedia.org/wiki/Biathlon_World_Championships,10.0
biathlon_world_championships_2025_women_mass-start-12-5-km,biathlon_world_athlete_Océane_Michelon_FRA,2,silver,discipline=Biathlon;event=Biathlon World Championships Women Mass start (12.5 km);event_label=Mass start (12.5 km);team_members=;entry_country=FRA;source_url=https://en.wikipedia.org/wiki/Biathlon_World_Championships,7.0
biathlon_world_championships_2025_women_mass-start-12-5-km,biathlon_world_athlete_Maren_Kirkeeide_NOR,3,bronze,discipline=Biathlon;event=Biathlon World Championships Women Mass start (12.5 km);event_label=Mass start (12.5 km);team_members=;entry_country=NOR;source_url=https://en.wikipedia.org/wiki/Biathlon_World_Championships,5.0
biathlon_world_championships_2025_women_pursuit-10-km,biathlon_world_athlete_Franziska_Preuß_GER,1,gold,discipline=Biathlon;event=Biathlon World Championships Women Pursuit (10 km);event_label=Pursuit (10 km);team_members=;entry_country=GER;source_url=https://en.wikipedia.org/wiki/Biathlon_World_Championships,10.0
biathlon_world_championships_2025_women_pursuit-10-km,biathlon_world_athlete_Elvira_Öberg_SWE,2,silver,discipline=Biathlon;event=Biathlon World Championships Women Pursuit (10 km);event_label=Pursuit (10 km);team_members=;entry_country=SWE;source_url=https://en.wikipedia.org/wiki/Biathlon_World_Championships,7.0
biathlon_world_championships_2025_women_pursuit-10-km,biathlon_world_athlete_Justine_Braisaz-Bouchet_FRA,3,bronze,discipline=Biathlon;event=Biathlon World Championships Women Pursuit (10 km);event_label=Pursuit (10 km);team_members=;entry_country=FRA;source_url=https://en.wikipedia.org/wiki/Biathlon_World_Championships,5.0
biathlon_world_championships_2025_women_relay-4-6-km,biathlon_world_team_France_Lou_Jeanmonnot__Océane_Michelon__Justine_Braisaz-Bouchet__Julia_Simon_FRA,1,gold,discipline=Biathlon;event=Biathlon World Championships Women Relay (4 × 6 km);event_label=Relay (4 × 6 km);team_members=Lou Jeanmonnot / Océane Michelon / Justine Braisaz-Bouchet / Julia Simon;entry_country=FRA;source_url=https://en.wikipedia.org/wiki/Biathlon_World_Championships,10.0
biathlon_world_championships_2025_women_relay-4-6-km,biathlon_world_team_Norway_Karoline_Offigstad_Knotten__Ingrid_Landmark_Tandrevold__Ragnhild_Femsteinevik__Maren_Kirkeeide_NOR,2,silver,discipline=Biathlon;event=Biathlon World Championships Women Relay (4 × 6 km);event_label=Relay (4 × 6 km);team_members=Karoline Offigstad Knotten / Ingrid Landmark Tandrevold / Ragnhild Femsteinevik / Maren Kirkeeide;entry_country=NOR;source_url=https://en.wikipedia.org/wiki/Biathlon_World_Championships,7.0
biathlon_world_championships_2025_women_relay-4-6-km,biathlon_world_team_Sweden_Anna_Magnusson__Ella_Halvarsson__Hanna_Öberg__Elvira_Öberg_SWE,3,bronze,discipline=Biathlon;event=Biathlon World Championships Women Relay (4 × 6 km);event_label=Relay (4 × 6 km);team_members=Anna Magnusson / Ella Halvarsson / Hanna Öberg / Elvira Öberg;entry_country=SWE;source_url=https://en.wikipedia.org/wiki/Biathlon_World_Championships,5.0
biathlon_world_championships_2025_women_sprint-7-5-km,biathlon_world_athlete_Justine_Braisaz-Bouchet_FRA,1,gold,discipline=Biathlon;event=Biathlon World Championships Women Sprint (7.5 km);event_label=Sprint (7.5 km);team_members=;entry_country=FRA;source_url=https://en.wikipedia.org/wiki/Biathlon_World_Championships,10.0
biathlon_world_championships_2025_women_sprint-7-5-km,biathlon_world_athlete_Franziska_Preuß_GER,2,silver,discipline=Biathlon;event=Biathlon World Championships Women Sprint (7.5 km);event_label=Sprint (7.5 km);team_members=;entry_country=GER;source_url=https://en.wikipedia.org/wiki/Biathlon_World_Championships,7.0
biathlon_world_championships_2025_women_sprint-7-5-km,biathlon_world_athlete_Suvi_Minkkinen_FIN,3,bronze,discipline=Biathlon;event=Biathlon World Championships Women Sprint (7.5 km);event_label=Sprint (7.5 km);team_members=;entry_country=FIN;source_url=https://en.wikipedia.org/wiki/Biathlon_World_Championships,5.0
