competition_id,competition_name,year,event_date,discipline_key,discipline_name,event_key,event_name,gender,rank,medal,participant_type,participant_name,country_name,country_code,team_members,source_url
fis_nordic_world_ski_championships,FIS Nordic World Ski Championships,2001,2001-12-31,cross-country-skiing,Cross-country skiing,18-km-17-km-and-15-km-discontinued,"18 km, 17 km and 15 km (discontinued)",men,1,gold,athlete,Per Elofsson,Sweden,SWE,,https://en.wikipedia.org/wiki/FIS_Nordic_World_Ski_Championships_2001
fis_nordic_world_ski_championships,FIS Nordic World Ski Championships,2001,2001-12-31,cross-country-skiing,Cross-country skiing,18-km-17-km-and-15-km-discontinued,"18 km, 17 km and 15 km (discontinued)",men,2,silver,athlete,Mathias Fredriksson,Sweden,SWE,,https://en.wikipedia.org/wiki/FIS_Nordic_World_Ski_Championships_2001
fis_nordic_world_ski_championships,FIS Nordic World Ski Championships,2001,2001-12-31,cross-country-skiing,Cross-country skiing,18-km-17-km-and-15-km-discontinued,"18 km, 17 km and 15 km (discontinued)",men,3,bronze,athlete,Odd-Bjørn Hjelmeset,Norway,NOR,,https://en.wikipedia.org/wiki/FIS_Nordic_World_Ski_Championships_2001
fis_nordic_world_ski_championships,FIS Nordic World Ski Championships,2001,2001-12-31,cross-country-skiing,Cross-country skiing,30-km-discontinued,30 km (discontinued),men,1,gold,athlete,Andrus Veerpalu,Estonia,EST,,https://en.wikipedia.org/wiki/FIS_Nordic_World_Ski_Championships_2001
fis_nordic_world_ski_championships,FIS Nordic World Ski Championships,2001,2001-12-31,cross-country-skiing,Cross-country skiing,30-km-discontinued,30 km (discontinued),men,2,silver,athlete,Frode Estil,Norway,NOR,,https://en.wikipedia.org/wiki/FIS_Nordic_World_Ski_Championships_2001
fis_nordic_world_ski_championships,FIS Nordic World Ski Championships,2001,2001-12-31,cross-country-skiing,Cross-country skiing,30-km-discontinued,30 km (discontinued),men,3,bronze,athlete,Mikhail Ivanov,Russia,RUS,,https://en.wikipedia.org/wiki/FIS_Nordic_World_Ski_Championships_2001
fis_nordic_world_ski_championships,FIS Nordic World Ski Championships,2001,2001-12-31,cross-country-skiing,Cross-country skiing,4-10-7-5-km-relay,4 × 10/7.5 km relay,men,1,gold,team,Norway,Norway,NOR,Frode Estil; Odd-Bjørn Hjelmeset; Thomas Alsgaard; Tor Arne Hetland,https://en.wikipedia.org/wiki/FIS_Nordic_World_Ski_Championships_2001
fis_nordic_world_ski_championships,FIS Nordic World Ski Championships,2001,2001-12-31,cross-country-skiing,Cross-country skiing,4-10-7-5-km-relay,4 × 10/7.5 km relay,men,2,silver,team,Sweden,Sweden,SWE,Urban Lindgren; Mathias Fredriksson; Magnus Ingesson; Per Elofsson,https://en.wikipedia.org/wiki/FIS_Nordic_World_Ski_Championships_2001
fis_nordic_world_ski_championships,FIS Nordic World Ski Championships,2001,2001-12-31,cross-country-skiing,Cross-country skiing,4-10-7-5-km-relay,4 × 10/7.5 km relay,men,3,bronze,team,Germany,Germany,DEU,Jens Filbrich; Andreas Schlütter; Ron Spanuth; René Sommerfeldt,https://en.wikipedia.org/wiki/FIS_Nordic_World_Ski_Championships_2001
fis_nordic_world_ski_championships,FIS Nordic World Ski Championships,2001,2001-12-31,cross-country-skiing,Cross-country skiing,50-km,50 km,men,1,gold,athlete,Johann Mühlegg,Spain,ESP,,https://en.wikipedia.org/wiki/FIS_Nordic_World_Ski_Championships_2001
fis_nordic_world_ski_championships,FIS Nordic World Ski Championships,2001,2001-12-31,cross-country-skiing,Cross-country skiing,50-km,50 km,men,2,silver,athlete,René Sommerfeldt,Germany,DEU,,https://en.wikipedia.org/wiki/FIS_Nordic_World_Ski_Championships_2001
fis_nordic_world_ski_championships,FIS Nordic World Ski Championships,2001,2001-12-31,cross-country-skiing,Cross-country skiing,50-km,50 km,men,3,bronze,athlete,Sergey Kriyanin,Russia,RUS,,https://en.wikipedia.org/wiki/FIS_Nordic_World_Ski_Championships_2001
fis_nordic_world_ski_championships,FIS Nordic World Ski Championships,2001,2001-12-31,cross-country-skiing,Cross-country skiing,combined-double-pursuit-skiathlon,Combined/double pursuit/Skiathlon,men,1,gold,athlete,Per Elofsson,Sweden,SWE,,https://en.wikipedia.org/wiki/FIS_Nordic_World_Ski_Championships_2001
fis_nordic_world_ski_championships,FIS Nordic World Ski Championships,2001,2001-12-31,cross-country-skiing,Cross-country skiing,combined-double-pursuit-skiathlon,Combined/double pursuit/Skiathlon,men,2,silver,athlete,Johann Mühlegg,Spain,ESP,,https://en.wikipedia.org/wiki/FIS_Nordic_World_Ski_Championships_2001
fis_nordic_world_ski_championships,FIS Nordic World Ski Championships,2001,2001-12-31,cross-country-skiing,Cross-country skiing,combined-double-pursuit-skiathlon,Combined/double pursuit/Skiathlon,men,3,bronze,athlete,Vitaly Denisov,Russia,RUS,,https://en.wikipedia.org/wiki/FIS_Nordic_World_Ski_Championships_2001
fis_nordic_world_ski_championships,FIS Nordic World Ski Championships,2001,2001-12-31,cross-country-skiing,Cross-country skiing,individual-sprint,Individual sprint,men,1,gold,athlete,Tor Arne Hetland,Norway,NOR,,https://en.wikipedia.org/wiki/FIS_Nordic_World_Ski_Championships_2001
fis_nordic_world_ski_championships,FIS Nordic World Ski Championships,2001,2001-12-31,cross-country-skiing,Cross-country skiing,individual-sprint,Individual sprint,men,2,silver,athlete,Cristian Zorzi,Italy,ITA,,https://en.wikipedia.org/wiki/FIS_Nordic_World_Ski_Championships_2001
fis_nordic_world_ski_championships,FIS Nordic World Ski Championships,2001,2001-12-31,cross-country-skiing,Cross-country skiing,individual-sprint,Individual sprint,men,3,bronze,athlete,Håvard Solbakken,Norway,NOR,,https://en.wikipedia.org/wiki/FIS_Nordic_World_Ski_Championships_2001
fis_nordic_world_ski_championships,FIS Nordic World Ski Championships,2001,2001-12-31,cross-country-skiing,Cross-country skiing,3-4-5-7-5-km-relay,3/4 × 5/7.5 km relay,women,1,gold,team,Russia,Russia,RUS,Olga Danilova; Larisa Lazutina; Yuliya Chepalova; Nina Gavrylyuk,https://en.wikipedia.org/wiki/FIS_Nordic_World_Ski_Championships_2001
fis_nordic_world_ski_championships,FIS Nordic World Ski Championships,2001,2001-12-31,cross-country-skiing,Cross-country skiing,3-4-5-7-5-km-relay,3/4 × 5/7.5 km relay,women,2,silver,team,Norway,Norway,NOR,Anita Moen; Bente Skari; Elin Nilsen; Hilde Gjermundshaug Pedersen,https://en.wikipedia.org/wiki/FIS_Nordic_World_Ski_Championships_2001
fis_nordic_world_ski_championships,FIS Nordic World Ski Championships,2001,2001-12-31,cross-country-skiing,Cross-country skiing,3-4-5-7-5-km-relay,3/4 × 5/7.5 km relay,women,3,bronze,team,Italy,Italy,ITA,Gabriella Paruzzi; Sabina Valbusa; Stefania Belmondo; Cristina Paluselli,https://en.wikipedia.org/wiki/FIS_Nordic_World_Ski_Championships_2001
fis_nordic_world_ski_championships,FIS Nordic World Ski Championships,2001,2001-12-31,nordic-combined-skiing,Nordic combined,individual-large-hill,Individual large hill,men,1,gold,athlete,Marco Baacke,Germany,DEU,,https://en.wikipedia.org/wiki/FIS_Nordic_World_Ski_Championships_2001
fis_nordic_world_ski_championships,FIS Nordic World Ski Championships,2001,2001-12-31,nordic-combined-skiing,Nordic combined,individual-large-hill,Individual large hill,men,2,silver,athlete,Samppa Lajunen,Finland,FIN,,https://en.wikipedia.org/wiki/FIS_Nordic_World_Ski_Championships_2001
fis_nordic_world_ski_championships,FIS Nordic World Ski Championships,2001,2001-12-31,nordic-combined-skiing,Nordic combined,individual-large-hill,Individual large hill,men,3,bronze,athlete,Ronny Ackermann,Germany,DEU,,https://en.wikipedia.org/wiki/FIS_Nordic_World_Ski_Championships_2001
fis_nordic_world_ski_championships,FIS Nordic World Ski Championships,2001,2001-12-31,nordic-combined-skiing,Nordic combined,individual-normal-hill,Individual normal hill,men,1,gold,athlete,Bjarte Engen Vik,Norway,NOR,,https://en.wikipedia.org/wiki/FIS_Nordic_World_Ski_Championships_2001
fis_nordic_world_ski_championships,FIS Nordic World Ski Championships,2001,2001-12-31,nordic-combined-skiing,Nordic combined,individual-normal-hill,Individual normal hill,men,2,silver,athlete,Samppa Lajunen,Finland,FIN,,https://en.wikipedia.org/wiki/FIS_Nordic_World_Ski_Championships_2001
fis_nordic_world_ski_championships,FIS Nordic World Ski Championships,2001,2001-12-31,nordic-combined-skiing,Nordic combined,individual-normal-hill,Individual normal hill,men,3,bronze,athlete,Felix Gottwald,Austria,AUT,,https://en.wikipedia.org/wiki/FIS_Nordic_World_Ski_Championships_2001
fis_nordic_world_ski_championships,FIS Nordic World Ski Championships,2001,2001-12-31,nordic-combined-skiing,Nordic combined,team,Team,men,1,gold,team,Norway,Norway,NOR,Kenneth Braaten; Sverre Rotevatn; Bjarte Engen Vik; Kristian Hammer,https://en.wikipedia.org/wiki/FIS_Nordic_World_Ski_Championships_2001
fis_nordic_world_ski_championships,FIS Nordic World Ski Championships,2001,2001-12-31,nordic-combined-skiing,Nordic combined,team,Team,men,2,silver,team,Austria,Austria,AUT,Christophe Eugen; Mario Stecher; David Kreiner; Felix Gottwald,https://en.wikipedia.org/wiki/FIS_Nordic_World_Ski_Championships_2001
fis_nordic_world_ski_championships,FIS Nordic World Ski Championships,2001,2001-12-31,nordic-combined-skiing,Nordic combined,team,Team,men,3,bronze,team,Finland,Finland,FIN,Jari Mantila; Hannu Manninen; Jaakko Tallus; Samppa Lajunen,https://en.wikipedia.org/wiki/FIS_Nordic_World_Ski_Championships_2001
fis_nordic_world_ski_championships,FIS Nordic World Ski Championships,2001,2001-12-31,ski-jumping,Ski jumping,large-hill-individual,Large hill individual,men,1,gold,athlete,Martin Schmitt,Germany,DEU,,https://en.wikipedia.org/wiki/FIS_Nordic_World_Ski_Championships_2001#Individual_large_hill
fis_nordic_world_ski_championships,FIS Nordic World Ski Championships,2001,2001-12-31,ski-jumping,Ski jumping,large-hill-individual,Large hill individual,men,2,silver,athlete,Adam Małysz,Poland,POL,,https://en.wikipedia.org/wiki/FIS_Nordic_World_Ski_Championships_2001#Individual_large_hill
fis_nordic_world_ski_championships,FIS Nordic World Ski Championships,2001,2001-12-31,ski-jumping,Ski jumping,large-hill-individual,Large hill individual,men,3,bronze,athlete,Janne Ahonen,Finland,FIN,,https://en.wikipedia.org/wiki/FIS_Nordic_World_Ski_Championships_2001#Individual_large_hill
fis_nordic_world_ski_championships,FIS Nordic World Ski Championships,2001,2001-12-31,ski-jumping,Ski jumping,large-hill-team,Large hill team,men,1,gold,team,Germany,Germany,DEU,Sven Hannawald; Michael Uhrmann; Alexander Herr; Martin Schmitt,https://en.wikipedia.org/wiki/FIS_Nordic_World_Ski_Championships_2001#Team_large_hill
fis_nordic_world_ski_championships,FIS Nordic World Ski Championships,2001,2001-12-31,ski-jumping,Ski jumping,large-hill-team,Large hill team,men,2,silver,team,Finland,Finland,FIN,Risto Jussilainen; Jani Soininen; Ville Kantee; Janne Ahonen,https://en.wikipedia.org/wiki/FIS_Nordic_World_Ski_Championships_2001#Team_large_hill
fis_nordic_world_ski_championships,FIS Nordic World Ski Championships,2001,2001-12-31,ski-jumping,Ski jumping,large-hill-team,Large hill team,men,3,bronze,team,Austria,Austria,AUT,Andreas Goldberger; Wolfgang Loitzl; Martin Höllwarth; Stefan Horngacher,https://en.wikipedia.org/wiki/FIS_Nordic_World_Ski_Championships_2001#Team_large_hill
fis_nordic_world_ski_championships,FIS Nordic World Ski Championships,2001,2001-12-31,ski-jumping,Ski jumping,normal-hill-individual,Normal hill individual,men,1,gold,athlete,Adam Małysz,Poland,POL,,https://en.wikipedia.org/wiki/FIS_Nordic_World_Ski_Championships_2001#Individual_normal_hill
fis_nordic_world_ski_championships,FIS Nordic World Ski Championships,2001,2001-12-31,ski-jumping,Ski jumping,normal-hill-individual,Normal hill individual,men,2,silver,athlete,Martin Schmitt,Germany,DEU,,https://en.wikipedia.org/wiki/FIS_Nordic_World_Ski_Championships_2001#Individual_normal_hill
fis_nordic_world_ski_championships,FIS Nordic World Ski Championships,2001,2001-12-31,ski-jumping,Ski jumping,normal-hill-individual,Normal hill individual,men,3,bronze,athlete,Martin Höllwarth,Austria,AUT,,https://en.wikipedia.org/wiki/FIS_Nordic_World_Ski_Championships_2001#Individual_normal_hill
fis_nordic_world_ski_championships,FIS Nordic World Ski Championships,2001,2001-12-31,ski-jumping,Ski jumping,normal-hill-team-discontinued,Normal hill team (discontinued),men,1,gold,team,Austria,Austria,AUT,Wolfgang Loitzl; Andreas Goldberger; Stefan Horngacher; Martin Höllwarth,https://en.wikipedia.org/wiki/FIS_Nordic_World_Ski_Championships_2001#Team_normal_hill
fis_nordic_world_ski_championships,FIS Nordic World Ski Championships,2001,2001-12-31,ski-jumping,Ski jumping,normal-hill-team-discontinued,Normal hill team (discontinued),men,2,silver,team,Finland,Finland,FIN,Matti Hautamäki; Risto Jussilainen; Ville Kantee; Janne Ahonen,https://en.wikipedia.org/wiki/FIS_Nordic_World_Ski_Championships_2001#Team_normal_hill
fis_nordic_world_ski_championships,FIS Nordic World Ski Championships,2001,2001-12-31,ski-jumping,Ski jumping,normal-hill-team-discontinued,Normal hill team (discontinued),men,3,bronze,team,Germany,Germany,DEU,Sven Hannawald; Michael Uhrmann; Alexander Herr; Martin Schmitt,https://en.wikipedia.org/wiki/FIS_Nordic_World_Ski_Championships_2001#Team_normal_hill
fis_nordic_world_ski_championships,FIS Nordic World Ski Championships,2003,2003-12-31,cross-country-skiing,Cross-country skiing,18-km-17-km-and-15-km-discontinued,"18 km, 17 km and 15 km (discontinued)",men,1,gold,athlete,Axel Teichmann,Germany,DEU,,https://en.wikipedia.org/wiki/FIS_Nordic_World_Ski_Championships_2003
fis_nordic_world_ski_championships,FIS Nordic World Ski Championships,2003,2003-12-31,cross-country-skiing,Cross-country skiing,18-km-17-km-and-15-km-discontinued,"18 km, 17 km and 15 km (discontinued)",men,2,silver,athlete,Jaak Mae,Estonia,EST,,https://en.wikipedia.org/wiki/FIS_Nordic_World_Ski_Championships_2003
fis_nordic_world_ski_championships,FIS Nordic World Ski Championships,2003,2003-12-31,cross-country-skiing,Cross-country skiing,18-km-17-km-and-15-km-discontinued,"18 km, 17 km and 15 km (discontinued)",men,3,bronze,athlete,Frode Estil,Norway,NOR,,https://en.wikipedia.org/wiki/FIS_Nordic_World_Ski_Championships_2003
fis_nordic_world_ski_championships,FIS Nordic World Ski Championships,2003,2003-12-31,cross-country-skiing,Cross-country skiing,30-km-discontinued,30 km (discontinued),men,1,gold,athlete,Thomas Alsgaard,Norway,NOR,,https://en.wikipedia.org/wiki/FIS_Nordic_World_Ski_Championships_2003
fis_nordic_world_ski_championships,FIS Nordic World Ski Championships,2003,2003-12-31,cross-country-skiing,Cross-country skiing,30-km-discontinued,30 km (discontinued),men,2,silver,athlete,Anders Aukland,Norway,NOR,,https://en.wikipedia.org/wiki/FIS_Nordic_World_Ski_Championships_2003
fis_nordic_world_ski_championships,FIS Nordic World Ski Championships,2003,2003-12-31,cross-country-skiing,Cross-country skiing,30-km-discontinued,30 km (discontinued),men,3,bronze,athlete,Frode Estil,Norway,NOR,,https://en.wikipedia.org/wiki/FIS_Nordic_World_Ski_Championships_2003
fis_nordic_world_ski_championships,FIS Nordic World Ski Championships,2003,2003-12-31,cross-country-skiing,Cross-country skiing,4-10-7-5-km-relay,4 × 10/7.5 km relay,men,1,gold,team,Norway,Norway,NOR,Anders Aukland; Frode Estil; Tore Ruud Hofstad; Thomas Alsgaard,https://en.wikipedia.org/wiki/FIS_Nordic_World_Ski_Championships_2003
fis_nordic_world_ski_championships,FIS Nordic World Ski Championships,2003,2003-12-31,cross-country-skiing,Cross-country skiing,4-10-7-5-km-relay,4 × 10/7.5 km relay,men,2,silver,team,Germany,Germany,DEU,Jens Filbrich; Andreas Schlütter; René Sommerfeldt; Axel Teichmann,https://en.wikipedia.org/wiki/FIS_Nordic_World_Ski_Championships_2003
fis_nordic_world_ski_championships,FIS Nordic World Ski Championships,2003,2003-12-31,cross-country-skiing,Cross-country skiing,4-10-7-5-km-relay,4 × 10/7.5 km relay,men,3,bronze,team,Sweden,Sweden,SWE,Anders Södergren; Per Elofsson; Mathias Fredriksson; Jörgen Brink,https://en.wikipedia.org/wiki/FIS_Nordic_World_Ski_Championships_2003
fis_nordic_world_ski_championships,FIS Nordic World Ski Championships,2003,2003-12-31,cross-country-skiing,Cross-country skiing,50-km,50 km,men,1,gold,athlete,Martin Koukal,Czech Republic,CZE,,https://en.wikipedia.org/wiki/FIS_Nordic_World_Ski_Championships_2003
fis_nordic_world_ski_championships,FIS Nordic World Ski Championships,2003,2003-12-31,cross-country-skiing,Cross-country skiing,50-km,50 km,men,2,silver,athlete,Anders Södergren,Sweden,SWE,,https://en.wikipedia.org/wiki/FIS_Nordic_World_Ski_Championships_2003
fis_nordic_world_ski_championships,FIS Nordic World Ski Championships,2003,2003-12-31,cross-country-skiing,Cross-country skiing,50-km,50 km,men,3,bronze,athlete,Jörgen Brink,Sweden,SWE,,https://en.wikipedia.org/wiki/FIS_Nordic_World_Ski_Championships_2003
fis_nordic_world_ski_championships,FIS Nordic World Ski Championships,2003,2003-12-31,cross-country-skiing,Cross-country skiing,combined-double-pursuit-skiathlon,Combined/double pursuit/Skiathlon,men,1,gold,athlete,Per Elofsson,Sweden,SWE,,https://en.wikipedia.org/wiki/FIS_Nordic_World_Ski_Championships_2003
fis_nordic_world_ski_championships,FIS Nordic World Ski Championships,2003,2003-12-31,cross-country-skiing,Cross-country skiing,combined-double-pursuit-skiathlon,Combined/double pursuit/Skiathlon,men,2,silver,athlete,Tore Ruud Hofstad,Norway,NOR,,https://en.wikipedia.org/wiki/FIS_Nordic_World_Ski_Championships_2003
fis_nordic_world_ski_championships,FIS Nordic World Ski Championships,2003,2003-12-31,cross-country-skiing,Cross-country skiing,combined-double-pursuit-skiathlon,Combined/double pursuit/Skiathlon,men,3,bronze,athlete,Jörgen Brink,Sweden,SWE,,https://en.wikipedia.org/wiki/FIS_Nordic_World_Ski_Championships_2003
fis_nordic_world_ski_championships,FIS Nordic World Ski Championships,2003,2003-12-31,cross-country-skiing,Cross-country skiing,individual-sprint,Individual sprint,men,1,gold,athlete,Thobias Fredriksson,Sweden,SWE,,https://en.wikipedia.org/wiki/FIS_Nordic_World_Ski_Championships_2003
fis_nordic_world_ski_championships,FIS Nordic World Ski Championships,2003,2003-12-31,cross-country-skiing,Cross-country skiing,individual-sprint,Individual sprint,men,2,silver,athlete,Håvard Bjerkeli,Norway,NOR,,https://en.wikipedia.org/wiki/FIS_Nordic_World_Ski_Championships_2003
fis_nordic_world_ski_championships,FIS Nordic World Ski Championships,2003,2003-12-31,cross-country-skiing,Cross-country skiing,individual-sprint,Individual sprint,men,3,bronze,athlete,Tor Arne Hetland,Norway,NOR,,https://en.wikipedia.org/wiki/FIS_Nordic_World_Ski_Championships_2003
fis_nordic_world_ski_championships,FIS Nordic World Ski Championships,2003,2003-12-31,cross-country-skiing,Cross-country skiing,3-4-5-7-5-km-relay,3/4 × 5/7.5 km relay,women,1,gold,team,Germany,Germany,DEU,Manuela Henkel; Viola Bauer; Claudia Künzel; Evi Sachenbacher,https://en.wikipedia.org/wiki/FIS_Nordic_World_Ski_Championships_2003
fis_nordic_world_ski_championships,FIS Nordic World Ski Championships,2003,2003-12-31,cross-country-skiing,Cross-country skiing,3-4-5-7-5-km-relay,3/4 × 5/7.5 km relay,women,2,silver,team,Norway,Norway,NOR,Anita Moen; Marit Bjørgen; Hilde Gjermundshaug Pedersen; Vibeke Skofterud,https://en.wikipedia.org/wiki/FIS_Nordic_World_Ski_Championships_2003
fis_nordic_world_ski_championships,FIS Nordic World Ski Championships,2003,2003-12-31,cross-country-skiing,Cross-country skiing,3-4-5-7-5-km-relay,3/4 × 5/7.5 km relay,women,3,bronze,team,Russia,Russia,RUS,Natalya Korostelyova; Olga Zavyalova; Yelena Burukhina; Nina Gavrylyuk,https://en.wikipedia.org/wiki/FIS_Nordic_World_Ski_Championships_2003
fis_nordic_world_ski_championships,FIS Nordic World Ski Championships,2003,2003-12-31,nordic-combined-skiing,Nordic combined,individual-large-hill,Individual large hill,men,1,gold,athlete,Johnny Spillane,United States,USA,,https://en.wikipedia.org/wiki/FIS_Nordic_World_Ski_Championships_2003
fis_nordic_world_ski_championships,FIS Nordic World Ski Championships,2003,2003-12-31,nordic-combined-skiing,Nordic combined,individual-large-hill,Individual large hill,men,2,silver,athlete,Ronny Ackermann,Germany,DEU,,https://en.wikipedia.org/wiki/FIS_Nordic_World_Ski_Championships_2003
fis_nordic_world_ski_championships,FIS Nordic World Ski Championships,2003,2003-12-31,nordic-combined-skiing,Nordic combined,individual-large-hill,Individual large hill,men,3,bronze,athlete,Felix Gottwald,Austria,AUT,,https://en.wikipedia.org/wiki/FIS_Nordic_World_Ski_Championships_2003
fis_nordic_world_ski_championships,FIS Nordic World Ski Championships,2003,2003-12-31,nordic-combined-skiing,Nordic combined,individual-normal-hill,Individual normal hill,men,1,gold,athlete,Ronny Ackermann,Germany,DEU,,https://en.wikipedia.org/wiki/FIS_Nordic_World_Ski_Championships_2003
fis_nordic_world_ski_championships,FIS Nordic World Ski Championships,2003,2003-12-31,nordic-combined-skiing,Nordic combined,individual-normal-hill,Individual normal hill,men,2,silver,athlete,Felix Gottwald,Austria,AUT,,https://en.wikipedia.org/wiki/FIS_Nordic_World_Ski_Championships_2003
fis_nordic_world_ski_championships,FIS Nordic World Ski Championships,2003,2003-12-31,nordic-combined-skiing,Nordic combined,individual-normal-hill,Individual normal hill,men,3,bronze,athlete,Samppa Lajunen,Finland,FIN,,https://en.wikipedia.org/wiki/FIS_Nordic_World_Ski_Championships_2003
fis_nordic_world_ski_championships,FIS Nordic World Ski Championships,2003,2003-12-31,nordic-combined-skiing,Nordic combined,team,Team,men,1,gold,team,Austria,Austria,AUT,Michael Gruber; Wilhelm Denifl; Christoph Bieler; Felix Gottwald,https://en.wikipedia.org/wiki/FIS_Nordic_World_Ski_Championships_2003
fis_nordic_world_ski_championships,FIS Nordic World Ski Championships,2003,2003-12-31,nordic-combined-skiing,Nordic combined,team,Team,men,2,silver,team,Germany,Germany,DEU,Thorsten Schmitt; Georg Hettich; Björn Kircheisen; Ronny Ackermann,https://en.wikipedia.org/wiki/FIS_Nordic_World_Ski_Championships_2003
fis_nordic_world_ski_championships,FIS Nordic World Ski Championships,2003,2003-12-31,nordic-combined-skiing,Nordic combined,team,Team,men,3,bronze,team,Finland,Finland,FIN,Hannu Manninen; Jouni Kaitainen; Jaakko Tallus; Samppa Lajunen,https://en.wikipedia.org/wiki/FIS_Nordic_World_Ski_Championships_2003
fis_nordic_world_ski_championships,FIS Nordic World Ski Championships,2003,2003-12-31,ski-jumping,Ski jumping,large-hill-individual,Large hill individual,men,1,gold,athlete,Adam Małysz,Poland,POL,,https://en.wikipedia.org/wiki/FIS_Nordic_World_Ski_Championships_2003#Individual_large_hill
fis_nordic_world_ski_championships,FIS Nordic World Ski Championships,2003,2003-12-31,ski-jumping,Ski jumping,large-hill-individual,Large hill individual,men,2,silver,athlete,Matti Hautamäki,Finland,FIN,,https://en.wikipedia.org/wiki/FIS_Nordic_World_Ski_Championships_2003#Individual_large_hill
fis_nordic_world_ski_championships,FIS Nordic World Ski Championships,2003,2003-12-31,ski-jumping,Ski jumping,large-hill-individual,Large hill individual,men,3,bronze,athlete,Noriaki Kasai,Japan,JPN,,https://en.wikipedia.org/wiki/FIS_Nordic_World_Ski_Championships_2003#Individual_large_hill
fis_nordic_world_ski_championships,FIS Nordic World Ski Championships,2003,2003-12-31,ski-jumping,Ski jumping,large-hill-team,Large hill team,men,1,gold,team,Finland,Finland,FIN,Janne Ahonen; Tami Kiuru; Arttu Lappi; Matti Hautamäki,https://en.wikipedia.org/wiki/FIS_Nordic_World_Ski_Championships_2003
fis_nordic_world_ski_championships,FIS Nordic World Ski Championships,2003,2003-12-31,ski-jumping,Ski jumping,large-hill-team,Large hill team,men,2,silver,team,Japan,Japan,JPN,Kazuyoshi Funaki; Akira Higashi; Hideharu Miyahira; Noriaki Kasai,https://en.wikipedia.org/wiki/FIS_Nordic_World_Ski_Championships_2003
fis_nordic_world_ski_championships,FIS Nordic World Ski Championships,2003,2003-12-31,ski-jumping,Ski jumping,large-hill-team,Large hill team,men,3,bronze,team,Norway,Norway,NOR,Tommy Ingebrigtsen; Lars Bystøl; Sigurd Pettersen; Bjørn Einar Romøren,https://en.wikipedia.org/wiki/FIS_Nordic_World_Ski_Championships_2003
fis_nordic_world_ski_championships,FIS Nordic World Ski Championships,2003,2003-12-31,ski-jumping,Ski jumping,normal-hill-individual,Normal hill individual,men,1,gold,athlete,Adam Małysz,Poland,POL,,https://en.wikipedia.org/wiki/FIS_Nordic_World_Ski_Championships_2003#Individual_normal_hill
fis_nordic_world_ski_championships,FIS Nordic World Ski Championships,2003,2003-12-31,ski-jumping,Ski jumping,normal-hill-individual,Normal hill individual,men,2,silver,athlete,Tommy Ingebrigtsen,Norway,NOR,,https://en.wikipedia.org/wiki/FIS_Nordic_World_Ski_Championships_2003#Individual_normal_hill
fis_nordic_world_ski_championships,FIS Nordic World Ski Championships,2003,2003-12-31,ski-jumping,Ski jumping,normal-hill-individual,Normal hill individual,men,3,bronze,athlete,Noriaki Kasai,Japan,JPN,,https://en.wikipedia.org/wiki/FIS_Nordic_World_Ski_Championships_2003#Individual_normal_hill
fis_nordic_world_ski_championships,FIS Nordic World Ski Championships,2005,2005-12-31,cross-country-skiing,Cross-country skiing,18-km-17-km-and-15-km-discontinued,"18 km, 17 km and 15 km (discontinued)",men,1,gold,athlete,Pietro Piller Cottrer,Italy,ITA,,https://en.wikipedia.org/wiki/FIS_Nordic_World_Ski_Championships_2005
fis_nordic_world_ski_championships,FIS Nordic World Ski Championships,2005,2005-12-31,cross-country-skiing,Cross-country skiing,18-km-17-km-and-15-km-discontinued,"18 km, 17 km and 15 km (discontinued)",men,2,silver,athlete,Fulvio Valbusa,Italy,ITA,,https://en.wikipedia.org/wiki/FIS_Nordic_World_Ski_Championships_2005
fis_nordic_world_ski_championships,FIS Nordic World Ski Championships,2005,2005-12-31,cross-country-skiing,Cross-country skiing,18-km-17-km-and-15-km-discontinued,"18 km, 17 km and 15 km (discontinued)",men,3,bronze,athlete,Tore Ruud Hofstad,Norway,NOR,,https://en.wikipedia.org/wiki/FIS_Nordic_World_Ski_Championships_2005
fis_nordic_world_ski_championships,FIS Nordic World Ski Championships,2005,2005-12-31,cross-country-skiing,Cross-country skiing,4-10-7-5-km-relay,4 × 10/7.5 km relay,men,1,gold,team,Norway,Norway,NOR,Odd-Bjørn Hjelmeset; Frode Estil; Lars Berger; Tore Ruud Hofstad,https://en.wikipedia.org/wiki/FIS_Nordic_World_Ski_Championships_2005
fis_nordic_world_ski_championships,FIS Nordic World Ski Championships,2005,2005-12-31,cross-country-skiing,Cross-country skiing,4-10-7-5-km-relay,4 × 10/7.5 km relay,men,2,silver,team,Germany,Germany,DEU,Jens Filbrich; Andreas Schlütter; Tobias Angerer; Axel Teichmann,https://en.wikipedia.org/wiki/FIS_Nordic_World_Ski_Championships_2005
fis_nordic_world_ski_championships,FIS Nordic World Ski Championships,2005,2005-12-31,cross-country-skiing,Cross-country skiing,4-10-7-5-km-relay,4 × 10/7.5 km relay,men,3,bronze,team,Russia,Russia,RUS,Nikolay Pankratov; Vasily Rochev; Yevgeny Dementyev; Nikolay Bolschakov,https://en.wikipedia.org/wiki/FIS_Nordic_World_Ski_Championships_2005
fis_nordic_world_ski_championships,FIS Nordic World Ski Championships,2005,2005-12-31,cross-country-skiing,Cross-country skiing,50-km,50 km,men,1,gold,athlete,Frode Estil,Norway,NOR,,https://en.wikipedia.org/wiki/FIS_Nordic_World_Ski_Championships_2005
fis_nordic_world_ski_championships,FIS Nordic World Ski Championships,2005,2005-12-31,cross-country-skiing,Cross-country skiing,50-km,50 km,men,2,silver,athlete,Anders Aukland,Norway,NOR,,https://en.wikipedia.org/wiki/FIS_Nordic_World_Ski_Championships_2005
fis_nordic_world_ski_championships,FIS Nordic World Ski Championships,2005,2005-12-31,cross-country-skiing,Cross-country skiing,50-km,50 km,men,3,bronze,athlete,Odd-Bjørn Hjelmeset,Norway,NOR,,https://en.wikipedia.org/wiki/FIS_Nordic_World_Ski_Championships_2005
fis_nordic_world_ski_championships,FIS Nordic World Ski Championships,2005,2005-12-31,cross-country-skiing,Cross-country skiing,combined-double-pursuit-skiathlon,Combined/double pursuit/Skiathlon,men,1,gold,athlete,Vincent Vittoz,France,FRA,,https://en.wikipedia.org/wiki/FIS_Nordic_World_Ski_Championships_2005
fis_nordic_world_ski_championships,FIS Nordic World Ski Championships,2005,2005-12-31,cross-country-skiing,Cross-country skiing,combined-double-pursuit-skiathlon,Combined/double pursuit/Skiathlon,men,2,silver,athlete,Giorgio Di Centa,Italy,ITA,,https://en.wikipedia.org/wiki/FIS_Nordic_World_Ski_Championships_2005
fis_nordic_world_ski_championships,FIS Nordic World Ski Championships,2005,2005-12-31,cross-country-skiing,Cross-country skiing,combined-double-pursuit-skiathlon,Combined/double pursuit/Skiathlon,men,3,bronze,athlete,Frode Estil,Norway,NOR,,https://en.wikipedia.org/wiki/FIS_Nordic_World_Ski_Championships_2005
fis_nordic_world_ski_championships,FIS Nordic World Ski Championships,2005,2005-12-31,cross-country-skiing,Cross-country skiing,individual-sprint,Individual sprint,men,1,gold,athlete,Vasily Rochev,Russia,RUS,,https://en.wikipedia.org/wiki/FIS_Nordic_World_Ski_Championships_2005
fis_nordic_world_ski_championships,FIS Nordic World Ski Championships,2005,2005-12-31,cross-country-skiing,Cross-country skiing,individual-sprint,Individual sprint,men,2,silver,athlete,Tor Arne Hetland,Norway,NOR,,https://en.wikipedia.org/wiki/FIS_Nordic_World_Ski_Championships_2005
fis_nordic_world_ski_championships,FIS Nordic World Ski Championships,2005,2005-12-31,cross-country-skiing,Cross-country skiing,individual-sprint,Individual sprint,men,3,bronze,athlete,Thobias Fredriksson,Sweden,SWE,,https://en.wikipedia.org/wiki/FIS_Nordic_World_Ski_Championships_2005
fis_nordic_world_ski_championships,FIS Nordic World Ski Championships,2005,2005-12-31,cross-country-skiing,Cross-country skiing,team-sprint,Team sprint,men,1,gold,team,Norway,Norway,NOR,Tore Ruud Hofstad; Tor Arne Hetland,https://en.wikipedia.org/wiki/FIS_Nordic_World_Ski_Championships_2005
fis_nordic_world_ski_championships,FIS Nordic World Ski Championships,2005,2005-12-31,cross-country-skiing,Cross-country skiing,team-sprint,Team sprint,men,2,silver,team,Germany,Germany,DEU,Jens Filbrich; Axel Teichmann,https://en.wikipedia.org/wiki/FIS_Nordic_World_Ski_Championships_2005
fis_nordic_world_ski_championships,FIS Nordic World Ski Championships,2005,2005-12-31,cross-country-skiing,Cross-country skiing,team-sprint,Team sprint,men,3,bronze,team,Czech Republic,Czech Republic,CZE,Dušan Kožíšek; Martin Koukal,https://en.wikipedia.org/wiki/FIS_Nordic_World_Ski_Championships_2005
fis_nordic_world_ski_championships,FIS Nordic World Ski Championships,2005,2005-12-31,cross-country-skiing,Cross-country skiing,3-4-5-7-5-km-relay,3/4 × 5/7.5 km relay,women,1,gold,team,Norway,Norway,NOR,Vibeke Skofterud; Hilde Gjermundshaug Pedersen; Kristin Størmer Steira; Marit Bjørgen,https://en.wikipedia.org/wiki/FIS_Nordic_World_Ski_Championships_2005
fis_nordic_world_ski_championships,FIS Nordic World Ski Championships,2005,2005-12-31,cross-country-skiing,Cross-country skiing,3-4-5-7-5-km-relay,3/4 × 5/7.5 km relay,women,2,silver,team,Russia,Russia,RUS,Larisa Kurkina; Natalya Baranova-Masalkina; Yevgeniya Medvedeva-Arbuzova; Yuliya Chepalova,https://en.wikipedia.org/wiki/FIS_Nordic_World_Ski_Championships_2005
fis_nordic_world_ski_championships,FIS Nordic World Ski Championships,2005,2005-12-31,cross-country-skiing,Cross-country skiing,3-4-5-7-5-km-relay,3/4 × 5/7.5 km relay,women,3,bronze,team,Italy,Italy,ITA,Gabriella Paruzzi; Antonella Confortola; Sabina Valbusa; Arianna Follis,https://en.wikipedia.org/wiki/FIS_Nordic_World_Ski_Championships_2005
fis_nordic_world_ski_championships,FIS Nordic World Ski Championships,2005,2005-12-31,cross-country-skiing,Cross-country skiing,team-sprint,Team sprint,women,1,gold,team,Norway,Norway,NOR,Hilde Gjermundshaug Pedersen; Marit Bjørgen,https://en.wikipedia.org/wiki/FIS_Nordic_World_Ski_Championships_2005
fis_nordic_world_ski_championships,FIS Nordic World Ski Championships,2005,2005-12-31,cross-country-skiing,Cross-country skiing,team-sprint,Team sprint,women,2,silver,team,Finland,Finland,FIN,Riitta-Liisa Lassila; Pirjo Manninen,https://en.wikipedia.org/wiki/FIS_Nordic_World_Ski_Championships_2005
fis_nordic_world_ski_championships,FIS Nordic World Ski Championships,2005,2005-12-31,cross-country-skiing,Cross-country skiing,team-sprint,Team sprint,women,3,bronze,team,Russia,Russia,RUS,Yuliya Chepalova; Alyona Sidko,https://en.wikipedia.org/wiki/FIS_Nordic_World_Ski_Championships_2005
fis_nordic_world_ski_championships,FIS Nordic World Ski Championships,2005,2005-12-31,nordic-combined-skiing,Nordic combined,individual-large-hill,Individual large hill,men,1,gold,athlete,Ronny Ackermann,Germany,DEU,,https://en.wikipedia.org/wiki/FIS_Nordic_World_Ski_Championships_2005
fis_nordic_world_ski_championships,FIS Nordic World Ski Championships,2005,2005-12-31,nordic-combined-skiing,Nordic combined,individual-large-hill,Individual large hill,men,2,silver,athlete,Magnus Moan,Norway,NOR,,https://en.wikipedia.org/wiki/FIS_Nordic_World_Ski_Championships_2005
fis_nordic_world_ski_championships,FIS Nordic World Ski Championships,2005,2005-12-31,nordic-combined-skiing,Nordic combined,individual-large-hill,Individual large hill,men,3,bronze,athlete,Kristian Hammer,Norway,NOR,,https://en.wikipedia.org/wiki/FIS_Nordic_World_Ski_Championships_2005
fis_nordic_world_ski_championships,FIS Nordic World Ski Championships,2005,2005-12-31,nordic-combined-skiing,Nordic combined,individual-normal-hill,Individual normal hill,men,1,gold,athlete,Ronny Ackermann,Germany,DEU,,https://en.wikipedia.org/wiki/FIS_Nordic_World_Ski_Championships_2005
fis_nordic_world_ski_championships,FIS Nordic World Ski Championships,2005,2005-12-31,nordic-combined-skiing,Nordic combined,individual-normal-hill,Individual normal hill,men,2,silver,athlete,Björn Kircheisen,Germany,DEU,,https://en.wikipedia.org/wiki/FIS_Nordic_World_Ski_Championships_2005
fis_nordic_world_ski_championships,FIS Nordic World Ski Championships,2005,2005-12-31,nordic-combined-skiing,Nordic combined,individual-normal-hill,Individual normal hill,men,3,bronze,athlete,Felix Gottwald,Austria,AUT,,https://en.wikipedia.org/wiki/FIS_Nordic_World_Ski_Championships_2005
fis_nordic_world_ski_championships,FIS Nordic World Ski Championships,2005,2005-12-31,nordic-combined-skiing,Nordic combined,team,Team,men,1,gold,team,Norway,Norway,NOR,Petter Tande; Håvard Klemetsen; Magnus Moan; Kristian Hammer,https://en.wikipedia.org/wiki/FIS_Nordic_World_Ski_Championships_2005
fis_nordic_world_ski_championships,FIS Nordic World Ski Championships,2005,2005-12-31,nordic-combined-skiing,Nordic combined,team,Team,men,2,silver,team,Germany,Germany,DEU,Sebastian Haseney; Georg Hettich; Björn Kircheisen; Ronny Ackermann,https://en.wikipedia.org/wiki/FIS_Nordic_World_Ski_Championships_2005
fis_nordic_world_ski_championships,FIS Nordic World Ski Championships,2005,2005-12-31,nordic-combined-skiing,Nordic combined,team,Team,men,3,bronze,team,Austria,Austria,AUT,Michael Gruber; Christoph Bieler; David Kreiner; Felix Gottwald,https://en.wikipedia.org/wiki/FIS_Nordic_World_Ski_Championships_2005
fis_nordic_world_ski_championships,FIS Nordic World Ski Championships,2005,2005-12-31,ski-jumping,Ski jumping,large-hill-individual,Large hill individual,men,1,gold,athlete,Janne Ahonen,Finland,FIN,,https://en.wikipedia.org/wiki/FIS_Nordic_World_Ski_Championships_2005#Individual_large_hill
fis_nordic_world_ski_championships,FIS Nordic World Ski Championships,2005,2005-12-31,ski-jumping,Ski jumping,large-hill-individual,Large hill individual,men,2,silver,athlete,Roar Ljøkelsøy,Norway,NOR,,https://en.wikipedia.org/wiki/FIS_Nordic_World_Ski_Championships_2005#Individual_large_hill
fis_nordic_world_ski_championships,FIS Nordic World Ski Championships,2005,2005-12-31,ski-jumping,Ski jumping,large-hill-individual,Large hill individual,men,3,bronze,athlete,Jakub Janda,Czech Republic,CZE,,https://en.wikipedia.org/wiki/FIS_Nordic_World_Ski_Championships_2005#Individual_large_hill
fis_nordic_world_ski_championships,FIS Nordic World Ski Championships,2005,2005-12-31,ski-jumping,Ski jumping,large-hill-team,Large hill team,men,1,gold,team,Austria,Austria,AUT,Wolfgang Loitzl; Andreas Widhölzl; Thomas Morgenstern; Martin Höllwarth,https://en.wikipedia.org/wiki/FIS_Nordic_World_Ski_Championships_2005
fis_nordic_world_ski_championships,FIS Nordic World Ski Championships,2005,2005-12-31,ski-jumping,Ski jumping,large-hill-team,Large hill team,men,2,silver,team,Finland,Finland,FIN,Risto Jussilainen; Tami Kiuru; Matti Hautamäki; Janne Ahonen,https://en.wikipedia.org/wiki/FIS_Nordic_World_Ski_Championships_2005
fis_nordic_world_ski_championships,FIS Nordic World Ski Championships,2005,2005-12-31,ski-jumping,Ski jumping,large-hill-team,Large hill team,men,3,bronze,team,Norway,Norway,NOR,Bjørn Einar Romøren; Sigurd Pettersen; Lars Bystøl; Roar Ljøkelsøy,https://en.wikipedia.org/wiki/FIS_Nordic_World_Ski_Championships_2005
fis_nordic_world_ski_championships,FIS Nordic World Ski Championships,2005,2005-12-31,ski-jumping,Ski jumping,normal-hill-individual,Normal hill individual,men,1,gold,athlete,Rok Benkovič,Slovenia,SVN,,https://en.wikipedia.org/wiki/FIS_Nordic_World_Ski_Championships_2005#Individual_normal_hill
fis_nordic_world_ski_championships,FIS Nordic World Ski Championships,2005,2005-12-31,ski-jumping,Ski jumping,normal-hill-individual,Normal hill individual,men,2,silver,athlete,Jakub Janda,Czech Republic,CZE,,https://en.wikipedia.org/wiki/FIS_Nordic_World_Ski_Championships_2005#Individual_normal_hill
fis_nordic_world_ski_championships,FIS Nordic World Ski Championships,2005,2005-12-31,ski-jumping,Ski jumping,normal-hill-individual,Normal hill individual,men,3,bronze,athlete,Janne Ahonen,Finland,FIN,,https://en.wikipedia.org/wiki/FIS_Nordic_World_Ski_Championships_2005#Individual_normal_hill
fis_nordic_world_ski_championships,FIS Nordic World Ski Championships,2005,2005-12-31,ski-jumping,Ski jumping,normal-hill-team-discontinued,Normal hill team (discontinued),men,1,gold,team,Austria,Austria,AUT,Wolfgang Loitzl; Andreas Widhölzl; Thomas Morgenstern; Martin Höllwarth,https://en.wikipedia.org/wiki/FIS_Nordic_World_Ski_Championships_2005#Team_normal_hill
fis_nordic_world_ski_championships,FIS Nordic World Ski Championships,2005,2005-12-31,ski-jumping,Ski jumping,normal-hill-team-discontinued,Normal hill team (discontinued),men,2,silver,team,Germany,Germany,DEU,Michael Neumayer; Martin Schmitt; Michael Uhrmann; Georg Späth,https://en.wikipedia.org/wiki/FIS_Nordic_World_Ski_Championships_2005#Team_normal_hill
fis_nordic_world_ski_championships,FIS Nordic World Ski Championships,2005,2005-12-31,ski-jumping,Ski jumping,normal-hill-team-discontinued,Normal hill team (discontinued),men,3,bronze,team,Slovenia,Slovenia,SVN,Primož Peterka; Jure Bogataj; Rok Benkovič; Jernej Damjan,https://en.wikipedia.org/wiki/FIS_Nordic_World_Ski_Championships_2005#Team_normal_hill
fis_nordic_world_ski_championships,FIS Nordic World Ski Championships,2007,2007-12-31,cross-country-skiing,Cross-country skiing,18-km-17-km-and-15-km-discontinued,"18 km, 17 km and 15 km (discontinued)",men,1,gold,athlete,Lars Berger,Norway,NOR,,https://en.wikipedia.org/wiki/FIS_Nordic_World_Ski_Championships_2007
fis_nordic_world_ski_championships,FIS Nordic World Ski Championships,2007,2007-12-31,cross-country-skiing,Cross-country skiing,18-km-17-km-and-15-km-discontinued,"18 km, 17 km and 15 km (discontinued)",men,2,silver,athlete,Leanid Karneyenka,Belarus,BLR,,https://en.wikipedia.org/wiki/FIS_Nordic_World_Ski_Championships_2007
fis_nordic_world_ski_championships,FIS Nordic World Ski Championships,2007,2007-12-31,cross-country-skiing,Cross-country skiing,18-km-17-km-and-15-km-discontinued,"18 km, 17 km and 15 km (discontinued)",men,3,bronze,athlete,Tobias Angerer,Germany,DEU,,https://en.wikipedia.org/wiki/FIS_Nordic_World_Ski_Championships_2007
fis_nordic_world_ski_championships,FIS Nordic World Ski Championships,2007,2007-12-31,cross-country-skiing,Cross-country skiing,4-10-7-5-km-relay,4 × 10/7.5 km relay,men,1,gold,team,Norway,Norway,NOR,Eldar Rønning; Odd-Bjørn Hjelmeset; Lars Berger; Petter Northug,https://en.wikipedia.org/wiki/FIS_Nordic_World_Ski_Championships_2007
fis_nordic_world_ski_championships,FIS Nordic World Ski Championships,2007,2007-12-31,cross-country-skiing,Cross-country skiing,4-10-7-5-km-relay,4 × 10/7.5 km relay,men,2,silver,team,Russia,Russia,RUS,Nikolai Pankratov; Vasily Rochev; Alexander Legkov; Evgeni Dementiev,https://en.wikipedia.org/wiki/FIS_Nordic_World_Ski_Championships_2007
fis_nordic_world_ski_championships,FIS Nordic World Ski Championships,2007,2007-12-31,cross-country-skiing,Cross-country skiing,4-10-7-5-km-relay,4 × 10/7.5 km relay,men,3,bronze,team,Sweden,Sweden,SWE,Martin Larsson; Mathias Fredriksson; Marcus Hellner; Anders Södergren,https://en.wikipedia.org/wiki/FIS_Nordic_World_Ski_Championships_2007
fis_nordic_world_ski_championships,FIS Nordic World Ski Championships,2007,2007-12-31,cross-country-skiing,Cross-country skiing,50-km,50 km,men,1,gold,athlete,Odd-Bjørn Hjelmeset,Norway,NOR,,https://en.wikipedia.org/wiki/FIS_Nordic_World_Ski_Championships_2007
fis_nordic_world_ski_championships,FIS Nordic World Ski Championships,2007,2007-12-31,cross-country-skiing,Cross-country skiing,50-km,50 km,men,2,silver,athlete,Frode Estil,Norway,NOR,,https://en.wikipedia.org/wiki/FIS_Nordic_World_Ski_Championships_2007
fis_nordic_world_ski_championships,FIS Nordic World Ski Championships,2007,2007-12-31,cross-country-skiing,Cross-country skiing,50-km,50 km,men,3,bronze,athlete,Jens Filbrich,Germany,DEU,,https://en.wikipedia.org/wiki/FIS_Nordic_World_Ski_Championships_2007
fis_nordic_world_ski_championships,FIS Nordic World Ski Championships,2007,2007-12-31,cross-country-skiing,Cross-country skiing,combined-double-pursuit-skiathlon,Combined/double pursuit/Skiathlon,men,1,gold,athlete,Axel Teichmann,Germany,DEU,,https://en.wikipedia.org/wiki/FIS_Nordic_World_Ski_Championships_2007
fis_nordic_world_ski_championships,FIS Nordic World Ski Championships,2007,2007-12-31,cross-country-skiing,Cross-country skiing,combined-double-pursuit-skiathlon,Combined/double pursuit/Skiathlon,men,2,silver,athlete,Tobias Angerer,Germany,DEU,,https://en.wikipedia.org/wiki/FIS_Nordic_World_Ski_Championships_2007
fis_nordic_world_ski_championships,FIS Nordic World Ski Championships,2007,2007-12-31,cross-country-skiing,Cross-country skiing,combined-double-pursuit-skiathlon,Combined/double pursuit/Skiathlon,men,3,bronze,athlete,Pietro Piller Cottrer,Italy,ITA,,https://en.wikipedia.org/wiki/FIS_Nordic_World_Ski_Championships_2007
fis_nordic_world_ski_championships,FIS Nordic World Ski Championships,2007,2007-12-31,cross-country-skiing,Cross-country skiing,individual-sprint,Individual sprint,men,1,gold,athlete,Jens Arne Svartedal,Norway,NOR,,https://en.wikipedia.org/wiki/FIS_Nordic_World_Ski_Championships_2007
fis_nordic_world_ski_championships,FIS Nordic World Ski Championships,2007,2007-12-31,cross-country-skiing,Cross-country skiing,individual-sprint,Individual sprint,men,2,silver,athlete,Mats Larsson,Sweden,SWE,,https://en.wikipedia.org/wiki/FIS_Nordic_World_Ski_Championships_2007
fis_nordic_world_ski_championships,FIS Nordic World Ski Championships,2007,2007-12-31,cross-country-skiing,Cross-country skiing,individual-sprint,Individual sprint,men,3,bronze,athlete,Eldar Rønning,Norway,NOR,,https://en.wikipedia.org/wiki/FIS_Nordic_World_Ski_Championships_2007
fis_nordic_world_ski_championships,FIS Nordic World Ski Championships,2007,2007-12-31,cross-country-skiing,Cross-country skiing,team-sprint,Team sprint,men,1,gold,team,Italy,Italy,ITA,Renato Pasini; Cristian Zorzi,https://en.wikipedia.org/wiki/FIS_Nordic_World_Ski_Championships_2007
fis_nordic_world_ski_championships,FIS Nordic World Ski Championships,2007,2007-12-31,cross-country-skiing,Cross-country skiing,team-sprint,Team sprint,men,2,silver,team,Russia,Russia,RUS,Nikolay Morilov; Vasily Rochev,https://en.wikipedia.org/wiki/FIS_Nordic_World_Ski_Championships_2007
fis_nordic_world_ski_championships,FIS Nordic World Ski Championships,2007,2007-12-31,cross-country-skiing,Cross-country skiing,team-sprint,Team sprint,men,3,bronze,team,Czech Republic,Czech Republic,CZE,Milan Šperl; Dušan Kožíšek,https://en.wikipedia.org/wiki/FIS_Nordic_World_Ski_Championships_2007
fis_nordic_world_ski_championships,FIS Nordic World Ski Championships,2007,2007-12-31,cross-country-skiing,Cross-country skiing,3-4-5-7-5-km-relay,3/4 × 5/7.5 km relay,women,1,gold,team,Finland,Finland,FIN,Virpi Kuitunen; Aino-Kaisa Saarinen; Riitta-Liisa Roponen; Pirjo Manninen,https://en.wikipedia.org/wiki/FIS_Nordic_World_Ski_Championships_2007
fis_nordic_world_ski_championships,FIS Nordic World Ski Championships,2007,2007-12-31,cross-country-skiing,Cross-country skiing,3-4-5-7-5-km-relay,3/4 × 5/7.5 km relay,women,2,silver,team,Germany,Germany,DEU,Stefanie Böhler; Viola Bauer; Claudia Künzel-Nystad; Evi Sachenbacher-Stehle,https://en.wikipedia.org/wiki/FIS_Nordic_World_Ski_Championships_2007
fis_nordic_world_ski_championships,FIS Nordic World Ski Championships,2007,2007-12-31,cross-country-skiing,Cross-country skiing,3-4-5-7-5-km-relay,3/4 × 5/7.5 km relay,women,3,bronze,team,Norway,Norway,NOR,Vibeke Skofterud; Marit Bjørgen; Kristin Størmer Steira; Astrid Uhrenholdt Jacobsen,https://en.wikipedia.org/wiki/FIS_Nordic_World_Ski_Championships_2007
fis_nordic_world_ski_championships,FIS Nordic World Ski Championships,2007,2007-12-31,cross-country-skiing,Cross-country skiing,team-sprint,Team sprint,women,1,gold,team,Finland,Finland,FIN,Riitta-Liisa Roponen; Virpi Kuitunen,https://en.wikipedia.org/wiki/FIS_Nordic_World_Ski_Championships_2007
fis_nordic_world_ski_championships,FIS Nordic World Ski Championships,2007,2007-12-31,cross-country-skiing,Cross-country skiing,team-sprint,Team sprint,women,2,silver,team,Germany,Germany,DEU,Evi Sachenbacher-Stehle; Claudia Künzel-Nystad,https://en.wikipedia.org/wiki/FIS_Nordic_World_Ski_Championships_2007
fis_nordic_world_ski_championships,FIS Nordic World Ski Championships,2007,2007-12-31,cross-country-skiing,Cross-country skiing,team-sprint,Team sprint,women,3,bronze,team,Norway,Norway,NOR,Astrid Uhrenholdt Jacobsen; Marit Bjørgen,https://en.wikipedia.org/wiki/FIS_Nordic_World_Ski_Championships_2007
fis_nordic_world_ski_championships,FIS Nordic World Ski Championships,2007,2007-12-31,nordic-combined-skiing,Nordic combined,individual-large-hill,Individual large hill,men,1,gold,athlete,Hannu Manninen,Finland,FIN,,https://en.wikipedia.org/wiki/FIS_Nordic_World_Ski_Championships_2007
fis_nordic_world_ski_championships,FIS Nordic World Ski Championships,2007,2007-12-31,nordic-combined-skiing,Nordic combined,individual-large-hill,Individual large hill,men,2,silver,athlete,Magnus Moan,Norway,NOR,,https://en.wikipedia.org/wiki/FIS_Nordic_World_Ski_Championships_2007
fis_nordic_world_ski_championships,FIS Nordic World Ski Championships,2007,2007-12-31,nordic-combined-skiing,Nordic combined,individual-large-hill,Individual large hill,men,3,bronze,athlete,Björn Kircheisen,Germany,DEU,,https://en.wikipedia.org/wiki/FIS_Nordic_World_Ski_Championships_2007
fis_nordic_world_ski_championships,FIS Nordic World Ski Championships,2007,2007-12-31,nordic-combined-skiing,Nordic combined,individual-normal-hill,Individual normal hill,men,1,gold,athlete,Ronny Ackermann,Germany,DEU,,https://en.wikipedia.org/wiki/FIS_Nordic_World_Ski_Championships_2007
fis_nordic_world_ski_championships,FIS Nordic World Ski Championships,2007,2007-12-31,nordic-combined-skiing,Nordic combined,individual-normal-hill,Individual normal hill,men,2,silver,athlete,Bill Demong,United States,USA,,https://en.wikipedia.org/wiki/FIS_Nordic_World_Ski_Championships_2007
fis_nordic_world_ski_championships,FIS Nordic World Ski Championships,2007,2007-12-31,nordic-combined-skiing,Nordic combined,individual-normal-hill,Individual normal hill,men,3,bronze,athlete,Anssi Koivuranta,Finland,FIN,,https://en.wikipedia.org/wiki/FIS_Nordic_World_Ski_Championships_2007
fis_nordic_world_ski_championships,FIS Nordic World Ski Championships,2007,2007-12-31,nordic-combined-skiing,Nordic combined,team,Team,men,1,gold,team,Finland,Finland,FIN,Anssi Koivuranta; Janne Ryynänen; Jaakko Tallus; Hannu Manninen,https://en.wikipedia.org/wiki/FIS_Nordic_World_Ski_Championships_2007
fis_nordic_world_ski_championships,FIS Nordic World Ski Championships,2007,2007-12-31,nordic-combined-skiing,Nordic combined,team,Team,men,2,silver,team,Germany,Germany,DEU,Sebastian Haseney; Ronny Ackermann; Tino Edelmann; Björn Kircheisen,https://en.wikipedia.org/wiki/FIS_Nordic_World_Ski_Championships_2007
fis_nordic_world_ski_championships,FIS Nordic World Ski Championships,2007,2007-12-31,nordic-combined-skiing,Nordic combined,team,Team,men,3,bronze,team,Norway,Norway,NOR,Håvard Klemetsen; Espen Rian; Petter Tande; Magnus Moan,https://en.wikipedia.org/wiki/FIS_Nordic_World_Ski_Championships_2007
fis_nordic_world_ski_championships,FIS Nordic World Ski Championships,2007,2007-12-31,ski-jumping,Ski jumping,large-hill-individual,Large hill individual,men,1,gold,athlete,Simon Ammann,Switzerland,CHE,,https://en.wikipedia.org/wiki/Ski_jumping_at_the_FIS_Nordic_World_Ski_Championships_2007#Individual_large_(HS134)_hill
fis_nordic_world_ski_championships,FIS Nordic World Ski Championships,2007,2007-12-31,ski-jumping,Ski jumping,large-hill-individual,Large hill individual,men,2,silver,athlete,Harri Olli,Finland,FIN,,https://en.wikipedia.org/wiki/Ski_jumping_at_the_FIS_Nordic_World_Ski_Championships_2007#Individual_large_(HS134)_hill
fis_nordic_world_ski_championships,FIS Nordic World Ski Championships,2007,2007-12-31,ski-jumping,Ski jumping,large-hill-individual,Large hill individual,men,3,bronze,athlete,Roar Ljøkelsøy,Norway,NOR,,https://en.wikipedia.org/wiki/Ski_jumping_at_the_FIS_Nordic_World_Ski_Championships_2007#Individual_large_(HS134)_hill
fis_nordic_world_ski_championships,FIS Nordic World Ski Championships,2007,2007-12-31,ski-jumping,Ski jumping,large-hill-team,Large hill team,men,1,gold,team,Austria,Austria,AUT,Wolfgang Loitzl; Gregor Schlierenzauer; Andreas Kofler; Thomas Morgenstern,https://en.wikipedia.org/wiki/Ski_jumping_at_the_FIS_Nordic_World_Ski_Championships_2007#Team_large_(HS134)_hill
fis_nordic_world_ski_championships,FIS Nordic World Ski Championships,2007,2007-12-31,ski-jumping,Ski jumping,large-hill-team,Large hill team,men,2,silver,team,Norway,Norway,NOR,Tom Hilde; Anders Bardal; Anders Jacobsen; Roar Ljøkelsøy,https://en.wikipedia.org/wiki/Ski_jumping_at_the_FIS_Nordic_World_Ski_Championships_2007#Team_large_(HS134)_hill
fis_nordic_world_ski_championships,FIS Nordic World Ski Championships,2007,2007-12-31,ski-jumping,Ski jumping,large-hill-team,Large hill team,men,3,bronze,team,Japan,Japan,JPN,Shōhei Tochimoto; Takanobu Okabe; Daiki Itō; Noriaki Kasai,https://en.wikipedia.org/wiki/Ski_jumping_at_the_FIS_Nordic_World_Ski_Championships_2007#Team_large_(HS134)_hill
fis_nordic_world_ski_championships,FIS Nordic World Ski Championships,2007,2007-12-31,ski-jumping,Ski jumping,normal-hill-individual,Normal hill individual,men,1,gold,athlete,Adam Małysz,Poland,POL,,https://en.wikipedia.org/wiki/Ski_jumping_at_the_FIS_Nordic_World_Ski_Championships_2007#Individual_normal_(HS100)_hill
fis_nordic_world_ski_championships,FIS Nordic World Ski Championships,2007,2007-12-31,ski-jumping,Ski jumping,normal-hill-individual,Normal hill individual,men,2,silver,athlete,Simon Ammann,Switzerland,CHE,,https://en.wikipedia.org/wiki/Ski_jumping_at_the_FIS_Nordic_World_Ski_Championships_2007#Individual_normal_(HS100)_hill
fis_nordic_world_ski_championships,FIS Nordic World Ski Championships,2007,2007-12-31,ski-jumping,Ski jumping,normal-hill-individual,Normal hill individual,men,3,bronze,athlete,Thomas Morgenstern,Austria,AUT,,https://en.wikipedia.org/wiki/Ski_jumping_at_the_FIS_Nordic_World_Ski_Championships_2007#Individual_normal_(HS100)_hill
fis_nordic_world_ski_championships,FIS Nordic World Ski Championships,2009,2009-12-31,cross-country-skiing,Cross-country skiing,18-km-17-km-and-15-km-discontinued,"18 km, 17 km and 15 km (discontinued)",men,1,gold,athlete,Andrus Veerpalu,Estonia,EST,,https://en.wikipedia.org/wiki/FIS_Nordic_World_Ski_Championships_2009
fis_nordic_world_ski_championships,FIS Nordic World Ski Championships,2009,2009-12-31,cross-country-skiing,Cross-country skiing,18-km-17-km-and-15-km-discontinued,"18 km, 17 km and 15 km (discontinued)",men,2,silver,athlete,Lukáš Bauer,Czech Republic,CZE,,https://en.wikipedia.org/wiki/FIS_Nordic_World_Ski_Championships_2009
fis_nordic_world_ski_championships,FIS Nordic World Ski Championships,2009,2009-12-31,cross-country-skiing,Cross-country skiing,18-km-17-km-and-15-km-discontinued,"18 km, 17 km and 15 km (discontinued)",men,3,bronze,athlete,Matti Heikkinen,Finland,FIN,,https://en.wikipedia.org/wiki/FIS_Nordic_World_Ski_Championships_2009
fis_nordic_world_ski_championships,FIS Nordic World Ski Championships,2009,2009-12-31,cross-country-skiing,Cross-country skiing,4-10-7-5-km-relay,4 × 10/7.5 km relay,men,1,gold,team,Norway,Norway,NOR,Eldar Rønning; Odd-Bjørn Hjelmeset; Tore Ruud Hofstad; Petter Northug,https://en.wikipedia.org/wiki/FIS_Nordic_World_Ski_Championships_2009
fis_nordic_world_ski_championships,FIS Nordic World Ski Championships,2009,2009-12-31,cross-country-skiing,Cross-country skiing,4-10-7-5-km-relay,4 × 10/7.5 km relay,men,2,silver,team,Germany,Germany,DEU,Jens Filbrich; Tobias Angerer; Franz Göring; Axel Teichmann,https://en.wikipedia.org/wiki/FIS_Nordic_World_Ski_Championships_2009
fis_nordic_world_ski_championships,FIS Nordic World Ski Championships,2009,2009-12-31,cross-country-skiing,Cross-country skiing,4-10-7-5-km-relay,4 × 10/7.5 km relay,men,3,bronze,team,Finland,Finland,FIN,Matti Heikkinen; Sami Jauhojärvi; Teemu Kattilakoski; Ville Nousiainen,https://en.wikipedia.org/wiki/FIS_Nordic_World_Ski_Championships_2009
fis_nordic_world_ski_championships,FIS Nordic World Ski Championships,2009,2009-12-31,cross-country-skiing,Cross-country skiing,50-km,50 km,men,1,gold,athlete,Petter Northug,Norway,NOR,,https://en.wikipedia.org/wiki/FIS_Nordic_World_Ski_Championships_2009
fis_nordic_world_ski_championships,FIS Nordic World Ski Championships,2009,2009-12-31,cross-country-skiing,Cross-country skiing,50-km,50 km,men,2,silver,athlete,Maxim Vylegzhanin,Russia,RUS,,https://en.wikipedia.org/wiki/FIS_Nordic_World_Ski_Championships_2009
fis_nordic_world_ski_championships,FIS Nordic World Ski Championships,2009,2009-12-31,cross-country-skiing,Cross-country skiing,50-km,50 km,men,3,bronze,athlete,Tobias Angerer,Germany,DEU,,https://en.wikipedia.org/wiki/FIS_Nordic_World_Ski_Championships_2009
fis_nordic_world_ski_championships,FIS Nordic World Ski Championships,2009,2009-12-31,cross-country-skiing,Cross-country skiing,combined-double-pursuit-skiathlon,Combined/double pursuit/Skiathlon,men,1,gold,athlete,Petter Northug,Norway,NOR,,https://en.wikipedia.org/wiki/FIS_Nordic_World_Ski_Championships_2009
fis_nordic_world_ski_championships,FIS Nordic World Ski Championships,2009,2009-12-31,cross-country-skiing,Cross-country skiing,combined-double-pursuit-skiathlon,Combined/double pursuit/Skiathlon,men,2,silver,athlete,Anders Södergren,Sweden,SWE,,https://en.wikipedia.org/wiki/FIS_Nordic_World_Ski_Championships_2009
fis_nordic_world_ski_championships,FIS Nordic World Ski Championships,2009,2009-12-31,cross-country-skiing,Cross-country skiing,combined-double-pursuit-skiathlon,Combined/double pursuit/Skiathlon,men,3,bronze,athlete,Giorgio Di Centa,Italy,ITA,,https://en.wikipedia.org/wiki/FIS_Nordic_World_Ski_Championships_2009
fis_nordic_world_ski_championships,FIS Nordic World Ski Championships,2009,2009-12-31,cross-country-skiing,Cross-country skiing,individual-sprint,Individual sprint,men,1,gold,athlete,Ola Vigen Hattestad,Norway,NOR,,https://en.wikipedia.org/wiki/FIS_Nordic_World_Ski_Championships_2009
fis_nordic_world_ski_championships,FIS Nordic World Ski Championships,2009,2009-12-31,cross-country-skiing,Cross-country skiing,individual-sprint,Individual sprint,men,2,silver,athlete,Johan Kjølstad,Norway,NOR,,https://en.wikipedia.org/wiki/FIS_Nordic_World_Ski_Championships_2009
fis_nordic_world_ski_championships,FIS Nordic World Ski Championships,2009,2009-12-31,cross-country-skiing,Cross-country skiing,individual-sprint,Individual sprint,men,3,bronze,athlete,Nikolay Morilov,Russia,RUS,,https://en.wikipedia.org/wiki/FIS_Nordic_World_Ski_Championships_2009
fis_nordic_world_ski_championships,FIS Nordic World Ski Championships,2009,2009-12-31,cross-country-skiing,Cross-country skiing,team-sprint,Team sprint,men,1,gold,team,Norway,Norway,NOR,Johan Kjølstad; Ola Vigen Hattestad,https://en.wikipedia.org/wiki/FIS_Nordic_World_Ski_Championships_2009
fis_nordic_world_ski_championships,FIS Nordic World Ski Championships,2009,2009-12-31,cross-country-skiing,Cross-country skiing,team-sprint,Team sprint,men,2,silver,team,Germany,Germany,DEU,Tobias Angerer; Axel Teichmann,https://en.wikipedia.org/wiki/FIS_Nordic_World_Ski_Championships_2009
fis_nordic_world_ski_championships,FIS Nordic World Ski Championships,2009,2009-12-31,cross-country-skiing,Cross-country skiing,team-sprint,Team sprint,men,3,bronze,team,Finland,Finland,FIN,Ville Nousiainen; Sami Jauhojärvi,https://en.wikipedia.org/wiki/FIS_Nordic_World_Ski_Championships_2009
fis_nordic_world_ski_championships,FIS Nordic World Ski Championships,2009,2009-12-31,cross-country-skiing,Cross-country skiing,3-4-5-7-5-km-relay,3/4 × 5/7.5 km relay,women,1,gold,team,Finland,Finland,FIN,Pirjo Muranen; Virpi Kuitunen; Riitta-Liisa Roponen; Aino-Kaisa Saarinen,https://en.wikipedia.org/wiki/FIS_Nordic_World_Ski_Championships_2009
fis_nordic_world_ski_championships,FIS Nordic World Ski Championships,2009,2009-12-31,cross-country-skiing,Cross-country skiing,3-4-5-7-5-km-relay,3/4 × 5/7.5 km relay,women,2,silver,team,Germany,Germany,DEU,Katrin Zeller; Evi Sachenbacher-Stehle; Miriam Gössner; Claudia Künzel-Nystad,https://en.wikipedia.org/wiki/FIS_Nordic_World_Ski_Championships_2009
fis_nordic_world_ski_championships,FIS Nordic World Ski Championships,2009,2009-12-31,cross-country-skiing,Cross-country skiing,3-4-5-7-5-km-relay,3/4 × 5/7.5 km relay,women,3,bronze,team,Sweden,Sweden,SWE,Lina Andersson; Britta Norgren; Anna Haag; Charlotte Kalla,https://en.wikipedia.org/wiki/FIS_Nordic_World_Ski_Championships_2009
fis_nordic_world_ski_championships,FIS Nordic World Ski Championships,2009,2009-12-31,cross-country-skiing,Cross-country skiing,team-sprint,Team sprint,women,1,gold,team,Finland,Finland,FIN,Aino-Kaisa Saarinen; Virpi Kuitunen,https://en.wikipedia.org/wiki/FIS_Nordic_World_Ski_Championships_2009
fis_nordic_world_ski_championships,FIS Nordic World Ski Championships,2009,2009-12-31,cross-country-skiing,Cross-country skiing,team-sprint,Team sprint,women,2,silver,team,Sweden,Sweden,SWE,Anna Olsson; Lina Andersson,https://en.wikipedia.org/wiki/FIS_Nordic_World_Ski_Championships_2009
fis_nordic_world_ski_championships,FIS Nordic World Ski Championships,2009,2009-12-31,cross-country-skiing,Cross-country skiing,team-sprint,Team sprint,women,3,bronze,team,Italy,Italy,ITA,Marianna Longa; Arianna Follis,https://en.wikipedia.org/wiki/FIS_Nordic_World_Ski_Championships_2009
fis_nordic_world_ski_championships,FIS Nordic World Ski Championships,2009,2009-12-31,nordic-combined-skiing,Nordic combined,individual-large-hill,Individual large hill,men,1,gold,athlete,Bill Demong,United States,USA,,https://en.wikipedia.org/wiki/FIS_Nordic_World_Ski_Championships_2009
fis_nordic_world_ski_championships,FIS Nordic World Ski Championships,2009,2009-12-31,nordic-combined-skiing,Nordic combined,individual-large-hill,Individual large hill,men,2,silver,athlete,Björn Kircheisen,Germany,DEU,,https://en.wikipedia.org/wiki/FIS_Nordic_World_Ski_Championships_2009
fis_nordic_world_ski_championships,FIS Nordic World Ski Championships,2009,2009-12-31,nordic-combined-skiing,Nordic combined,individual-large-hill,Individual large hill,men,3,bronze,athlete,Jason Lamy-Chappuis,France,FRA,,https://en.wikipedia.org/wiki/FIS_Nordic_World_Ski_Championships_2009
fis_nordic_world_ski_championships,FIS Nordic World Ski Championships,2009,2009-12-31,nordic-combined-skiing,Nordic combined,individual-normal-hill,Individual normal hill,men,1,gold,athlete,Todd Lodwick,United States,USA,,https://en.wikipedia.org/wiki/FIS_Nordic_World_Ski_Championships_2009
fis_nordic_world_ski_championships,FIS Nordic World Ski Championships,2009,2009-12-31,nordic-combined-skiing,Nordic combined,individual-normal-hill,Individual normal hill,men,2,silver,athlete,Jan Schmid,Norway,NOR,,https://en.wikipedia.org/wiki/FIS_Nordic_World_Ski_Championships_2009
fis_nordic_world_ski_championships,FIS Nordic World Ski Championships,2009,2009-12-31,nordic-combined-skiing,Nordic combined,individual-normal-hill,Individual normal hill,men,3,bronze,athlete,Bill Demong,United States,USA,,https://en.wikipedia.org/wiki/FIS_Nordic_World_Ski_Championships_2009
fis_nordic_world_ski_championships,FIS Nordic World Ski Championships,2009,2009-12-31,nordic-combined-skiing,Nordic combined,mass-start-discontinued,Mass start (discontinued),men,1,gold,athlete,Todd Lodwick,United States,USA,,https://en.wikipedia.org/wiki/FIS_Nordic_World_Ski_Championships_2009
fis_nordic_world_ski_championships,FIS Nordic World Ski Championships,2009,2009-12-31,nordic-combined-skiing,Nordic combined,mass-start-discontinued,Mass start (discontinued),men,2,silver,athlete,Tino Edelmann,Germany,DEU,,https://en.wikipedia.org/wiki/FIS_Nordic_World_Ski_Championships_2009
fis_nordic_world_ski_championships,FIS Nordic World Ski Championships,2009,2009-12-31,nordic-combined-skiing,Nordic combined,mass-start-discontinued,Mass start (discontinued),men,3,bronze,athlete,Jason Lamy-Chappuis,France,FRA,,https://en.wikipedia.org/wiki/FIS_Nordic_World_Ski_Championships_2009
fis_nordic_world_ski_championships,FIS Nordic World Ski Championships,2009,2009-12-31,nordic-combined-skiing,Nordic combined,team,Team,men,1,gold,team,Japan,Japan,JPN,Yūsuke Minato; Taihei Kato; Akito Watabe; Norihito Kobayashi,https://en.wikipedia.org/wiki/FIS_Nordic_World_Ski_Championships_2009
fis_nordic_world_ski_championships,FIS Nordic World Ski Championships,2009,2009-12-31,nordic-combined-skiing,Nordic combined,team,Team,men,2,silver,team,Germany,Germany,DEU,Ronny Ackermann; Eric Frenzel; Björn Kircheisen; Tino Edelmann,https://en.wikipedia.org/wiki/FIS_Nordic_World_Ski_Championships_2009
fis_nordic_world_ski_championships,FIS Nordic World Ski Championships,2009,2009-12-31,nordic-combined-skiing,Nordic combined,team,Team,men,3,bronze,team,Norway,Norway,NOR,Mikko Kokslien; Petter Tande; Jan Schmid; Magnus Moan,https://en.wikipedia.org/wiki/FIS_Nordic_World_Ski_Championships_2009
fis_nordic_world_ski_championships,FIS Nordic World Ski Championships,2009,2009-12-31,ski-jumping,Ski jumping,large-hill-individual,Large hill individual,men,1,gold,athlete,Andreas Küttel,Switzerland,CHE,,https://en.wikipedia.org/wiki/Ski_jumping_at_the_FIS_Nordic_World_Ski_Championships_2009#Individual_large_hill
fis_nordic_world_ski_championships,FIS Nordic World Ski Championships,2009,2009-12-31,ski-jumping,Ski jumping,large-hill-individual,Large hill individual,men,2,silver,athlete,Martin Schmitt,Germany,DEU,,https://en.wikipedia.org/wiki/Ski_jumping_at_the_FIS_Nordic_World_Ski_Championships_2009#Individual_large_hill
fis_nordic_world_ski_championships,FIS Nordic World Ski Championships,2009,2009-12-31,ski-jumping,Ski jumping,large-hill-individual,Large hill individual,men,3,bronze,athlete,Anders Jacobsen,Norway,NOR,,https://en.wikipedia.org/wiki/Ski_jumping_at_the_FIS_Nordic_World_Ski_Championships_2009#Individual_large_hill
fis_nordic_world_ski_championships,FIS Nordic World Ski Championships,2009,2009-12-31,ski-jumping,Ski jumping,large-hill-team,Large hill team,men,1,gold,team,Austria,Austria,AUT,Wolfgang Loitzl; Martin Koch; Thomas Morgenstern; Gregor Schlierenzauer,https://en.wikipedia.org/wiki/Ski_jumping_at_the_FIS_Nordic_World_Ski_Championships_2009#Team_large_hill
fis_nordic_world_ski_championships,FIS Nordic World Ski Championships,2009,2009-12-31,ski-jumping,Ski jumping,large-hill-team,Large hill team,men,2,silver,team,Norway,Norway,NOR,Anders Bardal; Tom Hilde; Johan Remen Evensen; Anders Jacobsen,https://en.wikipedia.org/wiki/Ski_jumping_at_the_FIS_Nordic_World_Ski_Championships_2009#Team_large_hill
fis_nordic_world_ski_championships,FIS Nordic World Ski Championships,2009,2009-12-31,ski-jumping,Ski jumping,large-hill-team,Large hill team,men,3,bronze,team,Japan,Japan,JPN,Shōhei Tochimoto; Takanobu Okabe; Daiki Itō; Noriaki Kasai,https://en.wikipedia.org/wiki/Ski_jumping_at_the_FIS_Nordic_World_Ski_Championships_2009#Team_large_hill
fis_nordic_world_ski_championships,FIS Nordic World Ski Championships,2009,2009-12-31,ski-jumping,Ski jumping,normal-hill-individual,Normal hill individual,men,1,gold,athlete,Wolfgang Loitzl,Austria,AUT,,https://en.wikipedia.org/wiki/Ski_jumping_at_the_FIS_Nordic_World_Ski_Championships_2009#Individual_normal_hill
fis_nordic_world_ski_championships,FIS Nordic World Ski Championships,2009,2009-12-31,ski-jumping,Ski jumping,normal-hill-individual,Normal hill individual,men,2,silver,athlete,Gregor Schlierenzauer,Austria,AUT,,https://en.wikipedia.org/wiki/Ski_jumping_at_the_FIS_Nordic_World_Ski_Championships_2009#Individual_normal_hill
fis_nordic_world_ski_championships,FIS Nordic World Ski Championships,2009,2009-12-31,ski-jumping,Ski jumping,normal-hill-individual,Normal hill individual,men,3,bronze,athlete,Simon Ammann,Switzerland,CHE,,https://en.wikipedia.org/wiki/Ski_jumping_at_the_FIS_Nordic_World_Ski_Championships_2009#Individual_normal_hill
fis_nordic_world_ski_championships,FIS Nordic World Ski Championships,2009,2009-12-31,ski-jumping,Ski jumping,normal-hill-individual,Normal hill individual,women,1,gold,athlete,Lindsey Van,United States,USA,,https://en.wikipedia.org/wiki/Ski_jumping_at_the_FIS_Nordic_World_Ski_Championships_2009#Women's_event
fis_nordic_world_ski_championships,FIS Nordic World Ski Championships,2009,2009-12-31,ski-jumping,Ski jumping,normal-hill-individual,Normal hill individual,women,2,silver,athlete,Ulrike Gräßler,Germany,DEU,,https://en.wikipedia.org/wiki/Ski_jumping_at_the_FIS_Nordic_World_Ski_Championships_2009#Women's_event
fis_nordic_world_ski_championships,FIS Nordic World Ski Championships,2009,2009-12-31,ski-jumping,Ski jumping,normal-hill-individual,Normal hill individual,women,3,bronze,athlete,Anette Sagen,Norway,NOR,,https://en.wikipedia.org/wiki/Ski_jumping_at_the_FIS_Nordic_World_Ski_Championships_2009#Women's_event
fis_nordic_world_ski_championships,FIS Nordic World Ski Championships,2011,2011-12-31,cross-country-skiing,Cross-country skiing,18-km-17-km-and-15-km-discontinued,"18 km, 17 km and 15 km (discontinued)",men,1,gold,athlete,Matti Heikkinen,Finland,FIN,,https://en.wikipedia.org/wiki/FIS_Nordic_World_Ski_Championships_2011
fis_nordic_world_ski_championships,FIS Nordic World Ski Championships,2011,2011-12-31,cross-country-skiing,Cross-country skiing,18-km-17-km-and-15-km-discontinued,"18 km, 17 km and 15 km (discontinued)",men,2,silver,athlete,Eldar Rønning,Norway,NOR,,https://en.wikipedia.org/wiki/FIS_Nordic_World_Ski_Championships_2011
fis_nordic_world_ski_championships,FIS Nordic World Ski Championships,2011,2011-12-31,cross-country-skiing,Cross-country skiing,18-km-17-km-and-15-km-discontinued,"18 km, 17 km and 15 km (discontinued)",men,3,bronze,athlete,Martin Johnsrud Sundby,Norway,NOR,,https://en.wikipedia.org/wiki/FIS_Nordic_World_Ski_Championships_2011
fis_nordic_world_ski_championships,FIS Nordic World Ski Championships,2011,2011-12-31,cross-country-skiing,Cross-country skiing,4-10-7-5-km-relay,4 × 10/7.5 km relay,men,1,gold,team,Norway,Norway,NOR,Martin Johnsrud Sundby; Eldar Rønning; Tord Asle Gjerdalen; Petter Northug,https://en.wikipedia.org/wiki/FIS_Nordic_World_Ski_Championships_2011
fis_nordic_world_ski_championships,FIS Nordic World Ski Championships,2011,2011-12-31,cross-country-skiing,Cross-country skiing,4-10-7-5-km-relay,4 × 10/7.5 km relay,men,2,silver,team,Sweden,Sweden,SWE,Daniel Rickardsson; Johan Olsson; Anders Södergren; Marcus Hellner,https://en.wikipedia.org/wiki/FIS_Nordic_World_Ski_Championships_2011
fis_nordic_world_ski_championships,FIS Nordic World Ski Championships,2011,2011-12-31,cross-country-skiing,Cross-country skiing,4-10-7-5-km-relay,4 × 10/7.5 km relay,men,3,bronze,team,Germany,Germany,DEU,Jens Filbrich; Axel Teichmann; Franz Göring; Tobias Angerer,https://en.wikipedia.org/wiki/FIS_Nordic_World_Ski_Championships_2011
fis_nordic_world_ski_championships,FIS Nordic World Ski Championships,2011,2011-12-31,cross-country-skiing,Cross-country skiing,50-km,50 km,men,1,gold,athlete,Petter Northug,Norway,NOR,,https://en.wikipedia.org/wiki/FIS_Nordic_World_Ski_Championships_2011
fis_nordic_world_ski_championships,FIS Nordic World Ski Championships,2011,2011-12-31,cross-country-skiing,Cross-country skiing,50-km,50 km,men,2,silver,athlete,Maxim Vylegzhanin,Russia,RUS,,https://en.wikipedia.org/wiki/FIS_Nordic_World_Ski_Championships_2011
fis_nordic_world_ski_championships,FIS Nordic World Ski Championships,2011,2011-12-31,cross-country-skiing,Cross-country skiing,50-km,50 km,men,3,bronze,athlete,Tord Asle Gjerdalen,Norway,NOR,,https://en.wikipedia.org/wiki/FIS_Nordic_World_Ski_Championships_2011
fis_nordic_world_ski_championships,FIS Nordic World Ski Championships,2011,2011-12-31,cross-country-skiing,Cross-country skiing,combined-double-pursuit-skiathlon,Combined/double pursuit/Skiathlon,men,1,gold,athlete,Petter Northug,Norway,NOR,,https://en.wikipedia.org/wiki/FIS_Nordic_World_Ski_Championships_2011
fis_nordic_world_ski_championships,FIS Nordic World Ski Championships,2011,2011-12-31,cross-country-skiing,Cross-country skiing,combined-double-pursuit-skiathlon,Combined/double pursuit/Skiathlon,men,2,silver,athlete,Maxim Vylegzhanin,Russia,RUS,,https://en.wikipedia.org/wiki/FIS_Nordic_World_Ski_Championships_2011
fis_nordic_world_ski_championships,FIS Nordic World Ski Championships,2011,2011-12-31,cross-country-skiing,Cross-country skiing,combined-double-pursuit-skiathlon,Combined/double pursuit/Skiathlon,men,3,bronze,athlete,Ilia Chernousov,Russia,RUS,,https://en.wikipedia.org/wiki/FIS_Nordic_World_Ski_Championships_2011
fis_nordic_world_ski_championships,FIS Nordic World Ski Championships,2011,2011-12-31,cross-country-skiing,Cross-country skiing,individual-sprint,Individual sprint,men,1,gold,athlete,Marcus Hellner,Sweden,SWE,,https://en.wikipedia.org/wiki/FIS_Nordic_World_Ski_Championships_2011
fis_nordic_world_ski_championships,FIS Nordic World Ski Championships,2011,2011-12-31,cross-country-skiing,Cross-country skiing,individual-sprint,Individual sprint,men,2,silver,athlete,Petter Northug,Norway,NOR,,https://en.wikipedia.org/wiki/FIS_Nordic_World_Ski_Championships_2011
fis_nordic_world_ski_championships,FIS Nordic World Ski Championships,2011,2011-12-31,cross-country-skiing,Cross-country skiing,individual-sprint,Individual sprint,men,3,bronze,athlete,Emil Jönsson,Sweden,SWE,,https://en.wikipedia.org/wiki/FIS_Nordic_World_Ski_Championships_2011
fis_nordic_world_ski_championships,FIS Nordic World Ski Championships,2011,2011-12-31,cross-country-skiing,Cross-country skiing,team-sprint,Team sprint,men,1,gold,team,Canada,Canada,CAN,Devon Kershaw; Alex Harvey,https://en.wikipedia.org/wiki/FIS_Nordic_World_Ski_Championships_2011
fis_nordic_world_ski_championships,FIS Nordic World Ski Championships,2011,2011-12-31,cross-country-skiing,Cross-country skiing,team-sprint,Team sprint,men,2,silver,team,Norway,Norway,NOR,Petter Northug; Ola Vigen Hattestad,https://en.wikipedia.org/wiki/FIS_Nordic_World_Ski_Championships_2011
fis_nordic_world_ski_championships,FIS Nordic World Ski Championships,2011,2011-12-31,cross-country-skiing,Cross-country skiing,team-sprint,Team sprint,men,3,bronze,team,Russia,Russia,RUS,Alexander Panzhinskiy; Nikita Kryukov,https://en.wikipedia.org/wiki/FIS_Nordic_World_Ski_Championships_2011
fis_nordic_world_ski_championships,FIS Nordic World Ski Championships,2011,2011-12-31,cross-country-skiing,Cross-country skiing,3-4-5-7-5-km-relay,3/4 × 5/7.5 km relay,women,1,gold,team,Norway,Norway,NOR,Vibeke Skofterud; Therese Johaug; Kristin Størmer Steira; Marit Bjørgen,https://en.wikipedia.org/wiki/FIS_Nordic_World_Ski_Championships_2011
fis_nordic_world_ski_championships,FIS Nordic World Ski Championships,2011,2011-12-31,cross-country-skiing,Cross-country skiing,3-4-5-7-5-km-relay,3/4 × 5/7.5 km relay,women,2,silver,team,Sweden,Sweden,SWE,Ida Ingemarsdotter; Anna Haag; Britta Johansson Norgren; Charlotte Kalla,https://en.wikipedia.org/wiki/FIS_Nordic_World_Ski_Championships_2011
fis_nordic_world_ski_championships,FIS Nordic World Ski Championships,2011,2011-12-31,cross-country-skiing,Cross-country skiing,3-4-5-7-5-km-relay,3/4 × 5/7.5 km relay,women,3,bronze,team,Finland,Finland,FIN,Pirjo Muranen; Aino-Kaisa Saarinen; Riitta-Liisa Roponen; Krista Lähteenmäki,https://en.wikipedia.org/wiki/FIS_Nordic_World_Ski_Championships_2011
fis_nordic_world_ski_championships,FIS Nordic World Ski Championships,2011,2011-12-31,cross-country-skiing,Cross-country skiing,team-sprint,Team sprint,women,1,gold,team,Sweden,Sweden,SWE,Ida Ingemarsdotter; Charlotte Kalla,https://en.wikipedia.org/wiki/FIS_Nordic_World_Ski_Championships_2011
fis_nordic_world_ski_championships,FIS Nordic World Ski Championships,2011,2011-12-31,cross-country-skiing,Cross-country skiing,team-sprint,Team sprint,women,2,silver,team,Finland,Finland,FIN,Aino-Kaisa Saarinen; Krista Lähteenmäki,https://en.wikipedia.org/wiki/FIS_Nordic_World_Ski_Championships_2011
fis_nordic_world_ski_championships,FIS Nordic World Ski Championships,2011,2011-12-31,cross-country-skiing,Cross-country skiing,team-sprint,Team sprint,women,3,bronze,team,Norway,Norway,NOR,Maiken Caspersen Falla; Astrid Uhrenholdt Jacobsen,https://en.wikipedia.org/wiki/FIS_Nordic_World_Ski_Championships_2011
fis_nordic_world_ski_championships,FIS Nordic World Ski Championships,2011,2011-12-31,nordic-combined-skiing,Nordic combined,individual-large-hill,Individual large hill,men,1,gold,athlete,Jason Lamy-Chappuis,France,FRA,,https://en.wikipedia.org/wiki/FIS_Nordic_World_Ski_Championships_2011
fis_nordic_world_ski_championships,FIS Nordic World Ski Championships,2011,2011-12-31,nordic-combined-skiing,Nordic combined,individual-large-hill,Individual large hill,men,2,silver,athlete,Johannes Rydzek,Germany,DEU,,https://en.wikipedia.org/wiki/FIS_Nordic_World_Ski_Championships_2011
fis_nordic_world_ski_championships,FIS Nordic World Ski Championships,2011,2011-12-31,nordic-combined-skiing,Nordic combined,individual-large-hill,Individual large hill,men,3,bronze,athlete,Eric Frenzel,Germany,DEU,,https://en.wikipedia.org/wiki/FIS_Nordic_World_Ski_Championships_2011
fis_nordic_world_ski_championships,FIS Nordic World Ski Championships,2011,2011-12-31,nordic-combined-skiing,Nordic combined,individual-normal-hill,Individual normal hill,men,1,gold,athlete,Eric Frenzel,Germany,DEU,,https://en.wikipedia.org/wiki/FIS_Nordic_World_Ski_Championships_2011
fis_nordic_world_ski_championships,FIS Nordic World Ski Championships,2011,2011-12-31,nordic-combined-skiing,Nordic combined,individual-normal-hill,Individual normal hill,men,2,silver,athlete,Tino Edelmann,Germany,DEU,,https://en.wikipedia.org/wiki/FIS_Nordic_World_Ski_Championships_2011
fis_nordic_world_ski_championships,FIS Nordic World Ski Championships,2011,2011-12-31,nordic-combined-skiing,Nordic combined,individual-normal-hill,Individual normal hill,men,3,bronze,athlete,Felix Gottwald,Austria,AUT,,https://en.wikipedia.org/wiki/FIS_Nordic_World_Ski_Championships_2011
fis_nordic_world_ski_championships,FIS Nordic World Ski Championships,2011,2011-12-31,nordic-combined-skiing,Nordic combined,team-large-hill,Team large hill,men,1,gold,team,Austria,Austria,AUT,Bernhard Gruber; David Kreiner; Felix Gottwald; Mario Stecher,https://en.wikipedia.org/wiki/FIS_Nordic_World_Ski_Championships_2011
fis_nordic_world_ski_championships,FIS Nordic World Ski Championships,2011,2011-12-31,nordic-combined-skiing,Nordic combined,team-large-hill,Team large hill,men,2,silver,team,Germany,Germany,DEU,Johannes Rydzek; Björn Kircheisen; Eric Frenzel; Tino Edelmann,https://en.wikipedia.org/wiki/FIS_Nordic_World_Ski_Championships_2011
fis_nordic_world_ski_championships,FIS Nordic World Ski Championships,2011,2011-12-31,nordic-combined-skiing,Nordic combined,team-large-hill,Team large hill,men,3,bronze,team,Norway,Norway,NOR,Mikko Kokslien; Håvard Klemetsen; Jan Schmid; Magnus Moan,https://en.wikipedia.org/wiki/FIS_Nordic_World_Ski_Championships_2011
fis_nordic_world_ski_championships,FIS Nordic World Ski Championships,2011,2011-12-31,nordic-combined-skiing,Nordic combined,team-normal-hill,Team normal hill,men,1,gold,team,Austria,Austria,AUT,David Kreiner; Bernhard Gruber; Felix Gottwald; Mario Stecher,https://en.wikipedia.org/wiki/FIS_Nordic_World_Ski_Championships_2011
fis_nordic_world_ski_championships,FIS Nordic World Ski Championships,2011,2011-12-31,nordic-combined-skiing,Nordic combined,team-normal-hill,Team normal hill,men,2,silver,team,Germany,Germany,DEU,Johannes Rydzek; Björn Kircheisen; Tino Edelmann; Eric Frenzel,https://en.wikipedia.org/wiki/FIS_Nordic_World_Ski_Championships_2011
fis_nordic_world_ski_championships,FIS Nordic World Ski Championships,2011,2011-12-31,nordic-combined-skiing,Nordic combined,team-normal-hill,Team normal hill,men,3,bronze,team,Norway,Norway,NOR,Jan Schmid; Magnus Moan; Mikko Kokslien; Håvard Klemetsen,https://en.wikipedia.org/wiki/FIS_Nordic_World_Ski_Championships_2011
fis_nordic_world_ski_championships,FIS Nordic World Ski Championships,2011,2011-12-31,ski-jumping,Ski jumping,large-hill-individual,Large hill individual,men,1,gold,athlete,Gregor Schlierenzauer,Austria,AUT,,https://en.wikipedia.org/wiki/FIS_Nordic_World_Ski_Championships_2011_–_Individual_large_hill#Competition_Round
fis_nordic_world_ski_championships,FIS Nordic World Ski Championships,2011,2011-12-31,ski-jumping,Ski jumping,large-hill-individual,Large hill individual,men,2,silver,athlete,Thomas Morgenstern,Austria,AUT,,https://en.wikipedia.org/wiki/FIS_Nordic_World_Ski_Championships_2011_–_Individual_large_hill#Competition_Round
fis_nordic_world_ski_championships,FIS Nordic World Ski Championships,2011,2011-12-31,ski-jumping,Ski jumping,large-hill-individual,Large hill individual,men,3,bronze,athlete,Simon Ammann,Switzerland,CHE,,https://en.wikipedia.org/wiki/FIS_Nordic_World_Ski_Championships_2011_–_Individual_large_hill#Competition_Round
fis_nordic_world_ski_championships,FIS Nordic World Ski Championships,2011,2011-12-31,ski-jumping,Ski jumping,large-hill-team,Large hill team,men,1,gold,team,Austria,Austria,AUT,Gregor Schlierenzauer; Martin Koch; Andreas Kofler; Thomas Morgenstern,https://en.wikipedia.org/wiki/FIS_Nordic_World_Ski_Championships_2011_–_Team_large_hill#Results
fis_nordic_world_ski_championships,FIS Nordic World Ski Championships,2011,2011-12-31,ski-jumping,Ski jumping,large-hill-team,Large hill team,men,2,silver,team,Norway,Norway,NOR,Anders Jacobsen; Bjoern Einar Romoeren; Anders Bardal; Tom Hilde,https://en.wikipedia.org/wiki/FIS_Nordic_World_Ski_Championships_2011_–_Team_large_hill#Results
fis_nordic_world_ski_championships,FIS Nordic World Ski Championships,2011,2011-12-31,ski-jumping,Ski jumping,large-hill-team,Large hill team,men,3,bronze,team,Slovenia,Slovenia,SVN,Peter Prevc; Jurij Tepeš; Jernej Damjan; Robert Kranjec,https://en.wikipedia.org/wiki/FIS_Nordic_World_Ski_Championships_2011_–_Team_large_hill#Results
fis_nordic_world_ski_championships,FIS Nordic World Ski Championships,2011,2011-12-31,ski-jumping,Ski jumping,normal-hill-individual,Normal hill individual,men,1,gold,athlete,Thomas Morgenstern,Austria,AUT,,https://en.wikipedia.org/wiki/FIS_Nordic_World_Ski_Championships_2011_–_Men's_individual_normal_hill#Competition_Round
fis_nordic_world_ski_championships,FIS Nordic World Ski Championships,2011,2011-12-31,ski-jumping,Ski jumping,normal-hill-individual,Normal hill individual,men,2,silver,athlete,Andreas Kofler,Austria,AUT,,https://en.wikipedia.org/wiki/FIS_Nordic_World_Ski_Championships_2011_–_Men's_individual_normal_hill#Competition_Round
fis_nordic_world_ski_championships,FIS Nordic World Ski Championships,2011,2011-12-31,ski-jumping,Ski jumping,normal-hill-individual,Normal hill individual,men,3,bronze,athlete,Adam Malysz,Poland,POL,,https://en.wikipedia.org/wiki/FIS_Nordic_World_Ski_Championships_2011_–_Men's_individual_normal_hill#Competition_Round
fis_nordic_world_ski_championships,FIS Nordic World Ski Championships,2011,2011-12-31,ski-jumping,Ski jumping,normal-hill-team-discontinued,Normal hill team (discontinued),men,1,gold,team,Austria,Austria,AUT,Gregor Schlierenzauer; Martin Koch; Andreas Kofler; Thomas Morgenstern,https://en.wikipedia.org/wiki/FIS_Nordic_World_Ski_Championships_2011_–_Men's_team_normal_hill#Results
fis_nordic_world_ski_championships,FIS Nordic World Ski Championships,2011,2011-12-31,ski-jumping,Ski jumping,normal-hill-team-discontinued,Normal hill team (discontinued),men,2,silver,team,Norway,Norway,NOR,Anders Jacobsen; Bjørn Einar Romøren; Anders Bardal; Tom Hilde,https://en.wikipedia.org/wiki/FIS_Nordic_World_Ski_Championships_2011_–_Men's_team_normal_hill#Results
fis_nordic_world_ski_championships,FIS Nordic World Ski Championships,2011,2011-12-31,ski-jumping,Ski jumping,normal-hill-team-discontinued,Normal hill team (discontinued),men,3,bronze,team,Germany,Germany,DEU,Martin Schmitt; Michael Neumayer; Michael Uhrmann; Severin Freund,https://en.wikipedia.org/wiki/FIS_Nordic_World_Ski_Championships_2011_–_Men's_team_normal_hill#Results
fis_nordic_world_ski_championships,FIS Nordic World Ski Championships,2011,2011-12-31,ski-jumping,Ski jumping,normal-hill-individual,Normal hill individual,women,1,gold,athlete,Daniela Iraschko,Austria,AUT,,https://en.wikipedia.org/wiki/FIS_Nordic_World_Ski_Championships_2011_–_Women's_individual_normal_hill#Results
fis_nordic_world_ski_championships,FIS Nordic World Ski Championships,2011,2011-12-31,ski-jumping,Ski jumping,normal-hill-individual,Normal hill individual,women,2,silver,athlete,Elena Runggaldier,Italy,ITA,,https://en.wikipedia.org/wiki/FIS_Nordic_World_Ski_Championships_2011_–_Women's_individual_normal_hill#Results
fis_nordic_world_ski_championships,FIS Nordic World Ski Championships,2011,2011-12-31,ski-jumping,Ski jumping,normal-hill-individual,Normal hill individual,women,3,bronze,athlete,Coline Mattel,France,FRA,,https://en.wikipedia.org/wiki/FIS_Nordic_World_Ski_Championships_2011_–_Women's_individual_normal_hill#Results
fis_nordic_world_ski_championships,FIS Nordic World Ski Championships,2013,2013-12-31,cross-country-skiing,Cross-country skiing,18-km-17-km-and-15-km-discontinued,"18 km, 17 km and 15 km (discontinued)",men,1,gold,athlete,Petter Northug,Norway,NOR,,https://en.wikipedia.org/wiki/FIS_Nordic_World_Ski_Championships_2013
fis_nordic_world_ski_championships,FIS Nordic World Ski Championships,2013,2013-12-31,cross-country-skiing,Cross-country skiing,18-km-17-km-and-15-km-discontinued,"18 km, 17 km and 15 km (discontinued)",men,2,silver,athlete,Johan Olsson,Sweden,SWE,,https://en.wikipedia.org/wiki/FIS_Nordic_World_Ski_Championships_2013
fis_nordic_world_ski_championships,FIS Nordic World Ski Championships,2013,2013-12-31,cross-country-skiing,Cross-country skiing,18-km-17-km-and-15-km-discontinued,"18 km, 17 km and 15 km (discontinued)",men,3,bronze,athlete,Tord Asle Gjerdalen,Norway,NOR,,https://en.wikipedia.org/wiki/FIS_Nordic_World_Ski_Championships_2013
fis_nordic_world_ski_championships,FIS Nordic World Ski Championships,2013,2013-12-31,cross-country-skiing,Cross-country skiing,4-10-7-5-km-relay,4 × 10/7.5 km relay,men,1,gold,team,Norway,Norway,NOR,Tord Asle Gjerdalen; Eldar Rønning; Sjur Røthe; Petter Northug,https://en.wikipedia.org/wiki/FIS_Nordic_World_Ski_Championships_2013
fis_nordic_world_ski_championships,FIS Nordic World Ski Championships,2013,2013-12-31,cross-country-skiing,Cross-country skiing,4-10-7-5-km-relay,4 × 10/7.5 km relay,men,2,silver,team,Sweden,Sweden,SWE,Daniel Richardsson; Johan Olsson; Marcus Hellner; Calle Halfvarsson,https://en.wikipedia.org/wiki/FIS_Nordic_World_Ski_Championships_2013
fis_nordic_world_ski_championships,FIS Nordic World Ski Championships,2013,2013-12-31,cross-country-skiing,Cross-country skiing,4-10-7-5-km-relay,4 × 10/7.5 km relay,men,3,bronze,team,Russia,Russia,RUS,Evgeniy Belov; Maxim Vylegzhanin; Alexander Legkov; Sergey Ustiugov,https://en.wikipedia.org/wiki/FIS_Nordic_World_Ski_Championships_2013
fis_nordic_world_ski_championships,FIS Nordic World Ski Championships,2013,2013-12-31,cross-country-skiing,Cross-country skiing,50-km,50 km,men,1,gold,athlete,Johan Olsson,Sweden,SWE,,https://en.wikipedia.org/wiki/FIS_Nordic_World_Ski_Championships_2013
fis_nordic_world_ski_championships,FIS Nordic World Ski Championships,2013,2013-12-31,cross-country-skiing,Cross-country skiing,50-km,50 km,men,2,silver,athlete,Dario Cologna,Switzerland,CHE,,https://en.wikipedia.org/wiki/FIS_Nordic_World_Ski_Championships_2013
fis_nordic_world_ski_championships,FIS Nordic World Ski Championships,2013,2013-12-31,cross-country-skiing,Cross-country skiing,50-km,50 km,men,3,bronze,athlete,Alexey Poltoranin,Kazakhstan,KAZ,,https://en.wikipedia.org/wiki/FIS_Nordic_World_Ski_Championships_2013
fis_nordic_world_ski_championships,FIS Nordic World Ski Championships,2013,2013-12-31,cross-country-skiing,Cross-country skiing,combined-double-pursuit-skiathlon,Combined/double pursuit/Skiathlon,men,1,gold,athlete,Dario Cologna,Switzerland,CHE,,https://en.wikipedia.org/wiki/FIS_Nordic_World_Ski_Championships_2013
fis_nordic_world_ski_championships,FIS Nordic World Ski Championships,2013,2013-12-31,cross-country-skiing,Cross-country skiing,combined-double-pursuit-skiathlon,Combined/double pursuit/Skiathlon,men,2,silver,athlete,Martin Johnsrud Sundby,Norway,NOR,,https://en.wikipedia.org/wiki/FIS_Nordic_World_Ski_Championships_2013
fis_nordic_world_ski_championships,FIS Nordic World Ski Championships,2013,2013-12-31,cross-country-skiing,Cross-country skiing,combined-double-pursuit-skiathlon,Combined/double pursuit/Skiathlon,men,3,bronze,athlete,Sjur Røthe,Norway,NOR,,https://en.wikipedia.org/wiki/FIS_Nordic_World_Ski_Championships_2013
fis_nordic_world_ski_championships,FIS Nordic World Ski Championships,2013,2013-12-31,cross-country-skiing,Cross-country skiing,individual-sprint,Individual sprint,men,1,gold,athlete,Nikita Kryukov,Russia,RUS,,https://en.wikipedia.org/wiki/FIS_Nordic_World_Ski_Championships_2013
fis_nordic_world_ski_championships,FIS Nordic World Ski Championships,2013,2013-12-31,cross-country-skiing,Cross-country skiing,individual-sprint,Individual sprint,men,2,silver,athlete,Petter Northug,Norway,NOR,,https://en.wikipedia.org/wiki/FIS_Nordic_World_Ski_Championships_2013
fis_nordic_world_ski_championships,FIS Nordic World Ski Championships,2013,2013-12-31,cross-country-skiing,Cross-country skiing,individual-sprint,Individual sprint,men,3,bronze,athlete,Alex Harvey,Canada,CAN,,https://en.wikipedia.org/wiki/FIS_Nordic_World_Ski_Championships_2013
fis_nordic_world_ski_championships,FIS Nordic World Ski Championships,2013,2013-12-31,cross-country-skiing,Cross-country skiing,team-sprint,Team sprint,men,1,gold,team,Russia,Russia,RUS,Alexey Petukhov; Nikita Kryukov,https://en.wikipedia.org/wiki/FIS_Nordic_World_Ski_Championships_2013
fis_nordic_world_ski_championships,FIS Nordic World Ski Championships,2013,2013-12-31,cross-country-skiing,Cross-country skiing,team-sprint,Team sprint,men,2,silver,team,Sweden,Sweden,SWE,Marcus Hellner; Emil Jönsson,https://en.wikipedia.org/wiki/FIS_Nordic_World_Ski_Championships_2013
fis_nordic_world_ski_championships,FIS Nordic World Ski Championships,2013,2013-12-31,cross-country-skiing,Cross-country skiing,team-sprint,Team sprint,men,3,bronze,team,Kazakhstan,Kazakhstan,KAZ,Nikolay Chebotko; Alexey Poltoranin,https://en.wikipedia.org/wiki/FIS_Nordic_World_Ski_Championships_2013
fis_nordic_world_ski_championships,FIS Nordic World Ski Championships,2013,2013-12-31,cross-country-skiing,Cross-country skiing,3-4-5-7-5-km-relay,3/4 × 5/7.5 km relay,women,1,gold,team,Norway,Norway,NOR,Heidi Weng; Therese Johaug; Kristin Størmer Steira; Marit Bjørgen,https://en.wikipedia.org/wiki/FIS_Nordic_World_Ski_Championships_2013
fis_nordic_world_ski_championships,FIS Nordic World Ski Championships,2013,2013-12-31,cross-country-skiing,Cross-country skiing,3-4-5-7-5-km-relay,3/4 × 5/7.5 km relay,women,2,silver,team,Sweden,Sweden,SWE,Ida Ingemarsdotter; Emma Wikén; Anna Haag; Charlotte Kalla,https://en.wikipedia.org/wiki/FIS_Nordic_World_Ski_Championships_2013
fis_nordic_world_ski_championships,FIS Nordic World Ski Championships,2013,2013-12-31,cross-country-skiing,Cross-country skiing,3-4-5-7-5-km-relay,3/4 × 5/7.5 km relay,women,3,bronze,team,Russia,Russia,RUS,Yuliya Ivanova; Alia Iksanova; Mariya Guschina; Yuliya Chekalyova,https://en.wikipedia.org/wiki/FIS_Nordic_World_Ski_Championships_2013
fis_nordic_world_ski_championships,FIS Nordic World Ski Championships,2013,2013-12-31,cross-country-skiing,Cross-country skiing,team-sprint,Team sprint,women,1,gold,team,United States,United States,USA,Jessie Diggins; Kikkan Randall,https://en.wikipedia.org/wiki/FIS_Nordic_World_Ski_Championships_2013
fis_nordic_world_ski_championships,FIS Nordic World Ski Championships,2013,2013-12-31,cross-country-skiing,Cross-country skiing,team-sprint,Team sprint,women,2,silver,team,Sweden,Sweden,SWE,Charlotte Kalla; Ida Ingemarsdotter,https://en.wikipedia.org/wiki/FIS_Nordic_World_Ski_Championships_2013
fis_nordic_world_ski_championships,FIS Nordic World Ski Championships,2013,2013-12-31,cross-country-skiing,Cross-country skiing,team-sprint,Team sprint,women,3,bronze,team,Finland,Finland,FIN,Riikka Sarasoja-Lilja; Krista Lähteenmäki,https://en.wikipedia.org/wiki/FIS_Nordic_World_Ski_Championships_2013
fis_nordic_world_ski_championships,FIS Nordic World Ski Championships,2013,2013-12-31,nordic-combined-skiing,Nordic combined,individual-large-hill,Individual large hill,men,1,gold,athlete,Eric Frenzel,Germany,DEU,,https://en.wikipedia.org/wiki/FIS_Nordic_World_Ski_Championships_2013
fis_nordic_world_ski_championships,FIS Nordic World Ski Championships,2013,2013-12-31,nordic-combined-skiing,Nordic combined,individual-large-hill,Individual large hill,men,2,silver,athlete,Bernhard Gruber,Austria,AUT,,https://en.wikipedia.org/wiki/FIS_Nordic_World_Ski_Championships_2013
fis_nordic_world_ski_championships,FIS Nordic World Ski Championships,2013,2013-12-31,nordic-combined-skiing,Nordic combined,individual-large-hill,Individual large hill,men,3,bronze,athlete,Jason Lamy-Chappuis,France,FRA,,https://en.wikipedia.org/wiki/FIS_Nordic_World_Ski_Championships_2013
fis_nordic_world_ski_championships,FIS Nordic World Ski Championships,2013,2013-12-31,nordic-combined-skiing,Nordic combined,individual-normal-hill,Individual normal hill,men,1,gold,athlete,Jason Lamy-Chappuis,France,FRA,,https://en.wikipedia.org/wiki/FIS_Nordic_World_Ski_Championships_2013
fis_nordic_world_ski_championships,FIS Nordic World Ski Championships,2013,2013-12-31,nordic-combined-skiing,Nordic combined,individual-normal-hill,Individual normal hill,men,2,silver,athlete,Mario Stecher,Austria,AUT,,https://en.wikipedia.org/wiki/FIS_Nordic_World_Ski_Championships_2013
fis_nordic_world_ski_championships,FIS Nordic World Ski Championships,2013,2013-12-31,nordic-combined-skiing,Nordic combined,individual-normal-hill,Individual normal hill,men,3,bronze,athlete,Björn Kircheisen,Germany,DEU,,https://en.wikipedia.org/wiki/FIS_Nordic_World_Ski_Championships_2013
fis_nordic_world_ski_championships,FIS Nordic World Ski Championships,2013,2013-12-31,nordic-combined-skiing,Nordic combined,team,Team,men,1,gold,team,France,France,FRA,François Braud; Maxime Laheurte; Sébastien Lacroix; Jason Lamy-Chappuis,https://en.wikipedia.org/wiki/FIS_Nordic_World_Ski_Championships_2013
fis_nordic_world_ski_championships,FIS Nordic World Ski Championships,2013,2013-12-31,nordic-combined-skiing,Nordic combined,team,Team,men,2,silver,team,Norway,Norway,NOR,Jørgen Graabak; Håvard Klemetsen; Magnus Krog; Magnus Moan,https://en.wikipedia.org/wiki/FIS_Nordic_World_Ski_Championships_2013
fis_nordic_world_ski_championships,FIS Nordic World Ski Championships,2013,2013-12-31,nordic-combined-skiing,Nordic combined,team,Team,men,3,bronze,team,United States,United States,USA,Taylor Fletcher; Bryan Fletcher; Todd Lodwick; Bill Demong,https://en.wikipedia.org/wiki/FIS_Nordic_World_Ski_Championships_2013
fis_nordic_world_ski_championships,FIS Nordic World Ski Championships,2013,2013-12-31,nordic-combined-skiing,Nordic combined,team-sprint-large-hill-discontinued,Team sprint large hill (discontinued),men,1,gold,team,France,France,FRA,Sébastien Lacroix; Jason Lamy-Chappuis,https://en.wikipedia.org/wiki/FIS_Nordic_World_Ski_Championships_2013
fis_nordic_world_ski_championships,FIS Nordic World Ski Championships,2013,2013-12-31,nordic-combined-skiing,Nordic combined,team-sprint-large-hill-discontinued,Team sprint large hill (discontinued),men,2,silver,team,Austria,Austria,AUT,Wilhelm Denifl; Bernhard Gruber,https://en.wikipedia.org/wiki/FIS_Nordic_World_Ski_Championships_2013
fis_nordic_world_ski_championships,FIS Nordic World Ski Championships,2013,2013-12-31,nordic-combined-skiing,Nordic combined,team-sprint-large-hill-discontinued,Team sprint large hill (discontinued),men,3,bronze,team,Germany,Germany,DEU,Tino Edelmann; Eric Frenzel,https://en.wikipedia.org/wiki/FIS_Nordic_World_Ski_Championships_2013
fis_nordic_world_ski_championships,FIS Nordic World Ski Championships,2013,2013-12-31,ski-jumping,Ski jumping,large-hill-individual,Large hill individual,men,1,gold,athlete,Kamil Stoch,Poland,POL,,https://en.wikipedia.org/wiki/FIS_Nordic_World_Ski_Championships_2013_–_Individual_large_hill#Final
fis_nordic_world_ski_championships,FIS Nordic World Ski Championships,2013,2013-12-31,ski-jumping,Ski jumping,large-hill-individual,Large hill individual,men,2,silver,athlete,Peter Prevc,Slovenia,SVN,,https://en.wikipedia.org/wiki/FIS_Nordic_World_Ski_Championships_2013_–_Individual_large_hill#Final
fis_nordic_world_ski_championships,FIS Nordic World Ski Championships,2013,2013-12-31,ski-jumping,Ski jumping,large-hill-individual,Large hill individual,men,3,bronze,athlete,Anders Jacobsen,Norway,NOR,,https://en.wikipedia.org/wiki/FIS_Nordic_World_Ski_Championships_2013_–_Individual_large_hill#Final
fis_nordic_world_ski_championships,FIS Nordic World Ski Championships,2013,2013-12-31,ski-jumping,Ski jumping,large-hill-team,Large hill team,men,1,gold,team,Austria,Austria,AUT,Wolfgang Loitzl; Manuel Fettner; Thomas Morgenstern; Gregor Schlierenzauer,https://en.wikipedia.org/wiki/FIS_Nordic_World_Ski_Championships_2013_–_Team_large_hill#Results
fis_nordic_world_ski_championships,FIS Nordic World Ski Championships,2013,2013-12-31,ski-jumping,Ski jumping,large-hill-team,Large hill team,men,2,silver,team,Germany,Germany,DEU,Andreas Wank; Severin Freund; Michael Neumayer; Richard Freitag,https://en.wikipedia.org/wiki/FIS_Nordic_World_Ski_Championships_2013_–_Team_large_hill#Results
fis_nordic_world_ski_championships,FIS Nordic World Ski Championships,2013,2013-12-31,ski-jumping,Ski jumping,large-hill-team,Large hill team,men,3,bronze,team,Poland,Poland,POL,Maciej Kot; Piotr Żyła; Dawid Kubacki; Kamil Stoch,https://en.wikipedia.org/wiki/FIS_Nordic_World_Ski_Championships_2013_–_Team_large_hill#Results
fis_nordic_world_ski_championships,FIS Nordic World Ski Championships,2013,2013-12-31,ski-jumping,Ski jumping,normal-hill-individual,Normal hill individual,men,1,gold,athlete,Anders Bardal,Norway,NOR,,https://en.wikipedia.org/wiki/FIS_Nordic_World_Ski_Championships_2013_–_Men's_individual_normal_hill#Final
fis_nordic_world_ski_championships,FIS Nordic World Ski Championships,2013,2013-12-31,ski-jumping,Ski jumping,normal-hill-individual,Normal hill individual,men,2,silver,athlete,Gregor Schlierenzauer,Austria,AUT,,https://en.wikipedia.org/wiki/FIS_Nordic_World_Ski_Championships_2013_–_Men's_individual_normal_hill#Final
fis_nordic_world_ski_championships,FIS Nordic World Ski Championships,2013,2013-12-31,ski-jumping,Ski jumping,normal-hill-individual,Normal hill individual,men,3,bronze,athlete,Peter Prevc,Slovenia,SVN,,https://en.wikipedia.org/wiki/FIS_Nordic_World_Ski_Championships_2013_–_Men's_individual_normal_hill#Final
fis_nordic_world_ski_championships,FIS Nordic World Ski Championships,2013,2013-12-31,ski-jumping,Ski jumping,mixed-team-normal-hill-discontinued,Mixed team normal hill (discontinued),mixed,1,gold,team,Japan,Japan,JPN,Yūki Itō; Daiki Itō; Sara Takanashi; Taku Takeuchi,https://en.wikipedia.org/wiki/FIS_Nordic_World_Ski_Championships_2013_–_Mixed_team_normal_hill#Results
fis_nordic_world_ski_championships,FIS Nordic World Ski Championships,2013,2013-12-31,ski-jumping,Ski jumping,mixed-team-normal-hill-discontinued,Mixed team normal hill (discontinued),mixed,2,silver,team,Austria,Austria,AUT,Chiara Hölzl; Thomas Morgenstern; Jacqueline Seifriedsberger; Gregor Schlierenzauer,https://en.wikipedia.org/wiki/FIS_Nordic_World_Ski_Championships_2013_–_Mixed_team_normal_hill#Results
fis_nordic_world_ski_championships,FIS Nordic World Ski Championships,2013,2013-12-31,ski-jumping,Ski jumping,mixed-team-normal-hill-discontinued,Mixed team normal hill (discontinued),mixed,3,bronze,team,Germany,Germany,DEU,Ulrike Gräßler; Richard Freitag; Carina Vogt; Severin Freund,https://en.wikipedia.org/wiki/FIS_Nordic_World_Ski_Championships_2013_–_Mixed_team_normal_hill#Results
fis_nordic_world_ski_championships,FIS Nordic World Ski Championships,2013,2013-12-31,ski-jumping,Ski jumping,normal-hill-individual,Normal hill individual,women,1,gold,athlete,Sarah Hendrickson,United States,USA,,https://en.wikipedia.org/wiki/FIS_Nordic_World_Ski_Championships_2013_–_Women's_individual_normal_hill#Results
fis_nordic_world_ski_championships,FIS Nordic World Ski Championships,2013,2013-12-31,ski-jumping,Ski jumping,normal-hill-individual,Normal hill individual,women,2,silver,athlete,Sara Takanashi,Japan,JPN,,https://en.wikipedia.org/wiki/FIS_Nordic_World_Ski_Championships_2013_–_Women's_individual_normal_hill#Results
fis_nordic_world_ski_championships,FIS Nordic World Ski Championships,2013,2013-12-31,ski-jumping,Ski jumping,normal-hill-individual,Normal hill individual,women,3,bronze,athlete,Jacqueline Seifriedsberger,Austria,AUT,,https://en.wikipedia.org/wiki/FIS_Nordic_World_Ski_Championships_2013_–_Women's_individual_normal_hill#Results
fis_nordic_world_ski_championships,FIS Nordic World Ski Championships,2015,2015-12-31,cross-country-skiing,Cross-country skiing,18-km-17-km-and-15-km-discontinued,"18 km, 17 km and 15 km (discontinued)",men,1,gold,athlete,Johan Olsson,Sweden,SWE,,https://en.wikipedia.org/wiki/FIS_Nordic_World_Ski_Championships_2015
fis_nordic_world_ski_championships,FIS Nordic World Ski Championships,2015,2015-12-31,cross-country-skiing,Cross-country skiing,18-km-17-km-and-15-km-discontinued,"18 km, 17 km and 15 km (discontinued)",men,2,silver,athlete,Maurice Manificat,France,FRA,,https://en.wikipedia.org/wiki/FIS_Nordic_World_Ski_Championships_2015
fis_nordic_world_ski_championships,FIS Nordic World Ski Championships,2015,2015-12-31,cross-country-skiing,Cross-country skiing,18-km-17-km-and-15-km-discontinued,"18 km, 17 km and 15 km (discontinued)",men,3,bronze,athlete,Anders Gløersen,Norway,NOR,,https://en.wikipedia.org/wiki/FIS_Nordic_World_Ski_Championships_2015
fis_nordic_world_ski_championships,FIS Nordic World Ski Championships,2015,2015-12-31,cross-country-skiing,Cross-country skiing,4-10-7-5-km-relay,4 × 10/7.5 km relay,men,1,gold,team,Norway,Norway,NOR,Niklas Dyrhaug; Didrik Tønseth; Anders Gloeersen; Petter Northug,https://en.wikipedia.org/wiki/FIS_Nordic_World_Ski_Championships_2015
fis_nordic_world_ski_championships,FIS Nordic World Ski Championships,2015,2015-12-31,cross-country-skiing,Cross-country skiing,4-10-7-5-km-relay,4 × 10/7.5 km relay,men,2,silver,team,Sweden,Sweden,SWE,Daniel Richardsson; Johan Olsson; Marcus Hellner; Calle Halfvarsson,https://en.wikipedia.org/wiki/FIS_Nordic_World_Ski_Championships_2015
fis_nordic_world_ski_championships,FIS Nordic World Ski Championships,2015,2015-12-31,cross-country-skiing,Cross-country skiing,4-10-7-5-km-relay,4 × 10/7.5 km relay,men,3,bronze,team,France,France,FRA,Jean-Marc Gaillard; Maurice Manificat; Robin Duvillard; Adrien Backscheider,https://en.wikipedia.org/wiki/FIS_Nordic_World_Ski_Championships_2015
fis_nordic_world_ski_championships,FIS Nordic World Ski Championships,2015,2015-12-31,cross-country-skiing,Cross-country skiing,50-km,50 km,men,1,gold,athlete,Petter Northug,Norway,NOR,,https://en.wikipedia.org/wiki/FIS_Nordic_World_Ski_Championships_2015
fis_nordic_world_ski_championships,FIS Nordic World Ski Championships,2015,2015-12-31,cross-country-skiing,Cross-country skiing,50-km,50 km,men,2,silver,athlete,Lukáš Bauer,Czech Republic,CZE,,https://en.wikipedia.org/wiki/FIS_Nordic_World_Ski_Championships_2015
fis_nordic_world_ski_championships,FIS Nordic World Ski Championships,2015,2015-12-31,cross-country-skiing,Cross-country skiing,50-km,50 km,men,3,bronze,athlete,Johan Olsson,Sweden,SWE,,https://en.wikipedia.org/wiki/FIS_Nordic_World_Ski_Championships_2015
fis_nordic_world_ski_championships,FIS Nordic World Ski Championships,2015,2015-12-31,cross-country-skiing,Cross-country skiing,combined-double-pursuit-skiathlon,Combined/double pursuit/Skiathlon,men,1,gold,athlete,Maxim Vylegzhanin,Russia,RUS,,https://en.wikipedia.org/wiki/FIS_Nordic_World_Ski_Championships_2015
fis_nordic_world_ski_championships,FIS Nordic World Ski Championships,2015,2015-12-31,cross-country-skiing,Cross-country skiing,combined-double-pursuit-skiathlon,Combined/double pursuit/Skiathlon,men,2,silver,athlete,Dario Cologna,Switzerland,CHE,,https://en.wikipedia.org/wiki/FIS_Nordic_World_Ski_Championships_2015
fis_nordic_world_ski_championships,FIS Nordic World Ski Championships,2015,2015-12-31,cross-country-skiing,Cross-country skiing,combined-double-pursuit-skiathlon,Combined/double pursuit/Skiathlon,men,3,bronze,athlete,Alex Harvey,Canada,CAN,,https://en.wikipedia.org/wiki/FIS_Nordic_World_Ski_Championships_2015
fis_nordic_world_ski_championships,FIS Nordic World Ski Championships,2015,2015-12-31,cross-country-skiing,Cross-country skiing,individual-sprint,Individual sprint,men,1,gold,athlete,Petter Northug,Norway,NOR,,https://en.wikipedia.org/wiki/FIS_Nordic_World_Ski_Championships_2015
fis_nordic_world_ski_championships,FIS Nordic World Ski Championships,2015,2015-12-31,cross-country-skiing,Cross-country skiing,individual-sprint,Individual sprint,men,2,silver,athlete,Alex Harvey,Canada,CAN,,https://en.wikipedia.org/wiki/FIS_Nordic_World_Ski_Championships_2015
fis_nordic_world_ski_championships,FIS Nordic World Ski Championships,2015,2015-12-31,cross-country-skiing,Cross-country skiing,individual-sprint,Individual sprint,men,3,bronze,athlete,Ola Vigen Hattestad,Norway,NOR,,https://en.wikipedia.org/wiki/FIS_Nordic_World_Ski_Championships_2015
fis_nordic_world_ski_championships,FIS Nordic World Ski Championships,2015,2015-12-31,cross-country-skiing,Cross-country skiing,team-sprint,Team sprint,men,1,gold,team,Norway,Norway,NOR,Finn Hågen Krogh; Petter Northug,https://en.wikipedia.org/wiki/FIS_Nordic_World_Ski_Championships_2015
fis_nordic_world_ski_championships,FIS Nordic World Ski Championships,2015,2015-12-31,cross-country-skiing,Cross-country skiing,team-sprint,Team sprint,men,2,silver,team,Russia,Russia,RUS,Alexey Petukhov; Nikita Kryukov,https://en.wikipedia.org/wiki/FIS_Nordic_World_Ski_Championships_2015
fis_nordic_world_ski_championships,FIS Nordic World Ski Championships,2015,2015-12-31,cross-country-skiing,Cross-country skiing,team-sprint,Team sprint,men,3,bronze,team,Italy,Italy,ITA,Dietmar Nöckler; Federico Pellegrino,https://en.wikipedia.org/wiki/FIS_Nordic_World_Ski_Championships_2015
fis_nordic_world_ski_championships,FIS Nordic World Ski Championships,2015,2015-12-31,cross-country-skiing,Cross-country skiing,3-4-5-7-5-km-relay,3/4 × 5/7.5 km relay,women,1,gold,team,Norway,Norway,NOR,Heidi Weng; Therese Johaug; Astrid Uhrenholdt Jacobsen; Marit Bjørgen,https://en.wikipedia.org/wiki/FIS_Nordic_World_Ski_Championships_2015
fis_nordic_world_ski_championships,FIS Nordic World Ski Championships,2015,2015-12-31,cross-country-skiing,Cross-country skiing,3-4-5-7-5-km-relay,3/4 × 5/7.5 km relay,women,2,silver,team,Sweden,Sweden,SWE,Sofia Bleckur; Charlotte Kalla; Maria Rydqvist; Stina Nilsson,https://en.wikipedia.org/wiki/FIS_Nordic_World_Ski_Championships_2015
fis_nordic_world_ski_championships,FIS Nordic World Ski Championships,2015,2015-12-31,cross-country-skiing,Cross-country skiing,3-4-5-7-5-km-relay,3/4 × 5/7.5 km relay,women,3,bronze,team,Finland,Finland,FIN,Aino-Kaisa Saarinen; Kerttu Niskanen; Riitta-Liisa Roponen; Krista Pärmäkoski,https://en.wikipedia.org/wiki/FIS_Nordic_World_Ski_Championships_2015
fis_nordic_world_ski_championships,FIS Nordic World Ski Championships,2015,2015-12-31,cross-country-skiing,Cross-country skiing,team-sprint,Team sprint,women,1,gold,team,Norway,Norway,NOR,Ingvild Flugstad Østberg; Maiken Caspersen Falla,https://en.wikipedia.org/wiki/FIS_Nordic_World_Ski_Championships_2015
fis_nordic_world_ski_championships,FIS Nordic World Ski Championships,2015,2015-12-31,cross-country-skiing,Cross-country skiing,team-sprint,Team sprint,women,2,silver,team,Sweden,Sweden,SWE,Ida Ingemarsdotter; Stina Nilsson,https://en.wikipedia.org/wiki/FIS_Nordic_World_Ski_Championships_2015
fis_nordic_world_ski_championships,FIS Nordic World Ski Championships,2015,2015-12-31,cross-country-skiing,Cross-country skiing,team-sprint,Team sprint,women,3,bronze,team,Poland,Poland,POL,Justyna Kowalczyk; Sylwia Jaśkowiec,https://en.wikipedia.org/wiki/FIS_Nordic_World_Ski_Championships_2015
fis_nordic_world_ski_championships,FIS Nordic World Ski Championships,2015,2015-12-31,nordic-combined-skiing,Nordic combined,individual-large-hill,Individual large hill,men,1,gold,athlete,Bernhard Gruber,Austria,AUT,,https://en.wikipedia.org/wiki/FIS_Nordic_World_Ski_Championships_2015
fis_nordic_world_ski_championships,FIS Nordic World Ski Championships,2015,2015-12-31,nordic-combined-skiing,Nordic combined,individual-large-hill,Individual large hill,men,2,silver,athlete,François Braud,France,FRA,,https://en.wikipedia.org/wiki/FIS_Nordic_World_Ski_Championships_2015
fis_nordic_world_ski_championships,FIS Nordic World Ski Championships,2015,2015-12-31,nordic-combined-skiing,Nordic combined,individual-large-hill,Individual large hill,men,3,bronze,athlete,Johannes Rydzek,Germany,DEU,,https://en.wikipedia.org/wiki/FIS_Nordic_World_Ski_Championships_2015
fis_nordic_world_ski_championships,FIS Nordic World Ski Championships,2015,2015-12-31,nordic-combined-skiing,Nordic combined,individual-normal-hill,Individual normal hill,men,1,gold,athlete,Johannes Rydzek,Germany,DEU,,https://en.wikipedia.org/wiki/FIS_Nordic_World_Ski_Championships_2015
fis_nordic_world_ski_championships,FIS Nordic World Ski Championships,2015,2015-12-31,nordic-combined-skiing,Nordic combined,individual-normal-hill,Individual normal hill,men,2,silver,athlete,Alessandro Pittin,Italy,ITA,,https://en.wikipedia.org/wiki/FIS_Nordic_World_Ski_Championships_2015
fis_nordic_world_ski_championships,FIS Nordic World Ski Championships,2015,2015-12-31,nordic-combined-skiing,Nordic combined,individual-normal-hill,Individual normal hill,men,3,bronze,athlete,Jason Lamy-Chappuis,France,FRA,,https://en.wikipedia.org/wiki/FIS_Nordic_World_Ski_Championships_2015
fis_nordic_world_ski_championships,FIS Nordic World Ski Championships,2015,2015-12-31,nordic-combined-skiing,Nordic combined,team,Team,men,1,gold,team,Germany,Germany,DEU,Tino Edelmann; Eric Frenzel; Fabian Rießle; Johannes Rydzek,https://en.wikipedia.org/wiki/FIS_Nordic_World_Ski_Championships_2015
fis_nordic_world_ski_championships,FIS Nordic World Ski Championships,2015,2015-12-31,nordic-combined-skiing,Nordic combined,team,Team,men,2,silver,team,Norway,Norway,NOR,Magnus Moan; Håvard Klemetsen; Mikko Kokslien; Jørgen Graabak,https://en.wikipedia.org/wiki/FIS_Nordic_World_Ski_Championships_2015
fis_nordic_world_ski_championships,FIS Nordic World Ski Championships,2015,2015-12-31,nordic-combined-skiing,Nordic combined,team,Team,men,3,bronze,team,France,France,FRA,François Braud; Maxime Laheurte; Sébastien Lacroix; Jason Lamy-Chappuis,https://en.wikipedia.org/wiki/FIS_Nordic_World_Ski_Championships_2015
fis_nordic_world_ski_championships,FIS Nordic World Ski Championships,2015,2015-12-31,nordic-combined-skiing,Nordic combined,team-sprint-large-hill-discontinued,Team sprint large hill (discontinued),men,1,gold,team,France,France,FRA,François Braud; Jason Lamy-Chappuis,https://en.wikipedia.org/wiki/FIS_Nordic_World_Ski_Championships_2015
fis_nordic_world_ski_championships,FIS Nordic World Ski Championships,2015,2015-12-31,nordic-combined-skiing,Nordic combined,team-sprint-large-hill-discontinued,Team sprint large hill (discontinued),men,2,silver,team,Germany,Germany,DEU,Eric Frenzel; Johannes Rydzek,https://en.wikipedia.org/wiki/FIS_Nordic_World_Ski_Championships_2015
fis_nordic_world_ski_championships,FIS Nordic World Ski Championships,2015,2015-12-31,nordic-combined-skiing,Nordic combined,team-sprint-large-hill-discontinued,Team sprint large hill (discontinued),men,3,bronze,team,Norway,Norway,NOR,Magnus Moan; Haavard Klemetsen,https://en.wikipedia.org/wiki/FIS_Nordic_World_Ski_Championships_2015
fis_nordic_world_ski_championships,FIS Nordic World Ski Championships,2015,2015-12-31,ski-jumping,Ski jumping,large-hill-individual,Large hill individual,men,1,gold,athlete,Severin Freund,Germany,DEU,,https://en.wikipedia.org/wiki/FIS_Nordic_World_Ski_Championships_2015_–_Individual_large_hill#Final
fis_nordic_world_ski_championships,FIS Nordic World Ski Championships,2015,2015-12-31,ski-jumping,Ski jumping,large-hill-individual,Large hill individual,men,2,silver,athlete,Gregor Schlierenzauer,Austria,AUT,,https://en.wikipedia.org/wiki/FIS_Nordic_World_Ski_Championships_2015_–_Individual_large_hill#Final
fis_nordic_world_ski_championships,FIS Nordic World Ski Championships,2015,2015-12-31,ski-jumping,Ski jumping,large-hill-individual,Large hill individual,men,3,bronze,athlete,Rune Velta,Norway,NOR,,https://en.wikipedia.org/wiki/FIS_Nordic_World_Ski_Championships_2015_–_Individual_large_hill#Final
fis_nordic_world_ski_championships,FIS Nordic World Ski Championships,2015,2015-12-31,ski-jumping,Ski jumping,large-hill-team,Large hill team,men,1,gold,team,Norway,Norway,NOR,Anders Bardal; Anders Jacobsen; Anders Fannemel; Rune Velta,https://en.wikipedia.org/wiki/FIS_Nordic_World_Ski_Championships_2015_–_Team_large_hill#Results
fis_nordic_world_ski_championships,FIS Nordic World Ski Championships,2015,2015-12-31,ski-jumping,Ski jumping,large-hill-team,Large hill team,men,2,silver,team,Austria,Austria,AUT,Stefan Kraft; Michael Hayböck; Manuel Poppinger; Gregor Schlierenzauer,https://en.wikipedia.org/wiki/FIS_Nordic_World_Ski_Championships_2015_–_Team_large_hill#Results
fis_nordic_world_ski_championships,FIS Nordic World Ski Championships,2015,2015-12-31,ski-jumping,Ski jumping,large-hill-team,Large hill team,men,3,bronze,team,Poland,Poland,POL,Piotr Żyła; Klemens Murańka; Jan Ziobro; Kamil Stoch,https://en.wikipedia.org/wiki/FIS_Nordic_World_Ski_Championships_2015_–_Team_large_hill#Results
fis_nordic_world_ski_championships,FIS Nordic World Ski Championships,2015,2015-12-31,ski-jumping,Ski jumping,normal-hill-individual,Normal hill individual,men,1,gold,athlete,Rune Velta,Norway,NOR,,https://en.wikipedia.org/wiki/FIS_Nordic_World_Ski_Championships_2015_–_Men's_individual_normal_hill#Final
fis_nordic_world_ski_championships,FIS Nordic World Ski Championships,2015,2015-12-31,ski-jumping,Ski jumping,normal-hill-individual,Normal hill individual,men,2,silver,athlete,Severin Freund,Germany,DEU,,https://en.wikipedia.org/wiki/FIS_Nordic_World_Ski_Championships_2015_–_Men's_individual_normal_hill#Final
fis_nordic_world_ski_championships,FIS Nordic World Ski Championships,2015,2015-12-31,ski-jumping,Ski jumping,normal-hill-individual,Normal hill individual,men,3,bronze,athlete,Stefan Kraft,Austria,AUT,,https://en.wikipedia.org/wiki/FIS_Nordic_World_Ski_Championships_2015_–_Men's_individual_normal_hill#Final
fis_nordic_world_ski_championships,FIS Nordic World Ski Championships,2015,2015-12-31,ski-jumping,Ski jumping,mixed-team-normal-hill-discontinued,Mixed team normal hill (discontinued),mixed,1,gold,team,Germany,Germany,DEU,Carina Vogt; Richard Freitag; Katharina Althaus; Severin Freund,https://en.wikipedia.org/wiki/FIS_Nordic_World_Ski_Championships_2015_–_Mixed_team_normal_hill#Results
fis_nordic_world_ski_championships,FIS Nordic World Ski Championships,2015,2015-12-31,ski-jumping,Ski jumping,mixed-team-normal-hill-discontinued,Mixed team normal hill (discontinued),mixed,2,silver,team,Norway,Norway,NOR,Line Jahr; Anders Bardal; Maren Lundby; Rune Velta,https://en.wikipedia.org/wiki/FIS_Nordic_World_Ski_Championships_2015_–_Mixed_team_normal_hill#Results
fis_nordic_world_ski_championships,FIS Nordic World Ski Championships,2015,2015-12-31,ski-jumping,Ski jumping,mixed-team-normal-hill-discontinued,Mixed team normal hill (discontinued),mixed,3,bronze,team,Japan,Japan,JPN,Sara Takanashi; Noriaki Kasai; Yūki Itō; Taku Takeuchi,https://en.wikipedia.org/wiki/FIS_Nordic_World_Ski_Championships_2015_–_Mixed_team_normal_hill#Results
fis_nordic_world_ski_championships,FIS Nordic World Ski Championships,2015,2015-12-31,ski-jumping,Ski jumping,normal-hill-individual,Normal hill individual,women,1,gold,athlete,Carina Vogt,Germany,DEU,,https://en.wikipedia.org/wiki/FIS_Nordic_World_Ski_Championships_2015_–_Women's_individual_normal_hill#Final
fis_nordic_world_ski_championships,FIS Nordic World Ski Championships,2015,2015-12-31,ski-jumping,Ski jumping,normal-hill-individual,Normal hill individual,women,2,silver,athlete,Yūki Itō,Japan,JPN,,https://en.wikipedia.org/wiki/FIS_Nordic_World_Ski_Championships_2015_–_Women's_individual_normal_hill#Final
fis_nordic_world_ski_championships,FIS Nordic World Ski Championships,2015,2015-12-31,ski-jumping,Ski jumping,normal-hill-individual,Normal hill individual,women,3,bronze,athlete,Daniela Iraschko-Stolz,Austria,AUT,,https://en.wikipedia.org/wiki/FIS_Nordic_World_Ski_Championships_2015_–_Women's_individual_normal_hill#Final
fis_nordic_world_ski_championships,FIS Nordic World Ski Championships,2017,2017-12-31,cross-country-skiing,Cross-country skiing,18-km-17-km-and-15-km-discontinued,"18 km, 17 km and 15 km (discontinued)",men,1,gold,athlete,Iivo Niskanen,Finland,FIN,,https://en.wikipedia.org/wiki/FIS_Nordic_World_Ski_Championships_2017
fis_nordic_world_ski_championships,FIS Nordic World Ski Championships,2017,2017-12-31,cross-country-skiing,Cross-country skiing,18-km-17-km-and-15-km-discontinued,"18 km, 17 km and 15 km (discontinued)",men,2,silver,athlete,Martin Johnsrud Sundby,Norway,NOR,,https://en.wikipedia.org/wiki/FIS_Nordic_World_Ski_Championships_2017
fis_nordic_world_ski_championships,FIS Nordic World Ski Championships,2017,2017-12-31,cross-country-skiing,Cross-country skiing,18-km-17-km-and-15-km-discontinued,"18 km, 17 km and 15 km (discontinued)",men,3,bronze,athlete,Niklas Dyrhaug,Norway,NOR,,https://en.wikipedia.org/wiki/FIS_Nordic_World_Ski_Championships_2017
fis_nordic_world_ski_championships,FIS Nordic World Ski Championships,2017,2017-12-31,cross-country-skiing,Cross-country skiing,4-10-7-5-km-relay,4 × 10/7.5 km relay,men,1,gold,team,Norway,Norway,NOR,Didrik Tønseth; Niklas Dyrhaug; Martin Johnsrud Sundby; Finn Hågen Krogh,https://en.wikipedia.org/wiki/FIS_Nordic_World_Ski_Championships_2017
fis_nordic_world_ski_championships,FIS Nordic World Ski Championships,2017,2017-12-31,cross-country-skiing,Cross-country skiing,4-10-7-5-km-relay,4 × 10/7.5 km relay,men,2,silver,team,Russia,Russia,RUS,Andrey Larkov; Alexander Bessmertnykh; Aleksey Chervotkin; Sergey Ustiugov,https://en.wikipedia.org/wiki/FIS_Nordic_World_Ski_Championships_2017
fis_nordic_world_ski_championships,FIS Nordic World Ski Championships,2017,2017-12-31,cross-country-skiing,Cross-country skiing,4-10-7-5-km-relay,4 × 10/7.5 km relay,men,3,bronze,team,Sweden,Sweden,SWE,Daniel Richardsson; Johan Olsson; Marcus Hellner; Calle Halfvarsson,https://en.wikipedia.org/wiki/FIS_Nordic_World_Ski_Championships_2017
fis_nordic_world_ski_championships,FIS Nordic World Ski Championships,2017,2017-12-31,cross-country-skiing,Cross-country skiing,50-km,50 km,men,1,gold,athlete,Alex Harvey,Canada,CAN,,https://en.wikipedia.org/wiki/FIS_Nordic_World_Ski_Championships_2017
fis_nordic_world_ski_championships,FIS Nordic World Ski Championships,2017,2017-12-31,cross-country-skiing,Cross-country skiing,50-km,50 km,men,2,silver,athlete,Sergey Ustiugov,Russia,RUS,,https://en.wikipedia.org/wiki/FIS_Nordic_World_Ski_Championships_2017
fis_nordic_world_ski_championships,FIS Nordic World Ski Championships,2017,2017-12-31,cross-country-skiing,Cross-country skiing,50-km,50 km,men,3,bronze,athlete,Matti Heikkinen,Finland,FIN,,https://en.wikipedia.org/wiki/FIS_Nordic_World_Ski_Championships_2017
fis_nordic_world_ski_championships,FIS Nordic World Ski Championships,2017,2017-12-31,cross-country-skiing,Cross-country skiing,combined-double-pursuit-skiathlon,Combined/double pursuit/Skiathlon,men,1,gold,athlete,Sergey Ustiugov,Russia,RUS,,https://en.wikipedia.org/wiki/FIS_Nordic_World_Ski_Championships_2017
fis_nordic_world_ski_championships,FIS Nordic World Ski Championships,2017,2017-12-31,cross-country-skiing,Cross-country skiing,combined-double-pursuit-skiathlon,Combined/double pursuit/Skiathlon,men,2,silver,athlete,Martin Johnsrud Sundby,Norway,NOR,,https://en.wikipedia.org/wiki/FIS_Nordic_World_Ski_Championships_2017
fis_nordic_world_ski_championships,FIS Nordic World Ski Championships,2017,2017-12-31,cross-country-skiing,Cross-country skiing,combined-double-pursuit-skiathlon,Combined/double pursuit/Skiathlon,men,3,bronze,athlete,Finn Hågen Krogh,Norway,NOR,,https://en.wikipedia.org/wiki/FIS_Nordic_World_Ski_Championships_2017
fis_nordic_world_ski_championships,FIS Nordic World Ski Championships,2017,2017-12-31,cross-country-skiing,Cross-country skiing,individual-sprint,Individual sprint,men,1,gold,athlete,Federico Pellegrino,Italy,ITA,,https://en.wikipedia.org/wiki/FIS_Nordic_World_Ski_Championships_2017
fis_nordic_world_ski_championships,FIS Nordic World Ski Championships,2017,2017-12-31,cross-country-skiing,Cross-country skiing,individual-sprint,Individual sprint,men,2,silver,athlete,Sergey Ustiugov,Russia,RUS,,https://en.wikipedia.org/wiki/FIS_Nordic_World_Ski_Championships_2017
fis_nordic_world_ski_championships,FIS Nordic World Ski Championships,2017,2017-12-31,cross-country-skiing,Cross-country skiing,individual-sprint,Individual sprint,men,3,bronze,athlete,Johannes Høsflot Klæbo,Norway,NOR,,https://en.wikipedia.org/wiki/FIS_Nordic_World_Ski_Championships_2017
fis_nordic_world_ski_championships,FIS Nordic World Ski Championships,2017,2017-12-31,cross-country-skiing,Cross-country skiing,team-sprint,Team sprint,men,1,gold,team,Russia,Russia,RUS,Nikita Kryukov; Sergey Ustiugov,https://en.wikipedia.org/wiki/FIS_Nordic_World_Ski_Championships_2017
fis_nordic_world_ski_championships,FIS Nordic World Ski Championships,2017,2017-12-31,cross-country-skiing,Cross-country skiing,team-sprint,Team sprint,men,2,silver,team,Italy,Italy,ITA,Dietmar Nöckler; Federico Pellegrino,https://en.wikipedia.org/wiki/FIS_Nordic_World_Ski_Championships_2017
fis_nordic_world_ski_championships,FIS Nordic World Ski Championships,2017,2017-12-31,cross-country-skiing,Cross-country skiing,team-sprint,Team sprint,men,3,bronze,team,Finland,Finland,FIN,Sami Jauhojärvi; Iivo Niskanen,https://en.wikipedia.org/wiki/FIS_Nordic_World_Ski_Championships_2017
fis_nordic_world_ski_championships,FIS Nordic World Ski Championships,2017,2017-12-31,cross-country-skiing,Cross-country skiing,3-4-5-7-5-km-relay,3/4 × 5/7.5 km relay,women,1,gold,team,Norway,Norway,NOR,Maiken Caspersen Falla; Heidi Weng; Astrid Uhrenholdt Jacobsen; Marit Bjørgen,https://en.wikipedia.org/wiki/FIS_Nordic_World_Ski_Championships_2017
fis_nordic_world_ski_championships,FIS Nordic World Ski Championships,2017,2017-12-31,cross-country-skiing,Cross-country skiing,3-4-5-7-5-km-relay,3/4 × 5/7.5 km relay,women,2,silver,team,Sweden,Sweden,SWE,Anna Haag; Charlotte Kalla; Ebba Andersson; Stina Nilsson,https://en.wikipedia.org/wiki/FIS_Nordic_World_Ski_Championships_2017
fis_nordic_world_ski_championships,FIS Nordic World Ski Championships,2017,2017-12-31,cross-country-skiing,Cross-country skiing,3-4-5-7-5-km-relay,3/4 × 5/7.5 km relay,women,3,bronze,team,Finland,Finland,FIN,Aino-Kaisa Saarinen; Kerttu Niskanen; Laura Mononen; Krista Pärmäkoski,https://en.wikipedia.org/wiki/FIS_Nordic_World_Ski_Championships_2017
fis_nordic_world_ski_championships,FIS Nordic World Ski Championships,2017,2017-12-31,cross-country-skiing,Cross-country skiing,team-sprint,Team sprint,women,1,gold,team,Norway,Norway,NOR,Heidi Weng; Maiken Caspersen Falla,https://en.wikipedia.org/wiki/FIS_Nordic_World_Ski_Championships_2017
fis_nordic_world_ski_championships,FIS Nordic World Ski Championships,2017,2017-12-31,cross-country-skiing,Cross-country skiing,team-sprint,Team sprint,women,2,silver,team,Russia,Russia,RUS,Yuliya Belorukova; Natalya Matveyeva,https://en.wikipedia.org/wiki/FIS_Nordic_World_Ski_Championships_2017
fis_nordic_world_ski_championships,FIS Nordic World Ski Championships,2017,2017-12-31,cross-country-skiing,Cross-country skiing,team-sprint,Team sprint,women,3,bronze,team,United States,United States,USA,Sadie Bjornsen; Jessie Diggins,https://en.wikipedia.org/wiki/FIS_Nordic_World_Ski_Championships_2017
fis_nordic_world_ski_championships,FIS Nordic World Ski Championships,2017,2017-12-31,nordic-combined-skiing,Nordic combined,individual-large-hill,Individual large hill,men,1,gold,athlete,Johannes Rydzek,Germany,DEU,,https://en.wikipedia.org/wiki/FIS_Nordic_World_Ski_Championships_2017
fis_nordic_world_ski_championships,FIS Nordic World Ski Championships,2017,2017-12-31,nordic-combined-skiing,Nordic combined,individual-large-hill,Individual large hill,men,2,silver,athlete,Akito Watabe,Japan,JPN,,https://en.wikipedia.org/wiki/FIS_Nordic_World_Ski_Championships_2017
fis_nordic_world_ski_championships,FIS Nordic World Ski Championships,2017,2017-12-31,nordic-combined-skiing,Nordic combined,individual-large-hill,Individual large hill,men,3,bronze,athlete,François Braud,France,FRA,,https://en.wikipedia.org/wiki/FIS_Nordic_World_Ski_Championships_2017
fis_nordic_world_ski_championships,FIS Nordic World Ski Championships,2017,2017-12-31,nordic-combined-skiing,Nordic combined,individual-normal-hill,Individual normal hill,men,1,gold,athlete,Johannes Rydzek,Germany,DEU,,https://en.wikipedia.org/wiki/FIS_Nordic_World_Ski_Championships_2017
fis_nordic_world_ski_championships,FIS Nordic World Ski Championships,2017,2017-12-31,nordic-combined-skiing,Nordic combined,individual-normal-hill,Individual normal hill,men,2,silver,athlete,Eric Frenzel,Germany,DEU,,https://en.wikipedia.org/wiki/FIS_Nordic_World_Ski_Championships_2017
fis_nordic_world_ski_championships,FIS Nordic World Ski Championships,2017,2017-12-31,nordic-combined-skiing,Nordic combined,individual-normal-hill,Individual normal hill,men,3,bronze,athlete,Björn Kircheisen,Germany,DEU,,https://en.wikipedia.org/wiki/FIS_Nordic_World_Ski_Championships_2017
fis_nordic_world_ski_championships,FIS Nordic World Ski Championships,2017,2017-12-31,nordic-combined-skiing,Nordic combined,team,Team,men,1,gold,team,Germany,Germany,DEU,Björn Kircheisen; Eric Frenzel; Fabian Rießle; Johannes Rydzek,https://en.wikipedia.org/wiki/FIS_Nordic_World_Ski_Championships_2017
fis_nordic_world_ski_championships,FIS Nordic World Ski Championships,2017,2017-12-31,nordic-combined-skiing,Nordic combined,team,Team,men,2,silver,team,Norway,Norway,NOR,Magnus Moan; Mikko Kokslien; Magnus Krog; Jørgen Graabak,https://en.wikipedia.org/wiki/FIS_Nordic_World_Ski_Championships_2017
fis_nordic_world_ski_championships,FIS Nordic World Ski Championships,2017,2017-12-31,nordic-combined-skiing,Nordic combined,team,Team,men,3,bronze,team,Austria,Austria,AUT,Bernhard Gruber; Mario Seidl; Philipp Orter; Paul Gerstgraser,https://en.wikipedia.org/wiki/FIS_Nordic_World_Ski_Championships_2017
fis_nordic_world_ski_championships,FIS Nordic World Ski Championships,2017,2017-12-31,nordic-combined-skiing,Nordic combined,team-sprint-large-hill-discontinued,Team sprint large hill (discontinued),men,1,gold,team,Germany,Germany,DEU,Eric Frenzel; Johannes Rydzek,https://en.wikipedia.org/wiki/FIS_Nordic_World_Ski_Championships_2017
fis_nordic_world_ski_championships,FIS Nordic World Ski Championships,2017,2017-12-31,nordic-combined-skiing,Nordic combined,team-sprint-large-hill-discontinued,Team sprint large hill (discontinued),men,2,silver,team,Norway,Norway,NOR,Magnus Moan; Magnus Krog,https://en.wikipedia.org/wiki/FIS_Nordic_World_Ski_Championships_2017
fis_nordic_world_ski_championships,FIS Nordic World Ski Championships,2017,2017-12-31,nordic-combined-skiing,Nordic combined,team-sprint-large-hill-discontinued,Team sprint large hill (discontinued),men,3,bronze,team,Japan,Japan,JPN,Yoshito Watabe; Akito Watabe,https://en.wikipedia.org/wiki/FIS_Nordic_World_Ski_Championships_2017
fis_nordic_world_ski_championships,FIS Nordic World Ski Championships,2017,2017-12-31,ski-jumping,Ski jumping,large-hill-individual,Large hill individual,men,1,gold,athlete,Stefan Kraft,Austria,AUT,,https://en.wikipedia.org/wiki/FIS_Nordic_World_Ski_Championships_2017_–_Individual_large_hill#Final
fis_nordic_world_ski_championships,FIS Nordic World Ski Championships,2017,2017-12-31,ski-jumping,Ski jumping,large-hill-individual,Large hill individual,men,2,silver,athlete,Andreas Wellinger,Germany,DEU,,https://en.wikipedia.org/wiki/FIS_Nordic_World_Ski_Championships_2017_–_Individual_large_hill#Final
fis_nordic_world_ski_championships,FIS Nordic World Ski Championships,2017,2017-12-31,ski-jumping,Ski jumping,large-hill-individual,Large hill individual,men,3,bronze,athlete,Piotr Żyła,Poland,POL,,https://en.wikipedia.org/wiki/FIS_Nordic_World_Ski_Championships_2017_–_Individual_large_hill#Final
fis_nordic_world_ski_championships,FIS Nordic World Ski Championships,2017,2017-12-31,ski-jumping,Ski jumping,large-hill-team,Large hill team,men,1,gold,team,Poland,Poland,POL,Piotr Żyła; Dawid Kubacki; Maciej Kot; Kamil Stoch,https://en.wikipedia.org/wiki/FIS_Nordic_World_Ski_Championships_2017_–_Team_large_hill
fis_nordic_world_ski_championships,FIS Nordic World Ski Championships,2017,2017-12-31,ski-jumping,Ski jumping,large-hill-team,Large hill team,men,2,silver,team,Norway,Norway,NOR,Anders Fannemel; Johann André Forfang; Daniel-André Tande; Andreas Stjernen,https://en.wikipedia.org/wiki/FIS_Nordic_World_Ski_Championships_2017_–_Team_large_hill
fis_nordic_world_ski_championships,FIS Nordic World Ski Championships,2017,2017-12-31,ski-jumping,Ski jumping,large-hill-team,Large hill team,men,3,bronze,team,Austria,Austria,AUT,Michael Hayböck; Manuel Fettner; Gregor Schlierenzauer; Stefan Kraft,https://en.wikipedia.org/wiki/FIS_Nordic_World_Ski_Championships_2017_–_Team_large_hill
fis_nordic_world_ski_championships,FIS Nordic World Ski Championships,2017,2017-12-31,ski-jumping,Ski jumping,normal-hill-individual,Normal hill individual,men,1,gold,athlete,Stefan Kraft,Austria,AUT,,https://en.wikipedia.org/wiki/FIS_Nordic_World_Ski_Championships_2017_–_Men's_individual_normal_hill#Final
fis_nordic_world_ski_championships,FIS Nordic World Ski Championships,2017,2017-12-31,ski-jumping,Ski jumping,normal-hill-individual,Normal hill individual,men,2,silver,athlete,Andreas Wellinger,Germany,DEU,,https://en.wikipedia.org/wiki/FIS_Nordic_World_Ski_Championships_2017_–_Men's_individual_normal_hill#Final
fis_nordic_world_ski_championships,FIS Nordic World Ski Championships,2017,2017-12-31,ski-jumping,Ski jumping,normal-hill-individual,Normal hill individual,men,3,bronze,athlete,Markus Eisenbichler,Germany,DEU,,https://en.wikipedia.org/wiki/FIS_Nordic_World_Ski_Championships_2017_–_Men's_individual_normal_hill#Final
fis_nordic_world_ski_championships,FIS Nordic World Ski Championships,2017,2017-12-31,ski-jumping,Ski jumping,mixed-team-normal-hill-discontinued,Mixed team normal hill (discontinued),mixed,1,gold,team,Germany,Germany,DEU,Carina Vogt; Markus Eisenbichler; Svenja Würth; Andreas Wellinger,https://en.wikipedia.org/wiki/FIS_Nordic_World_Ski_Championships_2017_–_Mixed_team_normal_hill#Results
fis_nordic_world_ski_championships,FIS Nordic World Ski Championships,2017,2017-12-31,ski-jumping,Ski jumping,mixed-team-normal-hill-discontinued,Mixed team normal hill (discontinued),mixed,2,silver,team,Austria,Austria,AUT,Daniela Iraschko-Stolz; Michael Hayböck; Jacqueline Seifriedsberger; Stefan Kraft,https://en.wikipedia.org/wiki/FIS_Nordic_World_Ski_Championships_2017_–_Mixed_team_normal_hill#Results
fis_nordic_world_ski_championships,FIS Nordic World Ski Championships,2017,2017-12-31,ski-jumping,Ski jumping,mixed-team-normal-hill-discontinued,Mixed team normal hill (discontinued),mixed,3,bronze,team,Japan,Japan,JPN,Sara Takanashi; Taku Takeuchi; Yūki Itō; Daiki Itō,https://en.wikipedia.org/wiki/FIS_Nordic_World_Ski_Championships_2017_–_Mixed_team_normal_hill#Results
fis_nordic_world_ski_championships,FIS Nordic World Ski Championships,2017,2017-12-31,ski-jumping,Ski jumping,normal-hill-individual,Normal hill individual,women,1,gold,athlete,Carina Vogt,Germany,DEU,,https://en.wikipedia.org/wiki/FIS_Nordic_World_Ski_Championships_2017_–_Women's_individual_normal_hill#Final
fis_nordic_world_ski_championships,FIS Nordic World Ski Championships,2017,2017-12-31,ski-jumping,Ski jumping,normal-hill-individual,Normal hill individual,women,2,silver,athlete,Yūki Itō,Japan,JPN,,https://en.wikipedia.org/wiki/FIS_Nordic_World_Ski_Championships_2017_–_Women's_individual_normal_hill#Final
fis_nordic_world_ski_championships,FIS Nordic World Ski Championships,2017,2017-12-31,ski-jumping,Ski jumping,normal-hill-individual,Normal hill individual,women,3,bronze,athlete,Sara Takanashi,Japan,JPN,,https://en.wikipedia.org/wiki/FIS_Nordic_World_Ski_Championships_2017_–_Women's_individual_normal_hill#Final
fis_nordic_world_ski_championships,FIS Nordic World Ski Championships,2019,2019-12-31,cross-country-skiing,Cross-country skiing,18-km-17-km-and-15-km-discontinued,"18 km, 17 km and 15 km (discontinued)",men,1,gold,athlete,Martin Johnsrud Sundby,Norway,NOR,,https://en.wikipedia.org/wiki/FIS_Nordic_World_Ski_Championships_2019
fis_nordic_world_ski_championships,FIS Nordic World Ski Championships,2019,2019-12-31,cross-country-skiing,Cross-country skiing,18-km-17-km-and-15-km-discontinued,"18 km, 17 km and 15 km (discontinued)",men,2,silver,athlete,Alexander Bessmertnykh,Russia,RUS,,https://en.wikipedia.org/wiki/FIS_Nordic_World_Ski_Championships_2019
fis_nordic_world_ski_championships,FIS Nordic World Ski Championships,2019,2019-12-31,cross-country-skiing,Cross-country skiing,18-km-17-km-and-15-km-discontinued,"18 km, 17 km and 15 km (discontinued)",men,3,bronze,athlete,Iivo Niskanen,Finland,FIN,,https://en.wikipedia.org/wiki/FIS_Nordic_World_Ski_Championships_2019
fis_nordic_world_ski_championships,FIS Nordic World Ski Championships,2019,2019-12-31,cross-country-skiing,Cross-country skiing,4-10-7-5-km-relay,4 × 10/7.5 km relay,men,1,gold,team,Norway,Norway,NOR,Emil Iversen; Martin Johnsrud Sundby; Sjur Røthe; Johannes Høsflot Klæbo,https://en.wikipedia.org/wiki/FIS_Nordic_World_Ski_Championships_2019
fis_nordic_world_ski_championships,FIS Nordic World Ski Championships,2019,2019-12-31,cross-country-skiing,Cross-country skiing,4-10-7-5-km-relay,4 × 10/7.5 km relay,men,2,silver,team,Russia,Russia,RUS,Andrey Larkov; Alexander Bessmertnykh; Alexander Bolshunov; Sergey Ustiugov,https://en.wikipedia.org/wiki/FIS_Nordic_World_Ski_Championships_2019
fis_nordic_world_ski_championships,FIS Nordic World Ski Championships,2019,2019-12-31,cross-country-skiing,Cross-country skiing,4-10-7-5-km-relay,4 × 10/7.5 km relay,men,3,bronze,team,France,France,FRA,Adrien Backscheider; Maurice Manificat; Clément Parisse; Richard Jouve,https://en.wikipedia.org/wiki/FIS_Nordic_World_Ski_Championships_2019
fis_nordic_world_ski_championships,FIS Nordic World Ski Championships,2019,2019-12-31,cross-country-skiing,Cross-country skiing,50-km,50 km,men,1,gold,athlete,Hans Christer Holund,Norway,NOR,,https://en.wikipedia.org/wiki/FIS_Nordic_World_Ski_Championships_2019
fis_nordic_world_ski_championships,FIS Nordic World Ski Championships,2019,2019-12-31,cross-country-skiing,Cross-country skiing,50-km,50 km,men,2,silver,athlete,Alexander Bolshunov,Russia,RUS,,https://en.wikipedia.org/wiki/FIS_Nordic_World_Ski_Championships_2019
fis_nordic_world_ski_championships,FIS Nordic World Ski Championships,2019,2019-12-31,cross-country-skiing,Cross-country skiing,50-km,50 km,men,3,bronze,athlete,Sjur Røthe,Norway,NOR,,https://en.wikipedia.org/wiki/FIS_Nordic_World_Ski_Championships_2019
fis_nordic_world_ski_championships,FIS Nordic World Ski Championships,2019,2019-12-31,cross-country-skiing,Cross-country skiing,combined-double-pursuit-skiathlon,Combined/double pursuit/Skiathlon,men,1,gold,athlete,Sjur Røthe,Norway,NOR,,https://en.wikipedia.org/wiki/FIS_Nordic_World_Ski_Championships_2019
fis_nordic_world_ski_championships,FIS Nordic World Ski Championships,2019,2019-12-31,cross-country-skiing,Cross-country skiing,combined-double-pursuit-skiathlon,Combined/double pursuit/Skiathlon,men,2,silver,athlete,Alexander Bolshunov,Russia,RUS,,https://en.wikipedia.org/wiki/FIS_Nordic_World_Ski_Championships_2019
fis_nordic_world_ski_championships,FIS Nordic World Ski Championships,2019,2019-12-31,cross-country-skiing,Cross-country skiing,combined-double-pursuit-skiathlon,Combined/double pursuit/Skiathlon,men,3,bronze,athlete,Martin Johnsrud Sundby,Norway,NOR,,https://en.wikipedia.org/wiki/FIS_Nordic_World_Ski_Championships_2019
fis_nordic_world_ski_championships,FIS Nordic World Ski Championships,2019,2019-12-31,cross-country-skiing,Cross-country skiing,individual-sprint,Individual sprint,men,1,gold,athlete,Johannes Høsflot Klæbo,Norway,NOR,,https://en.wikipedia.org/wiki/FIS_Nordic_World_Ski_Championships_2019
fis_nordic_world_ski_championships,FIS Nordic World Ski Championships,2019,2019-12-31,cross-country-skiing,Cross-country skiing,individual-sprint,Individual sprint,men,2,silver,athlete,Federico Pellegrino,Italy,ITA,,https://en.wikipedia.org/wiki/FIS_Nordic_World_Ski_Championships_2019
fis_nordic_world_ski_championships,FIS Nordic World Ski Championships,2019,2019-12-31,cross-country-skiing,Cross-country skiing,individual-sprint,Individual sprint,men,3,bronze,athlete,Gleb Retivykh,Russia,RUS,,https://en.wikipedia.org/wiki/FIS_Nordic_World_Ski_Championships_2019
fis_nordic_world_ski_championships,FIS Nordic World Ski Championships,2019,2019-12-31,cross-country-skiing,Cross-country skiing,team-sprint,Team sprint,men,1,gold,team,Norway,Norway,NOR,Emil Iversen; Johannes Høsflot Klæbo,https://en.wikipedia.org/wiki/FIS_Nordic_World_Ski_Championships_2019
fis_nordic_world_ski_championships,FIS Nordic World Ski Championships,2019,2019-12-31,cross-country-skiing,Cross-country skiing,team-sprint,Team sprint,men,2,silver,team,Russia,Russia,RUS,Gleb Retivykh; Alexander Bolshunov,https://en.wikipedia.org/wiki/FIS_Nordic_World_Ski_Championships_2019
fis_nordic_world_ski_championships,FIS Nordic World Ski Championships,2019,2019-12-31,cross-country-skiing,Cross-country skiing,team-sprint,Team sprint,men,3,bronze,team,Italy,Italy,ITA,Francesco De Fabiani; Federico Pellegrino,https://en.wikipedia.org/wiki/FIS_Nordic_World_Ski_Championships_2019
fis_nordic_world_ski_championships,FIS Nordic World Ski Championships,2019,2019-12-31,cross-country-skiing,Cross-country skiing,3-4-5-7-5-km-relay,3/4 × 5/7.5 km relay,women,1,gold,team,Sweden,Sweden,SWE,Ebba Andersson; Frida Karlsson; Charlotte Kalla; Stina Nilsson,https://en.wikipedia.org/wiki/FIS_Nordic_World_Ski_Championships_2019
fis_nordic_world_ski_championships,FIS Nordic World Ski Championships,2019,2019-12-31,cross-country-skiing,Cross-country skiing,3-4-5-7-5-km-relay,3/4 × 5/7.5 km relay,women,2,silver,team,Norway,Norway,NOR,Heidi Weng; Ingvild Flugstad Østberg; Astrid Uhrenholdt Jacobsen; Therese Johaug,https://en.wikipedia.org/wiki/FIS_Nordic_World_Ski_Championships_2019
fis_nordic_world_ski_championships,FIS Nordic World Ski Championships,2019,2019-12-31,cross-country-skiing,Cross-country skiing,3-4-5-7-5-km-relay,3/4 × 5/7.5 km relay,women,3,bronze,team,Russia,Russia,RUS,Yuliya Belorukova; Anastasia Sedova; Anna Nechaevskaya; Natalya Nepryayeva,https://en.wikipedia.org/wiki/FIS_Nordic_World_Ski_Championships_2019
fis_nordic_world_ski_championships,FIS Nordic World Ski Championships,2019,2019-12-31,cross-country-skiing,Cross-country skiing,team-sprint,Team sprint,women,1,gold,team,Sweden,Sweden,SWE,Stina Nilsson; Maja Dahlqvist,https://en.wikipedia.org/wiki/FIS_Nordic_World_Ski_Championships_2019
fis_nordic_world_ski_championships,FIS Nordic World Ski Championships,2019,2019-12-31,cross-country-skiing,Cross-country skiing,team-sprint,Team sprint,women,2,silver,team,Slovenia,Slovenia,SVN,Katja Višnar; Anamarija Lampič,https://en.wikipedia.org/wiki/FIS_Nordic_World_Ski_Championships_2019
fis_nordic_world_ski_championships,FIS Nordic World Ski Championships,2019,2019-12-31,cross-country-skiing,Cross-country skiing,team-sprint,Team sprint,women,3,bronze,team,Norway,Norway,NOR,Ingvild Flugstad Østberg; Maiken Caspersen Falla,https://en.wikipedia.org/wiki/FIS_Nordic_World_Ski_Championships_2019
fis_nordic_world_ski_championships,FIS Nordic World Ski Championships,2019,2019-12-31,nordic-combined-skiing,Nordic combined,individual-large-hill,Individual large hill,men,1,gold,athlete,Eric Frenzel,Germany,DEU,,https://en.wikipedia.org/wiki/FIS_Nordic_World_Ski_Championships_2019
fis_nordic_world_ski_championships,FIS Nordic World Ski Championships,2019,2019-12-31,nordic-combined-skiing,Nordic combined,individual-large-hill,Individual large hill,men,2,silver,athlete,Jan Schmid,Norway,NOR,,https://en.wikipedia.org/wiki/FIS_Nordic_World_Ski_Championships_2019
fis_nordic_world_ski_championships,FIS Nordic World Ski Championships,2019,2019-12-31,nordic-combined-skiing,Nordic combined,individual-large-hill,Individual large hill,men,3,bronze,athlete,Franz-Josef Rehrl,Austria,AUT,,https://en.wikipedia.org/wiki/FIS_Nordic_World_Ski_Championships_2019
fis_nordic_world_ski_championships,FIS Nordic World Ski Championships,2019,2019-12-31,nordic-combined-skiing,Nordic combined,individual-normal-hill,Individual normal hill,men,1,gold,athlete,Jarl Magnus Riiber,Norway,NOR,,https://en.wikipedia.org/wiki/FIS_Nordic_World_Ski_Championships_2019
fis_nordic_world_ski_championships,FIS Nordic World Ski Championships,2019,2019-12-31,nordic-combined-skiing,Nordic combined,individual-normal-hill,Individual normal hill,men,2,silver,athlete,Bernhard Gruber,Austria,AUT,,https://en.wikipedia.org/wiki/FIS_Nordic_World_Ski_Championships_2019
fis_nordic_world_ski_championships,FIS Nordic World Ski Championships,2019,2019-12-31,nordic-combined-skiing,Nordic combined,individual-normal-hill,Individual normal hill,men,3,bronze,athlete,Akito Watabe,Japan,JPN,,https://en.wikipedia.org/wiki/FIS_Nordic_World_Ski_Championships_2019
fis_nordic_world_ski_championships,FIS Nordic World Ski Championships,2019,2019-12-31,nordic-combined-skiing,Nordic combined,team,Team,men,1,gold,team,Norway,Norway,NOR,Espen Bjørnstad; Jan Schmid; Jørgen Graabak; Jarl Magnus Riiber,https://en.wikipedia.org/wiki/FIS_Nordic_World_Ski_Championships_2019
fis_nordic_world_ski_championships,FIS Nordic World Ski Championships,2019,2019-12-31,nordic-combined-skiing,Nordic combined,team,Team,men,2,silver,team,Germany,Germany,DEU,Johannes Rydzek; Eric Frenzel; Fabian Rießle; Vinzenz Geiger,https://en.wikipedia.org/wiki/FIS_Nordic_World_Ski_Championships_2019
fis_nordic_world_ski_championships,FIS Nordic World Ski Championships,2019,2019-12-31,nordic-combined-skiing,Nordic combined,team,Team,men,3,bronze,team,Japan,Japan,JPN,Gō Yamamoto; Yoshito Watabe; Hideaki Nagai; Akito Watabe,https://en.wikipedia.org/wiki/FIS_Nordic_World_Ski_Championships_2019
fis_nordic_world_ski_championships,FIS Nordic World Ski Championships,2019,2019-12-31,nordic-combined-skiing,Nordic combined,team-sprint-large-hill-discontinued,Team sprint large hill (discontinued),men,1,gold,team,Germany,Germany,DEU,Eric Frenzel; Fabian Rießle,https://en.wikipedia.org/wiki/FIS_Nordic_World_Ski_Championships_2019
fis_nordic_world_ski_championships,FIS Nordic World Ski Championships,2019,2019-12-31,nordic-combined-skiing,Nordic combined,team-sprint-large-hill-discontinued,Team sprint large hill (discontinued),men,2,silver,team,Norway,Norway,NOR,Jan Schmid; Jarl Magnus Riiber,https://en.wikipedia.org/wiki/FIS_Nordic_World_Ski_Championships_2019
fis_nordic_world_ski_championships,FIS Nordic World Ski Championships,2019,2019-12-31,nordic-combined-skiing,Nordic combined,team-sprint-large-hill-discontinued,Team sprint large hill (discontinued),men,3,bronze,team,Austria,Austria,AUT,Franz-Josef Rehrl; Bernhard Gruber,https://en.wikipedia.org/wiki/FIS_Nordic_World_Ski_Championships_2019
fis_nordic_world_ski_championships,FIS Nordic World Ski Championships,2019,2019-12-31,ski-jumping,Ski jumping,large-hill-individual,Large hill individual,men,1,gold,athlete,Markus Eisenbichler,Germany,DEU,,https://en.wikipedia.org/wiki/FIS_Nordic_World_Ski_Championships_2019_–_Individual_large_hill#Final
fis_nordic_world_ski_championships,FIS Nordic World Ski Championships,2019,2019-12-31,ski-jumping,Ski jumping,large-hill-individual,Large hill individual,men,2,silver,athlete,Karl Geiger,Germany,DEU,,https://en.wikipedia.org/wiki/FIS_Nordic_World_Ski_Championships_2019_–_Individual_large_hill#Final
fis_nordic_world_ski_championships,FIS Nordic World Ski Championships,2019,2019-12-31,ski-jumping,Ski jumping,large-hill-individual,Large hill individual,men,3,bronze,athlete,Killian Peier,Switzerland,CHE,,https://en.wikipedia.org/wiki/FIS_Nordic_World_Ski_Championships_2019_–_Individual_large_hill#Final
fis_nordic_world_ski_championships,FIS Nordic World Ski Championships,2019,2019-12-31,ski-jumping,Ski jumping,large-hill-team,Large hill team,men,1,gold,team,Germany,Germany,DEU,Karl Geiger; Richard Freitag; Stephan Leyhe; Markus Eisenbichler,https://en.wikipedia.org/wiki/FIS_Nordic_World_Ski_Championships_2019_–_Team_large_hill
fis_nordic_world_ski_championships,FIS Nordic World Ski Championships,2019,2019-12-31,ski-jumping,Ski jumping,large-hill-team,Large hill team,men,2,silver,team,Austria,Austria,AUT,Philipp Aschenwald; Michael Hayböck; Daniel Huber; Stefan Kraft,https://en.wikipedia.org/wiki/FIS_Nordic_World_Ski_Championships_2019_–_Team_large_hill
fis_nordic_world_ski_championships,FIS Nordic World Ski Championships,2019,2019-12-31,ski-jumping,Ski jumping,large-hill-team,Large hill team,men,3,bronze,team,Japan,Japan,JPN,Yukiya Satō; Daiki Itō; Junshirō Kobayashi; Ryōyū Kobayashi,https://en.wikipedia.org/wiki/FIS_Nordic_World_Ski_Championships_2019_–_Team_large_hill
fis_nordic_world_ski_championships,FIS Nordic World Ski Championships,2019,2019-12-31,ski-jumping,Ski jumping,normal-hill-individual,Normal hill individual,men,1,gold,athlete,Dawid Kubacki,Poland,POL,,https://en.wikipedia.org/wiki/FIS_Nordic_World_Ski_Championships_2019_–_Men's_individual_normal_hill#Final
fis_nordic_world_ski_championships,FIS Nordic World Ski Championships,2019,2019-12-31,ski-jumping,Ski jumping,normal-hill-individual,Normal hill individual,men,2,silver,athlete,Kamil Stoch,Poland,POL,,https://en.wikipedia.org/wiki/FIS_Nordic_World_Ski_Championships_2019_–_Men's_individual_normal_hill#Final
fis_nordic_world_ski_championships,FIS Nordic World Ski Championships,2019,2019-12-31,ski-jumping,Ski jumping,normal-hill-individual,Normal hill individual,men,3,bronze,athlete,Stefan Kraft,Austria,AUT,,https://en.wikipedia.org/wiki/FIS_Nordic_World_Ski_Championships_2019_–_Men's_individual_normal_hill#Final
fis_nordic_world_ski_championships,FIS Nordic World Ski Championships,2019,2019-12-31,ski-jumping,Ski jumping,mixed-team-normal-hill-discontinued,Mixed team normal hill (discontinued),mixed,1,gold,team,Germany,Germany,DEU,Katharina Althaus; Markus Eisenbichler; Juliane Seyfarth; Karl Geiger,https://en.wikipedia.org/wiki/FIS_Nordic_World_Ski_Championships_2019_–_Mixed_team_normal_hill#Results
fis_nordic_world_ski_championships,FIS Nordic World Ski Championships,2019,2019-12-31,ski-jumping,Ski jumping,mixed-team-normal-hill-discontinued,Mixed team normal hill (discontinued),mixed,2,silver,team,Austria,Austria,AUT,Eva Pinkelnig; Philipp Aschenwald; Daniela Iraschko-Stolz; Stefan Kraft,https://en.wikipedia.org/wiki/FIS_Nordic_World_Ski_Championships_2019_–_Mixed_team_normal_hill#Results
fis_nordic_world_ski_championships,FIS Nordic World Ski Championships,2019,2019-12-31,ski-jumping,Ski jumping,mixed-team-normal-hill-discontinued,Mixed team normal hill (discontinued),mixed,3,bronze,team,Norway,Norway,NOR,Anna Odine Strøm; Robert Johansson; Maren Lundby; Andreas Stjernen,https://en.wikipedia.org/wiki/FIS_Nordic_World_Ski_Championships_2019_–_Mixed_team_normal_hill#Results
fis_nordic_world_ski_championships,FIS Nordic World Ski Championships,2019,2019-12-31,ski-jumping,Ski jumping,normal-hill-individual,Normal hill individual,women,1,gold,athlete,Maren Lundby,Norway,NOR,,https://en.wikipedia.org/wiki/FIS_Nordic_World_Ski_Championships_2019_–_Women's_individual_normal_hill#Final
fis_nordic_world_ski_championships,FIS Nordic World Ski Championships,2019,2019-12-31,ski-jumping,Ski jumping,normal-hill-individual,Normal hill individual,women,2,silver,athlete,Katharina Althaus,Germany,DEU,,https://en.wikipedia.org/wiki/FIS_Nordic_World_Ski_Championships_2019_–_Women's_individual_normal_hill#Final
fis_nordic_world_ski_championships,FIS Nordic World Ski Championships,2019,2019-12-31,ski-jumping,Ski jumping,normal-hill-individual,Normal hill individual,women,3,bronze,athlete,Daniela Iraschko-Stolz,Austria,AUT,,https://en.wikipedia.org/wiki/FIS_Nordic_World_Ski_Championships_2019_–_Women's_individual_normal_hill#Final
fis_nordic_world_ski_championships,FIS Nordic World Ski Championships,2019,2019-12-31,ski-jumping,Ski jumping,normal-hill-team,Normal hill team,women,1,gold,team,Germany,Germany,DEU,Juliane Seyfarth; Ramona Straub; Carina Vogt; Katharina Althaus,https://en.wikipedia.org/wiki/FIS_Nordic_World_Ski_Championships_2019_–_Women's_team_normal_hill
fis_nordic_world_ski_championships,FIS Nordic World Ski Championships,2019,2019-12-31,ski-jumping,Ski jumping,normal-hill-team,Normal hill team,women,2,silver,team,Austria,Austria,AUT,Eva Pinkelnig; Jacqueline Seifriedsberger; Chiara Hölzl; Daniela Iraschko-Stolz,https://en.wikipedia.org/wiki/FIS_Nordic_World_Ski_Championships_2019_–_Women's_team_normal_hill
fis_nordic_world_ski_championships,FIS Nordic World Ski Championships,2019,2019-12-31,ski-jumping,Ski jumping,normal-hill-team,Normal hill team,women,3,bronze,team,Norway,Norway,NOR,Anna Odine Strøm; Ingebjørg Saglien Bråten; Silje Opseth; Maren Lundby,https://en.wikipedia.org/wiki/FIS_Nordic_World_Ski_Championships_2019_–_Women's_team_normal_hill
fis_nordic_world_ski_championships,FIS Nordic World Ski Championships,2021,2021-12-31,cross-country-skiing,Cross-country skiing,18-km-17-km-and-15-km-discontinued,"18 km, 17 km and 15 km (discontinued)",men,1,gold,athlete,Hans Christer Holund,Norway,NOR,,https://en.wikipedia.org/wiki/FIS_Nordic_World_Ski_Championships_2021
fis_nordic_world_ski_championships,FIS Nordic World Ski Championships,2021,2021-12-31,cross-country-skiing,Cross-country skiing,18-km-17-km-and-15-km-discontinued,"18 km, 17 km and 15 km (discontinued)",men,2,silver,athlete,Simen Hegstad Krüger,Norway,NOR,,https://en.wikipedia.org/wiki/FIS_Nordic_World_Ski_Championships_2021
fis_nordic_world_ski_championships,FIS Nordic World Ski Championships,2021,2021-12-31,cross-country-skiing,Cross-country skiing,18-km-17-km-and-15-km-discontinued,"18 km, 17 km and 15 km (discontinued)",men,3,bronze,athlete,Harald Østberg Amundsen,Norway,NOR,,https://en.wikipedia.org/wiki/FIS_Nordic_World_Ski_Championships_2021
fis_nordic_world_ski_championships,FIS Nordic World Ski Championships,2021,2021-12-31,cross-country-skiing,Cross-country skiing,4-10-7-5-km-relay,4 × 10/7.5 km relay,men,1,gold,team,Norway,Norway,NOR,Pål Golberg; Emil Iversen; Hans Christer Holund; Johannes Høsflot Klæbo,https://en.wikipedia.org/wiki/FIS_Nordic_World_Ski_Championships_2021
fis_nordic_world_ski_championships,FIS Nordic World Ski Championships,2021,2021-12-31,cross-country-skiing,Cross-country skiing,4-10-7-5-km-relay,4 × 10/7.5 km relay,men,2,silver,team,Russia,Russia,RUS,Aleksey Chervotkin; Ivan Yakimushkin; Artem Maltsev; Alexander Bolshunov,https://en.wikipedia.org/wiki/FIS_Nordic_World_Ski_Championships_2021
fis_nordic_world_ski_championships,FIS Nordic World Ski Championships,2021,2021-12-31,cross-country-skiing,Cross-country skiing,4-10-7-5-km-relay,4 × 10/7.5 km relay,men,3,bronze,team,France,France,FRA,Hugo Lapalus; Maurice Manificat; Clément Parisse; Jules Lapierre,https://en.wikipedia.org/wiki/FIS_Nordic_World_Ski_Championships_2021
fis_nordic_world_ski_championships,FIS Nordic World Ski Championships,2021,2021-12-31,cross-country-skiing,Cross-country skiing,50-km,50 km,men,1,gold,athlete,Emil Iversen,Norway,NOR,,https://en.wikipedia.org/wiki/FIS_Nordic_World_Ski_Championships_2021
fis_nordic_world_ski_championships,FIS Nordic World Ski Championships,2021,2021-12-31,cross-country-skiing,Cross-country skiing,50-km,50 km,men,2,silver,athlete,Alexander Bolshunov,Russia,RUS,,https://en.wikipedia.org/wiki/FIS_Nordic_World_Ski_Championships_2021
fis_nordic_world_ski_championships,FIS Nordic World Ski Championships,2021,2021-12-31,cross-country-skiing,Cross-country skiing,50-km,50 km,men,3,bronze,athlete,Simen Hegstad Krüger,Norway,NOR,,https://en.wikipedia.org/wiki/FIS_Nordic_World_Ski_Championships_2021
fis_nordic_world_ski_championships,FIS Nordic World Ski Championships,2021,2021-12-31,cross-country-skiing,Cross-country skiing,combined-double-pursuit-skiathlon,Combined/double pursuit/Skiathlon,men,1,gold,athlete,Alexander Bolshunov,Russia,RUS,,https://en.wikipedia.org/wiki/FIS_Nordic_World_Ski_Championships_2021
fis_nordic_world_ski_championships,FIS Nordic World Ski Championships,2021,2021-12-31,cross-country-skiing,Cross-country skiing,combined-double-pursuit-skiathlon,Combined/double pursuit/Skiathlon,men,2,silver,athlete,Simen Hegstad Krüger,Norway,NOR,,https://en.wikipedia.org/wiki/FIS_Nordic_World_Ski_Championships_2021
fis_nordic_world_ski_championships,FIS Nordic World Ski Championships,2021,2021-12-31,cross-country-skiing,Cross-country skiing,combined-double-pursuit-skiathlon,Combined/double pursuit/Skiathlon,men,3,bronze,athlete,Hans Christer Holund,Norway,NOR,,https://en.wikipedia.org/wiki/FIS_Nordic_World_Ski_Championships_2021
fis_nordic_world_ski_championships,FIS Nordic World Ski Championships,2021,2021-12-31,cross-country-skiing,Cross-country skiing,individual-sprint,Individual sprint,men,1,gold,athlete,Johannes Høsflot Klæbo,Norway,NOR,,https://en.wikipedia.org/wiki/FIS_Nordic_World_Ski_Championships_2021
fis_nordic_world_ski_championships,FIS Nordic World Ski Championships,2021,2021-12-31,cross-country-skiing,Cross-country skiing,individual-sprint,Individual sprint,men,2,silver,athlete,Erik Valnes,Norway,NOR,,https://en.wikipedia.org/wiki/FIS_Nordic_World_Ski_Championships_2021
fis_nordic_world_ski_championships,FIS Nordic World Ski Championships,2021,2021-12-31,cross-country-skiing,Cross-country skiing,individual-sprint,Individual sprint,men,3,bronze,athlete,Håvard Solås Taugbøl,Norway,NOR,,https://en.wikipedia.org/wiki/FIS_Nordic_World_Ski_Championships_2021
fis_nordic_world_ski_championships,FIS Nordic World Ski Championships,2021,2021-12-31,cross-country-skiing,Cross-country skiing,team-sprint,Team sprint,men,1,gold,team,Norway,Norway,NOR,Erik Valnes; Johannes Høsflot Klæbo,https://en.wikipedia.org/wiki/FIS_Nordic_World_Ski_Championships_2021
fis_nordic_world_ski_championships,FIS Nordic World Ski Championships,2021,2021-12-31,cross-country-skiing,Cross-country skiing,team-sprint,Team sprint,men,2,silver,team,Finland,Finland,FIN,Ristomatti Hakola; Joni Mäki,https://en.wikipedia.org/wiki/FIS_Nordic_World_Ski_Championships_2021
fis_nordic_world_ski_championships,FIS Nordic World Ski Championships,2021,2021-12-31,cross-country-skiing,Cross-country skiing,team-sprint,Team sprint,men,3,bronze,team,Russia,Russia,RUS,Alexander Bolshunov; Gleb Retivykh,https://en.wikipedia.org/wiki/FIS_Nordic_World_Ski_Championships_2021
fis_nordic_world_ski_championships,FIS Nordic World Ski Championships,2021,2021-12-31,cross-country-skiing,Cross-country skiing,3-4-5-7-5-km-relay,3/4 × 5/7.5 km relay,women,1,gold,team,Norway,Norway,NOR,Tiril Udnes Weng; Heidi Weng; Therese Johaug; Helene Marie Fossesholm,https://en.wikipedia.org/wiki/FIS_Nordic_World_Ski_Championships_2021
fis_nordic_world_ski_championships,FIS Nordic World Ski Championships,2021,2021-12-31,cross-country-skiing,Cross-country skiing,3-4-5-7-5-km-relay,3/4 × 5/7.5 km relay,women,2,silver,team,Russia,Russia,RUS,Yana Kirpichenko; Yuliya Stupak; Tatiana Sorina; Natalya Nepryayeva,https://en.wikipedia.org/wiki/FIS_Nordic_World_Ski_Championships_2021
fis_nordic_world_ski_championships,FIS Nordic World Ski Championships,2021,2021-12-31,cross-country-skiing,Cross-country skiing,3-4-5-7-5-km-relay,3/4 × 5/7.5 km relay,women,3,bronze,team,Finland,Finland,FIN,Jasmi Joensuu; Johanna Matintalo; Riitta-Liisa Roponen; Krista Pärmäkoski,https://en.wikipedia.org/wiki/FIS_Nordic_World_Ski_Championships_2021
fis_nordic_world_ski_championships,FIS Nordic World Ski Championships,2021,2021-12-31,cross-country-skiing,Cross-country skiing,team-sprint,Team sprint,women,1,gold,team,Sweden,Sweden,SWE,Maja Dahlqvist; Jonna Sundling,https://en.wikipedia.org/wiki/FIS_Nordic_World_Ski_Championships_2021
fis_nordic_world_ski_championships,FIS Nordic World Ski Championships,2021,2021-12-31,cross-country-skiing,Cross-country skiing,team-sprint,Team sprint,women,2,silver,team,Switzerland,Switzerland,CHE,Laurien van der Graaff; Nadine Fähndrich,https://en.wikipedia.org/wiki/FIS_Nordic_World_Ski_Championships_2021
fis_nordic_world_ski_championships,FIS Nordic World Ski Championships,2021,2021-12-31,cross-country-skiing,Cross-country skiing,team-sprint,Team sprint,women,3,bronze,team,Slovenia,Slovenia,SVN,Eva Urevc; Anamarija Lampič,https://en.wikipedia.org/wiki/FIS_Nordic_World_Ski_Championships_2021
fis_nordic_world_ski_championships,FIS Nordic World Ski Championships,2021,2021-12-31,nordic-combined-skiing,Nordic combined,individual-large-hill,Individual large hill,men,1,gold,athlete,Johannes Lamparter,Austria,AUT,,https://en.wikipedia.org/wiki/FIS_Nordic_World_Ski_Championships_2021
fis_nordic_world_ski_championships,FIS Nordic World Ski Championships,2021,2021-12-31,nordic-combined-skiing,Nordic combined,individual-large-hill,Individual large hill,men,2,silver,athlete,Jarl Magnus Riiber,Norway,NOR,,https://en.wikipedia.org/wiki/FIS_Nordic_World_Ski_Championships_2021
fis_nordic_world_ski_championships,FIS Nordic World Ski Championships,2021,2021-12-31,nordic-combined-skiing,Nordic combined,individual-large-hill,Individual large hill,men,3,bronze,athlete,Akito Watabe,Japan,JPN,,https://en.wikipedia.org/wiki/FIS_Nordic_World_Ski_Championships_2021
fis_nordic_world_ski_championships,FIS Nordic World Ski Championships,2021,2021-12-31,nordic-combined-skiing,Nordic combined,individual-normal-hill,Individual normal hill,men,1,gold,athlete,Jarl Magnus Riiber,Norway,NOR,,https://en.wikipedia.org/wiki/FIS_Nordic_World_Ski_Championships_2021
fis_nordic_world_ski_championships,FIS Nordic World Ski Championships,2021,2021-12-31,nordic-combined-skiing,Nordic combined,individual-normal-hill,Individual normal hill,men,2,silver,athlete,Ilkka Herola,Finland,FIN,,https://en.wikipedia.org/wiki/FIS_Nordic_World_Ski_Championships_2021
fis_nordic_world_ski_championships,FIS Nordic World Ski Championships,2021,2021-12-31,nordic-combined-skiing,Nordic combined,individual-normal-hill,Individual normal hill,men,3,bronze,athlete,Jens Lurås Oftebro,Norway,NOR,,https://en.wikipedia.org/wiki/FIS_Nordic_World_Ski_Championships_2021
fis_nordic_world_ski_championships,FIS Nordic World Ski Championships,2021,2021-12-31,nordic-combined-skiing,Nordic combined,team,Team,men,1,gold,team,Norway,Norway,NOR,Espen Bjørnstad; Jørgen Graabak; Jens Lurås Oftebro; Jarl Magnus Riiber,https://en.wikipedia.org/wiki/FIS_Nordic_World_Ski_Championships_2021
fis_nordic_world_ski_championships,FIS Nordic World Ski Championships,2021,2021-12-31,nordic-combined-skiing,Nordic combined,team,Team,men,2,silver,team,Germany,Germany,DEU,Terence Weber; Fabian Rießle; Eric Frenzel; Vinzenz Geiger,https://en.wikipedia.org/wiki/FIS_Nordic_World_Ski_Championships_2021
fis_nordic_world_ski_championships,FIS Nordic World Ski Championships,2021,2021-12-31,nordic-combined-skiing,Nordic combined,team,Team,men,3,bronze,team,Austria,Austria,AUT,Johannes Lamparter; Lukas Klapfer; Mario Seidl; Lukas Greiderer,https://en.wikipedia.org/wiki/FIS_Nordic_World_Ski_Championships_2021
fis_nordic_world_ski_championships,FIS Nordic World Ski Championships,2021,2021-12-31,nordic-combined-skiing,Nordic combined,team-sprint-large-hill-discontinued,Team sprint large hill (discontinued),men,1,gold,team,Austria,Austria,AUT,Johannes Lamparter; Lukas Greiderer,https://en.wikipedia.org/wiki/FIS_Nordic_World_Ski_Championships_2021
fis_nordic_world_ski_championships,FIS Nordic World Ski Championships,2021,2021-12-31,nordic-combined-skiing,Nordic combined,team-sprint-large-hill-discontinued,Team sprint large hill (discontinued),men,2,silver,team,Norway,Norway,NOR,Espen Andersen; Jarl Magnus Riiber,https://en.wikipedia.org/wiki/FIS_Nordic_World_Ski_Championships_2021
fis_nordic_world_ski_championships,FIS Nordic World Ski Championships,2021,2021-12-31,nordic-combined-skiing,Nordic combined,team-sprint-large-hill-discontinued,Team sprint large hill (discontinued),men,3,bronze,team,Germany,Germany,DEU,Fabian Rießle; Eric Frenzel,https://en.wikipedia.org/wiki/FIS_Nordic_World_Ski_Championships_2021
fis_nordic_world_ski_championships,FIS Nordic World Ski Championships,2021,2021-12-31,nordic-combined-skiing,Nordic combined,individual-normal-hill,Individual normal hill,women,1,gold,athlete,Gyda Westvold Hansen,Norway,NOR,,https://en.wikipedia.org/wiki/FIS_Nordic_World_Ski_Championships_2021
fis_nordic_world_ski_championships,FIS Nordic World Ski Championships,2021,2021-12-31,nordic-combined-skiing,Nordic combined,individual-normal-hill,Individual normal hill,women,2,silver,athlete,Mari Leinan Lund,Norway,NOR,,https://en.wikipedia.org/wiki/FIS_Nordic_World_Ski_Championships_2021
fis_nordic_world_ski_championships,FIS Nordic World Ski Championships,2021,2021-12-31,nordic-combined-skiing,Nordic combined,individual-normal-hill,Individual normal hill,women,3,bronze,athlete,Marte Leinan Lund,Norway,NOR,,https://en.wikipedia.org/wiki/FIS_Nordic_World_Ski_Championships_2021
fis_nordic_world_ski_championships,FIS Nordic World Ski Championships,2021,2021-12-31,ski-jumping,Ski jumping,large-hill-individual,Large hill individual,men,1,gold,athlete,Stefan Kraft,Austria,AUT,,https://en.wikipedia.org/wiki/FIS_Nordic_World_Ski_Championships_2021_–_Men's_individual_large_hill#Final
fis_nordic_world_ski_championships,FIS Nordic World Ski Championships,2021,2021-12-31,ski-jumping,Ski jumping,large-hill-individual,Large hill individual,men,2,silver,athlete,Robert Johansson,Norway,NOR,,https://en.wikipedia.org/wiki/FIS_Nordic_World_Ski_Championships_2021_–_Men's_individual_large_hill#Final
fis_nordic_world_ski_championships,FIS Nordic World Ski Championships,2021,2021-12-31,ski-jumping,Ski jumping,large-hill-individual,Large hill individual,men,3,bronze,athlete,Karl Geiger,Germany,DEU,,https://en.wikipedia.org/wiki/FIS_Nordic_World_Ski_Championships_2021_–_Men's_individual_large_hill#Final
fis_nordic_world_ski_championships,FIS Nordic World Ski Championships,2021,2021-12-31,ski-jumping,Ski jumping,large-hill-team,Large hill team,men,1,gold,team,Germany,Germany,DEU,Pius Paschke; Severin Freund; Markus Eisenbichler; Karl Geiger,https://en.wikipedia.org/wiki/FIS_Nordic_World_Ski_Championships_2021_–_Men's_team_large_hill
fis_nordic_world_ski_championships,FIS Nordic World Ski Championships,2021,2021-12-31,ski-jumping,Ski jumping,large-hill-team,Large hill team,men,2,silver,team,Austria,Austria,AUT,Philipp Aschenwald; Jan Hörl; Daniel Huber; Stefan Kraft,https://en.wikipedia.org/wiki/FIS_Nordic_World_Ski_Championships_2021_–_Men's_team_large_hill
fis_nordic_world_ski_championships,FIS Nordic World Ski Championships,2021,2021-12-31,ski-jumping,Ski jumping,large-hill-team,Large hill team,men,3,bronze,team,Poland,Poland,POL,Piotr Żyła; Andrzej Stękała; Kamil Stoch; Dawid Kubacki,https://en.wikipedia.org/wiki/FIS_Nordic_World_Ski_Championships_2021_–_Men's_team_large_hill
fis_nordic_world_ski_championships,FIS Nordic World Ski Championships,2021,2021-12-31,ski-jumping,Ski jumping,normal-hill-individual,Normal hill individual,men,1,gold,athlete,Piotr Żyła,Poland,POL,,https://en.wikipedia.org/wiki/FIS_Nordic_World_Ski_Championships_2021_–_Men's_individual_normal_hill#Final
fis_nordic_world_ski_championships,FIS Nordic World Ski Championships,2021,2021-12-31,ski-jumping,Ski jumping,normal-hill-individual,Normal hill individual,men,2,silver,athlete,Karl Geiger,Germany,DEU,,https://en.wikipedia.org/wiki/FIS_Nordic_World_Ski_Championships_2021_–_Men's_individual_normal_hill#Final
fis_nordic_world_ski_championships,FIS Nordic World Ski Championships,2021,2021-12-31,ski-jumping,Ski jumping,normal-hill-individual,Normal hill individual,men,3,bronze,athlete,Anže Lanišek,Slovenia,SVN,,https://en.wikipedia.org/wiki/FIS_Nordic_World_Ski_Championships_2021_–_Men's_individual_normal_hill#Final
fis_nordic_world_ski_championships,FIS Nordic World Ski Championships,2021,2021-12-31,ski-jumping,Ski jumping,mixed-team-normal-hill-discontinued,Mixed team normal hill (discontinued),mixed,1,gold,team,Germany,Germany,DEU,Katharina Althaus; Markus Eisenbichler; Anna Rupprecht; Karl Geiger,https://en.wikipedia.org/wiki/FIS_Nordic_World_Ski_Championships_2021_–_Mixed_team_normal_hill#Results
fis_nordic_world_ski_championships,FIS Nordic World Ski Championships,2021,2021-12-31,ski-jumping,Ski jumping,mixed-team-normal-hill-discontinued,Mixed team normal hill (discontinued),mixed,2,silver,team,Norway,Norway,NOR,Silje Opseth; Robert Johansson; Maren Lundby; Halvor Egner Granerud,https://en.wikipedia.org/wiki/FIS_Nordic_World_Ski_Championships_2021_–_Mixed_team_normal_hill#Results
fis_nordic_world_ski_championships,FIS Nordic World Ski Championships,2021,2021-12-31,ski-jumping,Ski jumping,mixed-team-normal-hill-discontinued,Mixed team normal hill (discontinued),mixed,3,bronze,team,Austria,Austria,AUT,Marita Kramer; Michael Hayböck; Daniela Iraschko-Stolz; Stefan Kraft,https://en.wikipedia.org/wiki/FIS_Nordic_World_Ski_Championships_2021_–_Mixed_team_normal_hill#Results
fis_nordic_world_ski_championships,FIS Nordic World Ski Championships,2021,2021-12-31,ski-jumping,Ski jumping,large-hill-individual,Large hill individual,women,1,gold,athlete,Maren Lundby,Norway,NOR,,https://en.wikipedia.org/wiki/FIS_Nordic_World_Ski_Championships_2021_–_Women's_individual_large_hill#Final
fis_nordic_world_ski_championships,FIS Nordic World Ski Championships,2021,2021-12-31,ski-jumping,Ski jumping,large-hill-individual,Large hill individual,women,2,silver,athlete,Sara Takanashi,Japan,JPN,,https://en.wikipedia.org/wiki/FIS_Nordic_World_Ski_Championships_2021_–_Women's_individual_large_hill#Final
fis_nordic_world_ski_championships,FIS Nordic World Ski Championships,2021,2021-12-31,ski-jumping,Ski jumping,large-hill-individual,Large hill individual,women,3,bronze,athlete,Nika Križnar,Slovenia,SVN,,https://en.wikipedia.org/wiki/FIS_Nordic_World_Ski_Championships_2021_–_Women's_individual_large_hill#Final
fis_nordic_world_ski_championships,FIS Nordic World Ski Championships,2021,2021-12-31,ski-jumping,Ski jumping,normal-hill-individual,Normal hill individual,women,1,gold,athlete,Ema Klinec,Slovenia,SVN,,https://en.wikipedia.org/wiki/FIS_Nordic_World_Ski_Championships_2021_–_Women's_individual_normal_hill#Final
fis_nordic_world_ski_championships,FIS Nordic World Ski Championships,2021,2021-12-31,ski-jumping,Ski jumping,normal-hill-individual,Normal hill individual,women,2,silver,athlete,Maren Lundby,Norway,NOR,,https://en.wikipedia.org/wiki/FIS_Nordic_World_Ski_Championships_2021_–_Women's_individual_normal_hill#Final
fis_nordic_world_ski_championships,FIS Nordic World Ski Championships,2021,2021-12-31,ski-jumping,Ski jumping,normal-hill-individual,Normal hill individual,women,3,bronze,athlete,Sara Takanashi,Japan,JPN,,https://en.wikipedia.org/wiki/FIS_Nordic_World_Ski_Championships_2021_–_Women's_individual_normal_hill#Final
fis_nordic_world_ski_championships,FIS Nordic World Ski Championships,2021,2021-12-31,ski-jumping,Ski jumping,normal-hill-team,Normal hill team,women,1,gold,team,Austria,Austria,AUT,Daniela Iraschko-Stolz; Sophie Sorschag; Chiara Hölzl; Marita Kramer,https://en.wikipedia.org/wiki/FIS_Nordic_World_Ski_Championships_2021_–_Women's_team_normal_hill
fis_nordic_world_ski_championships,FIS Nordic World Ski Championships,2021,2021-12-31,ski-jumping,Ski jumping,normal-hill-team,Normal hill team,women,2,silver,team,Slovenia,Slovenia,SVN,Nika Križnar; Špela Rogelj; Urša Bogataj; Ema Klinec,https://en.wikipedia.org/wiki/FIS_Nordic_World_Ski_Championships_2021_–_Women's_team_normal_hill
fis_nordic_world_ski_championships,FIS Nordic World Ski Championships,2021,2021-12-31,ski-jumping,Ski jumping,normal-hill-team,Normal hill team,women,3,bronze,team,Norway,Norway,NOR,Silje Opseth; Anna Odine Strøm; Thea Minyan Bjørseth; Maren Lundby,https://en.wikipedia.org/wiki/FIS_Nordic_World_Ski_Championships_2021_–_Women's_team_normal_hill
fis_nordic_world_ski_championships,FIS Nordic World Ski Championships,2023,2023-12-31,cross-country-skiing,Cross-country skiing,18-km-17-km-and-15-km-discontinued,"18 km, 17 km and 15 km (discontinued)",men,1,gold,athlete,Simen Hegstad Krüger,Norway,NOR,,https://en.wikipedia.org/wiki/FIS_Nordic_World_Ski_Championships_2023
fis_nordic_world_ski_championships,FIS Nordic World Ski Championships,2023,2023-12-31,cross-country-skiing,Cross-country skiing,18-km-17-km-and-15-km-discontinued,"18 km, 17 km and 15 km (discontinued)",men,2,silver,athlete,Harald Østberg Amundsen,Norway,NOR,,https://en.wikipedia.org/wiki/FIS_Nordic_World_Ski_Championships_2023
fis_nordic_world_ski_championships,FIS Nordic World Ski Championships,2023,2023-12-31,cross-country-skiing,Cross-country skiing,18-km-17-km-and-15-km-discontinued,"18 km, 17 km and 15 km (discontinued)",men,3,bronze,athlete,Hans Christer Holund,Norway,NOR,,https://en.wikipedia.org/wiki/FIS_Nordic_World_Ski_Championships_2023
fis_nordic_world_ski_championships,FIS Nordic World Ski Championships,2023,2023-12-31,cross-country-skiing,Cross-country skiing,4-10-7-5-km-relay,4 × 10/7.5 km relay,men,1,gold,team,Norway,Norway,NOR,Hans Christer Holund; Pål Golberg; Simen Hegstad Krüger; Johannes Høsflot Klæbo,https://en.wikipedia.org/wiki/FIS_Nordic_World_Ski_Championships_2023
fis_nordic_world_ski_championships,FIS Nordic World Ski Championships,2023,2023-12-31,cross-country-skiing,Cross-country skiing,4-10-7-5-km-relay,4 × 10/7.5 km relay,men,2,silver,team,Finland,Finland,FIN,Ristomatti Hakola; Iivo Niskanen; Perttu Hyvärinen; Niko Anttola,https://en.wikipedia.org/wiki/FIS_Nordic_World_Ski_Championships_2023
fis_nordic_world_ski_championships,FIS Nordic World Ski Championships,2023,2023-12-31,cross-country-skiing,Cross-country skiing,4-10-7-5-km-relay,4 × 10/7.5 km relay,men,3,bronze,team,Germany,Germany,DEU,Albert Kuchler; Janosch Brugger; Jonas Dobler; Friedrich Moch,https://en.wikipedia.org/wiki/FIS_Nordic_World_Ski_Championships_2023
fis_nordic_world_ski_championships,FIS Nordic World Ski Championships,2023,2023-12-31,cross-country-skiing,Cross-country skiing,50-km,50 km,men,1,gold,athlete,Pål Golberg,Norway,NOR,,https://en.wikipedia.org/wiki/FIS_Nordic_World_Ski_Championships_2023
fis_nordic_world_ski_championships,FIS Nordic World Ski Championships,2023,2023-12-31,cross-country-skiing,Cross-country skiing,50-km,50 km,men,2,silver,athlete,Johannes Høsflot Klæbo,Norway,NOR,,https://en.wikipedia.org/wiki/FIS_Nordic_World_Ski_Championships_2023
fis_nordic_world_ski_championships,FIS Nordic World Ski Championships,2023,2023-12-31,cross-country-skiing,Cross-country skiing,50-km,50 km,men,3,bronze,athlete,William Poromaa,Sweden,SWE,,https://en.wikipedia.org/wiki/FIS_Nordic_World_Ski_Championships_2023
fis_nordic_world_ski_championships,FIS Nordic World Ski Championships,2023,2023-12-31,cross-country-skiing,Cross-country skiing,combined-double-pursuit-skiathlon,Combined/double pursuit/Skiathlon,men,1,gold,athlete,Simen Hegstad Krüger,Norway,NOR,,https://en.wikipedia.org/wiki/FIS_Nordic_World_Ski_Championships_2023
fis_nordic_world_ski_championships,FIS Nordic World Ski Championships,2023,2023-12-31,cross-country-skiing,Cross-country skiing,combined-double-pursuit-skiathlon,Combined/double pursuit/Skiathlon,men,2,silver,athlete,Johannes Høsflot Klæbo,Norway,NOR,,https://en.wikipedia.org/wiki/FIS_Nordic_World_Ski_Championships_2023
fis_nordic_world_ski_championships,FIS Nordic World Ski Championships,2023,2023-12-31,cross-country-skiing,Cross-country skiing,combined-double-pursuit-skiathlon,Combined/double pursuit/Skiathlon,men,3,bronze,athlete,Sjur Røthe,Norway,NOR,,https://en.wikipedia.org/wiki/FIS_Nordic_World_Ski_Championships_2023
fis_nordic_world_ski_championships,FIS Nordic World Ski Championships,2023,2023-12-31,cross-country-skiing,Cross-country skiing,individual-sprint,Individual sprint,men,1,gold,athlete,Johannes Høsflot Klæbo,Norway,NOR,,https://en.wikipedia.org/wiki/FIS_Nordic_World_Ski_Championships_2023
fis_nordic_world_ski_championships,FIS Nordic World Ski Championships,2023,2023-12-31,cross-country-skiing,Cross-country skiing,individual-sprint,Individual sprint,men,2,silver,athlete,Pål Golberg,Norway,NOR,,https://en.wikipedia.org/wiki/FIS_Nordic_World_Ski_Championships_2023
fis_nordic_world_ski_championships,FIS Nordic World Ski Championships,2023,2023-12-31,cross-country-skiing,Cross-country skiing,individual-sprint,Individual sprint,men,3,bronze,athlete,Jules Chappaz,France,FRA,,https://en.wikipedia.org/wiki/FIS_Nordic_World_Ski_Championships_2023
fis_nordic_world_ski_championships,FIS Nordic World Ski Championships,2023,2023-12-31,cross-country-skiing,Cross-country skiing,team-sprint,Team sprint,men,1,gold,team,Norway,Norway,NOR,Pål Golberg; Johannes Høsflot Klæbo,https://en.wikipedia.org/wiki/FIS_Nordic_World_Ski_Championships_2023
fis_nordic_world_ski_championships,FIS Nordic World Ski Championships,2023,2023-12-31,cross-country-skiing,Cross-country skiing,team-sprint,Team sprint,men,2,silver,team,Italy,Italy,ITA,Francesco De Fabiani; Federico Pellegrino,https://en.wikipedia.org/wiki/FIS_Nordic_World_Ski_Championships_2023
fis_nordic_world_ski_championships,FIS Nordic World Ski Championships,2023,2023-12-31,cross-country-skiing,Cross-country skiing,team-sprint,Team sprint,men,3,bronze,team,France,France,FRA,Renaud Jay; Richard Jouve,https://en.wikipedia.org/wiki/FIS_Nordic_World_Ski_Championships_2023
fis_nordic_world_ski_championships,FIS Nordic World Ski Championships,2023,2023-12-31,cross-country-skiing,Cross-country skiing,3-4-5-7-5-km-relay,3/4 × 5/7.5 km relay,women,1,gold,team,Norway,Norway,NOR,Tiril Udnes Weng; Astrid Øyre Slind; Ingvild Flugstad Østberg; Anne Kjersti Kalvå,https://en.wikipedia.org/wiki/FIS_Nordic_World_Ski_Championships_2023
fis_nordic_world_ski_championships,FIS Nordic World Ski Championships,2023,2023-12-31,cross-country-skiing,Cross-country skiing,3-4-5-7-5-km-relay,3/4 × 5/7.5 km relay,women,2,silver,team,Germany,Germany,DEU,Laura Gimmler; Katharina Hennig; Pia Fink; Victoria Carl,https://en.wikipedia.org/wiki/FIS_Nordic_World_Ski_Championships_2023
fis_nordic_world_ski_championships,FIS Nordic World Ski Championships,2023,2023-12-31,cross-country-skiing,Cross-country skiing,3-4-5-7-5-km-relay,3/4 × 5/7.5 km relay,women,3,bronze,team,Sweden,Sweden,SWE,Emma Ribom; Ebba Andersson; Frida Karlsson; Maja Dahlqvist,https://en.wikipedia.org/wiki/FIS_Nordic_World_Ski_Championships_2023
fis_nordic_world_ski_championships,FIS Nordic World Ski Championships,2023,2023-12-31,cross-country-skiing,Cross-country skiing,team-sprint,Team sprint,women,1,gold,team,Sweden,Sweden,SWE,Emma Ribom; Jonna Sundling,https://en.wikipedia.org/wiki/FIS_Nordic_World_Ski_Championships_2023
fis_nordic_world_ski_championships,FIS Nordic World Ski Championships,2023,2023-12-31,cross-country-skiing,Cross-country skiing,team-sprint,Team sprint,women,2,silver,team,Norway,Norway,NOR,Anne Kjersti Kalvå; Tiril Udnes Weng,https://en.wikipedia.org/wiki/FIS_Nordic_World_Ski_Championships_2023
fis_nordic_world_ski_championships,FIS Nordic World Ski Championships,2023,2023-12-31,cross-country-skiing,Cross-country skiing,team-sprint,Team sprint,women,3,bronze,team,United States,United States,USA,Jessie Diggins; Julia Kern,https://en.wikipedia.org/wiki/FIS_Nordic_World_Ski_Championships_2023
fis_nordic_world_ski_championships,FIS Nordic World Ski Championships,2023,2023-12-31,nordic-combined-skiing,Nordic combined,individual-large-hill,Individual large hill,men,1,gold,athlete,Jarl Magnus Riiber,Norway,NOR,,https://en.wikipedia.org/wiki/FIS_Nordic_World_Ski_Championships_2023
fis_nordic_world_ski_championships,FIS Nordic World Ski Championships,2023,2023-12-31,nordic-combined-skiing,Nordic combined,individual-large-hill,Individual large hill,men,2,silver,athlete,Jens Lurås Oftebro,Norway,NOR,,https://en.wikipedia.org/wiki/FIS_Nordic_World_Ski_Championships_2023
fis_nordic_world_ski_championships,FIS Nordic World Ski Championships,2023,2023-12-31,nordic-combined-skiing,Nordic combined,individual-large-hill,Individual large hill,men,3,bronze,athlete,Johannes Lamparter,Austria,AUT,,https://en.wikipedia.org/wiki/FIS_Nordic_World_Ski_Championships_2023
fis_nordic_world_ski_championships,FIS Nordic World Ski Championships,2023,2023-12-31,nordic-combined-skiing,Nordic combined,individual-normal-hill,Individual normal hill,men,1,gold,athlete,Jarl Magnus Riiber,Norway,NOR,,https://en.wikipedia.org/wiki/FIS_Nordic_World_Ski_Championships_2023
fis_nordic_world_ski_championships,FIS Nordic World Ski Championships,2023,2023-12-31,nordic-combined-skiing,Nordic combined,individual-normal-hill,Individual normal hill,men,2,silver,athlete,Julian Schmid,Germany,DEU,,https://en.wikipedia.org/wiki/FIS_Nordic_World_Ski_Championships_2023
fis_nordic_world_ski_championships,FIS Nordic World Ski Championships,2023,2023-12-31,nordic-combined-skiing,Nordic combined,individual-normal-hill,Individual normal hill,men,3,bronze,athlete,Franz-Josef Rehrl,Austria,AUT,,https://en.wikipedia.org/wiki/FIS_Nordic_World_Ski_Championships_2023
fis_nordic_world_ski_championships,FIS Nordic World Ski Championships,2023,2023-12-31,nordic-combined-skiing,Nordic combined,team,Team,men,1,gold,team,Norway,Norway,NOR,Espen Andersen; Jens Lurås Oftebro; Jørgen Graabak; Jarl Magnus Riiber,https://en.wikipedia.org/wiki/FIS_Nordic_World_Ski_Championships_2023
fis_nordic_world_ski_championships,FIS Nordic World Ski Championships,2023,2023-12-31,nordic-combined-skiing,Nordic combined,team,Team,men,2,silver,team,Germany,Germany,DEU,Eric Frenzel; Vinzenz Geiger; Johannes Rydzek; Julian Schmid,https://en.wikipedia.org/wiki/FIS_Nordic_World_Ski_Championships_2023
fis_nordic_world_ski_championships,FIS Nordic World Ski Championships,2023,2023-12-31,nordic-combined-skiing,Nordic combined,team,Team,men,3,bronze,team,Austria,Austria,AUT,Martin Fritz; Lukas Greiderer; Stefan Rettenegger; Johannes Lamparter,https://en.wikipedia.org/wiki/FIS_Nordic_World_Ski_Championships_2023
fis_nordic_world_ski_championships,FIS Nordic World Ski Championships,2023,2023-12-31,nordic-combined-skiing,Nordic combined,mixed-team-normal-hill,Mixed team normal hill,mixed,1,gold,team,Norway,Norway,NOR,Jens Lurås Oftebro; Ida Marie Hagen; Gyda Westvold Hansen; Jarl Magnus Riiber,https://en.wikipedia.org/wiki/FIS_Nordic_World_Ski_Championships_2023
fis_nordic_world_ski_championships,FIS Nordic World Ski Championships,2023,2023-12-31,nordic-combined-skiing,Nordic combined,mixed-team-normal-hill,Mixed team normal hill,mixed,2,silver,team,Germany,Germany,DEU,Vinzenz Geiger; Jenny Nowak; Nathalie Armbruster; Julian Schmid,https://en.wikipedia.org/wiki/FIS_Nordic_World_Ski_Championships_2023
fis_nordic_world_ski_championships,FIS Nordic World Ski Championships,2023,2023-12-31,nordic-combined-skiing,Nordic combined,mixed-team-normal-hill,Mixed team normal hill,mixed,3,bronze,team,Austria,Austria,AUT,Stefan Rettenegger; Annalena Slamik; Lisa Hirner; Johannes Lamparter,https://en.wikipedia.org/wiki/FIS_Nordic_World_Ski_Championships_2023
fis_nordic_world_ski_championships,FIS Nordic World Ski Championships,2023,2023-12-31,nordic-combined-skiing,Nordic combined,individual-normal-hill,Individual normal hill,women,1,gold,athlete,Gyda Westvold Hansen,Norway,NOR,,https://en.wikipedia.org/wiki/FIS_Nordic_World_Ski_Championships_2023
fis_nordic_world_ski_championships,FIS Nordic World Ski Championships,2023,2023-12-31,nordic-combined-skiing,Nordic combined,individual-normal-hill,Individual normal hill,women,2,silver,athlete,Nathalie Armbruster,Germany,DEU,,https://en.wikipedia.org/wiki/FIS_Nordic_World_Ski_Championships_2023
fis_nordic_world_ski_championships,FIS Nordic World Ski Championships,2023,2023-12-31,nordic-combined-skiing,Nordic combined,individual-normal-hill,Individual normal hill,women,3,bronze,athlete,Haruka Kasai,Japan,JPN,,https://en.wikipedia.org/wiki/FIS_Nordic_World_Ski_Championships_2023
fis_nordic_world_ski_championships,FIS Nordic World Ski Championships,2023,2023-12-31,ski-jumping,Ski jumping,large-hill-individual,Large hill individual,men,1,gold,athlete,Timi Zajc,Slovenia,SVN,,https://en.wikipedia.org/wiki/FIS_Nordic_World_Ski_Championships_2023_–_Men's_individual_large_hill#Final
fis_nordic_world_ski_championships,FIS Nordic World Ski Championships,2023,2023-12-31,ski-jumping,Ski jumping,large-hill-individual,Large hill individual,men,2,silver,athlete,Ryōyū Kobayashi,Japan,JPN,,https://en.wikipedia.org/wiki/FIS_Nordic_World_Ski_Championships_2023_–_Men's_individual_large_hill#Final
fis_nordic_world_ski_championships,FIS Nordic World Ski Championships,2023,2023-12-31,ski-jumping,Ski jumping,large-hill-individual,Large hill individual,men,3,bronze,athlete,Dawid Kubacki,Poland,POL,,https://en.wikipedia.org/wiki/FIS_Nordic_World_Ski_Championships_2023_–_Men's_individual_large_hill#Final
fis_nordic_world_ski_championships,FIS Nordic World Ski Championships,2023,2023-12-31,ski-jumping,Ski jumping,large-hill-team,Large hill team,men,1,gold,team,Slovenia,Slovenia,SVN,Lovro Kos; Žiga Jelar; Timi Zajc; Anže Lanišek,https://en.wikipedia.org/wiki/FIS_Nordic_World_Ski_Championships_2023_–_Men's_team_large_hill
fis_nordic_world_ski_championships,FIS Nordic World Ski Championships,2023,2023-12-31,ski-jumping,Ski jumping,large-hill-team,Large hill team,men,2,silver,team,Norway,Norway,NOR,Johann André Forfang; Kristoffer Eriksen Sundal; Marius Lindvik; Halvor Egner Granerud,https://en.wikipedia.org/wiki/FIS_Nordic_World_Ski_Championships_2023_–_Men's_team_large_hill
fis_nordic_world_ski_championships,FIS Nordic World Ski Championships,2023,2023-12-31,ski-jumping,Ski jumping,large-hill-team,Large hill team,men,3,bronze,team,Austria,Austria,AUT,Daniel Tschofenig; Michael Hayböck; Jan Hörl; Stefan Kraft,https://en.wikipedia.org/wiki/FIS_Nordic_World_Ski_Championships_2023_–_Men's_team_large_hill
fis_nordic_world_ski_championships,FIS Nordic World Ski Championships,2023,2023-12-31,ski-jumping,Ski jumping,normal-hill-individual,Normal hill individual,men,1,gold,athlete,Piotr Żyła,Poland,POL,,https://en.wikipedia.org/wiki/FIS_Nordic_World_Ski_Championships_2023_–_Men's_individual_normal_hill#Final
fis_nordic_world_ski_championships,FIS Nordic World Ski Championships,2023,2023-12-31,ski-jumping,Ski jumping,normal-hill-individual,Normal hill individual,men,2,silver,athlete,Andreas Wellinger,Germany,DEU,,https://en.wikipedia.org/wiki/FIS_Nordic_World_Ski_Championships_2023_–_Men's_individual_normal_hill#Final
fis_nordic_world_ski_championships,FIS Nordic World Ski Championships,2023,2023-12-31,ski-jumping,Ski jumping,normal-hill-individual,Normal hill individual,men,3,bronze,athlete,Karl Geiger,Germany,DEU,,https://en.wikipedia.org/wiki/FIS_Nordic_World_Ski_Championships_2023_–_Men's_individual_normal_hill#Final
fis_nordic_world_ski_championships,FIS Nordic World Ski Championships,2023,2023-12-31,ski-jumping,Ski jumping,mixed-team-normal-hill-discontinued,Mixed team normal hill (discontinued),mixed,1,gold,team,Germany,Germany,DEU,Selina Freitag; Karl Geiger; Katharina Althaus; Andreas Wellinger,https://en.wikipedia.org/wiki/FIS_Nordic_World_Ski_Championships_2023_–_Mixed_team_normal_hill#Results
fis_nordic_world_ski_championships,FIS Nordic World Ski Championships,2023,2023-12-31,ski-jumping,Ski jumping,mixed-team-normal-hill-discontinued,Mixed team normal hill (discontinued),mixed,2,silver,team,Norway,Norway,NOR,Anna Odine Strøm; Johann André Forfang; Thea Minyan Bjørseth; Halvor Egner Granerud,https://en.wikipedia.org/wiki/FIS_Nordic_World_Ski_Championships_2023_–_Mixed_team_normal_hill#Results
fis_nordic_world_ski_championships,FIS Nordic World Ski Championships,2023,2023-12-31,ski-jumping,Ski jumping,mixed-team-normal-hill-discontinued,Mixed team normal hill (discontinued),mixed,3,bronze,team,Slovenia,Slovenia,SVN,Nika Križnar; Timi Zajc; Ema Klinec; Anže Lanišek,https://en.wikipedia.org/wiki/FIS_Nordic_World_Ski_Championships_2023_–_Mixed_team_normal_hill#Results
fis_nordic_world_ski_championships,FIS Nordic World Ski Championships,2023,2023-12-31,ski-jumping,Ski jumping,large-hill-individual,Large hill individual,women,1,gold,athlete,Alexandria Loutitt,Canada,CAN,,https://en.wikipedia.org/wiki/FIS_Nordic_World_Ski_Championships_2023_–_Women's_individual_large_hill#Final
fis_nordic_world_ski_championships,FIS Nordic World Ski Championships,2023,2023-12-31,ski-jumping,Ski jumping,large-hill-individual,Large hill individual,women,2,silver,athlete,Maren Lundby,Norway,NOR,,https://en.wikipedia.org/wiki/FIS_Nordic_World_Ski_Championships_2023_–_Women's_individual_large_hill#Final
fis_nordic_world_ski_championships,FIS Nordic World Ski Championships,2023,2023-12-31,ski-jumping,Ski jumping,large-hill-individual,Large hill individual,women,3,bronze,athlete,Katharina Althaus,Germany,DEU,,https://en.wikipedia.org/wiki/FIS_Nordic_World_Ski_Championships_2023_–_Women's_individual_large_hill#Final
fis_nordic_world_ski_championships,FIS Nordic World Ski Championships,2023,2023-12-31,ski-jumping,Ski jumping,normal-hill-individual,Normal hill individual,women,1,gold,athlete,Katharina Althaus,Germany,DEU,,https://en.wikipedia.org/wiki/FIS_Nordic_World_Ski_Championships_2023_–_Women's_individual_normal_hill#Final
fis_nordic_world_ski_championships,FIS Nordic World Ski Championships,2023,2023-12-31,ski-jumping,Ski jumping,normal-hill-individual,Normal hill individual,women,2,silver,athlete,Eva Pinkelnig,Austria,AUT,,https://en.wikipedia.org/wiki/FIS_Nordic_World_Ski_Championships_2023_–_Women's_individual_normal_hill#Final
fis_nordic_world_ski_championships,FIS Nordic World Ski Championships,2023,2023-12-31,ski-jumping,Ski jumping,normal-hill-individual,Normal hill individual,women,3,bronze,athlete,Anna Odine Strøm,Norway,NOR,,https://en.wikipedia.org/wiki/FIS_Nordic_World_Ski_Championships_2023_–_Women's_individual_normal_hill#Final
fis_nordic_world_ski_championships,FIS Nordic World Ski Championships,2023,2023-12-31,ski-jumping,Ski jumping,normal-hill-team,Normal hill team,women,1,gold,team,Germany,Germany,DEU,Anna Rupprecht; Luisa Görlich; Selina Freitag; Katharina Althaus,https://en.wikipedia.org/wiki/FIS_Nordic_World_Ski_Championships_2023_–_Women's_team_normal_hill
fis_nordic_world_ski_championships,FIS Nordic World Ski Championships,2023,2023-12-31,ski-jumping,Ski jumping,normal-hill-team,Normal hill team,women,2,silver,team,Austria,Austria,AUT,Chiara Kreuzer; Julia Mühlbacher; Jacqueline Seifriedsberger; Eva Pinkelnig,https://en.wikipedia.org/wiki/FIS_Nordic_World_Ski_Championships_2023_–_Women's_team_normal_hill
fis_nordic_world_ski_championships,FIS Nordic World Ski Championships,2023,2023-12-31,ski-jumping,Ski jumping,normal-hill-team,Normal hill team,women,3,bronze,team,Norway,Norway,NOR,Maren Lundby; Eirin Maria Kvandal; Thea Minyan Bjørseth; Anna Odine Strøm,https://en.wikipedia.org/wiki/FIS_Nordic_World_Ski_Championships_2023_–_Women's_team_normal_hill
fis_nordic_world_ski_championships,FIS Nordic World Ski Championships,2025,2025-12-31,cross-country-skiing,Cross-country skiing,10-km,10 km,men,1,gold,athlete,Johannes Høsflot Klæbo,Norway,NOR,,https://en.wikipedia.org/wiki/FIS_Nordic_World_Ski_Championships_2025
fis_nordic_world_ski_championships,FIS Nordic World Ski Championships,2025,2025-12-31,cross-country-skiing,Cross-country skiing,10-km,10 km,men,2,silver,athlete,Erik Valnes,Norway,NOR,,https://en.wikipedia.org/wiki/FIS_Nordic_World_Ski_Championships_2025
fis_nordic_world_ski_championships,FIS Nordic World Ski Championships,2025,2025-12-31,cross-country-skiing,Cross-country skiing,10-km,10 km,men,3,bronze,athlete,Harald Østberg Amundsen,Norway,NOR,,https://en.wikipedia.org/wiki/FIS_Nordic_World_Ski_Championships_2025
fis_nordic_world_ski_championships,FIS Nordic World Ski Championships,2025,2025-12-31,cross-country-skiing,Cross-country skiing,4-10-7-5-km-relay,4 × 10/7.5 km relay,men,1,gold,team,Norway,Norway,NOR,Erik Valnes; Martin Løwstrøm Nyenget; Harald Østberg Amundsen; Johannes Høsflot Klæbo,https://en.wikipedia.org/wiki/FIS_Nordic_World_Ski_Championships_2025
fis_nordic_world_ski_championships,FIS Nordic World Ski Championships,2025,2025-12-31,cross-country-skiing,Cross-country skiing,4-10-7-5-km-relay,4 × 10/7.5 km relay,men,2,silver,team,Switzerland,Switzerland,CHE,Cyril Fähndrich; Jonas Baumann; Jason Rüesch; Valerio Grond,https://en.wikipedia.org/wiki/FIS_Nordic_World_Ski_Championships_2025
fis_nordic_world_ski_championships,FIS Nordic World Ski Championships,2025,2025-12-31,cross-country-skiing,Cross-country skiing,4-10-7-5-km-relay,4 × 10/7.5 km relay,men,3,bronze,team,Sweden,Sweden,SWE,Truls Gisselman; William Poromaa; Jens Burman; Edvin Anger,https://en.wikipedia.org/wiki/FIS_Nordic_World_Ski_Championships_2025
fis_nordic_world_ski_championships,FIS Nordic World Ski Championships,2025,2025-12-31,cross-country-skiing,Cross-country skiing,50-km,50 km,men,1,gold,athlete,Johannes Høsflot Klæbo,Norway,NOR,,https://en.wikipedia.org/wiki/FIS_Nordic_World_Ski_Championships_2025
fis_nordic_world_ski_championships,FIS Nordic World Ski Championships,2025,2025-12-31,cross-country-skiing,Cross-country skiing,50-km,50 km,men,2,silver,athlete,William Poromaa,Sweden,SWE,,https://en.wikipedia.org/wiki/FIS_Nordic_World_Ski_Championships_2025
fis_nordic_world_ski_championships,FIS Nordic World Ski Championships,2025,2025-12-31,cross-country-skiing,Cross-country skiing,50-km,50 km,men,3,bronze,athlete,Simen Hegstad Krüger,Norway,NOR,,https://en.wikipedia.org/wiki/FIS_Nordic_World_Ski_Championships_2025
fis_nordic_world_ski_championships,FIS Nordic World Ski Championships,2025,2025-12-31,cross-country-skiing,Cross-country skiing,combined-double-pursuit-skiathlon,Combined/double pursuit/Skiathlon,men,1,gold,athlete,Johannes Høsflot Klæbo,Norway,NOR,,https://en.wikipedia.org/wiki/FIS_Nordic_World_Ski_Championships_2025
fis_nordic_world_ski_championships,FIS Nordic World Ski Championships,2025,2025-12-31,cross-country-skiing,Cross-country skiing,combined-double-pursuit-skiathlon,Combined/double pursuit/Skiathlon,men,2,silver,athlete,Martin Løwstrøm Nyenget,Norway,NOR,,https://en.wikipedia.org/wiki/FIS_Nordic_World_Ski_Championships_2025
fis_nordic_world_ski_championships,FIS Nordic World Ski Championships,2025,2025-12-31,cross-country-skiing,Cross-country skiing,combined-double-pursuit-skiathlon,Combined/double pursuit/Skiathlon,men,3,bronze,athlete,Harald Østberg Amundsen,Norway,NOR,,https://en.wikipedia.org/wiki/FIS_Nordic_World_Ski_Championships_2025
fis_nordic_world_ski_championships,FIS Nordic World Ski Championships,2025,2025-12-31,cross-country-skiing,Cross-country skiing,individual-sprint,Individual sprint,men,1,gold,athlete,Johannes Høsflot Klæbo,Norway,NOR,,https://en.wikipedia.org/wiki/FIS_Nordic_World_Ski_Championships_2025
fis_nordic_world_ski_championships,FIS Nordic World Ski Championships,2025,2025-12-31,cross-country-skiing,Cross-country skiing,individual-sprint,Individual sprint,men,2,silver,athlete,Federico Pellegrino,Italy,ITA,,https://en.wikipedia.org/wiki/FIS_Nordic_World_Ski_Championships_2025
fis_nordic_world_ski_championships,FIS Nordic World Ski Championships,2025,2025-12-31,cross-country-skiing,Cross-country skiing,individual-sprint,Individual sprint,men,3,bronze,athlete,Lauri Vuorinen,Finland,FIN,,https://en.wikipedia.org/wiki/FIS_Nordic_World_Ski_Championships_2025
fis_nordic_world_ski_championships,FIS Nordic World Ski Championships,2025,2025-12-31,cross-country-skiing,Cross-country skiing,team-sprint,Team sprint,men,1,gold,team,Norway,Norway,NOR,Erik Valnes; Johannes Høsflot Klæbo,https://en.wikipedia.org/wiki/FIS_Nordic_World_Ski_Championships_2025
fis_nordic_world_ski_championships,FIS Nordic World Ski Championships,2025,2025-12-31,cross-country-skiing,Cross-country skiing,team-sprint,Team sprint,men,2,silver,team,Finland,Finland,FIN,Ristomatti Hakola; Lauri Vuorinen,https://en.wikipedia.org/wiki/FIS_Nordic_World_Ski_Championships_2025
fis_nordic_world_ski_championships,FIS Nordic World Ski Championships,2025,2025-12-31,cross-country-skiing,Cross-country skiing,team-sprint,Team sprint,men,3,bronze,team,Sweden,Sweden,SWE,Oskar Svensson; Edvin Anger,https://en.wikipedia.org/wiki/FIS_Nordic_World_Ski_Championships_2025
fis_nordic_world_ski_championships,FIS Nordic World Ski Championships,2025,2025-12-31,cross-country-skiing,Cross-country skiing,3-4-5-7-5-km-relay,3/4 × 5/7.5 km relay,women,1,gold,team,Sweden,Sweden,SWE,Emma Ribom; Frida Karlsson; Ebba Andersson; Jonna Sundling,https://en.wikipedia.org/wiki/FIS_Nordic_World_Ski_Championships_2025
fis_nordic_world_ski_championships,FIS Nordic World Ski Championships,2025,2025-12-31,cross-country-skiing,Cross-country skiing,3-4-5-7-5-km-relay,3/4 × 5/7.5 km relay,women,2,silver,team,Norway,Norway,NOR,Heidi Weng; Astrid Øyre Slind; Therese Johaug; Kristin Austgulen Fosnæs,https://en.wikipedia.org/wiki/FIS_Nordic_World_Ski_Championships_2025
fis_nordic_world_ski_championships,FIS Nordic World Ski Championships,2025,2025-12-31,cross-country-skiing,Cross-country skiing,3-4-5-7-5-km-relay,3/4 × 5/7.5 km relay,women,3,bronze,team,Germany,Germany,DEU,Pia Fink; Katharina Hennig; Helen Hoffmann; Victoria Carl,https://en.wikipedia.org/wiki/FIS_Nordic_World_Ski_Championships_2025
fis_nordic_world_ski_championships,FIS Nordic World Ski Championships,2025,2025-12-31,cross-country-skiing,Cross-country skiing,team-sprint,Team sprint,women,1,gold,team,Sweden,Sweden,SWE,Maja Dahlqvist; Jonna Sundling,https://en.wikipedia.org/wiki/FIS_Nordic_World_Ski_Championships_2025
fis_nordic_world_ski_championships,FIS Nordic World Ski Championships,2025,2025-12-31,cross-country-skiing,Cross-country skiing,team-sprint,Team sprint,women,2,silver,team,United States,United States,USA,Jessie Diggins; Julia Kern,https://en.wikipedia.org/wiki/FIS_Nordic_World_Ski_Championships_2025
fis_nordic_world_ski_championships,FIS Nordic World Ski Championships,2025,2025-12-31,cross-country-skiing,Cross-country skiing,team-sprint,Team sprint,women,3,bronze,team,Switzerland,Switzerland,CHE,Anja Weber; Nadine Fähndrich,https://en.wikipedia.org/wiki/FIS_Nordic_World_Ski_Championships_2025
fis_nordic_world_ski_championships,FIS Nordic World Ski Championships,2025,2025-12-31,nordic-combined-skiing,Nordic combined,individual-large-hill,Individual large hill,men,1,gold,athlete,Jarl Magnus Riiber,Norway,NOR,,https://en.wikipedia.org/wiki/FIS_Nordic_World_Ski_Championships_2025
fis_nordic_world_ski_championships,FIS Nordic World Ski Championships,2025,2025-12-31,nordic-combined-skiing,Nordic combined,individual-large-hill,Individual large hill,men,2,silver,athlete,Jørgen Graabak,Norway,NOR,,https://en.wikipedia.org/wiki/FIS_Nordic_World_Ski_Championships_2025
fis_nordic_world_ski_championships,FIS Nordic World Ski Championships,2025,2025-12-31,nordic-combined-skiing,Nordic combined,individual-large-hill,Individual large hill,men,3,bronze,athlete,Vinzenz Geiger,Germany,DEU,,https://en.wikipedia.org/wiki/FIS_Nordic_World_Ski_Championships_2025
fis_nordic_world_ski_championships,FIS Nordic World Ski Championships,2025,2025-12-31,nordic-combined-skiing,Nordic combined,individual-normal-hill,Individual normal hill,men,1,gold,athlete,Jarl Magnus Riiber,Norway,NOR,,https://en.wikipedia.org/wiki/FIS_Nordic_World_Ski_Championships_2025
fis_nordic_world_ski_championships,FIS Nordic World Ski Championships,2025,2025-12-31,nordic-combined-skiing,Nordic combined,individual-normal-hill,Individual normal hill,men,2,silver,athlete,Jens Lurås Oftebro,Norway,NOR,,https://en.wikipedia.org/wiki/FIS_Nordic_World_Ski_Championships_2025
fis_nordic_world_ski_championships,FIS Nordic World Ski Championships,2025,2025-12-31,nordic-combined-skiing,Nordic combined,individual-normal-hill,Individual normal hill,men,3,bronze,athlete,Vinzenz Geiger,Germany,DEU,,https://en.wikipedia.org/wiki/FIS_Nordic_World_Ski_Championships_2025
fis_nordic_world_ski_championships,FIS Nordic World Ski Championships,2025,2025-12-31,nordic-combined-skiing,Nordic combined,team,Team,men,1,gold,team,Germany,Germany,DEU,Johannes Rydzek; Wendelin Thannheimer; Julian Schmid; Vinzenz Geiger,https://en.wikipedia.org/wiki/FIS_Nordic_World_Ski_Championships_2025
fis_nordic_world_ski_championships,FIS Nordic World Ski Championships,2025,2025-12-31,nordic-combined-skiing,Nordic combined,team,Team,men,2,silver,team,Austria,Austria,AUT,Johannes Lamparter; Franz-Josef Rehrl; Martin Fritz; Fabio Obermeyr,https://en.wikipedia.org/wiki/FIS_Nordic_World_Ski_Championships_2025
fis_nordic_world_ski_championships,FIS Nordic World Ski Championships,2025,2025-12-31,nordic-combined-skiing,Nordic combined,team,Team,men,3,bronze,team,Norway,Norway,NOR,Simen Tiller; Jørgen Graabak; Jens Lurås Oftebro; Jarl Magnus Riiber,https://en.wikipedia.org/wiki/FIS_Nordic_World_Ski_Championships_2025
fis_nordic_world_ski_championships,FIS Nordic World Ski Championships,2025,2025-12-31,nordic-combined-skiing,Nordic combined,mixed-team-normal-hill,Mixed team normal hill,mixed,1,gold,team,Norway,Norway,NOR,Jens Lurås Oftebro; Gyda Westvold Hansen; Ida Marie Hagen; Jarl Magnus Riiber,https://en.wikipedia.org/wiki/FIS_Nordic_World_Ski_Championships_2025
fis_nordic_world_ski_championships,FIS Nordic World Ski Championships,2025,2025-12-31,nordic-combined-skiing,Nordic combined,mixed-team-normal-hill,Mixed team normal hill,mixed,2,silver,team,Germany,Germany,DEU,Julian Schmid; Jenny Nowak; Nathalie Armbruster; Vinzenz Geiger,https://en.wikipedia.org/wiki/FIS_Nordic_World_Ski_Championships_2025
fis_nordic_world_ski_championships,FIS Nordic World Ski Championships,2025,2025-12-31,nordic-combined-skiing,Nordic combined,mixed-team-normal-hill,Mixed team normal hill,mixed,3,bronze,team,Austria,Austria,AUT,Stefan Rettenegger; Claudia Purker; Lisa Hirner; Johannes Lamparter,https://en.wikipedia.org/wiki/FIS_Nordic_World_Ski_Championships_2025
fis_nordic_world_ski_championships,FIS Nordic World Ski Championships,2025,2025-12-31,nordic-combined-skiing,Nordic combined,individual-normal-hill,Individual normal hill,women,1,gold,athlete,Gyda Westvold Hansen,Norway,NOR,,https://en.wikipedia.org/wiki/FIS_Nordic_World_Ski_Championships_2025
fis_nordic_world_ski_championships,FIS Nordic World Ski Championships,2025,2025-12-31,nordic-combined-skiing,Nordic combined,individual-normal-hill,Individual normal hill,women,2,silver,athlete,Ida Marie Hagen,Norway,NOR,,https://en.wikipedia.org/wiki/FIS_Nordic_World_Ski_Championships_2025
fis_nordic_world_ski_championships,FIS Nordic World Ski Championships,2025,2025-12-31,nordic-combined-skiing,Nordic combined,individual-normal-hill,Individual normal hill,women,3,bronze,athlete,Lisa Hirner,Austria,AUT,,https://en.wikipedia.org/wiki/FIS_Nordic_World_Ski_Championships_2025
fis_nordic_world_ski_championships,FIS Nordic World Ski Championships,2025,2025-12-31,nordic-combined-skiing,Nordic combined,mass-start,Mass start,women,1,gold,athlete,Yuna Kasai,Japan,JPN,,https://en.wikipedia.org/wiki/FIS_Nordic_World_Ski_Championships_2025
fis_nordic_world_ski_championships,FIS Nordic World Ski Championships,2025,2025-12-31,nordic-combined-skiing,Nordic combined,mass-start,Mass start,women,2,silver,athlete,Gyda Westvold Hansen,Norway,NOR,,https://en.wikipedia.org/wiki/FIS_Nordic_World_Ski_Championships_2025
fis_nordic_world_ski_championships,FIS Nordic World Ski Championships,2025,2025-12-31,nordic-combined-skiing,Nordic combined,mass-start,Mass start,women,3,bronze,athlete,Haruka Kasai,Japan,JPN,,https://en.wikipedia.org/wiki/FIS_Nordic_World_Ski_Championships_2025
fis_nordic_world_ski_championships,FIS Nordic World Ski Championships,2025,2025-12-31,ski-jumping,Ski jumping,large-hill-individual,Large hill individual,men,1,gold,athlete,Domen Prevc,Slovenia,SVN,,https://en.wikipedia.org/wiki/FIS_Nordic_World_Ski_Championships_2025_–_Men's_individual_large_hill#Final
fis_nordic_world_ski_championships,FIS Nordic World Ski Championships,2025,2025-12-31,ski-jumping,Ski jumping,large-hill-individual,Large hill individual,men,2,silver,athlete,Jan Hörl,Austria,AUT,,https://en.wikipedia.org/wiki/FIS_Nordic_World_Ski_Championships_2025_–_Men's_individual_large_hill#Final
fis_nordic_world_ski_championships,FIS Nordic World Ski Championships,2025,2025-12-31,ski-jumping,Ski jumping,large-hill-individual,Large hill individual,men,3,bronze,athlete,Ryōyū Kobayashi,Japan,JPN,,https://en.wikipedia.org/wiki/FIS_Nordic_World_Ski_Championships_2025_–_Men's_individual_large_hill#Final
fis_nordic_world_ski_championships,FIS Nordic World Ski Championships,2025,2025-12-31,ski-jumping,Ski jumping,large-hill-team,Large hill team,men,1,gold,team,Slovenia,Slovenia,SVN,Lovro Kos; Domen Prevc; Timi Zajc; Anže Lanišek,https://en.wikipedia.org/wiki/FIS_Nordic_World_Ski_Championships_2025_–_Men's_team_large_hill
fis_nordic_world_ski_championships,FIS Nordic World Ski Championships,2025,2025-12-31,ski-jumping,Ski jumping,large-hill-team,Large hill team,men,2,silver,team,Austria,Austria,AUT,Daniel Tschofenig; Maximilian Ortner; Stefan Kraft; Jan Hörl,https://en.wikipedia.org/wiki/FIS_Nordic_World_Ski_Championships_2025_–_Men's_team_large_hill
fis_nordic_world_ski_championships,FIS Nordic World Ski Championships,2025,2025-12-31,ski-jumping,Ski jumping,large-hill-team,Large hill team,men,3,bronze,team,Norway,Norway,NOR,Johann André Forfang; Robin Pedersen; Kristoffer Eriksen Sundal; Marius Lindvik,https://en.wikipedia.org/wiki/FIS_Nordic_World_Ski_Championships_2025_–_Men's_team_large_hill
fis_nordic_world_ski_championships,FIS Nordic World Ski Championships,2025,2025-12-31,ski-jumping,Ski jumping,normal-hill-individual,Normal hill individual,men,1,gold,athlete,Marius Lindvik,Norway,NOR,,https://en.wikipedia.org/wiki/FIS_Nordic_World_Ski_Championships_2025_–_Men's_individual_normal_hill#Final
fis_nordic_world_ski_championships,FIS Nordic World Ski Championships,2025,2025-12-31,ski-jumping,Ski jumping,normal-hill-individual,Normal hill individual,men,2,silver,athlete,Andreas Wellinger,Germany,DEU,,https://en.wikipedia.org/wiki/FIS_Nordic_World_Ski_Championships_2025_–_Men's_individual_normal_hill#Final
fis_nordic_world_ski_championships,FIS Nordic World Ski Championships,2025,2025-12-31,ski-jumping,Ski jumping,normal-hill-individual,Normal hill individual,men,3,bronze,athlete,Jan Hörl,Austria,AUT,,https://en.wikipedia.org/wiki/FIS_Nordic_World_Ski_Championships_2025_–_Men's_individual_normal_hill#Final
fis_nordic_world_ski_championships,FIS Nordic World Ski Championships,2025,2025-12-31,ski-jumping,Ski jumping,mixed-team-large-hill,Mixed team large hill,mixed,1,gold,team,Norway,Norway,NOR,Anna Odine Strøm; Marius Lindvik; Eirin Maria Kvandal; Johann André Forfang,https://en.wikipedia.org/wiki/FIS_Nordic_World_Ski_Championships_2025_–_Mixed_team_large_hill#Results
fis_nordic_world_ski_championships,FIS Nordic World Ski Championships,2025,2025-12-31,ski-jumping,Ski jumping,mixed-team-large-hill,Mixed team large hill,mixed,2,silver,team,Slovenia,Slovenia,SVN,Ema Klinec; Domen Prevc; Nika Prevc; Anže Lanišek,https://en.wikipedia.org/wiki/FIS_Nordic_World_Ski_Championships_2025_–_Mixed_team_large_hill#Results
fis_nordic_world_ski_championships,FIS Nordic World Ski Championships,2025,2025-12-31,ski-jumping,Ski jumping,mixed-team-large-hill,Mixed team large hill,mixed,3,bronze,team,Austria,Austria,AUT,Eva Pinkelnig; Stefan Kraft; Jacqueline Seifriedsberger; Jan Hörl,https://en.wikipedia.org/wiki/FIS_Nordic_World_Ski_Championships_2025_–_Mixed_team_large_hill#Results
fis_nordic_world_ski_championships,FIS Nordic World Ski Championships,2025,2025-12-31,ski-jumping,Ski jumping,large-hill-individual,Large hill individual,women,1,gold,athlete,Nika Prevc,Slovenia,SVN,,https://en.wikipedia.org/wiki/FIS_Nordic_World_Ski_Championships_2025_–_Women's_individual_large_hill#Final
fis_nordic_world_ski_championships,FIS Nordic World Ski Championships,2025,2025-12-31,ski-jumping,Ski jumping,large-hill-individual,Large hill individual,women,2,silver,athlete,Selina Freitag,Germany,DEU,,https://en.wikipedia.org/wiki/FIS_Nordic_World_Ski_Championships_2025_–_Women's_individual_large_hill#Final
fis_nordic_world_ski_championships,FIS Nordic World Ski Championships,2025,2025-12-31,ski-jumping,Ski jumping,large-hill-individual,Large hill individual,women,3,bronze,athlete,Eirin Maria Kvandal,Norway,NOR,,https://en.wikipedia.org/wiki/FIS_Nordic_World_Ski_Championships_2025_–_Women's_individual_large_hill#Final
fis_nordic_world_ski_championships,FIS Nordic World Ski Championships,2025,2025-12-31,ski-jumping,Ski jumping,normal-hill-individual,Normal hill individual,women,1,gold,athlete,Nika Prevc,Slovenia,SVN,,https://en.wikipedia.org/wiki/FIS_Nordic_World_Ski_Championships_2025_–_Women's_individual_normal_hill#Final
fis_nordic_world_ski_championships,FIS Nordic World Ski Championships,2025,2025-12-31,ski-jumping,Ski jumping,normal-hill-individual,Normal hill individual,women,2,silver,athlete,Selina Freitag,Germany,DEU,,https://en.wikipedia.org/wiki/FIS_Nordic_World_Ski_Championships_2025_–_Women's_individual_normal_hill#Final
fis_nordic_world_ski_championships,FIS Nordic World Ski Championships,2025,2025-12-31,ski-jumping,Ski jumping,normal-hill-individual,Normal hill individual,women,3,bronze,athlete,Anna Odine Strøm,Norway,NOR,,https://en.wikipedia.org/wiki/FIS_Nordic_World_Ski_Championships_2025_–_Women's_individual_normal_hill#Final
fis_nordic_world_ski_championships,FIS Nordic World Ski Championships,2025,2025-12-31,ski-jumping,Ski jumping,normal-hill-team,Normal hill team,women,1,gold,team,Norway,Norway,NOR,Anna Odine Strøm; Ingvild Synnøve Midtskogen; Heidi Dyhre Tråserud; Eirin Maria Kvandal,https://en.wikipedia.org/wiki/FIS_Nordic_World_Ski_Championships_2025_–_Women's_team_normal_hill
fis_nordic_world_ski_championships,FIS Nordic World Ski Championships,2025,2025-12-31,ski-jumping,Ski jumping,normal-hill-team,Normal hill team,women,2,silver,team,Austria,Austria,AUT,Lisa Eder; Julia Mühlbacher; Jacqueline Seifriedsberger; Eva Pinkelnig,https://en.wikipedia.org/wiki/FIS_Nordic_World_Ski_Championships_2025_–_Women's_team_normal_hill
fis_nordic_world_ski_championships,FIS Nordic World Ski Championships,2025,2025-12-31,ski-jumping,Ski jumping,normal-hill-team,Normal hill team,women,3,bronze,team,Germany,Germany,DEU,Juliane Seyfarth; Katharina Schmid; Agnes Reisch; Selina Freitag,https://en.wikipedia.org/wiki/FIS_Nordic_World_Ski_Championships_2025_–_Women's_team_normal_hill
