event_id,participant_id,rank,medal,score_raw,points_awarded
world_weightlifting_championships_2001_men_bantamweight,world_weightlifting_athlete_Halil_Mutlu_TUR,1,gold,discipline=Weightlifting;event=World Weightlifting Championships Men Bantamweight total;weight_class=Bantamweight;games=2001 Antalya;entry_country=TUR;source_url=https://en.wikipedia.org/wiki/List_of_World_Championships_medalists_in_weightlifting_(men),10.0
world_weightlifting_championships_2001_men_bantamweight,world_weightlifting_athlete_Wang_Shin-yuan_TPE,2,silver,discipline=Weightlifting;event=World Weightlifting Championships Men Bantamweight total;weight_class=Bantamweight;games=2001 Antalya;entry_country=TPE;source_url=https://en.wikipedia.org/wiki/List_of_World_Championships_medalists_in_weightlifting_(men),7.0
world_weightlifting_championships_2001_men_bantamweight,world_weightlifting_athlete_William_Vargas_CUB,3,bronze,discipline=Weightlifting;event=World Weightlifting Championships Men Bantamweight total;weight_class=Bantamweight;games=2001 Antalya;entry_country=CUB;source_url=https://en.wikipedia.org/wiki/List_of_World_Championships_medalists_in_weightlifting_(men),5.0
world_weightlifting_championships_2001_men_featherweight,world_weightlifting_athlete_Henadzi_Aliashchuk_BLR,1,gold,discipline=Weightlifting;event=World Weightlifting Championships Men Featherweight total;weight_class=Featherweight;games=2001 Antalya;entry_country=BLR;source_url=https://en.wikipedia.org/wiki/List_of_World_Championships_medalists_in_weightlifting_(men),10.0
world_weightlifting_championships_2001_men_featherweight,world_weightlifting_athlete_Li_Yinglong_CHN,2,silver,discipline=Weightlifting;event=World Weightlifting Championships Men Featherweight total;weight_class=Featherweight;games=2001 Antalya;entry_country=CHN;source_url=https://en.wikipedia.org/wiki/List_of_World_Championships_medalists_in_weightlifting_(men),7.0
world_weightlifting_championships_2001_men_featherweight,world_weightlifting_athlete_Stefan_Georgiev_BUL,3,bronze,discipline=Weightlifting;event=World Weightlifting Championships Men Featherweight total;weight_class=Featherweight;games=2001 Antalya;entry_country=BUL;source_url=https://en.wikipedia.org/wiki/List_of_World_Championships_medalists_in_weightlifting_(men),5.0
world_weightlifting_championships_2001_men_heavyweight,world_weightlifting_athlete_Vladimir_Smorchkov_RUS,1,gold,discipline=Weightlifting;event=World Weightlifting Championships Men Heavyweight total;weight_class=Heavyweight;games=2001 Antalya;entry_country=RUS;source_url=https://en.wikipedia.org/wiki/List_of_World_Championships_medalists_in_weightlifting_(men),10.0
world_weightlifting_championships_2001_men_heavyweight,world_weightlifting_athlete_Bünyamin_Suda_TUR,2,silver,discipline=Weightlifting;event=World Weightlifting Championships Men Heavyweight total;weight_class=Heavyweight;games=2001 Antalya;entry_country=TUR;source_url=https://en.wikipedia.org/wiki/List_of_World_Championships_medalists_in_weightlifting_(men),7.0
world_weightlifting_championships_2001_men_heavyweight,world_weightlifting_athlete_Ihor_Razoronov_UKR,3,bronze,discipline=Weightlifting;event=World Weightlifting Championships Men Heavyweight total;weight_class=Heavyweight;games=2001 Antalya;entry_country=UKR;source_url=https://en.wikipedia.org/wiki/List_of_World_Championships_medalists_in_weightlifting_(men),5.0
world_weightlifting_championships_2001_men_light-heavyweight,world_weightlifting_athlete_Giorgi_Asanidze_GEO,1,gold,discipline=Weightlifting;event=World Weightlifting Championships Men Light heavyweight total;weight_class=Light heavyweight;games=2001 Antalya;entry_country=GEO;source_url=https://en.wikipedia.org/wiki/List_of_World_Championships_medalists_in_weightlifting_(men),10.0
world_weightlifting_championships_2001_men_light-heavyweight,world_weightlifting_athlete_Aliaksandr_Anishchanka_BLR,2,silver,discipline=Weightlifting;event=World Weightlifting Championships Men Light heavyweight total;weight_class=Light heavyweight;games=2001 Antalya;entry_country=BLR;source_url=https://en.wikipedia.org/wiki/List_of_World_Championships_medalists_in_weightlifting_(men),7.0
world_weightlifting_championships_2001_men_light-heavyweight,world_weightlifting_athlete_Milen_Dobrev_BUL,3,bronze,discipline=Weightlifting;event=World Weightlifting Championships Men Light heavyweight total;weight_class=Light heavyweight;games=2001 Antalya;entry_country=BUL;source_url=https://en.wikipedia.org/wiki/List_of_World_Championships_medalists_in_weightlifting_(men),5.0
world_weightlifting_championships_2001_men_lightweight,world_weightlifting_athlete_Galabin_Boevski_BUL,1,gold,discipline=Weightlifting;event=World Weightlifting Championships Men Lightweight total;weight_class=Lightweight;games=2001 Antalya;entry_country=BUL;source_url=https://en.wikipedia.org/wiki/List_of_World_Championships_medalists_in_weightlifting_(men),10.0
world_weightlifting_championships_2001_men_lightweight,world_weightlifting_athlete_Georgios_Tzelilis_GRE,2,silver,discipline=Weightlifting;event=World Weightlifting Championships Men Lightweight total;weight_class=Lightweight;games=2001 Antalya;entry_country=GRE;source_url=https://en.wikipedia.org/wiki/List_of_World_Championships_medalists_in_weightlifting_(men),7.0
world_weightlifting_championships_2001_men_lightweight,world_weightlifting_athlete_Reyhan_Arabacolu_TUR,3,bronze,discipline=Weightlifting;event=World Weightlifting Championships Men Lightweight total;weight_class=Lightweight;games=2001 Antalya;entry_country=TUR;source_url=https://en.wikipedia.org/wiki/List_of_World_Championships_medalists_in_weightlifting_(men),5.0
world_weightlifting_championships_2001_men_middle-heavyweight,world_weightlifting_athlete_Kourosh_Bagheri_IRI,1,gold,discipline=Weightlifting;event=World Weightlifting Championships Men Middle heavyweight total;weight_class=Middle heavyweight;games=2001 Antalya;entry_country=IRI;source_url=https://en.wikipedia.org/wiki/List_of_World_Championships_medalists_in_weightlifting_(men),10.0
world_weightlifting_championships_2001_men_middle-heavyweight,world_weightlifting_athlete_Nizami_Pashayev_AZE,2,silver,discipline=Weightlifting;event=World Weightlifting Championships Men Middle heavyweight total;weight_class=Middle heavyweight;games=2001 Antalya;entry_country=AZE;source_url=https://en.wikipedia.org/wiki/List_of_World_Championships_medalists_in_weightlifting_(men),7.0
world_weightlifting_championships_2001_men_middle-heavyweight,world_weightlifting_athlete_Szymon_Koecki_POL,3,bronze,discipline=Weightlifting;event=World Weightlifting Championships Men Middle heavyweight total;weight_class=Middle heavyweight;games=2001 Antalya;entry_country=POL;source_url=https://en.wikipedia.org/wiki/List_of_World_Championships_medalists_in_weightlifting_(men),5.0
world_weightlifting_championships_2001_men_middleweight,world_weightlifting_athlete_Nader_Sufyan_Abbas_QAT,1,gold,discipline=Weightlifting;event=World Weightlifting Championships Men Middleweight total;weight_class=Middleweight;games=2001 Antalya;entry_country=QAT;source_url=https://en.wikipedia.org/wiki/List_of_World_Championships_medalists_in_weightlifting_(men),10.0
world_weightlifting_championships_2001_men_middleweight,world_weightlifting_athlete_Oleg_Perepetchenov_RUS,2,silver,discipline=Weightlifting;event=World Weightlifting Championships Men Middleweight total;weight_class=Middleweight;games=2001 Antalya;entry_country=RUS;source_url=https://en.wikipedia.org/wiki/List_of_World_Championships_medalists_in_weightlifting_(men),7.0
world_weightlifting_championships_2001_men_middleweight,world_weightlifting_athlete_Mohammad_Hossein_Barkhah_IRI,3,bronze,discipline=Weightlifting;event=World Weightlifting Championships Men Middleweight total;weight_class=Middleweight;games=2001 Antalya;entry_country=IRI;source_url=https://en.wikipedia.org/wiki/List_of_World_Championships_medalists_in_weightlifting_(men),5.0
world_weightlifting_championships_2001_men_super-heavyweight,world_weightlifting_athlete_Jaber_Saeed_Salem_QAT,1,gold,discipline=Weightlifting;event=World Weightlifting Championships Men Super heavyweight total;weight_class=Super heavyweight;games=2001 Antalya;entry_country=QAT;source_url=https://en.wikipedia.org/wiki/List_of_World_Championships_medalists_in_weightlifting_(men),10.0
world_weightlifting_championships_2001_men_super-heavyweight,world_weightlifting_athlete_Roman_Meshcheryakov_RUS,2,silver,discipline=Weightlifting;event=World Weightlifting Championships Men Super heavyweight total;weight_class=Super heavyweight;games=2001 Antalya;entry_country=RUS;source_url=https://en.wikipedia.org/wiki/List_of_World_Championships_medalists_in_weightlifting_(men),7.0
world_weightlifting_championships_2001_men_super-heavyweight,world_weightlifting_athlete_Andrey_Chemerkin_RUS,3,bronze,discipline=Weightlifting;event=World Weightlifting Championships Men Super heavyweight total;weight_class=Super heavyweight;games=2001 Antalya;entry_country=RUS;source_url=https://en.wikipedia.org/wiki/List_of_World_Championships_medalists_in_weightlifting_(men),5.0
world_weightlifting_championships_2001_women_bantamweight,world_weightlifting_athlete_Gao_Wei_CHN,1,gold,discipline=Weightlifting;event=World Weightlifting Championships Women Bantamweight total;weight_class=Bantamweight;games=2001 Antalya;entry_country=CHN;source_url=https://en.wikipedia.org/wiki/List_of_World_Championships_medalists_in_weightlifting_(women),10.0
world_weightlifting_championships_2001_women_bantamweight,world_weightlifting_athlete_Blessed_Udoh_NGR,2,silver,discipline=Weightlifting;event=World Weightlifting Championships Women Bantamweight total;weight_class=Bantamweight;games=2001 Antalya;entry_country=NGR;source_url=https://en.wikipedia.org/wiki/List_of_World_Championships_medalists_in_weightlifting_(women),7.0
world_weightlifting_championships_2001_women_bantamweight,world_weightlifting_athlete_Chen_Han-tung_TPE,3,bronze,discipline=Weightlifting;event=World Weightlifting Championships Women Bantamweight total;weight_class=Bantamweight;games=2001 Antalya;entry_country=TPE;source_url=https://en.wikipedia.org/wiki/List_of_World_Championships_medalists_in_weightlifting_(women),5.0
world_weightlifting_championships_2001_women_featherweight,world_weightlifting_athlete_Li_Feng-ying_TPE,1,gold,discipline=Weightlifting;event=World Weightlifting Championships Women Featherweight total;weight_class=Featherweight;games=2001 Antalya;entry_country=TPE;source_url=https://en.wikipedia.org/wiki/List_of_World_Championships_medalists_in_weightlifting_(women),10.0
world_weightlifting_championships_2001_women_featherweight,world_weightlifting_athlete_Qiu_Hongxia_CHN,2,silver,discipline=Weightlifting;event=World Weightlifting Championships Women Featherweight total;weight_class=Featherweight;games=2001 Antalya;entry_country=CHN;source_url=https://en.wikipedia.org/wiki/List_of_World_Championships_medalists_in_weightlifting_(women),7.0
world_weightlifting_championships_2001_women_featherweight,world_weightlifting_athlete_Alexandra_Escobar_ECU,3,bronze,discipline=Weightlifting;event=World Weightlifting Championships Women Featherweight total;weight_class=Featherweight;games=2001 Antalya;entry_country=ECU;source_url=https://en.wikipedia.org/wiki/List_of_World_Championships_medalists_in_weightlifting_(women),5.0
world_weightlifting_championships_2001_women_light-heavyweight,world_weightlifting_athlete_Valentina_Popova_RUS,1,gold,discipline=Weightlifting;event=World Weightlifting Championships Women Light heavyweight total;weight_class=Light heavyweight;games=2001 Antalya;entry_country=RUS;source_url=https://en.wikipedia.org/wiki/List_of_World_Championships_medalists_in_weightlifting_(women),10.0
world_weightlifting_championships_2001_women_light-heavyweight,world_weightlifting_athlete_Svetlana_Khabirova_RUS,2,silver,discipline=Weightlifting;event=World Weightlifting Championships Women Light heavyweight total;weight_class=Light heavyweight;games=2001 Antalya;entry_country=RUS;source_url=https://en.wikipedia.org/wiki/List_of_World_Championships_medalists_in_weightlifting_(women),7.0
world_weightlifting_championships_2001_women_light-heavyweight,world_weightlifting_athlete_Eszter_Krutzler_HUN,3,bronze,discipline=Weightlifting;event=World Weightlifting Championships Women Light heavyweight total;weight_class=Light heavyweight;games=2001 Antalya;entry_country=HUN;source_url=https://en.wikipedia.org/wiki/List_of_World_Championships_medalists_in_weightlifting_(women),5.0
world_weightlifting_championships_2001_women_lightweight,world_weightlifting_athlete_Aleksandra_Klejnowska_POL,1,gold,discipline=Weightlifting;event=World Weightlifting Championships Women Lightweight total;weight_class=Lightweight;games=2001 Antalya;entry_country=POL;source_url=https://en.wikipedia.org/wiki/List_of_World_Championships_medalists_in_weightlifting_(women),10.0
world_weightlifting_championships_2001_women_lightweight,world_weightlifting_athlete_Liu_Bing_CHN,2,silver,discipline=Weightlifting;event=World Weightlifting Championships Women Lightweight total;weight_class=Lightweight;games=2001 Antalya;entry_country=CHN;source_url=https://en.wikipedia.org/wiki/List_of_World_Championships_medalists_in_weightlifting_(women),7.0
world_weightlifting_championships_2001_women_lightweight,world_weightlifting_athlete_Marieta_Gotfryd_POL,3,bronze,discipline=Weightlifting;event=World Weightlifting Championships Women Lightweight total;weight_class=Lightweight;games=2001 Antalya;entry_country=POL;source_url=https://en.wikipedia.org/wiki/List_of_World_Championships_medalists_in_weightlifting_(women),5.0
world_weightlifting_championships_2001_women_middle-heavyweight,world_weightlifting_athlete_Gyöngyi_Likerecz_HUN,1,gold,discipline=Weightlifting;event=World Weightlifting Championships Women Middle heavyweight total;weight_class=Middle heavyweight;games=2001 Antalya;entry_country=HUN;source_url=https://en.wikipedia.org/wiki/List_of_World_Championships_medalists_in_weightlifting_(women),10.0
world_weightlifting_championships_2001_women_middle-heavyweight,world_weightlifting_athlete_ule_ahbaz_TUR,2,silver,discipline=Weightlifting;event=World Weightlifting Championships Women Middle heavyweight total;weight_class=Middle heavyweight;games=2001 Antalya;entry_country=TUR;source_url=https://en.wikipedia.org/wiki/List_of_World_Championships_medalists_in_weightlifting_(women),7.0
world_weightlifting_championships_2001_women_middle-heavyweight,world_weightlifting_athlete_Cao_Chunyan_CHN,3,bronze,discipline=Weightlifting;event=World Weightlifting Championships Women Middle heavyweight total;weight_class=Middle heavyweight;games=2001 Antalya;entry_country=CHN;source_url=https://en.wikipedia.org/wiki/List_of_World_Championships_medalists_in_weightlifting_(women),5.0
world_weightlifting_championships_2001_women_middleweight,world_weightlifting_athlete_Xiao_Ying_CHN,1,gold,discipline=Weightlifting;event=World Weightlifting Championships Women Middleweight total;weight_class=Middleweight;games=2001 Antalya;entry_country=CHN;source_url=https://en.wikipedia.org/wiki/List_of_World_Championships_medalists_in_weightlifting_(women),10.0
world_weightlifting_championships_2001_women_middleweight,world_weightlifting_athlete_Anastasia_Tsakiri_GRE,2,silver,discipline=Weightlifting;event=World Weightlifting Championships Women Middleweight total;weight_class=Middleweight;games=2001 Antalya;entry_country=GRE;source_url=https://en.wikipedia.org/wiki/List_of_World_Championships_medalists_in_weightlifting_(women),7.0
world_weightlifting_championships_2001_women_middleweight,world_weightlifting_athlete_Kuo_Ping-chun_TPE,3,bronze,discipline=Weightlifting;event=World Weightlifting Championships Women Middleweight total;weight_class=Middleweight;games=2001 Antalya;entry_country=TPE;source_url=https://en.wikipedia.org/wiki/List_of_World_Championships_medalists_in_weightlifting_(women),5.0
world_weightlifting_championships_2001_women_super-heavyweight,world_weightlifting_athlete_Albina_Khomich_RUS,1,gold,discipline=Weightlifting;event=World Weightlifting Championships Women Super heavyweight total;weight_class=Super heavyweight;games=2001 Antalya;entry_country=RUS;source_url=https://en.wikipedia.org/wiki/List_of_World_Championships_medalists_in_weightlifting_(women),10.0
world_weightlifting_championships_2001_women_super-heavyweight,world_weightlifting_athlete_Agata_Wróbel_POL,2,silver,discipline=Weightlifting;event=World Weightlifting Championships Women Super heavyweight total;weight_class=Super heavyweight;games=2001 Antalya;entry_country=POL;source_url=https://en.wikipedia.org/wiki/List_of_World_Championships_medalists_in_weightlifting_(women),7.0
world_weightlifting_championships_2001_women_super-heavyweight,world_weightlifting_athlete_Chen_Hsiao-lien_TPE,3,bronze,discipline=Weightlifting;event=World Weightlifting Championships Women Super heavyweight total;weight_class=Super heavyweight;games=2001 Antalya;entry_country=TPE;source_url=https://en.wikipedia.org/wiki/List_of_World_Championships_medalists_in_weightlifting_(women),5.0
world_weightlifting_championships_2002_men_bantamweight,world_weightlifting_athlete_Wu_Meijin_CHN,1,gold,discipline=Weightlifting;event=World Weightlifting Championships Men Bantamweight total;weight_class=Bantamweight;games=2002 Warsaw;entry_country=CHN;source_url=https://en.wikipedia.org/wiki/List_of_World_Championships_medalists_in_weightlifting_(men),10.0
world_weightlifting_championships_2002_men_bantamweight,world_weightlifting_athlete_Yang_Chin-yi_TPE,2,silver,discipline=Weightlifting;event=World Weightlifting Championships Men Bantamweight total;weight_class=Bantamweight;games=2002 Warsaw;entry_country=TPE;source_url=https://en.wikipedia.org/wiki/List_of_World_Championships_medalists_in_weightlifting_(men),7.0
world_weightlifting_championships_2002_men_bantamweight,world_weightlifting_athlete_Adrian_Jigu_ROU,3,bronze,discipline=Weightlifting;event=World Weightlifting Championships Men Bantamweight total;weight_class=Bantamweight;games=2002 Warsaw;entry_country=ROU;source_url=https://en.wikipedia.org/wiki/List_of_World_Championships_medalists_in_weightlifting_(men),5.0
world_weightlifting_championships_2002_men_featherweight,world_weightlifting_athlete_Im_Yong-su_PRK,1,gold,discipline=Weightlifting;event=World Weightlifting Championships Men Featherweight total;weight_class=Featherweight;games=2002 Warsaw;entry_country=PRK;source_url=https://en.wikipedia.org/wiki/List_of_World_Championships_medalists_in_weightlifting_(men),10.0
world_weightlifting_championships_2002_men_featherweight,world_weightlifting_athlete_Le_Maosheng_CHN,2,silver,discipline=Weightlifting;event=World Weightlifting Championships Men Featherweight total;weight_class=Featherweight;games=2002 Warsaw;entry_country=CHN;source_url=https://en.wikipedia.org/wiki/List_of_World_Championships_medalists_in_weightlifting_(men),7.0
world_weightlifting_championships_2002_men_featherweight,world_weightlifting_athlete_Stefan_Georgiev_BUL,3,bronze,discipline=Weightlifting;event=World Weightlifting Championships Men Featherweight total;weight_class=Featherweight;games=2002 Warsaw;entry_country=BUL;source_url=https://en.wikipedia.org/wiki/List_of_World_Championships_medalists_in_weightlifting_(men),5.0
world_weightlifting_championships_2002_men_heavyweight,world_weightlifting_athlete_Denys_Hotfrid_UKR,1,gold,discipline=Weightlifting;event=World Weightlifting Championships Men Heavyweight total;weight_class=Heavyweight;games=2002 Warsaw;entry_country=UKR;source_url=https://en.wikipedia.org/wiki/List_of_World_Championships_medalists_in_weightlifting_(men),10.0
world_weightlifting_championships_2002_men_heavyweight,world_weightlifting_athlete_Alan_Tsagaev_BUL,2,silver,discipline=Weightlifting;event=World Weightlifting Championships Men Heavyweight total;weight_class=Heavyweight;games=2002 Warsaw;entry_country=BUL;source_url=https://en.wikipedia.org/wiki/List_of_World_Championships_medalists_in_weightlifting_(men),7.0
world_weightlifting_championships_2002_men_heavyweight,world_weightlifting_athlete_Vladimir_Smorchkov_RUS,3,bronze,discipline=Weightlifting;event=World Weightlifting Championships Men Heavyweight total;weight_class=Heavyweight;games=2002 Warsaw;entry_country=RUS;source_url=https://en.wikipedia.org/wiki/List_of_World_Championships_medalists_in_weightlifting_(men),5.0
world_weightlifting_championships_2002_men_light-heavyweight,world_weightlifting_athlete_Zlatan_Vanev_BUL,1,gold,discipline=Weightlifting;event=World Weightlifting Championships Men Light heavyweight total;weight_class=Light heavyweight;games=2002 Warsaw;entry_country=BUL;source_url=https://en.wikipedia.org/wiki/List_of_World_Championships_medalists_in_weightlifting_(men),10.0
world_weightlifting_championships_2002_men_light-heavyweight,world_weightlifting_athlete_Giorgi_Asanidze_GEO,2,silver,discipline=Weightlifting;event=World Weightlifting Championships Men Light heavyweight total;weight_class=Light heavyweight;games=2002 Warsaw;entry_country=GEO;source_url=https://en.wikipedia.org/wiki/List_of_World_Championships_medalists_in_weightlifting_(men),7.0
world_weightlifting_championships_2002_men_light-heavyweight,world_weightlifting_athlete_Ruslan_Novikau_BLR,3,bronze,discipline=Weightlifting;event=World Weightlifting Championships Men Light heavyweight total;weight_class=Light heavyweight;games=2002 Warsaw;entry_country=BLR;source_url=https://en.wikipedia.org/wiki/List_of_World_Championships_medalists_in_weightlifting_(men),5.0
world_weightlifting_championships_2002_men_lightweight,world_weightlifting_athlete_Zhang_Guozheng_CHN,1,gold,discipline=Weightlifting;event=World Weightlifting Championships Men Lightweight total;weight_class=Lightweight;games=2002 Warsaw;entry_country=CHN;source_url=https://en.wikipedia.org/wiki/List_of_World_Championships_medalists_in_weightlifting_(men),10.0
world_weightlifting_championships_2002_men_lightweight,world_weightlifting_athlete_Chen_Chufu_CHN,2,silver,discipline=Weightlifting;event=World Weightlifting Championships Men Lightweight total;weight_class=Lightweight;games=2002 Warsaw;entry_country=CHN;source_url=https://en.wikipedia.org/wiki/List_of_World_Championships_medalists_in_weightlifting_(men),7.0
world_weightlifting_championships_2002_men_lightweight,world_weightlifting_athlete_Youssef_Sbai_TUN,3,bronze,discipline=Weightlifting;event=World Weightlifting Championships Men Lightweight total;weight_class=Lightweight;games=2002 Warsaw;entry_country=TUN;source_url=https://en.wikipedia.org/wiki/List_of_World_Championships_medalists_in_weightlifting_(men),5.0
world_weightlifting_championships_2002_men_middle-heavyweight,world_weightlifting_athlete_Nizami_Pashayev_AZE,1,gold,discipline=Weightlifting;event=World Weightlifting Championships Men Middle heavyweight total;weight_class=Middle heavyweight;games=2002 Warsaw;entry_country=AZE;source_url=https://en.wikipedia.org/wiki/List_of_World_Championships_medalists_in_weightlifting_(men),10.0
world_weightlifting_championships_2002_men_middle-heavyweight,world_weightlifting_athlete_Milen_Dobrev_BUL,2,silver,discipline=Weightlifting;event=World Weightlifting Championships Men Middle heavyweight total;weight_class=Middle heavyweight;games=2002 Warsaw;entry_country=BUL;source_url=https://en.wikipedia.org/wiki/List_of_World_Championships_medalists_in_weightlifting_(men),7.0
world_weightlifting_championships_2002_men_middle-heavyweight,world_weightlifting_athlete_Oliver_Caruso_GER,3,bronze,discipline=Weightlifting;event=World Weightlifting Championships Men Middle heavyweight total;weight_class=Middle heavyweight;games=2002 Warsaw;entry_country=GER;source_url=https://en.wikipedia.org/wiki/List_of_World_Championships_medalists_in_weightlifting_(men),5.0
world_weightlifting_championships_2002_men_middleweight,world_weightlifting_athlete_Georgi_Markov_BUL,1,gold,discipline=Weightlifting;event=World Weightlifting Championships Men Middleweight total;weight_class=Middleweight;games=2002 Warsaw;entry_country=BUL;source_url=https://en.wikipedia.org/wiki/List_of_World_Championships_medalists_in_weightlifting_(men),10.0
world_weightlifting_championships_2002_men_middleweight,world_weightlifting_athlete_Oleg_Perepetchenov_RUS,2,silver,discipline=Weightlifting;event=World Weightlifting Championships Men Middleweight total;weight_class=Middleweight;games=2002 Warsaw;entry_country=RUS;source_url=https://en.wikipedia.org/wiki/List_of_World_Championships_medalists_in_weightlifting_(men),7.0
world_weightlifting_championships_2002_men_middleweight,world_weightlifting_athlete_Mohammad_Hossein_Barkhah_IRI,3,bronze,discipline=Weightlifting;event=World Weightlifting Championships Men Middleweight total;weight_class=Middleweight;games=2002 Warsaw;entry_country=IRI;source_url=https://en.wikipedia.org/wiki/List_of_World_Championships_medalists_in_weightlifting_(men),5.0
world_weightlifting_championships_2002_men_super-heavyweight,world_weightlifting_athlete_Hossein_Rezazadeh_IRI,1,gold,discipline=Weightlifting;event=World Weightlifting Championships Men Super heavyweight total;weight_class=Super heavyweight;games=2002 Warsaw;entry_country=IRI;source_url=https://en.wikipedia.org/wiki/List_of_World_Championships_medalists_in_weightlifting_(men),10.0
world_weightlifting_championships_2002_men_super-heavyweight,world_weightlifting_athlete_Damyan_Damyanov_BUL,2,silver,discipline=Weightlifting;event=World Weightlifting Championships Men Super heavyweight total;weight_class=Super heavyweight;games=2002 Warsaw;entry_country=BUL;source_url=https://en.wikipedia.org/wiki/List_of_World_Championships_medalists_in_weightlifting_(men),7.0
world_weightlifting_championships_2002_men_super-heavyweight,world_weightlifting_athlete_Artem_Udachyn_UKR,3,bronze,discipline=Weightlifting;event=World Weightlifting Championships Men Super heavyweight total;weight_class=Super heavyweight;games=2002 Warsaw;entry_country=UKR;source_url=https://en.wikipedia.org/wiki/List_of_World_Championships_medalists_in_weightlifting_(men),5.0
world_weightlifting_championships_2002_women_bantamweight,world_weightlifting_athlete_Wang_Mingjuan_CHN,1,gold,discipline=Weightlifting;event=World Weightlifting Championships Women Bantamweight total;weight_class=Bantamweight;games=2002 Warsaw;entry_country=CHN;source_url=https://en.wikipedia.org/wiki/List_of_World_Championships_medalists_in_weightlifting_(women),10.0
world_weightlifting_championships_2002_women_bantamweight,world_weightlifting_athlete_Nurcan_Taylan_TUR,2,silver,discipline=Weightlifting;event=World Weightlifting Championships Women Bantamweight total;weight_class=Bantamweight;games=2002 Warsaw;entry_country=TUR;source_url=https://en.wikipedia.org/wiki/List_of_World_Championships_medalists_in_weightlifting_(women),7.0
world_weightlifting_championships_2002_women_bantamweight,world_weightlifting_athlete_Izabela_Dragneva_BUL,3,bronze,discipline=Weightlifting;event=World Weightlifting Championships Women Bantamweight total;weight_class=Bantamweight;games=2002 Warsaw;entry_country=BUL;source_url=https://en.wikipedia.org/wiki/List_of_World_Championships_medalists_in_weightlifting_(women),5.0
world_weightlifting_championships_2002_women_featherweight,world_weightlifting_athlete_Ri_Song-hui_PRK,1,gold,discipline=Weightlifting;event=World Weightlifting Championships Women Featherweight total;weight_class=Featherweight;games=2002 Warsaw;entry_country=PRK;source_url=https://en.wikipedia.org/wiki/List_of_World_Championships_medalists_in_weightlifting_(women),10.0
world_weightlifting_championships_2002_women_featherweight,world_weightlifting_athlete_Li_Xuejiu_CHN,2,silver,discipline=Weightlifting;event=World Weightlifting Championships Women Featherweight total;weight_class=Featherweight;games=2002 Warsaw;entry_country=CHN;source_url=https://en.wikipedia.org/wiki/List_of_World_Championships_medalists_in_weightlifting_(women),7.0
world_weightlifting_championships_2002_women_featherweight,world_weightlifting_athlete_Udomporn_Polsak_THA,3,bronze,discipline=Weightlifting;event=World Weightlifting Championships Women Featherweight total;weight_class=Featherweight;games=2002 Warsaw;entry_country=THA;source_url=https://en.wikipedia.org/wiki/List_of_World_Championships_medalists_in_weightlifting_(women),5.0
world_weightlifting_championships_2002_women_light-heavyweight,world_weightlifting_athlete_Pawina_Thongsuk_THA,1,gold,discipline=Weightlifting;event=World Weightlifting Championships Women Light heavyweight total;weight_class=Light heavyweight;games=2002 Warsaw;entry_country=THA;source_url=https://en.wikipedia.org/wiki/List_of_World_Championships_medalists_in_weightlifting_(women),10.0
world_weightlifting_championships_2002_women_light-heavyweight,world_weightlifting_athlete_Valentina_Popova_RUS,2,silver,discipline=Weightlifting;event=World Weightlifting Championships Women Light heavyweight total;weight_class=Light heavyweight;games=2002 Warsaw;entry_country=RUS;source_url=https://en.wikipedia.org/wiki/List_of_World_Championships_medalists_in_weightlifting_(women),7.0
world_weightlifting_championships_2002_women_light-heavyweight,world_weightlifting_athlete_Nahla_Ramadan_EGY,3,bronze,discipline=Weightlifting;event=World Weightlifting Championships Women Light heavyweight total;weight_class=Light heavyweight;games=2002 Warsaw;entry_country=EGY;source_url=https://en.wikipedia.org/wiki/List_of_World_Championships_medalists_in_weightlifting_(women),5.0
world_weightlifting_championships_2002_women_lightweight,world_weightlifting_athlete_Song_Zhijuan_CHN,1,gold,discipline=Weightlifting;event=World Weightlifting Championships Women Lightweight total;weight_class=Lightweight;games=2002 Warsaw;entry_country=CHN;source_url=https://en.wikipedia.org/wiki/List_of_World_Championships_medalists_in_weightlifting_(women),10.0
world_weightlifting_championships_2002_women_lightweight,world_weightlifting_athlete_Wandee_Kameaim_THA,2,silver,discipline=Weightlifting;event=World Weightlifting Championships Women Lightweight total;weight_class=Lightweight;games=2002 Warsaw;entry_country=THA;source_url=https://en.wikipedia.org/wiki/List_of_World_Championships_medalists_in_weightlifting_(women),7.0
world_weightlifting_championships_2002_women_lightweight,world_weightlifting_athlete_Charikleia_Kastritsi_GRE,3,bronze,discipline=Weightlifting;event=World Weightlifting Championships Women Lightweight total;weight_class=Lightweight;games=2002 Warsaw;entry_country=GRE;source_url=https://en.wikipedia.org/wiki/List_of_World_Championships_medalists_in_weightlifting_(women),5.0
world_weightlifting_championships_2002_women_middle-heavyweight,world_weightlifting_athlete_Svetlana_Khabirova_RUS,1,gold,discipline=Weightlifting;event=World Weightlifting Championships Women Middle heavyweight total;weight_class=Middle heavyweight;games=2002 Warsaw;entry_country=RUS;source_url=https://en.wikipedia.org/wiki/List_of_World_Championships_medalists_in_weightlifting_(women),10.0
world_weightlifting_championships_2002_women_middle-heavyweight,world_weightlifting_athlete_Sun_Ruiping_CHN,2,silver,discipline=Weightlifting;event=World Weightlifting Championships Women Middle heavyweight total;weight_class=Middle heavyweight;games=2002 Warsaw;entry_country=CHN;source_url=https://en.wikipedia.org/wiki/List_of_World_Championships_medalists_in_weightlifting_(women),7.0
world_weightlifting_championships_2002_women_middle-heavyweight,world_weightlifting_athlete_Christina_Ioannidi_GRE,3,bronze,discipline=Weightlifting;event=World Weightlifting Championships Women Middle heavyweight total;weight_class=Middle heavyweight;games=2002 Warsaw;entry_country=GRE;source_url=https://en.wikipedia.org/wiki/List_of_World_Championships_medalists_in_weightlifting_(women),5.0
world_weightlifting_championships_2002_women_middleweight,world_weightlifting_athlete_Liu_Xia_CHN,1,gold,discipline=Weightlifting;event=World Weightlifting Championships Women Middleweight total;weight_class=Middleweight;games=2002 Warsaw;entry_country=CHN;source_url=https://en.wikipedia.org/wiki/List_of_World_Championships_medalists_in_weightlifting_(women),10.0
world_weightlifting_championships_2002_women_middleweight,world_weightlifting_athlete_Anastasia_Tsakiri_GRE,2,silver,discipline=Weightlifting;event=World Weightlifting Championships Women Middleweight total;weight_class=Middleweight;games=2002 Warsaw;entry_country=GRE;source_url=https://en.wikipedia.org/wiki/List_of_World_Championships_medalists_in_weightlifting_(women),7.0
world_weightlifting_championships_2002_women_middleweight,world_weightlifting_athlete_Gergana_Kirilova_BUL,3,bronze,discipline=Weightlifting;event=World Weightlifting Championships Women Middleweight total;weight_class=Middleweight;games=2002 Warsaw;entry_country=BUL;source_url=https://en.wikipedia.org/wiki/List_of_World_Championships_medalists_in_weightlifting_(women),5.0
world_weightlifting_championships_2002_women_super-heavyweight,world_weightlifting_athlete_Agata_Wróbel_POL,1,gold,discipline=Weightlifting;event=World Weightlifting Championships Women Super heavyweight total;weight_class=Super heavyweight;games=2002 Warsaw;entry_country=POL;source_url=https://en.wikipedia.org/wiki/List_of_World_Championships_medalists_in_weightlifting_(women),10.0
world_weightlifting_championships_2002_women_super-heavyweight,world_weightlifting_athlete_Albina_Khomich_RUS,2,silver,discipline=Weightlifting;event=World Weightlifting Championships Women Super heavyweight total;weight_class=Super heavyweight;games=2002 Warsaw;entry_country=RUS;source_url=https://en.wikipedia.org/wiki/List_of_World_Championships_medalists_in_weightlifting_(women),7.0
world_weightlifting_championships_2002_women_super-heavyweight,world_weightlifting_athlete_Tang_Gonghong_CHN,3,bronze,discipline=Weightlifting;event=World Weightlifting Championships Women Super heavyweight total;weight_class=Super heavyweight;games=2002 Warsaw;entry_country=CHN;source_url=https://en.wikipedia.org/wiki/List_of_World_Championships_medalists_in_weightlifting_(women),5.0
world_weightlifting_championships_2003_men_bantamweight,world_weightlifting_athlete_Wu_Meijin_CHN,1,gold,discipline=Weightlifting;event=World Weightlifting Championships Men Bantamweight total;weight_class=Bantamweight;games=2003 Vancouver;entry_country=CHN;source_url=https://en.wikipedia.org/wiki/List_of_World_Championships_medalists_in_weightlifting_(men),10.0
world_weightlifting_championships_2003_men_bantamweight,world_weightlifting_athlete_Adrian_Jigu_ROU,2,silver,discipline=Weightlifting;event=World Weightlifting Championships Men Bantamweight total;weight_class=Bantamweight;games=2003 Vancouver;entry_country=ROU;source_url=https://en.wikipedia.org/wiki/List_of_World_Championships_medalists_in_weightlifting_(men),7.0
world_weightlifting_championships_2003_men_bantamweight,world_weightlifting_athlete_Sedat_Artuç_TUR,3,bronze,discipline=Weightlifting;event=World Weightlifting Championships Men Bantamweight total;weight_class=Bantamweight;games=2003 Vancouver;entry_country=TUR;source_url=https://en.wikipedia.org/wiki/List_of_World_Championships_medalists_in_weightlifting_(men),5.0
world_weightlifting_championships_2003_men_featherweight,world_weightlifting_athlete_Halil_Mutlu_TUR,1,gold,discipline=Weightlifting;event=World Weightlifting Championships Men Featherweight total;weight_class=Featherweight;games=2003 Vancouver;entry_country=TUR;source_url=https://en.wikipedia.org/wiki/List_of_World_Championships_medalists_in_weightlifting_(men),10.0
world_weightlifting_championships_2003_men_featherweight,world_weightlifting_athlete_Shi_Zhiyong_CHN,2,silver,discipline=Weightlifting;event=World Weightlifting Championships Men Featherweight total;weight_class=Featherweight;games=2003 Vancouver;entry_country=CHN;source_url=https://en.wikipedia.org/wiki/List_of_World_Championships_medalists_in_weightlifting_(men),7.0
world_weightlifting_championships_2003_men_featherweight,world_weightlifting_athlete_Le_Maosheng_CHN,3,bronze,discipline=Weightlifting;event=World Weightlifting Championships Men Featherweight total;weight_class=Featherweight;games=2003 Vancouver;entry_country=CHN;source_url=https://en.wikipedia.org/wiki/List_of_World_Championships_medalists_in_weightlifting_(men),5.0
world_weightlifting_championships_2003_men_heavyweight,world_weightlifting_athlete_Said_Saif_Asaad_QAT,1,gold,discipline=Weightlifting;event=World Weightlifting Championships Men Heavyweight total;weight_class=Heavyweight;games=2003 Vancouver;entry_country=QAT;source_url=https://en.wikipedia.org/wiki/List_of_World_Championships_medalists_in_weightlifting_(men),10.0
world_weightlifting_championships_2003_men_heavyweight,world_weightlifting_athlete_Vladimir_Smorchkov_RUS,2,silver,discipline=Weightlifting;event=World Weightlifting Championships Men Heavyweight total;weight_class=Heavyweight;games=2003 Vancouver;entry_country=RUS;source_url=https://en.wikipedia.org/wiki/List_of_World_Championships_medalists_in_weightlifting_(men),7.0
world_weightlifting_championships_2003_men_heavyweight,world_weightlifting_athlete_Bünyamin_Suda_TUR,3,bronze,discipline=Weightlifting;event=World Weightlifting Championships Men Heavyweight total;weight_class=Heavyweight;games=2003 Vancouver;entry_country=TUR;source_url=https://en.wikipedia.org/wiki/List_of_World_Championships_medalists_in_weightlifting_(men),5.0
world_weightlifting_championships_2003_men_light-heavyweight,world_weightlifting_athlete_Valeriu_Calancea_ROU,1,gold,discipline=Weightlifting;event=World Weightlifting Championships Men Light heavyweight total;weight_class=Light heavyweight;games=2003 Vancouver;entry_country=ROU;source_url=https://en.wikipedia.org/wiki/List_of_World_Championships_medalists_in_weightlifting_(men),10.0
world_weightlifting_championships_2003_men_light-heavyweight,world_weightlifting_athlete_Yuan_Aijun_CHN,2,silver,discipline=Weightlifting;event=World Weightlifting Championships Men Light heavyweight total;weight_class=Light heavyweight;games=2003 Vancouver;entry_country=CHN;source_url=https://en.wikipedia.org/wiki/List_of_World_Championships_medalists_in_weightlifting_(men),7.0
world_weightlifting_championships_2003_men_light-heavyweight,world_weightlifting_athlete_Sergo_Chakhoyan_AUS,3,bronze,discipline=Weightlifting;event=World Weightlifting Championships Men Light heavyweight total;weight_class=Light heavyweight;games=2003 Vancouver;entry_country=AUS;source_url=https://en.wikipedia.org/wiki/List_of_World_Championships_medalists_in_weightlifting_(men),5.0
world_weightlifting_championships_2003_men_lightweight,world_weightlifting_athlete_Zhang_Guozheng_CHN,1,gold,discipline=Weightlifting;event=World Weightlifting Championships Men Lightweight total;weight_class=Lightweight;games=2003 Vancouver;entry_country=CHN;source_url=https://en.wikipedia.org/wiki/List_of_World_Championships_medalists_in_weightlifting_(men),10.0
world_weightlifting_championships_2003_men_lightweight,world_weightlifting_athlete_Lee_Bae-young_KOR,2,silver,discipline=Weightlifting;event=World Weightlifting Championships Men Lightweight total;weight_class=Lightweight;games=2003 Vancouver;entry_country=KOR;source_url=https://en.wikipedia.org/wiki/List_of_World_Championships_medalists_in_weightlifting_(men),7.0
world_weightlifting_championships_2003_men_lightweight,world_weightlifting_athlete_Turan_Mirzayev_AZE,3,bronze,discipline=Weightlifting;event=World Weightlifting Championships Men Lightweight total;weight_class=Lightweight;games=2003 Vancouver;entry_country=AZE;source_url=https://en.wikipedia.org/wiki/List_of_World_Championships_medalists_in_weightlifting_(men),5.0
world_weightlifting_championships_2003_men_middle-heavyweight,world_weightlifting_athlete_Milen_Dobrev_BUL,1,gold,discipline=Weightlifting;event=World Weightlifting Championships Men Middle heavyweight total;weight_class=Middle heavyweight;games=2003 Vancouver;entry_country=BUL;source_url=https://en.wikipedia.org/wiki/List_of_World_Championships_medalists_in_weightlifting_(men),10.0
world_weightlifting_championships_2003_men_middle-heavyweight,world_weightlifting_athlete_Hakan_Ylmaz_TUR,2,silver,discipline=Weightlifting;event=World Weightlifting Championships Men Middle heavyweight total;weight_class=Middle heavyweight;games=2003 Vancouver;entry_country=TUR;source_url=https://en.wikipedia.org/wiki/List_of_World_Championships_medalists_in_weightlifting_(men),7.0
world_weightlifting_championships_2003_men_middle-heavyweight,world_weightlifting_athlete_Vadim_Vacarciuc_MDA,3,bronze,discipline=Weightlifting;event=World Weightlifting Championships Men Middle heavyweight total;weight_class=Middle heavyweight;games=2003 Vancouver;entry_country=MDA;source_url=https://en.wikipedia.org/wiki/List_of_World_Championships_medalists_in_weightlifting_(men),5.0
world_weightlifting_championships_2003_men_middleweight,world_weightlifting_athlete_Mohammad_Ali_Falahatinejad_IRI,1,gold,discipline=Weightlifting;event=World Weightlifting Championships Men Middleweight total;weight_class=Middleweight;games=2003 Vancouver;entry_country=IRI;source_url=https://en.wikipedia.org/wiki/List_of_World_Championships_medalists_in_weightlifting_(men),10.0
world_weightlifting_championships_2003_men_middleweight,world_weightlifting_athlete_Reyhan_Arabacolu_TUR,2,silver,discipline=Weightlifting;event=World Weightlifting Championships Men Middleweight total;weight_class=Middleweight;games=2003 Vancouver;entry_country=TUR;source_url=https://en.wikipedia.org/wiki/List_of_World_Championships_medalists_in_weightlifting_(men),7.0
world_weightlifting_championships_2003_men_middleweight,world_weightlifting_athlete_Li_Hongli_CHN,3,bronze,discipline=Weightlifting;event=World Weightlifting Championships Men Middleweight total;weight_class=Middleweight;games=2003 Vancouver;entry_country=CHN;source_url=https://en.wikipedia.org/wiki/List_of_World_Championships_medalists_in_weightlifting_(men),5.0
world_weightlifting_championships_2003_men_super-heavyweight,world_weightlifting_athlete_Hossein_Rezazadeh_IRI,1,gold,discipline=Weightlifting;event=World Weightlifting Championships Men Super heavyweight total;weight_class=Super heavyweight;games=2003 Vancouver;entry_country=IRI;source_url=https://en.wikipedia.org/wiki/List_of_World_Championships_medalists_in_weightlifting_(men),10.0
world_weightlifting_championships_2003_men_super-heavyweight,world_weightlifting_athlete_Velichko_Cholakov_BUL,2,silver,discipline=Weightlifting;event=World Weightlifting Championships Men Super heavyweight total;weight_class=Super heavyweight;games=2003 Vancouver;entry_country=BUL;source_url=https://en.wikipedia.org/wiki/List_of_World_Championships_medalists_in_weightlifting_(men),7.0
world_weightlifting_championships_2003_men_super-heavyweight,world_weightlifting_athlete_Viktors_erbatihs_LAT,3,bronze,discipline=Weightlifting;event=World Weightlifting Championships Men Super heavyweight total;weight_class=Super heavyweight;games=2003 Vancouver;entry_country=LAT;source_url=https://en.wikipedia.org/wiki/List_of_World_Championships_medalists_in_weightlifting_(men),5.0
world_weightlifting_championships_2003_women_bantamweight,world_weightlifting_athlete_Wang_Mingjuan_CHN,1,gold,discipline=Weightlifting;event=World Weightlifting Championships Women Bantamweight total;weight_class=Bantamweight;games=2003 Vancouver;entry_country=CHN;source_url=https://en.wikipedia.org/wiki/List_of_World_Championships_medalists_in_weightlifting_(women),10.0
world_weightlifting_championships_2003_women_bantamweight,world_weightlifting_athlete_Aree_Wiratthaworn_THA,2,silver,discipline=Weightlifting;event=World Weightlifting Championships Women Bantamweight total;weight_class=Bantamweight;games=2003 Vancouver;entry_country=THA;source_url=https://en.wikipedia.org/wiki/List_of_World_Championships_medalists_in_weightlifting_(women),7.0
world_weightlifting_championships_2003_women_bantamweight,world_weightlifting_athlete_Nurcan_Taylan_TUR,3,bronze,discipline=Weightlifting;event=World Weightlifting Championships Women Bantamweight total;weight_class=Bantamweight;games=2003 Vancouver;entry_country=TUR;source_url=https://en.wikipedia.org/wiki/List_of_World_Championships_medalists_in_weightlifting_(women),5.0
world_weightlifting_championships_2003_women_featherweight,world_weightlifting_athlete_Udomporn_Polsak_THA,1,gold,discipline=Weightlifting;event=World Weightlifting Championships Women Featherweight total;weight_class=Featherweight;games=2003 Vancouver;entry_country=THA;source_url=https://en.wikipedia.org/wiki/List_of_World_Championships_medalists_in_weightlifting_(women),10.0
world_weightlifting_championships_2003_women_featherweight,world_weightlifting_athlete_Ri_Song-hui_PRK,2,silver,discipline=Weightlifting;event=World Weightlifting Championships Women Featherweight total;weight_class=Featherweight;games=2003 Vancouver;entry_country=PRK;source_url=https://en.wikipedia.org/wiki/List_of_World_Championships_medalists_in_weightlifting_(women),7.0
world_weightlifting_championships_2003_women_featherweight,world_weightlifting_athlete_Junpim_Kuntatean_THA,3,bronze,discipline=Weightlifting;event=World Weightlifting Championships Women Featherweight total;weight_class=Featherweight;games=2003 Vancouver;entry_country=THA;source_url=https://en.wikipedia.org/wiki/List_of_World_Championships_medalists_in_weightlifting_(women),5.0
world_weightlifting_championships_2003_women_light-heavyweight,world_weightlifting_athlete_Liu_Chunhong_CHN,1,gold,discipline=Weightlifting;event=World Weightlifting Championships Women Light heavyweight total;weight_class=Light heavyweight;games=2003 Vancouver;entry_country=CHN;source_url=https://en.wikipedia.org/wiki/List_of_World_Championships_medalists_in_weightlifting_(women),10.0
world_weightlifting_championships_2003_women_light-heavyweight,world_weightlifting_athlete_Eszter_Krutzler_HUN,2,silver,discipline=Weightlifting;event=World Weightlifting Championships Women Light heavyweight total;weight_class=Light heavyweight;games=2003 Vancouver;entry_country=HUN;source_url=https://en.wikipedia.org/wiki/List_of_World_Championships_medalists_in_weightlifting_(women),7.0
world_weightlifting_championships_2003_women_light-heavyweight,world_weightlifting_athlete_Valentina_Popova_RUS,3,bronze,discipline=Weightlifting;event=World Weightlifting Championships Women Light heavyweight total;weight_class=Light heavyweight;games=2003 Vancouver;entry_country=RUS;source_url=https://en.wikipedia.org/wiki/List_of_World_Championships_medalists_in_weightlifting_(women),5.0
world_weightlifting_championships_2003_women_lightweight,world_weightlifting_athlete_Sun_Caiyan_CHN,1,gold,discipline=Weightlifting;event=World Weightlifting Championships Women Lightweight total;weight_class=Lightweight;games=2003 Vancouver;entry_country=CHN;source_url=https://en.wikipedia.org/wiki/List_of_World_Championships_medalists_in_weightlifting_(women),10.0
world_weightlifting_championships_2003_women_lightweight,world_weightlifting_athlete_Patmawati_Abdul_Hamid_INA,2,silver,discipline=Weightlifting;event=World Weightlifting Championships Women Lightweight total;weight_class=Lightweight;games=2003 Vancouver;entry_country=INA;source_url=https://en.wikipedia.org/wiki/List_of_World_Championships_medalists_in_weightlifting_(women),7.0
world_weightlifting_championships_2003_women_lightweight,world_weightlifting_athlete_Aylin_Dadelen_TUR,3,bronze,discipline=Weightlifting;event=World Weightlifting Championships Women Lightweight total;weight_class=Lightweight;games=2003 Vancouver;entry_country=TUR;source_url=https://en.wikipedia.org/wiki/List_of_World_Championships_medalists_in_weightlifting_(women),5.0
world_weightlifting_championships_2003_women_middle-heavyweight,world_weightlifting_athlete_Nahla_Ramadan_EGY,1,gold,discipline=Weightlifting;event=World Weightlifting Championships Women Middle heavyweight total;weight_class=Middle heavyweight;games=2003 Vancouver;entry_country=EGY;source_url=https://en.wikipedia.org/wiki/List_of_World_Championships_medalists_in_weightlifting_(women),10.0
world_weightlifting_championships_2003_women_middle-heavyweight,world_weightlifting_athlete_Slaveyka_Ruzhinska_BUL,2,silver,discipline=Weightlifting;event=World Weightlifting Championships Women Middle heavyweight total;weight_class=Middle heavyweight;games=2003 Vancouver;entry_country=BUL;source_url=https://en.wikipedia.org/wiki/List_of_World_Championships_medalists_in_weightlifting_(women),7.0
world_weightlifting_championships_2003_women_middle-heavyweight,world_weightlifting_athlete_ule_ahbaz_TUR,3,bronze,discipline=Weightlifting;event=World Weightlifting Championships Women Middle heavyweight total;weight_class=Middle heavyweight;games=2003 Vancouver;entry_country=TUR;source_url=https://en.wikipedia.org/wiki/List_of_World_Championships_medalists_in_weightlifting_(women),5.0
world_weightlifting_championships_2003_women_middleweight,world_weightlifting_athlete_Nataliya_Skakun_UKR,1,gold,discipline=Weightlifting;event=World Weightlifting Championships Women Middleweight total;weight_class=Middleweight;games=2003 Vancouver;entry_country=UKR;source_url=https://en.wikipedia.org/wiki/List_of_World_Championships_medalists_in_weightlifting_(women),10.0
world_weightlifting_championships_2003_women_middleweight,world_weightlifting_athlete_Liu_Xia_CHN,2,silver,discipline=Weightlifting;event=World Weightlifting Championships Women Middleweight total;weight_class=Middleweight;games=2003 Vancouver;entry_country=CHN;source_url=https://en.wikipedia.org/wiki/List_of_World_Championships_medalists_in_weightlifting_(women),7.0
world_weightlifting_championships_2003_women_middleweight,world_weightlifting_athlete_Hanna_Batsiushka_BLR,3,bronze,discipline=Weightlifting;event=World Weightlifting Championships Women Middleweight total;weight_class=Middleweight;games=2003 Vancouver;entry_country=BLR;source_url=https://en.wikipedia.org/wiki/List_of_World_Championships_medalists_in_weightlifting_(women),5.0
world_weightlifting_championships_2003_women_super-heavyweight,world_weightlifting_athlete_Ding_Meiyuan_CHN,1,gold,discipline=Weightlifting;event=World Weightlifting Championships Women Super heavyweight total;weight_class=Super heavyweight;games=2003 Vancouver;entry_country=CHN;source_url=https://en.wikipedia.org/wiki/List_of_World_Championships_medalists_in_weightlifting_(women),10.0
world_weightlifting_championships_2003_women_super-heavyweight,world_weightlifting_athlete_Albina_Khomich_RUS,2,silver,discipline=Weightlifting;event=World Weightlifting Championships Women Super heavyweight total;weight_class=Super heavyweight;games=2003 Vancouver;entry_country=RUS;source_url=https://en.wikipedia.org/wiki/List_of_World_Championships_medalists_in_weightlifting_(women),7.0
world_weightlifting_championships_2003_women_super-heavyweight,world_weightlifting_athlete_Olha_Korobka_UKR,3,bronze,discipline=Weightlifting;event=World Weightlifting Championships Women Super heavyweight total;weight_class=Super heavyweight;games=2003 Vancouver;entry_country=UKR;source_url=https://en.wikipedia.org/wiki/List_of_World_Championships_medalists_in_weightlifting_(women),5.0
world_weightlifting_championships_2005_men_bantamweight,world_weightlifting_athlete_Wang_Shin-yuan_TPE,1,gold,discipline=Weightlifting;event=World Weightlifting Championships Men Bantamweight total;weight_class=Bantamweight;games=2005 Doha;entry_country=TPE;source_url=https://en.wikipedia.org/wiki/List_of_World_Championships_medalists_in_weightlifting_(men),10.0
world_weightlifting_championships_2005_men_bantamweight,world_weightlifting_athlete_Lee_Jong-hoon_KOR,2,silver,discipline=Weightlifting;event=World Weightlifting Championships Men Bantamweight total;weight_class=Bantamweight;games=2005 Doha;entry_country=KOR;source_url=https://en.wikipedia.org/wiki/List_of_World_Championships_medalists_in_weightlifting_(men),7.0
world_weightlifting_championships_2005_men_bantamweight,world_weightlifting_athlete_Hoàng_Anh_Tun_VIE,3,bronze,discipline=Weightlifting;event=World Weightlifting Championships Men Bantamweight total;weight_class=Bantamweight;games=2005 Doha;entry_country=VIE;source_url=https://en.wikipedia.org/wiki/List_of_World_Championships_medalists_in_weightlifting_(men),5.0
world_weightlifting_championships_2005_men_featherweight,world_weightlifting_athlete_Qiu_Le_CHN,1,gold,discipline=Weightlifting;event=World Weightlifting Championships Men Featherweight total;weight_class=Featherweight;games=2005 Doha;entry_country=CHN;source_url=https://en.wikipedia.org/wiki/List_of_World_Championships_medalists_in_weightlifting_(men),10.0
world_weightlifting_championships_2005_men_featherweight,world_weightlifting_athlete_Zhang_Ping_CHN,2,silver,discipline=Weightlifting;event=World Weightlifting Championships Men Featherweight total;weight_class=Featherweight;games=2005 Doha;entry_country=CHN;source_url=https://en.wikipedia.org/wiki/List_of_World_Championships_medalists_in_weightlifting_(men),7.0
world_weightlifting_championships_2005_men_featherweight,world_weightlifting_athlete_Adrian_Jigu_ROU,3,bronze,discipline=Weightlifting;event=World Weightlifting Championships Men Featherweight total;weight_class=Featherweight;games=2005 Doha;entry_country=ROU;source_url=https://en.wikipedia.org/wiki/List_of_World_Championships_medalists_in_weightlifting_(men),5.0
world_weightlifting_championships_2005_men_heavyweight,world_weightlifting_athlete_Dmitry_Klokov_RUS,1,gold,discipline=Weightlifting;event=World Weightlifting Championships Men Heavyweight total;weight_class=Heavyweight;games=2005 Doha;entry_country=RUS;source_url=https://en.wikipedia.org/wiki/List_of_World_Championships_medalists_in_weightlifting_(men),10.0
world_weightlifting_championships_2005_men_heavyweight,world_weightlifting_athlete_Alexandru_Bratan_MDA,2,silver,discipline=Weightlifting;event=World Weightlifting Championships Men Heavyweight total;weight_class=Heavyweight;games=2005 Doha;entry_country=MDA;source_url=https://en.wikipedia.org/wiki/List_of_World_Championships_medalists_in_weightlifting_(men),7.0
world_weightlifting_championships_2005_men_heavyweight,world_weightlifting_athlete_Martin_Teovi_SVK,3,bronze,discipline=Weightlifting;event=World Weightlifting Championships Men Heavyweight total;weight_class=Heavyweight;games=2005 Doha;entry_country=SVK;source_url=https://en.wikipedia.org/wiki/List_of_World_Championships_medalists_in_weightlifting_(men),5.0
world_weightlifting_championships_2005_men_light-heavyweight,world_weightlifting_athlete_Ilya_Ilyin_KAZ,1,gold,discipline=Weightlifting;event=World Weightlifting Championships Men Light heavyweight total;weight_class=Light heavyweight;games=2005 Doha;entry_country=KAZ;source_url=https://en.wikipedia.org/wiki/List_of_World_Championships_medalists_in_weightlifting_(men),10.0
world_weightlifting_championships_2005_men_light-heavyweight,world_weightlifting_athlete_Lu_Yong_CHN,2,silver,discipline=Weightlifting;event=World Weightlifting Championships Men Light heavyweight total;weight_class=Light heavyweight;games=2005 Doha;entry_country=CHN;source_url=https://en.wikipedia.org/wiki/List_of_World_Championships_medalists_in_weightlifting_(men),7.0
world_weightlifting_championships_2005_men_light-heavyweight,world_weightlifting_athlete_Aslanbek_Ediev_RUS,3,bronze,discipline=Weightlifting;event=World Weightlifting Championships Men Light heavyweight total;weight_class=Light heavyweight;games=2005 Doha;entry_country=RUS;source_url=https://en.wikipedia.org/wiki/List_of_World_Championships_medalists_in_weightlifting_(men),5.0
world_weightlifting_championships_2005_men_lightweight,world_weightlifting_athlete_Shi_Zhiyong_CHN,1,gold,discipline=Weightlifting;event=World Weightlifting Championships Men Lightweight total;weight_class=Lightweight;games=2005 Doha;entry_country=CHN;source_url=https://en.wikipedia.org/wiki/List_of_World_Championships_medalists_in_weightlifting_(men),10.0
world_weightlifting_championships_2005_men_lightweight,world_weightlifting_athlete_Lee_Bae-young_KOR,2,silver,discipline=Weightlifting;event=World Weightlifting Championships Men Lightweight total;weight_class=Lightweight;games=2005 Doha;entry_country=KOR;source_url=https://en.wikipedia.org/wiki/List_of_World_Championships_medalists_in_weightlifting_(men),7.0
world_weightlifting_championships_2005_men_lightweight,world_weightlifting_athlete_Vencelas_Dabaya_FRA,3,bronze,discipline=Weightlifting;event=World Weightlifting Championships Men Lightweight total;weight_class=Lightweight;games=2005 Doha;entry_country=FRA;source_url=https://en.wikipedia.org/wiki/List_of_World_Championships_medalists_in_weightlifting_(men),5.0
world_weightlifting_championships_2005_men_middle-heavyweight,world_weightlifting_athlete_Nizami_Pashayev_AZE,1,gold,discipline=Weightlifting;event=World Weightlifting Championships Men Middle heavyweight total;weight_class=Middle heavyweight;games=2005 Doha;entry_country=AZE;source_url=https://en.wikipedia.org/wiki/List_of_World_Championships_medalists_in_weightlifting_(men),10.0
world_weightlifting_championships_2005_men_middle-heavyweight,world_weightlifting_athlete_Mukhamat_Sozaev_RUS,2,silver,discipline=Weightlifting;event=World Weightlifting Championships Men Middle heavyweight total;weight_class=Middle heavyweight;games=2005 Doha;entry_country=RUS;source_url=https://en.wikipedia.org/wiki/List_of_World_Championships_medalists_in_weightlifting_(men),7.0
world_weightlifting_championships_2005_men_middle-heavyweight,world_weightlifting_athlete_Milen_Dobrev_BUL,3,bronze,discipline=Weightlifting;event=World Weightlifting Championships Men Middle heavyweight total;weight_class=Middle heavyweight;games=2005 Doha;entry_country=BUL;source_url=https://en.wikipedia.org/wiki/List_of_World_Championships_medalists_in_weightlifting_(men),5.0
world_weightlifting_championships_2005_men_middleweight,world_weightlifting_athlete_Li_Hongli_CHN,1,gold,discipline=Weightlifting;event=World Weightlifting Championships Men Middleweight total;weight_class=Middleweight;games=2005 Doha;entry_country=CHN;source_url=https://en.wikipedia.org/wiki/List_of_World_Championships_medalists_in_weightlifting_(men),10.0
world_weightlifting_championships_2005_men_middleweight,world_weightlifting_athlete_Sebastian_Dogariu_ROU,2,silver,discipline=Weightlifting;event=World Weightlifting Championships Men Middleweight total;weight_class=Middleweight;games=2005 Doha;entry_country=ROU;source_url=https://en.wikipedia.org/wiki/List_of_World_Championships_medalists_in_weightlifting_(men),7.0
world_weightlifting_championships_2005_men_middleweight,world_weightlifting_athlete_Nader_Sufyan_Abbas_QAT,3,bronze,discipline=Weightlifting;event=World Weightlifting Championships Men Middleweight total;weight_class=Middleweight;games=2005 Doha;entry_country=QAT;source_url=https://en.wikipedia.org/wiki/List_of_World_Championships_medalists_in_weightlifting_(men),5.0
world_weightlifting_championships_2005_men_super-heavyweight,world_weightlifting_athlete_Hossein_Rezazadeh_IRI,1,gold,discipline=Weightlifting;event=World Weightlifting Championships Men Super heavyweight total;weight_class=Super heavyweight;games=2005 Doha;entry_country=IRI;source_url=https://en.wikipedia.org/wiki/List_of_World_Championships_medalists_in_weightlifting_(men),10.0
world_weightlifting_championships_2005_men_super-heavyweight,world_weightlifting_athlete_Evgeny_Chigishev_RUS,2,silver,discipline=Weightlifting;event=World Weightlifting Championships Men Super heavyweight total;weight_class=Super heavyweight;games=2005 Doha;entry_country=RUS;source_url=https://en.wikipedia.org/wiki/List_of_World_Championships_medalists_in_weightlifting_(men),7.0
world_weightlifting_championships_2005_men_super-heavyweight,world_weightlifting_athlete_Jaber_Saeed_Salem_QAT,3,bronze,discipline=Weightlifting;event=World Weightlifting Championships Men Super heavyweight total;weight_class=Super heavyweight;games=2005 Doha;entry_country=QAT;source_url=https://en.wikipedia.org/wiki/List_of_World_Championships_medalists_in_weightlifting_(men),5.0
world_weightlifting_championships_2005_women_bantamweight,world_weightlifting_athlete_Wang_Mingjuan_CHN,1,gold,discipline=Weightlifting;event=World Weightlifting Championships Women Bantamweight total;weight_class=Bantamweight;games=2005 Doha;entry_country=CHN;source_url=https://en.wikipedia.org/wiki/List_of_World_Championships_medalists_in_weightlifting_(women),10.0
world_weightlifting_championships_2005_women_bantamweight,world_weightlifting_athlete_Pensiri_Saelaw_THA,2,silver,discipline=Weightlifting;event=World Weightlifting Championships Women Bantamweight total;weight_class=Bantamweight;games=2005 Doha;entry_country=THA;source_url=https://en.wikipedia.org/wiki/List_of_World_Championships_medalists_in_weightlifting_(women),7.0
world_weightlifting_championships_2005_women_bantamweight,world_weightlifting_athlete_Aree_Wiratthaworn_THA,3,bronze,discipline=Weightlifting;event=World Weightlifting Championships Women Bantamweight total;weight_class=Bantamweight;games=2005 Doha;entry_country=THA;source_url=https://en.wikipedia.org/wiki/List_of_World_Championships_medalists_in_weightlifting_(women),5.0
world_weightlifting_championships_2005_women_featherweight,world_weightlifting_athlete_Li_Ping_CHN,1,gold,discipline=Weightlifting;event=World Weightlifting Championships Women Featherweight total;weight_class=Featherweight;games=2005 Doha;entry_country=CHN;source_url=https://en.wikipedia.org/wiki/List_of_World_Championships_medalists_in_weightlifting_(women),10.0
world_weightlifting_championships_2005_women_featherweight,world_weightlifting_athlete_Junpim_Kuntatean_THA,2,silver,discipline=Weightlifting;event=World Weightlifting Championships Women Featherweight total;weight_class=Featherweight;games=2005 Doha;entry_country=THA;source_url=https://en.wikipedia.org/wiki/List_of_World_Championships_medalists_in_weightlifting_(women),7.0
world_weightlifting_championships_2005_women_featherweight,world_weightlifting_athlete_Yuderqui_Contreras_DOM,3,bronze,discipline=Weightlifting;event=World Weightlifting Championships Women Featherweight total;weight_class=Featherweight;games=2005 Doha;entry_country=DOM;source_url=https://en.wikipedia.org/wiki/List_of_World_Championships_medalists_in_weightlifting_(women),5.0
world_weightlifting_championships_2005_women_light-heavyweight,world_weightlifting_athlete_Zarema_Kasaeva_RUS,1,gold,discipline=Weightlifting;event=World Weightlifting Championships Women Light heavyweight total;weight_class=Light heavyweight;games=2005 Doha;entry_country=RUS;source_url=https://en.wikipedia.org/wiki/List_of_World_Championships_medalists_in_weightlifting_(women),10.0
world_weightlifting_championships_2005_women_light-heavyweight,world_weightlifting_athlete_Liu_Haixia_CHN,2,silver,discipline=Weightlifting;event=World Weightlifting Championships Women Light heavyweight total;weight_class=Light heavyweight;games=2005 Doha;entry_country=CHN;source_url=https://en.wikipedia.org/wiki/List_of_World_Championships_medalists_in_weightlifting_(women),7.0
world_weightlifting_championships_2005_women_light-heavyweight,world_weightlifting_athlete_Olga_Kiseleva_RUS,3,bronze,discipline=Weightlifting;event=World Weightlifting Championships Women Light heavyweight total;weight_class=Light heavyweight;games=2005 Doha;entry_country=RUS;source_url=https://en.wikipedia.org/wiki/List_of_World_Championships_medalists_in_weightlifting_(women),5.0
world_weightlifting_championships_2005_women_lightweight,world_weightlifting_athlete_Gu_Wei_CHN,1,gold,discipline=Weightlifting;event=World Weightlifting Championships Women Lightweight total;weight_class=Lightweight;games=2005 Doha;entry_country=CHN;source_url=https://en.wikipedia.org/wiki/List_of_World_Championships_medalists_in_weightlifting_(women),10.0
world_weightlifting_championships_2005_women_lightweight,world_weightlifting_athlete_Wandee_Kameaim_THA,2,silver,discipline=Weightlifting;event=World Weightlifting Championships Women Lightweight total;weight_class=Lightweight;games=2005 Doha;entry_country=THA;source_url=https://en.wikipedia.org/wiki/List_of_World_Championships_medalists_in_weightlifting_(women),7.0
world_weightlifting_championships_2005_women_lightweight,world_weightlifting_athlete_Marina_Shainova_RUS,3,bronze,discipline=Weightlifting;event=World Weightlifting Championships Women Lightweight total;weight_class=Lightweight;games=2005 Doha;entry_country=RUS;source_url=https://en.wikipedia.org/wiki/List_of_World_Championships_medalists_in_weightlifting_(women),5.0
world_weightlifting_championships_2005_women_middle-heavyweight,world_weightlifting_athlete_Liu_Chunhong_CHN,1,gold,discipline=Weightlifting;event=World Weightlifting Championships Women Middle heavyweight total;weight_class=Middle heavyweight;games=2005 Doha;entry_country=CHN;source_url=https://en.wikipedia.org/wiki/List_of_World_Championships_medalists_in_weightlifting_(women),10.0
world_weightlifting_championships_2005_women_middle-heavyweight,world_weightlifting_athlete_Natalya_Zabolotnaya_RUS,2,silver,discipline=Weightlifting;event=World Weightlifting Championships Women Middle heavyweight total;weight_class=Middle heavyweight;games=2005 Doha;entry_country=RUS;source_url=https://en.wikipedia.org/wiki/List_of_World_Championships_medalists_in_weightlifting_(women),7.0
world_weightlifting_championships_2005_women_middle-heavyweight,world_weightlifting_athlete_Svetlana_Podobedova_RUS,3,bronze,discipline=Weightlifting;event=World Weightlifting Championships Women Middle heavyweight total;weight_class=Middle heavyweight;games=2005 Doha;entry_country=RUS;source_url=https://en.wikipedia.org/wiki/List_of_World_Championships_medalists_in_weightlifting_(women),5.0
world_weightlifting_championships_2005_women_middleweight,world_weightlifting_athlete_Pawina_Thongsuk_THA,1,gold,discipline=Weightlifting;event=World Weightlifting Championships Women Middleweight total;weight_class=Middleweight;games=2005 Doha;entry_country=THA;source_url=https://en.wikipedia.org/wiki/List_of_World_Championships_medalists_in_weightlifting_(women),10.0
world_weightlifting_championships_2005_women_middleweight,world_weightlifting_athlete_Svetlana_Shimkova_RUS,2,silver,discipline=Weightlifting;event=World Weightlifting Championships Women Middleweight total;weight_class=Middleweight;games=2005 Doha;entry_country=RUS;source_url=https://en.wikipedia.org/wiki/List_of_World_Championships_medalists_in_weightlifting_(women),7.0
world_weightlifting_championships_2005_women_middleweight,world_weightlifting_athlete_Liu_Xia_CHN,3,bronze,discipline=Weightlifting;event=World Weightlifting Championships Women Middleweight total;weight_class=Middleweight;games=2005 Doha;entry_country=CHN;source_url=https://en.wikipedia.org/wiki/List_of_World_Championships_medalists_in_weightlifting_(women),5.0
world_weightlifting_championships_2005_women_super-heavyweight,world_weightlifting_athlete_Jang_Mi-ran_KOR,1,gold,discipline=Weightlifting;event=World Weightlifting Championships Women Super heavyweight total;weight_class=Super heavyweight;games=2005 Doha;entry_country=KOR;source_url=https://en.wikipedia.org/wiki/List_of_World_Championships_medalists_in_weightlifting_(women),10.0
world_weightlifting_championships_2005_women_super-heavyweight,world_weightlifting_athlete_Mu_Shuangshuang_CHN,2,silver,discipline=Weightlifting;event=World Weightlifting Championships Women Super heavyweight total;weight_class=Super heavyweight;games=2005 Doha;entry_country=CHN;source_url=https://en.wikipedia.org/wiki/List_of_World_Championships_medalists_in_weightlifting_(women),7.0
world_weightlifting_championships_2005_women_super-heavyweight,world_weightlifting_athlete_Cheryl_Haworth_USA,3,bronze,discipline=Weightlifting;event=World Weightlifting Championships Women Super heavyweight total;weight_class=Super heavyweight;games=2005 Doha;entry_country=USA;source_url=https://en.wikipedia.org/wiki/List_of_World_Championships_medalists_in_weightlifting_(women),5.0
world_weightlifting_championships_2006_men_bantamweight,world_weightlifting_athlete_Li_Zheng_CHN,1,gold,discipline=Weightlifting;event=World Weightlifting Championships Men Bantamweight total;weight_class=Bantamweight;games=2006 Santo Domingo;entry_country=CHN;source_url=https://en.wikipedia.org/wiki/List_of_World_Championships_medalists_in_weightlifting_(men),10.0
world_weightlifting_championships_2006_men_bantamweight,world_weightlifting_athlete_Sergio_Álvarez_CUB,2,silver,discipline=Weightlifting;event=World Weightlifting Championships Men Bantamweight total;weight_class=Bantamweight;games=2006 Santo Domingo;entry_country=CUB;source_url=https://en.wikipedia.org/wiki/List_of_World_Championships_medalists_in_weightlifting_(men),7.0
world_weightlifting_championships_2006_men_bantamweight,world_weightlifting_athlete_Hoàng_Anh_Tun_VIE,3,bronze,discipline=Weightlifting;event=World Weightlifting Championships Men Bantamweight total;weight_class=Bantamweight;games=2006 Santo Domingo;entry_country=VIE;source_url=https://en.wikipedia.org/wiki/List_of_World_Championships_medalists_in_weightlifting_(men),5.0
world_weightlifting_championships_2006_men_featherweight,world_weightlifting_athlete_Qiu_Le_CHN,1,gold,discipline=Weightlifting;event=World Weightlifting Championships Men Featherweight total;weight_class=Featherweight;games=2006 Santo Domingo;entry_country=CHN;source_url=https://en.wikipedia.org/wiki/List_of_World_Championships_medalists_in_weightlifting_(men),10.0
world_weightlifting_championships_2006_men_featherweight,world_weightlifting_athlete_Óscar_Figueroa_COL,2,silver,discipline=Weightlifting;event=World Weightlifting Championships Men Featherweight total;weight_class=Featherweight;games=2006 Santo Domingo;entry_country=COL;source_url=https://en.wikipedia.org/wiki/List_of_World_Championships_medalists_in_weightlifting_(men),7.0
world_weightlifting_championships_2006_men_featherweight,world_weightlifting_athlete_Diego_Salazar_COL,3,bronze,discipline=Weightlifting;event=World Weightlifting Championships Men Featherweight total;weight_class=Featherweight;games=2006 Santo Domingo;entry_country=COL;source_url=https://en.wikipedia.org/wiki/List_of_World_Championships_medalists_in_weightlifting_(men),5.0
world_weightlifting_championships_2006_men_heavyweight,world_weightlifting_athlete_Marcin_Doga_POL,1,gold,discipline=Weightlifting;event=World Weightlifting Championships Men Heavyweight total;weight_class=Heavyweight;games=2006 Santo Domingo;entry_country=POL;source_url=https://en.wikipedia.org/wiki/List_of_World_Championships_medalists_in_weightlifting_(men),10.0
world_weightlifting_championships_2006_men_heavyweight,world_weightlifting_athlete_Dmitry_Lapikov_RUS,2,silver,discipline=Weightlifting;event=World Weightlifting Championships Men Heavyweight total;weight_class=Heavyweight;games=2006 Santo Domingo;entry_country=RUS;source_url=https://en.wikipedia.org/wiki/List_of_World_Championships_medalists_in_weightlifting_(men),7.0
world_weightlifting_championships_2006_men_heavyweight,world_weightlifting_athlete_Dmitry_Klokov_RUS,3,bronze,discipline=Weightlifting;event=World Weightlifting Championships Men Heavyweight total;weight_class=Heavyweight;games=2006 Santo Domingo;entry_country=RUS;source_url=https://en.wikipedia.org/wiki/List_of_World_Championships_medalists_in_weightlifting_(men),5.0
world_weightlifting_championships_2006_men_light-heavyweight,world_weightlifting_athlete_Andrei_Rybakou_BLR,1,gold,discipline=Weightlifting;event=World Weightlifting Championships Men Light heavyweight total;weight_class=Light heavyweight;games=2006 Santo Domingo;entry_country=BLR;source_url=https://en.wikipedia.org/wiki/List_of_World_Championships_medalists_in_weightlifting_(men),10.0
world_weightlifting_championships_2006_men_light-heavyweight,world_weightlifting_athlete_Aslanbek_Ediev_RUS,2,silver,discipline=Weightlifting;event=World Weightlifting Championships Men Light heavyweight total;weight_class=Light heavyweight;games=2006 Santo Domingo;entry_country=RUS;source_url=https://en.wikipedia.org/wiki/List_of_World_Championships_medalists_in_weightlifting_(men),7.0
world_weightlifting_championships_2006_men_light-heavyweight,world_weightlifting_athlete_Tigran_Martirosyan_ARM,3,bronze,discipline=Weightlifting;event=World Weightlifting Championships Men Light heavyweight total;weight_class=Light heavyweight;games=2006 Santo Domingo;entry_country=ARM;source_url=https://en.wikipedia.org/wiki/List_of_World_Championships_medalists_in_weightlifting_(men),5.0
world_weightlifting_championships_2006_men_lightweight,world_weightlifting_athlete_Vencelas_Dabaya_FRA,1,gold,discipline=Weightlifting;event=World Weightlifting Championships Men Lightweight total;weight_class=Lightweight;games=2006 Santo Domingo;entry_country=FRA;source_url=https://en.wikipedia.org/wiki/List_of_World_Championships_medalists_in_weightlifting_(men),10.0
world_weightlifting_championships_2006_men_lightweight,world_weightlifting_athlete_Shi_Zhiyong_CHN,2,silver,discipline=Weightlifting;event=World Weightlifting Championships Men Lightweight total;weight_class=Lightweight;games=2006 Santo Domingo;entry_country=CHN;source_url=https://en.wikipedia.org/wiki/List_of_World_Championships_medalists_in_weightlifting_(men),7.0
world_weightlifting_championships_2006_men_lightweight,world_weightlifting_athlete_Demir_Demirev_BUL,3,bronze,discipline=Weightlifting;event=World Weightlifting Championships Men Lightweight total;weight_class=Lightweight;games=2006 Santo Domingo;entry_country=BUL;source_url=https://en.wikipedia.org/wiki/List_of_World_Championships_medalists_in_weightlifting_(men),5.0
world_weightlifting_championships_2006_men_middle-heavyweight,world_weightlifting_athlete_Ilya_Ilyin_KAZ,1,gold,discipline=Weightlifting;event=World Weightlifting Championships Men Middle heavyweight total;weight_class=Middle heavyweight;games=2006 Santo Domingo;entry_country=KAZ;source_url=https://en.wikipedia.org/wiki/List_of_World_Championships_medalists_in_weightlifting_(men),10.0
world_weightlifting_championships_2006_men_middle-heavyweight,world_weightlifting_athlete_Szymon_Koecki_POL,2,silver,discipline=Weightlifting;event=World Weightlifting Championships Men Middle heavyweight total;weight_class=Middle heavyweight;games=2006 Santo Domingo;entry_country=POL;source_url=https://en.wikipedia.org/wiki/List_of_World_Championships_medalists_in_weightlifting_(men),7.0
world_weightlifting_championships_2006_men_middle-heavyweight,world_weightlifting_athlete_Roman_Konstantinov_RUS,3,bronze,discipline=Weightlifting;event=World Weightlifting Championships Men Middle heavyweight total;weight_class=Middle heavyweight;games=2006 Santo Domingo;entry_country=RUS;source_url=https://en.wikipedia.org/wiki/List_of_World_Championships_medalists_in_weightlifting_(men),5.0
world_weightlifting_championships_2006_men_middleweight,world_weightlifting_athlete_Taner_Sar_TUR,1,gold,discipline=Weightlifting;event=World Weightlifting Championships Men Middleweight total;weight_class=Middleweight;games=2006 Santo Domingo;entry_country=TUR;source_url=https://en.wikipedia.org/wiki/List_of_World_Championships_medalists_in_weightlifting_(men),10.0
world_weightlifting_championships_2006_men_middleweight,world_weightlifting_athlete_Li_Hongli_CHN,2,silver,discipline=Weightlifting;event=World Weightlifting Championships Men Middleweight total;weight_class=Middleweight;games=2006 Santo Domingo;entry_country=CHN;source_url=https://en.wikipedia.org/wiki/List_of_World_Championships_medalists_in_weightlifting_(men),7.0
world_weightlifting_championships_2006_men_middleweight,world_weightlifting_athlete_Ara_Khachatryan_ARM,3,bronze,discipline=Weightlifting;event=World Weightlifting Championships Men Middleweight total;weight_class=Middleweight;games=2006 Santo Domingo;entry_country=ARM;source_url=https://en.wikipedia.org/wiki/List_of_World_Championships_medalists_in_weightlifting_(men),5.0
world_weightlifting_championships_2006_men_super-heavyweight,world_weightlifting_athlete_Hossein_Rezazadeh_IRI,1,gold,discipline=Weightlifting;event=World Weightlifting Championships Men Super heavyweight total;weight_class=Super heavyweight;games=2006 Santo Domingo;entry_country=IRI;source_url=https://en.wikipedia.org/wiki/List_of_World_Championships_medalists_in_weightlifting_(men),10.0
world_weightlifting_championships_2006_men_super-heavyweight,world_weightlifting_athlete_Artem_Udachyn_UKR,2,silver,discipline=Weightlifting;event=World Weightlifting Championships Men Super heavyweight total;weight_class=Super heavyweight;games=2006 Santo Domingo;entry_country=UKR;source_url=https://en.wikipedia.org/wiki/List_of_World_Championships_medalists_in_weightlifting_(men),7.0
world_weightlifting_championships_2006_men_super-heavyweight,world_weightlifting_athlete_Dong_Feng_CHN,3,bronze,discipline=Weightlifting;event=World Weightlifting Championships Men Super heavyweight total;weight_class=Super heavyweight;games=2006 Santo Domingo;entry_country=CHN;source_url=https://en.wikipedia.org/wiki/List_of_World_Championships_medalists_in_weightlifting_(men),5.0
world_weightlifting_championships_2006_women_bantamweight,world_weightlifting_athlete_Yang_Lian_CHN,1,gold,discipline=Weightlifting;event=World Weightlifting Championships Women Bantamweight total;weight_class=Bantamweight;games=2006 Santo Domingo;entry_country=CHN;source_url=https://en.wikipedia.org/wiki/List_of_World_Championships_medalists_in_weightlifting_(women),10.0
world_weightlifting_championships_2006_women_bantamweight,world_weightlifting_athlete_Aree_Wiratthaworn_THA,2,silver,discipline=Weightlifting;event=World Weightlifting Championships Women Bantamweight total;weight_class=Bantamweight;games=2006 Santo Domingo;entry_country=THA;source_url=https://en.wikipedia.org/wiki/List_of_World_Championships_medalists_in_weightlifting_(women),7.0
world_weightlifting_championships_2006_women_bantamweight,world_weightlifting_athlete_Hiromi_Miyake_JPN,3,bronze,discipline=Weightlifting;event=World Weightlifting Championships Women Bantamweight total;weight_class=Bantamweight;games=2006 Santo Domingo;entry_country=JPN;source_url=https://en.wikipedia.org/wiki/List_of_World_Championships_medalists_in_weightlifting_(women),5.0
world_weightlifting_championships_2006_women_featherweight,world_weightlifting_athlete_Qiu_Hongxia_CHN,1,gold,discipline=Weightlifting;event=World Weightlifting Championships Women Featherweight total;weight_class=Featherweight;games=2006 Santo Domingo;entry_country=CHN;source_url=https://en.wikipedia.org/wiki/List_of_World_Championships_medalists_in_weightlifting_(women),10.0
world_weightlifting_championships_2006_women_featherweight,world_weightlifting_athlete_Raema_Lisa_Rumbewas_INA,2,silver,discipline=Weightlifting;event=World Weightlifting Championships Women Featherweight total;weight_class=Featherweight;games=2006 Santo Domingo;entry_country=INA;source_url=https://en.wikipedia.org/wiki/List_of_World_Championships_medalists_in_weightlifting_(women),7.0
world_weightlifting_championships_2006_women_featherweight,world_weightlifting_athlete_Suda_Chaleephay_THA,3,bronze,discipline=Weightlifting;event=World Weightlifting Championships Women Featherweight total;weight_class=Featherweight;games=2006 Santo Domingo;entry_country=THA;source_url=https://en.wikipedia.org/wiki/List_of_World_Championships_medalists_in_weightlifting_(women),5.0
world_weightlifting_championships_2006_women_light-heavyweight,world_weightlifting_athlete_Oxana_Slivenko_RUS,1,gold,discipline=Weightlifting;event=World Weightlifting Championships Women Light heavyweight total;weight_class=Light heavyweight;games=2006 Santo Domingo;entry_country=RUS;source_url=https://en.wikipedia.org/wiki/List_of_World_Championships_medalists_in_weightlifting_(women),10.0
world_weightlifting_championships_2006_women_light-heavyweight,world_weightlifting_athlete_Tatiana_Matveeva_RUS,2,silver,discipline=Weightlifting;event=World Weightlifting Championships Women Light heavyweight total;weight_class=Light heavyweight;games=2006 Santo Domingo;entry_country=RUS;source_url=https://en.wikipedia.org/wiki/List_of_World_Championships_medalists_in_weightlifting_(women),7.0
world_weightlifting_championships_2006_women_light-heavyweight,world_weightlifting_athlete_Jeane_Lassen_CAN,3,bronze,discipline=Weightlifting;event=World Weightlifting Championships Women Light heavyweight total;weight_class=Light heavyweight;games=2006 Santo Domingo;entry_country=CAN;source_url=https://en.wikipedia.org/wiki/List_of_World_Championships_medalists_in_weightlifting_(women),5.0
world_weightlifting_championships_2006_women_lightweight,world_weightlifting_athlete_Qiu_Hongmei_CHN,1,gold,discipline=Weightlifting;event=World Weightlifting Championships Women Lightweight total;weight_class=Lightweight;games=2006 Santo Domingo;entry_country=CHN;source_url=https://en.wikipedia.org/wiki/List_of_World_Championships_medalists_in_weightlifting_(women),10.0
world_weightlifting_championships_2006_women_lightweight,world_weightlifting_athlete_Svetlana_Tsarukaeva_RUS,2,silver,discipline=Weightlifting;event=World Weightlifting Championships Women Lightweight total;weight_class=Lightweight;games=2006 Santo Domingo;entry_country=RUS;source_url=https://en.wikipedia.org/wiki/List_of_World_Championships_medalists_in_weightlifting_(women),7.0
world_weightlifting_championships_2006_women_lightweight,world_weightlifting_athlete_Wandee_Kameaim_THA,3,bronze,discipline=Weightlifting;event=World Weightlifting Championships Women Lightweight total;weight_class=Lightweight;games=2006 Santo Domingo;entry_country=THA;source_url=https://en.wikipedia.org/wiki/List_of_World_Championships_medalists_in_weightlifting_(women),5.0
world_weightlifting_championships_2006_women_middle-heavyweight,world_weightlifting_athlete_Cao_Lei_CHN,1,gold,discipline=Weightlifting;event=World Weightlifting Championships Women Middle heavyweight total;weight_class=Middle heavyweight;games=2006 Santo Domingo;entry_country=CHN;source_url=https://en.wikipedia.org/wiki/List_of_World_Championships_medalists_in_weightlifting_(women),10.0
world_weightlifting_championships_2006_women_middle-heavyweight,world_weightlifting_athlete_Nadezhda_Evstyukhina_RUS,2,silver,discipline=Weightlifting;event=World Weightlifting Championships Women Middle heavyweight total;weight_class=Middle heavyweight;games=2006 Santo Domingo;entry_country=RUS;source_url=https://en.wikipedia.org/wiki/List_of_World_Championships_medalists_in_weightlifting_(women),7.0
world_weightlifting_championships_2006_women_middle-heavyweight,world_weightlifting_athlete_Zarema_Kasaeva_RUS,3,bronze,discipline=Weightlifting;event=World Weightlifting Championships Women Middle heavyweight total;weight_class=Middle heavyweight;games=2006 Santo Domingo;entry_country=RUS;source_url=https://en.wikipedia.org/wiki/List_of_World_Championships_medalists_in_weightlifting_(women),5.0
world_weightlifting_championships_2006_women_middleweight,world_weightlifting_athlete_Ouyang_Xiaofang_CHN,1,gold,discipline=Weightlifting;event=World Weightlifting Championships Women Middleweight total;weight_class=Middleweight;games=2006 Santo Domingo;entry_country=CHN;source_url=https://en.wikipedia.org/wiki/List_of_World_Championships_medalists_in_weightlifting_(women),10.0
world_weightlifting_championships_2006_women_middleweight,world_weightlifting_athlete_Svetlana_Shimkova_RUS,2,silver,discipline=Weightlifting;event=World Weightlifting Championships Women Middleweight total;weight_class=Middleweight;games=2006 Santo Domingo;entry_country=RUS;source_url=https://en.wikipedia.org/wiki/List_of_World_Championships_medalists_in_weightlifting_(women),7.0
world_weightlifting_championships_2006_women_middleweight,world_weightlifting_athlete_Meline_Daluzyan_ARM,3,bronze,discipline=Weightlifting;event=World Weightlifting Championships Women Middleweight total;weight_class=Middleweight;games=2006 Santo Domingo;entry_country=ARM;source_url=https://en.wikipedia.org/wiki/List_of_World_Championships_medalists_in_weightlifting_(women),5.0
world_weightlifting_championships_2006_women_super-heavyweight,world_weightlifting_athlete_Jang_Mi-ran_KOR,1,gold,discipline=Weightlifting;event=World Weightlifting Championships Women Super heavyweight total;weight_class=Super heavyweight;games=2006 Santo Domingo;entry_country=KOR;source_url=https://en.wikipedia.org/wiki/List_of_World_Championships_medalists_in_weightlifting_(women),10.0
world_weightlifting_championships_2006_women_super-heavyweight,world_weightlifting_athlete_Mu_Shuangshuang_CHN,2,silver,discipline=Weightlifting;event=World Weightlifting Championships Women Super heavyweight total;weight_class=Super heavyweight;games=2006 Santo Domingo;entry_country=CHN;source_url=https://en.wikipedia.org/wiki/List_of_World_Championships_medalists_in_weightlifting_(women),7.0
world_weightlifting_championships_2006_women_super-heavyweight,world_weightlifting_athlete_Olha_Korobka_UKR,3,bronze,discipline=Weightlifting;event=World Weightlifting Championships Women Super heavyweight total;weight_class=Super heavyweight;games=2006 Santo Domingo;entry_country=UKR;source_url=https://en.wikipedia.org/wiki/List_of_World_Championships_medalists_in_weightlifting_(women),5.0
world_weightlifting_championships_2007_men_bantamweight,world_weightlifting_athlete_Cha_Kum-chol_PRK,1,gold,discipline=Weightlifting;event=World Weightlifting Championships Men Bantamweight total;weight_class=Bantamweight;games=2007 Chiang Mai;entry_country=PRK;source_url=https://en.wikipedia.org/wiki/List_of_World_Championships_medalists_in_weightlifting_(men),10.0
world_weightlifting_championships_2007_men_bantamweight,world_weightlifting_athlete_Li_Zheng_CHN,2,silver,discipline=Weightlifting;event=World Weightlifting Championships Men Bantamweight total;weight_class=Bantamweight;games=2007 Chiang Mai;entry_country=CHN;source_url=https://en.wikipedia.org/wiki/List_of_World_Championships_medalists_in_weightlifting_(men),7.0
world_weightlifting_championships_2007_men_bantamweight,world_weightlifting_athlete_Eko_Yuli_Irawan_INA,3,bronze,discipline=Weightlifting;event=World Weightlifting Championships Men Bantamweight total;weight_class=Bantamweight;games=2007 Chiang Mai;entry_country=INA;source_url=https://en.wikipedia.org/wiki/List_of_World_Championships_medalists_in_weightlifting_(men),5.0
world_weightlifting_championships_2007_men_featherweight,world_weightlifting_athlete_Yang_Fan_CHN,1,gold,discipline=Weightlifting;event=World Weightlifting Championships Men Featherweight total;weight_class=Featherweight;games=2007 Chiang Mai;entry_country=CHN;source_url=https://en.wikipedia.org/wiki/List_of_World_Championships_medalists_in_weightlifting_(men),10.0
world_weightlifting_championships_2007_men_featherweight,world_weightlifting_athlete_Im_Yong-su_PRK,2,silver,discipline=Weightlifting;event=World Weightlifting Championships Men Featherweight total;weight_class=Featherweight;games=2007 Chiang Mai;entry_country=PRK;source_url=https://en.wikipedia.org/wiki/List_of_World_Championships_medalists_in_weightlifting_(men),7.0
world_weightlifting_championships_2007_men_featherweight,world_weightlifting_athlete_Ivaylo_Filev_BUL,3,bronze,discipline=Weightlifting;event=World Weightlifting Championships Men Featherweight total;weight_class=Featherweight;games=2007 Chiang Mai;entry_country=BUL;source_url=https://en.wikipedia.org/wiki/List_of_World_Championships_medalists_in_weightlifting_(men),5.0
world_weightlifting_championships_2007_men_heavyweight,world_weightlifting_athlete_Andrei_Aramnau_BLR,1,gold,discipline=Weightlifting;event=World Weightlifting Championships Men Heavyweight total;weight_class=Heavyweight;games=2007 Chiang Mai;entry_country=BLR;source_url=https://en.wikipedia.org/wiki/List_of_World_Championships_medalists_in_weightlifting_(men),10.0
world_weightlifting_championships_2007_men_heavyweight,world_weightlifting_athlete_Alan_Tsagaev_BUL,2,silver,discipline=Weightlifting;event=World Weightlifting Championships Men Heavyweight total;weight_class=Heavyweight;games=2007 Chiang Mai;entry_country=BUL;source_url=https://en.wikipedia.org/wiki/List_of_World_Championships_medalists_in_weightlifting_(men),7.0
world_weightlifting_championships_2007_men_heavyweight,world_weightlifting_athlete_Dmitry_Klokov_RUS,3,bronze,discipline=Weightlifting;event=World Weightlifting Championships Men Heavyweight total;weight_class=Heavyweight;games=2007 Chiang Mai;entry_country=RUS;source_url=https://en.wikipedia.org/wiki/List_of_World_Championships_medalists_in_weightlifting_(men),5.0
world_weightlifting_championships_2007_men_light-heavyweight,world_weightlifting_athlete_Andrei_Rybakou_BLR,1,gold,discipline=Weightlifting;event=World Weightlifting Championships Men Light heavyweight total;weight_class=Light heavyweight;games=2007 Chiang Mai;entry_country=BLR;source_url=https://en.wikipedia.org/wiki/List_of_World_Championships_medalists_in_weightlifting_(men),10.0
world_weightlifting_championships_2007_men_light-heavyweight,world_weightlifting_athlete_Aslanbek_Ediev_RUS,2,silver,discipline=Weightlifting;event=World Weightlifting Championships Men Light heavyweight total;weight_class=Light heavyweight;games=2007 Chiang Mai;entry_country=RUS;source_url=https://en.wikipedia.org/wiki/List_of_World_Championships_medalists_in_weightlifting_(men),7.0
world_weightlifting_championships_2007_men_light-heavyweight,world_weightlifting_athlete_Vadzim_Straltsou_BLR,3,bronze,discipline=Weightlifting;event=World Weightlifting Championships Men Light heavyweight total;weight_class=Light heavyweight;games=2007 Chiang Mai;entry_country=BLR;source_url=https://en.wikipedia.org/wiki/List_of_World_Championships_medalists_in_weightlifting_(men),5.0
world_weightlifting_championships_2007_men_lightweight,world_weightlifting_athlete_Zhang_Guozheng_CHN,1,gold,discipline=Weightlifting;event=World Weightlifting Championships Men Lightweight total;weight_class=Lightweight;games=2007 Chiang Mai;entry_country=CHN;source_url=https://en.wikipedia.org/wiki/List_of_World_Championships_medalists_in_weightlifting_(men),10.0
world_weightlifting_championships_2007_men_lightweight,world_weightlifting_athlete_Shi_Zhiyong_CHN,2,silver,discipline=Weightlifting;event=World Weightlifting Championships Men Lightweight total;weight_class=Lightweight;games=2007 Chiang Mai;entry_country=CHN;source_url=https://en.wikipedia.org/wiki/List_of_World_Championships_medalists_in_weightlifting_(men),7.0
world_weightlifting_championships_2007_men_lightweight,world_weightlifting_athlete_Demir_Demirev_BUL,3,bronze,discipline=Weightlifting;event=World Weightlifting Championships Men Lightweight total;weight_class=Lightweight;games=2007 Chiang Mai;entry_country=BUL;source_url=https://en.wikipedia.org/wiki/List_of_World_Championships_medalists_in_weightlifting_(men),5.0
world_weightlifting_championships_2007_men_middle-heavyweight,world_weightlifting_athlete_Roman_Konstantinov_RUS,1,gold,discipline=Weightlifting;event=World Weightlifting Championships Men Middle heavyweight total;weight_class=Middle heavyweight;games=2007 Chiang Mai;entry_country=RUS;source_url=https://en.wikipedia.org/wiki/List_of_World_Championships_medalists_in_weightlifting_(men),10.0
world_weightlifting_championships_2007_men_middle-heavyweight,world_weightlifting_athlete_Yoandry_Hernández_CUB,2,silver,discipline=Weightlifting;event=World Weightlifting Championships Men Middle heavyweight total;weight_class=Middle heavyweight;games=2007 Chiang Mai;entry_country=CUB;source_url=https://en.wikipedia.org/wiki/List_of_World_Championships_medalists_in_weightlifting_(men),7.0
world_weightlifting_championships_2007_men_middle-heavyweight,world_weightlifting_athlete_Szymon_Koecki_POL,3,bronze,discipline=Weightlifting;event=World Weightlifting Championships Men Middle heavyweight total;weight_class=Middle heavyweight;games=2007 Chiang Mai;entry_country=POL;source_url=https://en.wikipedia.org/wiki/List_of_World_Championships_medalists_in_weightlifting_(men),5.0
world_weightlifting_championships_2007_men_middleweight,world_weightlifting_athlete_Ivan_Stoitsov_BUL,1,gold,discipline=Weightlifting;event=World Weightlifting Championships Men Middleweight total;weight_class=Middleweight;games=2007 Chiang Mai;entry_country=BUL;source_url=https://en.wikipedia.org/wiki/List_of_World_Championships_medalists_in_weightlifting_(men),10.0
world_weightlifting_championships_2007_men_middleweight,world_weightlifting_athlete_Gevorg_Davtyan_ARM,2,silver,discipline=Weightlifting;event=World Weightlifting Championships Men Middleweight total;weight_class=Middleweight;games=2007 Chiang Mai;entry_country=ARM;source_url=https://en.wikipedia.org/wiki/List_of_World_Championships_medalists_in_weightlifting_(men),7.0
world_weightlifting_championships_2007_men_middleweight,world_weightlifting_athlete_Li_Hongli_CHN,3,bronze,discipline=Weightlifting;event=World Weightlifting Championships Men Middleweight total;weight_class=Middleweight;games=2007 Chiang Mai;entry_country=CHN;source_url=https://en.wikipedia.org/wiki/List_of_World_Championships_medalists_in_weightlifting_(men),5.0
world_weightlifting_championships_2007_men_super-heavyweight,world_weightlifting_athlete_Viktors_erbatihs_LAT,1,gold,discipline=Weightlifting;event=World Weightlifting Championships Men Super heavyweight total;weight_class=Super heavyweight;games=2007 Chiang Mai;entry_country=LAT;source_url=https://en.wikipedia.org/wiki/List_of_World_Championships_medalists_in_weightlifting_(men),10.0
world_weightlifting_championships_2007_men_super-heavyweight,world_weightlifting_athlete_Evgeny_Chigishev_RUS,2,silver,discipline=Weightlifting;event=World Weightlifting Championships Men Super heavyweight total;weight_class=Super heavyweight;games=2007 Chiang Mai;entry_country=RUS;source_url=https://en.wikipedia.org/wiki/List_of_World_Championships_medalists_in_weightlifting_(men),7.0
world_weightlifting_championships_2007_men_super-heavyweight,world_weightlifting_athlete_Jaber_Saeed_Salem_QAT,3,bronze,discipline=Weightlifting;event=World Weightlifting Championships Men Super heavyweight total;weight_class=Super heavyweight;games=2007 Chiang Mai;entry_country=QAT;source_url=https://en.wikipedia.org/wiki/List_of_World_Championships_medalists_in_weightlifting_(men),5.0
world_weightlifting_championships_2007_women_bantamweight,world_weightlifting_athlete_Chen_Xiexia_CHN,1,gold,discipline=Weightlifting;event=World Weightlifting Championships Women Bantamweight total;weight_class=Bantamweight;games=2007 Chiang Mai;entry_country=CHN;source_url=https://en.wikipedia.org/wiki/List_of_World_Championships_medalists_in_weightlifting_(women),10.0
world_weightlifting_championships_2007_women_bantamweight,world_weightlifting_athlete_Pramsiri_Bunphithak_THA,2,silver,discipline=Weightlifting;event=World Weightlifting Championships Women Bantamweight total;weight_class=Bantamweight;games=2007 Chiang Mai;entry_country=THA;source_url=https://en.wikipedia.org/wiki/List_of_World_Championships_medalists_in_weightlifting_(women),7.0
world_weightlifting_championships_2007_women_bantamweight,world_weightlifting_athlete_Pensiri_Laosirikul_THA,3,bronze,discipline=Weightlifting;event=World Weightlifting Championships Women Bantamweight total;weight_class=Bantamweight;games=2007 Chiang Mai;entry_country=THA;source_url=https://en.wikipedia.org/wiki/List_of_World_Championships_medalists_in_weightlifting_(women),5.0
world_weightlifting_championships_2007_women_featherweight,world_weightlifting_athlete_Li_Ping_CHN,1,gold,discipline=Weightlifting;event=World Weightlifting Championships Women Featherweight total;weight_class=Featherweight;games=2007 Chiang Mai;entry_country=CHN;source_url=https://en.wikipedia.org/wiki/List_of_World_Championships_medalists_in_weightlifting_(women),10.0
world_weightlifting_championships_2007_women_featherweight,world_weightlifting_athlete_Nastassia_Novikava_BLR,2,silver,discipline=Weightlifting;event=World Weightlifting Championships Women Featherweight total;weight_class=Featherweight;games=2007 Chiang Mai;entry_country=BLR;source_url=https://en.wikipedia.org/wiki/List_of_World_Championships_medalists_in_weightlifting_(women),7.0
world_weightlifting_championships_2007_women_featherweight,world_weightlifting_athlete_Yoon_Jin-hee_KOR,3,bronze,discipline=Weightlifting;event=World Weightlifting Championships Women Featherweight total;weight_class=Featherweight;games=2007 Chiang Mai;entry_country=KOR;source_url=https://en.wikipedia.org/wiki/List_of_World_Championships_medalists_in_weightlifting_(women),5.0
world_weightlifting_championships_2007_women_light-heavyweight,world_weightlifting_athlete_Oxana_Slivenko_RUS,1,gold,discipline=Weightlifting;event=World Weightlifting Championships Women Light heavyweight total;weight_class=Light heavyweight;games=2007 Chiang Mai;entry_country=RUS;source_url=https://en.wikipedia.org/wiki/List_of_World_Championships_medalists_in_weightlifting_(women),10.0
world_weightlifting_championships_2007_women_light-heavyweight,world_weightlifting_athlete_Liu_Chunhong_CHN,2,silver,discipline=Weightlifting;event=World Weightlifting Championships Women Light heavyweight total;weight_class=Light heavyweight;games=2007 Chiang Mai;entry_country=CHN;source_url=https://en.wikipedia.org/wiki/List_of_World_Championships_medalists_in_weightlifting_(women),7.0
world_weightlifting_championships_2007_women_light-heavyweight,world_weightlifting_athlete_Nataliya_Davydova_UKR,3,bronze,discipline=Weightlifting;event=World Weightlifting Championships Women Light heavyweight total;weight_class=Light heavyweight;games=2007 Chiang Mai;entry_country=UKR;source_url=https://en.wikipedia.org/wiki/List_of_World_Championships_medalists_in_weightlifting_(women),5.0
world_weightlifting_championships_2007_women_lightweight,world_weightlifting_athlete_Qiu_Hongmei_CHN,1,gold,discipline=Weightlifting;event=World Weightlifting Championships Women Lightweight total;weight_class=Lightweight;games=2007 Chiang Mai;entry_country=CHN;source_url=https://en.wikipedia.org/wiki/List_of_World_Championships_medalists_in_weightlifting_(women),10.0
world_weightlifting_championships_2007_women_lightweight,world_weightlifting_athlete_Marina_Shainova_RUS,2,silver,discipline=Weightlifting;event=World Weightlifting Championships Women Lightweight total;weight_class=Lightweight;games=2007 Chiang Mai;entry_country=RUS;source_url=https://en.wikipedia.org/wiki/List_of_World_Championships_medalists_in_weightlifting_(women),7.0
world_weightlifting_championships_2007_women_lightweight,world_weightlifting_athlete_O_Jong-ae_PRK,3,bronze,discipline=Weightlifting;event=World Weightlifting Championships Women Lightweight total;weight_class=Lightweight;games=2007 Chiang Mai;entry_country=PRK;source_url=https://en.wikipedia.org/wiki/List_of_World_Championships_medalists_in_weightlifting_(women),5.0
world_weightlifting_championships_2007_women_middle-heavyweight,world_weightlifting_athlete_Cao_Lei_CHN,1,gold,discipline=Weightlifting;event=World Weightlifting Championships Women Middle heavyweight total;weight_class=Middle heavyweight;games=2007 Chiang Mai;entry_country=CHN;source_url=https://en.wikipedia.org/wiki/List_of_World_Championships_medalists_in_weightlifting_(women),10.0
world_weightlifting_championships_2007_women_middle-heavyweight,world_weightlifting_athlete_Natalya_Zabolotnaya_RUS,2,silver,discipline=Weightlifting;event=World Weightlifting Championships Women Middle heavyweight total;weight_class=Middle heavyweight;games=2007 Chiang Mai;entry_country=RUS;source_url=https://en.wikipedia.org/wiki/List_of_World_Championships_medalists_in_weightlifting_(women),7.0
world_weightlifting_championships_2007_women_middle-heavyweight,world_weightlifting_athlete_Nadezhda_Evstyukhina_RUS,3,bronze,discipline=Weightlifting;event=World Weightlifting Championships Women Middle heavyweight total;weight_class=Middle heavyweight;games=2007 Chiang Mai;entry_country=RUS;source_url=https://en.wikipedia.org/wiki/List_of_World_Championships_medalists_in_weightlifting_(women),5.0
world_weightlifting_championships_2007_women_middleweight,world_weightlifting_athlete_Liu_Haixia_CHN,1,gold,discipline=Weightlifting;event=World Weightlifting Championships Women Middleweight total;weight_class=Middleweight;games=2007 Chiang Mai;entry_country=CHN;source_url=https://en.wikipedia.org/wiki/List_of_World_Championships_medalists_in_weightlifting_(women),10.0
world_weightlifting_championships_2007_women_middleweight,world_weightlifting_athlete_Svetlana_Tsarukaeva_RUS,2,silver,discipline=Weightlifting;event=World Weightlifting Championships Women Middleweight total;weight_class=Middleweight;games=2007 Chiang Mai;entry_country=RUS;source_url=https://en.wikipedia.org/wiki/List_of_World_Championships_medalists_in_weightlifting_(women),7.0
world_weightlifting_championships_2007_women_middleweight,world_weightlifting_athlete_Pak_Hyon-suk_PRK,3,bronze,discipline=Weightlifting;event=World Weightlifting Championships Women Middleweight total;weight_class=Middleweight;games=2007 Chiang Mai;entry_country=PRK;source_url=https://en.wikipedia.org/wiki/List_of_World_Championships_medalists_in_weightlifting_(women),5.0
world_weightlifting_championships_2007_women_super-heavyweight,world_weightlifting_athlete_Jang_Mi-ran_KOR,1,gold,discipline=Weightlifting;event=World Weightlifting Championships Women Super heavyweight total;weight_class=Super heavyweight;games=2007 Chiang Mai;entry_country=KOR;source_url=https://en.wikipedia.org/wiki/List_of_World_Championships_medalists_in_weightlifting_(women),10.0
world_weightlifting_championships_2007_women_super-heavyweight,world_weightlifting_athlete_Mu_Shuangshuang_CHN,2,silver,discipline=Weightlifting;event=World Weightlifting Championships Women Super heavyweight total;weight_class=Super heavyweight;games=2007 Chiang Mai;entry_country=CHN;source_url=https://en.wikipedia.org/wiki/List_of_World_Championships_medalists_in_weightlifting_(women),7.0
world_weightlifting_championships_2007_women_super-heavyweight,world_weightlifting_athlete_Olha_Korobka_UKR,3,bronze,discipline=Weightlifting;event=World Weightlifting Championships Women Super heavyweight total;weight_class=Super heavyweight;games=2007 Chiang Mai;entry_country=UKR;source_url=https://en.wikipedia.org/wiki/List_of_World_Championships_medalists_in_weightlifting_(women),5.0
world_weightlifting_championships_2009_men_bantamweight,world_weightlifting_athlete_Long_Qingquan_CHN,1,gold,discipline=Weightlifting;event=World Weightlifting Championships Men Bantamweight total;weight_class=Bantamweight;games=2009 Goyang;entry_country=CHN;source_url=https://en.wikipedia.org/wiki/List_of_World_Championships_medalists_in_weightlifting_(men),10.0
world_weightlifting_championships_2009_men_bantamweight,world_weightlifting_athlete_Wu_Jingbiao_CHN,2,silver,discipline=Weightlifting;event=World Weightlifting Championships Men Bantamweight total;weight_class=Bantamweight;games=2009 Goyang;entry_country=CHN;source_url=https://en.wikipedia.org/wiki/List_of_World_Championships_medalists_in_weightlifting_(men),7.0
world_weightlifting_championships_2009_men_bantamweight,world_weightlifting_athlete_Sergio_Álvarez_CUB,3,bronze,discipline=Weightlifting;event=World Weightlifting Championships Men Bantamweight total;weight_class=Bantamweight;games=2009 Goyang;entry_country=CUB;source_url=https://en.wikipedia.org/wiki/List_of_World_Championships_medalists_in_weightlifting_(men),5.0
world_weightlifting_championships_2009_men_featherweight,world_weightlifting_athlete_Ding_Jianjun_CHN,1,gold,discipline=Weightlifting;event=World Weightlifting Championships Men Featherweight total;weight_class=Featherweight;games=2009 Goyang;entry_country=CHN;source_url=https://en.wikipedia.org/wiki/List_of_World_Championships_medalists_in_weightlifting_(men),10.0
world_weightlifting_championships_2009_men_featherweight,world_weightlifting_athlete_Eko_Yuli_Irawan_INA,2,silver,discipline=Weightlifting;event=World Weightlifting Championships Men Featherweight total;weight_class=Featherweight;games=2009 Goyang;entry_country=INA;source_url=https://en.wikipedia.org/wiki/List_of_World_Championships_medalists_in_weightlifting_(men),7.0
world_weightlifting_championships_2009_men_featherweight,world_weightlifting_athlete_Yang_Fan_CHN,3,bronze,discipline=Weightlifting;event=World Weightlifting Championships Men Featherweight total;weight_class=Featherweight;games=2009 Goyang;entry_country=CHN;source_url=https://en.wikipedia.org/wiki/List_of_World_Championships_medalists_in_weightlifting_(men),5.0
world_weightlifting_championships_2009_men_heavyweight,world_weightlifting_athlete_Marcin_Doga_POL,1,gold,discipline=Weightlifting;event=World Weightlifting Championships Men Heavyweight total;weight_class=Heavyweight;games=2009 Goyang;entry_country=POL;source_url=https://en.wikipedia.org/wiki/List_of_World_Championships_medalists_in_weightlifting_(men),10.0
world_weightlifting_championships_2009_men_heavyweight,world_weightlifting_athlete_Roman_Konstantinov_RUS,2,silver,discipline=Weightlifting;event=World Weightlifting Championships Men Heavyweight total;weight_class=Heavyweight;games=2009 Goyang;entry_country=RUS;source_url=https://en.wikipedia.org/wiki/List_of_World_Championships_medalists_in_weightlifting_(men),7.0
world_weightlifting_championships_2009_men_heavyweight,world_weightlifting_athlete_Oleksiy_Torokhtiy_UKR,3,bronze,discipline=Weightlifting;event=World Weightlifting Championships Men Heavyweight total;weight_class=Heavyweight;games=2009 Goyang;entry_country=UKR;source_url=https://en.wikipedia.org/wiki/List_of_World_Championships_medalists_in_weightlifting_(men),5.0
world_weightlifting_championships_2009_men_light-heavyweight,world_weightlifting_athlete_Lu_Yong_CHN,1,gold,discipline=Weightlifting;event=World Weightlifting Championships Men Light heavyweight total;weight_class=Light heavyweight;games=2009 Goyang;entry_country=CHN;source_url=https://en.wikipedia.org/wiki/List_of_World_Championships_medalists_in_weightlifting_(men),10.0
world_weightlifting_championships_2009_men_light-heavyweight,world_weightlifting_athlete_Siarhei_Lahun_BLR,2,silver,discipline=Weightlifting;event=World Weightlifting Championships Men Light heavyweight total;weight_class=Light heavyweight;games=2009 Goyang;entry_country=BLR;source_url=https://en.wikipedia.org/wiki/List_of_World_Championships_medalists_in_weightlifting_(men),7.0
world_weightlifting_championships_2009_men_light-heavyweight,world_weightlifting_athlete_Vladimir_Kuznetsov_KAZ,3,bronze,discipline=Weightlifting;event=World Weightlifting Championships Men Light heavyweight total;weight_class=Light heavyweight;games=2009 Goyang;entry_country=KAZ;source_url=https://en.wikipedia.org/wiki/List_of_World_Championships_medalists_in_weightlifting_(men),5.0
world_weightlifting_championships_2009_men_lightweight,world_weightlifting_athlete_Liao_Hui_CHN,1,gold,discipline=Weightlifting;event=World Weightlifting Championships Men Lightweight total;weight_class=Lightweight;games=2009 Goyang;entry_country=CHN;source_url=https://en.wikipedia.org/wiki/List_of_World_Championships_medalists_in_weightlifting_(men),10.0
world_weightlifting_championships_2009_men_lightweight,world_weightlifting_athlete_Arakel_Mirzoyan_ARM,2,silver,discipline=Weightlifting;event=World Weightlifting Championships Men Lightweight total;weight_class=Lightweight;games=2009 Goyang;entry_country=ARM;source_url=https://en.wikipedia.org/wiki/List_of_World_Championships_medalists_in_weightlifting_(men),7.0
world_weightlifting_championships_2009_men_lightweight,world_weightlifting_athlete_Triyatno_INA,3,bronze,discipline=Weightlifting;event=World Weightlifting Championships Men Lightweight total;weight_class=Lightweight;games=2009 Goyang;entry_country=INA;source_url=https://en.wikipedia.org/wiki/List_of_World_Championships_medalists_in_weightlifting_(men),5.0
world_weightlifting_championships_2009_men_middle-heavyweight,world_weightlifting_athlete_Kim_Min-jae_KOR,1,gold,discipline=Weightlifting;event=World Weightlifting Championships Men Middle heavyweight total;weight_class=Middle heavyweight;games=2009 Goyang;entry_country=KOR;source_url=https://en.wikipedia.org/wiki/List_of_World_Championships_medalists_in_weightlifting_(men),10.0
world_weightlifting_championships_2009_men_middle-heavyweight,world_weightlifting_athlete_Kim_Seon-jong_KOR,2,silver,discipline=Weightlifting;event=World Weightlifting Championships Men Middle heavyweight total;weight_class=Middle heavyweight;games=2009 Goyang;entry_country=KOR;source_url=https://en.wikipedia.org/wiki/List_of_World_Championships_medalists_in_weightlifting_(men),7.0
world_weightlifting_championships_2009_men_middle-heavyweight,world_weightlifting_athlete_Andrey_Demanov_RUS,3,bronze,discipline=Weightlifting;event=World Weightlifting Championships Men Middle heavyweight total;weight_class=Middle heavyweight;games=2009 Goyang;entry_country=RUS;source_url=https://en.wikipedia.org/wiki/List_of_World_Championships_medalists_in_weightlifting_(men),5.0
world_weightlifting_championships_2009_men_middleweight,world_weightlifting_athlete_Lü_Xiaojun_CHN,1,gold,discipline=Weightlifting;event=World Weightlifting Championships Men Middleweight total;weight_class=Middleweight;games=2009 Goyang;entry_country=CHN;source_url=https://en.wikipedia.org/wiki/List_of_World_Championships_medalists_in_weightlifting_(men),10.0
world_weightlifting_championships_2009_men_middleweight,world_weightlifting_athlete_Tigran_Martirosyan_ARM,2,silver,discipline=Weightlifting;event=World Weightlifting Championships Men Middleweight total;weight_class=Middleweight;games=2009 Goyang;entry_country=ARM;source_url=https://en.wikipedia.org/wiki/List_of_World_Championships_medalists_in_weightlifting_(men),7.0
world_weightlifting_championships_2009_men_middleweight,world_weightlifting_athlete_Su_Dajin_CHN,3,bronze,discipline=Weightlifting;event=World Weightlifting Championships Men Middleweight total;weight_class=Middleweight;games=2009 Goyang;entry_country=CHN;source_url=https://en.wikipedia.org/wiki/List_of_World_Championships_medalists_in_weightlifting_(men),5.0
world_weightlifting_championships_2009_men_super-heavyweight,world_weightlifting_athlete_An_Yong-kwon_KOR,1,gold,discipline=Weightlifting;event=World Weightlifting Championships Men Super heavyweight total;weight_class=Super heavyweight;games=2009 Goyang;entry_country=KOR;source_url=https://en.wikipedia.org/wiki/List_of_World_Championships_medalists_in_weightlifting_(men),10.0
world_weightlifting_championships_2009_men_super-heavyweight,world_weightlifting_athlete_Artem_Udachyn_UKR,2,silver,discipline=Weightlifting;event=World Weightlifting Championships Men Super heavyweight total;weight_class=Super heavyweight;games=2009 Goyang;entry_country=UKR;source_url=https://en.wikipedia.org/wiki/List_of_World_Championships_medalists_in_weightlifting_(men),7.0
world_weightlifting_championships_2009_men_super-heavyweight,world_weightlifting_athlete_Ihor_Shymechko_UKR,3,bronze,discipline=Weightlifting;event=World Weightlifting Championships Men Super heavyweight total;weight_class=Super heavyweight;games=2009 Goyang;entry_country=UKR;source_url=https://en.wikipedia.org/wiki/List_of_World_Championships_medalists_in_weightlifting_(men),5.0
world_weightlifting_championships_2009_women_bantamweight,world_weightlifting_athlete_Wang_Mingjuan_CHN,1,gold,discipline=Weightlifting;event=World Weightlifting Championships Women Bantamweight total;weight_class=Bantamweight;games=2009 Goyang;entry_country=CHN;source_url=https://en.wikipedia.org/wiki/List_of_World_Championships_medalists_in_weightlifting_(women),10.0
world_weightlifting_championships_2009_women_bantamweight,world_weightlifting_athlete_Sibel_Özkan_TUR,2,silver,discipline=Weightlifting;event=World Weightlifting Championships Women Bantamweight total;weight_class=Bantamweight;games=2009 Goyang;entry_country=TUR;source_url=https://en.wikipedia.org/wiki/List_of_World_Championships_medalists_in_weightlifting_(women),7.0
world_weightlifting_championships_2009_women_bantamweight,world_weightlifting_athlete_Chen_Wei-ling_TPE,3,bronze,discipline=Weightlifting;event=World Weightlifting Championships Women Bantamweight total;weight_class=Bantamweight;games=2009 Goyang;entry_country=TPE;source_url=https://en.wikipedia.org/wiki/List_of_World_Championships_medalists_in_weightlifting_(women),5.0
world_weightlifting_championships_2009_women_featherweight,world_weightlifting_athlete_Zulfiya_Chinshanlo_KAZ,1,gold,discipline=Weightlifting;event=World Weightlifting Championships Women Featherweight total;weight_class=Featherweight;games=2009 Goyang;entry_country=KAZ;source_url=https://en.wikipedia.org/wiki/List_of_World_Championships_medalists_in_weightlifting_(women),10.0
world_weightlifting_championships_2009_women_featherweight,world_weightlifting_athlete_Chen_Xiaoting_CHN,2,silver,discipline=Weightlifting;event=World Weightlifting Championships Women Featherweight total;weight_class=Featherweight;games=2009 Goyang;entry_country=CHN;source_url=https://en.wikipedia.org/wiki/List_of_World_Championships_medalists_in_weightlifting_(women),7.0
world_weightlifting_championships_2009_women_featherweight,world_weightlifting_athlete_Yoon_Jin-hee_KOR,3,bronze,discipline=Weightlifting;event=World Weightlifting Championships Women Featherweight total;weight_class=Featherweight;games=2009 Goyang;entry_country=KOR;source_url=https://en.wikipedia.org/wiki/List_of_World_Championships_medalists_in_weightlifting_(women),5.0
world_weightlifting_championships_2009_women_light-heavyweight,world_weightlifting_athlete_Nazik_Avdalyan_ARM,1,gold,discipline=Weightlifting;event=World Weightlifting Championships Women Light heavyweight total;weight_class=Light heavyweight;games=2009 Goyang;entry_country=ARM;source_url=https://en.wikipedia.org/wiki/List_of_World_Championships_medalists_in_weightlifting_(women),10.0
world_weightlifting_championships_2009_women_light-heavyweight,world_weightlifting_athlete_Oxana_Slivenko_RUS,2,silver,discipline=Weightlifting;event=World Weightlifting Championships Women Light heavyweight total;weight_class=Light heavyweight;games=2009 Goyang;entry_country=RUS;source_url=https://en.wikipedia.org/wiki/List_of_World_Championships_medalists_in_weightlifting_(women),7.0
world_weightlifting_championships_2009_women_light-heavyweight,world_weightlifting_athlete_Zhang_Shaoling_MAC,3,bronze,discipline=Weightlifting;event=World Weightlifting Championships Women Light heavyweight total;weight_class=Light heavyweight;games=2009 Goyang;entry_country=MAC;source_url=https://en.wikipedia.org/wiki/List_of_World_Championships_medalists_in_weightlifting_(women),5.0
world_weightlifting_championships_2009_women_lightweight,world_weightlifting_athlete_Li_Xueying_CHN,1,gold,discipline=Weightlifting;event=World Weightlifting Championships Women Lightweight total;weight_class=Lightweight;games=2009 Goyang;entry_country=CHN;source_url=https://en.wikipedia.org/wiki/List_of_World_Championships_medalists_in_weightlifting_(women),10.0
world_weightlifting_championships_2009_women_lightweight,world_weightlifting_athlete_Nastassia_Novikava_BLR,2,silver,discipline=Weightlifting;event=World Weightlifting Championships Women Lightweight total;weight_class=Lightweight;games=2009 Goyang;entry_country=BLR;source_url=https://en.wikipedia.org/wiki/List_of_World_Championships_medalists_in_weightlifting_(women),7.0
world_weightlifting_championships_2009_women_lightweight,world_weightlifting_athlete_Yuliya_Kalina_UKR,3,bronze,discipline=Weightlifting;event=World Weightlifting Championships Women Lightweight total;weight_class=Lightweight;games=2009 Goyang;entry_country=UKR;source_url=https://en.wikipedia.org/wiki/List_of_World_Championships_medalists_in_weightlifting_(women),5.0
world_weightlifting_championships_2009_women_middle-heavyweight,world_weightlifting_athlete_Svetlana_Podobedova_KAZ,1,gold,discipline=Weightlifting;event=World Weightlifting Championships Women Middle heavyweight total;weight_class=Middle heavyweight;games=2009 Goyang;entry_country=KAZ;source_url=https://en.wikipedia.org/wiki/List_of_World_Championships_medalists_in_weightlifting_(women),10.0
world_weightlifting_championships_2009_women_middle-heavyweight,world_weightlifting_athlete_Cao_Lei_CHN,2,silver,discipline=Weightlifting;event=World Weightlifting Championships Women Middle heavyweight total;weight_class=Middle heavyweight;games=2009 Goyang;entry_country=CHN;source_url=https://en.wikipedia.org/wiki/List_of_World_Championships_medalists_in_weightlifting_(women),7.0
world_weightlifting_championships_2009_women_middle-heavyweight,world_weightlifting_athlete_Abeer_Abdelrahman_EGY,3,bronze,discipline=Weightlifting;event=World Weightlifting Championships Women Middle heavyweight total;weight_class=Middle heavyweight;games=2009 Goyang;entry_country=EGY;source_url=https://en.wikipedia.org/wiki/List_of_World_Championships_medalists_in_weightlifting_(women),5.0
world_weightlifting_championships_2009_women_middleweight,world_weightlifting_athlete_Maiya_Maneza_KAZ,1,gold,discipline=Weightlifting;event=World Weightlifting Championships Women Middleweight total;weight_class=Middleweight;games=2009 Goyang;entry_country=KAZ;source_url=https://en.wikipedia.org/wiki/List_of_World_Championships_medalists_in_weightlifting_(women),10.0
world_weightlifting_championships_2009_women_middleweight,world_weightlifting_athlete_Svetlana_Tsarukaeva_RUS,2,silver,discipline=Weightlifting;event=World Weightlifting Championships Women Middleweight total;weight_class=Middleweight;games=2009 Goyang;entry_country=RUS;source_url=https://en.wikipedia.org/wiki/List_of_World_Championships_medalists_in_weightlifting_(women),7.0
world_weightlifting_championships_2009_women_middleweight,world_weightlifting_athlete_Sibel_imek_TUR,3,bronze,discipline=Weightlifting;event=World Weightlifting Championships Women Middleweight total;weight_class=Middleweight;games=2009 Goyang;entry_country=TUR;source_url=https://en.wikipedia.org/wiki/List_of_World_Championships_medalists_in_weightlifting_(women),5.0
world_weightlifting_championships_2009_women_super-heavyweight,world_weightlifting_athlete_Jang_Mi-ran_KOR,1,gold,discipline=Weightlifting;event=World Weightlifting Championships Women Super heavyweight total;weight_class=Super heavyweight;games=2009 Goyang;entry_country=KOR;source_url=https://en.wikipedia.org/wiki/List_of_World_Championships_medalists_in_weightlifting_(women),10.0
world_weightlifting_championships_2009_women_super-heavyweight,world_weightlifting_athlete_Tatiana_Kashirina_RUS,2,silver,discipline=Weightlifting;event=World Weightlifting Championships Women Super heavyweight total;weight_class=Super heavyweight;games=2009 Goyang;entry_country=RUS;source_url=https://en.wikipedia.org/wiki/List_of_World_Championships_medalists_in_weightlifting_(women),7.0
world_weightlifting_championships_2009_women_super-heavyweight,world_weightlifting_athlete_Meng_Suping_CHN,3,bronze,discipline=Weightlifting;event=World Weightlifting Championships Women Super heavyweight total;weight_class=Super heavyweight;games=2009 Goyang;entry_country=CHN;source_url=https://en.wikipedia.org/wiki/List_of_World_Championships_medalists_in_weightlifting_(women),5.0
world_weightlifting_championships_2010_men_bantamweight,world_weightlifting_athlete_Wu_Jingbiao_CHN,1,gold,discipline=Weightlifting;event=World Weightlifting Championships Men Bantamweight total;weight_class=Bantamweight;games=2010 Antalya;entry_country=CHN;source_url=https://en.wikipedia.org/wiki/List_of_World_Championships_medalists_in_weightlifting_(men),10.0
world_weightlifting_championships_2010_men_bantamweight,world_weightlifting_athlete_Long_Qingquan_CHN,2,silver,discipline=Weightlifting;event=World Weightlifting Championships Men Bantamweight total;weight_class=Bantamweight;games=2010 Antalya;entry_country=CHN;source_url=https://en.wikipedia.org/wiki/List_of_World_Championships_medalists_in_weightlifting_(men),7.0
world_weightlifting_championships_2010_men_bantamweight,world_weightlifting_athlete_Cha_Kum-chol_PRK,3,bronze,discipline=Weightlifting;event=World Weightlifting Championships Men Bantamweight total;weight_class=Bantamweight;games=2010 Antalya;entry_country=PRK;source_url=https://en.wikipedia.org/wiki/List_of_World_Championships_medalists_in_weightlifting_(men),5.0
world_weightlifting_championships_2010_men_featherweight,world_weightlifting_athlete_Kim_Un-guk_PRK,1,gold,discipline=Weightlifting;event=World Weightlifting Championships Men Featherweight total;weight_class=Featherweight;games=2010 Antalya;entry_country=PRK;source_url=https://en.wikipedia.org/wiki/List_of_World_Championships_medalists_in_weightlifting_(men),10.0
world_weightlifting_championships_2010_men_featherweight,world_weightlifting_athlete_Zhang_Jie_CHN,2,silver,discipline=Weightlifting;event=World Weightlifting Championships Men Featherweight total;weight_class=Featherweight;games=2010 Antalya;entry_country=CHN;source_url=https://en.wikipedia.org/wiki/List_of_World_Championships_medalists_in_weightlifting_(men),7.0
world_weightlifting_championships_2010_men_featherweight,world_weightlifting_athlete_Erol_Bilgin_TUR,3,bronze,discipline=Weightlifting;event=World Weightlifting Championships Men Featherweight total;weight_class=Featherweight;games=2010 Antalya;entry_country=TUR;source_url=https://en.wikipedia.org/wiki/List_of_World_Championships_medalists_in_weightlifting_(men),5.0
world_weightlifting_championships_2010_men_heavyweight,world_weightlifting_athlete_Marcin_Doga_POL,1,gold,discipline=Weightlifting;event=World Weightlifting Championships Men Heavyweight total;weight_class=Heavyweight;games=2010 Antalya;entry_country=POL;source_url=https://en.wikipedia.org/wiki/List_of_World_Championships_medalists_in_weightlifting_(men),10.0
world_weightlifting_championships_2010_men_heavyweight,world_weightlifting_athlete_Dmitry_Klokov_RUS,2,silver,discipline=Weightlifting;event=World Weightlifting Championships Men Heavyweight total;weight_class=Heavyweight;games=2010 Antalya;entry_country=RUS;source_url=https://en.wikipedia.org/wiki/List_of_World_Championships_medalists_in_weightlifting_(men),7.0
world_weightlifting_championships_2010_men_heavyweight,world_weightlifting_athlete_Vladimir_Smorchkov_RUS,3,bronze,discipline=Weightlifting;event=World Weightlifting Championships Men Heavyweight total;weight_class=Heavyweight;games=2010 Antalya;entry_country=RUS;source_url=https://en.wikipedia.org/wiki/List_of_World_Championships_medalists_in_weightlifting_(men),5.0
world_weightlifting_championships_2010_men_light-heavyweight,world_weightlifting_athlete_Adrian_Zieliski_POL,1,gold,discipline=Weightlifting;event=World Weightlifting Championships Men Light heavyweight total;weight_class=Light heavyweight;games=2010 Antalya;entry_country=POL;source_url=https://en.wikipedia.org/wiki/List_of_World_Championships_medalists_in_weightlifting_(men),10.0
world_weightlifting_championships_2010_men_light-heavyweight,world_weightlifting_athlete_Aleksey_Yufkin_RUS,2,silver,discipline=Weightlifting;event=World Weightlifting Championships Men Light heavyweight total;weight_class=Light heavyweight;games=2010 Antalya;entry_country=RUS;source_url=https://en.wikipedia.org/wiki/List_of_World_Championships_medalists_in_weightlifting_(men),7.0
world_weightlifting_championships_2010_men_light-heavyweight,world_weightlifting_athlete_Siarhei_Lahun_BLR,3,bronze,discipline=Weightlifting;event=World Weightlifting Championships Men Light heavyweight total;weight_class=Light heavyweight;games=2010 Antalya;entry_country=BLR;source_url=https://en.wikipedia.org/wiki/List_of_World_Championships_medalists_in_weightlifting_(men),5.0
world_weightlifting_championships_2010_men_lightweight,world_weightlifting_athlete_Mete_Binay_TUR,1,gold,discipline=Weightlifting;event=World Weightlifting Championships Men Lightweight total;weight_class=Lightweight;games=2010 Antalya;entry_country=TUR;source_url=https://en.wikipedia.org/wiki/List_of_World_Championships_medalists_in_weightlifting_(men),10.0
world_weightlifting_championships_2010_men_lightweight,world_weightlifting_athlete_Armen_Ghazaryan_RUS,2,silver,discipline=Weightlifting;event=World Weightlifting Championships Men Lightweight total;weight_class=Lightweight;games=2010 Antalya;entry_country=RUS;source_url=https://en.wikipedia.org/wiki/List_of_World_Championships_medalists_in_weightlifting_(men),7.0
world_weightlifting_championships_2010_men_lightweight,world_weightlifting_athlete_Triyatno_INA,3,bronze,discipline=Weightlifting;event=World Weightlifting Championships Men Lightweight total;weight_class=Lightweight;games=2010 Antalya;entry_country=INA;source_url=https://en.wikipedia.org/wiki/List_of_World_Championships_medalists_in_weightlifting_(men),5.0
world_weightlifting_championships_2010_men_middle-heavyweight,world_weightlifting_athlete_Aleksandr_Ivanov_RUS,1,gold,discipline=Weightlifting;event=World Weightlifting Championships Men Middle heavyweight total;weight_class=Middle heavyweight;games=2010 Antalya;entry_country=RUS;source_url=https://en.wikipedia.org/wiki/List_of_World_Championships_medalists_in_weightlifting_(men),10.0
world_weightlifting_championships_2010_men_middle-heavyweight,world_weightlifting_athlete_Artem_Ivanov_UKR,2,silver,discipline=Weightlifting;event=World Weightlifting Championships Men Middle heavyweight total;weight_class=Middle heavyweight;games=2010 Antalya;entry_country=UKR;source_url=https://en.wikipedia.org/wiki/List_of_World_Championships_medalists_in_weightlifting_(men),7.0
world_weightlifting_championships_2010_men_middle-heavyweight,world_weightlifting_athlete_Valeriu_Calancea_ROU,3,bronze,discipline=Weightlifting;event=World Weightlifting Championships Men Middle heavyweight total;weight_class=Middle heavyweight;games=2010 Antalya;entry_country=ROU;source_url=https://en.wikipedia.org/wiki/List_of_World_Championships_medalists_in_weightlifting_(men),5.0
world_weightlifting_championships_2010_men_middleweight,world_weightlifting_athlete_Tigran_Martirosyan_ARM,1,gold,discipline=Weightlifting;event=World Weightlifting Championships Men Middleweight total;weight_class=Middleweight;games=2010 Antalya;entry_country=ARM;source_url=https://en.wikipedia.org/wiki/List_of_World_Championships_medalists_in_weightlifting_(men),10.0
world_weightlifting_championships_2010_men_middleweight,world_weightlifting_athlete_Lü_Xiaojun_CHN,2,silver,discipline=Weightlifting;event=World Weightlifting Championships Men Middleweight total;weight_class=Middleweight;games=2010 Antalya;entry_country=CHN;source_url=https://en.wikipedia.org/wiki/List_of_World_Championships_medalists_in_weightlifting_(men),7.0
world_weightlifting_championships_2010_men_middleweight,world_weightlifting_athlete_Tarek_Yehia_EGY,3,bronze,discipline=Weightlifting;event=World Weightlifting Championships Men Middleweight total;weight_class=Middleweight;games=2010 Antalya;entry_country=EGY;source_url=https://en.wikipedia.org/wiki/List_of_World_Championships_medalists_in_weightlifting_(men),5.0
world_weightlifting_championships_2010_men_super-heavyweight,world_weightlifting_athlete_Behdad_Salimi_IRI,1,gold,discipline=Weightlifting;event=World Weightlifting Championships Men Super heavyweight total;weight_class=Super heavyweight;games=2010 Antalya;entry_country=IRI;source_url=https://en.wikipedia.org/wiki/List_of_World_Championships_medalists_in_weightlifting_(men),10.0
world_weightlifting_championships_2010_men_super-heavyweight,world_weightlifting_athlete_Matthias_Steiner_GER,2,silver,discipline=Weightlifting;event=World Weightlifting Championships Men Super heavyweight total;weight_class=Super heavyweight;games=2010 Antalya;entry_country=GER;source_url=https://en.wikipedia.org/wiki/List_of_World_Championships_medalists_in_weightlifting_(men),7.0
world_weightlifting_championships_2010_men_super-heavyweight,world_weightlifting_athlete_Artem_Udachyn_UKR,3,bronze,discipline=Weightlifting;event=World Weightlifting Championships Men Super heavyweight total;weight_class=Super heavyweight;games=2010 Antalya;entry_country=UKR;source_url=https://en.wikipedia.org/wiki/List_of_World_Championships_medalists_in_weightlifting_(men),5.0
world_weightlifting_championships_2010_women_bantamweight,world_weightlifting_athlete_Sibel_Özkan_TUR,1,gold,discipline=Weightlifting;event=World Weightlifting Championships Women Bantamweight total;weight_class=Bantamweight;games=2010 Antalya;entry_country=TUR;source_url=https://en.wikipedia.org/wiki/List_of_World_Championships_medalists_in_weightlifting_(women),10.0
world_weightlifting_championships_2010_women_bantamweight,world_weightlifting_athlete_Tian_Yuan_CHN,2,silver,discipline=Weightlifting;event=World Weightlifting Championships Women Bantamweight total;weight_class=Bantamweight;games=2010 Antalya;entry_country=CHN;source_url=https://en.wikipedia.org/wiki/List_of_World_Championships_medalists_in_weightlifting_(women),7.0
world_weightlifting_championships_2010_women_bantamweight,world_weightlifting_athlete_Pramsiri_Bunphithak_THA,3,bronze,discipline=Weightlifting;event=World Weightlifting Championships Women Bantamweight total;weight_class=Bantamweight;games=2010 Antalya;entry_country=THA;source_url=https://en.wikipedia.org/wiki/List_of_World_Championships_medalists_in_weightlifting_(women),5.0
world_weightlifting_championships_2010_women_featherweight,world_weightlifting_athlete_Chen_Xiaoting_CHN,1,gold,discipline=Weightlifting;event=World Weightlifting Championships Women Featherweight total;weight_class=Featherweight;games=2010 Antalya;entry_country=CHN;source_url=https://en.wikipedia.org/wiki/List_of_World_Championships_medalists_in_weightlifting_(women),10.0
world_weightlifting_championships_2010_women_featherweight,world_weightlifting_athlete_Aylin_Dadelen_TUR,2,silver,discipline=Weightlifting;event=World Weightlifting Championships Women Featherweight total;weight_class=Featherweight;games=2010 Antalya;entry_country=TUR;source_url=https://en.wikipedia.org/wiki/List_of_World_Championships_medalists_in_weightlifting_(women),7.0
world_weightlifting_championships_2010_women_featherweight,world_weightlifting_athlete_Yuderqui_Contreras_DOM,3,bronze,discipline=Weightlifting;event=World Weightlifting Championships Women Featherweight total;weight_class=Featherweight;games=2010 Antalya;entry_country=DOM;source_url=https://en.wikipedia.org/wiki/List_of_World_Championships_medalists_in_weightlifting_(women),5.0
world_weightlifting_championships_2010_women_light-heavyweight,world_weightlifting_athlete_Svetlana_Shimkova_RUS,1,gold,discipline=Weightlifting;event=World Weightlifting Championships Women Light heavyweight total;weight_class=Light heavyweight;games=2010 Antalya;entry_country=RUS;source_url=https://en.wikipedia.org/wiki/List_of_World_Championships_medalists_in_weightlifting_(women),10.0
world_weightlifting_championships_2010_women_light-heavyweight,world_weightlifting_athlete_Kang_Yue_CHN,2,silver,discipline=Weightlifting;event=World Weightlifting Championships Women Light heavyweight total;weight_class=Light heavyweight;games=2010 Antalya;entry_country=CHN;source_url=https://en.wikipedia.org/wiki/List_of_World_Championships_medalists_in_weightlifting_(women),7.0
world_weightlifting_championships_2010_women_light-heavyweight,world_weightlifting_athlete_Meline_Daluzyan_ARM,3,bronze,discipline=Weightlifting;event=World Weightlifting Championships Women Light heavyweight total;weight_class=Light heavyweight;games=2010 Antalya;entry_country=ARM;source_url=https://en.wikipedia.org/wiki/List_of_World_Championships_medalists_in_weightlifting_(women),5.0
world_weightlifting_championships_2010_women_lightweight,world_weightlifting_athlete_Deng_Wei_CHN,1,gold,discipline=Weightlifting;event=World Weightlifting Championships Women Lightweight total;weight_class=Lightweight;games=2010 Antalya;entry_country=CHN;source_url=https://en.wikipedia.org/wiki/List_of_World_Championships_medalists_in_weightlifting_(women),10.0
world_weightlifting_championships_2010_women_lightweight,world_weightlifting_athlete_Nastassia_Novikava_BLR,2,silver,discipline=Weightlifting;event=World Weightlifting Championships Women Lightweight total;weight_class=Lightweight;games=2010 Antalya;entry_country=BLR;source_url=https://en.wikipedia.org/wiki/List_of_World_Championships_medalists_in_weightlifting_(women),7.0
world_weightlifting_championships_2010_women_lightweight,world_weightlifting_athlete_Jong_Chun-mi_PRK,3,bronze,discipline=Weightlifting;event=World Weightlifting Championships Women Lightweight total;weight_class=Lightweight;games=2010 Antalya;entry_country=PRK;source_url=https://en.wikipedia.org/wiki/List_of_World_Championships_medalists_in_weightlifting_(women),5.0
world_weightlifting_championships_2010_women_middle-heavyweight,world_weightlifting_athlete_Svetlana_Podobedova_KAZ,1,gold,discipline=Weightlifting;event=World Weightlifting Championships Women Middle heavyweight total;weight_class=Middle heavyweight;games=2010 Antalya;entry_country=KAZ;source_url=https://en.wikipedia.org/wiki/List_of_World_Championships_medalists_in_weightlifting_(women),10.0
world_weightlifting_championships_2010_women_middle-heavyweight,world_weightlifting_athlete_Natalya_Zabolotnaya_RUS,2,silver,discipline=Weightlifting;event=World Weightlifting Championships Women Middle heavyweight total;weight_class=Middle heavyweight;games=2010 Antalya;entry_country=RUS;source_url=https://en.wikipedia.org/wiki/List_of_World_Championships_medalists_in_weightlifting_(women),7.0
world_weightlifting_championships_2010_women_middle-heavyweight,world_weightlifting_athlete_Nadezhda_Evstyukhina_RUS,3,bronze,discipline=Weightlifting;event=World Weightlifting Championships Women Middle heavyweight total;weight_class=Middle heavyweight;games=2010 Antalya;entry_country=RUS;source_url=https://en.wikipedia.org/wiki/List_of_World_Championships_medalists_in_weightlifting_(women),5.0
world_weightlifting_championships_2010_women_middleweight,world_weightlifting_athlete_Maiya_Maneza_KAZ,1,gold,discipline=Weightlifting;event=World Weightlifting Championships Women Middleweight total;weight_class=Middleweight;games=2010 Antalya;entry_country=KAZ;source_url=https://en.wikipedia.org/wiki/List_of_World_Championships_medalists_in_weightlifting_(women),10.0
world_weightlifting_championships_2010_women_middleweight,world_weightlifting_athlete_Sibel_imek_TUR,2,silver,discipline=Weightlifting;event=World Weightlifting Championships Women Middleweight total;weight_class=Middleweight;games=2010 Antalya;entry_country=TUR;source_url=https://en.wikipedia.org/wiki/List_of_World_Championships_medalists_in_weightlifting_(women),7.0
world_weightlifting_championships_2010_women_middleweight,world_weightlifting_athlete_Ouyang_Xiaofang_CHN,3,bronze,discipline=Weightlifting;event=World Weightlifting Championships Women Middleweight total;weight_class=Middleweight;games=2010 Antalya;entry_country=CHN;source_url=https://en.wikipedia.org/wiki/List_of_World_Championships_medalists_in_weightlifting_(women),5.0
world_weightlifting_championships_2010_women_super-heavyweight,world_weightlifting_athlete_Tatiana_Kashirina_RUS,1,gold,discipline=Weightlifting;event=World Weightlifting Championships Women Super heavyweight total;weight_class=Super heavyweight;games=2010 Antalya;entry_country=RUS;source_url=https://en.wikipedia.org/wiki/List_of_World_Championships_medalists_in_weightlifting_(women),10.0
world_weightlifting_championships_2010_women_super-heavyweight,world_weightlifting_athlete_Meng_Suping_CHN,2,silver,discipline=Weightlifting;event=World Weightlifting Championships Women Super heavyweight total;weight_class=Super heavyweight;games=2010 Antalya;entry_country=CHN;source_url=https://en.wikipedia.org/wiki/List_of_World_Championships_medalists_in_weightlifting_(women),7.0
world_weightlifting_championships_2010_women_super-heavyweight,world_weightlifting_athlete_Jang_Mi-ran_KOR,3,bronze,discipline=Weightlifting;event=World Weightlifting Championships Women Super heavyweight total;weight_class=Super heavyweight;games=2010 Antalya;entry_country=KOR;source_url=https://en.wikipedia.org/wiki/List_of_World_Championships_medalists_in_weightlifting_(women),5.0
world_weightlifting_championships_2011_men_bantamweight,world_weightlifting_athlete_Wu_Jingbiao_CHN,1,gold,discipline=Weightlifting;event=World Weightlifting Championships Men Bantamweight total;weight_class=Bantamweight;games=2011 Paris;entry_country=CHN;source_url=https://en.wikipedia.org/wiki/List_of_World_Championships_medalists_in_weightlifting_(men),10.0
world_weightlifting_championships_2011_men_bantamweight,world_weightlifting_athlete_Zhao_Chaojun_CHN,2,silver,discipline=Weightlifting;event=World Weightlifting Championships Men Bantamweight total;weight_class=Bantamweight;games=2011 Paris;entry_country=CHN;source_url=https://en.wikipedia.org/wiki/List_of_World_Championships_medalists_in_weightlifting_(men),7.0
world_weightlifting_championships_2011_men_bantamweight,world_weightlifting_athlete_Valentin_Hristov_AZE,3,bronze,discipline=Weightlifting;event=World Weightlifting Championships Men Bantamweight total;weight_class=Bantamweight;games=2011 Paris;entry_country=AZE;source_url=https://en.wikipedia.org/wiki/List_of_World_Championships_medalists_in_weightlifting_(men),5.0
world_weightlifting_championships_2011_men_featherweight,world_weightlifting_athlete_Zhang_Jie_CHN,1,gold,discipline=Weightlifting;event=World Weightlifting Championships Men Featherweight total;weight_class=Featherweight;games=2011 Paris;entry_country=CHN;source_url=https://en.wikipedia.org/wiki/List_of_World_Championships_medalists_in_weightlifting_(men),10.0
world_weightlifting_championships_2011_men_featherweight,world_weightlifting_athlete_Kim_Un-guk_PRK,2,silver,discipline=Weightlifting;event=World Weightlifting Championships Men Featherweight total;weight_class=Featherweight;games=2011 Paris;entry_country=PRK;source_url=https://en.wikipedia.org/wiki/List_of_World_Championships_medalists_in_weightlifting_(men),7.0
world_weightlifting_championships_2011_men_featherweight,world_weightlifting_athlete_Eko_Yuli_Irawan_INA,3,bronze,discipline=Weightlifting;event=World Weightlifting Championships Men Featherweight total;weight_class=Featherweight;games=2011 Paris;entry_country=INA;source_url=https://en.wikipedia.org/wiki/List_of_World_Championships_medalists_in_weightlifting_(men),5.0
world_weightlifting_championships_2011_men_heavyweight,world_weightlifting_athlete_Khadzhimurat_Akkaev_RUS,1,gold,discipline=Weightlifting;event=World Weightlifting Championships Men Heavyweight total;weight_class=Heavyweight;games=2011 Paris;entry_country=RUS;source_url=https://en.wikipedia.org/wiki/List_of_World_Championships_medalists_in_weightlifting_(men),10.0
world_weightlifting_championships_2011_men_heavyweight,world_weightlifting_athlete_Dmitry_Klokov_RUS,2,silver,discipline=Weightlifting;event=World Weightlifting Championships Men Heavyweight total;weight_class=Heavyweight;games=2011 Paris;entry_country=RUS;source_url=https://en.wikipedia.org/wiki/List_of_World_Championships_medalists_in_weightlifting_(men),7.0
world_weightlifting_championships_2011_men_heavyweight,world_weightlifting_athlete_Oleksiy_Torokhtiy_UKR,3,bronze,discipline=Weightlifting;event=World Weightlifting Championships Men Heavyweight total;weight_class=Heavyweight;games=2011 Paris;entry_country=UKR;source_url=https://en.wikipedia.org/wiki/List_of_World_Championships_medalists_in_weightlifting_(men),5.0
world_weightlifting_championships_2011_men_light-heavyweight,world_weightlifting_athlete_Kianoush_Rostami_IRI,1,gold,discipline=Weightlifting;event=World Weightlifting Championships Men Light heavyweight total;weight_class=Light heavyweight;games=2011 Paris;entry_country=IRI;source_url=https://en.wikipedia.org/wiki/List_of_World_Championships_medalists_in_weightlifting_(men),10.0
world_weightlifting_championships_2011_men_light-heavyweight,world_weightlifting_athlete_Benjamin_Hennequin_FRA,2,silver,discipline=Weightlifting;event=World Weightlifting Championships Men Light heavyweight total;weight_class=Light heavyweight;games=2011 Paris;entry_country=FRA;source_url=https://en.wikipedia.org/wiki/List_of_World_Championships_medalists_in_weightlifting_(men),7.0
world_weightlifting_championships_2011_men_light-heavyweight,world_weightlifting_athlete_Adrian_Zieliski_POL,3,bronze,discipline=Weightlifting;event=World Weightlifting Championships Men Light heavyweight total;weight_class=Light heavyweight;games=2011 Paris;entry_country=POL;source_url=https://en.wikipedia.org/wiki/List_of_World_Championships_medalists_in_weightlifting_(men),5.0
world_weightlifting_championships_2011_men_lightweight,world_weightlifting_athlete_Tang_Deshang_CHN,1,gold,discipline=Weightlifting;event=World Weightlifting Championships Men Lightweight total;weight_class=Lightweight;games=2011 Paris;entry_country=CHN;source_url=https://en.wikipedia.org/wiki/List_of_World_Championships_medalists_in_weightlifting_(men),10.0
world_weightlifting_championships_2011_men_lightweight,world_weightlifting_athlete_Oleg_Chen_RUS,2,silver,discipline=Weightlifting;event=World Weightlifting Championships Men Lightweight total;weight_class=Lightweight;games=2011 Paris;entry_country=RUS;source_url=https://en.wikipedia.org/wiki/List_of_World_Championships_medalists_in_weightlifting_(men),7.0
world_weightlifting_championships_2011_men_lightweight,world_weightlifting_athlete_Wu_Chao_CHN,3,bronze,discipline=Weightlifting;event=World Weightlifting Championships Men Lightweight total;weight_class=Lightweight;games=2011 Paris;entry_country=CHN;source_url=https://en.wikipedia.org/wiki/List_of_World_Championships_medalists_in_weightlifting_(men),5.0
world_weightlifting_championships_2011_men_middle-heavyweight,world_weightlifting_athlete_Ilya_Ilyin_KAZ,1,gold,discipline=Weightlifting;event=World Weightlifting Championships Men Middle heavyweight total;weight_class=Middle heavyweight;games=2011 Paris;entry_country=KAZ;source_url=https://en.wikipedia.org/wiki/List_of_World_Championships_medalists_in_weightlifting_(men),10.0
world_weightlifting_championships_2011_men_middle-heavyweight,world_weightlifting_athlete_Artem_Ivanov_UKR,2,silver,discipline=Weightlifting;event=World Weightlifting Championships Men Middle heavyweight total;weight_class=Middle heavyweight;games=2011 Paris;entry_country=UKR;source_url=https://en.wikipedia.org/wiki/List_of_World_Championships_medalists_in_weightlifting_(men),7.0
world_weightlifting_championships_2011_men_middle-heavyweight,world_weightlifting_athlete_Saeid_Mohammadpour_IRI,3,bronze,discipline=Weightlifting;event=World Weightlifting Championships Men Middle heavyweight total;weight_class=Middle heavyweight;games=2011 Paris;entry_country=IRI;source_url=https://en.wikipedia.org/wiki/List_of_World_Championships_medalists_in_weightlifting_(men),5.0
world_weightlifting_championships_2011_men_middleweight,world_weightlifting_athlete_Lü_Xiaojun_CHN,1,gold,discipline=Weightlifting;event=World Weightlifting Championships Men Middleweight total;weight_class=Middleweight;games=2011 Paris;entry_country=CHN;source_url=https://en.wikipedia.org/wiki/List_of_World_Championships_medalists_in_weightlifting_(men),10.0
world_weightlifting_championships_2011_men_middleweight,world_weightlifting_athlete_Su_Dajin_CHN,2,silver,discipline=Weightlifting;event=World Weightlifting Championships Men Middleweight total;weight_class=Middleweight;games=2011 Paris;entry_country=CHN;source_url=https://en.wikipedia.org/wiki/List_of_World_Championships_medalists_in_weightlifting_(men),7.0
world_weightlifting_championships_2011_men_middleweight,world_weightlifting_athlete_Sa_Jae-hyouk_KOR,3,bronze,discipline=Weightlifting;event=World Weightlifting Championships Men Middleweight total;weight_class=Middleweight;games=2011 Paris;entry_country=KOR;source_url=https://en.wikipedia.org/wiki/List_of_World_Championships_medalists_in_weightlifting_(men),5.0
world_weightlifting_championships_2011_men_super-heavyweight,world_weightlifting_athlete_Behdad_Salimi_IRI,1,gold,discipline=Weightlifting;event=World Weightlifting Championships Men Super heavyweight total;weight_class=Super heavyweight;games=2011 Paris;entry_country=IRI;source_url=https://en.wikipedia.org/wiki/List_of_World_Championships_medalists_in_weightlifting_(men),10.0
world_weightlifting_championships_2011_men_super-heavyweight,world_weightlifting_athlete_Sajjad_Anoushiravani_IRI,2,silver,discipline=Weightlifting;event=World Weightlifting Championships Men Super heavyweight total;weight_class=Super heavyweight;games=2011 Paris;entry_country=IRI;source_url=https://en.wikipedia.org/wiki/List_of_World_Championships_medalists_in_weightlifting_(men),7.0
world_weightlifting_championships_2011_men_super-heavyweight,world_weightlifting_athlete_Jeon_Sang-guen_KOR,3,bronze,discipline=Weightlifting;event=World Weightlifting Championships Men Super heavyweight total;weight_class=Super heavyweight;games=2011 Paris;entry_country=KOR;source_url=https://en.wikipedia.org/wiki/List_of_World_Championships_medalists_in_weightlifting_(men),5.0
world_weightlifting_championships_2011_women_bantamweight,world_weightlifting_athlete_Tian_Yuan_CHN,1,gold,discipline=Weightlifting;event=World Weightlifting Championships Women Bantamweight total;weight_class=Bantamweight;games=2011 Paris;entry_country=CHN;source_url=https://en.wikipedia.org/wiki/List_of_World_Championships_medalists_in_weightlifting_(women),10.0
world_weightlifting_championships_2011_women_bantamweight,world_weightlifting_athlete_Panida_Khamsri_THA,2,silver,discipline=Weightlifting;event=World Weightlifting Championships Women Bantamweight total;weight_class=Bantamweight;games=2011 Paris;entry_country=THA;source_url=https://en.wikipedia.org/wiki/List_of_World_Championships_medalists_in_weightlifting_(women),7.0
world_weightlifting_championships_2011_women_bantamweight,world_weightlifting_athlete_Nurdan_Karagöz_TUR,3,bronze,discipline=Weightlifting;event=World Weightlifting Championships Women Bantamweight total;weight_class=Bantamweight;games=2011 Paris;entry_country=TUR;source_url=https://en.wikipedia.org/wiki/List_of_World_Championships_medalists_in_weightlifting_(women),5.0
world_weightlifting_championships_2011_women_featherweight,world_weightlifting_athlete_Zulfiya_Chinshanlo_KAZ,1,gold,discipline=Weightlifting;event=World Weightlifting Championships Women Featherweight total;weight_class=Featherweight;games=2011 Paris;entry_country=KAZ;source_url=https://en.wikipedia.org/wiki/List_of_World_Championships_medalists_in_weightlifting_(women),10.0
world_weightlifting_championships_2011_women_featherweight,world_weightlifting_athlete_Aylin_Dadelen_TUR,2,silver,discipline=Weightlifting;event=World Weightlifting Championships Women Featherweight total;weight_class=Featherweight;games=2011 Paris;entry_country=TUR;source_url=https://en.wikipedia.org/wiki/List_of_World_Championships_medalists_in_weightlifting_(women),7.0
world_weightlifting_championships_2011_women_featherweight,world_weightlifting_athlete_Ji_Jing_CHN,3,bronze,discipline=Weightlifting;event=World Weightlifting Championships Women Featherweight total;weight_class=Featherweight;games=2011 Paris;entry_country=CHN;source_url=https://en.wikipedia.org/wiki/List_of_World_Championships_medalists_in_weightlifting_(women),5.0
world_weightlifting_championships_2011_women_light-heavyweight,world_weightlifting_athlete_Oxana_Slivenko_RUS,1,gold,discipline=Weightlifting;event=World Weightlifting Championships Women Light heavyweight total;weight_class=Light heavyweight;games=2011 Paris;entry_country=RUS;source_url=https://en.wikipedia.org/wiki/List_of_World_Championships_medalists_in_weightlifting_(women),10.0
world_weightlifting_championships_2011_women_light-heavyweight,world_weightlifting_athlete_Xiang_Yanmei_CHN,2,silver,discipline=Weightlifting;event=World Weightlifting Championships Women Light heavyweight total;weight_class=Light heavyweight;games=2011 Paris;entry_country=CHN;source_url=https://en.wikipedia.org/wiki/List_of_World_Championships_medalists_in_weightlifting_(women),7.0
world_weightlifting_championships_2011_women_light-heavyweight,world_weightlifting_athlete_Tatiana_Matveeva_RUS,3,bronze,discipline=Weightlifting;event=World Weightlifting Championships Women Light heavyweight total;weight_class=Light heavyweight;games=2011 Paris;entry_country=RUS;source_url=https://en.wikipedia.org/wiki/List_of_World_Championships_medalists_in_weightlifting_(women),5.0
world_weightlifting_championships_2011_women_lightweight,world_weightlifting_athlete_Nastassia_Novikava_BLR,1,gold,discipline=Weightlifting;event=World Weightlifting Championships Women Lightweight total;weight_class=Lightweight;games=2011 Paris;entry_country=BLR;source_url=https://en.wikipedia.org/wiki/List_of_World_Championships_medalists_in_weightlifting_(women),10.0
world_weightlifting_championships_2011_women_lightweight,world_weightlifting_athlete_Li_Xueying_CHN,2,silver,discipline=Weightlifting;event=World Weightlifting Championships Women Lightweight total;weight_class=Lightweight;games=2011 Paris;entry_country=CHN;source_url=https://en.wikipedia.org/wiki/List_of_World_Championships_medalists_in_weightlifting_(women),7.0
world_weightlifting_championships_2011_women_lightweight,world_weightlifting_athlete_Pimsiri_Sirikaew_THA,3,bronze,discipline=Weightlifting;event=World Weightlifting Championships Women Lightweight total;weight_class=Lightweight;games=2011 Paris;entry_country=THA;source_url=https://en.wikipedia.org/wiki/List_of_World_Championships_medalists_in_weightlifting_(women),5.0
world_weightlifting_championships_2011_women_middle-heavyweight,world_weightlifting_athlete_Nadezhda_Evstyukhina_RUS,1,gold,discipline=Weightlifting;event=World Weightlifting Championships Women Middle heavyweight total;weight_class=Middle heavyweight;games=2011 Paris;entry_country=RUS;source_url=https://en.wikipedia.org/wiki/List_of_World_Championships_medalists_in_weightlifting_(women),10.0
world_weightlifting_championships_2011_women_middle-heavyweight,world_weightlifting_athlete_Svetlana_Podobedova_KAZ,2,silver,discipline=Weightlifting;event=World Weightlifting Championships Women Middle heavyweight total;weight_class=Middle heavyweight;games=2011 Paris;entry_country=KAZ;source_url=https://en.wikipedia.org/wiki/List_of_World_Championships_medalists_in_weightlifting_(women),7.0
world_weightlifting_championships_2011_women_middle-heavyweight,world_weightlifting_athlete_Kim_Un-ju_PRK,3,bronze,discipline=Weightlifting;event=World Weightlifting Championships Women Middle heavyweight total;weight_class=Middle heavyweight;games=2011 Paris;entry_country=PRK;source_url=https://en.wikipedia.org/wiki/List_of_World_Championships_medalists_in_weightlifting_(women),5.0
world_weightlifting_championships_2011_women_middleweight,world_weightlifting_athlete_Svetlana_Tsarukaeva_RUS,1,gold,discipline=Weightlifting;event=World Weightlifting Championships Women Middleweight total;weight_class=Middleweight;games=2011 Paris;entry_country=RUS;source_url=https://en.wikipedia.org/wiki/List_of_World_Championships_medalists_in_weightlifting_(women),10.0
world_weightlifting_championships_2011_women_middleweight,world_weightlifting_athlete_Maiya_Maneza_KAZ,2,silver,discipline=Weightlifting;event=World Weightlifting Championships Women Middleweight total;weight_class=Middleweight;games=2011 Paris;entry_country=KAZ;source_url=https://en.wikipedia.org/wiki/List_of_World_Championships_medalists_in_weightlifting_(women),7.0
world_weightlifting_championships_2011_women_middleweight,world_weightlifting_athlete_Ouyang_Xiaofang_CHN,3,bronze,discipline=Weightlifting;event=World Weightlifting Championships Women Middleweight total;weight_class=Middleweight;games=2011 Paris;entry_country=CHN;source_url=https://en.wikipedia.org/wiki/List_of_World_Championships_medalists_in_weightlifting_(women),5.0
world_weightlifting_championships_2011_women_super-heavyweight,world_weightlifting_athlete_Zhou_Lulu_CHN,1,gold,discipline=Weightlifting;event=World Weightlifting Championships Women Super heavyweight total;weight_class=Super heavyweight;games=2011 Paris;entry_country=CHN;source_url=https://en.wikipedia.org/wiki/List_of_World_Championships_medalists_in_weightlifting_(women),10.0
world_weightlifting_championships_2011_women_super-heavyweight,world_weightlifting_athlete_Tatiana_Kashirina_RUS,2,silver,discipline=Weightlifting;event=World Weightlifting Championships Women Super heavyweight total;weight_class=Super heavyweight;games=2011 Paris;entry_country=RUS;source_url=https://en.wikipedia.org/wiki/List_of_World_Championships_medalists_in_weightlifting_(women),7.0
world_weightlifting_championships_2011_women_super-heavyweight,world_weightlifting_athlete_Mariam_Usman_NGR,3,bronze,discipline=Weightlifting;event=World Weightlifting Championships Women Super heavyweight total;weight_class=Super heavyweight;games=2011 Paris;entry_country=NGR;source_url=https://en.wikipedia.org/wiki/List_of_World_Championships_medalists_in_weightlifting_(women),5.0
world_weightlifting_championships_2013_men_bantamweight,world_weightlifting_athlete_Om_Yun-chol_PRK,1,gold,discipline=Weightlifting;event=World Weightlifting Championships Men Bantamweight total;weight_class=Bantamweight;games=2013 Wrocław;entry_country=PRK;source_url=https://en.wikipedia.org/wiki/List_of_World_Championships_medalists_in_weightlifting_(men),10.0
world_weightlifting_championships_2013_men_bantamweight,world_weightlifting_athlete_Long_Qingquan_CHN,2,silver,discipline=Weightlifting;event=World Weightlifting Championships Men Bantamweight total;weight_class=Bantamweight;games=2013 Wrocław;entry_country=CHN;source_url=https://en.wikipedia.org/wiki/List_of_World_Championships_medalists_in_weightlifting_(men),7.0
world_weightlifting_championships_2013_men_bantamweight,world_weightlifting_athlete_Thch_Kim_Tun_VIE,3,bronze,discipline=Weightlifting;event=World Weightlifting Championships Men Bantamweight total;weight_class=Bantamweight;games=2013 Wrocław;entry_country=VIE;source_url=https://en.wikipedia.org/wiki/List_of_World_Championships_medalists_in_weightlifting_(men),5.0
world_weightlifting_championships_2013_men_featherweight,world_weightlifting_athlete_Chen_Lijun_CHN,1,gold,discipline=Weightlifting;event=World Weightlifting Championships Men Featherweight total;weight_class=Featherweight;games=2013 Wrocław;entry_country=CHN;source_url=https://en.wikipedia.org/wiki/List_of_World_Championships_medalists_in_weightlifting_(men),10.0
world_weightlifting_championships_2013_men_featherweight,world_weightlifting_athlete_Kim_Un-guk_PRK,2,silver,discipline=Weightlifting;event=World Weightlifting Championships Men Featherweight total;weight_class=Featherweight;games=2013 Wrocław;entry_country=PRK;source_url=https://en.wikipedia.org/wiki/List_of_World_Championships_medalists_in_weightlifting_(men),7.0
world_weightlifting_championships_2013_men_featherweight,world_weightlifting_athlete_Óscar_Figueroa_COL,3,bronze,discipline=Weightlifting;event=World Weightlifting Championships Men Featherweight total;weight_class=Featherweight;games=2013 Wrocław;entry_country=COL;source_url=https://en.wikipedia.org/wiki/List_of_World_Championships_medalists_in_weightlifting_(men),5.0
world_weightlifting_championships_2013_men_heavyweight,world_weightlifting_athlete_Ruslan_Nurudinov_UZB,1,gold,discipline=Weightlifting;event=World Weightlifting Championships Men Heavyweight total;weight_class=Heavyweight;games=2013 Wrocław;entry_country=UZB;source_url=https://en.wikipedia.org/wiki/List_of_World_Championships_medalists_in_weightlifting_(men),10.0
world_weightlifting_championships_2013_men_heavyweight,world_weightlifting_athlete_David_Bedzhanyan_RUS,2,silver,discipline=Weightlifting;event=World Weightlifting Championships Men Heavyweight total;weight_class=Heavyweight;games=2013 Wrocław;entry_country=RUS;source_url=https://en.wikipedia.org/wiki/List_of_World_Championships_medalists_in_weightlifting_(men),7.0
world_weightlifting_championships_2013_men_heavyweight,world_weightlifting_athlete_Bartomiej_Bonk_POL,3,bronze,discipline=Weightlifting;event=World Weightlifting Championships Men Heavyweight total;weight_class=Heavyweight;games=2013 Wrocław;entry_country=POL;source_url=https://en.wikipedia.org/wiki/List_of_World_Championships_medalists_in_weightlifting_(men),5.0
world_weightlifting_championships_2013_men_light-heavyweight,world_weightlifting_athlete_Apti_Aukhadov_RUS,1,gold,discipline=Weightlifting;event=World Weightlifting Championships Men Light heavyweight total;weight_class=Light heavyweight;games=2013 Wrocław;entry_country=RUS;source_url=https://en.wikipedia.org/wiki/List_of_World_Championships_medalists_in_weightlifting_(men),10.0
world_weightlifting_championships_2013_men_light-heavyweight,world_weightlifting_athlete_Ivan_Markov_BUL,2,silver,discipline=Weightlifting;event=World Weightlifting Championships Men Light heavyweight total;weight_class=Light heavyweight;games=2013 Wrocław;entry_country=BUL;source_url=https://en.wikipedia.org/wiki/List_of_World_Championships_medalists_in_weightlifting_(men),7.0
world_weightlifting_championships_2013_men_light-heavyweight,world_weightlifting_athlete_Artem_Okulov_RUS,3,bronze,discipline=Weightlifting;event=World Weightlifting Championships Men Light heavyweight total;weight_class=Light heavyweight;games=2013 Wrocław;entry_country=RUS;source_url=https://en.wikipedia.org/wiki/List_of_World_Championships_medalists_in_weightlifting_(men),5.0
world_weightlifting_championships_2013_men_lightweight,world_weightlifting_athlete_Liao_Hui_CHN,1,gold,discipline=Weightlifting;event=World Weightlifting Championships Men Lightweight total;weight_class=Lightweight;games=2013 Wrocław;entry_country=CHN;source_url=https://en.wikipedia.org/wiki/List_of_World_Championships_medalists_in_weightlifting_(men),10.0
world_weightlifting_championships_2013_men_lightweight,world_weightlifting_athlete_Oleg_Chen_RUS,2,silver,discipline=Weightlifting;event=World Weightlifting Championships Men Lightweight total;weight_class=Lightweight;games=2013 Wrocław;entry_country=RUS;source_url=https://en.wikipedia.org/wiki/List_of_World_Championships_medalists_in_weightlifting_(men),7.0
world_weightlifting_championships_2013_men_lightweight,world_weightlifting_athlete_Kim_Myong-hyok_PRK,3,bronze,discipline=Weightlifting;event=World Weightlifting Championships Men Lightweight total;weight_class=Lightweight;games=2013 Wrocław;entry_country=PRK;source_url=https://en.wikipedia.org/wiki/List_of_World_Championships_medalists_in_weightlifting_(men),5.0
world_weightlifting_championships_2013_men_middle-heavyweight,world_weightlifting_athlete_Aleksandr_Ivanov_RUS,1,gold,discipline=Weightlifting;event=World Weightlifting Championships Men Middle heavyweight total;weight_class=Middle heavyweight;games=2013 Wrocław;entry_country=RUS;source_url=https://en.wikipedia.org/wiki/List_of_World_Championships_medalists_in_weightlifting_(men),10.0
world_weightlifting_championships_2013_men_middle-heavyweight,world_weightlifting_athlete_Almas_Uteshov_KAZ,2,silver,discipline=Weightlifting;event=World Weightlifting Championships Men Middle heavyweight total;weight_class=Middle heavyweight;games=2013 Wrocław;entry_country=KAZ;source_url=https://en.wikipedia.org/wiki/List_of_World_Championships_medalists_in_weightlifting_(men),7.0
world_weightlifting_championships_2013_men_middle-heavyweight,world_weightlifting_athlete_Ramazan_Rasulov_RUS,3,bronze,discipline=Weightlifting;event=World Weightlifting Championships Men Middle heavyweight total;weight_class=Middle heavyweight;games=2013 Wrocław;entry_country=RUS;source_url=https://en.wikipedia.org/wiki/List_of_World_Championships_medalists_in_weightlifting_(men),5.0
world_weightlifting_championships_2013_men_middleweight,world_weightlifting_athlete_Lü_Xiaojun_CHN,1,gold,discipline=Weightlifting;event=World Weightlifting Championships Men Middleweight total;weight_class=Middleweight;games=2013 Wrocław;entry_country=CHN;source_url=https://en.wikipedia.org/wiki/List_of_World_Championships_medalists_in_weightlifting_(men),10.0
world_weightlifting_championships_2013_men_middleweight,world_weightlifting_athlete_Kim_Kwang-song_PRK,2,silver,discipline=Weightlifting;event=World Weightlifting Championships Men Middleweight total;weight_class=Middleweight;games=2013 Wrocław;entry_country=PRK;source_url=https://en.wikipedia.org/wiki/List_of_World_Championships_medalists_in_weightlifting_(men),7.0
world_weightlifting_championships_2013_men_middleweight,world_weightlifting_athlete_Ulugbek_Alimov_UZB,3,bronze,discipline=Weightlifting;event=World Weightlifting Championships Men Middleweight total;weight_class=Middleweight;games=2013 Wrocław;entry_country=UZB;source_url=https://en.wikipedia.org/wiki/List_of_World_Championships_medalists_in_weightlifting_(men),5.0
world_weightlifting_championships_2013_men_super-heavyweight,world_weightlifting_athlete_Ruslan_Albegov_RUS,1,gold,discipline=Weightlifting;event=World Weightlifting Championships Men Super heavyweight total;weight_class=Super heavyweight;games=2013 Wrocław;entry_country=RUS;source_url=https://en.wikipedia.org/wiki/List_of_World_Championships_medalists_in_weightlifting_(men),10.0
world_weightlifting_championships_2013_men_super-heavyweight,world_weightlifting_athlete_Bahador_Molaei_IRI,2,silver,discipline=Weightlifting;event=World Weightlifting Championships Men Super heavyweight total;weight_class=Super heavyweight;games=2013 Wrocław;entry_country=IRI;source_url=https://en.wikipedia.org/wiki/List_of_World_Championships_medalists_in_weightlifting_(men),7.0
world_weightlifting_championships_2013_men_super-heavyweight,world_weightlifting_athlete_Aleksey_Lovchev_RUS,3,bronze,discipline=Weightlifting;event=World Weightlifting Championships Men Super heavyweight total;weight_class=Super heavyweight;games=2013 Wrocław;entry_country=RUS;source_url=https://en.wikipedia.org/wiki/List_of_World_Championships_medalists_in_weightlifting_(men),5.0
world_weightlifting_championships_2013_women_bantamweight,world_weightlifting_athlete_Tan_Yayun_CHN,1,gold,discipline=Weightlifting;event=World Weightlifting Championships Women Bantamweight total;weight_class=Bantamweight;games=2013 Wrocław;entry_country=CHN;source_url=https://en.wikipedia.org/wiki/List_of_World_Championships_medalists_in_weightlifting_(women),10.0
world_weightlifting_championships_2013_women_bantamweight,world_weightlifting_athlete_Ryang_Chun-hwa_PRK,2,silver,discipline=Weightlifting;event=World Weightlifting Championships Women Bantamweight total;weight_class=Bantamweight;games=2013 Wrocław;entry_country=PRK;source_url=https://en.wikipedia.org/wiki/List_of_World_Championships_medalists_in_weightlifting_(women),7.0
world_weightlifting_championships_2013_women_bantamweight,world_weightlifting_athlete__Th_Thu_Hoài_VIE,3,bronze,discipline=Weightlifting;event=World Weightlifting Championships Women Bantamweight total;weight_class=Bantamweight;games=2013 Wrocław;entry_country=VIE;source_url=https://en.wikipedia.org/wiki/List_of_World_Championships_medalists_in_weightlifting_(women),5.0
world_weightlifting_championships_2013_women_featherweight,world_weightlifting_athlete_Li_Yajun_CHN,1,gold,discipline=Weightlifting;event=World Weightlifting Championships Women Featherweight total;weight_class=Featherweight;games=2013 Wrocław;entry_country=CHN;source_url=https://en.wikipedia.org/wiki/List_of_World_Championships_medalists_in_weightlifting_(women),10.0
world_weightlifting_championships_2013_women_featherweight,world_weightlifting_athlete_Sopita_Tanasan_THA,2,silver,discipline=Weightlifting;event=World Weightlifting Championships Women Featherweight total;weight_class=Featherweight;games=2013 Wrocław;entry_country=THA;source_url=https://en.wikipedia.org/wiki/List_of_World_Championships_medalists_in_weightlifting_(women),7.0
world_weightlifting_championships_2013_women_featherweight,world_weightlifting_athlete_Kittima_Sutanan_THA,3,bronze,discipline=Weightlifting;event=World Weightlifting Championships Women Featherweight total;weight_class=Featherweight;games=2013 Wrocław;entry_country=THA;source_url=https://en.wikipedia.org/wiki/List_of_World_Championships_medalists_in_weightlifting_(women),5.0
world_weightlifting_championships_2013_women_light-heavyweight,world_weightlifting_athlete_Xiang_Yanmei_CHN,1,gold,discipline=Weightlifting;event=World Weightlifting Championships Women Light heavyweight total;weight_class=Light heavyweight;games=2013 Wrocław;entry_country=CHN;source_url=https://en.wikipedia.org/wiki/List_of_World_Championships_medalists_in_weightlifting_(women),10.0
world_weightlifting_championships_2013_women_light-heavyweight,world_weightlifting_athlete_Ryo_Un-hui_PRK,2,silver,discipline=Weightlifting;event=World Weightlifting Championships Women Light heavyweight total;weight_class=Light heavyweight;games=2013 Wrocław;entry_country=PRK;source_url=https://en.wikipedia.org/wiki/List_of_World_Championships_medalists_in_weightlifting_(women),7.0
world_weightlifting_championships_2013_women_light-heavyweight,world_weightlifting_athlete_Dzina_Sazanavets_BLR,3,bronze,discipline=Weightlifting;event=World Weightlifting Championships Women Light heavyweight total;weight_class=Light heavyweight;games=2013 Wrocław;entry_country=BLR;source_url=https://en.wikipedia.org/wiki/List_of_World_Championships_medalists_in_weightlifting_(women),5.0
world_weightlifting_championships_2013_women_lightweight,world_weightlifting_athlete_Kuo_Hsing-chun_TPE,1,gold,discipline=Weightlifting;event=World Weightlifting Championships Women Lightweight total;weight_class=Lightweight;games=2013 Wrocław;entry_country=TPE;source_url=https://en.wikipedia.org/wiki/List_of_World_Championships_medalists_in_weightlifting_(women),10.0
world_weightlifting_championships_2013_women_lightweight,world_weightlifting_athlete_Alexandra_Escobar_ECU,2,silver,discipline=Weightlifting;event=World Weightlifting Championships Women Lightweight total;weight_class=Lightweight;games=2013 Wrocław;entry_country=ECU;source_url=https://en.wikipedia.org/wiki/List_of_World_Championships_medalists_in_weightlifting_(women),7.0
world_weightlifting_championships_2013_women_lightweight,world_weightlifting_athlete_Elena_Shadrina_RUS,3,bronze,discipline=Weightlifting;event=World Weightlifting Championships Women Lightweight total;weight_class=Lightweight;games=2013 Wrocław;entry_country=RUS;source_url=https://en.wikipedia.org/wiki/List_of_World_Championships_medalists_in_weightlifting_(women),5.0
world_weightlifting_championships_2013_women_middle-heavyweight,world_weightlifting_athlete_Nadezhda_Evstyukhina_RUS,1,gold,discipline=Weightlifting;event=World Weightlifting Championships Women Middle heavyweight total;weight_class=Middle heavyweight;games=2013 Wrocław;entry_country=RUS;source_url=https://en.wikipedia.org/wiki/List_of_World_Championships_medalists_in_weightlifting_(women),10.0
world_weightlifting_championships_2013_women_middle-heavyweight,world_weightlifting_athlete_Kang_Yue_CHN,2,silver,discipline=Weightlifting;event=World Weightlifting Championships Women Middle heavyweight total;weight_class=Middle heavyweight;games=2013 Wrocław;entry_country=CHN;source_url=https://en.wikipedia.org/wiki/List_of_World_Championships_medalists_in_weightlifting_(women),7.0
world_weightlifting_championships_2013_women_middle-heavyweight,world_weightlifting_athlete_Lydia_Valentín_ESP,3,bronze,discipline=Weightlifting;event=World Weightlifting Championships Women Middle heavyweight total;weight_class=Middle heavyweight;games=2013 Wrocław;entry_country=ESP;source_url=https://en.wikipedia.org/wiki/List_of_World_Championships_medalists_in_weightlifting_(women),5.0
world_weightlifting_championships_2013_women_middleweight,world_weightlifting_athlete_Tima_Turieva_RUS,1,gold,discipline=Weightlifting;event=World Weightlifting Championships Women Middleweight total;weight_class=Middleweight;games=2013 Wrocław;entry_country=RUS;source_url=https://en.wikipedia.org/wiki/List_of_World_Championships_medalists_in_weightlifting_(women),10.0
world_weightlifting_championships_2013_women_middleweight,world_weightlifting_athlete_Jo_Pok-hyang_PRK,2,silver,discipline=Weightlifting;event=World Weightlifting Championships Women Middleweight total;weight_class=Middleweight;games=2013 Wrocław;entry_country=PRK;source_url=https://en.wikipedia.org/wiki/List_of_World_Championships_medalists_in_weightlifting_(women),7.0
world_weightlifting_championships_2013_women_middleweight,world_weightlifting_athlete_Deng_Mengrong_CHN,3,bronze,discipline=Weightlifting;event=World Weightlifting Championships Women Middleweight total;weight_class=Middleweight;games=2013 Wrocław;entry_country=CHN;source_url=https://en.wikipedia.org/wiki/List_of_World_Championships_medalists_in_weightlifting_(women),5.0
world_weightlifting_championships_2013_women_super-heavyweight,world_weightlifting_athlete_Tatiana_Kashirina_RUS,1,gold,discipline=Weightlifting;event=World Weightlifting Championships Women Super heavyweight total;weight_class=Super heavyweight;games=2013 Wrocław;entry_country=RUS;source_url=https://en.wikipedia.org/wiki/List_of_World_Championships_medalists_in_weightlifting_(women),10.0
world_weightlifting_championships_2013_women_super-heavyweight,world_weightlifting_athlete_Zhou_Lulu_CHN,2,silver,discipline=Weightlifting;event=World Weightlifting Championships Women Super heavyweight total;weight_class=Super heavyweight;games=2013 Wrocław;entry_country=CHN;source_url=https://en.wikipedia.org/wiki/List_of_World_Championships_medalists_in_weightlifting_(women),7.0
world_weightlifting_championships_2013_women_super-heavyweight,world_weightlifting_athlete_Chitchanok_Pulsabsakul_THA,3,bronze,discipline=Weightlifting;event=World Weightlifting Championships Women Super heavyweight total;weight_class=Super heavyweight;games=2013 Wrocław;entry_country=THA;source_url=https://en.wikipedia.org/wiki/List_of_World_Championships_medalists_in_weightlifting_(women),5.0
world_weightlifting_championships_2014_men_bantamweight,world_weightlifting_athlete_Om_Yun-chol_PRK,1,gold,discipline=Weightlifting;event=World Weightlifting Championships Men Bantamweight total;weight_class=Bantamweight;games=2014 Almaty;entry_country=PRK;source_url=https://en.wikipedia.org/wiki/List_of_World_Championships_medalists_in_weightlifting_(men),10.0
world_weightlifting_championships_2014_men_bantamweight,world_weightlifting_athlete_Thch_Kim_Tun_VIE,2,silver,discipline=Weightlifting;event=World Weightlifting Championships Men Bantamweight total;weight_class=Bantamweight;games=2014 Almaty;entry_country=VIE;source_url=https://en.wikipedia.org/wiki/List_of_World_Championships_medalists_in_weightlifting_(men),7.0
world_weightlifting_championships_2014_men_bantamweight,world_weightlifting_athlete_Long_Qingquan_CHN,3,bronze,discipline=Weightlifting;event=World Weightlifting Championships Men Bantamweight total;weight_class=Bantamweight;games=2014 Almaty;entry_country=CHN;source_url=https://en.wikipedia.org/wiki/List_of_World_Championships_medalists_in_weightlifting_(men),5.0
world_weightlifting_championships_2014_men_featherweight,world_weightlifting_athlete_Kim_Un-guk_PRK,1,gold,discipline=Weightlifting;event=World Weightlifting Championships Men Featherweight total;weight_class=Featherweight;games=2014 Almaty;entry_country=PRK;source_url=https://en.wikipedia.org/wiki/List_of_World_Championships_medalists_in_weightlifting_(men),10.0
world_weightlifting_championships_2014_men_featherweight,world_weightlifting_athlete_Eko_Yuli_Irawan_INA,2,silver,discipline=Weightlifting;event=World Weightlifting Championships Men Featherweight total;weight_class=Featherweight;games=2014 Almaty;entry_country=INA;source_url=https://en.wikipedia.org/wiki/List_of_World_Championships_medalists_in_weightlifting_(men),7.0
world_weightlifting_championships_2014_men_featherweight,world_weightlifting_athlete_Ding_Jianjun_CHN,3,bronze,discipline=Weightlifting;event=World Weightlifting Championships Men Featherweight total;weight_class=Featherweight;games=2014 Almaty;entry_country=CHN;source_url=https://en.wikipedia.org/wiki/List_of_World_Championships_medalists_in_weightlifting_(men),5.0
world_weightlifting_championships_2014_men_heavyweight,world_weightlifting_athlete_Ilya_Ilyin_KAZ,1,gold,discipline=Weightlifting;event=World Weightlifting Championships Men Heavyweight total;weight_class=Heavyweight;games=2014 Almaty;entry_country=KAZ;source_url=https://en.wikipedia.org/wiki/List_of_World_Championships_medalists_in_weightlifting_(men),10.0
world_weightlifting_championships_2014_men_heavyweight,world_weightlifting_athlete_Ruslan_Nurudinov_UZB,2,silver,discipline=Weightlifting;event=World Weightlifting Championships Men Heavyweight total;weight_class=Heavyweight;games=2014 Almaty;entry_country=UZB;source_url=https://en.wikipedia.org/wiki/List_of_World_Championships_medalists_in_weightlifting_(men),7.0
world_weightlifting_championships_2014_men_heavyweight,world_weightlifting_athlete_David_Bedzhanyan_RUS,3,bronze,discipline=Weightlifting;event=World Weightlifting Championships Men Heavyweight total;weight_class=Heavyweight;games=2014 Almaty;entry_country=RUS;source_url=https://en.wikipedia.org/wiki/List_of_World_Championships_medalists_in_weightlifting_(men),5.0
world_weightlifting_championships_2014_men_light-heavyweight,world_weightlifting_athlete_Kianoush_Rostami_IRI,1,gold,discipline=Weightlifting;event=World Weightlifting Championships Men Light heavyweight total;weight_class=Light heavyweight;games=2014 Almaty;entry_country=IRI;source_url=https://en.wikipedia.org/wiki/List_of_World_Championships_medalists_in_weightlifting_(men),10.0
world_weightlifting_championships_2014_men_light-heavyweight,world_weightlifting_athlete_Ivan_Markov_BUL,2,silver,discipline=Weightlifting;event=World Weightlifting Championships Men Light heavyweight total;weight_class=Light heavyweight;games=2014 Almaty;entry_country=BUL;source_url=https://en.wikipedia.org/wiki/List_of_World_Championships_medalists_in_weightlifting_(men),7.0
world_weightlifting_championships_2014_men_light-heavyweight,world_weightlifting_athlete_Artem_Okulov_RUS,3,bronze,discipline=Weightlifting;event=World Weightlifting Championships Men Light heavyweight total;weight_class=Light heavyweight;games=2014 Almaty;entry_country=RUS;source_url=https://en.wikipedia.org/wiki/List_of_World_Championships_medalists_in_weightlifting_(men),5.0
world_weightlifting_championships_2014_men_lightweight,world_weightlifting_athlete_Liao_Hui_CHN,1,gold,discipline=Weightlifting;event=World Weightlifting Championships Men Lightweight total;weight_class=Lightweight;games=2014 Almaty;entry_country=CHN;source_url=https://en.wikipedia.org/wiki/List_of_World_Championships_medalists_in_weightlifting_(men),10.0
world_weightlifting_championships_2014_men_lightweight,world_weightlifting_athlete_Mohamed_Ehab_EGY,2,silver,discipline=Weightlifting;event=World Weightlifting Championships Men Lightweight total;weight_class=Lightweight;games=2014 Almaty;entry_country=EGY;source_url=https://en.wikipedia.org/wiki/List_of_World_Championships_medalists_in_weightlifting_(men),7.0
world_weightlifting_championships_2014_men_lightweight,world_weightlifting_athlete_Kim_Myong-hyok_PRK,3,bronze,discipline=Weightlifting;event=World Weightlifting Championships Men Lightweight total;weight_class=Lightweight;games=2014 Almaty;entry_country=PRK;source_url=https://en.wikipedia.org/wiki/List_of_World_Championships_medalists_in_weightlifting_(men),5.0
world_weightlifting_championships_2014_men_middle-heavyweight,world_weightlifting_athlete_Zhassulan_Kydyrbayev_KAZ,1,gold,discipline=Weightlifting;event=World Weightlifting Championships Men Middle heavyweight total;weight_class=Middle heavyweight;games=2014 Almaty;entry_country=KAZ;source_url=https://en.wikipedia.org/wiki/List_of_World_Championships_medalists_in_weightlifting_(men),10.0
world_weightlifting_championships_2014_men_middle-heavyweight,world_weightlifting_athlete_Aurimas_Didbalis_LTU,2,silver,discipline=Weightlifting;event=World Weightlifting Championships Men Middle heavyweight total;weight_class=Middle heavyweight;games=2014 Almaty;entry_country=LTU;source_url=https://en.wikipedia.org/wiki/List_of_World_Championships_medalists_in_weightlifting_(men),7.0
world_weightlifting_championships_2014_men_middle-heavyweight,world_weightlifting_athlete_Vadzim_Straltsou_BLR,3,bronze,discipline=Weightlifting;event=World Weightlifting Championships Men Middle heavyweight total;weight_class=Middle heavyweight;games=2014 Almaty;entry_country=BLR;source_url=https://en.wikipedia.org/wiki/List_of_World_Championships_medalists_in_weightlifting_(men),5.0
world_weightlifting_championships_2014_men_middleweight,world_weightlifting_athlete_Zhong_Guoshun_CHN,1,gold,discipline=Weightlifting;event=World Weightlifting Championships Men Middleweight total;weight_class=Middleweight;games=2014 Almaty;entry_country=CHN;source_url=https://en.wikipedia.org/wiki/List_of_World_Championships_medalists_in_weightlifting_(men),10.0
world_weightlifting_championships_2014_men_middleweight,world_weightlifting_athlete_Kim_Kwang-song_PRK,2,silver,discipline=Weightlifting;event=World Weightlifting Championships Men Middleweight total;weight_class=Middleweight;games=2014 Almaty;entry_country=PRK;source_url=https://en.wikipedia.org/wiki/List_of_World_Championships_medalists_in_weightlifting_(men),7.0
world_weightlifting_championships_2014_men_middleweight,world_weightlifting_athlete_Kirill_Pavlov_KAZ,3,bronze,discipline=Weightlifting;event=World Weightlifting Championships Men Middleweight total;weight_class=Middleweight;games=2014 Almaty;entry_country=KAZ;source_url=https://en.wikipedia.org/wiki/List_of_World_Championships_medalists_in_weightlifting_(men),5.0
world_weightlifting_championships_2014_men_super-heavyweight,world_weightlifting_athlete_Ruslan_Albegov_RUS,1,gold,discipline=Weightlifting;event=World Weightlifting Championships Men Super heavyweight total;weight_class=Super heavyweight;games=2014 Almaty;entry_country=RUS;source_url=https://en.wikipedia.org/wiki/List_of_World_Championships_medalists_in_weightlifting_(men),10.0
world_weightlifting_championships_2014_men_super-heavyweight,world_weightlifting_athlete_Behdad_Salimi_IRI,2,silver,discipline=Weightlifting;event=World Weightlifting Championships Men Super heavyweight total;weight_class=Super heavyweight;games=2014 Almaty;entry_country=IRI;source_url=https://en.wikipedia.org/wiki/List_of_World_Championships_medalists_in_weightlifting_(men),7.0
world_weightlifting_championships_2014_men_super-heavyweight,world_weightlifting_athlete_Mohamed_Ihsan_EGY,3,bronze,discipline=Weightlifting;event=World Weightlifting Championships Men Super heavyweight total;weight_class=Super heavyweight;games=2014 Almaty;entry_country=EGY;source_url=https://en.wikipedia.org/wiki/List_of_World_Championships_medalists_in_weightlifting_(men),5.0
world_weightlifting_championships_2014_women_bantamweight,world_weightlifting_athlete_Tan_Yayun_CHN,1,gold,discipline=Weightlifting;event=World Weightlifting Championships Women Bantamweight total;weight_class=Bantamweight;games=2014 Almaty;entry_country=CHN;source_url=https://en.wikipedia.org/wiki/List_of_World_Championships_medalists_in_weightlifting_(women),10.0
world_weightlifting_championships_2014_women_bantamweight,world_weightlifting_athlete_Sibel_Özkan_TUR,2,silver,discipline=Weightlifting;event=World Weightlifting Championships Women Bantamweight total;weight_class=Bantamweight;games=2014 Almaty;entry_country=TUR;source_url=https://en.wikipedia.org/wiki/List_of_World_Championships_medalists_in_weightlifting_(women),7.0
world_weightlifting_championships_2014_women_bantamweight,world_weightlifting_athlete_Panida_Khamsri_THA,3,bronze,discipline=Weightlifting;event=World Weightlifting Championships Women Bantamweight total;weight_class=Bantamweight;games=2014 Almaty;entry_country=THA;source_url=https://en.wikipedia.org/wiki/List_of_World_Championships_medalists_in_weightlifting_(women),5.0
world_weightlifting_championships_2014_women_featherweight,world_weightlifting_athlete_Zulfiya_Chinshanlo_KAZ,1,gold,discipline=Weightlifting;event=World Weightlifting Championships Women Featherweight total;weight_class=Featherweight;games=2014 Almaty;entry_country=KAZ;source_url=https://en.wikipedia.org/wiki/List_of_World_Championships_medalists_in_weightlifting_(women),10.0
world_weightlifting_championships_2014_women_featherweight,world_weightlifting_athlete_Hsu_Shu-ching_TPE,2,silver,discipline=Weightlifting;event=World Weightlifting Championships Women Featherweight total;weight_class=Featherweight;games=2014 Almaty;entry_country=TPE;source_url=https://en.wikipedia.org/wiki/List_of_World_Championships_medalists_in_weightlifting_(women),7.0
world_weightlifting_championships_2014_women_featherweight,world_weightlifting_athlete_Li_Yajun_CHN,3,bronze,discipline=Weightlifting;event=World Weightlifting Championships Women Featherweight total;weight_class=Featherweight;games=2014 Almaty;entry_country=CHN;source_url=https://en.wikipedia.org/wiki/List_of_World_Championships_medalists_in_weightlifting_(women),5.0
world_weightlifting_championships_2014_women_light-heavyweight,world_weightlifting_athlete_Ryo_Un-hui_PRK,1,gold,discipline=Weightlifting;event=World Weightlifting Championships Women Light heavyweight total;weight_class=Light heavyweight;games=2014 Almaty;entry_country=PRK;source_url=https://en.wikipedia.org/wiki/List_of_World_Championships_medalists_in_weightlifting_(women),10.0
world_weightlifting_championships_2014_women_light-heavyweight,world_weightlifting_athlete_Zhazira_Zhapparkul_KAZ,2,silver,discipline=Weightlifting;event=World Weightlifting Championships Women Light heavyweight total;weight_class=Light heavyweight;games=2014 Almaty;entry_country=KAZ;source_url=https://en.wikipedia.org/wiki/List_of_World_Championships_medalists_in_weightlifting_(women),7.0
world_weightlifting_championships_2014_women_light-heavyweight,world_weightlifting_athlete_Xiang_Yanmei_CHN,3,bronze,discipline=Weightlifting;event=World Weightlifting Championships Women Light heavyweight total;weight_class=Light heavyweight;games=2014 Almaty;entry_country=CHN;source_url=https://en.wikipedia.org/wiki/List_of_World_Championships_medalists_in_weightlifting_(women),5.0
world_weightlifting_championships_2014_women_lightweight,world_weightlifting_athlete_Deng_Mengrong_CHN,1,gold,discipline=Weightlifting;event=World Weightlifting Championships Women Lightweight total;weight_class=Lightweight;games=2014 Almaty;entry_country=CHN;source_url=https://en.wikipedia.org/wiki/List_of_World_Championships_medalists_in_weightlifting_(women),10.0
world_weightlifting_championships_2014_women_lightweight,world_weightlifting_athlete_Sukanya_Srisurat_THA,2,silver,discipline=Weightlifting;event=World Weightlifting Championships Women Lightweight total;weight_class=Lightweight;games=2014 Almaty;entry_country=THA;source_url=https://en.wikipedia.org/wiki/List_of_World_Championships_medalists_in_weightlifting_(women),7.0
world_weightlifting_championships_2014_women_lightweight,world_weightlifting_athlete_Rattikan_Gulnoi_THA,3,bronze,discipline=Weightlifting;event=World Weightlifting Championships Women Lightweight total;weight_class=Lightweight;games=2014 Almaty;entry_country=THA;source_url=https://en.wikipedia.org/wiki/List_of_World_Championships_medalists_in_weightlifting_(women),5.0
world_weightlifting_championships_2014_women_middle-heavyweight,world_weightlifting_athlete_Nadezhda_Evstyukhina_RUS,1,gold,discipline=Weightlifting;event=World Weightlifting Championships Women Middle heavyweight total;weight_class=Middle heavyweight;games=2014 Almaty;entry_country=RUS;source_url=https://en.wikipedia.org/wiki/List_of_World_Championships_medalists_in_weightlifting_(women),10.0
world_weightlifting_championships_2014_women_middle-heavyweight,world_weightlifting_athlete_Kang_Yue_CHN,2,silver,discipline=Weightlifting;event=World Weightlifting Championships Women Middle heavyweight total;weight_class=Middle heavyweight;games=2014 Almaty;entry_country=CHN;source_url=https://en.wikipedia.org/wiki/List_of_World_Championships_medalists_in_weightlifting_(women),7.0
world_weightlifting_championships_2014_women_middle-heavyweight,world_weightlifting_athlete_Rim_Jong-sim_PRK,3,bronze,discipline=Weightlifting;event=World Weightlifting Championships Women Middle heavyweight total;weight_class=Middle heavyweight;games=2014 Almaty;entry_country=PRK;source_url=https://en.wikipedia.org/wiki/List_of_World_Championships_medalists_in_weightlifting_(women),5.0
world_weightlifting_championships_2014_women_middleweight,world_weightlifting_athlete_Deng_Wei_CHN,1,gold,discipline=Weightlifting;event=World Weightlifting Championships Women Middleweight total;weight_class=Middleweight;games=2014 Almaty;entry_country=CHN;source_url=https://en.wikipedia.org/wiki/List_of_World_Championships_medalists_in_weightlifting_(women),10.0
world_weightlifting_championships_2014_women_middleweight,world_weightlifting_athlete_Tima_Turieva_RUS,2,silver,discipline=Weightlifting;event=World Weightlifting Championships Women Middleweight total;weight_class=Middleweight;games=2014 Almaty;entry_country=RUS;source_url=https://en.wikipedia.org/wiki/List_of_World_Championships_medalists_in_weightlifting_(women),7.0
world_weightlifting_championships_2014_women_middleweight,world_weightlifting_athlete_Choe_Hyo-sim_PRK,3,bronze,discipline=Weightlifting;event=World Weightlifting Championships Women Middleweight total;weight_class=Middleweight;games=2014 Almaty;entry_country=PRK;source_url=https://en.wikipedia.org/wiki/List_of_World_Championships_medalists_in_weightlifting_(women),5.0
world_weightlifting_championships_2014_women_super-heavyweight,world_weightlifting_athlete_Tatiana_Kashirina_RUS,1,gold,discipline=Weightlifting;event=World Weightlifting Championships Women Super heavyweight total;weight_class=Super heavyweight;games=2014 Almaty;entry_country=RUS;source_url=https://en.wikipedia.org/wiki/List_of_World_Championships_medalists_in_weightlifting_(women),10.0
world_weightlifting_championships_2014_women_super-heavyweight,world_weightlifting_athlete_Meng_Suping_CHN,2,silver,discipline=Weightlifting;event=World Weightlifting Championships Women Super heavyweight total;weight_class=Super heavyweight;games=2014 Almaty;entry_country=CHN;source_url=https://en.wikipedia.org/wiki/List_of_World_Championships_medalists_in_weightlifting_(women),7.0
world_weightlifting_championships_2014_women_super-heavyweight,world_weightlifting_athlete_Chitchanok_Pulsabsakul_THA,3,bronze,discipline=Weightlifting;event=World Weightlifting Championships Women Super heavyweight total;weight_class=Super heavyweight;games=2014 Almaty;entry_country=THA;source_url=https://en.wikipedia.org/wiki/List_of_World_Championships_medalists_in_weightlifting_(women),5.0
world_weightlifting_championships_2015_men_bantamweight,world_weightlifting_athlete_Om_Yun-chol_PRK,1,gold,discipline=Weightlifting;event=World Weightlifting Championships Men Bantamweight total;weight_class=Bantamweight;games=2015 Houston;entry_country=PRK;source_url=https://en.wikipedia.org/wiki/List_of_World_Championships_medalists_in_weightlifting_(men),10.0
world_weightlifting_championships_2015_men_bantamweight,world_weightlifting_athlete_Wu_Jingbiao_CHN,2,silver,discipline=Weightlifting;event=World Weightlifting Championships Men Bantamweight total;weight_class=Bantamweight;games=2015 Houston;entry_country=CHN;source_url=https://en.wikipedia.org/wiki/List_of_World_Championships_medalists_in_weightlifting_(men),7.0
world_weightlifting_championships_2015_men_bantamweight,world_weightlifting_athlete_Thch_Kim_Tun_VIE,3,bronze,discipline=Weightlifting;event=World Weightlifting Championships Men Bantamweight total;weight_class=Bantamweight;games=2015 Houston;entry_country=VIE;source_url=https://en.wikipedia.org/wiki/List_of_World_Championships_medalists_in_weightlifting_(men),5.0
world_weightlifting_championships_2015_men_featherweight,world_weightlifting_athlete_Chen_Lijun_CHN,1,gold,discipline=Weightlifting;event=World Weightlifting Championships Men Featherweight total;weight_class=Featherweight;games=2015 Houston;entry_country=CHN;source_url=https://en.wikipedia.org/wiki/List_of_World_Championships_medalists_in_weightlifting_(men),10.0
world_weightlifting_championships_2015_men_featherweight,world_weightlifting_athlete_Francisco_Mosquera_COL,2,silver,discipline=Weightlifting;event=World Weightlifting Championships Men Featherweight total;weight_class=Featherweight;games=2015 Houston;entry_country=COL;source_url=https://en.wikipedia.org/wiki/List_of_World_Championships_medalists_in_weightlifting_(men),7.0
world_weightlifting_championships_2015_men_featherweight,world_weightlifting_athlete_Óscar_Figueroa_COL,3,bronze,discipline=Weightlifting;event=World Weightlifting Championships Men Featherweight total;weight_class=Featherweight;games=2015 Houston;entry_country=COL;source_url=https://en.wikipedia.org/wiki/List_of_World_Championships_medalists_in_weightlifting_(men),5.0
world_weightlifting_championships_2015_men_heavyweight,world_weightlifting_athlete_Alexandr_Zaichikov_KAZ,1,gold,discipline=Weightlifting;event=World Weightlifting Championships Men Heavyweight total;weight_class=Heavyweight;games=2015 Houston;entry_country=KAZ;source_url=https://en.wikipedia.org/wiki/List_of_World_Championships_medalists_in_weightlifting_(men),10.0
world_weightlifting_championships_2015_men_heavyweight,world_weightlifting_athlete_David_Bedzhanyan_RUS,2,silver,discipline=Weightlifting;event=World Weightlifting Championships Men Heavyweight total;weight_class=Heavyweight;games=2015 Houston;entry_country=RUS;source_url=https://en.wikipedia.org/wiki/List_of_World_Championships_medalists_in_weightlifting_(men),7.0
world_weightlifting_championships_2015_men_heavyweight,world_weightlifting_athlete_Artrs_Plsnieks_LAT,3,bronze,discipline=Weightlifting;event=World Weightlifting Championships Men Heavyweight total;weight_class=Heavyweight;games=2015 Houston;entry_country=LAT;source_url=https://en.wikipedia.org/wiki/List_of_World_Championships_medalists_in_weightlifting_(men),5.0
world_weightlifting_championships_2015_men_light-heavyweight,world_weightlifting_athlete_Artem_Okulov_RUS,1,gold,discipline=Weightlifting;event=World Weightlifting Championships Men Light heavyweight total;weight_class=Light heavyweight;games=2015 Houston;entry_country=RUS;source_url=https://en.wikipedia.org/wiki/List_of_World_Championships_medalists_in_weightlifting_(men),10.0
world_weightlifting_championships_2015_men_light-heavyweight,world_weightlifting_athlete_Kianoush_Rostami_IRI,2,silver,discipline=Weightlifting;event=World Weightlifting Championships Men Light heavyweight total;weight_class=Light heavyweight;games=2015 Houston;entry_country=IRI;source_url=https://en.wikipedia.org/wiki/List_of_World_Championships_medalists_in_weightlifting_(men),7.0
world_weightlifting_championships_2015_men_light-heavyweight,world_weightlifting_athlete_Apti_Aukhadov_RUS,3,bronze,discipline=Weightlifting;event=World Weightlifting Championships Men Light heavyweight total;weight_class=Light heavyweight;games=2015 Houston;entry_country=RUS;source_url=https://en.wikipedia.org/wiki/List_of_World_Championships_medalists_in_weightlifting_(men),5.0
world_weightlifting_championships_2015_men_lightweight,world_weightlifting_athlete_Shi_Zhiyong_CHN,1,gold,discipline=Weightlifting;event=World Weightlifting Championships Men Lightweight total;weight_class=Lightweight;games=2015 Houston;entry_country=CHN;source_url=https://en.wikipedia.org/wiki/List_of_World_Championships_medalists_in_weightlifting_(men),10.0
world_weightlifting_championships_2015_men_lightweight,world_weightlifting_athlete_Oleg_Chen_RUS,2,silver,discipline=Weightlifting;event=World Weightlifting Championships Men Lightweight total;weight_class=Lightweight;games=2015 Houston;entry_country=RUS;source_url=https://en.wikipedia.org/wiki/List_of_World_Championships_medalists_in_weightlifting_(men),7.0
world_weightlifting_championships_2015_men_lightweight,world_weightlifting_athlete_Daniyar_smayilov_TUR,3,bronze,discipline=Weightlifting;event=World Weightlifting Championships Men Lightweight total;weight_class=Lightweight;games=2015 Houston;entry_country=TUR;source_url=https://en.wikipedia.org/wiki/List_of_World_Championships_medalists_in_weightlifting_(men),5.0
world_weightlifting_championships_2015_men_middle-heavyweight,world_weightlifting_athlete_Vadzim_Straltsou_BLR,1,gold,discipline=Weightlifting;event=World Weightlifting Championships Men Middle heavyweight total;weight_class=Middle heavyweight;games=2015 Houston;entry_country=BLR;source_url=https://en.wikipedia.org/wiki/List_of_World_Championships_medalists_in_weightlifting_(men),10.0
world_weightlifting_championships_2015_men_middle-heavyweight,world_weightlifting_athlete_Adrian_Zieliski_POL,2,silver,discipline=Weightlifting;event=World Weightlifting Championships Men Middle heavyweight total;weight_class=Middle heavyweight;games=2015 Houston;entry_country=POL;source_url=https://en.wikipedia.org/wiki/List_of_World_Championships_medalists_in_weightlifting_(men),7.0
world_weightlifting_championships_2015_men_middle-heavyweight,world_weightlifting_athlete_Dmytro_Chumak_UKR,3,bronze,discipline=Weightlifting;event=World Weightlifting Championships Men Middle heavyweight total;weight_class=Middle heavyweight;games=2015 Houston;entry_country=UKR;source_url=https://en.wikipedia.org/wiki/List_of_World_Championships_medalists_in_weightlifting_(men),5.0
world_weightlifting_championships_2015_men_middleweight,world_weightlifting_athlete_Nijat_Rahimov_KAZ,1,gold,discipline=Weightlifting;event=World Weightlifting Championships Men Middleweight total;weight_class=Middleweight;games=2015 Houston;entry_country=KAZ;source_url=https://en.wikipedia.org/wiki/List_of_World_Championships_medalists_in_weightlifting_(men),10.0
world_weightlifting_championships_2015_men_middleweight,world_weightlifting_athlete_Mohamed_Ehab_EGY,2,silver,discipline=Weightlifting;event=World Weightlifting Championships Men Middleweight total;weight_class=Middleweight;games=2015 Houston;entry_country=EGY;source_url=https://en.wikipedia.org/wiki/List_of_World_Championships_medalists_in_weightlifting_(men),7.0
world_weightlifting_championships_2015_men_middleweight,world_weightlifting_athlete_Andranik_Karapetyan_ARM,3,bronze,discipline=Weightlifting;event=World Weightlifting Championships Men Middleweight total;weight_class=Middleweight;games=2015 Houston;entry_country=ARM;source_url=https://en.wikipedia.org/wiki/List_of_World_Championships_medalists_in_weightlifting_(men),5.0
world_weightlifting_championships_2015_men_super-heavyweight,world_weightlifting_athlete_Lasha_Talakhadze_GEO,1,gold,discipline=Weightlifting;event=World Weightlifting Championships Men Super heavyweight total;weight_class=Super heavyweight;games=2015 Houston;entry_country=GEO;source_url=https://en.wikipedia.org/wiki/List_of_World_Championships_medalists_in_weightlifting_(men),10.0
world_weightlifting_championships_2015_men_super-heavyweight,world_weightlifting_athlete_Mart_Seim_EST,2,silver,discipline=Weightlifting;event=World Weightlifting Championships Men Super heavyweight total;weight_class=Super heavyweight;games=2015 Houston;entry_country=EST;source_url=https://en.wikipedia.org/wiki/List_of_World_Championships_medalists_in_weightlifting_(men),7.0
world_weightlifting_championships_2015_men_super-heavyweight,world_weightlifting_athlete_Gor_Minasyan_ARM,3,bronze,discipline=Weightlifting;event=World Weightlifting Championships Men Super heavyweight total;weight_class=Super heavyweight;games=2015 Houston;entry_country=ARM;source_url=https://en.wikipedia.org/wiki/List_of_World_Championships_medalists_in_weightlifting_(men),5.0
world_weightlifting_championships_2015_women_bantamweight,world_weightlifting_athlete_Jiang_Huihua_CHN,1,gold,discipline=Weightlifting;event=World Weightlifting Championships Women Bantamweight total;weight_class=Bantamweight;games=2015 Houston;entry_country=CHN;source_url=https://en.wikipedia.org/wiki/List_of_World_Championships_medalists_in_weightlifting_(women),10.0
world_weightlifting_championships_2015_women_bantamweight,world_weightlifting_athlete_Vng_Th_Huyn_VIE,2,silver,discipline=Weightlifting;event=World Weightlifting Championships Women Bantamweight total;weight_class=Bantamweight;games=2015 Houston;entry_country=VIE;source_url=https://en.wikipedia.org/wiki/List_of_World_Championships_medalists_in_weightlifting_(women),7.0
world_weightlifting_championships_2015_women_bantamweight,world_weightlifting_athlete_Hiromi_Miyake_JPN,3,bronze,discipline=Weightlifting;event=World Weightlifting Championships Women Bantamweight total;weight_class=Bantamweight;games=2015 Houston;entry_country=JPN;source_url=https://en.wikipedia.org/wiki/List_of_World_Championships_medalists_in_weightlifting_(women),5.0
world_weightlifting_championships_2015_women_featherweight,world_weightlifting_athlete_Hsu_Shu-ching_TPE,1,gold,discipline=Weightlifting;event=World Weightlifting Championships Women Featherweight total;weight_class=Featherweight;games=2015 Houston;entry_country=TPE;source_url=https://en.wikipedia.org/wiki/List_of_World_Championships_medalists_in_weightlifting_(women),10.0
world_weightlifting_championships_2015_women_featherweight,world_weightlifting_athlete_Chen_Xiaoting_CHN,2,silver,discipline=Weightlifting;event=World Weightlifting Championships Women Featherweight total;weight_class=Featherweight;games=2015 Houston;entry_country=CHN;source_url=https://en.wikipedia.org/wiki/List_of_World_Championships_medalists_in_weightlifting_(women),7.0
world_weightlifting_championships_2015_women_featherweight,world_weightlifting_athlete_Hidilyn_Diaz_PHI,3,bronze,discipline=Weightlifting;event=World Weightlifting Championships Women Featherweight total;weight_class=Featherweight;games=2015 Houston;entry_country=PHI;source_url=https://en.wikipedia.org/wiki/List_of_World_Championships_medalists_in_weightlifting_(women),5.0
world_weightlifting_championships_2015_women_light-heavyweight,world_weightlifting_athlete_Xiang_Yanmei_CHN,1,gold,discipline=Weightlifting;event=World Weightlifting Championships Women Light heavyweight total;weight_class=Light heavyweight;games=2015 Houston;entry_country=CHN;source_url=https://en.wikipedia.org/wiki/List_of_World_Championships_medalists_in_weightlifting_(women),10.0
world_weightlifting_championships_2015_women_light-heavyweight,world_weightlifting_athlete_Zhazira_Zhapparkul_KAZ,2,silver,discipline=Weightlifting;event=World Weightlifting Championships Women Light heavyweight total;weight_class=Light heavyweight;games=2015 Houston;entry_country=KAZ;source_url=https://en.wikipedia.org/wiki/List_of_World_Championships_medalists_in_weightlifting_(women),7.0
world_weightlifting_championships_2015_women_light-heavyweight,world_weightlifting_athlete_Anastasia_Romanova_RUS,3,bronze,discipline=Weightlifting;event=World Weightlifting Championships Women Light heavyweight total;weight_class=Light heavyweight;games=2015 Houston;entry_country=RUS;source_url=https://en.wikipedia.org/wiki/List_of_World_Championships_medalists_in_weightlifting_(women),5.0
world_weightlifting_championships_2015_women_lightweight,world_weightlifting_athlete_Boyanka_Kostova_AZE,1,gold,discipline=Weightlifting;event=World Weightlifting Championships Women Lightweight total;weight_class=Lightweight;games=2015 Houston;entry_country=AZE;source_url=https://en.wikipedia.org/wiki/List_of_World_Championships_medalists_in_weightlifting_(women),10.0
world_weightlifting_championships_2015_women_lightweight,world_weightlifting_athlete_Deng_Mengrong_CHN,2,silver,discipline=Weightlifting;event=World Weightlifting Championships Women Lightweight total;weight_class=Lightweight;games=2015 Houston;entry_country=CHN;source_url=https://en.wikipedia.org/wiki/List_of_World_Championships_medalists_in_weightlifting_(women),7.0
world_weightlifting_championships_2015_women_lightweight,world_weightlifting_athlete_Kuo_Hsing-chun_TPE,3,bronze,discipline=Weightlifting;event=World Weightlifting Championships Women Lightweight total;weight_class=Lightweight;games=2015 Houston;entry_country=TPE;source_url=https://en.wikipedia.org/wiki/List_of_World_Championships_medalists_in_weightlifting_(women),5.0
world_weightlifting_championships_2015_women_middle-heavyweight,world_weightlifting_athlete_Kang_Yue_CHN,1,gold,discipline=Weightlifting;event=World Weightlifting Championships Women Middle heavyweight total;weight_class=Middle heavyweight;games=2015 Houston;entry_country=CHN;source_url=https://en.wikipedia.org/wiki/List_of_World_Championships_medalists_in_weightlifting_(women),10.0
world_weightlifting_championships_2015_women_middle-heavyweight,world_weightlifting_athlete_Rim_Jong-sim_PRK,2,silver,discipline=Weightlifting;event=World Weightlifting Championships Women Middle heavyweight total;weight_class=Middle heavyweight;games=2015 Houston;entry_country=PRK;source_url=https://en.wikipedia.org/wiki/List_of_World_Championships_medalists_in_weightlifting_(women),7.0
world_weightlifting_championships_2015_women_middle-heavyweight,world_weightlifting_athlete_Svetlana_Podobedova_KAZ,3,bronze,discipline=Weightlifting;event=World Weightlifting Championships Women Middle heavyweight total;weight_class=Middle heavyweight;games=2015 Houston;entry_country=KAZ;source_url=https://en.wikipedia.org/wiki/List_of_World_Championships_medalists_in_weightlifting_(women),5.0
world_weightlifting_championships_2015_women_middleweight,world_weightlifting_athlete_Deng_Wei_CHN,1,gold,discipline=Weightlifting;event=World Weightlifting Championships Women Middleweight total;weight_class=Middleweight;games=2015 Houston;entry_country=CHN;source_url=https://en.wikipedia.org/wiki/List_of_World_Championships_medalists_in_weightlifting_(women),10.0
world_weightlifting_championships_2015_women_middleweight,world_weightlifting_athlete_Tima_Turieva_RUS,2,silver,discipline=Weightlifting;event=World Weightlifting Championships Women Middleweight total;weight_class=Middleweight;games=2015 Houston;entry_country=RUS;source_url=https://en.wikipedia.org/wiki/List_of_World_Championships_medalists_in_weightlifting_(women),7.0
world_weightlifting_championships_2015_women_middleweight,world_weightlifting_athlete_Choe_Hyo-sim_PRK,3,bronze,discipline=Weightlifting;event=World Weightlifting Championships Women Middleweight total;weight_class=Middleweight;games=2015 Houston;entry_country=PRK;source_url=https://en.wikipedia.org/wiki/List_of_World_Championships_medalists_in_weightlifting_(women),5.0
world_weightlifting_championships_2015_women_super-heavyweight,world_weightlifting_athlete_Tatiana_Kashirina_RUS,1,gold,discipline=Weightlifting;event=World Weightlifting Championships Women Super heavyweight total;weight_class=Super heavyweight;games=2015 Houston;entry_country=RUS;source_url=https://en.wikipedia.org/wiki/List_of_World_Championships_medalists_in_weightlifting_(women),10.0
world_weightlifting_championships_2015_women_super-heavyweight,world_weightlifting_athlete_Meng_Suping_CHN,2,silver,discipline=Weightlifting;event=World Weightlifting Championships Women Super heavyweight total;weight_class=Super heavyweight;games=2015 Houston;entry_country=CHN;source_url=https://en.wikipedia.org/wiki/List_of_World_Championships_medalists_in_weightlifting_(women),7.0
world_weightlifting_championships_2015_women_super-heavyweight,world_weightlifting_athlete_Kim_Kuk-hyang_PRK,3,bronze,discipline=Weightlifting;event=World Weightlifting Championships Women Super heavyweight total;weight_class=Super heavyweight;games=2015 Houston;entry_country=PRK;source_url=https://en.wikipedia.org/wiki/List_of_World_Championships_medalists_in_weightlifting_(women),5.0
world_weightlifting_championships_2017_men_bantamweight,world_weightlifting_athlete_Thch_Kim_Tun_VIE,1,gold,discipline=Weightlifting;event=World Weightlifting Championships Men Bantamweight total;weight_class=Bantamweight;games=2017 Anaheim;entry_country=VIE;source_url=https://en.wikipedia.org/wiki/List_of_World_Championships_medalists_in_weightlifting_(men),10.0
world_weightlifting_championships_2017_men_bantamweight,world_weightlifting_athlete_Trn_Lê_Quc_Toàn_VIE,2,silver,discipline=Weightlifting;event=World Weightlifting Championships Men Bantamweight total;weight_class=Bantamweight;games=2017 Anaheim;entry_country=VIE;source_url=https://en.wikipedia.org/wiki/List_of_World_Championships_medalists_in_weightlifting_(men),7.0
world_weightlifting_championships_2017_men_bantamweight,world_weightlifting_athlete_Carlos_Berna_COL,3,bronze,discipline=Weightlifting;event=World Weightlifting Championships Men Bantamweight total;weight_class=Bantamweight;games=2017 Anaheim;entry_country=COL;source_url=https://en.wikipedia.org/wiki/List_of_World_Championships_medalists_in_weightlifting_(men),5.0
world_weightlifting_championships_2017_men_featherweight,world_weightlifting_athlete_Francisco_Mosquera_COL,1,gold,discipline=Weightlifting;event=World Weightlifting Championships Men Featherweight total;weight_class=Featherweight;games=2017 Anaheim;entry_country=COL;source_url=https://en.wikipedia.org/wiki/List_of_World_Championships_medalists_in_weightlifting_(men),10.0
world_weightlifting_championships_2017_men_featherweight,world_weightlifting_athlete_Yoichi_Itokazu_JPN,2,silver,discipline=Weightlifting;event=World Weightlifting Championships Men Featherweight total;weight_class=Featherweight;games=2017 Anaheim;entry_country=JPN;source_url=https://en.wikipedia.org/wiki/List_of_World_Championships_medalists_in_weightlifting_(men),7.0
world_weightlifting_championships_2017_men_featherweight,world_weightlifting_athlete_Shota_Mishvelidze_GEO,3,bronze,discipline=Weightlifting;event=World Weightlifting Championships Men Featherweight total;weight_class=Featherweight;games=2017 Anaheim;entry_country=GEO;source_url=https://en.wikipedia.org/wiki/List_of_World_Championships_medalists_in_weightlifting_(men),5.0
world_weightlifting_championships_2017_men_heavyweight,world_weightlifting_athlete_Ali_Hashemi_IRI,1,gold,discipline=Weightlifting;event=World Weightlifting Championships Men Heavyweight total;weight_class=Heavyweight;games=2017 Anaheim;entry_country=IRI;source_url=https://en.wikipedia.org/wiki/List_of_World_Championships_medalists_in_weightlifting_(men),10.0
world_weightlifting_championships_2017_men_heavyweight,world_weightlifting_athlete_Artrs_Plsnieks_LAT,2,silver,discipline=Weightlifting;event=World Weightlifting Championships Men Heavyweight total;weight_class=Heavyweight;games=2017 Anaheim;entry_country=LAT;source_url=https://en.wikipedia.org/wiki/List_of_World_Championships_medalists_in_weightlifting_(men),7.0
world_weightlifting_championships_2017_men_heavyweight,world_weightlifting_athlete_Ivan_Efremov_UZB,3,bronze,discipline=Weightlifting;event=World Weightlifting Championships Men Heavyweight total;weight_class=Heavyweight;games=2017 Anaheim;entry_country=UZB;source_url=https://en.wikipedia.org/wiki/List_of_World_Championships_medalists_in_weightlifting_(men),5.0
world_weightlifting_championships_2017_men_light-heavyweight,world_weightlifting_athlete_Arley_Méndez_CHI,1,gold,discipline=Weightlifting;event=World Weightlifting Championships Men Light heavyweight total;weight_class=Light heavyweight;games=2017 Anaheim;entry_country=CHI;source_url=https://en.wikipedia.org/wiki/List_of_World_Championships_medalists_in_weightlifting_(men),10.0
world_weightlifting_championships_2017_men_light-heavyweight,world_weightlifting_athlete_Krzysztof_Zwarycz_POL,2,silver,discipline=Weightlifting;event=World Weightlifting Championships Men Light heavyweight total;weight_class=Light heavyweight;games=2017 Anaheim;entry_country=POL;source_url=https://en.wikipedia.org/wiki/List_of_World_Championships_medalists_in_weightlifting_(men),7.0
world_weightlifting_championships_2017_men_light-heavyweight,world_weightlifting_athlete_Antonino_Pizzolato_ITA,3,bronze,discipline=Weightlifting;event=World Weightlifting Championships Men Light heavyweight total;weight_class=Light heavyweight;games=2017 Anaheim;entry_country=ITA;source_url=https://en.wikipedia.org/wiki/List_of_World_Championships_medalists_in_weightlifting_(men),5.0
world_weightlifting_championships_2017_men_lightweight,world_weightlifting_athlete_Won_Jeong-sik_KOR,1,gold,discipline=Weightlifting;event=World Weightlifting Championships Men Lightweight total;weight_class=Lightweight;games=2017 Anaheim;entry_country=KOR;source_url=https://en.wikipedia.org/wiki/List_of_World_Championships_medalists_in_weightlifting_(men),10.0
world_weightlifting_championships_2017_men_lightweight,world_weightlifting_athlete_Tairat_Bunsuk_THA,2,silver,discipline=Weightlifting;event=World Weightlifting Championships Men Lightweight total;weight_class=Lightweight;games=2017 Anaheim;entry_country=THA;source_url=https://en.wikipedia.org/wiki/List_of_World_Championships_medalists_in_weightlifting_(men),7.0
world_weightlifting_championships_2017_men_lightweight,world_weightlifting_athlete_Bernardin_Matam_FRA,3,bronze,discipline=Weightlifting;event=World Weightlifting Championships Men Lightweight total;weight_class=Lightweight;games=2017 Anaheim;entry_country=FRA;source_url=https://en.wikipedia.org/wiki/List_of_World_Championships_medalists_in_weightlifting_(men),5.0
world_weightlifting_championships_2017_men_middle-heavyweight,world_weightlifting_athlete_Sohrab_Moradi_IRI,1,gold,discipline=Weightlifting;event=World Weightlifting Championships Men Middle heavyweight total;weight_class=Middle heavyweight;games=2017 Anaheim;entry_country=IRI;source_url=https://en.wikipedia.org/wiki/List_of_World_Championships_medalists_in_weightlifting_(men),10.0
world_weightlifting_championships_2017_men_middle-heavyweight,world_weightlifting_athlete_Ayoub_Mousavi_IRI,2,silver,discipline=Weightlifting;event=World Weightlifting Championships Men Middle heavyweight total;weight_class=Middle heavyweight;games=2017 Anaheim;entry_country=IRI;source_url=https://en.wikipedia.org/wiki/List_of_World_Championships_medalists_in_weightlifting_(men),7.0
world_weightlifting_championships_2017_men_middle-heavyweight,world_weightlifting_athlete_Fares_El-Bakh_QAT,3,bronze,discipline=Weightlifting;event=World Weightlifting Championships Men Middle heavyweight total;weight_class=Middle heavyweight;games=2017 Anaheim;entry_country=QAT;source_url=https://en.wikipedia.org/wiki/List_of_World_Championships_medalists_in_weightlifting_(men),5.0
world_weightlifting_championships_2017_men_middleweight,world_weightlifting_athlete_Mohamed_Ehab_EGY,1,gold,discipline=Weightlifting;event=World Weightlifting Championships Men Middleweight total;weight_class=Middleweight;games=2017 Anaheim;entry_country=EGY;source_url=https://en.wikipedia.org/wiki/List_of_World_Championships_medalists_in_weightlifting_(men),10.0
world_weightlifting_championships_2017_men_middleweight,world_weightlifting_athlete_Rejepbaý_Rejepow_TKM,2,silver,discipline=Weightlifting;event=World Weightlifting Championships Men Middleweight total;weight_class=Middleweight;games=2017 Anaheim;entry_country=TKM;source_url=https://en.wikipedia.org/wiki/List_of_World_Championships_medalists_in_weightlifting_(men),7.0
world_weightlifting_championships_2017_men_middleweight,world_weightlifting_athlete_Harrison_Maurus_USA,3,bronze,discipline=Weightlifting;event=World Weightlifting Championships Men Middleweight total;weight_class=Middleweight;games=2017 Anaheim;entry_country=USA;source_url=https://en.wikipedia.org/wiki/List_of_World_Championships_medalists_in_weightlifting_(men),5.0
world_weightlifting_championships_2017_men_super-heavyweight,world_weightlifting_athlete_Lasha_Talakhadze_GEO,1,gold,discipline=Weightlifting;event=World Weightlifting Championships Men Super heavyweight total;weight_class=Super heavyweight;games=2017 Anaheim;entry_country=GEO;source_url=https://en.wikipedia.org/wiki/List_of_World_Championships_medalists_in_weightlifting_(men),10.0
world_weightlifting_championships_2017_men_super-heavyweight,world_weightlifting_athlete_Saeid_Alihosseini_IRI,2,silver,discipline=Weightlifting;event=World Weightlifting Championships Men Super heavyweight total;weight_class=Super heavyweight;games=2017 Anaheim;entry_country=IRI;source_url=https://en.wikipedia.org/wiki/List_of_World_Championships_medalists_in_weightlifting_(men),7.0
world_weightlifting_championships_2017_men_super-heavyweight,world_weightlifting_athlete_Behdad_Salimi_IRI,3,bronze,discipline=Weightlifting;event=World Weightlifting Championships Men Super heavyweight total;weight_class=Super heavyweight;games=2017 Anaheim;entry_country=IRI;source_url=https://en.wikipedia.org/wiki/List_of_World_Championships_medalists_in_weightlifting_(men),5.0
world_weightlifting_championships_2017_women_bantamweight,world_weightlifting_athlete_Mirabai_Chanu_IND,1,gold,discipline=Weightlifting;event=World Weightlifting Championships Women Bantamweight total;weight_class=Bantamweight;games=2017 Anaheim;entry_country=IND;source_url=https://en.wikipedia.org/wiki/List_of_World_Championships_medalists_in_weightlifting_(women),10.0
world_weightlifting_championships_2017_women_bantamweight,world_weightlifting_athlete_Thunya_Sukcharoen_THA,2,silver,discipline=Weightlifting;event=World Weightlifting Championships Women Bantamweight total;weight_class=Bantamweight;games=2017 Anaheim;entry_country=THA;source_url=https://en.wikipedia.org/wiki/List_of_World_Championships_medalists_in_weightlifting_(women),7.0
world_weightlifting_championships_2017_women_bantamweight,world_weightlifting_athlete_Ana_Segura_COL,3,bronze,discipline=Weightlifting;event=World Weightlifting Championships Women Bantamweight total;weight_class=Bantamweight;games=2017 Anaheim;entry_country=COL;source_url=https://en.wikipedia.org/wiki/List_of_World_Championships_medalists_in_weightlifting_(women),5.0
world_weightlifting_championships_2017_women_featherweight,world_weightlifting_athlete_Sopita_Tanasan_THA,1,gold,discipline=Weightlifting;event=World Weightlifting Championships Women Featherweight total;weight_class=Featherweight;games=2017 Anaheim;entry_country=THA;source_url=https://en.wikipedia.org/wiki/List_of_World_Championships_medalists_in_weightlifting_(women),10.0
world_weightlifting_championships_2017_women_featherweight,world_weightlifting_athlete_Kristina_ermetowa_TKM,2,silver,discipline=Weightlifting;event=World Weightlifting Championships Women Featherweight total;weight_class=Featherweight;games=2017 Anaheim;entry_country=TKM;source_url=https://en.wikipedia.org/wiki/List_of_World_Championships_medalists_in_weightlifting_(women),7.0
world_weightlifting_championships_2017_women_featherweight,world_weightlifting_athlete_Hidilyn_Diaz_PHI,3,bronze,discipline=Weightlifting;event=World Weightlifting Championships Women Featherweight total;weight_class=Featherweight;games=2017 Anaheim;entry_country=PHI;source_url=https://en.wikipedia.org/wiki/List_of_World_Championships_medalists_in_weightlifting_(women),5.0
world_weightlifting_championships_2017_women_heavyweight,world_weightlifting_athlete_Anastasiia_Hotfrid_GEO,1,gold,discipline=Weightlifting;event=World Weightlifting Championships Women Heavyweight total;weight_class=Heavyweight;games=2017 Anaheim;entry_country=GEO;source_url=https://en.wikipedia.org/wiki/List_of_World_Championships_medalists_in_weightlifting_(women),10.0
world_weightlifting_championships_2017_women_heavyweight,world_weightlifting_athlete_María_Fernanda_Valdés_CHI,2,silver,discipline=Weightlifting;event=World Weightlifting Championships Women Heavyweight total;weight_class=Heavyweight;games=2017 Anaheim;entry_country=CHI;source_url=https://en.wikipedia.org/wiki/List_of_World_Championships_medalists_in_weightlifting_(women),7.0
world_weightlifting_championships_2017_women_heavyweight,world_weightlifting_athlete_Crismery_Santana_DOM,3,bronze,discipline=Weightlifting;event=World Weightlifting Championships Women Heavyweight total;weight_class=Heavyweight;games=2017 Anaheim;entry_country=DOM;source_url=https://en.wikipedia.org/wiki/List_of_World_Championships_medalists_in_weightlifting_(women),5.0
world_weightlifting_championships_2017_women_light-heavyweight,world_weightlifting_athlete_Leydi_Solís_COL,1,gold,discipline=Weightlifting;event=World Weightlifting Championships Women Light heavyweight total;weight_class=Light heavyweight;games=2017 Anaheim;entry_country=COL;source_url=https://en.wikipedia.org/wiki/List_of_World_Championships_medalists_in_weightlifting_(women),10.0
world_weightlifting_championships_2017_women_light-heavyweight,world_weightlifting_athlete_Mattie_Rogers_USA,2,silver,discipline=Weightlifting;event=World Weightlifting Championships Women Light heavyweight total;weight_class=Light heavyweight;games=2017 Anaheim;entry_country=USA;source_url=https://en.wikipedia.org/wiki/List_of_World_Championships_medalists_in_weightlifting_(women),7.0
world_weightlifting_championships_2017_women_light-heavyweight,world_weightlifting_athlete_Miyareth_Mendoza_COL,3,bronze,discipline=Weightlifting;event=World Weightlifting Championships Women Light heavyweight total;weight_class=Light heavyweight;games=2017 Anaheim;entry_country=COL;source_url=https://en.wikipedia.org/wiki/List_of_World_Championships_medalists_in_weightlifting_(women),5.0
world_weightlifting_championships_2017_women_lightweight,world_weightlifting_athlete_Kuo_Hsing-chun_TPE,1,gold,discipline=Weightlifting;event=World Weightlifting Championships Women Lightweight total;weight_class=Lightweight;games=2017 Anaheim;entry_country=TPE;source_url=https://en.wikipedia.org/wiki/List_of_World_Championships_medalists_in_weightlifting_(women),10.0
world_weightlifting_championships_2017_women_lightweight,world_weightlifting_athlete_Sukanya_Srisurat_THA,2,silver,discipline=Weightlifting;event=World Weightlifting Championships Women Lightweight total;weight_class=Lightweight;games=2017 Anaheim;entry_country=THA;source_url=https://en.wikipedia.org/wiki/List_of_World_Championships_medalists_in_weightlifting_(women),7.0
world_weightlifting_championships_2017_women_lightweight,world_weightlifting_athlete_Rebeka_Koha_LAT,3,bronze,discipline=Weightlifting;event=World Weightlifting Championships Women Lightweight total;weight_class=Lightweight;games=2017 Anaheim;entry_country=LAT;source_url=https://en.wikipedia.org/wiki/List_of_World_Championships_medalists_in_weightlifting_(women),5.0
world_weightlifting_championships_2017_women_middle-heavyweight,world_weightlifting_athlete_Lydia_Valentín_ESP,1,gold,discipline=Weightlifting;event=World Weightlifting Championships Women Middle heavyweight total;weight_class=Middle heavyweight;games=2017 Anaheim;entry_country=ESP;source_url=https://en.wikipedia.org/wiki/List_of_World_Championships_medalists_in_weightlifting_(women),10.0
world_weightlifting_championships_2017_women_middle-heavyweight,world_weightlifting_athlete_Neisi_Dájomes_ECU,2,silver,discipline=Weightlifting;event=World Weightlifting Championships Women Middle heavyweight total;weight_class=Middle heavyweight;games=2017 Anaheim;entry_country=ECU;source_url=https://en.wikipedia.org/wiki/List_of_World_Championships_medalists_in_weightlifting_(women),7.0
world_weightlifting_championships_2017_women_middle-heavyweight,world_weightlifting_athlete_Gaëlle_Nayo-Ketchanke_FRA,3,bronze,discipline=Weightlifting;event=World Weightlifting Championships Women Middle heavyweight total;weight_class=Middle heavyweight;games=2017 Anaheim;entry_country=FRA;source_url=https://en.wikipedia.org/wiki/List_of_World_Championships_medalists_in_weightlifting_(women),5.0
world_weightlifting_championships_2017_women_middleweight,world_weightlifting_athlete_Loredana_Toma_ROU,1,gold,discipline=Weightlifting;event=World Weightlifting Championships Women Middleweight total;weight_class=Middleweight;games=2017 Anaheim;entry_country=ROU;source_url=https://en.wikipedia.org/wiki/List_of_World_Championships_medalists_in_weightlifting_(women),10.0
world_weightlifting_championships_2017_women_middleweight,world_weightlifting_athlete_Lina_Rivas_COL,2,silver,discipline=Weightlifting;event=World Weightlifting Championships Women Middleweight total;weight_class=Middleweight;games=2017 Anaheim;entry_country=COL;source_url=https://en.wikipedia.org/wiki/List_of_World_Championships_medalists_in_weightlifting_(women),7.0
world_weightlifting_championships_2017_women_middleweight,world_weightlifting_athlete_Mercedes_Pérez_COL,3,bronze,discipline=Weightlifting;event=World Weightlifting Championships Women Middleweight total;weight_class=Middleweight;games=2017 Anaheim;entry_country=COL;source_url=https://en.wikipedia.org/wiki/List_of_World_Championships_medalists_in_weightlifting_(women),5.0
world_weightlifting_championships_2017_women_super-heavyweight,world_weightlifting_athlete_Sarah_Robles_USA,1,gold,discipline=Weightlifting;event=World Weightlifting Championships Women Super heavyweight total;weight_class=Super heavyweight;games=2017 Anaheim;entry_country=USA;source_url=https://en.wikipedia.org/wiki/List_of_World_Championships_medalists_in_weightlifting_(women),10.0
world_weightlifting_championships_2017_women_super-heavyweight,world_weightlifting_athlete_Laurel_Hubbard_NZL,2,silver,discipline=Weightlifting;event=World Weightlifting Championships Women Super heavyweight total;weight_class=Super heavyweight;games=2017 Anaheim;entry_country=NZL;source_url=https://en.wikipedia.org/wiki/List_of_World_Championships_medalists_in_weightlifting_(women),7.0
world_weightlifting_championships_2017_women_super-heavyweight,world_weightlifting_athlete_Shaimaa_Khalaf_EGY,3,bronze,discipline=Weightlifting;event=World Weightlifting Championships Women Super heavyweight total;weight_class=Super heavyweight;games=2017 Anaheim;entry_country=EGY;source_url=https://en.wikipedia.org/wiki/List_of_World_Championships_medalists_in_weightlifting_(women),5.0
world_weightlifting_championships_2018_men_bantamweight,world_weightlifting_athlete_Eko_Yuli_Irawan_INA,1,gold,discipline=Weightlifting;event=World Weightlifting Championships Men Bantamweight total;weight_class=Bantamweight;games=2018 Ashgabat;entry_country=INA;source_url=https://en.wikipedia.org/wiki/List_of_World_Championships_medalists_in_weightlifting_(men),10.0
world_weightlifting_championships_2018_men_bantamweight,world_weightlifting_athlete_Li_Fabin_CHN,2,silver,discipline=Weightlifting;event=World Weightlifting Championships Men Bantamweight total;weight_class=Bantamweight;games=2018 Ashgabat;entry_country=CHN;source_url=https://en.wikipedia.org/wiki/List_of_World_Championships_medalists_in_weightlifting_(men),7.0
world_weightlifting_championships_2018_men_bantamweight,world_weightlifting_athlete_Qin_Fulin_CHN,3,bronze,discipline=Weightlifting;event=World Weightlifting Championships Men Bantamweight total;weight_class=Bantamweight;games=2018 Ashgabat;entry_country=CHN;source_url=https://en.wikipedia.org/wiki/List_of_World_Championships_medalists_in_weightlifting_(men),5.0
world_weightlifting_championships_2018_men_featherweight,world_weightlifting_athlete_Chen_Lijun_CHN,1,gold,discipline=Weightlifting;event=World Weightlifting Championships Men Featherweight total;weight_class=Featherweight;games=2018 Ashgabat;entry_country=CHN;source_url=https://en.wikipedia.org/wiki/List_of_World_Championships_medalists_in_weightlifting_(men),10.0
world_weightlifting_championships_2018_men_featherweight,world_weightlifting_athlete_Huang_Minhao_CHN,2,silver,discipline=Weightlifting;event=World Weightlifting Championships Men Featherweight total;weight_class=Featherweight;games=2018 Ashgabat;entry_country=CHN;source_url=https://en.wikipedia.org/wiki/List_of_World_Championships_medalists_in_weightlifting_(men),7.0
world_weightlifting_championships_2018_men_featherweight,world_weightlifting_athlete_Julio_Mayora_VEN,3,bronze,discipline=Weightlifting;event=World Weightlifting Championships Men Featherweight total;weight_class=Featherweight;games=2018 Ashgabat;entry_country=VEN;source_url=https://en.wikipedia.org/wiki/List_of_World_Championships_medalists_in_weightlifting_(men),5.0
world_weightlifting_championships_2018_men_first-heavyweight,world_weightlifting_athlete_Ali_Hashemi_IRI,1,gold,discipline=Weightlifting;event=World Weightlifting Championships Men First heavyweight total;weight_class=First heavyweight;games=2018 Ashgabat;entry_country=IRI;source_url=https://en.wikipedia.org/wiki/List_of_World_Championships_medalists_in_weightlifting_(men),10.0
world_weightlifting_championships_2018_men_first-heavyweight,world_weightlifting_athlete_Dmytro_Chumak_UKR,2,silver,discipline=Weightlifting;event=World Weightlifting Championships Men First heavyweight total;weight_class=First heavyweight;games=2018 Ashgabat;entry_country=UKR;source_url=https://en.wikipedia.org/wiki/List_of_World_Championships_medalists_in_weightlifting_(men),7.0
world_weightlifting_championships_2018_men_first-heavyweight,world_weightlifting_athlete_Reza_Beiranvand_IRI,3,bronze,discipline=Weightlifting;event=World Weightlifting Championships Men First heavyweight total;weight_class=First heavyweight;games=2018 Ashgabat;entry_country=IRI;source_url=https://en.wikipedia.org/wiki/List_of_World_Championships_medalists_in_weightlifting_(men),5.0
world_weightlifting_championships_2018_men_flyweight,world_weightlifting_athlete_Om_Yun-chol_PRK,1,gold,discipline=Weightlifting;event=World Weightlifting Championships Men Flyweight total;weight_class=Flyweight;games=2018 Ashgabat;entry_country=PRK;source_url=https://en.wikipedia.org/wiki/List_of_World_Championships_medalists_in_weightlifting_(men),10.0
world_weightlifting_championships_2018_men_flyweight,world_weightlifting_athlete_Arli_Chontey_KAZ,2,silver,discipline=Weightlifting;event=World Weightlifting Championships Men Flyweight total;weight_class=Flyweight;games=2018 Ashgabat;entry_country=KAZ;source_url=https://en.wikipedia.org/wiki/List_of_World_Championships_medalists_in_weightlifting_(men),7.0
world_weightlifting_championships_2018_men_flyweight,world_weightlifting_athlete_Mirco_Scarantino_ITA,3,bronze,discipline=Weightlifting;event=World Weightlifting Championships Men Flyweight total;weight_class=Flyweight;games=2018 Ashgabat;entry_country=ITA;source_url=https://en.wikipedia.org/wiki/List_of_World_Championships_medalists_in_weightlifting_(men),5.0
world_weightlifting_championships_2018_men_heavyweight,world_weightlifting_athlete_Simon_Martirosyan_ARM,1,gold,discipline=Weightlifting;event=World Weightlifting Championships Men Heavyweight total;weight_class=Heavyweight;games=2018 Ashgabat;entry_country=ARM;source_url=https://en.wikipedia.org/wiki/List_of_World_Championships_medalists_in_weightlifting_(men),10.0
world_weightlifting_championships_2018_men_heavyweight,world_weightlifting_athlete_Yang_Zhe_CHN,2,silver,discipline=Weightlifting;event=World Weightlifting Championships Men Heavyweight total;weight_class=Heavyweight;games=2018 Ashgabat;entry_country=CHN;source_url=https://en.wikipedia.org/wiki/List_of_World_Championships_medalists_in_weightlifting_(men),7.0
world_weightlifting_championships_2018_men_heavyweight,world_weightlifting_athlete_Arkadiusz_Michalski_POL,3,bronze,discipline=Weightlifting;event=World Weightlifting Championships Men Heavyweight total;weight_class=Heavyweight;games=2018 Ashgabat;entry_country=POL;source_url=https://en.wikipedia.org/wiki/List_of_World_Championships_medalists_in_weightlifting_(men),5.0
world_weightlifting_championships_2018_men_light-heavyweight,world_weightlifting_athlete_Artem_Okulov_RUS,1,gold,discipline=Weightlifting;event=World Weightlifting Championships Men Light heavyweight total;weight_class=Light heavyweight;games=2018 Ashgabat;entry_country=RUS;source_url=https://en.wikipedia.org/wiki/List_of_World_Championships_medalists_in_weightlifting_(men),10.0
world_weightlifting_championships_2018_men_light-heavyweight,world_weightlifting_athlete_Pavel_Khadasevich_BLR,2,silver,discipline=Weightlifting;event=World Weightlifting Championships Men Light heavyweight total;weight_class=Light heavyweight;games=2018 Ashgabat;entry_country=BLR;source_url=https://en.wikipedia.org/wiki/List_of_World_Championships_medalists_in_weightlifting_(men),7.0
world_weightlifting_championships_2018_men_light-heavyweight,world_weightlifting_athlete_Revaz_Davitadze_GEO,3,bronze,discipline=Weightlifting;event=World Weightlifting Championships Men Light heavyweight total;weight_class=Light heavyweight;games=2018 Ashgabat;entry_country=GEO;source_url=https://en.wikipedia.org/wiki/List_of_World_Championships_medalists_in_weightlifting_(men),5.0
world_weightlifting_championships_2018_men_lightweight,world_weightlifting_athlete_Shi_Zhiyong_CHN,1,gold,discipline=Weightlifting;event=World Weightlifting Championships Men Lightweight total;weight_class=Lightweight;games=2018 Ashgabat;entry_country=CHN;source_url=https://en.wikipedia.org/wiki/List_of_World_Championships_medalists_in_weightlifting_(men),10.0
world_weightlifting_championships_2018_men_lightweight,world_weightlifting_athlete_Won_Jeong-sik_KOR,2,silver,discipline=Weightlifting;event=World Weightlifting Championships Men Lightweight total;weight_class=Lightweight;games=2018 Ashgabat;entry_country=KOR;source_url=https://en.wikipedia.org/wiki/List_of_World_Championships_medalists_in_weightlifting_(men),7.0
world_weightlifting_championships_2018_men_lightweight,world_weightlifting_athlete_Vadzim_Likharad_BLR,3,bronze,discipline=Weightlifting;event=World Weightlifting Championships Men Lightweight total;weight_class=Lightweight;games=2018 Ashgabat;entry_country=BLR;source_url=https://en.wikipedia.org/wiki/List_of_World_Championships_medalists_in_weightlifting_(men),5.0
world_weightlifting_championships_2018_men_middle-heavyweight,world_weightlifting_athlete_Sohrab_Moradi_IRI,1,gold,discipline=Weightlifting;event=World Weightlifting Championships Men Middle heavyweight total;weight_class=Middle heavyweight;games=2018 Ashgabat;entry_country=IRI;source_url=https://en.wikipedia.org/wiki/List_of_World_Championships_medalists_in_weightlifting_(men),10.0
world_weightlifting_championships_2018_men_middle-heavyweight,world_weightlifting_athlete_Tian_Tao_CHN,2,silver,discipline=Weightlifting;event=World Weightlifting Championships Men Middle heavyweight total;weight_class=Middle heavyweight;games=2018 Ashgabat;entry_country=CHN;source_url=https://en.wikipedia.org/wiki/List_of_World_Championships_medalists_in_weightlifting_(men),7.0
world_weightlifting_championships_2018_men_middle-heavyweight,world_weightlifting_athlete_Nicolae_Onic_ROU,3,bronze,discipline=Weightlifting;event=World Weightlifting Championships Men Middle heavyweight total;weight_class=Middle heavyweight;games=2018 Ashgabat;entry_country=ROU;source_url=https://en.wikipedia.org/wiki/List_of_World_Championships_medalists_in_weightlifting_(men),5.0
world_weightlifting_championships_2018_men_middleweight,world_weightlifting_athlete_Lü_Xiaojun_CHN,1,gold,discipline=Weightlifting;event=World Weightlifting Championships Men Middleweight total;weight_class=Middleweight;games=2018 Ashgabat;entry_country=CHN;source_url=https://en.wikipedia.org/wiki/List_of_World_Championships_medalists_in_weightlifting_(men),10.0
world_weightlifting_championships_2018_men_middleweight,world_weightlifting_athlete_Mohamed_Ehab_EGY,2,silver,discipline=Weightlifting;event=World Weightlifting Championships Men Middleweight total;weight_class=Middleweight;games=2018 Ashgabat;entry_country=EGY;source_url=https://en.wikipedia.org/wiki/List_of_World_Championships_medalists_in_weightlifting_(men),7.0
world_weightlifting_championships_2018_men_middleweight,world_weightlifting_athlete_Li_Dayin_CHN,3,bronze,discipline=Weightlifting;event=World Weightlifting Championships Men Middleweight total;weight_class=Middleweight;games=2018 Ashgabat;entry_country=CHN;source_url=https://en.wikipedia.org/wiki/List_of_World_Championships_medalists_in_weightlifting_(men),5.0
world_weightlifting_championships_2018_men_super-heavyweight,world_weightlifting_athlete_Lasha_Talakhadze_GEO,1,gold,discipline=Weightlifting;event=World Weightlifting Championships Men Super heavyweight total;weight_class=Super heavyweight;games=2018 Ashgabat;entry_country=GEO;source_url=https://en.wikipedia.org/wiki/List_of_World_Championships_medalists_in_weightlifting_(men),10.0
world_weightlifting_championships_2018_men_super-heavyweight,world_weightlifting_athlete_Gor_Minasyan_ARM,2,silver,discipline=Weightlifting;event=World Weightlifting Championships Men Super heavyweight total;weight_class=Super heavyweight;games=2018 Ashgabat;entry_country=ARM;source_url=https://en.wikipedia.org/wiki/List_of_World_Championships_medalists_in_weightlifting_(men),7.0
world_weightlifting_championships_2018_men_super-heavyweight,world_weightlifting_athlete_Fernando_Reis_BRA,3,bronze,discipline=Weightlifting;event=World Weightlifting Championships Men Super heavyweight total;weight_class=Super heavyweight;games=2018 Ashgabat;entry_country=BRA;source_url=https://en.wikipedia.org/wiki/List_of_World_Championships_medalists_in_weightlifting_(men),5.0
world_weightlifting_championships_2018_women_bantamweight,world_weightlifting_athlete_Hou_Zhihui_CHN,1,gold,discipline=Weightlifting;event=World Weightlifting Championships Women Bantamweight total;weight_class=Bantamweight;games=2018 Ashgabat;entry_country=CHN;source_url=https://en.wikipedia.org/wiki/List_of_World_Championships_medalists_in_weightlifting_(women),10.0
world_weightlifting_championships_2018_women_bantamweight,world_weightlifting_athlete_Jiang_Huihua_CHN,2,silver,discipline=Weightlifting;event=World Weightlifting Championships Women Bantamweight total;weight_class=Bantamweight;games=2018 Ashgabat;entry_country=CHN;source_url=https://en.wikipedia.org/wiki/List_of_World_Championships_medalists_in_weightlifting_(women),7.0
world_weightlifting_championships_2018_women_bantamweight,world_weightlifting_athlete_Elena_Andrie_ROU,3,bronze,discipline=Weightlifting;event=World Weightlifting Championships Women Bantamweight total;weight_class=Bantamweight;games=2018 Ashgabat;entry_country=ROU;source_url=https://en.wikipedia.org/wiki/List_of_World_Championships_medalists_in_weightlifting_(women),5.0
world_weightlifting_championships_2018_women_featherweight,world_weightlifting_athlete_Li_Yajun_CHN,1,gold,discipline=Weightlifting;event=World Weightlifting Championships Women Featherweight total;weight_class=Featherweight;games=2018 Ashgabat;entry_country=CHN;source_url=https://en.wikipedia.org/wiki/List_of_World_Championships_medalists_in_weightlifting_(women),10.0
world_weightlifting_championships_2018_women_featherweight,world_weightlifting_athlete_Zhang_Wanqiong_CHN,2,silver,discipline=Weightlifting;event=World Weightlifting Championships Women Featherweight total;weight_class=Featherweight;games=2018 Ashgabat;entry_country=CHN;source_url=https://en.wikipedia.org/wiki/List_of_World_Championships_medalists_in_weightlifting_(women),7.0
world_weightlifting_championships_2018_women_featherweight,world_weightlifting_athlete_Zulfiya_Chinshanlo_KAZ,3,bronze,discipline=Weightlifting;event=World Weightlifting Championships Women Featherweight total;weight_class=Featherweight;games=2018 Ashgabat;entry_country=KAZ;source_url=https://en.wikipedia.org/wiki/List_of_World_Championships_medalists_in_weightlifting_(women),5.0
world_weightlifting_championships_2018_women_first-heavyweight,world_weightlifting_athlete_Lydia_Valentín_ESP,1,gold,discipline=Weightlifting;event=World Weightlifting Championships Women First heavyweight total;weight_class=First heavyweight;games=2018 Ashgabat;entry_country=ESP;source_url=https://en.wikipedia.org/wiki/List_of_World_Championships_medalists_in_weightlifting_(women),10.0
world_weightlifting_championships_2018_women_first-heavyweight,world_weightlifting_athlete_Darya_Naumava_BLR,2,silver,discipline=Weightlifting;event=World Weightlifting Championships Women First heavyweight total;weight_class=First heavyweight;games=2018 Ashgabat;entry_country=BLR;source_url=https://en.wikipedia.org/wiki/List_of_World_Championships_medalists_in_weightlifting_(women),7.0
world_weightlifting_championships_2018_women_first-heavyweight,world_weightlifting_athlete_Tamara_Salazar_ECU,3,bronze,discipline=Weightlifting;event=World Weightlifting Championships Women First heavyweight total;weight_class=First heavyweight;games=2018 Ashgabat;entry_country=ECU;source_url=https://en.wikipedia.org/wiki/List_of_World_Championships_medalists_in_weightlifting_(women),5.0
world_weightlifting_championships_2018_women_flyweight,world_weightlifting_athlete_Ýulduz_Jumabaýewa_TKM,1,gold,discipline=Weightlifting;event=World Weightlifting Championships Women Flyweight total;weight_class=Flyweight;games=2018 Ashgabat;entry_country=TKM;source_url=https://en.wikipedia.org/wiki/List_of_World_Championships_medalists_in_weightlifting_(women),10.0
world_weightlifting_championships_2018_women_flyweight,world_weightlifting_athlete_Chiraphan_Nanthawong_THA,2,silver,discipline=Weightlifting;event=World Weightlifting Championships Women Flyweight total;weight_class=Flyweight;games=2018 Ashgabat;entry_country=THA;source_url=https://en.wikipedia.org/wiki/List_of_World_Championships_medalists_in_weightlifting_(women),7.0
world_weightlifting_championships_2018_women_flyweight,world_weightlifting_athlete_Katherin_Echandía_VEN,3,bronze,discipline=Weightlifting;event=World Weightlifting Championships Women Flyweight total;weight_class=Flyweight;games=2018 Ashgabat;entry_country=VEN;source_url=https://en.wikipedia.org/wiki/List_of_World_Championships_medalists_in_weightlifting_(women),5.0
world_weightlifting_championships_2018_women_heavyweight,world_weightlifting_athlete_Ao_Hui_CHN,1,gold,discipline=Weightlifting;event=World Weightlifting Championships Women Heavyweight total;weight_class=Heavyweight;games=2018 Ashgabat;entry_country=CHN;source_url=https://en.wikipedia.org/wiki/List_of_World_Championships_medalists_in_weightlifting_(women),10.0
world_weightlifting_championships_2018_women_heavyweight,world_weightlifting_athlete_Kim_Un-ju_PRK,2,silver,discipline=Weightlifting;event=World Weightlifting Championships Women Heavyweight total;weight_class=Heavyweight;games=2018 Ashgabat;entry_country=PRK;source_url=https://en.wikipedia.org/wiki/List_of_World_Championships_medalists_in_weightlifting_(women),7.0
world_weightlifting_championships_2018_women_heavyweight,world_weightlifting_athlete_Crismery_Santana_DOM,3,bronze,discipline=Weightlifting;event=World Weightlifting Championships Women Heavyweight total;weight_class=Heavyweight;games=2018 Ashgabat;entry_country=DOM;source_url=https://en.wikipedia.org/wiki/List_of_World_Championships_medalists_in_weightlifting_(women),5.0
world_weightlifting_championships_2018_women_light-heavyweight,world_weightlifting_athlete_Zhang_Wangli_CHN,1,gold,discipline=Weightlifting;event=World Weightlifting Championships Women Light heavyweight total;weight_class=Light heavyweight;games=2018 Ashgabat;entry_country=CHN;source_url=https://en.wikipedia.org/wiki/List_of_World_Championships_medalists_in_weightlifting_(women),10.0
world_weightlifting_championships_2018_women_light-heavyweight,world_weightlifting_athlete_Sara_Ahmed_EGY,2,silver,discipline=Weightlifting;event=World Weightlifting Championships Women Light heavyweight total;weight_class=Light heavyweight;games=2018 Ashgabat;entry_country=EGY;source_url=https://en.wikipedia.org/wiki/List_of_World_Championships_medalists_in_weightlifting_(women),7.0
world_weightlifting_championships_2018_women_light-heavyweight,world_weightlifting_athlete_Nadezda_Likhacheva_KAZ,3,bronze,discipline=Weightlifting;event=World Weightlifting Championships Women Light heavyweight total;weight_class=Light heavyweight;games=2018 Ashgabat;entry_country=KAZ;source_url=https://en.wikipedia.org/wiki/List_of_World_Championships_medalists_in_weightlifting_(women),5.0
world_weightlifting_championships_2018_women_lightweight,world_weightlifting_athlete_Kuo_Hsing-chun_TPE,1,gold,discipline=Weightlifting;event=World Weightlifting Championships Women Lightweight total;weight_class=Lightweight;games=2018 Ashgabat;entry_country=TPE;source_url=https://en.wikipedia.org/wiki/List_of_World_Championships_medalists_in_weightlifting_(women),10.0
world_weightlifting_championships_2018_women_lightweight,world_weightlifting_athlete_Chen_Guiming_CHN,2,silver,discipline=Weightlifting;event=World Weightlifting Championships Women Lightweight total;weight_class=Lightweight;games=2018 Ashgabat;entry_country=CHN;source_url=https://en.wikipedia.org/wiki/List_of_World_Championships_medalists_in_weightlifting_(women),7.0
world_weightlifting_championships_2018_women_lightweight,world_weightlifting_athlete_Rebeka_Koha_LAT,3,bronze,discipline=Weightlifting;event=World Weightlifting Championships Women Lightweight total;weight_class=Lightweight;games=2018 Ashgabat;entry_country=LAT;source_url=https://en.wikipedia.org/wiki/List_of_World_Championships_medalists_in_weightlifting_(women),5.0
world_weightlifting_championships_2018_women_middle-heavyweight,world_weightlifting_athlete_Wang_Zhouyu_CHN,1,gold,discipline=Weightlifting;event=World Weightlifting Championships Women Middle heavyweight total;weight_class=Middle heavyweight;games=2018 Ashgabat;entry_country=CHN;source_url=https://en.wikipedia.org/wiki/List_of_World_Championships_medalists_in_weightlifting_(women),10.0
world_weightlifting_championships_2018_women_middle-heavyweight,world_weightlifting_athlete_Rim_Jong-sim_PRK,2,silver,discipline=Weightlifting;event=World Weightlifting Championships Women Middle heavyweight total;weight_class=Middle heavyweight;games=2018 Ashgabat;entry_country=PRK;source_url=https://en.wikipedia.org/wiki/List_of_World_Championships_medalists_in_weightlifting_(women),7.0
world_weightlifting_championships_2018_women_middle-heavyweight,world_weightlifting_athlete_Neisi_Dájomes_ECU,3,bronze,discipline=Weightlifting;event=World Weightlifting Championships Women Middle heavyweight total;weight_class=Middle heavyweight;games=2018 Ashgabat;entry_country=ECU;source_url=https://en.wikipedia.org/wiki/List_of_World_Championships_medalists_in_weightlifting_(women),5.0
world_weightlifting_championships_2018_women_middleweight,world_weightlifting_athlete_Deng_Wei_CHN,1,gold,discipline=Weightlifting;event=World Weightlifting Championships Women Middleweight total;weight_class=Middleweight;games=2018 Ashgabat;entry_country=CHN;source_url=https://en.wikipedia.org/wiki/List_of_World_Championships_medalists_in_weightlifting_(women),10.0
world_weightlifting_championships_2018_women_middleweight,world_weightlifting_athlete_Rim_Un-sim_PRK,2,silver,discipline=Weightlifting;event=World Weightlifting Championships Women Middleweight total;weight_class=Middleweight;games=2018 Ashgabat;entry_country=PRK;source_url=https://en.wikipedia.org/wiki/List_of_World_Championships_medalists_in_weightlifting_(women),7.0
world_weightlifting_championships_2018_women_middleweight,world_weightlifting_athlete_Loredana_Toma_ROU,3,bronze,discipline=Weightlifting;event=World Weightlifting Championships Women Middleweight total;weight_class=Middleweight;games=2018 Ashgabat;entry_country=ROU;source_url=https://en.wikipedia.org/wiki/List_of_World_Championships_medalists_in_weightlifting_(women),5.0
world_weightlifting_championships_2018_women_super-heavyweight,world_weightlifting_athlete_Tatiana_Kashirina_RUS,1,gold,discipline=Weightlifting;event=World Weightlifting Championships Women Super heavyweight total;weight_class=Super heavyweight;games=2018 Ashgabat;entry_country=RUS;source_url=https://en.wikipedia.org/wiki/List_of_World_Championships_medalists_in_weightlifting_(women),10.0
world_weightlifting_championships_2018_women_super-heavyweight,world_weightlifting_athlete_Meng_Suping_CHN,2,silver,discipline=Weightlifting;event=World Weightlifting Championships Women Super heavyweight total;weight_class=Super heavyweight;games=2018 Ashgabat;entry_country=CHN;source_url=https://en.wikipedia.org/wiki/List_of_World_Championships_medalists_in_weightlifting_(women),7.0
world_weightlifting_championships_2018_women_super-heavyweight,world_weightlifting_athlete_Kim_Kuk-hyang_PRK,3,bronze,discipline=Weightlifting;event=World Weightlifting Championships Women Super heavyweight total;weight_class=Super heavyweight;games=2018 Ashgabat;entry_country=PRK;source_url=https://en.wikipedia.org/wiki/List_of_World_Championships_medalists_in_weightlifting_(women),5.0
world_weightlifting_championships_2019_men_bantamweight,world_weightlifting_athlete_Li_Fabin_CHN,1,gold,discipline=Weightlifting;event=World Weightlifting Championships Men Bantamweight total;weight_class=Bantamweight;games=2019 Pattaya;entry_country=CHN;source_url=https://en.wikipedia.org/wiki/List_of_World_Championships_medalists_in_weightlifting_(men),10.0
world_weightlifting_championships_2019_men_bantamweight,world_weightlifting_athlete_Eko_Yuli_Irawan_INA,2,silver,discipline=Weightlifting;event=World Weightlifting Championships Men Bantamweight total;weight_class=Bantamweight;games=2019 Pattaya;entry_country=INA;source_url=https://en.wikipedia.org/wiki/List_of_World_Championships_medalists_in_weightlifting_(men),7.0
world_weightlifting_championships_2019_men_bantamweight,world_weightlifting_athlete_Francisco_Mosquera_COL,3,bronze,discipline=Weightlifting;event=World Weightlifting Championships Men Bantamweight total;weight_class=Bantamweight;games=2019 Pattaya;entry_country=COL;source_url=https://en.wikipedia.org/wiki/List_of_World_Championships_medalists_in_weightlifting_(men),5.0
world_weightlifting_championships_2019_men_featherweight,world_weightlifting_athlete_Chen_Lijun_CHN,1,gold,discipline=Weightlifting;event=World Weightlifting Championships Men Featherweight total;weight_class=Featherweight;games=2019 Pattaya;entry_country=CHN;source_url=https://en.wikipedia.org/wiki/List_of_World_Championships_medalists_in_weightlifting_(men),10.0
world_weightlifting_championships_2019_men_featherweight,world_weightlifting_athlete_Feng_Lüdong_CHN,2,silver,discipline=Weightlifting;event=World Weightlifting Championships Men Featherweight total;weight_class=Featherweight;games=2019 Pattaya;entry_country=CHN;source_url=https://en.wikipedia.org/wiki/List_of_World_Championships_medalists_in_weightlifting_(men),7.0
world_weightlifting_championships_2019_men_featherweight,world_weightlifting_athlete_Pak_Jong-ju_PRK,3,bronze,discipline=Weightlifting;event=World Weightlifting Championships Men Featherweight total;weight_class=Featherweight;games=2019 Pattaya;entry_country=PRK;source_url=https://en.wikipedia.org/wiki/List_of_World_Championships_medalists_in_weightlifting_(men),5.0
world_weightlifting_championships_2019_men_first-heavyweight,world_weightlifting_athlete_Yauheni_Tsikhantsou_BLR,1,gold,discipline=Weightlifting;event=World Weightlifting Championships Men First heavyweight total;weight_class=First heavyweight;games=2019 Pattaya;entry_country=BLR;source_url=https://en.wikipedia.org/wiki/List_of_World_Championships_medalists_in_weightlifting_(men),10.0
world_weightlifting_championships_2019_men_first-heavyweight,world_weightlifting_athlete_Jin_Yun-seong_KOR,2,silver,discipline=Weightlifting;event=World Weightlifting Championships Men First heavyweight total;weight_class=First heavyweight;games=2019 Pattaya;entry_country=KOR;source_url=https://en.wikipedia.org/wiki/List_of_World_Championships_medalists_in_weightlifting_(men),7.0
world_weightlifting_championships_2019_men_first-heavyweight,world_weightlifting_athlete_Reza_Dehdar_IRI,3,bronze,discipline=Weightlifting;event=World Weightlifting Championships Men First heavyweight total;weight_class=First heavyweight;games=2019 Pattaya;entry_country=IRI;source_url=https://en.wikipedia.org/wiki/List_of_World_Championships_medalists_in_weightlifting_(men),5.0
world_weightlifting_championships_2019_men_flyweight,world_weightlifting_athlete_Om_Yun-chol_PRK,1,gold,discipline=Weightlifting;event=World Weightlifting Championships Men Flyweight total;weight_class=Flyweight;games=2019 Pattaya;entry_country=PRK;source_url=https://en.wikipedia.org/wiki/List_of_World_Championships_medalists_in_weightlifting_(men),10.0
world_weightlifting_championships_2019_men_flyweight,world_weightlifting_athlete_Igor_Son_KAZ,2,silver,discipline=Weightlifting;event=World Weightlifting Championships Men Flyweight total;weight_class=Flyweight;games=2019 Pattaya;entry_country=KAZ;source_url=https://en.wikipedia.org/wiki/List_of_World_Championships_medalists_in_weightlifting_(men),7.0
world_weightlifting_championships_2019_men_flyweight,world_weightlifting_athlete_Mansour_Al-Saleem_KSA,3,bronze,discipline=Weightlifting;event=World Weightlifting Championships Men Flyweight total;weight_class=Flyweight;games=2019 Pattaya;entry_country=KSA;source_url=https://en.wikipedia.org/wiki/List_of_World_Championships_medalists_in_weightlifting_(men),5.0
world_weightlifting_championships_2019_men_heavyweight,world_weightlifting_athlete_Simon_Martirosyan_ARM,1,gold,discipline=Weightlifting;event=World Weightlifting Championships Men Heavyweight total;weight_class=Heavyweight;games=2019 Pattaya;entry_country=ARM;source_url=https://en.wikipedia.org/wiki/List_of_World_Championships_medalists_in_weightlifting_(men),10.0
world_weightlifting_championships_2019_men_heavyweight,world_weightlifting_athlete_Andrei_Aramnau_BLR,2,silver,discipline=Weightlifting;event=World Weightlifting Championships Men Heavyweight total;weight_class=Heavyweight;games=2019 Pattaya;entry_country=BLR;source_url=https://en.wikipedia.org/wiki/List_of_World_Championships_medalists_in_weightlifting_(men),7.0
world_weightlifting_championships_2019_men_heavyweight,world_weightlifting_athlete_Yang_Zhe_CHN,3,bronze,discipline=Weightlifting;event=World Weightlifting Championships Men Heavyweight total;weight_class=Heavyweight;games=2019 Pattaya;entry_country=CHN;source_url=https://en.wikipedia.org/wiki/List_of_World_Championships_medalists_in_weightlifting_(men),5.0
world_weightlifting_championships_2019_men_light-heavyweight,world_weightlifting_athlete_Hakob_Mkrtchyan_ARM,1,gold,discipline=Weightlifting;event=World Weightlifting Championships Men Light heavyweight total;weight_class=Light heavyweight;games=2019 Pattaya;entry_country=ARM;source_url=https://en.wikipedia.org/wiki/List_of_World_Championships_medalists_in_weightlifting_(men),10.0
world_weightlifting_championships_2019_men_light-heavyweight,world_weightlifting_athlete_Ali_Miri_IRI,2,silver,discipline=Weightlifting;event=World Weightlifting Championships Men Light heavyweight total;weight_class=Light heavyweight;games=2019 Pattaya;entry_country=IRI;source_url=https://en.wikipedia.org/wiki/List_of_World_Championships_medalists_in_weightlifting_(men),7.0
world_weightlifting_championships_2019_men_light-heavyweight,world_weightlifting_athlete_Revaz_Davitadze_GEO,3,bronze,discipline=Weightlifting;event=World Weightlifting Championships Men Light heavyweight total;weight_class=Light heavyweight;games=2019 Pattaya;entry_country=GEO;source_url=https://en.wikipedia.org/wiki/List_of_World_Championships_medalists_in_weightlifting_(men),5.0
world_weightlifting_championships_2019_men_lightweight,world_weightlifting_athlete_Shi_Zhiyong_CHN,1,gold,discipline=Weightlifting;event=World Weightlifting Championships Men Lightweight total;weight_class=Lightweight;games=2019 Pattaya;entry_country=CHN;source_url=https://en.wikipedia.org/wiki/List_of_World_Championships_medalists_in_weightlifting_(men),10.0
world_weightlifting_championships_2019_men_lightweight,world_weightlifting_athlete_O_Kang-chol_PRK,2,silver,discipline=Weightlifting;event=World Weightlifting Championships Men Lightweight total;weight_class=Lightweight;games=2019 Pattaya;entry_country=PRK;source_url=https://en.wikipedia.org/wiki/List_of_World_Championships_medalists_in_weightlifting_(men),7.0
world_weightlifting_championships_2019_men_lightweight,world_weightlifting_athlete_Bozhidar_Andreev_BUL,3,bronze,discipline=Weightlifting;event=World Weightlifting Championships Men Lightweight total;weight_class=Lightweight;games=2019 Pattaya;entry_country=BUL;source_url=https://en.wikipedia.org/wiki/List_of_World_Championships_medalists_in_weightlifting_(men),5.0
world_weightlifting_championships_2019_men_middle-heavyweight,world_weightlifting_athlete_Tian_Tao_CHN,1,gold,discipline=Weightlifting;event=World Weightlifting Championships Men Middle heavyweight total;weight_class=Middle heavyweight;games=2019 Pattaya;entry_country=CHN;source_url=https://en.wikipedia.org/wiki/List_of_World_Championships_medalists_in_weightlifting_(men),10.0
world_weightlifting_championships_2019_men_middle-heavyweight,world_weightlifting_athlete_Fares_El-Bakh_QAT,2,silver,discipline=Weightlifting;event=World Weightlifting Championships Men Middle heavyweight total;weight_class=Middle heavyweight;games=2019 Pattaya;entry_country=QAT;source_url=https://en.wikipedia.org/wiki/List_of_World_Championships_medalists_in_weightlifting_(men),7.0
world_weightlifting_championships_2019_men_middle-heavyweight,world_weightlifting_athlete_Anton_Pliesnoi_GEO,3,bronze,discipline=Weightlifting;event=World Weightlifting Championships Men Middle heavyweight total;weight_class=Middle heavyweight;games=2019 Pattaya;entry_country=GEO;source_url=https://en.wikipedia.org/wiki/List_of_World_Championships_medalists_in_weightlifting_(men),5.0
world_weightlifting_championships_2019_men_middleweight,world_weightlifting_athlete_Lü_Xiaojun_CHN,1,gold,discipline=Weightlifting;event=World Weightlifting Championships Men Middleweight total;weight_class=Middleweight;games=2019 Pattaya;entry_country=CHN;source_url=https://en.wikipedia.org/wiki/List_of_World_Championships_medalists_in_weightlifting_(men),10.0
world_weightlifting_championships_2019_men_middleweight,world_weightlifting_athlete_Li_Dayin_CHN,2,silver,discipline=Weightlifting;event=World Weightlifting Championships Men Middleweight total;weight_class=Middleweight;games=2019 Pattaya;entry_country=CHN;source_url=https://en.wikipedia.org/wiki/List_of_World_Championships_medalists_in_weightlifting_(men),7.0
world_weightlifting_championships_2019_men_middleweight,world_weightlifting_athlete_Brayan_Rodallegas_COL,3,bronze,discipline=Weightlifting;event=World Weightlifting Championships Men Middleweight total;weight_class=Middleweight;games=2019 Pattaya;entry_country=COL;source_url=https://en.wikipedia.org/wiki/List_of_World_Championships_medalists_in_weightlifting_(men),5.0
world_weightlifting_championships_2019_men_super-heavyweight,world_weightlifting_athlete_Lasha_Talakhadze_GEO,1,gold,discipline=Weightlifting;event=World Weightlifting Championships Men Super heavyweight total;weight_class=Super heavyweight;games=2019 Pattaya;entry_country=GEO;source_url=https://en.wikipedia.org/wiki/List_of_World_Championships_medalists_in_weightlifting_(men),10.0
world_weightlifting_championships_2019_men_super-heavyweight,world_weightlifting_athlete_Gor_Minasyan_ARM,2,silver,discipline=Weightlifting;event=World Weightlifting Championships Men Super heavyweight total;weight_class=Super heavyweight;games=2019 Pattaya;entry_country=ARM;source_url=https://en.wikipedia.org/wiki/List_of_World_Championships_medalists_in_weightlifting_(men),7.0
world_weightlifting_championships_2019_men_super-heavyweight,world_weightlifting_athlete_Ruben_Aleksanyan_ARM,3,bronze,discipline=Weightlifting;event=World Weightlifting Championships Men Super heavyweight total;weight_class=Super heavyweight;games=2019 Pattaya;entry_country=ARM;source_url=https://en.wikipedia.org/wiki/List_of_World_Championships_medalists_in_weightlifting_(men),5.0
world_weightlifting_championships_2019_women_bantamweight,world_weightlifting_athlete_Jiang_Huihua_CHN,1,gold,discipline=Weightlifting;event=World Weightlifting Championships Women Bantamweight total;weight_class=Bantamweight;games=2019 Pattaya;entry_country=CHN;source_url=https://en.wikipedia.org/wiki/List_of_World_Championships_medalists_in_weightlifting_(women),10.0
world_weightlifting_championships_2019_women_bantamweight,world_weightlifting_athlete_Hou_Zhihui_CHN,2,silver,discipline=Weightlifting;event=World Weightlifting Championships Women Bantamweight total;weight_class=Bantamweight;games=2019 Pattaya;entry_country=CHN;source_url=https://en.wikipedia.org/wiki/List_of_World_Championships_medalists_in_weightlifting_(women),7.0
world_weightlifting_championships_2019_women_bantamweight,world_weightlifting_athlete_Ri_Song-gum_PRK,3,bronze,discipline=Weightlifting;event=World Weightlifting Championships Women Bantamweight total;weight_class=Bantamweight;games=2019 Pattaya;entry_country=PRK;source_url=https://en.wikipedia.org/wiki/List_of_World_Championships_medalists_in_weightlifting_(women),5.0
world_weightlifting_championships_2019_women_featherweight,world_weightlifting_athlete_Liao_Qiuyun_CHN,1,gold,discipline=Weightlifting;event=World Weightlifting Championships Women Featherweight total;weight_class=Featherweight;games=2019 Pattaya;entry_country=CHN;source_url=https://en.wikipedia.org/wiki/List_of_World_Championships_medalists_in_weightlifting_(women),10.0
world_weightlifting_championships_2019_women_featherweight,world_weightlifting_athlete_Zhang_Wanqiong_CHN,2,silver,discipline=Weightlifting;event=World Weightlifting Championships Women Featherweight total;weight_class=Featherweight;games=2019 Pattaya;entry_country=CHN;source_url=https://en.wikipedia.org/wiki/List_of_World_Championships_medalists_in_weightlifting_(women),7.0
world_weightlifting_championships_2019_women_featherweight,world_weightlifting_athlete_Hidilyn_Diaz_PHI,3,bronze,discipline=Weightlifting;event=World Weightlifting Championships Women Featherweight total;weight_class=Featherweight;games=2019 Pattaya;entry_country=PHI;source_url=https://en.wikipedia.org/wiki/List_of_World_Championships_medalists_in_weightlifting_(women),5.0
world_weightlifting_championships_2019_women_first-heavyweight,world_weightlifting_athlete_Leydi_Solís_COL,1,gold,discipline=Weightlifting;event=World Weightlifting Championships Women First heavyweight total;weight_class=First heavyweight;games=2019 Pattaya;entry_country=COL;source_url=https://en.wikipedia.org/wiki/List_of_World_Championships_medalists_in_weightlifting_(women),10.0
world_weightlifting_championships_2019_women_first-heavyweight,world_weightlifting_athlete_Lydia_Valentín_ESP,2,silver,discipline=Weightlifting;event=World Weightlifting Championships Women First heavyweight total;weight_class=First heavyweight;games=2019 Pattaya;entry_country=ESP;source_url=https://en.wikipedia.org/wiki/List_of_World_Championships_medalists_in_weightlifting_(women),7.0
world_weightlifting_championships_2019_women_first-heavyweight,world_weightlifting_athlete_Jenny_Arthur_USA,3,bronze,discipline=Weightlifting;event=World Weightlifting Championships Women First heavyweight total;weight_class=First heavyweight;games=2019 Pattaya;entry_country=USA;source_url=https://en.wikipedia.org/wiki/List_of_World_Championships_medalists_in_weightlifting_(women),5.0
world_weightlifting_championships_2019_women_flyweight,world_weightlifting_athlete_aziye_Erdoan_TUR,1,gold,discipline=Weightlifting;event=World Weightlifting Championships Women Flyweight total;weight_class=Flyweight;games=2019 Pattaya;entry_country=TUR;source_url=https://en.wikipedia.org/wiki/List_of_World_Championships_medalists_in_weightlifting_(women),10.0
world_weightlifting_championships_2019_women_flyweight,world_weightlifting_athlete_Ludia_Montero_CUB,2,silver,discipline=Weightlifting;event=World Weightlifting Championships Women Flyweight total;weight_class=Flyweight;games=2019 Pattaya;entry_country=CUB;source_url=https://en.wikipedia.org/wiki/List_of_World_Championships_medalists_in_weightlifting_(women),7.0
world_weightlifting_championships_2019_women_flyweight,world_weightlifting_athlete_Lisa_Setiawati_INA,3,bronze,discipline=Weightlifting;event=World Weightlifting Championships Women Flyweight total;weight_class=Flyweight;games=2019 Pattaya;entry_country=INA;source_url=https://en.wikipedia.org/wiki/List_of_World_Championships_medalists_in_weightlifting_(women),5.0
world_weightlifting_championships_2019_women_heavyweight,world_weightlifting_athlete_Wang_Zhouyu_CHN,1,gold,discipline=Weightlifting;event=World Weightlifting Championships Women Heavyweight total;weight_class=Heavyweight;games=2019 Pattaya;entry_country=CHN;source_url=https://en.wikipedia.org/wiki/List_of_World_Championships_medalists_in_weightlifting_(women),10.0
world_weightlifting_championships_2019_women_heavyweight,world_weightlifting_athlete_Kim_Un-ju_PRK,2,silver,discipline=Weightlifting;event=World Weightlifting Championships Women Heavyweight total;weight_class=Heavyweight;games=2019 Pattaya;entry_country=PRK;source_url=https://en.wikipedia.org/wiki/List_of_World_Championships_medalists_in_weightlifting_(women),7.0
world_weightlifting_championships_2019_women_heavyweight,world_weightlifting_athlete_Tamara_Salazar_ECU,3,bronze,discipline=Weightlifting;event=World Weightlifting Championships Women Heavyweight total;weight_class=Heavyweight;games=2019 Pattaya;entry_country=ECU;source_url=https://en.wikipedia.org/wiki/List_of_World_Championships_medalists_in_weightlifting_(women),5.0
world_weightlifting_championships_2019_women_light-heavyweight,world_weightlifting_athlete_Katherine_Nye_USA,1,gold,discipline=Weightlifting;event=World Weightlifting Championships Women Light heavyweight total;weight_class=Light heavyweight;games=2019 Pattaya;entry_country=USA;source_url=https://en.wikipedia.org/wiki/List_of_World_Championships_medalists_in_weightlifting_(women),10.0
world_weightlifting_championships_2019_women_light-heavyweight,world_weightlifting_athlete_Mattie_Rogers_USA,2,silver,discipline=Weightlifting;event=World Weightlifting Championships Women Light heavyweight total;weight_class=Light heavyweight;games=2019 Pattaya;entry_country=USA;source_url=https://en.wikipedia.org/wiki/List_of_World_Championships_medalists_in_weightlifting_(women),7.0
world_weightlifting_championships_2019_women_light-heavyweight,world_weightlifting_athlete_Kim_Hyo-sim_PRK,3,bronze,discipline=Weightlifting;event=World Weightlifting Championships Women Light heavyweight total;weight_class=Light heavyweight;games=2019 Pattaya;entry_country=PRK;source_url=https://en.wikipedia.org/wiki/List_of_World_Championships_medalists_in_weightlifting_(women),5.0
world_weightlifting_championships_2019_women_lightweight,world_weightlifting_athlete_Kuo_Hsing-chun_TPE,1,gold,discipline=Weightlifting;event=World Weightlifting Championships Women Lightweight total;weight_class=Lightweight;games=2019 Pattaya;entry_country=TPE;source_url=https://en.wikipedia.org/wiki/List_of_World_Championships_medalists_in_weightlifting_(women),10.0
world_weightlifting_championships_2019_women_lightweight,world_weightlifting_athlete_Choe_Hyo-sim_PRK,2,silver,discipline=Weightlifting;event=World Weightlifting Championships Women Lightweight total;weight_class=Lightweight;games=2019 Pattaya;entry_country=PRK;source_url=https://en.wikipedia.org/wiki/List_of_World_Championships_medalists_in_weightlifting_(women),7.0
world_weightlifting_championships_2019_women_lightweight,world_weightlifting_athlete_Chen_Guiming_CHN,3,bronze,discipline=Weightlifting;event=World Weightlifting Championships Women Lightweight total;weight_class=Lightweight;games=2019 Pattaya;entry_country=CHN;source_url=https://en.wikipedia.org/wiki/List_of_World_Championships_medalists_in_weightlifting_(women),5.0
world_weightlifting_championships_2019_women_middle-heavyweight,world_weightlifting_athlete_Rim_Jong-sim_PRK,1,gold,discipline=Weightlifting;event=World Weightlifting Championships Women Middle heavyweight total;weight_class=Middle heavyweight;games=2019 Pattaya;entry_country=PRK;source_url=https://en.wikipedia.org/wiki/List_of_World_Championships_medalists_in_weightlifting_(women),10.0
world_weightlifting_championships_2019_women_middle-heavyweight,world_weightlifting_athlete_Zhang_Wangli_CHN,2,silver,discipline=Weightlifting;event=World Weightlifting Championships Women Middle heavyweight total;weight_class=Middle heavyweight;games=2019 Pattaya;entry_country=CHN;source_url=https://en.wikipedia.org/wiki/List_of_World_Championships_medalists_in_weightlifting_(women),7.0
world_weightlifting_championships_2019_women_middle-heavyweight,world_weightlifting_athlete_Neisi_Dájomes_ECU,3,bronze,discipline=Weightlifting;event=World Weightlifting Championships Women Middle heavyweight total;weight_class=Middle heavyweight;games=2019 Pattaya;entry_country=ECU;source_url=https://en.wikipedia.org/wiki/List_of_World_Championships_medalists_in_weightlifting_(women),5.0
world_weightlifting_championships_2019_women_middleweight,world_weightlifting_athlete_Deng_Wei_CHN,1,gold,discipline=Weightlifting;event=World Weightlifting Championships Women Middleweight total;weight_class=Middleweight;games=2019 Pattaya;entry_country=CHN;source_url=https://en.wikipedia.org/wiki/List_of_World_Championships_medalists_in_weightlifting_(women),10.0
world_weightlifting_championships_2019_women_middleweight,world_weightlifting_athlete_Rim_Un-sim_PRK,2,silver,discipline=Weightlifting;event=World Weightlifting Championships Women Middleweight total;weight_class=Middleweight;games=2019 Pattaya;entry_country=PRK;source_url=https://en.wikipedia.org/wiki/List_of_World_Championships_medalists_in_weightlifting_(women),7.0
world_weightlifting_championships_2019_women_middleweight,world_weightlifting_athlete_Loredana_Toma_ROU,3,bronze,discipline=Weightlifting;event=World Weightlifting Championships Women Middleweight total;weight_class=Middleweight;games=2019 Pattaya;entry_country=ROU;source_url=https://en.wikipedia.org/wiki/List_of_World_Championships_medalists_in_weightlifting_(women),5.0
world_weightlifting_championships_2019_women_super-heavyweight,world_weightlifting_athlete_Li_Wenwen_CHN,1,gold,discipline=Weightlifting;event=World Weightlifting Championships Women Super heavyweight total;weight_class=Super heavyweight;games=2019 Pattaya;entry_country=CHN;source_url=https://en.wikipedia.org/wiki/List_of_World_Championships_medalists_in_weightlifting_(women),10.0
world_weightlifting_championships_2019_women_super-heavyweight,world_weightlifting_athlete_Tatiana_Kashirina_RUS,2,silver,discipline=Weightlifting;event=World Weightlifting Championships Women Super heavyweight total;weight_class=Super heavyweight;games=2019 Pattaya;entry_country=RUS;source_url=https://en.wikipedia.org/wiki/List_of_World_Championships_medalists_in_weightlifting_(women),7.0
world_weightlifting_championships_2019_women_super-heavyweight,world_weightlifting_athlete_Meng_Suping_CHN,3,bronze,discipline=Weightlifting;event=World Weightlifting Championships Women Super heavyweight total;weight_class=Super heavyweight;games=2019 Pattaya;entry_country=CHN;source_url=https://en.wikipedia.org/wiki/List_of_World_Championships_medalists_in_weightlifting_(women),5.0
world_weightlifting_championships_2021_men_bantamweight,world_weightlifting_athlete_Shin_Rok_KOR,1,gold,discipline=Weightlifting;event=World Weightlifting Championships Men Bantamweight total;weight_class=Bantamweight;games=2021 Tashkent;entry_country=KOR;source_url=https://en.wikipedia.org/wiki/List_of_World_Championships_medalists_in_weightlifting_(men),10.0
world_weightlifting_championships_2021_men_bantamweight,world_weightlifting_athlete_Shota_Mishvelidze_GEO,2,silver,discipline=Weightlifting;event=World Weightlifting Championships Men Bantamweight total;weight_class=Bantamweight;games=2021 Tashkent;entry_country=GEO;source_url=https://en.wikipedia.org/wiki/List_of_World_Championships_medalists_in_weightlifting_(men),7.0
world_weightlifting_championships_2021_men_bantamweight,world_weightlifting_athlete_Seraj_Al-Saleem_KSA,3,bronze,discipline=Weightlifting;event=World Weightlifting Championships Men Bantamweight total;weight_class=Bantamweight;games=2021 Tashkent;entry_country=KSA;source_url=https://en.wikipedia.org/wiki/List_of_World_Championships_medalists_in_weightlifting_(men),5.0
world_weightlifting_championships_2021_men_featherweight,world_weightlifting_athlete_Doston_Yokubov_UZB,1,gold,discipline=Weightlifting;event=World Weightlifting Championships Men Featherweight total;weight_class=Featherweight;games=2021 Tashkent;entry_country=UZB;source_url=https://en.wikipedia.org/wiki/List_of_World_Championships_medalists_in_weightlifting_(men),10.0
world_weightlifting_championships_2021_men_featherweight,world_weightlifting_athlete_Francisco_Mosquera_COL,2,silver,discipline=Weightlifting;event=World Weightlifting Championships Men Featherweight total;weight_class=Featherweight;games=2021 Tashkent;entry_country=COL;source_url=https://en.wikipedia.org/wiki/List_of_World_Championships_medalists_in_weightlifting_(men),7.0
world_weightlifting_championships_2021_men_featherweight,world_weightlifting_athlete_Zulfat_Garaev_RWF,3,bronze,discipline=Weightlifting;event=World Weightlifting Championships Men Featherweight total;weight_class=Featherweight;games=2021 Tashkent;entry_country=RWF;source_url=https://en.wikipedia.org/wiki/List_of_World_Championships_medalists_in_weightlifting_(men),5.0
world_weightlifting_championships_2021_men_first-heavyweight,world_weightlifting_athlete_Rasoul_Motamedi_IRI,1,gold,discipline=Weightlifting;event=World Weightlifting Championships Men First heavyweight total;weight_class=First heavyweight;games=2021 Tashkent;entry_country=IRI;source_url=https://en.wikipedia.org/wiki/List_of_World_Championships_medalists_in_weightlifting_(men),10.0
world_weightlifting_championships_2021_men_first-heavyweight,world_weightlifting_athlete_Jin_Yun-seong_KOR,2,silver,discipline=Weightlifting;event=World Weightlifting Championships Men First heavyweight total;weight_class=First heavyweight;games=2021 Tashkent;entry_country=KOR;source_url=https://en.wikipedia.org/wiki/List_of_World_Championships_medalists_in_weightlifting_(men),7.0
world_weightlifting_championships_2021_men_first-heavyweight,world_weightlifting_athlete_Amir_Hoghoughi_IRI,3,bronze,discipline=Weightlifting;event=World Weightlifting Championships Men First heavyweight total;weight_class=First heavyweight;games=2021 Tashkent;entry_country=IRI;source_url=https://en.wikipedia.org/wiki/List_of_World_Championships_medalists_in_weightlifting_(men),5.0
world_weightlifting_championships_2021_men_flyweight,world_weightlifting_athlete_Arli_Chontey_KAZ,1,gold,discipline=Weightlifting;event=World Weightlifting Championships Men Flyweight total;weight_class=Flyweight;games=2021 Tashkent;entry_country=KAZ;source_url=https://en.wikipedia.org/wiki/List_of_World_Championships_medalists_in_weightlifting_(men),10.0
world_weightlifting_championships_2021_men_flyweight,world_weightlifting_athlete_Thada_Somboon-uan_THA,2,silver,discipline=Weightlifting;event=World Weightlifting Championships Men Flyweight total;weight_class=Flyweight;games=2021 Tashkent;entry_country=THA;source_url=https://en.wikipedia.org/wiki/List_of_World_Championships_medalists_in_weightlifting_(men),7.0
world_weightlifting_championships_2021_men_flyweight,world_weightlifting_athlete_Angel_Rusev_BUL,3,bronze,discipline=Weightlifting;event=World Weightlifting Championships Men Flyweight total;weight_class=Flyweight;games=2021 Tashkent;entry_country=BUL;source_url=https://en.wikipedia.org/wiki/List_of_World_Championships_medalists_in_weightlifting_(men),5.0
world_weightlifting_championships_2021_men_heavyweight,world_weightlifting_athlete_Akbar_Djuraev_UZB,1,gold,discipline=Weightlifting;event=World Weightlifting Championships Men Heavyweight total;weight_class=Heavyweight;games=2021 Tashkent;entry_country=UZB;source_url=https://en.wikipedia.org/wiki/List_of_World_Championships_medalists_in_weightlifting_(men),10.0
world_weightlifting_championships_2021_men_heavyweight,world_weightlifting_athlete_Ruslan_Nurudinov_UZB,2,silver,discipline=Weightlifting;event=World Weightlifting Championships Men Heavyweight total;weight_class=Heavyweight;games=2021 Tashkent;entry_country=UZB;source_url=https://en.wikipedia.org/wiki/List_of_World_Championships_medalists_in_weightlifting_(men),7.0
world_weightlifting_championships_2021_men_heavyweight,world_weightlifting_athlete_Simon_Martirosyan_ARM,3,bronze,discipline=Weightlifting;event=World Weightlifting Championships Men Heavyweight total;weight_class=Heavyweight;games=2021 Tashkent;entry_country=ARM;source_url=https://en.wikipedia.org/wiki/List_of_World_Championships_medalists_in_weightlifting_(men),5.0
world_weightlifting_championships_2021_men_light-heavyweight,world_weightlifting_athlete_Yu_Dong-ju_KOR,1,gold,discipline=Weightlifting;event=World Weightlifting Championships Men Light heavyweight total;weight_class=Light heavyweight;games=2021 Tashkent;entry_country=KOR;source_url=https://en.wikipedia.org/wiki/List_of_World_Championships_medalists_in_weightlifting_(men),10.0
world_weightlifting_championships_2021_men_light-heavyweight,world_weightlifting_athlete_Sarvarbek_Zafarjonov_UZB,2,silver,discipline=Weightlifting;event=World Weightlifting Championships Men Light heavyweight total;weight_class=Light heavyweight;games=2021 Tashkent;entry_country=UZB;source_url=https://en.wikipedia.org/wiki/List_of_World_Championships_medalists_in_weightlifting_(men),7.0
world_weightlifting_championships_2021_men_light-heavyweight,world_weightlifting_athlete_Revaz_Davitadze_GEO,3,bronze,discipline=Weightlifting;event=World Weightlifting Championships Men Light heavyweight total;weight_class=Light heavyweight;games=2021 Tashkent;entry_country=GEO;source_url=https://en.wikipedia.org/wiki/List_of_World_Championships_medalists_in_weightlifting_(men),5.0
world_weightlifting_championships_2021_men_lightweight,world_weightlifting_athlete_Rahmat_Erwin_Abdullah_INA,1,gold,discipline=Weightlifting;event=World Weightlifting Championships Men Lightweight total;weight_class=Lightweight;games=2021 Tashkent;entry_country=INA;source_url=https://en.wikipedia.org/wiki/List_of_World_Championships_medalists_in_weightlifting_(men),10.0
world_weightlifting_championships_2021_men_lightweight,world_weightlifting_athlete_Briken_Calja_ALB,2,silver,discipline=Weightlifting;event=World Weightlifting Championships Men Lightweight total;weight_class=Lightweight;games=2021 Tashkent;entry_country=ALB;source_url=https://en.wikipedia.org/wiki/List_of_World_Championships_medalists_in_weightlifting_(men),7.0
world_weightlifting_championships_2021_men_lightweight,world_weightlifting_athlete_Suttipong_Jeeram_THA,3,bronze,discipline=Weightlifting;event=World Weightlifting Championships Men Lightweight total;weight_class=Lightweight;games=2021 Tashkent;entry_country=THA;source_url=https://en.wikipedia.org/wiki/List_of_World_Championships_medalists_in_weightlifting_(men),5.0
world_weightlifting_championships_2021_men_middle-heavyweight,world_weightlifting_athlete_Lesman_Paredes_COL,1,gold,discipline=Weightlifting;event=World Weightlifting Championships Men Middle heavyweight total;weight_class=Middle heavyweight;games=2021 Tashkent;entry_country=COL;source_url=https://en.wikipedia.org/wiki/List_of_World_Championships_medalists_in_weightlifting_(men),10.0
world_weightlifting_championships_2021_men_middle-heavyweight,world_weightlifting_athlete_Fares_El-Bakh_QAT,2,silver,discipline=Weightlifting;event=World Weightlifting Championships Men Middle heavyweight total;weight_class=Middle heavyweight;games=2021 Tashkent;entry_country=QAT;source_url=https://en.wikipedia.org/wiki/List_of_World_Championships_medalists_in_weightlifting_(men),7.0
world_weightlifting_championships_2021_men_middle-heavyweight,world_weightlifting_athlete_Keydomar_Vallenilla_VEN,3,bronze,discipline=Weightlifting;event=World Weightlifting Championships Men Middle heavyweight total;weight_class=Middle heavyweight;games=2021 Tashkent;entry_country=VEN;source_url=https://en.wikipedia.org/wiki/List_of_World_Championships_medalists_in_weightlifting_(men),5.0
world_weightlifting_championships_2021_men_middleweight,world_weightlifting_athlete_Karlos_Nasar_BUL,1,gold,discipline=Weightlifting;event=World Weightlifting Championships Men Middleweight total;weight_class=Middleweight;games=2021 Tashkent;entry_country=BUL;source_url=https://en.wikipedia.org/wiki/List_of_World_Championships_medalists_in_weightlifting_(men),10.0
world_weightlifting_championships_2021_men_middleweight,world_weightlifting_athlete_Mirmostafa_Javadi_IRI,2,silver,discipline=Weightlifting;event=World Weightlifting Championships Men Middleweight total;weight_class=Middleweight;games=2021 Tashkent;entry_country=IRI;source_url=https://en.wikipedia.org/wiki/List_of_World_Championships_medalists_in_weightlifting_(men),7.0
world_weightlifting_championships_2021_men_middleweight,world_weightlifting_athlete_Marin_Robu_MDA,3,bronze,discipline=Weightlifting;event=World Weightlifting Championships Men Middleweight total;weight_class=Middleweight;games=2021 Tashkent;entry_country=MDA;source_url=https://en.wikipedia.org/wiki/List_of_World_Championships_medalists_in_weightlifting_(men),5.0
world_weightlifting_championships_2021_men_super-heavyweight,world_weightlifting_athlete_Lasha_Talakhadze_GEO,1,gold,discipline=Weightlifting;event=World Weightlifting Championships Men Super heavyweight total;weight_class=Super heavyweight;games=2021 Tashkent;entry_country=GEO;source_url=https://en.wikipedia.org/wiki/List_of_World_Championships_medalists_in_weightlifting_(men),10.0
world_weightlifting_championships_2021_men_super-heavyweight,world_weightlifting_athlete_Varazdat_Lalayan_ARM,2,silver,discipline=Weightlifting;event=World Weightlifting Championships Men Super heavyweight total;weight_class=Super heavyweight;games=2021 Tashkent;entry_country=ARM;source_url=https://en.wikipedia.org/wiki/List_of_World_Championships_medalists_in_weightlifting_(men),7.0
world_weightlifting_championships_2021_men_super-heavyweight,world_weightlifting_athlete_Gor_Minasyan_ARM,3,bronze,discipline=Weightlifting;event=World Weightlifting Championships Men Super heavyweight total;weight_class=Super heavyweight;games=2021 Tashkent;entry_country=ARM;source_url=https://en.wikipedia.org/wiki/List_of_World_Championships_medalists_in_weightlifting_(men),5.0
world_weightlifting_championships_2021_women_bantamweight,world_weightlifting_athlete_Surodchana_Khambao_THA,1,gold,discipline=Weightlifting;event=World Weightlifting Championships Women Bantamweight total;weight_class=Bantamweight;games=2021 Tashkent;entry_country=THA;source_url=https://en.wikipedia.org/wiki/List_of_World_Championships_medalists_in_weightlifting_(women),10.0
world_weightlifting_championships_2021_women_bantamweight,world_weightlifting_athlete_Rira_Suzuki_JPN,2,silver,discipline=Weightlifting;event=World Weightlifting Championships Women Bantamweight total;weight_class=Bantamweight;games=2021 Tashkent;entry_country=JPN;source_url=https://en.wikipedia.org/wiki/List_of_World_Championships_medalists_in_weightlifting_(women),7.0
world_weightlifting_championships_2021_women_bantamweight,world_weightlifting_athlete_Ibuki_Takahashi_JPN,3,bronze,discipline=Weightlifting;event=World Weightlifting Championships Women Bantamweight total;weight_class=Bantamweight;games=2021 Tashkent;entry_country=JPN;source_url=https://en.wikipedia.org/wiki/List_of_World_Championships_medalists_in_weightlifting_(women),5.0
world_weightlifting_championships_2021_women_featherweight,world_weightlifting_athlete_Ghofrane_Belkhir_TUN,1,gold,discipline=Weightlifting;event=World Weightlifting Championships Women Featherweight total;weight_class=Featherweight;games=2021 Tashkent;entry_country=TUN;source_url=https://en.wikipedia.org/wiki/List_of_World_Championships_medalists_in_weightlifting_(women),10.0
world_weightlifting_championships_2021_women_featherweight,world_weightlifting_athlete_Adijat_Olarinoye_NGR,2,silver,discipline=Weightlifting;event=World Weightlifting Championships Women Featherweight total;weight_class=Featherweight;games=2021 Tashkent;entry_country=NGR;source_url=https://en.wikipedia.org/wiki/List_of_World_Championships_medalists_in_weightlifting_(women),7.0
world_weightlifting_championships_2021_women_featherweight,world_weightlifting_athlete_Svitlana_Samuliak_UKR,3,bronze,discipline=Weightlifting;event=World Weightlifting Championships Women Featherweight total;weight_class=Featherweight;games=2021 Tashkent;entry_country=UKR;source_url=https://en.wikipedia.org/wiki/List_of_World_Championships_medalists_in_weightlifting_(women),5.0
world_weightlifting_championships_2021_women_first-heavyweight,world_weightlifting_athlete_Alina_Marushchak_UKR,1,gold,discipline=Weightlifting;event=World Weightlifting Championships Women First heavyweight total;weight_class=First heavyweight;games=2021 Tashkent;entry_country=UKR;source_url=https://en.wikipedia.org/wiki/List_of_World_Championships_medalists_in_weightlifting_(women),10.0
world_weightlifting_championships_2021_women_first-heavyweight,world_weightlifting_athlete_Valeria_Rivas_COL,2,silver,discipline=Weightlifting;event=World Weightlifting Championships Women First heavyweight total;weight_class=First heavyweight;games=2021 Tashkent;entry_country=COL;source_url=https://en.wikipedia.org/wiki/List_of_World_Championships_medalists_in_weightlifting_(women),7.0
world_weightlifting_championships_2021_women_first-heavyweight,world_weightlifting_athlete_Kim_I-seul_KOR,3,bronze,discipline=Weightlifting;event=World Weightlifting Championships Women First heavyweight total;weight_class=First heavyweight;games=2021 Tashkent;entry_country=KOR;source_url=https://en.wikipedia.org/wiki/List_of_World_Championships_medalists_in_weightlifting_(women),5.0
world_weightlifting_championships_2021_women_flyweight,world_weightlifting_athlete_Thanyathon_Sukcharoen_THA,1,gold,discipline=Weightlifting;event=World Weightlifting Championships Women Flyweight total;weight_class=Flyweight;games=2021 Tashkent;entry_country=THA;source_url=https://en.wikipedia.org/wiki/List_of_World_Championships_medalists_in_weightlifting_(women),10.0
world_weightlifting_championships_2021_women_flyweight,world_weightlifting_athlete_Manuela_Berrío_COL,2,silver,discipline=Weightlifting;event=World Weightlifting Championships Women Flyweight total;weight_class=Flyweight;games=2021 Tashkent;entry_country=COL;source_url=https://en.wikipedia.org/wiki/List_of_World_Championships_medalists_in_weightlifting_(women),7.0
world_weightlifting_championships_2021_women_flyweight,world_weightlifting_athlete_aziye_Erdoan_TUR,3,bronze,discipline=Weightlifting;event=World Weightlifting Championships Women Flyweight total;weight_class=Flyweight;games=2021 Tashkent;entry_country=TUR;source_url=https://en.wikipedia.org/wiki/List_of_World_Championships_medalists_in_weightlifting_(women),5.0
world_weightlifting_championships_2021_women_heavyweight,world_weightlifting_athlete_Mönkhjantsangiin_Ankhtsetseg_MGL,1,gold,discipline=Weightlifting;event=World Weightlifting Championships Women Heavyweight total;weight_class=Heavyweight;games=2021 Tashkent;entry_country=MGL;source_url=https://en.wikipedia.org/wiki/List_of_World_Championships_medalists_in_weightlifting_(women),10.0
world_weightlifting_championships_2021_women_heavyweight,world_weightlifting_athlete_Tursunoy_Jabborova_UZB,2,silver,discipline=Weightlifting;event=World Weightlifting Championships Women Heavyweight total;weight_class=Heavyweight;games=2021 Tashkent;entry_country=UZB;source_url=https://en.wikipedia.org/wiki/List_of_World_Championships_medalists_in_weightlifting_(women),7.0
world_weightlifting_championships_2021_women_heavyweight,world_weightlifting_athlete_Solfrid_Koanda_NOR,3,bronze,discipline=Weightlifting;event=World Weightlifting Championships Women Heavyweight total;weight_class=Heavyweight;games=2021 Tashkent;entry_country=NOR;source_url=https://en.wikipedia.org/wiki/List_of_World_Championships_medalists_in_weightlifting_(women),5.0
world_weightlifting_championships_2021_women_light-heavyweight,world_weightlifting_athlete_Meredith_Alwine_USA,1,gold,discipline=Weightlifting;event=World Weightlifting Championships Women Light heavyweight total;weight_class=Light heavyweight;games=2021 Tashkent;entry_country=USA;source_url=https://en.wikipedia.org/wiki/List_of_World_Championships_medalists_in_weightlifting_(women),10.0
world_weightlifting_championships_2021_women_light-heavyweight,world_weightlifting_athlete_Sarah_Davies_GBR,2,silver,discipline=Weightlifting;event=World Weightlifting Championships Women Light heavyweight total;weight_class=Light heavyweight;games=2021 Tashkent;entry_country=GBR;source_url=https://en.wikipedia.org/wiki/List_of_World_Championships_medalists_in_weightlifting_(women),7.0
world_weightlifting_championships_2021_women_light-heavyweight,world_weightlifting_athlete_Patricia_Strenius_SWE,3,bronze,discipline=Weightlifting;event=World Weightlifting Championships Women Light heavyweight total;weight_class=Light heavyweight;games=2021 Tashkent;entry_country=SWE;source_url=https://en.wikipedia.org/wiki/List_of_World_Championships_medalists_in_weightlifting_(women),5.0
world_weightlifting_championships_2021_women_lightweight,world_weightlifting_athlete_Kuo_Hsing-chun_TPE,1,gold,discipline=Weightlifting;event=World Weightlifting Championships Women Lightweight total;weight_class=Lightweight;games=2021 Tashkent;entry_country=TPE;source_url=https://en.wikipedia.org/wiki/List_of_World_Championships_medalists_in_weightlifting_(women),10.0
world_weightlifting_championships_2021_women_lightweight,world_weightlifting_athlete_Yenny_Álvarez_COL,2,silver,discipline=Weightlifting;event=World Weightlifting Championships Women Lightweight total;weight_class=Lightweight;games=2021 Tashkent;entry_country=COL;source_url=https://en.wikipedia.org/wiki/List_of_World_Championships_medalists_in_weightlifting_(women),7.0
world_weightlifting_championships_2021_women_lightweight,world_weightlifting_athlete_Olga_Te_RWF,3,bronze,discipline=Weightlifting;event=World Weightlifting Championships Women Lightweight total;weight_class=Lightweight;games=2021 Tashkent;entry_country=RWF;source_url=https://en.wikipedia.org/wiki/List_of_World_Championships_medalists_in_weightlifting_(women),5.0
world_weightlifting_championships_2021_women_middle-heavyweight,world_weightlifting_athlete_Lee_Min-ji_KOR,1,gold,discipline=Weightlifting;event=World Weightlifting Championships Women Middle heavyweight total;weight_class=Middle heavyweight;games=2021 Tashkent;entry_country=KOR;source_url=https://en.wikipedia.org/wiki/List_of_World_Championships_medalists_in_weightlifting_(women),10.0
world_weightlifting_championships_2021_women_middle-heavyweight,world_weightlifting_athlete_Mattie_Rogers_USA,2,silver,discipline=Weightlifting;event=World Weightlifting Championships Women Middle heavyweight total;weight_class=Middle heavyweight;games=2021 Tashkent;entry_country=USA;source_url=https://en.wikipedia.org/wiki/List_of_World_Championships_medalists_in_weightlifting_(women),7.0
world_weightlifting_championships_2021_women_middle-heavyweight,world_weightlifting_athlete_Iana_Sotieva_RWF,3,bronze,discipline=Weightlifting;event=World Weightlifting Championships Women Middle heavyweight total;weight_class=Middle heavyweight;games=2021 Tashkent;entry_country=RWF;source_url=https://en.wikipedia.org/wiki/List_of_World_Championships_medalists_in_weightlifting_(women),5.0
world_weightlifting_championships_2021_women_middleweight,world_weightlifting_athlete_Neama_Said_EGY,1,gold,discipline=Weightlifting;event=World Weightlifting Championships Women Middleweight total;weight_class=Middleweight;games=2021 Tashkent;entry_country=EGY;source_url=https://en.wikipedia.org/wiki/List_of_World_Championships_medalists_in_weightlifting_(women),10.0
world_weightlifting_championships_2021_women_middleweight,world_weightlifting_athlete_Chen_Wen-huei_TPE,2,silver,discipline=Weightlifting;event=World Weightlifting Championships Women Middleweight total;weight_class=Middleweight;games=2021 Tashkent;entry_country=TPE;source_url=https://en.wikipedia.org/wiki/List_of_World_Championships_medalists_in_weightlifting_(women),7.0
world_weightlifting_championships_2021_women_middleweight,world_weightlifting_athlete_Park_Min-kyung_KOR,3,bronze,discipline=Weightlifting;event=World Weightlifting Championships Women Middleweight total;weight_class=Middleweight;games=2021 Tashkent;entry_country=KOR;source_url=https://en.wikipedia.org/wiki/List_of_World_Championships_medalists_in_weightlifting_(women),5.0
world_weightlifting_championships_2021_women_super-heavyweight,world_weightlifting_athlete_Son_Young-hee_KOR,1,gold,discipline=Weightlifting;event=World Weightlifting Championships Women Super heavyweight total;weight_class=Super heavyweight;games=2021 Tashkent;entry_country=KOR;source_url=https://en.wikipedia.org/wiki/List_of_World_Championships_medalists_in_weightlifting_(women),10.0
world_weightlifting_championships_2021_women_super-heavyweight,world_weightlifting_athlete_Duangaksorn_Chaidee_THA,2,silver,discipline=Weightlifting;event=World Weightlifting Championships Women Super heavyweight total;weight_class=Super heavyweight;games=2021 Tashkent;entry_country=THA;source_url=https://en.wikipedia.org/wiki/List_of_World_Championships_medalists_in_weightlifting_(women),7.0
world_weightlifting_championships_2021_women_super-heavyweight,world_weightlifting_athlete_Emily_Campbell_GBR,3,bronze,discipline=Weightlifting;event=World Weightlifting Championships Women Super heavyweight total;weight_class=Super heavyweight;games=2021 Tashkent;entry_country=GBR;source_url=https://en.wikipedia.org/wiki/List_of_World_Championships_medalists_in_weightlifting_(women),5.0
world_weightlifting_championships_2022_men_bantamweight,world_weightlifting_athlete_Li_Fabin_CHN,1,gold,discipline=Weightlifting;event=World Weightlifting Championships Men Bantamweight total;weight_class=Bantamweight;games=2022 Bogotá;entry_country=CHN;source_url=https://en.wikipedia.org/wiki/List_of_World_Championships_medalists_in_weightlifting_(men),10.0
world_weightlifting_championships_2022_men_bantamweight,world_weightlifting_athlete_Eko_Yuli_Irawan_INA,2,silver,discipline=Weightlifting;event=World Weightlifting Championships Men Bantamweight total;weight_class=Bantamweight;games=2022 Bogotá;entry_country=INA;source_url=https://en.wikipedia.org/wiki/List_of_World_Championships_medalists_in_weightlifting_(men),7.0
world_weightlifting_championships_2022_men_bantamweight,world_weightlifting_athlete_He_Yueji_CHN,3,bronze,discipline=Weightlifting;event=World Weightlifting Championships Men Bantamweight total;weight_class=Bantamweight;games=2022 Bogotá;entry_country=CHN;source_url=https://en.wikipedia.org/wiki/List_of_World_Championships_medalists_in_weightlifting_(men),5.0
world_weightlifting_championships_2022_men_featherweight,world_weightlifting_athlete_Francisco_Mosquera_COL,1,gold,discipline=Weightlifting;event=World Weightlifting Championships Men Featherweight total;weight_class=Featherweight;games=2022 Bogotá;entry_country=COL;source_url=https://en.wikipedia.org/wiki/List_of_World_Championships_medalists_in_weightlifting_(men),10.0
world_weightlifting_championships_2022_men_featherweight,world_weightlifting_athlete_Chen_Lijun_CHN,2,silver,discipline=Weightlifting;event=World Weightlifting Championships Men Featherweight total;weight_class=Featherweight;games=2022 Bogotá;entry_country=CHN;source_url=https://en.wikipedia.org/wiki/List_of_World_Championships_medalists_in_weightlifting_(men),7.0
world_weightlifting_championships_2022_men_featherweight,world_weightlifting_athlete_Weeraphon_Wichuma_THA,3,bronze,discipline=Weightlifting;event=World Weightlifting Championships Men Featherweight total;weight_class=Featherweight;games=2022 Bogotá;entry_country=THA;source_url=https://en.wikipedia.org/wiki/List_of_World_Championships_medalists_in_weightlifting_(men),5.0
world_weightlifting_championships_2022_men_first-heavyweight,world_weightlifting_athlete_Fares_El-Bakh_QAT,1,gold,discipline=Weightlifting;event=World Weightlifting Championships Men First heavyweight total;weight_class=First heavyweight;games=2022 Bogotá;entry_country=QAT;source_url=https://en.wikipedia.org/wiki/List_of_World_Championships_medalists_in_weightlifting_(men),10.0
world_weightlifting_championships_2022_men_first-heavyweight,world_weightlifting_athlete_Reza_Dehdar_IRI,2,silver,discipline=Weightlifting;event=World Weightlifting Championships Men First heavyweight total;weight_class=First heavyweight;games=2022 Bogotá;entry_country=IRI;source_url=https://en.wikipedia.org/wiki/List_of_World_Championships_medalists_in_weightlifting_(men),7.0
world_weightlifting_championships_2022_men_first-heavyweight,world_weightlifting_athlete_Samvel_Gasparyan_ARM,3,bronze,discipline=Weightlifting;event=World Weightlifting Championships Men First heavyweight total;weight_class=First heavyweight;games=2022 Bogotá;entry_country=ARM;source_url=https://en.wikipedia.org/wiki/List_of_World_Championships_medalists_in_weightlifting_(men),5.0
world_weightlifting_championships_2022_men_flyweight,world_weightlifting_athlete_Theerapong_Silachai_THA,1,gold,discipline=Weightlifting;event=World Weightlifting Championships Men Flyweight total;weight_class=Flyweight;games=2022 Bogotá;entry_country=THA;source_url=https://en.wikipedia.org/wiki/List_of_World_Championships_medalists_in_weightlifting_(men),10.0
world_weightlifting_championships_2022_men_flyweight,world_weightlifting_athlete_Ngô_Sn_nh_VIE,2,silver,discipline=Weightlifting;event=World Weightlifting Championships Men Flyweight total;weight_class=Flyweight;games=2022 Bogotá;entry_country=VIE;source_url=https://en.wikipedia.org/wiki/List_of_World_Championships_medalists_in_weightlifting_(men),7.0
world_weightlifting_championships_2022_men_flyweight,world_weightlifting_athlete_Kim_Yong-ho_KOR,3,bronze,discipline=Weightlifting;event=World Weightlifting Championships Men Flyweight total;weight_class=Flyweight;games=2022 Bogotá;entry_country=KOR;source_url=https://en.wikipedia.org/wiki/List_of_World_Championships_medalists_in_weightlifting_(men),5.0
world_weightlifting_championships_2022_men_heavyweight,world_weightlifting_athlete_Ruslan_Nurudinov_UZB,1,gold,discipline=Weightlifting;event=World Weightlifting Championships Men Heavyweight total;weight_class=Heavyweight;games=2022 Bogotá;entry_country=UZB;source_url=https://en.wikipedia.org/wiki/List_of_World_Championships_medalists_in_weightlifting_(men),10.0
world_weightlifting_championships_2022_men_heavyweight,world_weightlifting_athlete_Giorgi_Chkheidze_GEO,2,silver,discipline=Weightlifting;event=World Weightlifting Championships Men Heavyweight total;weight_class=Heavyweight;games=2022 Bogotá;entry_country=GEO;source_url=https://en.wikipedia.org/wiki/List_of_World_Championships_medalists_in_weightlifting_(men),7.0
world_weightlifting_championships_2022_men_heavyweight,world_weightlifting_athlete_Rafael_Cerro_COL,3,bronze,discipline=Weightlifting;event=World Weightlifting Championships Men Heavyweight total;weight_class=Heavyweight;games=2022 Bogotá;entry_country=COL;source_url=https://en.wikipedia.org/wiki/List_of_World_Championships_medalists_in_weightlifting_(men),5.0
world_weightlifting_championships_2022_men_light-heavyweight,world_weightlifting_athlete_Keydomar_Vallenilla_VEN,1,gold,discipline=Weightlifting;event=World Weightlifting Championships Men Light heavyweight total;weight_class=Light heavyweight;games=2022 Bogotá;entry_country=VEN;source_url=https://en.wikipedia.org/wiki/List_of_World_Championships_medalists_in_weightlifting_(men),10.0
world_weightlifting_championships_2022_men_light-heavyweight,world_weightlifting_athlete_Brayan_Rodallegas_COL,2,silver,discipline=Weightlifting;event=World Weightlifting Championships Men Light heavyweight total;weight_class=Light heavyweight;games=2022 Bogotá;entry_country=COL;source_url=https://en.wikipedia.org/wiki/List_of_World_Championships_medalists_in_weightlifting_(men),7.0
world_weightlifting_championships_2022_men_light-heavyweight,world_weightlifting_athlete_Liu_Huanhua_CHN,3,bronze,discipline=Weightlifting;event=World Weightlifting Championships Men Light heavyweight total;weight_class=Light heavyweight;games=2022 Bogotá;entry_country=CHN;source_url=https://en.wikipedia.org/wiki/List_of_World_Championships_medalists_in_weightlifting_(men),5.0
world_weightlifting_championships_2022_men_lightweight,world_weightlifting_athlete_Rahmat_Erwin_Abdullah_INA,1,gold,discipline=Weightlifting;event=World Weightlifting Championships Men Lightweight total;weight_class=Lightweight;games=2022 Bogotá;entry_country=INA;source_url=https://en.wikipedia.org/wiki/List_of_World_Championships_medalists_in_weightlifting_(men),10.0
world_weightlifting_championships_2022_men_lightweight,world_weightlifting_athlete_Rizki_Juniansyah_INA,2,silver,discipline=Weightlifting;event=World Weightlifting Championships Men Lightweight total;weight_class=Lightweight;games=2022 Bogotá;entry_country=INA;source_url=https://en.wikipedia.org/wiki/List_of_World_Championships_medalists_in_weightlifting_(men),7.0
world_weightlifting_championships_2022_men_lightweight,world_weightlifting_athlete_Alexey_Churkin_KAZ,3,bronze,discipline=Weightlifting;event=World Weightlifting Championships Men Lightweight total;weight_class=Lightweight;games=2022 Bogotá;entry_country=KAZ;source_url=https://en.wikipedia.org/wiki/List_of_World_Championships_medalists_in_weightlifting_(men),5.0
world_weightlifting_championships_2022_men_middle-heavyweight,world_weightlifting_athlete_Lesman_Paredes_BRN,1,gold,discipline=Weightlifting;event=World Weightlifting Championships Men Middle heavyweight total;weight_class=Middle heavyweight;games=2022 Bogotá;entry_country=BRN;source_url=https://en.wikipedia.org/wiki/List_of_World_Championships_medalists_in_weightlifting_(men),10.0
world_weightlifting_championships_2022_men_middle-heavyweight,world_weightlifting_athlete_Nurgissa_Adiletuly_KAZ,2,silver,discipline=Weightlifting;event=World Weightlifting Championships Men Middle heavyweight total;weight_class=Middle heavyweight;games=2022 Bogotá;entry_country=KAZ;source_url=https://en.wikipedia.org/wiki/List_of_World_Championships_medalists_in_weightlifting_(men),7.0
world_weightlifting_championships_2022_men_middle-heavyweight,world_weightlifting_athlete_Jhor_Moreno_COL,3,bronze,discipline=Weightlifting;event=World Weightlifting Championships Men Middle heavyweight total;weight_class=Middle heavyweight;games=2022 Bogotá;entry_country=COL;source_url=https://en.wikipedia.org/wiki/List_of_World_Championships_medalists_in_weightlifting_(men),5.0
world_weightlifting_championships_2022_men_middleweight,world_weightlifting_athlete_Li_Dayin_CHN,1,gold,discipline=Weightlifting;event=World Weightlifting Championships Men Middleweight total;weight_class=Middleweight;games=2022 Bogotá;entry_country=CHN;source_url=https://en.wikipedia.org/wiki/List_of_World_Championships_medalists_in_weightlifting_(men),10.0
world_weightlifting_championships_2022_men_middleweight,world_weightlifting_athlete_Rejepbaý_Rejepow_TKM,2,silver,discipline=Weightlifting;event=World Weightlifting Championships Men Middleweight total;weight_class=Middleweight;games=2022 Bogotá;entry_country=TKM;source_url=https://en.wikipedia.org/wiki/List_of_World_Championships_medalists_in_weightlifting_(men),7.0
world_weightlifting_championships_2022_men_middleweight,world_weightlifting_athlete_Kim_Woo-jae_KOR,3,bronze,discipline=Weightlifting;event=World Weightlifting Championships Men Middleweight total;weight_class=Middleweight;games=2022 Bogotá;entry_country=KOR;source_url=https://en.wikipedia.org/wiki/List_of_World_Championships_medalists_in_weightlifting_(men),5.0
world_weightlifting_championships_2022_men_super-heavyweight,world_weightlifting_athlete_Lasha_Talakhadze_GEO,1,gold,discipline=Weightlifting;event=World Weightlifting Championships Men Super heavyweight total;weight_class=Super heavyweight;games=2022 Bogotá;entry_country=GEO;source_url=https://en.wikipedia.org/wiki/List_of_World_Championships_medalists_in_weightlifting_(men),10.0
world_weightlifting_championships_2022_men_super-heavyweight,world_weightlifting_athlete_Gor_Minasyan_BRN,2,silver,discipline=Weightlifting;event=World Weightlifting Championships Men Super heavyweight total;weight_class=Super heavyweight;games=2022 Bogotá;entry_country=BRN;source_url=https://en.wikipedia.org/wiki/List_of_World_Championships_medalists_in_weightlifting_(men),7.0
world_weightlifting_championships_2022_men_super-heavyweight,world_weightlifting_athlete_Varazdat_Lalayan_ARM,3,bronze,discipline=Weightlifting;event=World Weightlifting Championships Men Super heavyweight total;weight_class=Super heavyweight;games=2022 Bogotá;entry_country=ARM;source_url=https://en.wikipedia.org/wiki/List_of_World_Championships_medalists_in_weightlifting_(men),5.0
world_weightlifting_championships_2022_women_bantamweight,world_weightlifting_athlete_Jiang_Huihua_CHN,1,gold,discipline=Weightlifting;event=World Weightlifting Championships Women Bantamweight total;weight_class=Bantamweight;games=2022 Bogotá;entry_country=CHN;source_url=https://en.wikipedia.org/wiki/List_of_World_Championships_medalists_in_weightlifting_(women),10.0
world_weightlifting_championships_2022_women_bantamweight,world_weightlifting_athlete_Mirabai_Chanu_IND,2,silver,discipline=Weightlifting;event=World Weightlifting Championships Women Bantamweight total;weight_class=Bantamweight;games=2022 Bogotá;entry_country=IND;source_url=https://en.wikipedia.org/wiki/List_of_World_Championships_medalists_in_weightlifting_(women),7.0
world_weightlifting_championships_2022_women_bantamweight,world_weightlifting_athlete_Hou_Zhihui_CHN,3,bronze,discipline=Weightlifting;event=World Weightlifting Championships Women Bantamweight total;weight_class=Bantamweight;games=2022 Bogotá;entry_country=CHN;source_url=https://en.wikipedia.org/wiki/List_of_World_Championships_medalists_in_weightlifting_(women),5.0
world_weightlifting_championships_2022_women_featherweight,world_weightlifting_athlete_Hidilyn_Diaz_PHI,1,gold,discipline=Weightlifting;event=World Weightlifting Championships Women Featherweight total;weight_class=Featherweight;games=2022 Bogotá;entry_country=PHI;source_url=https://en.wikipedia.org/wiki/List_of_World_Championships_medalists_in_weightlifting_(women),10.0
world_weightlifting_championships_2022_women_featherweight,world_weightlifting_athlete_Rosalba_Morales_COL,2,silver,discipline=Weightlifting;event=World Weightlifting Championships Women Featherweight total;weight_class=Featherweight;games=2022 Bogotá;entry_country=COL;source_url=https://en.wikipedia.org/wiki/List_of_World_Championships_medalists_in_weightlifting_(women),7.0
world_weightlifting_championships_2022_women_featherweight,world_weightlifting_athlete_Ana_Gabriela_López_MEX,3,bronze,discipline=Weightlifting;event=World Weightlifting Championships Women Featherweight total;weight_class=Featherweight;games=2022 Bogotá;entry_country=MEX;source_url=https://en.wikipedia.org/wiki/List_of_World_Championships_medalists_in_weightlifting_(women),5.0
world_weightlifting_championships_2022_women_first-heavyweight,world_weightlifting_athlete_Liang_Xiaomei_CHN,1,gold,discipline=Weightlifting;event=World Weightlifting Championships Women First heavyweight total;weight_class=First heavyweight;games=2022 Bogotá;entry_country=CHN;source_url=https://en.wikipedia.org/wiki/List_of_World_Championships_medalists_in_weightlifting_(women),10.0
world_weightlifting_championships_2022_women_first-heavyweight,world_weightlifting_athlete_Wang_Zhouyu_CHN,2,silver,discipline=Weightlifting;event=World Weightlifting Championships Women First heavyweight total;weight_class=First heavyweight;games=2022 Bogotá;entry_country=CHN;source_url=https://en.wikipedia.org/wiki/List_of_World_Championships_medalists_in_weightlifting_(women),7.0
world_weightlifting_championships_2022_women_first-heavyweight,world_weightlifting_athlete_Tamara_Salazar_ECU,3,bronze,discipline=Weightlifting;event=World Weightlifting Championships Women First heavyweight total;weight_class=First heavyweight;games=2022 Bogotá;entry_country=ECU;source_url=https://en.wikipedia.org/wiki/List_of_World_Championships_medalists_in_weightlifting_(women),5.0
world_weightlifting_championships_2022_women_flyweight,world_weightlifting_athlete_Thanyathon_Sukcharoen_THA,1,gold,discipline=Weightlifting;event=World Weightlifting Championships Women Flyweight total;weight_class=Flyweight;games=2022 Bogotá;entry_country=THA;source_url=https://en.wikipedia.org/wiki/List_of_World_Championships_medalists_in_weightlifting_(women),10.0
world_weightlifting_championships_2022_women_flyweight,world_weightlifting_athlete_Chayuttra_Pramongkhol_THA,2,silver,discipline=Weightlifting;event=World Weightlifting Championships Women Flyweight total;weight_class=Flyweight;games=2022 Bogotá;entry_country=THA;source_url=https://en.wikipedia.org/wiki/List_of_World_Championships_medalists_in_weightlifting_(women),7.0
world_weightlifting_championships_2022_women_flyweight,world_weightlifting_athlete_Manuela_Berrío_COL,3,bronze,discipline=Weightlifting;event=World Weightlifting Championships Women Flyweight total;weight_class=Flyweight;games=2022 Bogotá;entry_country=COL;source_url=https://en.wikipedia.org/wiki/List_of_World_Championships_medalists_in_weightlifting_(women),5.0
world_weightlifting_championships_2022_women_heavyweight,world_weightlifting_athlete_Solfrid_Koanda_NOR,1,gold,discipline=Weightlifting;event=World Weightlifting Championships Women Heavyweight total;weight_class=Heavyweight;games=2022 Bogotá;entry_country=NOR;source_url=https://en.wikipedia.org/wiki/List_of_World_Championships_medalists_in_weightlifting_(women),10.0
world_weightlifting_championships_2022_women_heavyweight,world_weightlifting_athlete_Eileen_Cikamatana_AUS,2,silver,discipline=Weightlifting;event=World Weightlifting Championships Women Heavyweight total;weight_class=Heavyweight;games=2022 Bogotá;entry_country=AUS;source_url=https://en.wikipedia.org/wiki/List_of_World_Championships_medalists_in_weightlifting_(women),7.0
world_weightlifting_championships_2022_women_heavyweight,world_weightlifting_athlete_Tursunoy_Jabborova_UZB,3,bronze,discipline=Weightlifting;event=World Weightlifting Championships Women Heavyweight total;weight_class=Heavyweight;games=2022 Bogotá;entry_country=UZB;source_url=https://en.wikipedia.org/wiki/List_of_World_Championships_medalists_in_weightlifting_(women),5.0
world_weightlifting_championships_2022_women_light-heavyweight,world_weightlifting_athlete_Loredana_Toma_ROU,1,gold,discipline=Weightlifting;event=World Weightlifting Championships Women Light heavyweight total;weight_class=Light heavyweight;games=2022 Bogotá;entry_country=ROU;source_url=https://en.wikipedia.org/wiki/List_of_World_Championships_medalists_in_weightlifting_(women),10.0
world_weightlifting_championships_2022_women_light-heavyweight,world_weightlifting_athlete_Zeng_Tiantian_CHN,2,silver,discipline=Weightlifting;event=World Weightlifting Championships Women Light heavyweight total;weight_class=Light heavyweight;games=2022 Bogotá;entry_country=CHN;source_url=https://en.wikipedia.org/wiki/List_of_World_Championships_medalists_in_weightlifting_(women),7.0
world_weightlifting_championships_2022_women_light-heavyweight,world_weightlifting_athlete_Angie_Palacios_ECU,3,bronze,discipline=Weightlifting;event=World Weightlifting Championships Women Light heavyweight total;weight_class=Light heavyweight;games=2022 Bogotá;entry_country=ECU;source_url=https://en.wikipedia.org/wiki/List_of_World_Championships_medalists_in_weightlifting_(women),5.0
world_weightlifting_championships_2022_women_lightweight,world_weightlifting_athlete_Yenny_Álvarez_COL,1,gold,discipline=Weightlifting;event=World Weightlifting Championships Women Lightweight total;weight_class=Lightweight;games=2022 Bogotá;entry_country=COL;source_url=https://en.wikipedia.org/wiki/List_of_World_Championships_medalists_in_weightlifting_(women),10.0
world_weightlifting_championships_2022_women_lightweight,world_weightlifting_athlete_Kuo_Hsing-chun_TPE,2,silver,discipline=Weightlifting;event=World Weightlifting Championships Women Lightweight total;weight_class=Lightweight;games=2022 Bogotá;entry_country=TPE;source_url=https://en.wikipedia.org/wiki/List_of_World_Championships_medalists_in_weightlifting_(women),7.0
world_weightlifting_championships_2022_women_lightweight,world_weightlifting_athlete_Maude_Charron_CAN,3,bronze,discipline=Weightlifting;event=World Weightlifting Championships Women Lightweight total;weight_class=Lightweight;games=2022 Bogotá;entry_country=CAN;source_url=https://en.wikipedia.org/wiki/List_of_World_Championships_medalists_in_weightlifting_(women),5.0
world_weightlifting_championships_2022_women_middle-heavyweight,world_weightlifting_athlete_Sara_Ahmed_EGY,1,gold,discipline=Weightlifting;event=World Weightlifting Championships Women Middle heavyweight total;weight_class=Middle heavyweight;games=2022 Bogotá;entry_country=EGY;source_url=https://en.wikipedia.org/wiki/List_of_World_Championships_medalists_in_weightlifting_(women),10.0
world_weightlifting_championships_2022_women_middle-heavyweight,world_weightlifting_athlete_Mattie_Rogers_USA,2,silver,discipline=Weightlifting;event=World Weightlifting Championships Women Middle heavyweight total;weight_class=Middle heavyweight;games=2022 Bogotá;entry_country=USA;source_url=https://en.wikipedia.org/wiki/List_of_World_Championships_medalists_in_weightlifting_(women),7.0
world_weightlifting_championships_2022_women_middle-heavyweight,world_weightlifting_athlete_Kim_Su-hyeon_KOR,3,bronze,discipline=Weightlifting;event=World Weightlifting Championships Women Middle heavyweight total;weight_class=Middle heavyweight;games=2022 Bogotá;entry_country=KOR;source_url=https://en.wikipedia.org/wiki/List_of_World_Championships_medalists_in_weightlifting_(women),5.0
world_weightlifting_championships_2022_women_middleweight,world_weightlifting_athlete_Pei_Xinyi_CHN,1,gold,discipline=Weightlifting;event=World Weightlifting Championships Women Middleweight total;weight_class=Middleweight;games=2022 Bogotá;entry_country=CHN;source_url=https://en.wikipedia.org/wiki/List_of_World_Championships_medalists_in_weightlifting_(women),10.0
world_weightlifting_championships_2022_women_middleweight,world_weightlifting_athlete_Rattanawan_Wamalun_THA,2,silver,discipline=Weightlifting;event=World Weightlifting Championships Women Middleweight total;weight_class=Middleweight;games=2022 Bogotá;entry_country=THA;source_url=https://en.wikipedia.org/wiki/List_of_World_Championships_medalists_in_weightlifting_(women),7.0
world_weightlifting_championships_2022_women_middleweight,world_weightlifting_athlete_Natalia_Llamosa_COL,3,bronze,discipline=Weightlifting;event=World Weightlifting Championships Women Middleweight total;weight_class=Middleweight;games=2022 Bogotá;entry_country=COL;source_url=https://en.wikipedia.org/wiki/List_of_World_Championships_medalists_in_weightlifting_(women),5.0
world_weightlifting_championships_2022_women_super-heavyweight,world_weightlifting_athlete_Li_Wenwen_CHN,1,gold,discipline=Weightlifting;event=World Weightlifting Championships Women Super heavyweight total;weight_class=Super heavyweight;games=2022 Bogotá;entry_country=CHN;source_url=https://en.wikipedia.org/wiki/List_of_World_Championships_medalists_in_weightlifting_(women),10.0
world_weightlifting_championships_2022_women_super-heavyweight,world_weightlifting_athlete_Emily_Campbell_GBR,2,silver,discipline=Weightlifting;event=World Weightlifting Championships Women Super heavyweight total;weight_class=Super heavyweight;games=2022 Bogotá;entry_country=GBR;source_url=https://en.wikipedia.org/wiki/List_of_World_Championships_medalists_in_weightlifting_(women),7.0
world_weightlifting_championships_2022_women_super-heavyweight,world_weightlifting_athlete_Duangaksorn_Chaidee_THA,3,bronze,discipline=Weightlifting;event=World Weightlifting Championships Women Super heavyweight total;weight_class=Super heavyweight;games=2022 Bogotá;entry_country=THA;source_url=https://en.wikipedia.org/wiki/List_of_World_Championships_medalists_in_weightlifting_(women),5.0
world_weightlifting_championships_2023_men_bantamweight,world_weightlifting_athlete_Li_Fabin_CHN,1,gold,discipline=Weightlifting;event=World Weightlifting Championships Men Bantamweight total;weight_class=Bantamweight;games=2023 Riyadh;entry_country=CHN;source_url=https://en.wikipedia.org/wiki/List_of_World_Championships_medalists_in_weightlifting_(men),10.0
world_weightlifting_championships_2023_men_bantamweight,world_weightlifting_athlete_Sergio_Massidda_ITA,2,silver,discipline=Weightlifting;event=World Weightlifting Championships Men Bantamweight total;weight_class=Bantamweight;games=2023 Riyadh;entry_country=ITA;source_url=https://en.wikipedia.org/wiki/List_of_World_Championships_medalists_in_weightlifting_(men),7.0
world_weightlifting_championships_2023_men_bantamweight,world_weightlifting_athlete_Ding_Hongjie_CHN,3,bronze,discipline=Weightlifting;event=World Weightlifting Championships Men Bantamweight total;weight_class=Bantamweight;games=2023 Riyadh;entry_country=CHN;source_url=https://en.wikipedia.org/wiki/List_of_World_Championships_medalists_in_weightlifting_(men),5.0
world_weightlifting_championships_2023_men_featherweight,world_weightlifting_athlete_Chen_Lijun_CHN,1,gold,discipline=Weightlifting;event=World Weightlifting Championships Men Featherweight total;weight_class=Featherweight;games=2023 Riyadh;entry_country=CHN;source_url=https://en.wikipedia.org/wiki/List_of_World_Championships_medalists_in_weightlifting_(men),10.0
world_weightlifting_championships_2023_men_featherweight,world_weightlifting_athlete_Eko_Yuli_Irawan_INA,2,silver,discipline=Weightlifting;event=World Weightlifting Championships Men Featherweight total;weight_class=Featherweight;games=2023 Riyadh;entry_country=INA;source_url=https://en.wikipedia.org/wiki/List_of_World_Championships_medalists_in_weightlifting_(men),7.0
world_weightlifting_championships_2023_men_featherweight,world_weightlifting_athlete_Gor_Sahakyan_ARM,3,bronze,discipline=Weightlifting;event=World Weightlifting Championships Men Featherweight total;weight_class=Featherweight;games=2023 Riyadh;entry_country=ARM;source_url=https://en.wikipedia.org/wiki/List_of_World_Championships_medalists_in_weightlifting_(men),5.0
world_weightlifting_championships_2023_men_first-heavyweight,world_weightlifting_athlete_Liu_Huanhua_CHN,1,gold,discipline=Weightlifting;event=World Weightlifting Championships Men First heavyweight total;weight_class=First heavyweight;games=2023 Riyadh;entry_country=CHN;source_url=https://en.wikipedia.org/wiki/List_of_World_Championships_medalists_in_weightlifting_(men),10.0
world_weightlifting_championships_2023_men_first-heavyweight,world_weightlifting_athlete_Jang_Yeon-hak_KOR,2,silver,discipline=Weightlifting;event=World Weightlifting Championships Men First heavyweight total;weight_class=First heavyweight;games=2023 Riyadh;entry_country=KOR;source_url=https://en.wikipedia.org/wiki/List_of_World_Championships_medalists_in_weightlifting_(men),7.0
world_weightlifting_championships_2023_men_first-heavyweight,world_weightlifting_athlete_Yauheni_Tsikhantsou_AIN,3,bronze,discipline=Weightlifting;event=World Weightlifting Championships Men First heavyweight total;weight_class=First heavyweight;games=2023 Riyadh;entry_country=AIN;source_url=https://en.wikipedia.org/wiki/List_of_World_Championships_medalists_in_weightlifting_(men),5.0
world_weightlifting_championships_2023_men_flyweight,world_weightlifting_athlete_Li_Gia_Thành_VIE,1,gold,discipline=Weightlifting;event=World Weightlifting Championships Men Flyweight total;weight_class=Flyweight;games=2023 Riyadh;entry_country=VIE;source_url=https://en.wikipedia.org/wiki/List_of_World_Championships_medalists_in_weightlifting_(men),10.0
world_weightlifting_championships_2023_men_flyweight,world_weightlifting_athlete_Ngô_Sn_nh_VIE,2,silver,discipline=Weightlifting;event=World Weightlifting Championships Men Flyweight total;weight_class=Flyweight;games=2023 Riyadh;entry_country=VIE;source_url=https://en.wikipedia.org/wiki/List_of_World_Championships_medalists_in_weightlifting_(men),7.0
world_weightlifting_championships_2023_men_flyweight,world_weightlifting_athlete_Natthawat_Chomchuen_THA,3,bronze,discipline=Weightlifting;event=World Weightlifting Championships Men Flyweight total;weight_class=Flyweight;games=2023 Riyadh;entry_country=THA;source_url=https://en.wikipedia.org/wiki/List_of_World_Championships_medalists_in_weightlifting_(men),5.0
world_weightlifting_championships_2023_men_heavyweight,world_weightlifting_athlete_Akbar_Djuraev_UZB,1,gold,discipline=Weightlifting;event=World Weightlifting Championships Men Heavyweight total;weight_class=Heavyweight;games=2023 Riyadh;entry_country=UZB;source_url=https://en.wikipedia.org/wiki/List_of_World_Championships_medalists_in_weightlifting_(men),10.0
world_weightlifting_championships_2023_men_heavyweight,world_weightlifting_athlete_Ruslan_Nurudinov_UZB,2,silver,discipline=Weightlifting;event=World Weightlifting Championships Men Heavyweight total;weight_class=Heavyweight;games=2023 Riyadh;entry_country=UZB;source_url=https://en.wikipedia.org/wiki/List_of_World_Championships_medalists_in_weightlifting_(men),7.0
world_weightlifting_championships_2023_men_heavyweight,world_weightlifting_athlete_Dadash_Dadashbayli_AZE,3,bronze,discipline=Weightlifting;event=World Weightlifting Championships Men Heavyweight total;weight_class=Heavyweight;games=2023 Riyadh;entry_country=AZE;source_url=https://en.wikipedia.org/wiki/List_of_World_Championships_medalists_in_weightlifting_(men),5.0
world_weightlifting_championships_2023_men_light-heavyweight,world_weightlifting_athlete_Mirmostafa_Javadi_IRI,1,gold,discipline=Weightlifting;event=World Weightlifting Championships Men Light heavyweight total;weight_class=Light heavyweight;games=2023 Riyadh;entry_country=IRI;source_url=https://en.wikipedia.org/wiki/List_of_World_Championships_medalists_in_weightlifting_(men),10.0
world_weightlifting_championships_2023_men_light-heavyweight,world_weightlifting_athlete_Li_Dayin_CHN,2,silver,discipline=Weightlifting;event=World Weightlifting Championships Men Light heavyweight total;weight_class=Light heavyweight;games=2023 Riyadh;entry_country=CHN;source_url=https://en.wikipedia.org/wiki/List_of_World_Championships_medalists_in_weightlifting_(men),7.0
world_weightlifting_championships_2023_men_light-heavyweight,world_weightlifting_athlete_Keydomar_Vallenilla_VEN,3,bronze,discipline=Weightlifting;event=World Weightlifting Championships Men Light heavyweight total;weight_class=Light heavyweight;games=2023 Riyadh;entry_country=VEN;source_url=https://en.wikipedia.org/wiki/List_of_World_Championships_medalists_in_weightlifting_(men),5.0
world_weightlifting_championships_2023_men_lightweight,world_weightlifting_athlete_Weeraphon_Wichuma_THA,1,gold,discipline=Weightlifting;event=World Weightlifting Championships Men Lightweight total;weight_class=Lightweight;games=2023 Riyadh;entry_country=THA;source_url=https://en.wikipedia.org/wiki/List_of_World_Championships_medalists_in_weightlifting_(men),10.0
world_weightlifting_championships_2023_men_lightweight,world_weightlifting_athlete_Wei_Yinting_CHN,2,silver,discipline=Weightlifting;event=World Weightlifting Championships Men Lightweight total;weight_class=Lightweight;games=2023 Riyadh;entry_country=CHN;source_url=https://en.wikipedia.org/wiki/List_of_World_Championships_medalists_in_weightlifting_(men),7.0
world_weightlifting_championships_2023_men_lightweight,world_weightlifting_athlete_Muhammed_Furkan_Özbek_TUR,3,bronze,discipline=Weightlifting;event=World Weightlifting Championships Men Lightweight total;weight_class=Lightweight;games=2023 Riyadh;entry_country=TUR;source_url=https://en.wikipedia.org/wiki/List_of_World_Championships_medalists_in_weightlifting_(men),5.0
world_weightlifting_championships_2023_men_middle-heavyweight,world_weightlifting_athlete_Karim_Abokahla_EGY,1,gold,discipline=Weightlifting;event=World Weightlifting Championships Men Middle heavyweight total;weight_class=Middle heavyweight;games=2023 Riyadh;entry_country=EGY;source_url=https://en.wikipedia.org/wiki/List_of_World_Championships_medalists_in_weightlifting_(men),10.0
world_weightlifting_championships_2023_men_middle-heavyweight,world_weightlifting_athlete_Won_Jong-beom_KOR,2,silver,discipline=Weightlifting;event=World Weightlifting Championships Men Middle heavyweight total;weight_class=Middle heavyweight;games=2023 Riyadh;entry_country=KOR;source_url=https://en.wikipedia.org/wiki/List_of_World_Championships_medalists_in_weightlifting_(men),7.0
world_weightlifting_championships_2023_men_middle-heavyweight,world_weightlifting_athlete_Qasim_Hasan_IRQ,3,bronze,discipline=Weightlifting;event=World Weightlifting Championships Men Middle heavyweight total;weight_class=Middle heavyweight;games=2023 Riyadh;entry_country=IRQ;source_url=https://en.wikipedia.org/wiki/List_of_World_Championships_medalists_in_weightlifting_(men),5.0
world_weightlifting_championships_2023_men_middleweight,world_weightlifting_athlete_Oscar_Reyes_ITA,1,gold,discipline=Weightlifting;event=World Weightlifting Championships Men Middleweight total;weight_class=Middleweight;games=2023 Riyadh;entry_country=ITA;source_url=https://en.wikipedia.org/wiki/List_of_World_Championships_medalists_in_weightlifting_(men),10.0
world_weightlifting_championships_2023_men_middleweight,world_weightlifting_athlete_Rahmat_Erwin_Abdullah_INA,2,silver,discipline=Weightlifting;event=World Weightlifting Championships Men Middleweight total;weight_class=Middleweight;games=2023 Riyadh;entry_country=INA;source_url=https://en.wikipedia.org/wiki/List_of_World_Championships_medalists_in_weightlifting_(men),7.0
world_weightlifting_championships_2023_men_middleweight,world_weightlifting_athlete_Mukhammadkodir_Toshtemirov_UZB,3,bronze,discipline=Weightlifting;event=World Weightlifting Championships Men Middleweight total;weight_class=Middleweight;games=2023 Riyadh;entry_country=UZB;source_url=https://en.wikipedia.org/wiki/List_of_World_Championships_medalists_in_weightlifting_(men),5.0
world_weightlifting_championships_2023_men_super-heavyweight,world_weightlifting_athlete_Lasha_Talakhadze_GEO,1,gold,discipline=Weightlifting;event=World Weightlifting Championships Men Super heavyweight total;weight_class=Super heavyweight;games=2023 Riyadh;entry_country=GEO;source_url=https://en.wikipedia.org/wiki/List_of_World_Championships_medalists_in_weightlifting_(men),10.0
world_weightlifting_championships_2023_men_super-heavyweight,world_weightlifting_athlete_Varazdat_Lalayan_ARM,2,silver,discipline=Weightlifting;event=World Weightlifting Championships Men Super heavyweight total;weight_class=Super heavyweight;games=2023 Riyadh;entry_country=ARM;source_url=https://en.wikipedia.org/wiki/List_of_World_Championships_medalists_in_weightlifting_(men),7.0
world_weightlifting_championships_2023_men_super-heavyweight,world_weightlifting_athlete_Gor_Minasyan_BRN,3,bronze,discipline=Weightlifting;event=World Weightlifting Championships Men Super heavyweight total;weight_class=Super heavyweight;games=2023 Riyadh;entry_country=BRN;source_url=https://en.wikipedia.org/wiki/List_of_World_Championships_medalists_in_weightlifting_(men),5.0
world_weightlifting_championships_2023_women_bantamweight,world_weightlifting_athlete_Jiang_Huihua_CHN,1,gold,discipline=Weightlifting;event=World Weightlifting Championships Women Bantamweight total;weight_class=Bantamweight;games=2023 Riyadh;entry_country=CHN;source_url=https://en.wikipedia.org/wiki/List_of_World_Championships_medalists_in_weightlifting_(women),10.0
world_weightlifting_championships_2023_women_bantamweight,world_weightlifting_athlete_Hou_Zhihui_CHN,2,silver,discipline=Weightlifting;event=World Weightlifting Championships Women Bantamweight total;weight_class=Bantamweight;games=2023 Riyadh;entry_country=CHN;source_url=https://en.wikipedia.org/wiki/List_of_World_Championships_medalists_in_weightlifting_(women),7.0
world_weightlifting_championships_2023_women_bantamweight,world_weightlifting_athlete_Jourdan_Delacruz_USA,3,bronze,discipline=Weightlifting;event=World Weightlifting Championships Women Bantamweight total;weight_class=Bantamweight;games=2023 Riyadh;entry_country=USA;source_url=https://en.wikipedia.org/wiki/List_of_World_Championships_medalists_in_weightlifting_(women),5.0
world_weightlifting_championships_2023_women_featherweight,world_weightlifting_athlete_Chen_Guan-ling_TPE,1,gold,discipline=Weightlifting;event=World Weightlifting Championships Women Featherweight total;weight_class=Featherweight;games=2023 Riyadh;entry_country=TPE;source_url=https://en.wikipedia.org/wiki/List_of_World_Championships_medalists_in_weightlifting_(women),10.0
world_weightlifting_championships_2023_women_featherweight,world_weightlifting_athlete_Rohelys_Galvis_COL,2,silver,discipline=Weightlifting;event=World Weightlifting Championships Women Featherweight total;weight_class=Featherweight;games=2023 Riyadh;entry_country=COL;source_url=https://en.wikipedia.org/wiki/List_of_World_Championships_medalists_in_weightlifting_(women),7.0
world_weightlifting_championships_2023_women_featherweight,world_weightlifting_athlete_Irene_Borrego_MEX,3,bronze,discipline=Weightlifting;event=World Weightlifting Championships Women Featherweight total;weight_class=Featherweight;games=2023 Riyadh;entry_country=MEX;source_url=https://en.wikipedia.org/wiki/List_of_World_Championships_medalists_in_weightlifting_(women),5.0
world_weightlifting_championships_2023_women_first-heavyweight,world_weightlifting_athlete_Liang_Xiaomei_CHN,1,gold,discipline=Weightlifting;event=World Weightlifting Championships Women First heavyweight total;weight_class=First heavyweight;games=2023 Riyadh;entry_country=CHN;source_url=https://en.wikipedia.org/wiki/List_of_World_Championships_medalists_in_weightlifting_(women),10.0
world_weightlifting_championships_2023_women_first-heavyweight,world_weightlifting_athlete_Wang_Zhouyu_CHN,2,silver,discipline=Weightlifting;event=World Weightlifting Championships Women First heavyweight total;weight_class=First heavyweight;games=2023 Riyadh;entry_country=CHN;source_url=https://en.wikipedia.org/wiki/List_of_World_Championships_medalists_in_weightlifting_(women),7.0
world_weightlifting_championships_2023_women_first-heavyweight,world_weightlifting_athlete_Eileen_Cikamatana_AUS,3,bronze,discipline=Weightlifting;event=World Weightlifting Championships Women First heavyweight total;weight_class=First heavyweight;games=2023 Riyadh;entry_country=AUS;source_url=https://en.wikipedia.org/wiki/List_of_World_Championships_medalists_in_weightlifting_(women),5.0
world_weightlifting_championships_2023_women_flyweight,world_weightlifting_athlete_Sirivimon_Pramongkhol_THA,1,gold,discipline=Weightlifting;event=World Weightlifting Championships Women Flyweight total;weight_class=Flyweight;games=2023 Riyadh;entry_country=THA;source_url=https://en.wikipedia.org/wiki/List_of_World_Championships_medalists_in_weightlifting_(women),10.0
world_weightlifting_championships_2023_women_flyweight,world_weightlifting_athlete_Rosina_Randafiarison_MAD,2,silver,discipline=Weightlifting;event=World Weightlifting Championships Women Flyweight total;weight_class=Flyweight;games=2023 Riyadh;entry_country=MAD;source_url=https://en.wikipedia.org/wiki/List_of_World_Championships_medalists_in_weightlifting_(women),7.0
world_weightlifting_championships_2023_women_flyweight,world_weightlifting_athlete_Cansu_Bekta_TUR,3,bronze,discipline=Weightlifting;event=World Weightlifting Championships Women Flyweight total;weight_class=Flyweight;games=2023 Riyadh;entry_country=TUR;source_url=https://en.wikipedia.org/wiki/List_of_World_Championships_medalists_in_weightlifting_(women),5.0
world_weightlifting_championships_2023_women_heavyweight,world_weightlifting_athlete_Lo_Ying-yuan_TPE,1,gold,discipline=Weightlifting;event=World Weightlifting Championships Women Heavyweight total;weight_class=Heavyweight;games=2023 Riyadh;entry_country=TPE;source_url=https://en.wikipedia.org/wiki/List_of_World_Championships_medalists_in_weightlifting_(women),10.0
world_weightlifting_championships_2023_women_heavyweight,world_weightlifting_athlete_Yeinny_Geles_COL,2,silver,discipline=Weightlifting;event=World Weightlifting Championships Women Heavyweight total;weight_class=Heavyweight;games=2023 Riyadh;entry_country=COL;source_url=https://en.wikipedia.org/wiki/List_of_World_Championships_medalists_in_weightlifting_(women),7.0
world_weightlifting_championships_2023_women_heavyweight,world_weightlifting_athlete_Jung_A-ram_KOR,3,bronze,discipline=Weightlifting;event=World Weightlifting Championships Women Heavyweight total;weight_class=Heavyweight;games=2023 Riyadh;entry_country=KOR;source_url=https://en.wikipedia.org/wiki/List_of_World_Championships_medalists_in_weightlifting_(women),5.0
world_weightlifting_championships_2023_women_light-heavyweight,world_weightlifting_athlete_Liao_Guifang_CHN,1,gold,discipline=Weightlifting;event=World Weightlifting Championships Women Light heavyweight total;weight_class=Light heavyweight;games=2023 Riyadh;entry_country=CHN;source_url=https://en.wikipedia.org/wiki/List_of_World_Championships_medalists_in_weightlifting_(women),10.0
world_weightlifting_championships_2023_women_light-heavyweight,world_weightlifting_athlete_Angie_Palacios_ECU,2,silver,discipline=Weightlifting;event=World Weightlifting Championships Women Light heavyweight total;weight_class=Light heavyweight;games=2023 Riyadh;entry_country=ECU;source_url=https://en.wikipedia.org/wiki/List_of_World_Championships_medalists_in_weightlifting_(women),7.0
world_weightlifting_championships_2023_women_light-heavyweight,world_weightlifting_athlete_Olivia_Reeves_USA,3,bronze,discipline=Weightlifting;event=World Weightlifting Championships Women Light heavyweight total;weight_class=Light heavyweight;games=2023 Riyadh;entry_country=USA;source_url=https://en.wikipedia.org/wiki/List_of_World_Championships_medalists_in_weightlifting_(women),5.0
world_weightlifting_championships_2023_women_lightweight,world_weightlifting_athlete_Luo_Shifang_CHN,1,gold,discipline=Weightlifting;event=World Weightlifting Championships Women Lightweight total;weight_class=Lightweight;games=2023 Riyadh;entry_country=CHN;source_url=https://en.wikipedia.org/wiki/List_of_World_Championships_medalists_in_weightlifting_(women),10.0
world_weightlifting_championships_2023_women_lightweight,world_weightlifting_athlete_Kamila_Konotop_UKR,2,silver,discipline=Weightlifting;event=World Weightlifting Championships Women Lightweight total;weight_class=Lightweight;games=2023 Riyadh;entry_country=UKR;source_url=https://en.wikipedia.org/wiki/List_of_World_Championships_medalists_in_weightlifting_(women),7.0
world_weightlifting_championships_2023_women_lightweight,world_weightlifting_athlete_Pei_Xinyi_CHN,3,bronze,discipline=Weightlifting;event=World Weightlifting Championships Women Lightweight total;weight_class=Lightweight;games=2023 Riyadh;entry_country=CHN;source_url=https://en.wikipedia.org/wiki/List_of_World_Championships_medalists_in_weightlifting_(women),5.0
world_weightlifting_championships_2023_women_middle-heavyweight,world_weightlifting_athlete_Sara_Ahmed_EGY,1,gold,discipline=Weightlifting;event=World Weightlifting Championships Women Middle heavyweight total;weight_class=Middle heavyweight;games=2023 Riyadh;entry_country=EGY;source_url=https://en.wikipedia.org/wiki/List_of_World_Championships_medalists_in_weightlifting_(women),10.0
world_weightlifting_championships_2023_women_middle-heavyweight,world_weightlifting_athlete_Hellen_Escobar_COL,2,silver,discipline=Weightlifting;event=World Weightlifting Championships Women Middle heavyweight total;weight_class=Middle heavyweight;games=2023 Riyadh;entry_country=COL;source_url=https://en.wikipedia.org/wiki/List_of_World_Championships_medalists_in_weightlifting_(women),7.0
world_weightlifting_championships_2023_women_middle-heavyweight,world_weightlifting_athlete_Bella_Paredes_ECU,3,bronze,discipline=Weightlifting;event=World Weightlifting Championships Women Middle heavyweight total;weight_class=Middle heavyweight;games=2023 Riyadh;entry_country=ECU;source_url=https://en.wikipedia.org/wiki/List_of_World_Championships_medalists_in_weightlifting_(women),5.0
world_weightlifting_championships_2023_women_middleweight,world_weightlifting_athlete_Natalia_Llamosa_COL,1,gold,discipline=Weightlifting;event=World Weightlifting Championships Women Middleweight total;weight_class=Middleweight;games=2023 Riyadh;entry_country=COL;source_url=https://en.wikipedia.org/wiki/List_of_World_Championships_medalists_in_weightlifting_(women),10.0
world_weightlifting_championships_2023_women_middleweight,world_weightlifting_athlete_Ruth_Ayodele_NGR,2,silver,discipline=Weightlifting;event=World Weightlifting Championships Women Middleweight total;weight_class=Middleweight;games=2023 Riyadh;entry_country=NGR;source_url=https://en.wikipedia.org/wiki/List_of_World_Championships_medalists_in_weightlifting_(women),7.0
world_weightlifting_championships_2023_women_middleweight,world_weightlifting_athlete_Park_Min-kyung_KOR,3,bronze,discipline=Weightlifting;event=World Weightlifting Championships Women Middleweight total;weight_class=Middleweight;games=2023 Riyadh;entry_country=KOR;source_url=https://en.wikipedia.org/wiki/List_of_World_Championships_medalists_in_weightlifting_(women),5.0
world_weightlifting_championships_2023_women_super-heavyweight,world_weightlifting_athlete_Park_Hye-jeong_KOR,1,gold,discipline=Weightlifting;event=World Weightlifting Championships Women Super heavyweight total;weight_class=Super heavyweight;games=2023 Riyadh;entry_country=KOR;source_url=https://en.wikipedia.org/wiki/List_of_World_Championships_medalists_in_weightlifting_(women),10.0
world_weightlifting_championships_2023_women_super-heavyweight,world_weightlifting_athlete_Mary_Theisen-Lappen_USA,2,silver,discipline=Weightlifting;event=World Weightlifting Championships Women Super heavyweight total;weight_class=Super heavyweight;games=2023 Riyadh;entry_country=USA;source_url=https://en.wikipedia.org/wiki/List_of_World_Championships_medalists_in_weightlifting_(women),7.0
world_weightlifting_championships_2023_women_super-heavyweight,world_weightlifting_athlete_Lisseth_Ayoví_ECU,3,bronze,discipline=Weightlifting;event=World Weightlifting Championships Women Super heavyweight total;weight_class=Super heavyweight;games=2023 Riyadh;entry_country=ECU;source_url=https://en.wikipedia.org/wiki/List_of_World_Championships_medalists_in_weightlifting_(women),5.0
world_weightlifting_championships_2024_men_bantamweight,world_weightlifting_athlete_Pak_Myong-jin_PRK,1,gold,discipline=Weightlifting;event=World Weightlifting Championships Men Bantamweight total;weight_class=Bantamweight;games=2024 Manama;entry_country=PRK;source_url=https://en.wikipedia.org/wiki/List_of_World_Championships_medalists_in_weightlifting_(men),10.0
world_weightlifting_championships_2024_men_bantamweight,world_weightlifting_athlete_Aniq_Kasdan_MAS,2,silver,discipline=Weightlifting;event=World Weightlifting Championships Men Bantamweight total;weight_class=Bantamweight;games=2024 Manama;entry_country=MAS;source_url=https://en.wikipedia.org/wiki/List_of_World_Championships_medalists_in_weightlifting_(men),7.0
world_weightlifting_championships_2024_men_bantamweight,world_weightlifting_athlete_Nguyn_Trn_Anh_Tun_VIE,3,bronze,discipline=Weightlifting;event=World Weightlifting Championships Men Bantamweight total;weight_class=Bantamweight;games=2024 Manama;entry_country=VIE;source_url=https://en.wikipedia.org/wiki/List_of_World_Championships_medalists_in_weightlifting_(men),5.0
world_weightlifting_championships_2024_men_featherweight,world_weightlifting_athlete_Ri_Won-ju_PRK,1,gold,discipline=Weightlifting;event=World Weightlifting Championships Men Featherweight total;weight_class=Featherweight;games=2024 Manama;entry_country=PRK;source_url=https://en.wikipedia.org/wiki/List_of_World_Championships_medalists_in_weightlifting_(men),10.0
world_weightlifting_championships_2024_men_featherweight,world_weightlifting_athlete_Pak_Pyol_PRK,2,silver,discipline=Weightlifting;event=World Weightlifting Championships Men Featherweight total;weight_class=Featherweight;games=2024 Manama;entry_country=PRK;source_url=https://en.wikipedia.org/wiki/List_of_World_Championships_medalists_in_weightlifting_(men),7.0
world_weightlifting_championships_2024_men_featherweight,world_weightlifting_athlete_Yusuf_Fehmi_Genç_TUR,3,bronze,discipline=Weightlifting;event=World Weightlifting Championships Men Featherweight total;weight_class=Featherweight;games=2024 Manama;entry_country=TUR;source_url=https://en.wikipedia.org/wiki/List_of_World_Championships_medalists_in_weightlifting_(men),5.0
world_weightlifting_championships_2024_men_first-heavyweight,world_weightlifting_athlete_Artyom_Antropov_KAZ,1,gold,discipline=Weightlifting;event=World Weightlifting Championships Men First heavyweight total;weight_class=First heavyweight;games=2024 Manama;entry_country=KAZ;source_url=https://en.wikipedia.org/wiki/List_of_World_Championships_medalists_in_weightlifting_(men),10.0
world_weightlifting_championships_2024_men_first-heavyweight,world_weightlifting_athlete_Fares_El-Bakh_QAT,2,silver,discipline=Weightlifting;event=World Weightlifting Championships Men First heavyweight total;weight_class=First heavyweight;games=2024 Manama;entry_country=QAT;source_url=https://en.wikipedia.org/wiki/List_of_World_Championships_medalists_in_weightlifting_(men),7.0
world_weightlifting_championships_2024_men_first-heavyweight,world_weightlifting_athlete_Marcos_Ruiz_ESP,3,bronze,discipline=Weightlifting;event=World Weightlifting Championships Men First heavyweight total;weight_class=First heavyweight;games=2024 Manama;entry_country=ESP;source_url=https://en.wikipedia.org/wiki/List_of_World_Championships_medalists_in_weightlifting_(men),5.0
world_weightlifting_championships_2024_men_flyweight,world_weightlifting_athlete_Natthawat_Chomchuen_THA,1,gold,discipline=Weightlifting;event=World Weightlifting Championships Men Flyweight total;weight_class=Flyweight;games=2024 Manama;entry_country=THA;source_url=https://en.wikipedia.org/wiki/List_of_World_Championships_medalists_in_weightlifting_(men),10.0
world_weightlifting_championships_2024_men_flyweight,world_weightlifting_athlete_Thiago_Silva_BRA,2,silver,discipline=Weightlifting;event=World Weightlifting Championships Men Flyweight total;weight_class=Flyweight;games=2024 Manama;entry_country=BRA;source_url=https://en.wikipedia.org/wiki/List_of_World_Championships_medalists_in_weightlifting_(men),7.0
world_weightlifting_championships_2024_men_flyweight,world_weightlifting_athlete_Fernando_Agad_PHI,3,bronze,discipline=Weightlifting;event=World Weightlifting Championships Men Flyweight total;weight_class=Flyweight;games=2024 Manama;entry_country=PHI;source_url=https://en.wikipedia.org/wiki/List_of_World_Championships_medalists_in_weightlifting_(men),5.0
world_weightlifting_championships_2024_men_heavyweight,world_weightlifting_athlete_Ruslan_Nurudinov_UZB,1,gold,discipline=Weightlifting;event=World Weightlifting Championships Men Heavyweight total;weight_class=Heavyweight;games=2024 Manama;entry_country=UZB;source_url=https://en.wikipedia.org/wiki/List_of_World_Championships_medalists_in_weightlifting_(men),10.0
world_weightlifting_championships_2024_men_heavyweight,world_weightlifting_athlete_Dadash_Dadashbayli_AZE,2,silver,discipline=Weightlifting;event=World Weightlifting Championships Men Heavyweight total;weight_class=Heavyweight;games=2024 Manama;entry_country=AZE;source_url=https://en.wikipedia.org/wiki/List_of_World_Championships_medalists_in_weightlifting_(men),7.0
world_weightlifting_championships_2024_men_heavyweight,world_weightlifting_athlete_Mehdi_Karami_IRI,3,bronze,discipline=Weightlifting;event=World Weightlifting Championships Men Heavyweight total;weight_class=Heavyweight;games=2024 Manama;entry_country=IRI;source_url=https://en.wikipedia.org/wiki/List_of_World_Championships_medalists_in_weightlifting_(men),5.0
world_weightlifting_championships_2024_men_light-heavyweight,world_weightlifting_athlete_Karlos_Nasar_BUL,1,gold,discipline=Weightlifting;event=World Weightlifting Championships Men Light heavyweight total;weight_class=Light heavyweight;games=2024 Manama;entry_country=BUL;source_url=https://en.wikipedia.org/wiki/List_of_World_Championships_medalists_in_weightlifting_(men),10.0
world_weightlifting_championships_2024_men_light-heavyweight,world_weightlifting_athlete_Ro_Kwang-ryol_PRK,2,silver,discipline=Weightlifting;event=World Weightlifting Championships Men Light heavyweight total;weight_class=Light heavyweight;games=2024 Manama;entry_country=PRK;source_url=https://en.wikipedia.org/wiki/List_of_World_Championships_medalists_in_weightlifting_(men),7.0
world_weightlifting_championships_2024_men_light-heavyweight,world_weightlifting_athlete_Marin_Robu_MDA,3,bronze,discipline=Weightlifting;event=World Weightlifting Championships Men Light heavyweight total;weight_class=Light heavyweight;games=2024 Manama;entry_country=MDA;source_url=https://en.wikipedia.org/wiki/List_of_World_Championships_medalists_in_weightlifting_(men),5.0
world_weightlifting_championships_2024_men_lightweight,world_weightlifting_athlete_Ri_Ryong-hyon_PRK,1,gold,discipline=Weightlifting;event=World Weightlifting Championships Men Lightweight total;weight_class=Lightweight;games=2024 Manama;entry_country=PRK;source_url=https://en.wikipedia.org/wiki/List_of_World_Championships_medalists_in_weightlifting_(men),10.0
world_weightlifting_championships_2024_men_lightweight,world_weightlifting_athlete_Rizki_Juniansyah_INA,2,silver,discipline=Weightlifting;event=World Weightlifting Championships Men Lightweight total;weight_class=Lightweight;games=2024 Manama;entry_country=INA;source_url=https://en.wikipedia.org/wiki/List_of_World_Championships_medalists_in_weightlifting_(men),7.0
world_weightlifting_championships_2024_men_lightweight,world_weightlifting_athlete_Zhong_Zhiguang_CHN,3,bronze,discipline=Weightlifting;event=World Weightlifting Championships Men Lightweight total;weight_class=Lightweight;games=2024 Manama;entry_country=CHN;source_url=https://en.wikipedia.org/wiki/List_of_World_Championships_medalists_in_weightlifting_(men),5.0
world_weightlifting_championships_2024_men_middle-heavyweight,world_weightlifting_athlete_Nurgissa_Adiletuly_KAZ,1,gold,discipline=Weightlifting;event=World Weightlifting Championships Men Middle heavyweight total;weight_class=Middle heavyweight;games=2024 Manama;entry_country=KAZ;source_url=https://en.wikipedia.org/wiki/List_of_World_Championships_medalists_in_weightlifting_(men),10.0
world_weightlifting_championships_2024_men_middle-heavyweight,world_weightlifting_athlete_Revaz_Davitadze_GEO,2,silver,discipline=Weightlifting;event=World Weightlifting Championships Men Middle heavyweight total;weight_class=Middle heavyweight;games=2024 Manama;entry_country=GEO;source_url=https://en.wikipedia.org/wiki/List_of_World_Championships_medalists_in_weightlifting_(men),7.0
world_weightlifting_championships_2024_men_middle-heavyweight,world_weightlifting_athlete_Ali_Alipour_IRI,3,bronze,discipline=Weightlifting;event=World Weightlifting Championships Men Middle heavyweight total;weight_class=Middle heavyweight;games=2024 Manama;entry_country=IRI;source_url=https://en.wikipedia.org/wiki/List_of_World_Championships_medalists_in_weightlifting_(men),5.0
world_weightlifting_championships_2024_men_middleweight,world_weightlifting_athlete_Ri_Chong-song_PRK,1,gold,discipline=Weightlifting;event=World Weightlifting Championships Men Middleweight total;weight_class=Middleweight;games=2024 Manama;entry_country=PRK;source_url=https://en.wikipedia.org/wiki/List_of_World_Championships_medalists_in_weightlifting_(men),10.0
world_weightlifting_championships_2024_men_middleweight,world_weightlifting_athlete_Alexey_Churkin_KAZ,2,silver,discipline=Weightlifting;event=World Weightlifting Championships Men Middleweight total;weight_class=Middleweight;games=2024 Manama;entry_country=KAZ;source_url=https://en.wikipedia.org/wiki/List_of_World_Championships_medalists_in_weightlifting_(men),7.0
world_weightlifting_championships_2024_men_middleweight,world_weightlifting_athlete_Mukhammadkodir_Toshtemirov_UZB,3,bronze,discipline=Weightlifting;event=World Weightlifting Championships Men Middleweight total;weight_class=Middleweight;games=2024 Manama;entry_country=UZB;source_url=https://en.wikipedia.org/wiki/List_of_World_Championships_medalists_in_weightlifting_(men),5.0
world_weightlifting_championships_2024_men_super-heavyweight,world_weightlifting_athlete_Varazdat_Lalayan_ARM,1,gold,discipline=Weightlifting;event=World Weightlifting Championships Men Super heavyweight total;weight_class=Super heavyweight;games=2024 Manama;entry_country=ARM;source_url=https://en.wikipedia.org/wiki/List_of_World_Championships_medalists_in_weightlifting_(men),10.0
world_weightlifting_championships_2024_men_super-heavyweight,world_weightlifting_athlete_Ali_Davoudi_IRI,2,silver,discipline=Weightlifting;event=World Weightlifting Championships Men Super heavyweight total;weight_class=Super heavyweight;games=2024 Manama;entry_country=IRI;source_url=https://en.wikipedia.org/wiki/List_of_World_Championships_medalists_in_weightlifting_(men),7.0
world_weightlifting_championships_2024_men_super-heavyweight,world_weightlifting_athlete_Alireza_Yousefi_IRI,3,bronze,discipline=Weightlifting;event=World Weightlifting Championships Men Super heavyweight total;weight_class=Super heavyweight;games=2024 Manama;entry_country=IRI;source_url=https://en.wikipedia.org/wiki/List_of_World_Championships_medalists_in_weightlifting_(men),5.0
world_weightlifting_championships_2024_women_bantamweight,world_weightlifting_athlete_Ri_Song-gum_PRK,1,gold,discipline=Weightlifting;event=World Weightlifting Championships Women Bantamweight total;weight_class=Bantamweight;games=2024 Manama;entry_country=PRK;source_url=https://en.wikipedia.org/wiki/List_of_World_Championships_medalists_in_weightlifting_(women),10.0
world_weightlifting_championships_2024_women_bantamweight,world_weightlifting_athlete_Xiang_Linxiang_CHN,2,silver,discipline=Weightlifting;event=World Weightlifting Championships Women Bantamweight total;weight_class=Bantamweight;games=2024 Manama;entry_country=CHN;source_url=https://en.wikipedia.org/wiki/List_of_World_Championships_medalists_in_weightlifting_(women),7.0
world_weightlifting_championships_2024_women_bantamweight,world_weightlifting_athlete_Rosegie_Ramos_PHI,3,bronze,discipline=Weightlifting;event=World Weightlifting Championships Women Bantamweight total;weight_class=Bantamweight;games=2024 Manama;entry_country=PHI;source_url=https://en.wikipedia.org/wiki/List_of_World_Championships_medalists_in_weightlifting_(women),5.0
world_weightlifting_championships_2024_women_featherweight,world_weightlifting_athlete_Kang_Hyon-gyong_PRK,1,gold,discipline=Weightlifting;event=World Weightlifting Championships Women Featherweight total;weight_class=Featherweight;games=2024 Manama;entry_country=PRK;source_url=https://en.wikipedia.org/wiki/List_of_World_Championships_medalists_in_weightlifting_(women),10.0
world_weightlifting_championships_2024_women_featherweight,world_weightlifting_athlete_Chen_Guan-ling_TPE,2,silver,discipline=Weightlifting;event=World Weightlifting Championships Women Featherweight total;weight_class=Featherweight;games=2024 Manama;entry_country=TPE;source_url=https://en.wikipedia.org/wiki/List_of_World_Championships_medalists_in_weightlifting_(women),7.0
world_weightlifting_championships_2024_women_featherweight,world_weightlifting_athlete_Aleksandra_Grigoryan_ARM,3,bronze,discipline=Weightlifting;event=World Weightlifting Championships Women Featherweight total;weight_class=Featherweight;games=2024 Manama;entry_country=ARM;source_url=https://en.wikipedia.org/wiki/List_of_World_Championships_medalists_in_weightlifting_(women),5.0
world_weightlifting_championships_2024_women_first-heavyweight,world_weightlifting_athlete_Liao_Guifang_CHN,1,gold,discipline=Weightlifting;event=World Weightlifting Championships Women First heavyweight total;weight_class=First heavyweight;games=2024 Manama;entry_country=CHN;source_url=https://en.wikipedia.org/wiki/List_of_World_Championships_medalists_in_weightlifting_(women),10.0
world_weightlifting_championships_2024_women_first-heavyweight,world_weightlifting_athlete_Sara_Ahmed_EGY,2,silver,discipline=Weightlifting;event=World Weightlifting Championships Women First heavyweight total;weight_class=First heavyweight;games=2024 Manama;entry_country=EGY;source_url=https://en.wikipedia.org/wiki/List_of_World_Championships_medalists_in_weightlifting_(women),7.0
world_weightlifting_championships_2024_women_first-heavyweight,world_weightlifting_athlete_Kim_Kyong-ryong_PRK,3,bronze,discipline=Weightlifting;event=World Weightlifting Championships Women First heavyweight total;weight_class=First heavyweight;games=2024 Manama;entry_country=PRK;source_url=https://en.wikipedia.org/wiki/List_of_World_Championships_medalists_in_weightlifting_(women),5.0
world_weightlifting_championships_2024_women_flyweight,world_weightlifting_athlete_Zhao_Jinhong_CHN,1,gold,discipline=Weightlifting;event=World Weightlifting Championships Women Flyweight total;weight_class=Flyweight;games=2024 Manama;entry_country=CHN;source_url=https://en.wikipedia.org/wiki/List_of_World_Championships_medalists_in_weightlifting_(women),10.0
world_weightlifting_championships_2024_women_flyweight,world_weightlifting_athlete_Won_Hyon-sim_PRK,2,silver,discipline=Weightlifting;event=World Weightlifting Championships Women Flyweight total;weight_class=Flyweight;games=2024 Manama;entry_country=PRK;source_url=https://en.wikipedia.org/wiki/List_of_World_Championships_medalists_in_weightlifting_(women),7.0
world_weightlifting_championships_2024_women_flyweight,world_weightlifting_athlete_Phm_ình_Thi_VIE,3,bronze,discipline=Weightlifting;event=World Weightlifting Championships Women Flyweight total;weight_class=Flyweight;games=2024 Manama;entry_country=VIE;source_url=https://en.wikipedia.org/wiki/List_of_World_Championships_medalists_in_weightlifting_(women),5.0
world_weightlifting_championships_2024_women_heavyweight,world_weightlifting_athlete_Wu_Yan_CHN,1,gold,discipline=Weightlifting;event=World Weightlifting Championships Women Heavyweight total;weight_class=Heavyweight;games=2024 Manama;entry_country=CHN;source_url=https://en.wikipedia.org/wiki/List_of_World_Championships_medalists_in_weightlifting_(women),10.0
world_weightlifting_championships_2024_women_heavyweight,world_weightlifting_athlete_Eileen_Cikamatana_AUS,2,silver,discipline=Weightlifting;event=World Weightlifting Championships Women Heavyweight total;weight_class=Heavyweight;games=2024 Manama;entry_country=AUS;source_url=https://en.wikipedia.org/wiki/List_of_World_Championships_medalists_in_weightlifting_(women),7.0
world_weightlifting_championships_2024_women_heavyweight,world_weightlifting_athlete_Kim_Yong-ju_PRK,3,bronze,discipline=Weightlifting;event=World Weightlifting Championships Women Heavyweight total;weight_class=Heavyweight;games=2024 Manama;entry_country=PRK;source_url=https://en.wikipedia.org/wiki/List_of_World_Championships_medalists_in_weightlifting_(women),5.0
world_weightlifting_championships_2024_women_light-heavyweight,world_weightlifting_athlete_Olivia_Reeves_USA,1,gold,discipline=Weightlifting;event=World Weightlifting Championships Women Light heavyweight total;weight_class=Light heavyweight;games=2024 Manama;entry_country=USA;source_url=https://en.wikipedia.org/wiki/List_of_World_Championships_medalists_in_weightlifting_(women),10.0
world_weightlifting_championships_2024_women_light-heavyweight,world_weightlifting_athlete_Jong_Chun-hui_PRK,2,silver,discipline=Weightlifting;event=World Weightlifting Championships Women Light heavyweight total;weight_class=Light heavyweight;games=2024 Manama;entry_country=PRK;source_url=https://en.wikipedia.org/wiki/List_of_World_Championships_medalists_in_weightlifting_(women),7.0
world_weightlifting_championships_2024_women_light-heavyweight,world_weightlifting_athlete_Yang_Qiuxia_CHN,3,bronze,discipline=Weightlifting;event=World Weightlifting Championships Women Light heavyweight total;weight_class=Light heavyweight;games=2024 Manama;entry_country=CHN;source_url=https://en.wikipedia.org/wiki/List_of_World_Championships_medalists_in_weightlifting_(women),5.0
world_weightlifting_championships_2024_women_lightweight,world_weightlifting_athlete_Kim_Il-gyong_PRK,1,gold,discipline=Weightlifting;event=World Weightlifting Championships Women Lightweight total;weight_class=Lightweight;games=2024 Manama;entry_country=PRK;source_url=https://en.wikipedia.org/wiki/List_of_World_Championships_medalists_in_weightlifting_(women),10.0
world_weightlifting_championships_2024_women_lightweight,world_weightlifting_athlete_Pei_Xinyi_CHN,2,silver,discipline=Weightlifting;event=World Weightlifting Championships Women Lightweight total;weight_class=Lightweight;games=2024 Manama;entry_country=CHN;source_url=https://en.wikipedia.org/wiki/List_of_World_Championships_medalists_in_weightlifting_(women),7.0
world_weightlifting_championships_2024_women_lightweight,world_weightlifting_athlete_Yenny_Álvarez_COL,3,bronze,discipline=Weightlifting;event=World Weightlifting Championships Women Lightweight total;weight_class=Lightweight;games=2024 Manama;entry_country=COL;source_url=https://en.wikipedia.org/wiki/List_of_World_Championships_medalists_in_weightlifting_(women),5.0
world_weightlifting_championships_2024_women_middle-heavyweight,world_weightlifting_athlete_Song_Kuk-hyang_PRK,1,gold,discipline=Weightlifting;event=World Weightlifting Championships Women Middle heavyweight total;weight_class=Middle heavyweight;games=2024 Manama;entry_country=PRK;source_url=https://en.wikipedia.org/wiki/List_of_World_Championships_medalists_in_weightlifting_(women),10.0
world_weightlifting_championships_2024_women_middle-heavyweight,world_weightlifting_athlete_Miyareth_Mendoza_COL,2,silver,discipline=Weightlifting;event=World Weightlifting Championships Women Middle heavyweight total;weight_class=Middle heavyweight;games=2024 Manama;entry_country=COL;source_url=https://en.wikipedia.org/wiki/List_of_World_Championships_medalists_in_weightlifting_(women),7.0
world_weightlifting_championships_2024_women_middle-heavyweight,world_weightlifting_athlete_Sarah_Matthew_NGR,3,bronze,discipline=Weightlifting;event=World Weightlifting Championships Women Middle heavyweight total;weight_class=Middle heavyweight;games=2024 Manama;entry_country=NGR;source_url=https://en.wikipedia.org/wiki/List_of_World_Championships_medalists_in_weightlifting_(women),5.0
world_weightlifting_championships_2024_women_middleweight,world_weightlifting_athlete_Ri_Suk_PRK,1,gold,discipline=Weightlifting;event=World Weightlifting Championships Women Middleweight total;weight_class=Middleweight;games=2024 Manama;entry_country=PRK;source_url=https://en.wikipedia.org/wiki/List_of_World_Championships_medalists_in_weightlifting_(women),10.0
world_weightlifting_championships_2024_women_middleweight,world_weightlifting_athlete_Rim_Un-sim_PRK,2,silver,discipline=Weightlifting;event=World Weightlifting Championships Women Middleweight total;weight_class=Middleweight;games=2024 Manama;entry_country=PRK;source_url=https://en.wikipedia.org/wiki/List_of_World_Championships_medalists_in_weightlifting_(women),7.0
world_weightlifting_championships_2024_women_middleweight,world_weightlifting_athlete_Li_Shuang_CHN,3,bronze,discipline=Weightlifting;event=World Weightlifting Championships Women Middleweight total;weight_class=Middleweight;games=2024 Manama;entry_country=CHN;source_url=https://en.wikipedia.org/wiki/List_of_World_Championships_medalists_in_weightlifting_(women),5.0
world_weightlifting_championships_2024_women_super-heavyweight,world_weightlifting_athlete_Li_Yan_CHN,1,gold,discipline=Weightlifting;event=World Weightlifting Championships Women Super heavyweight total;weight_class=Super heavyweight;games=2024 Manama;entry_country=CHN;source_url=https://en.wikipedia.org/wiki/List_of_World_Championships_medalists_in_weightlifting_(women),10.0
world_weightlifting_championships_2024_women_super-heavyweight,world_weightlifting_athlete_Park_Hye-jeong_KOR,2,silver,discipline=Weightlifting;event=World Weightlifting Championships Women Super heavyweight total;weight_class=Super heavyweight;games=2024 Manama;entry_country=KOR;source_url=https://en.wikipedia.org/wiki/List_of_World_Championships_medalists_in_weightlifting_(women),7.0
world_weightlifting_championships_2024_women_super-heavyweight,world_weightlifting_athlete_Son_Young-hee_KOR,3,bronze,discipline=Weightlifting;event=World Weightlifting Championships Women Super heavyweight total;weight_class=Super heavyweight;games=2024 Manama;entry_country=KOR;source_url=https://en.wikipedia.org/wiki/List_of_World_Championships_medalists_in_weightlifting_(women),5.0
world_weightlifting_championships_2025_men_bantamweight,world_weightlifting_athlete_Wang_Hao_CHN,1,gold,discipline=Weightlifting;event=World Weightlifting Championships Men Bantamweight total;weight_class=Bantamweight;games=2025 Førde;entry_country=CHN;source_url=https://en.wikipedia.org/wiki/List_of_World_Championships_medalists_in_weightlifting_(men),10.0
world_weightlifting_championships_2025_men_bantamweight,world_weightlifting_athlete_Theerapong_Silachai_THA,2,silver,discipline=Weightlifting;event=World Weightlifting Championships Men Bantamweight total;weight_class=Bantamweight;games=2025 Førde;entry_country=THA;source_url=https://en.wikipedia.org/wiki/List_of_World_Championships_medalists_in_weightlifting_(men),7.0
world_weightlifting_championships_2025_men_bantamweight,world_weightlifting_athlete_Pang_Un-chol_PRK,3,bronze,discipline=Weightlifting;event=World Weightlifting Championships Men Bantamweight total;weight_class=Bantamweight;games=2025 Førde;entry_country=PRK;source_url=https://en.wikipedia.org/wiki/List_of_World_Championships_medalists_in_weightlifting_(men),5.0
world_weightlifting_championships_2025_men_featherweight,world_weightlifting_athlete_Muhammed_Furkan_Özbek_TUR,1,gold,discipline=Weightlifting;event=World Weightlifting Championships Men Featherweight total;weight_class=Featherweight;games=2025 Førde;entry_country=TUR;source_url=https://en.wikipedia.org/wiki/List_of_World_Championships_medalists_in_weightlifting_(men),10.0
world_weightlifting_championships_2025_men_featherweight,world_weightlifting_athlete_Pak_Myong-jin_PRK,2,silver,discipline=Weightlifting;event=World Weightlifting Championships Men Featherweight total;weight_class=Featherweight;games=2025 Førde;entry_country=PRK;source_url=https://en.wikipedia.org/wiki/List_of_World_Championships_medalists_in_weightlifting_(men),7.0
world_weightlifting_championships_2025_men_featherweight,world_weightlifting_athlete_Hampton_Morris_USA,3,bronze,discipline=Weightlifting;event=World Weightlifting Championships Men Featherweight total;weight_class=Featherweight;games=2025 Førde;entry_country=USA;source_url=https://en.wikipedia.org/wiki/List_of_World_Championships_medalists_in_weightlifting_(men),5.0
world_weightlifting_championships_2025_men_heavyweight,world_weightlifting_athlete_Akbar_Djuraev_UZB,1,gold,discipline=Weightlifting;event=World Weightlifting Championships Men Heavyweight total;weight_class=Heavyweight;games=2025 Førde;entry_country=UZB;source_url=https://en.wikipedia.org/wiki/List_of_World_Championships_medalists_in_weightlifting_(men),10.0
world_weightlifting_championships_2025_men_heavyweight,world_weightlifting_athlete_Alireza_Nassiri_IRI,2,silver,discipline=Weightlifting;event=World Weightlifting Championships Men Heavyweight total;weight_class=Heavyweight;games=2025 Førde;entry_country=IRI;source_url=https://en.wikipedia.org/wiki/List_of_World_Championships_medalists_in_weightlifting_(men),7.0
world_weightlifting_championships_2025_men_heavyweight,world_weightlifting_athlete_Ruslan_Nurudinov_UZB,3,bronze,discipline=Weightlifting;event=World Weightlifting Championships Men Heavyweight total;weight_class=Heavyweight;games=2025 Førde;entry_country=UZB;source_url=https://en.wikipedia.org/wiki/List_of_World_Championships_medalists_in_weightlifting_(men),5.0
world_weightlifting_championships_2025_men_light-heavyweight,world_weightlifting_athlete_Yeison_López_COL,1,gold,discipline=Weightlifting;event=World Weightlifting Championships Men Light heavyweight total;weight_class=Light heavyweight;games=2025 Førde;entry_country=COL;source_url=https://en.wikipedia.org/wiki/List_of_World_Championships_medalists_in_weightlifting_(men),10.0
world_weightlifting_championships_2025_men_light-heavyweight,world_weightlifting_athlete_Ro_Kwang-ryol_PRK,2,silver,discipline=Weightlifting;event=World Weightlifting Championships Men Light heavyweight total;weight_class=Light heavyweight;games=2025 Førde;entry_country=PRK;source_url=https://en.wikipedia.org/wiki/List_of_World_Championships_medalists_in_weightlifting_(men),7.0
world_weightlifting_championships_2025_men_light-heavyweight,world_weightlifting_athlete_Marin_Robu_MDA,3,bronze,discipline=Weightlifting;event=World Weightlifting Championships Men Light heavyweight total;weight_class=Light heavyweight;games=2025 Førde;entry_country=MDA;source_url=https://en.wikipedia.org/wiki/List_of_World_Championships_medalists_in_weightlifting_(men),5.0
world_weightlifting_championships_2025_men_lightweight,world_weightlifting_athlete_Weeraphon_Wichuma_THA,1,gold,discipline=Weightlifting;event=World Weightlifting Championships Men Lightweight total;weight_class=Lightweight;games=2025 Førde;entry_country=THA;source_url=https://en.wikipedia.org/wiki/List_of_World_Championships_medalists_in_weightlifting_(men),10.0
world_weightlifting_championships_2025_men_lightweight,world_weightlifting_athlete_Masanori_Miyamoto_JPN,2,silver,discipline=Weightlifting;event=World Weightlifting Championships Men Lightweight total;weight_class=Lightweight;games=2025 Førde;entry_country=JPN;source_url=https://en.wikipedia.org/wiki/List_of_World_Championships_medalists_in_weightlifting_(men),7.0
world_weightlifting_championships_2025_men_lightweight,world_weightlifting_athlete_He_Yueji_CHN,3,bronze,discipline=Weightlifting;event=World Weightlifting Championships Men Lightweight total;weight_class=Lightweight;games=2025 Førde;entry_country=CHN;source_url=https://en.wikipedia.org/wiki/List_of_World_Championships_medalists_in_weightlifting_(men),5.0
world_weightlifting_championships_2025_men_middle-heavyweight,world_weightlifting_athlete_Karlos_Nasar_BUL,1,gold,discipline=Weightlifting;event=World Weightlifting Championships Men Middle heavyweight total;weight_class=Middle heavyweight;games=2025 Førde;entry_country=BUL;source_url=https://en.wikipedia.org/wiki/List_of_World_Championships_medalists_in_weightlifting_(men),10.0
world_weightlifting_championships_2025_men_middle-heavyweight,world_weightlifting_athlete_Alireza_Moeini_IRI,2,silver,discipline=Weightlifting;event=World Weightlifting Championships Men Middle heavyweight total;weight_class=Middle heavyweight;games=2025 Førde;entry_country=IRI;source_url=https://en.wikipedia.org/wiki/List_of_World_Championships_medalists_in_weightlifting_(men),7.0
world_weightlifting_championships_2025_men_middle-heavyweight,world_weightlifting_athlete_Jokser_Albornoz_COL,3,bronze,discipline=Weightlifting;event=World Weightlifting Championships Men Middle heavyweight total;weight_class=Middle heavyweight;games=2025 Førde;entry_country=COL;source_url=https://en.wikipedia.org/wiki/List_of_World_Championships_medalists_in_weightlifting_(men),5.0
world_weightlifting_championships_2025_men_middleweight,world_weightlifting_athlete_Rizki_Juniansyah_INA,1,gold,discipline=Weightlifting;event=World Weightlifting Championships Men Middleweight total;weight_class=Middleweight;games=2025 Førde;entry_country=INA;source_url=https://en.wikipedia.org/wiki/List_of_World_Championships_medalists_in_weightlifting_(men),10.0
world_weightlifting_championships_2025_men_middleweight,world_weightlifting_athlete_Ri_Chong-song_PRK,2,silver,discipline=Weightlifting;event=World Weightlifting Championships Men Middleweight total;weight_class=Middleweight;games=2025 Førde;entry_country=PRK;source_url=https://en.wikipedia.org/wiki/List_of_World_Championships_medalists_in_weightlifting_(men),7.0
world_weightlifting_championships_2025_men_middleweight,world_weightlifting_athlete_Abdelrahman_Younes_EGY,3,bronze,discipline=Weightlifting;event=World Weightlifting Championships Men Middleweight total;weight_class=Middleweight;games=2025 Førde;entry_country=EGY;source_url=https://en.wikipedia.org/wiki/List_of_World_Championships_medalists_in_weightlifting_(men),5.0
world_weightlifting_championships_2025_men_super-heavyweight,world_weightlifting_athlete_Varazdat_Lalayan_ARM,1,gold,discipline=Weightlifting;event=World Weightlifting Championships Men Super heavyweight total;weight_class=Super heavyweight;games=2025 Førde;entry_country=ARM;source_url=https://en.wikipedia.org/wiki/List_of_World_Championships_medalists_in_weightlifting_(men),10.0
world_weightlifting_championships_2025_men_super-heavyweight,world_weightlifting_athlete_Gor_Minasyan_BRN,2,silver,discipline=Weightlifting;event=World Weightlifting Championships Men Super heavyweight total;weight_class=Super heavyweight;games=2025 Førde;entry_country=BRN;source_url=https://en.wikipedia.org/wiki/List_of_World_Championships_medalists_in_weightlifting_(men),7.0
world_weightlifting_championships_2025_men_super-heavyweight,world_weightlifting_athlete_Song_Yeong-hwan_KOR,3,bronze,discipline=Weightlifting;event=World Weightlifting Championships Men Super heavyweight total;weight_class=Super heavyweight;games=2025 Førde;entry_country=KOR;source_url=https://en.wikipedia.org/wiki/List_of_World_Championships_medalists_in_weightlifting_(men),5.0
world_weightlifting_championships_2025_women_bantamweight,world_weightlifting_athlete_Ri_Song-gum_PRK,1,gold,discipline=Weightlifting;event=World Weightlifting Championships Women Bantamweight total;weight_class=Bantamweight;games=2025 Førde;entry_country=PRK;source_url=https://en.wikipedia.org/wiki/List_of_World_Championships_medalists_in_weightlifting_(women),10.0
world_weightlifting_championships_2025_women_bantamweight,world_weightlifting_athlete_Mirabai_Chanu_IND,2,silver,discipline=Weightlifting;event=World Weightlifting Championships Women Bantamweight total;weight_class=Bantamweight;games=2025 Førde;entry_country=IND;source_url=https://en.wikipedia.org/wiki/List_of_World_Championships_medalists_in_weightlifting_(women),7.0
world_weightlifting_championships_2025_women_bantamweight,world_weightlifting_athlete_Thanyathon_Sukcharoen_THA,3,bronze,discipline=Weightlifting;event=World Weightlifting Championships Women Bantamweight total;weight_class=Bantamweight;games=2025 Førde;entry_country=THA;source_url=https://en.wikipedia.org/wiki/List_of_World_Championships_medalists_in_weightlifting_(women),5.0
world_weightlifting_championships_2025_women_featherweight,world_weightlifting_athlete_Kang_Hyon-gyong_PRK,1,gold,discipline=Weightlifting;event=World Weightlifting Championships Women Featherweight total;weight_class=Featherweight;games=2025 Førde;entry_country=PRK;source_url=https://en.wikipedia.org/wiki/List_of_World_Championships_medalists_in_weightlifting_(women),10.0
world_weightlifting_championships_2025_women_featherweight,world_weightlifting_athlete_Mihaela_Cambei_ROU,2,silver,discipline=Weightlifting;event=World Weightlifting Championships Women Featherweight total;weight_class=Featherweight;games=2025 Førde;entry_country=ROU;source_url=https://en.wikipedia.org/wiki/List_of_World_Championships_medalists_in_weightlifting_(women),7.0
world_weightlifting_championships_2025_women_featherweight,world_weightlifting_athlete_Surodchana_Khambao_THA,3,bronze,discipline=Weightlifting;event=World Weightlifting Championships Women Featherweight total;weight_class=Featherweight;games=2025 Førde;entry_country=THA;source_url=https://en.wikipedia.org/wiki/List_of_World_Championships_medalists_in_weightlifting_(women),5.0
world_weightlifting_championships_2025_women_heavyweight,world_weightlifting_athlete_Solfrid_Koanda_NOR,1,gold,discipline=Weightlifting;event=World Weightlifting Championships Women Heavyweight total;weight_class=Heavyweight;games=2025 Førde;entry_country=NOR;source_url=https://en.wikipedia.org/wiki/List_of_World_Championships_medalists_in_weightlifting_(women),10.0
world_weightlifting_championships_2025_women_heavyweight,world_weightlifting_athlete_Yudelina_Mejía_DOM,2,silver,discipline=Weightlifting;event=World Weightlifting Championships Women Heavyweight total;weight_class=Heavyweight;games=2025 Førde;entry_country=DOM;source_url=https://en.wikipedia.org/wiki/List_of_World_Championships_medalists_in_weightlifting_(women),7.0
world_weightlifting_championships_2025_women_heavyweight,world_weightlifting_athlete_Eileen_Cikamatana_AUS,3,bronze,discipline=Weightlifting;event=World Weightlifting Championships Women Heavyweight total;weight_class=Heavyweight;games=2025 Førde;entry_country=AUS;source_url=https://en.wikipedia.org/wiki/List_of_World_Championships_medalists_in_weightlifting_(women),5.0
world_weightlifting_championships_2025_women_light-heavyweight,world_weightlifting_athlete_Song_Kuk-hyang_PRK,1,gold,discipline=Weightlifting;event=World Weightlifting Championships Women Light heavyweight total;weight_class=Light heavyweight;games=2025 Førde;entry_country=PRK;source_url=https://en.wikipedia.org/wiki/List_of_World_Championships_medalists_in_weightlifting_(women),10.0
world_weightlifting_championships_2025_women_light-heavyweight,world_weightlifting_athlete_Julieth_Rodríguez_COL,2,silver,discipline=Weightlifting;event=World Weightlifting Championships Women Light heavyweight total;weight_class=Light heavyweight;games=2025 Førde;entry_country=COL;source_url=https://en.wikipedia.org/wiki/List_of_World_Championships_medalists_in_weightlifting_(women),7.0
world_weightlifting_championships_2025_women_light-heavyweight,world_weightlifting_athlete_Ingrid_Segura_BRN,3,bronze,discipline=Weightlifting;event=World Weightlifting Championships Women Light heavyweight total;weight_class=Light heavyweight;games=2025 Førde;entry_country=BRN;source_url=https://en.wikipedia.org/wiki/List_of_World_Championships_medalists_in_weightlifting_(women),5.0
world_weightlifting_championships_2025_women_lightweight,world_weightlifting_athlete_Kim_Il-gyong_PRK,1,gold,discipline=Weightlifting;event=World Weightlifting Championships Women Lightweight total;weight_class=Lightweight;games=2025 Førde;entry_country=PRK;source_url=https://en.wikipedia.org/wiki/List_of_World_Championships_medalists_in_weightlifting_(women),10.0
world_weightlifting_championships_2025_women_lightweight,world_weightlifting_athlete_Rafiatu_Lawal_NGR,2,silver,discipline=Weightlifting;event=World Weightlifting Championships Women Lightweight total;weight_class=Lightweight;games=2025 Førde;entry_country=NGR;source_url=https://en.wikipedia.org/wiki/List_of_World_Championships_medalists_in_weightlifting_(women),7.0
world_weightlifting_championships_2025_women_lightweight,world_weightlifting_athlete_Kuo_Hsing-chun_TPE,3,bronze,discipline=Weightlifting;event=World Weightlifting Championships Women Lightweight total;weight_class=Lightweight;games=2025 Førde;entry_country=TPE;source_url=https://en.wikipedia.org/wiki/List_of_World_Championships_medalists_in_weightlifting_(women),5.0
world_weightlifting_championships_2025_women_middle-heavyweight,world_weightlifting_athlete_Olivia_Reeves_USA,1,gold,discipline=Weightlifting;event=World Weightlifting Championships Women Middle heavyweight total;weight_class=Middle heavyweight;games=2025 Førde;entry_country=USA;source_url=https://en.wikipedia.org/wiki/List_of_World_Championships_medalists_in_weightlifting_(women),10.0
world_weightlifting_championships_2025_women_middle-heavyweight,world_weightlifting_athlete_Sara_Ahmed_EGY,2,silver,discipline=Weightlifting;event=World Weightlifting Championships Women Middle heavyweight total;weight_class=Middle heavyweight;games=2025 Førde;entry_country=EGY;source_url=https://en.wikipedia.org/wiki/List_of_World_Championships_medalists_in_weightlifting_(women),7.0
world_weightlifting_championships_2025_women_middle-heavyweight,world_weightlifting_athlete_Mari_Sánchez_COL,3,bronze,discipline=Weightlifting;event=World Weightlifting Championships Women Middle heavyweight total;weight_class=Middle heavyweight;games=2025 Førde;entry_country=COL;source_url=https://en.wikipedia.org/wiki/List_of_World_Championships_medalists_in_weightlifting_(women),5.0
world_weightlifting_championships_2025_women_middleweight,world_weightlifting_athlete_Ri_Suk_PRK,1,gold,discipline=Weightlifting;event=World Weightlifting Championships Women Middleweight total;weight_class=Middleweight;games=2025 Førde;entry_country=PRK;source_url=https://en.wikipedia.org/wiki/List_of_World_Championships_medalists_in_weightlifting_(women),10.0
world_weightlifting_championships_2025_women_middleweight,world_weightlifting_athlete_Maude_Charron_CAN,2,silver,discipline=Weightlifting;event=World Weightlifting Championships Women Middleweight total;weight_class=Middleweight;games=2025 Førde;entry_country=CAN;source_url=https://en.wikipedia.org/wiki/List_of_World_Championships_medalists_in_weightlifting_(women),7.0
world_weightlifting_championships_2025_women_middleweight,world_weightlifting_athlete_Yenny_Sinisterra_COL,3,bronze,discipline=Weightlifting;event=World Weightlifting Championships Women Middleweight total;weight_class=Middleweight;games=2025 Førde;entry_country=COL;source_url=https://en.wikipedia.org/wiki/List_of_World_Championships_medalists_in_weightlifting_(women),5.0
world_weightlifting_championships_2025_women_super-heavyweight,world_weightlifting_athlete_Park_Hye-jeong_KOR,1,gold,discipline=Weightlifting;event=World Weightlifting Championships Women Super heavyweight total;weight_class=Super heavyweight;games=2025 Førde;entry_country=KOR;source_url=https://en.wikipedia.org/wiki/List_of_World_Championships_medalists_in_weightlifting_(women),10.0
world_weightlifting_championships_2025_women_super-heavyweight,world_weightlifting_athlete_Marifélix_Sarría_CUB,2,silver,discipline=Weightlifting;event=World Weightlifting Championships Women Super heavyweight total;weight_class=Super heavyweight;games=2025 Førde;entry_country=CUB;source_url=https://en.wikipedia.org/wiki/List_of_World_Championships_medalists_in_weightlifting_(women),7.0
world_weightlifting_championships_2025_women_super-heavyweight,world_weightlifting_athlete_Mary_Theisen-Lappen_USA,3,bronze,discipline=Weightlifting;event=World Weightlifting Championships Women Super heavyweight total;weight_class=Super heavyweight;games=2025 Førde;entry_country=USA;source_url=https://en.wikipedia.org/wiki/List_of_World_Championships_medalists_in_weightlifting_(women),5.0
