event_id,participant_id,rank,medal,score_raw,points_awarded
fie_world_championships_2001_men_individual_epee,athlete_Basil_Hoffmann_CHE,2,silver,discipline=epee;format=individual;event=Men Individual Epee;country=CHE;team_members=;source_url=https://en.wikipedia.org/wiki/2001_World_Fencing_Championships,2.0
fie_world_championships_2001_men_individual_epee,athlete_Fabrice_Jeannet_FRA,3,bronze,discipline=epee;format=individual;event=Men Individual Epee;country=FRA;team_members=;source_url=https://en.wikipedia.org/wiki/2001_World_Fencing_Championships,1.0
fie_world_championships_2001_men_individual_epee,athlete_Oliver_Lücke_DEU,3,bronze,discipline=epee;format=individual;event=Men Individual Epee;country=DEU;team_members=;source_url=https://en.wikipedia.org/wiki/2001_World_Fencing_Championships,1.0
fie_world_championships_2001_men_individual_epee,athlete_Paolo_Milanoli_ITA,1,gold,discipline=epee;format=individual;event=Men Individual Epee;country=ITA;team_members=;source_url=https://en.wikipedia.org/wiki/2001_World_Fencing_Championships,3.0
fie_world_championships_2001_men_individual_foil,athlete_Brice_Guyart_FRA,3,bronze,discipline=foil;format=individual;event=Men Individual Foil;country=FRA;team_members=;source_url=https://en.wikipedia.org/wiki/2001_World_Fencing_Championships,1.0
fie_world_championships_2001_men_individual_foil,athlete_Franck_Boidin_FRA,3,bronze,discipline=foil;format=individual;event=Men Individual Foil;country=FRA;team_members=;source_url=https://en.wikipedia.org/wiki/2001_World_Fencing_Championships,1.0
fie_world_championships_2001_men_individual_foil,athlete_Loïc_Attely_FRA,2,silver,discipline=foil;format=individual;event=Men Individual Foil;country=FRA;team_members=;source_url=https://en.wikipedia.org/wiki/2001_World_Fencing_Championships,2.0
fie_world_championships_2001_men_individual_foil,athlete_Salvatore_Sanzo_ITA,1,gold,discipline=foil;format=individual;event=Men Individual Foil;country=ITA;team_members=;source_url=https://en.wikipedia.org/wiki/2001_World_Fencing_Championships,3.0
fie_world_championships_2001_men_individual_sabre,athlete_Julien_Pillet_FRA,2,silver,discipline=sabre;format=individual;event=Men Individual Sabre;country=FRA;team_members=;source_url=https://en.wikipedia.org/wiki/2001_World_Fencing_Championships,2.0
fie_world_championships_2001_men_individual_sabre,athlete_Mathieu_Gourdain_FRA,3,bronze,discipline=sabre;format=individual;event=Men Individual Sabre;country=FRA;team_members=;source_url=https://en.wikipedia.org/wiki/2001_World_Fencing_Championships,1.0
fie_world_championships_2001_men_individual_sabre,athlete_Rafal_Sznajder_POL,3,bronze,discipline=sabre;format=individual;event=Men Individual Sabre;country=POL;team_members=;source_url=https://en.wikipedia.org/wiki/2001_World_Fencing_Championships,1.0
fie_world_championships_2001_men_individual_sabre,athlete_Stanislav_Pozdnyakov_RUS,1,gold,discipline=sabre;format=individual;event=Men Individual Sabre;country=RUS;team_members=;source_url=https://en.wikipedia.org/wiki/2001_World_Fencing_Championships,3.0
fie_world_championships_2001_men_team_epee,EST,2,silver,discipline=epee;format=team;event=Men Team Epee;country=EST;team_members=Kaido Kaaberma; Nikolai Novosjolov; Sergei Vaht; Meelis Loit;source_url=https://en.wikipedia.org/wiki/2001_World_Fencing_Championships,2.0
fie_world_championships_2001_men_team_epee,FRA,3,bronze,discipline=epee;format=team;event=Men Team Epee;country=FRA;team_members=Fabrice Jeannet; Hugues Obry; Rémy Delhomme; Jérôme Jeannet;source_url=https://en.wikipedia.org/wiki/2001_World_Fencing_Championships,1.0
fie_world_championships_2001_men_team_epee,HUN,1,gold,discipline=epee;format=team;event=Men Team Epee;country=HUN;team_members=Krisztián Kulcsár; Iván Kovács; Géza Imre; Attila Fekete;source_url=https://en.wikipedia.org/wiki/2001_World_Fencing_Championships,3.0
fie_world_championships_2001_men_team_foil,CUB,3,bronze,discipline=foil;format=team;event=Men Team Foil;country=CUB;team_members=Elvis Gregory; Oscar García; Raúl Perojo; Eddy Patterson;source_url=https://en.wikipedia.org/wiki/2001_World_Fencing_Championships,1.0
fie_world_championships_2001_men_team_foil,FRA,1,gold,discipline=foil;format=team;event=Men Team Foil;country=FRA;team_members=Loïc Attely; Jean-Noël Ferrari; Brice Guyart; Franck Boidin;source_url=https://en.wikipedia.org/wiki/2001_World_Fencing_Championships,3.0
fie_world_championships_2001_men_team_foil,POL,2,silver,discipline=foil;format=team;event=Men Team Foil;country=POL;team_members=Adam Krzesiński; Sławomir Mocek; Tomasz Ciepły; Piotr Kielpikowski;source_url=https://en.wikipedia.org/wiki/2001_World_Fencing_Championships,2.0
fie_world_championships_2001_men_team_sabre,HUN,2,silver,discipline=sabre;format=team;event=Men Team Sabre;country=HUN;team_members=Domonkos Ferjancsik; Kende Fodor; Balázs Lengyel; Zsolt Nemcsik;source_url=https://en.wikipedia.org/wiki/2001_World_Fencing_Championships,2.0
fie_world_championships_2001_men_team_sabre,ROU,3,bronze,discipline=sabre;format=team;event=Men Team Sabre;country=ROU;team_members=Mihai Covaliu; Florin Zalomir; Florin Lupeică; Victor Găureanu;source_url=https://en.wikipedia.org/wiki/2001_World_Fencing_Championships,1.0
fie_world_championships_2001_men_team_sabre,RUS,1,gold,discipline=sabre;format=team;event=Men Team Sabre;country=RUS;team_members=Stanislav Pozdnyakov; Sergey Sharikov; Aleksey Frosin; Aleksey Dyachenko;source_url=https://en.wikipedia.org/wiki/2001_World_Fencing_Championships,3.0
fie_world_championships_2001_women_individual_epee,athlete_Claudia_Bokel_DEU,1,gold,discipline=epee;format=individual;event=Women Individual Epee;country=DEU;team_members=;source_url=https://en.wikipedia.org/wiki/2001_World_Fencing_Championships,3.0
fie_world_championships_2001_women_individual_epee,athlete_Gianna_Hablützel-Bürki_CHE,3,bronze,discipline=epee;format=individual;event=Women Individual Epee;country=CHE;team_members=;source_url=https://en.wikipedia.org/wiki/2001_World_Fencing_Championships,1.0
fie_world_championships_2001_women_individual_epee,athlete_Laura_Flessel-Colovic_FRA,2,silver,discipline=epee;format=individual;event=Women Individual Epee;country=FRA;team_members=;source_url=https://en.wikipedia.org/wiki/2001_World_Fencing_Championships,2.0
fie_world_championships_2001_women_individual_epee,athlete_Maria_Isaksson_SWE,3,bronze,discipline=epee;format=individual;event=Women Individual Epee;country=SWE;team_members=;source_url=https://en.wikipedia.org/wiki/2001_World_Fencing_Championships,1.0
fie_world_championships_2001_women_individual_foil,athlete_Ekaterina_Youcheva_RUS,3,bronze,discipline=foil;format=individual;event=Women Individual Foil;country=RUS;team_members=;source_url=https://en.wikipedia.org/wiki/2001_World_Fencing_Championships,1.0
fie_world_championships_2001_women_individual_foil,athlete_Roxana_Scarlat_ROU,3,bronze,discipline=foil;format=individual;event=Women Individual Foil;country=ROU;team_members=;source_url=https://en.wikipedia.org/wiki/2001_World_Fencing_Championships,1.0
fie_world_championships_2001_women_individual_foil,athlete_Sabine_Bau_DEU,2,silver,discipline=foil;format=individual;event=Women Individual Foil;country=DEU;team_members=;source_url=https://en.wikipedia.org/wiki/2001_World_Fencing_Championships,2.0
fie_world_championships_2001_women_individual_foil,athlete_Valentina_Vezzali_ITA,1,gold,discipline=foil;format=individual;event=Women Individual Foil;country=ITA;team_members=;source_url=https://en.wikipedia.org/wiki/2001_World_Fencing_Championships,3.0
fie_world_championships_2001_women_individual_sabre,athlete_Anne-Lise_Touya_FRA,1,gold,discipline=sabre;format=individual;event=Women Individual Sabre;country=FRA;team_members=;source_url=https://en.wikipedia.org/wiki/2001_World_Fencing_Championships,3.0
fie_world_championships_2001_women_individual_sabre,athlete_Gioia_Marzocca_ITA,3,bronze,discipline=sabre;format=individual;event=Women Individual Sabre;country=ITA;team_members=;source_url=https://en.wikipedia.org/wiki/2001_World_Fencing_Championships,1.0
fie_world_championships_2001_women_individual_sabre,athlete_Ilaria_Bianco_ITA,2,silver,discipline=sabre;format=individual;event=Women Individual Sabre;country=ITA;team_members=;source_url=https://en.wikipedia.org/wiki/2001_World_Fencing_Championships,2.0
fie_world_championships_2001_women_individual_sabre,athlete_Yelena_Jemayeva_AZE,3,bronze,discipline=sabre;format=individual;event=Women Individual Sabre;country=AZE;team_members=;source_url=https://en.wikipedia.org/wiki/2001_World_Fencing_Championships,1.0
fie_world_championships_2001_women_team_epee,CHE,2,silver,discipline=epee;format=team;event=Women Team Epee;country=CHE;team_members=Gianna Hablützel-Bürki; Sophie Lamon; Diana Romagnoli; Tabea Steffen;source_url=https://en.wikipedia.org/wiki/2001_World_Fencing_Championships,2.0
fie_world_championships_2001_women_team_epee,HUN,3,bronze,discipline=epee;format=team;event=Women Team Epee;country=HUN;team_members=Ildikó Mincza; Tímea Nagy; Hajnalka Tóth; Adrienn Hormay;source_url=https://en.wikipedia.org/wiki/2001_World_Fencing_Championships,1.0
fie_world_championships_2001_women_team_epee,RUS,1,gold,discipline=epee;format=team;event=Women Team Epee;country=RUS;team_members=Tatyana Logunova; Anna Sivkova; Maria Mazina; Tatyana Fakhrutdinova;source_url=https://en.wikipedia.org/wiki/2001_World_Fencing_Championships,3.0
fie_world_championships_2001_women_team_foil,ITA,1,gold,discipline=foil;format=team;event=Women Team Foil;country=ITA;team_members=Diana Bianchedi; Giovanna Trillini; Valentina Vezzali; Frida Scarpa;source_url=https://en.wikipedia.org/wiki/2001_World_Fencing_Championships,3.0
fie_world_championships_2001_women_team_foil,RUS,2,silver,discipline=foil;format=team;event=Women Team Foil;country=RUS;team_members=Yekaterina Yusheva; Svetlana Boyko; Olga Lobyntseva; Julia Khakimova;source_url=https://en.wikipedia.org/wiki/2001_World_Fencing_Championships,2.0
fie_world_championships_2001_women_team_foil,USA,3,bronze,discipline=foil;format=team;event=Women Team Foil;country=USA;team_members=Erinn Smart; Ann Marsh; Iris Zimmermann; Felicia Zimmermann;source_url=https://en.wikipedia.org/wiki/2001_World_Fencing_Championships,1.0
fie_world_championships_2001_women_team_sabre,DEU,3,bronze,discipline=sabre;format=team;event=Women Team Sabre;country=DEU;team_members=Sandra Benad; Sabine Thieltges; Doreen Häntzsch; Stefanie Kubissa;source_url=https://en.wikipedia.org/wiki/2001_World_Fencing_Championships,1.0
fie_world_championships_2001_women_team_sabre,ROU,2,silver,discipline=sabre;format=team;event=Women Team Sabre;country=ROU;team_members=Andreea Pelei; Cătălina Gheorghițoaia; Irina Drăghici;source_url=https://en.wikipedia.org/wiki/2001_World_Fencing_Championships,2.0
fie_world_championships_2001_women_team_sabre,RUS,1,gold,discipline=sabre;format=team;event=Women Team Sabre;country=RUS;team_members=Yelena Nechayeva; Natalya Makeyeva; Irina Bazhenova; Elisaveta Gorst;source_url=https://en.wikipedia.org/wiki/2001_World_Fencing_Championships,3.0
fie_world_championships_2002_men_individual_epee,athlete_Fabrice_Jeannet_FRA,2,silver,discipline=epee;format=individual;event=Men Individual Epee;country=FRA;team_members=;source_url=https://en.wikipedia.org/wiki/2002_World_Fencing_Championships,2.0
fie_world_championships_2002_men_individual_epee,athlete_Ku_Kyo-dong_KOR,3,bronze,discipline=epee;format=individual;event=Men Individual Epee;country=KOR;team_members=;source_url=https://en.wikipedia.org/wiki/2002_World_Fencing_Championships,1.0
fie_world_championships_2002_men_individual_epee,athlete_Pavel_Kolobkov_RUS,1,gold,discipline=epee;format=individual;event=Men Individual Epee;country=RUS;team_members=;source_url=https://en.wikipedia.org/wiki/2002_World_Fencing_Championships,3.0
fie_world_championships_2002_men_individual_epee,athlete_Vitaly_Zakharov_BLR,3,bronze,discipline=epee;format=individual;event=Men Individual Epee;country=BLR;team_members=;source_url=https://en.wikipedia.org/wiki/2002_World_Fencing_Championships,1.0
fie_world_championships_2002_men_individual_foil,athlete_Andre_Wessels_DEU,2,silver,discipline=foil;format=individual;event=Men Individual Foil;country=DEU;team_members=;source_url=https://en.wikipedia.org/wiki/2002_World_Fencing_Championships,2.0
fie_world_championships_2002_men_individual_foil,athlete_Piotr_Kielpikowski_POL,3,bronze,discipline=foil;format=individual;event=Men Individual Foil;country=POL;team_members=;source_url=https://en.wikipedia.org/wiki/2002_World_Fencing_Championships,1.0
fie_world_championships_2002_men_individual_foil,athlete_Simone_Vanni_ITA,1,gold,discipline=foil;format=individual;event=Men Individual Foil;country=ITA;team_members=;source_url=https://en.wikipedia.org/wiki/2002_World_Fencing_Championships,3.0
fie_world_championships_2002_men_individual_foil,athlete_Wu_Hanxiong_CHN,3,bronze,discipline=foil;format=individual;event=Men Individual Foil;country=CHN;team_members=;source_url=https://en.wikipedia.org/wiki/2002_World_Fencing_Championships,1.0
fie_world_championships_2002_men_individual_sabre,athlete_Julien_Pillet_FRA,2,silver,discipline=sabre;format=individual;event=Men Individual Sabre;country=FRA;team_members=;source_url=https://en.wikipedia.org/wiki/2002_World_Fencing_Championships,2.0
fie_world_championships_2002_men_individual_sabre,athlete_Luigi_Tarantino_ITA,3,bronze,discipline=sabre;format=individual;event=Men Individual Sabre;country=ITA;team_members=;source_url=https://en.wikipedia.org/wiki/2002_World_Fencing_Championships,1.0
fie_world_championships_2002_men_individual_sabre,athlete_Mihai_Covaliu_ROU,3,bronze,discipline=sabre;format=individual;event=Men Individual Sabre;country=ROU;team_members=;source_url=https://en.wikipedia.org/wiki/2002_World_Fencing_Championships,1.0
fie_world_championships_2002_men_individual_sabre,athlete_Stanislav_Pozdnyakov_RUS,1,gold,discipline=sabre;format=individual;event=Men Individual Sabre;country=RUS;team_members=;source_url=https://en.wikipedia.org/wiki/2002_World_Fencing_Championships,3.0
fie_world_championships_2002_men_team_epee,FRA,1,gold,discipline=epee;format=team;event=Men Team Epee;country=FRA;team_members=Benoît Janvier; Fabrice Jeannet; Jean-Michel Lucenay; Hugues Obry;source_url=https://en.wikipedia.org/wiki/2002_World_Fencing_Championships,3.0
fie_world_championships_2002_men_team_epee,KOR,3,bronze,discipline=epee;format=team;event=Men Team Epee;country=KOR;team_members=Gu Gyo-Dong; Kim Jeong-Gwan; Lee Sang-Yeop; Yang Roy-Sung;source_url=https://en.wikipedia.org/wiki/2002_World_Fencing_Championships,1.0
fie_world_championships_2002_men_team_epee,RUS,2,silver,discipline=epee;format=team;event=Men Team Epee;country=RUS;team_members=Pavel Kolobkov; Sergey Kochetkov; Aleksey Selin; Vyacheslav Selin;source_url=https://en.wikipedia.org/wiki/2002_World_Fencing_Championships,2.0
fie_world_championships_2002_men_team_foil,DEU,1,gold,discipline=foil;format=team;event=Men Team Foil;country=DEU;team_members=Ralf Bißdorf; Dominik Behr; André Weßels; Lars Schache;source_url=https://en.wikipedia.org/wiki/2002_World_Fencing_Championships,3.0
fie_world_championships_2002_men_team_foil,ESP,3,bronze,discipline=foil;format=team;event=Men Team Foil;country=ESP;team_members=Javier Menéndez; Luis Caplliure; José Francisco Guerra; Javier García Delgado;source_url=https://en.wikipedia.org/wiki/2002_World_Fencing_Championships,1.0
fie_world_championships_2002_men_team_foil,FRA,2,silver,discipline=foil;format=team;event=Men Team Foil;country=FRA;team_members=Brice Guyart; Loïc Attely; Jean-Noël Ferrari; Franck Boidin;source_url=https://en.wikipedia.org/wiki/2002_World_Fencing_Championships,2.0
fie_world_championships_2002_men_team_sabre,DEU,3,bronze,discipline=sabre;format=team;event=Men Team Sabre;country=DEU;team_members=Dennis Bauer; Michael Herm; Harald Stehr; Alexander Weber;source_url=https://en.wikipedia.org/wiki/2002_World_Fencing_Championships,1.0
fie_world_championships_2002_men_team_sabre,ITA,2,silver,discipline=sabre;format=team;event=Men Team Sabre;country=ITA;team_members=Giampiero Pastore; Giacomo Guidi; Aldo Montano; Luigi Tarantino;source_url=https://en.wikipedia.org/wiki/2002_World_Fencing_Championships,2.0
fie_world_championships_2002_men_team_sabre,RUS,1,gold,discipline=sabre;format=team;event=Men Team Sabre;country=RUS;team_members=Aleksey Dyachenko; Aleksey Yakimenko; Stanislav Pozdniakov; Sergey Sharikov;source_url=https://en.wikipedia.org/wiki/2002_World_Fencing_Championships,3.0
fie_world_championships_2002_women_individual_epee,athlete_Ana_Maria_Brânz_ROU,3,bronze,discipline=epee;format=individual;event=Women Individual Epee;country=ROU;team_members=;source_url=https://en.wikipedia.org/wiki/2002_World_Fencing_Championships,1.0
fie_world_championships_2002_women_individual_epee,athlete_Britta_Heidemann_DEU,3,bronze,discipline=epee;format=individual;event=Women Individual Epee;country=DEU;team_members=;source_url=https://en.wikipedia.org/wiki/2002_World_Fencing_Championships,1.0
fie_world_championships_2002_women_individual_epee,athlete_Hyun_Hee_KOR,1,gold,discipline=epee;format=individual;event=Women Individual Epee;country=KOR;team_members=;source_url=https://en.wikipedia.org/wiki/2002_World_Fencing_Championships,3.0
fie_world_championships_2002_women_individual_epee,athlete_Imke_Duplitzer_DEU,2,silver,discipline=epee;format=individual;event=Women Individual Epee;country=DEU;team_members=;source_url=https://en.wikipedia.org/wiki/2002_World_Fencing_Championships,2.0
fie_world_championships_2002_women_individual_foil,athlete_Aida_Mohamed_HUN,3,bronze,discipline=foil;format=individual;event=Women Individual Foil;country=HUN;team_members=;source_url=https://en.wikipedia.org/wiki/2002_World_Fencing_Championships,1.0
fie_world_championships_2002_women_individual_foil,athlete_Edina_Knapek_HUN,3,bronze,discipline=foil;format=individual;event=Women Individual Foil;country=HUN;team_members=;source_url=https://en.wikipedia.org/wiki/2002_World_Fencing_Championships,1.0
fie_world_championships_2002_women_individual_foil,athlete_Svetlana_Boyko_RUS,1,gold,discipline=foil;format=individual;event=Women Individual Foil;country=RUS;team_members=;source_url=https://en.wikipedia.org/wiki/2002_World_Fencing_Championships,3.0
fie_world_championships_2002_women_individual_foil,athlete_Yekaterina_Yusheva_RUS,2,silver,discipline=foil;format=individual;event=Women Individual Foil;country=RUS;team_members=;source_url=https://en.wikipedia.org/wiki/2002_World_Fencing_Championships,2.0
fie_world_championships_2002_women_individual_sabre,athlete_Cécile_Argiolas_FRA,3,bronze,discipline=sabre;format=individual;event=Women Individual Sabre;country=FRA;team_members=;source_url=https://en.wikipedia.org/wiki/2002_World_Fencing_Championships,1.0
fie_world_championships_2002_women_individual_sabre,athlete_Tan_Xue_CHN,1,gold,discipline=sabre;format=individual;event=Women Individual Sabre;country=CHN;team_members=;source_url=https://en.wikipedia.org/wiki/2002_World_Fencing_Championships,3.0
fie_world_championships_2002_women_individual_sabre,athlete_Yelena_Jemayeva_AZE,2,silver,discipline=sabre;format=individual;event=Women Individual Sabre;country=AZE;team_members=;source_url=https://en.wikipedia.org/wiki/2002_World_Fencing_Championships,2.0
fie_world_championships_2002_women_individual_sabre,athlete_Yelena_Nechayeva_RUS,3,bronze,discipline=sabre;format=individual;event=Women Individual Sabre;country=RUS;team_members=;source_url=https://en.wikipedia.org/wiki/2002_World_Fencing_Championships,1.0
fie_world_championships_2002_women_team_epee,CHN,3,bronze,discipline=epee;format=team;event=Women Team Epee;country=CHN;team_members=Luo Xiaojuan; Li Na; Shen Weiwei; Zhong Weiping;source_url=https://en.wikipedia.org/wiki/2002_World_Fencing_Championships,1.0
fie_world_championships_2002_women_team_epee,EST,2,silver,discipline=epee;format=team;event=Women Team Epee;country=EST;team_members=Maarika Võsu; Irina Embrich; Olga Aleksejeva; Heidi Rohi;source_url=https://en.wikipedia.org/wiki/2002_World_Fencing_Championships,2.0
fie_world_championships_2002_women_team_epee,HUN,1,gold,discipline=epee;format=team;event=Women Team Epee;country=HUN;team_members=Hajnalka Kiraly; Tímea Nagy; Hajnalka Tóth;source_url=https://en.wikipedia.org/wiki/2002_World_Fencing_Championships,3.0
fie_world_championships_2002_women_team_foil,POL,2,silver,discipline=foil;format=team;event=Women Team Foil;country=POL;team_members=Sylwia Gruchała; Magdalena Mroczkiewicz; Anna Rybicka; Małgorzata Wojtkowiak;source_url=https://en.wikipedia.org/wiki/2002_World_Fencing_Championships,2.0
fie_world_championships_2002_women_team_foil,ROU,3,bronze,discipline=foil;format=team;event=Women Team Foil;country=ROU;team_members=Laura Badea; Roxana Scarlat; Cristina Stahl; Reka Szabo;source_url=https://en.wikipedia.org/wiki/2002_World_Fencing_Championships,1.0
fie_world_championships_2002_women_team_foil,RUS,1,gold,discipline=foil;format=team;event=Women Team Foil;country=RUS;team_members=Svetlana Boyko; Yekaterina Yusheva; Julia Khakimova; Olga Lobyntseva;source_url=https://en.wikipedia.org/wiki/2002_World_Fencing_Championships,3.0
fie_world_championships_2002_women_team_sabre,AZE,3,bronze,discipline=sabre;format=team;event=Women Team Sabre;country=AZE;team_members=Yelena Amirova; Yelena Jemayeva; Anzhela Volkova; Yana Siukayeva;source_url=https://en.wikipedia.org/wiki/2002_World_Fencing_Championships,1.0
fie_world_championships_2002_women_team_sabre,HUN,2,silver,discipline=sabre;format=team;event=Women Team Sabre;country=HUN;team_members=Edina Csaba; Orsolya Nagy; Annamária Nagy; Gabriella Sznopek;source_url=https://en.wikipedia.org/wiki/2002_World_Fencing_Championships,2.0
fie_world_championships_2002_women_team_sabre,RUS,1,gold,discipline=sabre;format=team;event=Women Team Sabre;country=RUS;team_members=Yelena Nechayeva; Margarita Zhukova; Irina Bazhenova; Natalia Makeyeva;source_url=https://en.wikipedia.org/wiki/2002_World_Fencing_Championships,3.0
fie_world_championships_2003_men_team_epee,DEU,2,silver,discipline=epee;format=team;event=Men Team Epee;country=DEU;team_members=Jörg Fiedler; Norman Ackermann; Christoph Kneip; Wolfgang Raich;source_url=https://en.wikipedia.org/wiki/2003_World_Fencing_Championships,2.0
fie_world_championships_2003_men_team_epee,RUS,1,gold,discipline=epee;format=team;event=Men Team Epee;country=RUS;team_members=Pavel Kolobkov; Sergey Kochetkov; Aleksey Selin; Igor Turchin;source_url=https://en.wikipedia.org/wiki/2003_World_Fencing_Championships,3.0
fie_world_championships_2003_men_team_epee,SWE,3,bronze,discipline=epee;format=team;event=Men Team Epee;country=SWE;team_members=Fredrik Nilsson; Robert Dingl; Péter Vánky; Magnus Malmgren;source_url=https://en.wikipedia.org/wiki/2003_World_Fencing_Championships,1.0
fie_world_championships_2003_men_team_foil,CHN,2,silver,discipline=foil;format=team;event=Men Team Foil;country=CHN;team_members=Wang Haibin; Wu Hanxiong; Ye Chong; Zhu Rui;source_url=https://en.wikipedia.org/wiki/2003_World_Fencing_Championships,2.0
fie_world_championships_2003_men_team_foil,DEU,3,bronze,discipline=foil;format=team;event=Men Team Foil;country=DEU;team_members=Ralf Bißdorf; Dominik Behr; Peter Joppich; André Weßels;source_url=https://en.wikipedia.org/wiki/2003_World_Fencing_Championships,1.0
fie_world_championships_2003_men_team_foil,ITA,1,gold,discipline=foil;format=team;event=Men Team Foil;country=ITA;team_members=Andrea Cassarà; Marco Ramacci; Salvatore Sanzo; Simone Vanni;source_url=https://en.wikipedia.org/wiki/2003_World_Fencing_Championships,3.0
fie_world_championships_2003_men_team_sabre,HUN,2,silver,discipline=sabre;format=team;event=Men Team Sabre;country=HUN;team_members=Domonkos Ferjancsik; Kende Fodor; Balázs Lengyel; Zsolt Nemcsik;source_url=https://en.wikipedia.org/wiki/2003_World_Fencing_Championships,2.0
fie_world_championships_2003_men_team_sabre,RUS,1,gold,discipline=sabre;format=team;event=Men Team Sabre;country=RUS;team_members=Sergey Sharikov; Stanislav Pozdnyakov; Aleksey Yakimenko; Aleksey Dyachenko;source_url=https://en.wikipedia.org/wiki/2003_World_Fencing_Championships,3.0
fie_world_championships_2003_men_team_sabre,UKR,3,bronze,discipline=sabre;format=team;event=Men Team Sabre;country=UKR;team_members=Dmytro Boiko; Volodymyr Lukashenko; Oleg Shturbabin; Vladyslav Tretiak;source_url=https://en.wikipedia.org/wiki/2003_World_Fencing_Championships,1.0
fie_world_championships_2003_women_individual_epee,athlete_Christiana_Cascioli_ITA,3,bronze,discipline=epee;format=individual;event=Women Individual Epee;country=ITA;team_members=;source_url=https://en.wikipedia.org/wiki/2003_World_Fencing_Championships,1.0
fie_world_championships_2003_women_individual_epee,athlete_Li_Na_CHN,3,bronze,discipline=epee;format=individual;event=Women Individual Epee;country=CHN;team_members=;source_url=https://en.wikipedia.org/wiki/2003_World_Fencing_Championships,1.0
fie_world_championships_2003_women_individual_epee,athlete_Maureen_Nisima_FRA,2,silver,discipline=epee;format=individual;event=Women Individual Epee;country=FRA;team_members=;source_url=https://en.wikipedia.org/wiki/2003_World_Fencing_Championships,2.0
fie_world_championships_2003_women_individual_epee,athlete_Natalia_Konrad_UKR,1,gold,discipline=epee;format=individual;event=Women Individual Epee;country=UKR;team_members=;source_url=https://en.wikipedia.org/wiki/2003_World_Fencing_Championships,3.0
fie_world_championships_2003_women_individual_foil,athlete_Aida_Mohamed_HUN,3,bronze,discipline=foil;format=individual;event=Women Individual Foil;country=HUN;team_members=;source_url=https://en.wikipedia.org/wiki/2003_World_Fencing_Championships,1.0
fie_world_championships_2003_women_individual_foil,athlete_Roxana_Scarlat_ROU,3,bronze,discipline=foil;format=individual;event=Women Individual Foil;country=ROU;team_members=;source_url=https://en.wikipedia.org/wiki/2003_World_Fencing_Championships,1.0
fie_world_championships_2003_women_individual_foil,athlete_Sylwia_Gruchaa_POL,2,silver,discipline=foil;format=individual;event=Women Individual Foil;country=POL;team_members=;source_url=https://en.wikipedia.org/wiki/2003_World_Fencing_Championships,2.0
fie_world_championships_2003_women_individual_foil,athlete_Valentina_Vezzali_ITA,1,gold,discipline=foil;format=individual;event=Women Individual Foil;country=ITA;team_members=;source_url=https://en.wikipedia.org/wiki/2003_World_Fencing_Championships,3.0
fie_world_championships_2003_women_individual_sabre,athlete_Aleksandra_Socha_POL,3,bronze,discipline=sabre;format=individual;event=Women Individual Sabre;country=POL;team_members=;source_url=https://en.wikipedia.org/wiki/2003_World_Fencing_Championships,1.0
fie_world_championships_2003_women_individual_sabre,athlete_Dorina_Mihai_ROU,1,gold,discipline=sabre;format=individual;event=Women Individual Sabre;country=ROU;team_members=;source_url=https://en.wikipedia.org/wiki/2003_World_Fencing_Championships,3.0
fie_world_championships_2003_women_individual_sabre,athlete_Gioia_Marzocca_ITA,3,bronze,discipline=sabre;format=individual;event=Women Individual Sabre;country=ITA;team_members=;source_url=https://en.wikipedia.org/wiki/2003_World_Fencing_Championships,1.0
fie_world_championships_2003_women_individual_sabre,athlete_Xue_Tan_CHN,2,silver,discipline=sabre;format=individual;event=Women Individual Sabre;country=CHN;team_members=;source_url=https://en.wikipedia.org/wiki/2003_World_Fencing_Championships,2.0
fie_world_championships_2003_women_team_epee,DEU,2,silver,discipline=epee;format=team;event=Women Team Epee;country=DEU;team_members=;source_url=https://en.wikipedia.org/wiki/2003_World_Fencing_Championships,2.0
fie_world_championships_2003_women_team_epee,HUN,3,bronze,discipline=epee;format=team;event=Women Team Epee;country=HUN;team_members=;source_url=https://en.wikipedia.org/wiki/2003_World_Fencing_Championships,1.0
fie_world_championships_2003_women_team_epee,RUS,1,gold,discipline=epee;format=team;event=Women Team Epee;country=RUS;team_members=;source_url=https://en.wikipedia.org/wiki/2003_World_Fencing_Championships,3.0
fie_world_championships_2003_women_team_foil,POL,1,gold,discipline=foil;format=team;event=Women Team Foil;country=POL;team_members=;source_url=https://en.wikipedia.org/wiki/2003_World_Fencing_Championships,3.0
fie_world_championships_2003_women_team_foil,ROU,3,bronze,discipline=foil;format=team;event=Women Team Foil;country=ROU;team_members=;source_url=https://en.wikipedia.org/wiki/2003_World_Fencing_Championships,1.0
fie_world_championships_2003_women_team_foil,RUS,2,silver,discipline=foil;format=team;event=Women Team Foil;country=RUS;team_members=;source_url=https://en.wikipedia.org/wiki/2003_World_Fencing_Championships,2.0
fie_world_championships_2003_women_team_sabre,AZE,3,bronze,discipline=sabre;format=team;event=Women Team Sabre;country=AZE;team_members=;source_url=https://en.wikipedia.org/wiki/2003_World_Fencing_Championships,1.0
fie_world_championships_2003_women_team_sabre,CHN,2,silver,discipline=sabre;format=team;event=Women Team Sabre;country=CHN;team_members=;source_url=https://en.wikipedia.org/wiki/2003_World_Fencing_Championships,2.0
fie_world_championships_2003_women_team_sabre,ITA,1,gold,discipline=sabre;format=team;event=Women Team Sabre;country=ITA;team_members=;source_url=https://en.wikipedia.org/wiki/2003_World_Fencing_Championships,3.0
fie_world_championships_2004_women_team_foil,ITA,1,gold,discipline=foil;format=team;event=Women Team Foil;country=ITA;team_members=Margherita Granbassi; Giovanna Trillini; Valentina Vezzali; Elisa Di Francisca;source_url=https://en.wikipedia.org/wiki/2004_World_Fencing_Championships,3.0
fie_world_championships_2004_women_team_foil,POL,3,bronze,discipline=foil;format=team;event=Women Team Foil;country=POL;team_members=Sylwia Gruchała; Magdalena Mroczkiewicz; Anna Rybicka; Małgorzata Wojtkowiak;source_url=https://en.wikipedia.org/wiki/2004_World_Fencing_Championships,1.0
fie_world_championships_2004_women_team_foil,ROU,2,silver,discipline=foil;format=team;event=Women Team Foil;country=ROU;team_members=Roxana Scarlat; Laura Badea; Cristina Stahl;source_url=https://en.wikipedia.org/wiki/2004_World_Fencing_Championships,2.0
fie_world_championships_2004_women_team_sabre,FRA,3,bronze,discipline=sabre;format=team;event=Women Team Sabre;country=FRA;team_members=Anne-Lise Touya; Léonore Perrus; Cécile Argiolas;source_url=https://en.wikipedia.org/wiki/2004_World_Fencing_Championships,1.0
fie_world_championships_2004_women_team_sabre,RUS,1,gold,discipline=sabre;format=team;event=Women Team Sabre;country=RUS;team_members=Sofiya Velikaya; Yekaterina Fedorkina; Yelena Nechayeva; Svetlana Kormilitsyna;source_url=https://en.wikipedia.org/wiki/2004_World_Fencing_Championships,3.0
fie_world_championships_2004_women_team_sabre,USA,2,silver,discipline=sabre;format=team;event=Women Team Sabre;country=USA;team_members=Emma Baratta; Emily Jacobson; Sada Jacobson; Mariel Zagunis;source_url=https://en.wikipedia.org/wiki/2004_World_Fencing_Championships,2.0
fie_world_championships_2005_men_team_epee,DEU,2,silver,discipline=epee;format=team;event=Men Team Epee;country=DEU;team_members=Daniel Strigel Martin Schmitt Sven Schmid Jörg Fiedler;source_url=https://en.wikipedia.org/wiki/2005_World_Fencing_Championships,2.0
fie_world_championships_2005_men_team_epee,FRA,1,gold,discipline=epee;format=team;event=Men Team Epee;country=FRA;team_members=Érik Boisse Ulrich Robeiri Fabrice Jeannet Jérôme Jeannet;source_url=https://en.wikipedia.org/wiki/2005_World_Fencing_Championships,3.0
fie_world_championships_2005_men_team_epee,UKR,3,bronze,discipline=epee;format=team;event=Men Team Epee;country=UKR;team_members=Dmytro Chumak; Dmitriy Karuchenko; Maksym Khvorost; Vitaly Osharov;source_url=https://en.wikipedia.org/wiki/2005_World_Fencing_Championships,1.0
fie_world_championships_2005_men_team_foil,DEU,3,bronze,discipline=foil;format=team;event=Men Team Foil;country=DEU;team_members=Dominik Behr Ralf Bissdorf Peter Joppich Benjamin Kleibrink;source_url=https://en.wikipedia.org/wiki/2005_World_Fencing_Championships,1.0
fie_world_championships_2005_men_team_foil,FRA,1,gold,discipline=foil;format=team;event=Men Team Foil;country=FRA;team_members=Victor Sintès Nicolas Beaudan Erwann Le Péchoux Brice Guyart;source_url=https://en.wikipedia.org/wiki/2005_World_Fencing_Championships,3.0
fie_world_championships_2005_men_team_foil,ITA,2,silver,discipline=foil;format=team;event=Men Team Foil;country=ITA;team_members=Andrea Baldini Andrea Cassarà Salvatore Sanzo Simone Vanni;source_url=https://en.wikipedia.org/wiki/2005_World_Fencing_Championships,2.0
fie_world_championships_2005_men_team_sabre,FRA,3,bronze,discipline=sabre;format=team;event=Men Team Sabre;country=FRA;team_members=Vincent Anstett Nicolas Lopez Julien Pillet Boris Sanson;source_url=https://en.wikipedia.org/wiki/2005_World_Fencing_Championships,1.0
fie_world_championships_2005_men_team_sabre,ITA,2,silver,discipline=sabre;format=team;event=Men Team Sabre;country=ITA;team_members=Andrea Aquili Aldo Montano Gianpiero Pastore Luigi Tarantino;source_url=https://en.wikipedia.org/wiki/2005_World_Fencing_Championships,2.0
fie_world_championships_2005_men_team_sabre,RUS,1,gold,discipline=sabre;format=team;event=Men Team Sabre;country=RUS;team_members=Aleksey Dyachenko Aleksey Frosin Stanislav Pozdnyakov Aleksey Yakimenko;source_url=https://en.wikipedia.org/wiki/2005_World_Fencing_Championships,3.0
fie_world_championships_2005_women_team_epee,DEU,3,bronze,discipline=epee;format=team;event=Women Team Epee;country=DEU;team_members=Monika Sozanska Imke Duplitzer Britta Heidemann Claudia Bokel;source_url=https://en.wikipedia.org/wiki/2005_World_Fencing_Championships,1.0
fie_world_championships_2005_women_team_epee,FRA,1,gold,discipline=epee;format=team;event=Women Team Epee;country=FRA;team_members=Sarah Daninthe Laura Flessel-Colovic Hajnalka Kiraly Picot Maureen Nisima;source_url=https://en.wikipedia.org/wiki/2005_World_Fencing_Championships,3.0
fie_world_championships_2005_women_team_epee,HUN,2,silver,discipline=epee;format=team;event=Women Team Epee;country=HUN;team_members=Julianna Révész; Emese Szász; Hajnalka Toth; Adrienn Hormay;source_url=https://en.wikipedia.org/wiki/2005_World_Fencing_Championships,2.0
fie_world_championships_2005_women_team_foil,FRA,3,bronze,discipline=foil;format=team;event=Women Team Foil;country=FRA;team_members=Corinne Maîtrejean Astrid Guyart Céline Seigneur Adeline Wuillème;source_url=https://en.wikipedia.org/wiki/2005_World_Fencing_Championships,1.0
fie_world_championships_2005_women_team_foil,KOR,1,gold,discipline=foil;format=team;event=Women Team Foil;country=KOR;team_members=Lee Hyun-sun; Jung Gil-ok; Nam Hyun-hee; Seo Mi-jung;source_url=https://en.wikipedia.org/wiki/2005_World_Fencing_Championships,3.0
fie_world_championships_2005_women_team_foil,ROU,2,silver,discipline=foil;format=team;event=Women Team Foil;country=ROU;team_members=Andreea Andrei; Cristina Ghiță; Roxana Scarlat; Cristina Stahl;source_url=https://en.wikipedia.org/wiki/2005_World_Fencing_Championships,2.0
fie_world_championships_2005_women_team_sabre,HUN,3,bronze,discipline=sabre;format=team;event=Women Team Sabre;country=HUN;team_members=Edina Csaba; Orsolya Nagy; Dora Varga; Gabriella Sznopek;source_url=https://en.wikipedia.org/wiki/2005_World_Fencing_Championships,1.0
fie_world_championships_2005_women_team_sabre,RUS,2,silver,discipline=sabre;format=team;event=Women Team Sabre;country=RUS;team_members=Sofiya Velikaya Ekaterina Fedorkina Yelena Nechayeva Svetlana Kormilitsyna;source_url=https://en.wikipedia.org/wiki/2005_World_Fencing_Championships,2.0
fie_world_championships_2005_women_team_sabre,USA,1,gold,discipline=sabre;format=team;event=Women Team Sabre;country=USA;team_members=Sada Jacobson Caitlin Thompson Rebecca Ward Mariel Zagunis;source_url=https://en.wikipedia.org/wiki/2005_World_Fencing_Championships,3.0
fie_world_championships_2006_men_individual_epee,athlete_Igor_Tikhomirov_CAN,3,bronze,discipline=epee;format=individual;event=Men Individual Epee;country=CAN;team_members=;source_url=https://en.wikipedia.org/wiki/2006_World_Fencing_Championships,1.0
fie_world_championships_2006_men_individual_epee,athlete_Joaquim_Videira_PRT,2,silver,discipline=epee;format=individual;event=Men Individual Epee;country=PRT;team_members=;source_url=https://en.wikipedia.org/wiki/2006_World_Fencing_Championships,2.0
fie_world_championships_2006_men_individual_epee,athlete_Sven_Järve_EST,3,bronze,discipline=epee;format=individual;event=Men Individual Epee;country=EST;team_members=;source_url=https://en.wikipedia.org/wiki/2006_World_Fencing_Championships,1.0
fie_world_championships_2006_men_individual_epee,athlete_Wang_Lei_CHN,1,gold,discipline=epee;format=individual;event=Men Individual Epee;country=CHN;team_members=;source_url=https://en.wikipedia.org/wiki/2006_World_Fencing_Championships,3.0
fie_world_championships_2006_men_individual_foil,athlete_Andrea_Baldini_ITA,2,silver,discipline=foil;format=individual;event=Men Individual Foil;country=ITA;team_members=;source_url=https://en.wikipedia.org/wiki/2006_World_Fencing_Championships,2.0
fie_world_championships_2006_men_individual_foil,athlete_Lei_Sheng_CHN,3,bronze,discipline=foil;format=individual;event=Men Individual Foil;country=CHN;team_members=;source_url=https://en.wikipedia.org/wiki/2006_World_Fencing_Championships,1.0
fie_world_championships_2006_men_individual_foil,athlete_Peter_Joppich_DEU,1,gold,discipline=foil;format=individual;event=Men Individual Foil;country=DEU;team_members=;source_url=https://en.wikipedia.org/wiki/2006_World_Fencing_Championships,3.0
fie_world_championships_2006_men_individual_foil,athlete_Stefano_Barrera_ITA,3,bronze,discipline=foil;format=individual;event=Men Individual Foil;country=ITA;team_members=;source_url=https://en.wikipedia.org/wiki/2006_World_Fencing_Championships,1.0
fie_world_championships_2006_men_individual_sabre,athlete_Aleksey_Frosin_RUS,3,bronze,discipline=sabre;format=individual;event=Men Individual Sabre;country=RUS;team_members=;source_url=https://en.wikipedia.org/wiki/2006_World_Fencing_Championships,1.0
fie_world_championships_2006_men_individual_sabre,athlete_Stanislav_Pozdnyakov_RUS,1,gold,discipline=sabre;format=individual;event=Men Individual Sabre;country=RUS;team_members=;source_url=https://en.wikipedia.org/wiki/2006_World_Fencing_Championships,3.0
fie_world_championships_2006_men_individual_sabre,athlete_Won_Woo-young_KOR,3,bronze,discipline=sabre;format=individual;event=Men Individual Sabre;country=KOR;team_members=;source_url=https://en.wikipedia.org/wiki/2006_World_Fencing_Championships,1.0
fie_world_championships_2006_men_individual_sabre,athlete_Zsolt_Nemcsik_HUN,2,silver,discipline=sabre;format=individual;event=Men Individual Sabre;country=HUN;team_members=;source_url=https://en.wikipedia.org/wiki/2006_World_Fencing_Championships,2.0
fie_world_championships_2006_men_team_epee,ESP,2,silver,discipline=epee;format=team;event=Men Team Epee;country=ESP;team_members=José Luis Abajo; Ignacio Canto; Juan Castañeda; Eduardo Sepulveda Puerto;source_url=https://en.wikipedia.org/wiki/2006_World_Fencing_Championships,2.0
fie_world_championships_2006_men_team_epee,FRA,1,gold,discipline=epee;format=team;event=Men Team Epee;country=FRA;team_members=Érik Boisse; Gauthier Grumier; Fabrice Jeannet; Ulrich Robeiri;source_url=https://en.wikipedia.org/wiki/2006_World_Fencing_Championships,3.0
fie_world_championships_2006_men_team_epee,UKR,3,bronze,discipline=epee;format=team;event=Men Team Epee;country=UKR;team_members=Dmytro Chumak; Dmytro Karyuchenko; Maksym Khvorost; Bohdan Nikishyn;source_url=https://en.wikipedia.org/wiki/2006_World_Fencing_Championships,1.0
fie_world_championships_2006_men_team_foil,DEU,2,silver,discipline=foil;format=team;event=Men Team Foil;country=DEU;team_members=Dominik Behr; Richard Breutner; Peter Joppich; Benjamin Kleibrink;source_url=https://en.wikipedia.org/wiki/2006_World_Fencing_Championships,2.0
fie_world_championships_2006_men_team_foil,FRA,1,gold,discipline=foil;format=team;event=Men Team Foil;country=FRA;team_members=Loïc Attely; Nicolas Beaudan; Erwann Le Péchoux; Marcel Marcilloux;source_url=https://en.wikipedia.org/wiki/2006_World_Fencing_Championships,3.0
fie_world_championships_2006_men_team_foil,ITA,3,bronze,discipline=foil;format=team;event=Men Team Foil;country=ITA;team_members=Andrea Baldini; Andrea Cassarà; Salvatore Sanzo; Simone Vanni;source_url=https://en.wikipedia.org/wiki/2006_World_Fencing_Championships,1.0
fie_world_championships_2006_men_team_sabre,FRA,1,gold,discipline=sabre;format=team;event=Men Team Sabre;country=FRA;team_members=Vincent Anstett; Nicolas Lopez; Julien Pillet; Boris Sanson;source_url=https://en.wikipedia.org/wiki/2006_World_Fencing_Championships,3.0
fie_world_championships_2006_men_team_sabre,RUS,3,bronze,discipline=sabre;format=team;event=Men Team Sabre;country=RUS;team_members=Aleksey Frosin; Nikolay Kovalev; Stanislav Pozdnyakov; Aleksey Yakimenko;source_url=https://en.wikipedia.org/wiki/2006_World_Fencing_Championships,1.0
fie_world_championships_2006_men_team_sabre,UKR,2,silver,discipline=sabre;format=team;event=Men Team Sabre;country=UKR;team_members=Dmytro Boiko; Volodymyr Lukashenko; Oleh Shturbabin; Vladyslav Tretiak;source_url=https://en.wikipedia.org/wiki/2006_World_Fencing_Championships,2.0
fie_world_championships_2006_women_individual_epee,athlete_Emese_Szász_HUN,3,bronze,discipline=epee;format=individual;event=Women Individual Epee;country=HUN;team_members=;source_url=https://en.wikipedia.org/wiki/2006_World_Fencing_Championships,1.0
fie_world_championships_2006_women_individual_epee,athlete_Irina_Embrich_EST,2,silver,discipline=epee;format=individual;event=Women Individual Epee;country=EST;team_members=;source_url=https://en.wikipedia.org/wiki/2006_World_Fencing_Championships,2.0
fie_world_championships_2006_women_individual_epee,athlete_Laura_Flessel-Colovic_FRA,3,bronze,discipline=epee;format=individual;event=Women Individual Epee;country=FRA;team_members=;source_url=https://en.wikipedia.org/wiki/2006_World_Fencing_Championships,1.0
fie_world_championships_2006_women_individual_epee,athlete_Tímea_Nagy_HUN,1,gold,discipline=epee;format=individual;event=Women Individual Epee;country=HUN;team_members=;source_url=https://en.wikipedia.org/wiki/2006_World_Fencing_Championships,3.0
fie_world_championships_2006_women_individual_foil,athlete_Aida_Mohamed_HUN,3,bronze,discipline=foil;format=individual;event=Women Individual Foil;country=HUN;team_members=;source_url=https://en.wikipedia.org/wiki/2006_World_Fencing_Championships,1.0
fie_world_championships_2006_women_individual_foil,athlete_Giovanna_Trillini_ITA,3,bronze,discipline=foil;format=individual;event=Women Individual Foil;country=ITA;team_members=;source_url=https://en.wikipedia.org/wiki/2006_World_Fencing_Championships,1.0
fie_world_championships_2006_women_individual_foil,athlete_Margherita_Granbassi_ITA,1,gold,discipline=foil;format=individual;event=Women Individual Foil;country=ITA;team_members=;source_url=https://en.wikipedia.org/wiki/2006_World_Fencing_Championships,3.0
fie_world_championships_2006_women_individual_foil,athlete_Valentina_Vezzali_ITA,2,silver,discipline=foil;format=individual;event=Women Individual Foil;country=ITA;team_members=;source_url=https://en.wikipedia.org/wiki/2006_World_Fencing_Championships,2.0
fie_world_championships_2006_women_individual_sabre,athlete_Kim_Hye-lim_KOR,3,bronze,discipline=sabre;format=individual;event=Women Individual Sabre;country=KOR;team_members=;source_url=https://en.wikipedia.org/wiki/2006_World_Fencing_Championships,1.0
fie_world_championships_2006_women_individual_sabre,athlete_Mariel_Zagunis_USA,2,silver,discipline=sabre;format=individual;event=Women Individual Sabre;country=USA;team_members=;source_url=https://en.wikipedia.org/wiki/2006_World_Fencing_Championships,2.0
fie_world_championships_2006_women_individual_sabre,athlete_Rebecca_Ward_USA,1,gold,discipline=sabre;format=individual;event=Women Individual Sabre;country=USA;team_members=;source_url=https://en.wikipedia.org/wiki/2006_World_Fencing_Championships,3.0
fie_world_championships_2006_women_individual_sabre,athlete_Sada_Jacobson_USA,3,bronze,discipline=sabre;format=individual;event=Women Individual Sabre;country=USA;team_members=;source_url=https://en.wikipedia.org/wiki/2006_World_Fencing_Championships,1.0
fie_world_championships_2006_women_team_epee,CHN,1,gold,discipline=epee;format=team;event=Women Team Epee;country=CHN;team_members=Li Na; Luo Xiaojuan; Zhang Li; Zhong Weiping;source_url=https://en.wikipedia.org/wiki/2006_World_Fencing_Championships,3.0
fie_world_championships_2006_women_team_epee,DEU,3,bronze,discipline=epee;format=team;event=Women Team Epee;country=DEU;team_members=Claudia Bokel; Imke Duplitzer; Britta Heidemann; Marijana Markovic;source_url=https://en.wikipedia.org/wiki/2006_World_Fencing_Championships,1.0
fie_world_championships_2006_women_team_epee,FRA,2,silver,discipline=epee;format=team;event=Women Team Epee;country=FRA;team_members=Marysa Baradji-Duchêne; Laura Flessel-Colovic; Hajnalka Kiraly Picot; Maureen Nisima;source_url=https://en.wikipedia.org/wiki/2006_World_Fencing_Championships,2.0
fie_world_championships_2006_women_team_foil,ITA,2,silver,discipline=foil;format=team;event=Women Team Foil;country=ITA;team_members=Elisa di Francisca; Margherita Granbassi; Giovanna Trillini; Valentina Vezzali;source_url=https://en.wikipedia.org/wiki/2006_World_Fencing_Championships,2.0
fie_world_championships_2006_women_team_foil,KOR,3,bronze,discipline=foil;format=team;event=Women Team Foil;country=KOR;team_members=Jeon Hee-sook; Jung Gil-ok; Nam Hyun-hee; Seo Mi-jung;source_url=https://en.wikipedia.org/wiki/2006_World_Fencing_Championships,1.0
fie_world_championships_2006_women_team_foil,RUS,1,gold,discipline=foil;format=team;event=Women Team Foil;country=RUS;team_members=Svetlana Boyko; Aida Shanayeva; Julia Khakimova; Ianna Rouzavina;source_url=https://en.wikipedia.org/wiki/2006_World_Fencing_Championships,3.0
fie_world_championships_2006_women_team_sabre,FRA,1,gold,discipline=sabre;format=team;event=Women Team Sabre;country=FRA;team_members=Cécile Argiolas; Solenne Mary; Léonore Perrus; Anne-Lise Touya;source_url=https://en.wikipedia.org/wiki/2006_World_Fencing_Championships,3.0
fie_world_championships_2006_women_team_sabre,RUS,3,bronze,discipline=sabre;format=team;event=Women Team Sabre;country=RUS;team_members=Yekaterina Dyachenko; Ekaterina Fedorkina; Yelena Nechayeva; Sofiya Velikaya;source_url=https://en.wikipedia.org/wiki/2006_World_Fencing_Championships,1.0
fie_world_championships_2006_women_team_sabre,USA,2,silver,discipline=sabre;format=team;event=Women Team Sabre;country=USA;team_members=Sada Jacobson; Rebecca Ward; Mariel Zagunis;source_url=https://en.wikipedia.org/wiki/2006_World_Fencing_Championships,2.0
fie_world_championships_2007_men_individual_epee,athlete_Diego_Confalonieri_ITA,3,bronze,discipline=epee;format=individual;event=Men Individual Epee;country=ITA;team_members=;source_url=https://en.wikipedia.org/wiki/2007_World_Fencing_Championships,1.0
fie_world_championships_2007_men_individual_epee,athlete_Jérôme_Jeannet_FRA,3,bronze,discipline=epee;format=individual;event=Men Individual Epee;country=FRA;team_members=;source_url=https://en.wikipedia.org/wiki/2007_World_Fencing_Championships,1.0
fie_world_championships_2007_men_individual_epee,athlete_Krisztián_Kulcsár_HUN,1,gold,discipline=epee;format=individual;event=Men Individual Epee;country=HUN;team_members=;source_url=https://en.wikipedia.org/wiki/2007_World_Fencing_Championships,3.0
fie_world_championships_2007_men_individual_epee,athlete_Érik_Boisse_FRA,2,silver,discipline=epee;format=individual;event=Men Individual Epee;country=FRA;team_members=;source_url=https://en.wikipedia.org/wiki/2007_World_Fencing_Championships,2.0
fie_world_championships_2007_men_individual_foil,athlete_Andrea_Baldini_ITA,2,silver,discipline=foil;format=individual;event=Men Individual Foil;country=ITA;team_members=;source_url=https://en.wikipedia.org/wiki/2007_World_Fencing_Championships,2.0
fie_world_championships_2007_men_individual_foil,athlete_Benjamin_Kleibrink_DEU,3,bronze,discipline=foil;format=individual;event=Men Individual Foil;country=DEU;team_members=;source_url=https://en.wikipedia.org/wiki/2007_World_Fencing_Championships,1.0
fie_world_championships_2007_men_individual_foil,athlete_Lei_Sheng_CHN,3,bronze,discipline=foil;format=individual;event=Men Individual Foil;country=CHN;team_members=;source_url=https://en.wikipedia.org/wiki/2007_World_Fencing_Championships,1.0
fie_world_championships_2007_men_individual_foil,athlete_Peter_Joppich_DEU,1,gold,discipline=foil;format=individual;event=Men Individual Foil;country=DEU;team_members=;source_url=https://en.wikipedia.org/wiki/2007_World_Fencing_Championships,3.0
fie_world_championships_2007_men_individual_sabre,athlete_Aldo_Montano_ITA,2,silver,discipline=sabre;format=individual;event=Men Individual Sabre;country=ITA;team_members=;source_url=https://en.wikipedia.org/wiki/2007_World_Fencing_Championships,2.0
fie_world_championships_2007_men_individual_sabre,athlete_Nicolas_Limbach_DEU,3,bronze,discipline=sabre;format=individual;event=Men Individual Sabre;country=DEU;team_members=;source_url=https://en.wikipedia.org/wiki/2007_World_Fencing_Championships,1.0
fie_world_championships_2007_men_individual_sabre,athlete_Oh_Eun-seok_KOR,3,bronze,discipline=sabre;format=individual;event=Men Individual Sabre;country=KOR;team_members=;source_url=https://en.wikipedia.org/wiki/2007_World_Fencing_Championships,1.0
fie_world_championships_2007_men_individual_sabre,athlete_Stanislav_Pozdnyakov_RUS,1,gold,discipline=sabre;format=individual;event=Men Individual Sabre;country=RUS;team_members=;source_url=https://en.wikipedia.org/wiki/2007_World_Fencing_Championships,3.0
fie_world_championships_2007_men_team_epee,FRA,1,gold,discipline=epee;format=team;event=Men Team Epee;country=FRA;team_members=;source_url=https://en.wikipedia.org/wiki/2007_World_Fencing_Championships,3.0
fie_world_championships_2007_men_team_epee,HUN,3,bronze,discipline=epee;format=team;event=Men Team Epee;country=HUN;team_members=;source_url=https://en.wikipedia.org/wiki/2007_World_Fencing_Championships,1.0
fie_world_championships_2007_men_team_epee,ITA,2,silver,discipline=epee;format=team;event=Men Team Epee;country=ITA;team_members=;source_url=https://en.wikipedia.org/wiki/2007_World_Fencing_Championships,2.0
fie_world_championships_2007_men_team_foil,DEU,2,silver,discipline=foil;format=team;event=Men Team Foil;country=DEU;team_members=;source_url=https://en.wikipedia.org/wiki/2007_World_Fencing_Championships,2.0
fie_world_championships_2007_men_team_foil,FRA,1,gold,discipline=foil;format=team;event=Men Team Foil;country=FRA;team_members=;source_url=https://en.wikipedia.org/wiki/2007_World_Fencing_Championships,3.0
fie_world_championships_2007_men_team_foil,KOR,3,bronze,discipline=foil;format=team;event=Men Team Foil;country=KOR;team_members=;source_url=https://en.wikipedia.org/wiki/2007_World_Fencing_Championships,1.0
fie_world_championships_2007_men_team_sabre,FRA,2,silver,discipline=sabre;format=team;event=Men Team Sabre;country=FRA;team_members=;source_url=https://en.wikipedia.org/wiki/2007_World_Fencing_Championships,2.0
fie_world_championships_2007_men_team_sabre,HUN,1,gold,discipline=sabre;format=team;event=Men Team Sabre;country=HUN;team_members=;source_url=https://en.wikipedia.org/wiki/2007_World_Fencing_Championships,3.0
fie_world_championships_2007_men_team_sabre,ITA,3,bronze,discipline=sabre;format=team;event=Men Team Sabre;country=ITA;team_members=;source_url=https://en.wikipedia.org/wiki/2007_World_Fencing_Championships,1.0
fie_world_championships_2007_women_individual_epee,athlete_Britta_Heidemann_DEU,1,gold,discipline=epee;format=individual;event=Women Individual Epee;country=DEU;team_members=;source_url=https://en.wikipedia.org/wiki/2007_World_Fencing_Championships,3.0
fie_world_championships_2007_women_individual_epee,athlete_Irina_Embrich_EST,3,bronze,discipline=epee;format=individual;event=Women Individual Epee;country=EST;team_members=;source_url=https://en.wikipedia.org/wiki/2007_World_Fencing_Championships,1.0
fie_world_championships_2007_women_individual_epee,athlete_Li_Na_CHN,2,silver,discipline=epee;format=individual;event=Women Individual Epee;country=CHN;team_members=;source_url=https://en.wikipedia.org/wiki/2007_World_Fencing_Championships,2.0
fie_world_championships_2007_women_individual_epee,athlete_Maureen_Nisima_FRA,3,bronze,discipline=epee;format=individual;event=Women Individual Epee;country=FRA;team_members=;source_url=https://en.wikipedia.org/wiki/2007_World_Fencing_Championships,1.0
fie_world_championships_2007_women_individual_foil,athlete_Aida_Mohamed_HUN,3,bronze,discipline=foil;format=individual;event=Women Individual Foil;country=HUN;team_members=;source_url=https://en.wikipedia.org/wiki/2007_World_Fencing_Championships,1.0
fie_world_championships_2007_women_individual_foil,athlete_Giovanna_Trillini_ITA,3,bronze,discipline=foil;format=individual;event=Women Individual Foil;country=ITA;team_members=;source_url=https://en.wikipedia.org/wiki/2007_World_Fencing_Championships,1.0
fie_world_championships_2007_women_individual_foil,athlete_Margherita_Granbassi_ITA,2,silver,discipline=foil;format=individual;event=Women Individual Foil;country=ITA;team_members=;source_url=https://en.wikipedia.org/wiki/2007_World_Fencing_Championships,2.0
fie_world_championships_2007_women_individual_foil,athlete_Valentina_Vezzali_ITA,1,gold,discipline=foil;format=individual;event=Women Individual Foil;country=ITA;team_members=;source_url=https://en.wikipedia.org/wiki/2007_World_Fencing_Championships,3.0
fie_world_championships_2007_women_individual_sabre,athlete_Bogna_Jówiak_POL,3,bronze,discipline=sabre;format=individual;event=Women Individual Sabre;country=POL;team_members=;source_url=https://en.wikipedia.org/wiki/2007_World_Fencing_Championships,1.0
fie_world_championships_2007_women_individual_sabre,athlete_Gioia_Marzocca_ITA,3,bronze,discipline=sabre;format=individual;event=Women Individual Sabre;country=ITA;team_members=;source_url=https://en.wikipedia.org/wiki/2007_World_Fencing_Championships,1.0
fie_world_championships_2007_women_individual_sabre,athlete_Tan_Xue_CHN,2,silver,discipline=sabre;format=individual;event=Women Individual Sabre;country=CHN;team_members=;source_url=https://en.wikipedia.org/wiki/2007_World_Fencing_Championships,2.0
fie_world_championships_2007_women_individual_sabre,athlete_Yelena_Nechayeva_RUS,1,gold,discipline=sabre;format=individual;event=Women Individual Sabre;country=RUS;team_members=;source_url=https://en.wikipedia.org/wiki/2007_World_Fencing_Championships,3.0
fie_world_championships_2007_women_team_epee,DEU,3,bronze,discipline=epee;format=team;event=Women Team Epee;country=DEU;team_members=;source_url=https://en.wikipedia.org/wiki/2007_World_Fencing_Championships,1.0
fie_world_championships_2007_women_team_epee,FRA,1,gold,discipline=epee;format=team;event=Women Team Epee;country=FRA;team_members=;source_url=https://en.wikipedia.org/wiki/2007_World_Fencing_Championships,3.0
fie_world_championships_2007_women_team_epee,RUS,2,silver,discipline=epee;format=team;event=Women Team Epee;country=RUS;team_members=;source_url=https://en.wikipedia.org/wiki/2007_World_Fencing_Championships,2.0
fie_world_championships_2007_women_team_foil,JPN,3,bronze,discipline=foil;format=team;event=Women Team Foil;country=JPN;team_members=;source_url=https://en.wikipedia.org/wiki/2007_World_Fencing_Championships,1.0
fie_world_championships_2007_women_team_foil,POL,1,gold,discipline=foil;format=team;event=Women Team Foil;country=POL;team_members=;source_url=https://en.wikipedia.org/wiki/2007_World_Fencing_Championships,3.0
fie_world_championships_2007_women_team_foil,RUS,2,silver,discipline=foil;format=team;event=Women Team Foil;country=RUS;team_members=;source_url=https://en.wikipedia.org/wiki/2007_World_Fencing_Championships,2.0
fie_world_championships_2007_women_team_sabre,FRA,1,gold,discipline=sabre;format=team;event=Women Team Sabre;country=FRA;team_members=;source_url=https://en.wikipedia.org/wiki/2007_World_Fencing_Championships,3.0
fie_world_championships_2007_women_team_sabre,RUS,3,bronze,discipline=sabre;format=team;event=Women Team Sabre;country=RUS;team_members=;source_url=https://en.wikipedia.org/wiki/2007_World_Fencing_Championships,1.0
fie_world_championships_2007_women_team_sabre,UKR,2,silver,discipline=sabre;format=team;event=Women Team Sabre;country=UKR;team_members=;source_url=https://en.wikipedia.org/wiki/2007_World_Fencing_Championships,2.0
fie_world_championships_2008_men_team_foil,DEU,2,silver,discipline=foil;format=team;event=Men Team Foil;country=DEU;team_members=Peter Joppich; Benjamin Kleibrink; Dominik Behr;source_url=https://en.wikipedia.org/wiki/2008_World_Fencing_Championships,2.0
fie_world_championships_2008_men_team_foil,ITA,1,gold,discipline=foil;format=team;event=Men Team Foil;country=ITA;team_members=Andrea Baldini; Andrea Cassarà; Stefano Barrera; Salvatore Sanzo;source_url=https://en.wikipedia.org/wiki/2008_World_Fencing_Championships,3.0
fie_world_championships_2008_men_team_foil,POL,3,bronze,discipline=foil;format=team;event=Men Team Foil;country=POL;team_members=Michał Majewski; Radosław Glonek; Marcin Zawada; Sławomir Mocek;source_url=https://en.wikipedia.org/wiki/2008_World_Fencing_Championships,1.0
fie_world_championships_2008_women_team_epee,CHN,2,silver,discipline=epee;format=team;event=Women Team Epee;country=CHN;team_members=Li Na; Luo Xiaojuan; Zhang Li; Zhong Weiping;source_url=https://en.wikipedia.org/wiki/2008_World_Fencing_Championships,2.0
fie_world_championships_2008_women_team_epee,DEU,3,bronze,discipline=epee;format=team;event=Women Team Epee;country=DEU;team_members=Imke Duplitzer; Britta Heidemann; Marijana Markovic; Monika Sozanska;source_url=https://en.wikipedia.org/wiki/2008_World_Fencing_Championships,1.0
fie_world_championships_2008_women_team_epee,FRA,1,gold,discipline=epee;format=team;event=Women Team Epee;country=FRA;team_members=Laura Flessel; Hajnalka Kiraly-Picot; Maureen Nisima; Sarah Daninthe;source_url=https://en.wikipedia.org/wiki/2008_World_Fencing_Championships,3.0
fie_world_championships_2009_men_team_epee,FRA,1,gold,discipline=epee;format=team;event=Men Team Epee;country=FRA;team_members=;source_url=https://en.wikipedia.org/wiki/2009_World_Fencing_Championships,3.0
fie_world_championships_2009_men_team_epee,HUN,2,silver,discipline=epee;format=team;event=Men Team Epee;country=HUN;team_members=;source_url=https://en.wikipedia.org/wiki/2009_World_Fencing_Championships,2.0
fie_world_championships_2009_men_team_epee,POL,3,bronze,discipline=epee;format=team;event=Men Team Epee;country=POL;team_members=;source_url=https://en.wikipedia.org/wiki/2009_World_Fencing_Championships,1.0
fie_world_championships_2009_men_team_foil,DEU,2,silver,discipline=foil;format=team;event=Men Team Foil;country=DEU;team_members=;source_url=https://en.wikipedia.org/wiki/2009_World_Fencing_Championships,2.0
fie_world_championships_2009_men_team_foil,ITA,1,gold,discipline=foil;format=team;event=Men Team Foil;country=ITA;team_members=;source_url=https://en.wikipedia.org/wiki/2009_World_Fencing_Championships,3.0
fie_world_championships_2009_men_team_foil,RUS,3,bronze,discipline=foil;format=team;event=Men Team Foil;country=RUS;team_members=;source_url=https://en.wikipedia.org/wiki/2009_World_Fencing_Championships,1.0
fie_world_championships_2009_men_team_sabre,HUN,3,bronze,discipline=sabre;format=team;event=Men Team Sabre;country=HUN;team_members=;source_url=https://en.wikipedia.org/wiki/2009_World_Fencing_Championships,1.0
fie_world_championships_2009_men_team_sabre,ITA,2,silver,discipline=sabre;format=team;event=Men Team Sabre;country=ITA;team_members=;source_url=https://en.wikipedia.org/wiki/2009_World_Fencing_Championships,2.0
fie_world_championships_2009_men_team_sabre,ROU,1,gold,discipline=sabre;format=team;event=Men Team Sabre;country=ROU;team_members=;source_url=https://en.wikipedia.org/wiki/2009_World_Fencing_Championships,3.0
fie_world_championships_2009_women_team_epee,DEU,3,bronze,discipline=epee;format=team;event=Women Team Epee;country=DEU;team_members=;source_url=https://en.wikipedia.org/wiki/2009_World_Fencing_Championships,1.0
fie_world_championships_2009_women_team_epee,ITA,1,gold,discipline=epee;format=team;event=Women Team Epee;country=ITA;team_members=;source_url=https://en.wikipedia.org/wiki/2009_World_Fencing_Championships,3.0
fie_world_championships_2009_women_team_epee,POL,2,silver,discipline=epee;format=team;event=Women Team Epee;country=POL;team_members=;source_url=https://en.wikipedia.org/wiki/2009_World_Fencing_Championships,2.0
fie_world_championships_2009_women_team_foil,DEU,3,bronze,discipline=foil;format=team;event=Women Team Foil;country=DEU;team_members=;source_url=https://en.wikipedia.org/wiki/2009_World_Fencing_Championships,1.0
fie_world_championships_2009_women_team_foil,ITA,1,gold,discipline=foil;format=team;event=Women Team Foil;country=ITA;team_members=;source_url=https://en.wikipedia.org/wiki/2009_World_Fencing_Championships,3.0
fie_world_championships_2009_women_team_foil,RUS,2,silver,discipline=foil;format=team;event=Women Team Foil;country=RUS;team_members=;source_url=https://en.wikipedia.org/wiki/2009_World_Fencing_Championships,2.0
fie_world_championships_2009_women_team_sabre,CHN,3,bronze,discipline=sabre;format=team;event=Women Team Sabre;country=CHN;team_members=;source_url=https://en.wikipedia.org/wiki/2009_World_Fencing_Championships,1.0
fie_world_championships_2009_women_team_sabre,FRA,2,silver,discipline=sabre;format=team;event=Women Team Sabre;country=FRA;team_members=;source_url=https://en.wikipedia.org/wiki/2009_World_Fencing_Championships,2.0
fie_world_championships_2009_women_team_sabre,UKR,1,gold,discipline=sabre;format=team;event=Women Team Sabre;country=UKR;team_members=;source_url=https://en.wikipedia.org/wiki/2009_World_Fencing_Championships,3.0
fie_world_championships_2010_men_team_epee,FRA,1,gold,discipline=epee;format=team;event=Men Team Epee;country=FRA;team_members=Gauthier Grumier; Jérôme Jeannet; Jean-Michel Lucenay; Ulrich Robeiri;source_url=https://en.wikipedia.org/wiki/2010_World_Fencing_Championships,3.0
fie_world_championships_2010_men_team_epee,HUN,3,bronze,discipline=epee;format=team;event=Men Team Epee;country=HUN;team_members=Gábor Boczkó; Géza Imre; András Rédli; Péter Somfai;source_url=https://en.wikipedia.org/wiki/2010_World_Fencing_Championships,1.0
fie_world_championships_2010_men_team_epee,USA,2,silver,discipline=epee;format=team;event=Men Team Epee;country=USA;team_members=Benjamin Bratton; Weston Kelsey; Cody Mattern; Benjamin Ungar;source_url=https://en.wikipedia.org/wiki/2010_World_Fencing_Championships,2.0
fie_world_championships_2010_men_team_foil,CHN,1,gold,discipline=foil;format=team;event=Men Team Foil;country=CHN;team_members=Huang Liangcai; Lei Sheng; Zhang Liangliang; Zhu Jun;source_url=https://en.wikipedia.org/wiki/2010_World_Fencing_Championships,3.0
fie_world_championships_2010_men_team_foil,ITA,2,silver,discipline=foil;format=team;event=Men Team Foil;country=ITA;team_members=Valerio Aspromonte; Andrea Baldini; Stefano Barrera; Andrea Cassarà;source_url=https://en.wikipedia.org/wiki/2010_World_Fencing_Championships,2.0
fie_world_championships_2010_men_team_foil,JPN,3,bronze,discipline=foil;format=team;event=Men Team Foil;country=JPN;team_members=Suguru Awaji; Kenta Chida; Ryo Miyake; Yuki Ota;source_url=https://en.wikipedia.org/wiki/2010_World_Fencing_Championships,1.0
fie_world_championships_2010_men_team_sabre,ITA,2,silver,discipline=sabre;format=team;event=Men Team Sabre;country=ITA;team_members=Aldo Montano; Diego Occhiuzzi; Luigi Samele; Luigi Tarantino;source_url=https://en.wikipedia.org/wiki/2010_World_Fencing_Championships,2.0
fie_world_championships_2010_men_team_sabre,ROU,3,bronze,discipline=sabre;format=team;event=Men Team Sabre;country=ROU;team_members=Tiberiu Dolniceanu; Rareș Dumitrescu; Cosmin Hănceanu; Florin Zalomir;source_url=https://en.wikipedia.org/wiki/2010_World_Fencing_Championships,1.0
fie_world_championships_2010_men_team_sabre,RUS,1,gold,discipline=sabre;format=team;event=Men Team Sabre;country=RUS;team_members=Nikolay Kovalev; Veniamin Reshetnikov; Aleksey Yakimenko; Artem Zanin;source_url=https://en.wikipedia.org/wiki/2010_World_Fencing_Championships,3.0
fie_world_championships_2010_women_team_epee,DEU,2,silver,discipline=epee;format=team;event=Women Team Epee;country=DEU;team_members=Imke Duplitzer; Britta Heidemann; Ricarda Multerer; Monika Sozanska;source_url=https://en.wikipedia.org/wiki/2010_World_Fencing_Championships,2.0
fie_world_championships_2010_women_team_epee,KOR,3,bronze,discipline=epee;format=team;event=Women Team Epee;country=KOR;team_members=Jung Hyo-jung; Oh Yun-hee; Park Se-ra; Shin A-lam;source_url=https://en.wikipedia.org/wiki/2010_World_Fencing_Championships,1.0
fie_world_championships_2010_women_team_epee,ROU,1,gold,discipline=epee;format=team;event=Women Team Epee;country=ROU;team_members=Simona Alexandru; Ana Maria Brânză; Loredana Iordăchioiu; Anca Măroiu;source_url=https://en.wikipedia.org/wiki/2010_World_Fencing_Championships,3.0
fie_world_championships_2010_women_team_foil,ITA,1,gold,discipline=foil;format=team;event=Women Team Foil;country=ITA;team_members=Elisa Di Francisca; Arianna Errigo; Ilaria Salvatori; Valentina Vezzali;source_url=https://en.wikipedia.org/wiki/2010_World_Fencing_Championships,3.0
fie_world_championships_2010_women_team_foil,KOR,3,bronze,discipline=foil;format=team;event=Women Team Foil;country=KOR;team_members=Jeon Hee-sook; Nam Hyun-see; Oh Ha-na; Seo Mi-jung;source_url=https://en.wikipedia.org/wiki/2010_World_Fencing_Championships,1.0
fie_world_championships_2010_women_team_foil,POL,2,silver,discipline=foil;format=team;event=Women Team Foil;country=POL;team_members=Karolina Chlewińska; Sylwia Gruchała; Katarzyna Kryczalo; Anna Rybicka;source_url=https://en.wikipedia.org/wiki/2010_World_Fencing_Championships,2.0
fie_world_championships_2010_women_team_sabre,FRA,3,bronze,discipline=sabre;format=team;event=Women Team Sabre;country=FRA;team_members=Cécilia Berder; Solenne Mary; Léonore Perrus; Carole Vergne;source_url=https://en.wikipedia.org/wiki/2010_World_Fencing_Championships,1.0
fie_world_championships_2010_women_team_sabre,RUS,1,gold,discipline=sabre;format=team;event=Women Team Sabre;country=RUS;team_members=Dina Galiakbarova; Yuliya Gavrilova; Svetlana Kormilitsyna; Sofiya Velikaya;source_url=https://en.wikipedia.org/wiki/2010_World_Fencing_Championships,3.0
fie_world_championships_2010_women_team_sabre,UKR,2,silver,discipline=sabre;format=team;event=Women Team Sabre;country=UKR;team_members=Olha Kharlan; Olena Khomrova; Halyna Pundyk; Olga Zhovnir;source_url=https://en.wikipedia.org/wiki/2010_World_Fencing_Championships,2.0
fie_world_championships_2011_men_team_epee,CHE,3,bronze,discipline=epee;format=team;event=Men Team Epee;country=CHE;team_members=Fabian Kauter; Benjamin Steffen; Max Heinzer; Florian Staub;source_url=https://en.wikipedia.org/wiki/2011_World_Fencing_Championships,1.0
fie_world_championships_2011_men_team_epee,FRA,1,gold,discipline=epee;format=team;event=Men Team Epee;country=FRA;team_members=Ronan Gustin; Gauthier Grumier; Jean-Michel Lucenay; Yannick Borel;source_url=https://en.wikipedia.org/wiki/2011_World_Fencing_Championships,3.0
fie_world_championships_2011_men_team_epee,HUN,2,silver,discipline=epee;format=team;event=Men Team Epee;country=HUN;team_members=Géza Imre; Péter Somfai; Gábor Boczkó; Péter Szényi;source_url=https://en.wikipedia.org/wiki/2011_World_Fencing_Championships,2.0
fie_world_championships_2011_men_team_foil,CHN,1,gold,discipline=foil;format=team;event=Men Team Foil;country=CHN;team_members=Zhang Liangliang; Lei Sheng; Zhu Jun; Ma Jianfei;source_url=https://en.wikipedia.org/wiki/2011_World_Fencing_Championships,3.0
fie_world_championships_2011_men_team_foil,DEU,3,bronze,discipline=foil;format=team;event=Men Team Foil;country=DEU;team_members=Sebastian Bachmann; Peter Joppich; Benjamin Kleibrink; Andre Wessels;source_url=https://en.wikipedia.org/wiki/2011_World_Fencing_Championships,1.0
fie_world_championships_2011_men_team_foil,FRA,2,silver,discipline=foil;format=team;event=Men Team Foil;country=FRA;team_members=Marcel Marcilloux; Victor Sintès; Erwann Le Péchoux; Brice Guyart;source_url=https://en.wikipedia.org/wiki/2011_World_Fencing_Championships,2.0
fie_world_championships_2011_men_team_sabre,BLR,2,silver,discipline=sabre;format=team;event=Men Team Sabre;country=BLR;team_members=Valery Pryiemka; Aliaksandr Buikevich; Dmitri Lapkes; Aliaksei Likhacheuski;source_url=https://en.wikipedia.org/wiki/2011_World_Fencing_Championships,2.0
fie_world_championships_2011_men_team_sabre,ITA,3,bronze,discipline=sabre;format=team;event=Men Team Sabre;country=ITA;team_members=Diego Occhiuzzi; Aldo Montano; Gianpiero Pastore; Luigi Tarantino;source_url=https://en.wikipedia.org/wiki/2011_World_Fencing_Championships,1.0
fie_world_championships_2011_men_team_sabre,RUS,1,gold,discipline=sabre;format=team;event=Men Team Sabre;country=RUS;team_members=Nikolay Kovalev; Veniamin Reshetnikov; Aleksey Yakimenko; Pavel Bykov;source_url=https://en.wikipedia.org/wiki/2011_World_Fencing_Championships,3.0
fie_world_championships_2011_women_team_epee,CHN,2,silver,discipline=epee;format=team;event=Women Team Epee;country=CHN;team_members=Luo Xiaojuan; Li Na; Sun Yujie; Xu Anqi;source_url=https://en.wikipedia.org/wiki/2011_World_Fencing_Championships,2.0
fie_world_championships_2011_women_team_epee,ITA,3,bronze,discipline=epee;format=team;event=Women Team Epee;country=ITA;team_members=Rossella Fiamingo; Mara Navarria; Nathalie Moellhausen; Bianca Del Carretto;source_url=https://en.wikipedia.org/wiki/2011_World_Fencing_Championships,1.0
fie_world_championships_2011_women_team_epee,ROU,1,gold,discipline=epee;format=team;event=Women Team Epee;country=ROU;team_members=Anca Măroiu; Loredana Dinu; Simona Alexandru; Ana Maria Brânză;source_url=https://en.wikipedia.org/wiki/2011_World_Fencing_Championships,3.0
fie_world_championships_2011_women_team_foil,ITA,2,silver,discipline=foil;format=team;event=Women Team Foil;country=ITA;team_members=Arianna Errigo; Valentina Vezzali; Elisa Di Francisca; Ilaria Salvatori;source_url=https://en.wikipedia.org/wiki/2011_World_Fencing_Championships,2.0
fie_world_championships_2011_women_team_foil,KOR,3,bronze,discipline=foil;format=team;event=Women Team Foil;country=KOR;team_members=Lee Hye-sun; Nam Hyun-hee; Jeon Hee-sook; Jung Gil-ok;source_url=https://en.wikipedia.org/wiki/2011_World_Fencing_Championships,1.0
fie_world_championships_2011_women_team_foil,RUS,1,gold,discipline=foil;format=team;event=Women Team Foil;country=RUS;team_members=Inna Deriglazova; Aida Shanayeva; Larisa Korobeynikova; Yevgeniya Lamonova;source_url=https://en.wikipedia.org/wiki/2011_World_Fencing_Championships,3.0
fie_world_championships_2011_women_team_sabre,RUS,1,gold,discipline=sabre;format=team;event=Women Team Sabre;country=RUS;team_members=Ekaterina Dyachenko; Sofiya Velikaya; Yuliya Gavrilova; Dina Galiakbarova;source_url=https://en.wikipedia.org/wiki/2011_World_Fencing_Championships,3.0
fie_world_championships_2011_women_team_sabre,UKR,2,silver,discipline=sabre;format=team;event=Women Team Sabre;country=UKR;team_members=Olena Khomrova; Halyna Pundyk; Olha Kharlan; Olha Zhovnir;source_url=https://en.wikipedia.org/wiki/2011_World_Fencing_Championships,2.0
fie_world_championships_2011_women_team_sabre,USA,3,bronze,discipline=sabre;format=team;event=Women Team Sabre;country=USA;team_members=Ibtihaj Muhammad; Mariel Zagunis; Dagmara Wozniak; Daria Schneider;source_url=https://en.wikipedia.org/wiki/2011_World_Fencing_Championships,1.0
fie_world_championships_2012_men_team_epee,FRA,2,silver,discipline=epee;format=team;event=Men Team Epee;country=FRA;team_members=Gauthier Grumier; Yannick Borel; Jean-Michel Lucenay; Ulrich Robeiri;source_url=https://en.wikipedia.org/wiki/2012_World_Fencing_Championships,2.0
fie_world_championships_2012_men_team_epee,HUN,3,bronze,discipline=epee;format=team;event=Men Team Epee;country=HUN;team_members=Géza Imre; Gábor Boczkó; Péter Somfai; András Rédli;source_url=https://en.wikipedia.org/wiki/2012_World_Fencing_Championships,1.0
fie_world_championships_2012_men_team_epee,USA,1,gold,discipline=epee;format=team;event=Men Team Epee;country=USA;team_members=Soren Thompson; Weston Kelsey; Cody Mattern; Benjamin Bratton;source_url=https://en.wikipedia.org/wiki/2012_World_Fencing_Championships,3.0
fie_world_championships_2012_women_team_sabre,RUS,1,gold,discipline=sabre;format=team;event=Women Team Sabre;country=RUS;team_members=Sofiya Velikaya; Yuliya Gavrilova; Ekaterina Dyachenko; Dina Galiakbarova;source_url=https://en.wikipedia.org/wiki/2012_World_Fencing_Championships,3.0
fie_world_championships_2012_women_team_sabre,UKR,2,silver,discipline=sabre;format=team;event=Women Team Sabre;country=UKR;team_members=Olha Kharlan; Olha Zhovnir; Olena Khomrova; Halyna Pundyk;source_url=https://en.wikipedia.org/wiki/2012_World_Fencing_Championships,2.0
fie_world_championships_2012_women_team_sabre,USA,3,bronze,discipline=sabre;format=team;event=Women Team Sabre;country=USA;team_members=Mariel Zagunis; Dagmara Wozniak; Daria Schneider; Ibtihaj Muhammad;source_url=https://en.wikipedia.org/wiki/2012_World_Fencing_Championships,1.0
fie_world_championships_2013_men_team_epee,FRA,3,bronze,discipline=epee;format=team;event=Men Team Epee;country=FRA;team_members=Alexandre Blaszyck; Daniel Jerent; Ulrich Robeiri; Iván Trevejo;source_url=https://en.wikipedia.org/wiki/2013_World_Fencing_Championships,1.0
fie_world_championships_2013_men_team_epee,HUN,1,gold,discipline=epee;format=team;event=Men Team Epee;country=HUN;team_members=Géza Imre; Gábor Boczkó; András Rédli; Péter Szényi;source_url=https://en.wikipedia.org/wiki/2013_World_Fencing_Championships,3.0
fie_world_championships_2013_men_team_epee,UKR,2,silver,discipline=epee;format=team;event=Men Team Epee;country=UKR;team_members=Anatoliy Herey; Dmytro Karyuchenko; Vitalii Medvediev; Bohdan Nikishyn;source_url=https://en.wikipedia.org/wiki/2013_World_Fencing_Championships,2.0
fie_world_championships_2013_men_team_foil,FRA,3,bronze,discipline=foil;format=team;event=Men Team Foil;country=FRA;team_members=Jérémy Cadot; Erwann Le Péchoux; Enzo Lefort; Marcel Marcilloux;source_url=https://en.wikipedia.org/wiki/2013_World_Fencing_Championships,1.0
fie_world_championships_2013_men_team_foil,ITA,1,gold,discipline=foil;format=team;event=Men Team Foil;country=ITA;team_members=Valerio Aspromonte; Giorgio Avola; Andrea Baldini; Andrea Cassarà;source_url=https://en.wikipedia.org/wiki/2013_World_Fencing_Championships,3.0
fie_world_championships_2013_men_team_foil,USA,2,silver,discipline=foil;format=team;event=Men Team Foil;country=USA;team_members=Miles Chamley-Watson; Race Imboden; Alexander Massialas; Gerek Meinhardt;source_url=https://en.wikipedia.org/wiki/2013_World_Fencing_Championships,2.0
fie_world_championships_2013_men_team_sabre,KOR,3,bronze,discipline=sabre;format=team;event=Men Team Sabre;country=KOR;team_members=Gu Bon-gil; Kim Jung-hwan; Oh Eun-seok; Won Jun-ho;source_url=https://en.wikipedia.org/wiki/2013_World_Fencing_Championships,1.0
fie_world_championships_2013_men_team_sabre,ROU,2,silver,discipline=sabre;format=team;event=Men Team Sabre;country=ROU;team_members=Alin Badea; Tiberiu Dolniceanu; Ciprian Gălățanu; Iulian Teodosiu;source_url=https://en.wikipedia.org/wiki/2013_World_Fencing_Championships,2.0
fie_world_championships_2013_men_team_sabre,RUS,1,gold,discipline=sabre;format=team;event=Men Team Sabre;country=RUS;team_members=Kamil Ibragimov; Nikolay Kovalev; Veniamin Reshetnikov; Aleksey Yakimenko;source_url=https://en.wikipedia.org/wiki/2013_World_Fencing_Championships,3.0
fie_world_championships_2013_women_team_epee,CHN,2,silver,discipline=epee;format=team;event=Women Team Epee;country=CHN;team_members=Hou Yingming; Luo Xiaojuan; Sun Yiwen; Xu Anqi;source_url=https://en.wikipedia.org/wiki/2013_World_Fencing_Championships,2.0
fie_world_championships_2013_women_team_epee,ROU,3,bronze,discipline=epee;format=team;event=Women Team Epee;country=ROU;team_members=Ana Maria Brânză; Simona Pop; Raluca Sbîrcia; Maria Udrea;source_url=https://en.wikipedia.org/wiki/2013_World_Fencing_Championships,1.0
fie_world_championships_2013_women_team_epee,RUS,1,gold,discipline=epee;format=team;event=Women Team Epee;country=RUS;team_members=Tatyana Andryushina; Violetta Kolobova; Anna Sivkova; Yana Zvereva;source_url=https://en.wikipedia.org/wiki/2013_World_Fencing_Championships,3.0
fie_world_championships_2013_women_team_foil,FRA,2,silver,discipline=foil;format=team;event=Women Team Foil;country=FRA;team_members=Anita Blaze; Astrid Guyart; Corinne Maîtrejean; Ysaora Thibus;source_url=https://en.wikipedia.org/wiki/2013_World_Fencing_Championships,2.0
fie_world_championships_2013_women_team_foil,ITA,1,gold,discipline=foil;format=team;event=Women Team Foil;country=ITA;team_members=Elisa Di Francisca; Carolina Erba; Arianna Errigo; Valentina Vezzali;source_url=https://en.wikipedia.org/wiki/2013_World_Fencing_Championships,3.0
fie_world_championships_2013_women_team_foil,RUS,3,bronze,discipline=foil;format=team;event=Women Team Foil;country=RUS;team_members=Yuliya Biryukova; Inna Deriglazova; Larisa Korobeynikova; Diana Yakovleva;source_url=https://en.wikipedia.org/wiki/2013_World_Fencing_Championships,1.0
fie_world_championships_2013_women_team_sabre,RUS,2,silver,discipline=sabre;format=team;event=Women Team Sabre;country=RUS;team_members=Yekaterina Dyachenko; Yana Egorian; Dina Galiakbarova; Yuliya Gavrilova;source_url=https://en.wikipedia.org/wiki/2013_World_Fencing_Championships,2.0
fie_world_championships_2013_women_team_sabre,UKR,1,gold,discipline=sabre;format=team;event=Women Team Sabre;country=UKR;team_members=Olha Kharlan; Alina Komashchuk; Halyna Pundyk; Olena Voronina;source_url=https://en.wikipedia.org/wiki/2013_World_Fencing_Championships,3.0
fie_world_championships_2013_women_team_sabre,USA,3,bronze,discipline=sabre;format=team;event=Women Team Sabre;country=USA;team_members=Ibtihaj Muhammad; Anne-Elizabeth Stone; Dagmara Wozniak; Mariel Zagunis;source_url=https://en.wikipedia.org/wiki/2013_World_Fencing_Championships,1.0
fie_world_championships_2014_men_team_epee,CHE,3,bronze,discipline=epee;format=team;event=Men Team Epee;country=CHE;team_members=Peer Borsky; Max Heinzer; Fabian Kauter; Benjamin Steffen;source_url=https://en.wikipedia.org/wiki/2014_World_Fencing_Championships,1.0
fie_world_championships_2014_men_team_epee,FRA,1,gold,discipline=epee;format=team;event=Men Team Epee;country=FRA;team_members=Gauthier Grumier; Daniel Jerent; Jean-Michel Lucenay; Ulrich Robeiri;source_url=https://en.wikipedia.org/wiki/2014_World_Fencing_Championships,3.0
fie_world_championships_2014_men_team_epee,KOR,2,silver,discipline=epee;format=team;event=Men Team Epee;country=KOR;team_members=Jung Jin-sun; Kweon Young-jun; Park Kyoung-doo; Park Sang-young;source_url=https://en.wikipedia.org/wiki/2014_World_Fencing_Championships,2.0
fie_world_championships_2014_men_team_foil,CHN,2,silver,discipline=foil;format=team;event=Men Team Foil;country=CHN;team_members=Chen Haiwei; Lei Sheng; Ma Jianfei; Shi Jialuo;source_url=https://en.wikipedia.org/wiki/2014_World_Fencing_Championships,2.0
fie_world_championships_2014_men_team_foil,FRA,1,gold,discipline=foil;format=team;event=Men Team Foil;country=FRA;team_members=Enzo Lefort; Erwann Le Péchoux; Julien Mertine; Vincent Simon;source_url=https://en.wikipedia.org/wiki/2014_World_Fencing_Championships,3.0
fie_world_championships_2014_men_team_foil,ITA,3,bronze,discipline=foil;format=team;event=Men Team Foil;country=ITA;team_members=Valerio Aspromonte; Giorgio Avola; Andrea Baldini; Andrea Cassarà;source_url=https://en.wikipedia.org/wiki/2014_World_Fencing_Championships,1.0
fie_world_championships_2014_men_team_sabre,DEU,1,gold,discipline=sabre;format=team;event=Men Team Sabre;country=DEU;team_members=Max Hartung; Nicolas Limbach; Matyas Szabo; Benedikt Wagner;source_url=https://en.wikipedia.org/wiki/2014_World_Fencing_Championships,3.0
fie_world_championships_2014_men_team_sabre,HUN,3,bronze,discipline=sabre;format=team;event=Men Team Sabre;country=HUN;team_members=Tamás Decsi; Csanád Gémesi; András Szatmári; Áron Szilágyi;source_url=https://en.wikipedia.org/wiki/2014_World_Fencing_Championships,1.0
fie_world_championships_2014_men_team_sabre,KOR,2,silver,discipline=sabre;format=team;event=Men Team Sabre;country=KOR;team_members=Gu Bon-gil; Kim Jung-hwan; Oh Eun-seok; Won Woo-young;source_url=https://en.wikipedia.org/wiki/2014_World_Fencing_Championships,2.0
fie_world_championships_2014_women_team_epee,EST,2,silver,discipline=epee;format=team;event=Women Team Epee;country=EST;team_members=Julia Beljajeva; Irina Embrich; Erika Kirpu; Kristina Kuusk;source_url=https://en.wikipedia.org/wiki/2014_World_Fencing_Championships,2.0
fie_world_championships_2014_women_team_epee,ITA,3,bronze,discipline=epee;format=team;event=Women Team Epee;country=ITA;team_members=Bianca Del Carretto; Rossella Fiamingo; Francesca Quondamcarlo; Mara Navarria;source_url=https://en.wikipedia.org/wiki/2014_World_Fencing_Championships,1.0
fie_world_championships_2014_women_team_epee,RUS,1,gold,discipline=epee;format=team;event=Women Team Epee;country=RUS;team_members=Tatyana Gudkova; Violetta Kolobova; Lyubov Shutova; Yana Zvereva;source_url=https://en.wikipedia.org/wiki/2014_World_Fencing_Championships,3.0
fie_world_championships_2014_women_team_foil,FRA,3,bronze,discipline=foil;format=team;event=Women Team Foil;country=FRA;team_members=Astrid Guyart; Corinne Maîtrejean; Ysaora Thibus;source_url=https://en.wikipedia.org/wiki/2014_World_Fencing_Championships,1.0
fie_world_championships_2014_women_team_foil,ITA,1,gold,discipline=foil;format=team;event=Women Team Foil;country=ITA;team_members=Martina Batini; Elisa Di Francisca; Arianna Errigo; Valentina Vezzali;source_url=https://en.wikipedia.org/wiki/2014_World_Fencing_Championships,3.0
fie_world_championships_2014_women_team_foil,RUS,2,silver,discipline=foil;format=team;event=Women Team Foil;country=RUS;team_members=Yuliya Biryukova; Inna Deriglazova; Larisa Korobeynikova; Diana Yakovleva;source_url=https://en.wikipedia.org/wiki/2014_World_Fencing_Championships,2.0
fie_world_championships_2014_women_team_sabre,FRA,2,silver,discipline=sabre;format=team;event=Women Team Sabre;country=FRA;team_members=Cécilia Berder; Saoussen Boudiaf; Manon Brunet; Charlotte Lembach;source_url=https://en.wikipedia.org/wiki/2014_World_Fencing_Championships,2.0
fie_world_championships_2014_women_team_sabre,UKR,3,bronze,discipline=sabre;format=team;event=Women Team Sabre;country=UKR;team_members=Olha Kharlan; Olena Kravatska; Olena Voronina; Olha Zhovnir;source_url=https://en.wikipedia.org/wiki/2014_World_Fencing_Championships,1.0
fie_world_championships_2014_women_team_sabre,USA,1,gold,discipline=sabre;format=team;event=Women Team Sabre;country=USA;team_members=Ibtihaj Muhammad; Anne-Elizabeth Stone; Dagmara Wozniak; Mariel Zagunis;source_url=https://en.wikipedia.org/wiki/2014_World_Fencing_Championships,3.0
fie_world_championships_2015_men_team_epee,CHE,3,bronze,discipline=epee;format=team;event=Men Team Epee;country=CHE;team_members=Peer Borsky; Max Heinzer; Fabian Kauter; Benjamin Steffen;source_url=https://en.wikipedia.org/wiki/2015_World_Fencing_Championships,1.0
fie_world_championships_2015_men_team_epee,KOR,2,silver,discipline=epee;format=team;event=Men Team Epee;country=KOR;team_members=Jung Seung-hwa; Kweon Young-jun; Na Jong-kwan; Park Kyoung-doo;source_url=https://en.wikipedia.org/wiki/2015_World_Fencing_Championships,2.0
fie_world_championships_2015_men_team_epee,UKR,1,gold,discipline=epee;format=team;event=Men Team Epee;country=UKR;team_members=Anatoliy Herey; Dmytro Karyuchenko; Maksym Khvorost; Bohdan Nikishyn;source_url=https://en.wikipedia.org/wiki/2015_World_Fencing_Championships,3.0
fie_world_championships_2015_men_team_foil,CHN,3,bronze,discipline=foil;format=team;event=Men Team Foil;country=CHN;team_members=Chen Haiwei; Lei Sheng; Ma Jianfei; Li Chen;source_url=https://en.wikipedia.org/wiki/2015_World_Fencing_Championships,1.0
fie_world_championships_2015_men_team_foil,ITA,1,gold,discipline=foil;format=team;event=Men Team Foil;country=ITA;team_members=Giorgio Avola; Andrea Baldini; Andrea Cassarà; Daniele Garozzo;source_url=https://en.wikipedia.org/wiki/2015_World_Fencing_Championships,3.0
fie_world_championships_2015_men_team_foil,RUS,2,silver,discipline=foil;format=team;event=Men Team Foil;country=RUS;team_members=Artur Akhmatkhuzin; Aleksey Cheremisinov; Renal Ganeyev; Dmitry Rigin;source_url=https://en.wikipedia.org/wiki/2015_World_Fencing_Championships,2.0
fie_world_championships_2015_men_team_sabre,DEU,3,bronze,discipline=sabre;format=team;event=Men Team Sabre;country=DEU;team_members=Max Hartung; Nicolas Limbach; Matyas Szabo; Benedikt Wagner;source_url=https://en.wikipedia.org/wiki/2015_World_Fencing_Championships,1.0
fie_world_championships_2015_men_team_sabre,ITA,1,gold,discipline=sabre;format=team;event=Men Team Sabre;country=ITA;team_members=Enrico Berrè; Luca Curatoli; Aldo Montano; Diego Occhiuzzi;source_url=https://en.wikipedia.org/wiki/2015_World_Fencing_Championships,3.0
fie_world_championships_2015_men_team_sabre,RUS,2,silver,discipline=sabre;format=team;event=Men Team Sabre;country=RUS;team_members=Kamil Ibragimov; Nikolay Kovalev; Veniamin Reshetnikov; Aleksey Yakimenko;source_url=https://en.wikipedia.org/wiki/2015_World_Fencing_Championships,2.0
fie_world_championships_2015_women_team_epee,CHN,1,gold,discipline=epee;format=team;event=Women Team Epee;country=CHN;team_members=Hao Jialu; Sun Yujie; Sun Yiwen; Xu Anqi;source_url=https://en.wikipedia.org/wiki/2015_World_Fencing_Championships,3.0
fie_world_championships_2015_women_team_epee,ROU,2,silver,discipline=epee;format=team;event=Women Team Epee;country=ROU;team_members=Ana Maria Brânză; Loredana Dinu; Simona Gherman; Simona Pop;source_url=https://en.wikipedia.org/wiki/2015_World_Fencing_Championships,2.0
fie_world_championships_2015_women_team_epee,UKR,3,bronze,discipline=epee;format=team;event=Women Team Epee;country=UKR;team_members=Olena Kryvytska; Kseniya Pantelyeyeva; Anfisa Pochkalova; Yana Shemyakina;source_url=https://en.wikipedia.org/wiki/2015_World_Fencing_Championships,1.0
fie_world_championships_2015_women_team_foil,FRA,3,bronze,discipline=foil;format=team;event=Women Team Foil;country=FRA;team_members=Anita Blaze; Astrid Guyart; Pauline Ranvier; Ysaora Thibus;source_url=https://en.wikipedia.org/wiki/2015_World_Fencing_Championships,1.0
fie_world_championships_2015_women_team_foil,ITA,1,gold,discipline=foil;format=team;event=Women Team Foil;country=ITA;team_members=Martina Batini; Elisa Di Francisca; Arianna Errigo; Valentina Vezzali;source_url=https://en.wikipedia.org/wiki/2015_World_Fencing_Championships,3.0
fie_world_championships_2015_women_team_foil,RUS,2,silver,discipline=foil;format=team;event=Women Team Foil;country=RUS;team_members=Yuliya Biryukova; Inna Deriglazova; Larisa Korobeynikova; Aida Shanayeva;source_url=https://en.wikipedia.org/wiki/2015_World_Fencing_Championships,2.0
fie_world_championships_2015_women_team_sabre,RUS,1,gold,discipline=sabre;format=team;event=Women Team Sabre;country=RUS;team_members=Yekaterina Dyachenko; Yana Egorian; Yuliya Gavrilova; Sofiya Velikaya;source_url=https://en.wikipedia.org/wiki/2015_World_Fencing_Championships,3.0
fie_world_championships_2015_women_team_sabre,UKR,2,silver,discipline=sabre;format=team;event=Women Team Sabre;country=UKR;team_members=Olha Kharlan; Alina Komashchuk; Olena Kravatska; Olena Voronina;source_url=https://en.wikipedia.org/wiki/2015_World_Fencing_Championships,2.0
fie_world_championships_2015_women_team_sabre,USA,3,bronze,discipline=sabre;format=team;event=Women Team Sabre;country=USA;team_members=Ibtihaj Muhammad; Anne-Elizabeth Stone; Dagmara Wozniak; Mariel Zagunis;source_url=https://en.wikipedia.org/wiki/2015_World_Fencing_Championships,1.0
fie_world_championships_2016_men_team_sabre,HUN,2,silver,discipline=sabre;format=team;event=Men Team Sabre;country=HUN;team_members=Tamás Decsi; Nikolász Iliász; András Szatmári; Áron Szilágyi;source_url=https://en.wikipedia.org/wiki/2016_World_Fencing_Championships,2.0
fie_world_championships_2016_men_team_sabre,ROU,3,bronze,discipline=sabre;format=team;event=Men Team Sabre;country=ROU;team_members=Alin Badea; Ciprian Gălățanu; Tiberiu Dolniceanu; Iulian Teodosiu;source_url=https://en.wikipedia.org/wiki/2016_World_Fencing_Championships,1.0
fie_world_championships_2016_men_team_sabre,RUS,1,gold,discipline=sabre;format=team;event=Men Team Sabre;country=RUS;team_members=Dmitriy Danilenko; Kamil Ibragimov; Nikolay Kovalev; Aleksey Yakimenko;source_url=https://en.wikipedia.org/wiki/2016_World_Fencing_Championships,3.0
fie_world_championships_2016_women_team_foil,FRA,3,bronze,discipline=foil;format=team;event=Women Team Foil;country=FRA;team_members=Gaëlle Gebet; Astrid Guyart; Pauline Ranvier; Ysaora Thibus;source_url=https://en.wikipedia.org/wiki/2016_World_Fencing_Championships,1.0
fie_world_championships_2016_women_team_foil,ITA,2,silver,discipline=foil;format=team;event=Women Team Foil;country=ITA;team_members=Martina Batini; Elisa Di Francisca; Arianna Errigo; Valentina Vezzali;source_url=https://en.wikipedia.org/wiki/2016_World_Fencing_Championships,2.0
fie_world_championships_2016_women_team_foil,RUS,1,gold,discipline=foil;format=team;event=Women Team Foil;country=RUS;team_members=Inna Deriglazova; Larisa Korobeynikova; Aida Shanayeva; Adelina Zagidullina;source_url=https://en.wikipedia.org/wiki/2016_World_Fencing_Championships,3.0
fie_world_championships_2017_men_individual_epee,athlete_András_Rédli_HUN,3,bronze,discipline=epee;format=individual;event=Men Individual Epee;country=HUN;team_members=;source_url=https://en.wikipedia.org/wiki/2017_World_Fencing_Championships,1.0
fie_world_championships_2017_men_individual_epee,athlete_Nikolai_Novosjolov_EST,2,silver,discipline=epee;format=individual;event=Men Individual Epee;country=EST;team_members=;source_url=https://en.wikipedia.org/wiki/2017_World_Fencing_Championships,2.0
fie_world_championships_2017_men_individual_epee,athlete_Paolo_Pizzo_ITA,1,gold,discipline=epee;format=individual;event=Men Individual Epee;country=ITA;team_members=;source_url=https://en.wikipedia.org/wiki/2017_World_Fencing_Championships,3.0
fie_world_championships_2017_men_individual_epee,athlete_Richard_Schmidt_DEU,3,bronze,discipline=epee;format=individual;event=Men Individual Epee;country=DEU;team_members=;source_url=https://en.wikipedia.org/wiki/2017_World_Fencing_Championships,1.0
fie_world_championships_2017_men_individual_foil,athlete_Daniele_Garozzo_ITA,3,bronze,discipline=foil;format=individual;event=Men Individual Foil;country=ITA;team_members=;source_url=https://en.wikipedia.org/wiki/2017_World_Fencing_Championships,1.0
fie_world_championships_2017_men_individual_foil,athlete_Dmitry_Zherebchenko_RUS,1,gold,discipline=foil;format=individual;event=Men Individual Foil;country=RUS;team_members=;source_url=https://en.wikipedia.org/wiki/2017_World_Fencing_Championships,3.0
fie_world_championships_2017_men_individual_foil,athlete_Takahiro_Shikine_JPN,3,bronze,discipline=foil;format=individual;event=Men Individual Foil;country=JPN;team_members=;source_url=https://en.wikipedia.org/wiki/2017_World_Fencing_Championships,1.0
fie_world_championships_2017_men_individual_foil,athlete_Toshiya_Saito_JPN,2,silver,discipline=foil;format=individual;event=Men Individual Foil;country=JPN;team_members=;source_url=https://en.wikipedia.org/wiki/2017_World_Fencing_Championships,2.0
fie_world_championships_2017_men_individual_sabre,athlete_András_Szatmári_HUN,1,gold,discipline=sabre;format=individual;event=Men Individual Sabre;country=HUN;team_members=;source_url=https://en.wikipedia.org/wiki/2017_World_Fencing_Championships,3.0
fie_world_championships_2017_men_individual_sabre,athlete_Gu_Bon-gil_KOR,2,silver,discipline=sabre;format=individual;event=Men Individual Sabre;country=KOR;team_members=;source_url=https://en.wikipedia.org/wiki/2017_World_Fencing_Championships,2.0
fie_world_championships_2017_men_individual_sabre,athlete_Kamil_Ibragimov_RUS,3,bronze,discipline=sabre;format=individual;event=Men Individual Sabre;country=RUS;team_members=;source_url=https://en.wikipedia.org/wiki/2017_World_Fencing_Championships,1.0
fie_world_championships_2017_men_individual_sabre,athlete_Vincent_Anstett_FRA,3,bronze,discipline=sabre;format=individual;event=Men Individual Sabre;country=FRA;team_members=;source_url=https://en.wikipedia.org/wiki/2017_World_Fencing_Championships,1.0
fie_world_championships_2017_men_team_epee,CHE,2,silver,discipline=epee;format=team;event=Men Team Epee;country=CHE;team_members=Max Heinzer; Georg Kuhn; Michele Niggeler; Benjamin Steffen;source_url=https://en.wikipedia.org/wiki/2017_World_Fencing_Championships,2.0
fie_world_championships_2017_men_team_epee,FRA,1,gold,discipline=epee;format=team;event=Men Team Epee;country=FRA;team_members=Yannick Borel; Ronan Gustin; Daniel Jérent; Jean-Michel Lucenay;source_url=https://en.wikipedia.org/wiki/2017_World_Fencing_Championships,3.0
fie_world_championships_2017_men_team_epee,RUS,3,bronze,discipline=epee;format=team;event=Men Team Epee;country=RUS;team_members=Nikita Glazkov; Anton Glebko; Sergey Khodos; Pavel Sukhov;source_url=https://en.wikipedia.org/wiki/2017_World_Fencing_Championships,1.0
fie_world_championships_2017_men_team_foil,FRA,3,bronze,discipline=foil;format=team;event=Men Team Foil;country=FRA;team_members=Jérémy Cadot; Enzo Lefort; Erwann Le Péchoux; Julien Mertine;source_url=https://en.wikipedia.org/wiki/2017_World_Fencing_Championships,1.0
fie_world_championships_2017_men_team_foil,ITA,1,gold,discipline=foil;format=team;event=Men Team Foil;country=ITA;team_members=Giorgio Avola; Andrea Cassarà; Alessio Foconi; Daniele Garozzo;source_url=https://en.wikipedia.org/wiki/2017_World_Fencing_Championships,3.0
fie_world_championships_2017_men_team_foil,USA,2,silver,discipline=foil;format=team;event=Men Team Foil;country=USA;team_members=Miles Chamley-Watson; Race Imboden; Alexander Massialas; Gerek Meinhardt;source_url=https://en.wikipedia.org/wiki/2017_World_Fencing_Championships,2.0
fie_world_championships_2017_men_team_sabre,HUN,2,silver,discipline=sabre;format=team;event=Men Team Sabre;country=HUN;team_members=Tamás Decsi; Csanád Gémesi; András Szatmári; Áron Szilágyi;source_url=https://en.wikipedia.org/wiki/2017_World_Fencing_Championships,2.0
fie_world_championships_2017_men_team_sabre,ITA,3,bronze,discipline=sabre;format=team;event=Men Team Sabre;country=ITA;team_members=Enrico Berrè; Dario Cavaliere; Luca Curatoli; Luigi Samele;source_url=https://en.wikipedia.org/wiki/2017_World_Fencing_Championships,1.0
fie_world_championships_2017_men_team_sabre,KOR,1,gold,discipline=sabre;format=team;event=Men Team Sabre;country=KOR;team_members=Gu Bon-gil; Kim Jun-ho; Kim Jung-hwan; Oh Sang-uk;source_url=https://en.wikipedia.org/wiki/2017_World_Fencing_Championships,3.0
fie_world_championships_2017_women_individual_epee,athlete_Ewa_Nelip_POL,2,silver,discipline=epee;format=individual;event=Women Individual Epee;country=POL;team_members=;source_url=https://en.wikipedia.org/wiki/2017_World_Fencing_Championships,2.0
fie_world_championships_2017_women_individual_epee,athlete_Julia_Beljajeva_EST,3,bronze,discipline=epee;format=individual;event=Women Individual Epee;country=EST;team_members=;source_url=https://en.wikipedia.org/wiki/2017_World_Fencing_Championships,1.0
fie_world_championships_2017_women_individual_epee,athlete_Olena_Kryvytska_UKR,3,bronze,discipline=epee;format=individual;event=Women Individual Epee;country=UKR;team_members=;source_url=https://en.wikipedia.org/wiki/2017_World_Fencing_Championships,1.0
fie_world_championships_2017_women_individual_epee,athlete_Tatyana_Gudkova_RUS,1,gold,discipline=epee;format=individual;event=Women Individual Epee;country=RUS;team_members=;source_url=https://en.wikipedia.org/wiki/2017_World_Fencing_Championships,3.0
fie_world_championships_2017_women_individual_foil,athlete_Alice_Volpi_ITA,2,silver,discipline=foil;format=individual;event=Women Individual Foil;country=ITA;team_members=;source_url=https://en.wikipedia.org/wiki/2017_World_Fencing_Championships,2.0
fie_world_championships_2017_women_individual_foil,athlete_Arianna_Errigo_ITA,3,bronze,discipline=foil;format=individual;event=Women Individual Foil;country=ITA;team_members=;source_url=https://en.wikipedia.org/wiki/2017_World_Fencing_Championships,1.0
fie_world_championships_2017_women_individual_foil,athlete_Inna_Deriglazova_RUS,1,gold,discipline=foil;format=individual;event=Women Individual Foil;country=RUS;team_members=;source_url=https://en.wikipedia.org/wiki/2017_World_Fencing_Championships,3.0
fie_world_championships_2017_women_individual_foil,athlete_Ysaora_Thibus_FRA,3,bronze,discipline=foil;format=individual;event=Women Individual Foil;country=FRA;team_members=;source_url=https://en.wikipedia.org/wiki/2017_World_Fencing_Championships,1.0
fie_world_championships_2017_women_individual_sabre,athlete_Azza_Besbes_TUN,2,silver,discipline=sabre;format=individual;event=Women Individual Sabre;country=TUN;team_members=;source_url=https://en.wikipedia.org/wiki/2017_World_Fencing_Championships,2.0
fie_world_championships_2017_women_individual_sabre,athlete_Cécilia_Berder_FRA,3,bronze,discipline=sabre;format=individual;event=Women Individual Sabre;country=FRA;team_members=;source_url=https://en.wikipedia.org/wiki/2017_World_Fencing_Championships,1.0
fie_world_championships_2017_women_individual_sabre,athlete_Irene_Vecchi_ITA,3,bronze,discipline=sabre;format=individual;event=Women Individual Sabre;country=ITA;team_members=;source_url=https://en.wikipedia.org/wiki/2017_World_Fencing_Championships,1.0
fie_world_championships_2017_women_individual_sabre,athlete_Olha_Kharlan_UKR,1,gold,discipline=sabre;format=individual;event=Women Individual Sabre;country=UKR;team_members=;source_url=https://en.wikipedia.org/wiki/2017_World_Fencing_Championships,3.0
fie_world_championships_2017_women_team_epee,CHN,2,silver,discipline=epee;format=team;event=Women Team Epee;country=CHN;team_members=Sun Yiwen; Sun Yujie; Xu Chengzi; Zhu Mingye;source_url=https://en.wikipedia.org/wiki/2017_World_Fencing_Championships,2.0
fie_world_championships_2017_women_team_epee,EST,1,gold,discipline=epee;format=team;event=Women Team Epee;country=EST;team_members=Julia Beljajeva; Irina Embrich; Erika Kirpu; Kristina Kuusk;source_url=https://en.wikipedia.org/wiki/2017_World_Fencing_Championships,3.0
fie_world_championships_2017_women_team_epee,POL,3,bronze,discipline=epee;format=team;event=Women Team Epee;country=POL;team_members=Renata Knapik-Miazga; Ewa Nelip; Magdalena Piekarska; Barbara Rutz;source_url=https://en.wikipedia.org/wiki/2017_World_Fencing_Championships,1.0
fie_world_championships_2017_women_team_foil,ITA,1,gold,discipline=foil;format=team;event=Women Team Foil;country=ITA;team_members=Martina Batini; Arianna Errigo; Camilla Mancini; Alice Volpi;source_url=https://en.wikipedia.org/wiki/2017_World_Fencing_Championships,3.0
fie_world_championships_2017_women_team_foil,RUS,3,bronze,discipline=foil;format=team;event=Women Team Foil;country=RUS;team_members=Inna Deriglazova; Anastasia Ivanova; Svetlana Tripapina; Adelina Zagidullina;source_url=https://en.wikipedia.org/wiki/2017_World_Fencing_Championships,1.0
fie_world_championships_2017_women_team_foil,USA,2,silver,discipline=foil;format=team;event=Women Team Foil;country=USA;team_members=Lee Kiefer; Margaret Lu; Nzingha Prescod; Nicole Ross;source_url=https://en.wikipedia.org/wiki/2017_World_Fencing_Championships,2.0
fie_world_championships_2017_women_team_sabre,FRA,3,bronze,discipline=sabre;format=team;event=Women Team Sabre;country=FRA;team_members=Cécilia Berder; Manon Brunet; Charlotte Lembach; Caroline Queroli;source_url=https://en.wikipedia.org/wiki/2017_World_Fencing_Championships,1.0
fie_world_championships_2017_women_team_sabre,ITA,1,gold,discipline=sabre;format=team;event=Women Team Sabre;country=ITA;team_members=Martina Criscio; Rossella Gregorio; Loreta Gulotta; Irene Vecchi;source_url=https://en.wikipedia.org/wiki/2017_World_Fencing_Championships,3.0
fie_world_championships_2017_women_team_sabre,KOR,2,silver,discipline=sabre;format=team;event=Women Team Sabre;country=KOR;team_members=Hwang Seon-a; Kim Ji-yeon; Seo Ji-yeon; Yoon Ji-su;source_url=https://en.wikipedia.org/wiki/2017_World_Fencing_Championships,2.0
fie_world_championships_2018_men_individual_epee,athlete_Bohdan_Nikishyn_UKR,3,bronze,discipline=epee;format=individual;event=Men Individual Epee;country=UKR;team_members=;source_url=https://en.wikipedia.org/wiki/2018_World_Fencing_Championships,1.0
fie_world_championships_2018_men_individual_epee,athlete_Roman_Svichkar_UKR,3,bronze,discipline=epee;format=individual;event=Men Individual Epee;country=UKR;team_members=;source_url=https://en.wikipedia.org/wiki/2018_World_Fencing_Championships,1.0
fie_world_championships_2018_men_individual_epee,athlete_Rubén_Limardo_VEN,2,silver,discipline=epee;format=individual;event=Men Individual Epee;country=VEN;team_members=;source_url=https://en.wikipedia.org/wiki/2018_World_Fencing_Championships,2.0
fie_world_championships_2018_men_individual_epee,athlete_Yannick_Borel_FRA,1,gold,discipline=epee;format=individual;event=Men Individual Epee;country=FRA;team_members=;source_url=https://en.wikipedia.org/wiki/2018_World_Fencing_Championships,3.0
fie_world_championships_2018_men_individual_foil,athlete_Alessio_Foconi_ITA,1,gold,discipline=foil;format=individual;event=Men Individual Foil;country=ITA;team_members=;source_url=https://en.wikipedia.org/wiki/2018_World_Fencing_Championships,3.0
fie_world_championships_2018_men_individual_foil,athlete_Carlos_Llavador_ESP,3,bronze,discipline=foil;format=individual;event=Men Individual Foil;country=ESP;team_members=;source_url=https://en.wikipedia.org/wiki/2018_World_Fencing_Championships,1.0
fie_world_championships_2018_men_individual_foil,athlete_Heo_Jun_KOR,3,bronze,discipline=foil;format=individual;event=Men Individual Foil;country=KOR;team_members=;source_url=https://en.wikipedia.org/wiki/2018_World_Fencing_Championships,1.0
fie_world_championships_2018_men_individual_foil,athlete_Richard_Kruse_GBR,2,silver,discipline=foil;format=individual;event=Men Individual Foil;country=GBR;team_members=;source_url=https://en.wikipedia.org/wiki/2018_World_Fencing_Championships,2.0
fie_world_championships_2018_men_individual_sabre,athlete_Eli_Dershwitz_USA,2,silver,discipline=sabre;format=individual;event=Men Individual Sabre;country=USA;team_members=;source_url=https://en.wikipedia.org/wiki/2018_World_Fencing_Championships,2.0
fie_world_championships_2018_men_individual_sabre,athlete_Kamil_Ibragimov_RUS,3,bronze,discipline=sabre;format=individual;event=Men Individual Sabre;country=RUS;team_members=;source_url=https://en.wikipedia.org/wiki/2018_World_Fencing_Championships,1.0
fie_world_championships_2018_men_individual_sabre,athlete_Kim_Jun-ho_KOR,3,bronze,discipline=sabre;format=individual;event=Men Individual Sabre;country=KOR;team_members=;source_url=https://en.wikipedia.org/wiki/2018_World_Fencing_Championships,1.0
fie_world_championships_2018_men_individual_sabre,athlete_Kim_Jung-hwan_KOR,1,gold,discipline=sabre;format=individual;event=Men Individual Sabre;country=KOR;team_members=;source_url=https://en.wikipedia.org/wiki/2018_World_Fencing_Championships,3.0
fie_world_championships_2018_men_team_epee,CHE,1,gold,discipline=epee;format=team;event=Men Team Epee;country=CHE;team_members=Max Heinzer; Lucas Malcotti; Michele Niggeler; Benjamin Steffen;source_url=https://en.wikipedia.org/wiki/2018_World_Fencing_Championships,3.0
fie_world_championships_2018_men_team_epee,KOR,2,silver,discipline=epee;format=team;event=Men Team Epee;country=KOR;team_members=Jung Jin-sun; Kweon Young-jun; Park Kyoung-doo; Park Sang-young;source_url=https://en.wikipedia.org/wiki/2018_World_Fencing_Championships,2.0
fie_world_championships_2018_men_team_epee,RUS,3,bronze,discipline=epee;format=team;event=Men Team Epee;country=RUS;team_members=Sergey Bida; Nikita Glazkov; Sergey Khodos; Pavel Sukhov;source_url=https://en.wikipedia.org/wiki/2018_World_Fencing_Championships,1.0
fie_world_championships_2018_men_team_foil,ITA,1,gold,discipline=foil;format=team;event=Men Team Foil;country=ITA;team_members=Giorgio Avola; Andrea Cassarà; Alessio Foconi; Daniele Garozzo;source_url=https://en.wikipedia.org/wiki/2018_World_Fencing_Championships,3.0
fie_world_championships_2018_men_team_foil,RUS,3,bronze,discipline=foil;format=team;event=Men Team Foil;country=RUS;team_members=Timur Arslanov; Aleksey Cheremisinov; Timur Safin; Dmitry Zherebchenko;source_url=https://en.wikipedia.org/wiki/2018_World_Fencing_Championships,1.0
fie_world_championships_2018_men_team_foil,USA,2,silver,discipline=foil;format=team;event=Men Team Foil;country=USA;team_members=Miles Chamley-Watson; Race Imboden; Alexander Massialas; Gerek Meinhardt;source_url=https://en.wikipedia.org/wiki/2018_World_Fencing_Championships,2.0
fie_world_championships_2018_men_team_sabre,HUN,3,bronze,discipline=sabre;format=team;event=Men Team Sabre;country=HUN;team_members=Tamás Decsi; Csanád Gémesi; András Szatmári; Áron Szilágyi;source_url=https://en.wikipedia.org/wiki/2018_World_Fencing_Championships,1.0
fie_world_championships_2018_men_team_sabre,ITA,2,silver,discipline=sabre;format=team;event=Men Team Sabre;country=ITA;team_members=Enrico Berrè; Luca Curatoli; Aldo Montano; Luigi Samele;source_url=https://en.wikipedia.org/wiki/2018_World_Fencing_Championships,2.0
fie_world_championships_2018_men_team_sabre,KOR,1,gold,discipline=sabre;format=team;event=Men Team Sabre;country=KOR;team_members=Gu Bon-gil; Kim Jung-hwan; Kim Jun-ho; Oh Sang-uk;source_url=https://en.wikipedia.org/wiki/2018_World_Fencing_Championships,3.0
fie_world_championships_2018_women_individual_epee,athlete_Ana_Maria_Brânz_ROU,2,silver,discipline=epee;format=individual;event=Women Individual Epee;country=ROU;team_members=;source_url=https://en.wikipedia.org/wiki/2018_World_Fencing_Championships,2.0
fie_world_championships_2018_women_individual_epee,athlete_Courtney_Hurley_USA,3,bronze,discipline=epee;format=individual;event=Women Individual Epee;country=USA;team_members=;source_url=https://en.wikipedia.org/wiki/2018_World_Fencing_Championships,1.0
fie_world_championships_2018_women_individual_epee,athlete_Laura_Staehli_CHE,3,bronze,discipline=epee;format=individual;event=Women Individual Epee;country=CHE;team_members=;source_url=https://en.wikipedia.org/wiki/2018_World_Fencing_Championships,1.0
fie_world_championships_2018_women_individual_epee,athlete_Mara_Navarria_ITA,1,gold,discipline=epee;format=individual;event=Women Individual Epee;country=ITA;team_members=;source_url=https://en.wikipedia.org/wiki/2018_World_Fencing_Championships,3.0
fie_world_championships_2018_women_individual_foil,athlete_Alice_Volpi_ITA,1,gold,discipline=foil;format=individual;event=Women Individual Foil;country=ITA;team_members=;source_url=https://en.wikipedia.org/wiki/2018_World_Fencing_Championships,3.0
fie_world_championships_2018_women_individual_foil,athlete_Arianna_Errigo_ITA,3,bronze,discipline=foil;format=individual;event=Women Individual Foil;country=ITA;team_members=;source_url=https://en.wikipedia.org/wiki/2018_World_Fencing_Championships,1.0
fie_world_championships_2018_women_individual_foil,athlete_Inès_Boubakri_TUN,3,bronze,discipline=foil;format=individual;event=Women Individual Foil;country=TUN;team_members=;source_url=https://en.wikipedia.org/wiki/2018_World_Fencing_Championships,1.0
fie_world_championships_2018_women_individual_foil,athlete_Ysaora_Thibus_FRA,2,silver,discipline=foil;format=individual;event=Women Individual Foil;country=FRA;team_members=;source_url=https://en.wikipedia.org/wiki/2018_World_Fencing_Championships,2.0
fie_world_championships_2018_women_individual_sabre,athlete_Anne-Elizabeth_Stone_USA,3,bronze,discipline=sabre;format=individual;event=Women Individual Sabre;country=USA;team_members=;source_url=https://en.wikipedia.org/wiki/2018_World_Fencing_Championships,1.0
fie_world_championships_2018_women_individual_sabre,athlete_Sofia_Pozdniakova_RUS,1,gold,discipline=sabre;format=individual;event=Women Individual Sabre;country=RUS;team_members=;source_url=https://en.wikipedia.org/wiki/2018_World_Fencing_Championships,3.0
fie_world_championships_2018_women_individual_sabre,athlete_Sofya_Velikaya_RUS,2,silver,discipline=sabre;format=individual;event=Women Individual Sabre;country=RUS;team_members=;source_url=https://en.wikipedia.org/wiki/2018_World_Fencing_Championships,2.0
fie_world_championships_2018_women_individual_sabre,athlete_Yana_Egorian_RUS,3,bronze,discipline=sabre;format=individual;event=Women Individual Sabre;country=RUS;team_members=;source_url=https://en.wikipedia.org/wiki/2018_World_Fencing_Championships,1.0
fie_world_championships_2018_women_team_epee,CHN,3,bronze,discipline=epee;format=team;event=Women Team Epee;country=CHN;team_members=Lin Sheng; Sun Yiwen; Xu Chengzi; Zhu Mingye;source_url=https://en.wikipedia.org/wiki/2018_World_Fencing_Championships,1.0
fie_world_championships_2018_women_team_epee,KOR,2,silver,discipline=epee;format=team;event=Women Team Epee;country=KOR;team_members=Choi In-jeong; Kang Young-mi; Lee Hye-in; Shin A-lam;source_url=https://en.wikipedia.org/wiki/2018_World_Fencing_Championships,2.0
fie_world_championships_2018_women_team_epee,USA,1,gold,discipline=epee;format=team;event=Women Team Epee;country=USA;team_members=Katharine Holmes; Courtney Hurley; Kelley Hurley; Amanda Sirico;source_url=https://en.wikipedia.org/wiki/2018_World_Fencing_Championships,3.0
fie_world_championships_2018_women_team_foil,FRA,3,bronze,discipline=foil;format=team;event=Women Team Foil;country=FRA;team_members=Anita Blaze; Astrid Guyart; Pauline Ranvier; Ysaora Thibus;source_url=https://en.wikipedia.org/wiki/2018_World_Fencing_Championships,1.0
fie_world_championships_2018_women_team_foil,ITA,2,silver,discipline=foil;format=team;event=Women Team Foil;country=ITA;team_members=Chiara Cini; Arianna Errigo; Camilla Mancini; Alice Volpi;source_url=https://en.wikipedia.org/wiki/2018_World_Fencing_Championships,2.0
fie_world_championships_2018_women_team_foil,USA,1,gold,discipline=foil;format=team;event=Women Team Foil;country=USA;team_members=Lee Kiefer; Margaret Lu; Nzingha Prescod; Nicole Ross;source_url=https://en.wikipedia.org/wiki/2018_World_Fencing_Championships,3.0
fie_world_championships_2018_women_team_sabre,FRA,1,gold,discipline=sabre;format=team;event=Women Team Sabre;country=FRA;team_members=Cécilia Berder; Manon Brunet; Charlotte Lembach; Caroline Quéroli;source_url=https://en.wikipedia.org/wiki/2018_World_Fencing_Championships,3.0
fie_world_championships_2018_women_team_sabre,KOR,3,bronze,discipline=sabre;format=team;event=Women Team Sabre;country=KOR;team_members=Choi Soo-yeon; Hwang Seo-na; Kim Ji-yeon; Yoon Ji-su;source_url=https://en.wikipedia.org/wiki/2018_World_Fencing_Championships,1.0
fie_world_championships_2018_women_team_sabre,RUS,2,silver,discipline=sabre;format=team;event=Women Team Sabre;country=RUS;team_members=Yana Egorian; Sofia Pozdniakova; Svetlana Sheveleva; Sofya Velikaya;source_url=https://en.wikipedia.org/wiki/2018_World_Fencing_Championships,2.0
fie_world_championships_2019_men_individual_epee,athlete_Andrea_Santarelli_ITA,3,bronze,discipline=epee;format=individual;event=Men Individual Epee;country=ITA;team_members=;source_url=https://en.wikipedia.org/wiki/2019_World_Fencing_Championships,1.0
fie_world_championships_2019_men_individual_epee,athlete_Gergely_Siklósi_HUN,1,gold,discipline=epee;format=individual;event=Men Individual Epee;country=HUN;team_members=;source_url=https://en.wikipedia.org/wiki/2019_World_Fencing_Championships,3.0
fie_world_championships_2019_men_individual_epee,athlete_Ihor_Reizlin_UKR,3,bronze,discipline=epee;format=individual;event=Men Individual Epee;country=UKR;team_members=;source_url=https://en.wikipedia.org/wiki/2019_World_Fencing_Championships,1.0
fie_world_championships_2019_men_individual_epee,athlete_Sergey_Bida_RUS,2,silver,discipline=epee;format=individual;event=Men Individual Epee;country=RUS;team_members=;source_url=https://en.wikipedia.org/wiki/2019_World_Fencing_Championships,2.0
fie_world_championships_2019_men_individual_foil,athlete_Dmitry_Zherebchenko_RUS,3,bronze,discipline=foil;format=individual;event=Men Individual Foil;country=RUS;team_members=;source_url=https://en.wikipedia.org/wiki/2019_World_Fencing_Championships,1.0
fie_world_championships_2019_men_individual_foil,athlete_Enzo_Lefort_FRA,1,gold,discipline=foil;format=individual;event=Men Individual Foil;country=FRA;team_members=;source_url=https://en.wikipedia.org/wiki/2019_World_Fencing_Championships,3.0
fie_world_championships_2019_men_individual_foil,athlete_Marcus_Mepstead_GBR,2,silver,discipline=foil;format=individual;event=Men Individual Foil;country=GBR;team_members=;source_url=https://en.wikipedia.org/wiki/2019_World_Fencing_Championships,2.0
fie_world_championships_2019_men_individual_foil,athlete_Son_Young-ki_KOR,3,bronze,discipline=foil;format=individual;event=Men Individual Foil;country=KOR;team_members=;source_url=https://en.wikipedia.org/wiki/2019_World_Fencing_Championships,1.0
fie_world_championships_2019_men_individual_sabre,athlete_András_Szatmári_HUN,2,silver,discipline=sabre;format=individual;event=Men Individual Sabre;country=HUN;team_members=;source_url=https://en.wikipedia.org/wiki/2019_World_Fencing_Championships,2.0
fie_world_championships_2019_men_individual_sabre,athlete_Luca_Curatoli_ITA,3,bronze,discipline=sabre;format=individual;event=Men Individual Sabre;country=ITA;team_members=;source_url=https://en.wikipedia.org/wiki/2019_World_Fencing_Championships,1.0
fie_world_championships_2019_men_individual_sabre,athlete_Mojtaba_Abedini_IRN,3,bronze,discipline=sabre;format=individual;event=Men Individual Sabre;country=IRN;team_members=;source_url=https://en.wikipedia.org/wiki/2019_World_Fencing_Championships,1.0
fie_world_championships_2019_men_individual_sabre,athlete_Oh_Sang-uk_KOR,1,gold,discipline=sabre;format=individual;event=Men Individual Sabre;country=KOR;team_members=;source_url=https://en.wikipedia.org/wiki/2019_World_Fencing_Championships,3.0
fie_world_championships_2019_men_team_epee,CHE,3,bronze,discipline=epee;format=team;event=Men Team Epee;country=CHE;team_members=Max Heinzer; Lucas Malcotti; Michele Niggeler; Benjamin Steffen;source_url=https://en.wikipedia.org/wiki/2019_World_Fencing_Championships,1.0
fie_world_championships_2019_men_team_epee,FRA,1,gold,discipline=epee;format=team;event=Men Team Epee;country=FRA;team_members=Alexandre Bardenet; Yannick Borel; Ronan Gustin; Daniel Jérent;source_url=https://en.wikipedia.org/wiki/2019_World_Fencing_Championships,3.0
fie_world_championships_2019_men_team_epee,UKR,2,silver,discipline=epee;format=team;event=Men Team Epee;country=UKR;team_members=Anatoliy Herey; Bohdan Nikishyn; Ihor Reizlin; Roman Svichkar;source_url=https://en.wikipedia.org/wiki/2019_World_Fencing_Championships,2.0
fie_world_championships_2019_men_team_foil,FRA,2,silver,discipline=foil;format=team;event=Men Team Foil;country=FRA;team_members=Erwann Le Pechoux; Enzo Lefort; Julien Mertine; Maxime Pauty;source_url=https://en.wikipedia.org/wiki/2019_World_Fencing_Championships,2.0
fie_world_championships_2019_men_team_foil,ITA,3,bronze,discipline=foil;format=team;event=Men Team Foil;country=ITA;team_members=Giorgio Avola; Andrea Cassarà; Alessio Foconi; Daniele Garozzo;source_url=https://en.wikipedia.org/wiki/2019_World_Fencing_Championships,1.0
fie_world_championships_2019_men_team_foil,USA,1,gold,discipline=foil;format=team;event=Men Team Foil;country=USA;team_members=Miles Chamley-Watson; Race Imboden; Alexander Massialas; Gerek Meinhardt;source_url=https://en.wikipedia.org/wiki/2019_World_Fencing_Championships,3.0
fie_world_championships_2019_men_team_sabre,HUN,2,silver,discipline=sabre;format=team;event=Men Team Sabre;country=HUN;team_members=Tamás Decsi; Csanád Gémesi; András Szatmári; Áron Szilágyi;source_url=https://en.wikipedia.org/wiki/2019_World_Fencing_Championships,2.0
fie_world_championships_2019_men_team_sabre,ITA,3,bronze,discipline=sabre;format=team;event=Men Team Sabre;country=ITA;team_members=Enrico Berrè; Luca Curatoli; Aldo Montano; Luigi Samele;source_url=https://en.wikipedia.org/wiki/2019_World_Fencing_Championships,1.0
fie_world_championships_2019_men_team_sabre,KOR,1,gold,discipline=sabre;format=team;event=Men Team Sabre;country=KOR;team_members=Gu Bon-gil; Ha Han-sol; Kim Jun-ho; Oh Sang-uk;source_url=https://en.wikipedia.org/wiki/2019_World_Fencing_Championships,3.0
fie_world_championships_2019_women_individual_epee,athlete_Lin_Sheng_CHN,2,silver,discipline=epee;format=individual;event=Women Individual Epee;country=CHN;team_members=;source_url=https://en.wikipedia.org/wiki/2019_World_Fencing_Championships,2.0
fie_world_championships_2019_women_individual_epee,athlete_Nathalie_Moellhausen_BRA,1,gold,discipline=epee;format=individual;event=Women Individual Epee;country=BRA;team_members=;source_url=https://en.wikipedia.org/wiki/2019_World_Fencing_Championships,3.0
fie_world_championships_2019_women_individual_epee,athlete_Olena_Kryvytska_UKR,3,bronze,discipline=epee;format=individual;event=Women Individual Epee;country=UKR;team_members=;source_url=https://en.wikipedia.org/wiki/2019_World_Fencing_Championships,1.0
fie_world_championships_2019_women_individual_epee,athlete_Vivian_Kong_HKG,3,bronze,discipline=epee;format=individual;event=Women Individual Epee;country=HKG;team_members=;source_url=https://en.wikipedia.org/wiki/2019_World_Fencing_Championships,1.0
fie_world_championships_2019_women_individual_foil,athlete_Arianna_Errigo_ITA,3,bronze,discipline=foil;format=individual;event=Women Individual Foil;country=ITA;team_members=;source_url=https://en.wikipedia.org/wiki/2019_World_Fencing_Championships,1.0
fie_world_championships_2019_women_individual_foil,athlete_Elisa_Di_Francisca_ITA,3,bronze,discipline=foil;format=individual;event=Women Individual Foil;country=ITA;team_members=;source_url=https://en.wikipedia.org/wiki/2019_World_Fencing_Championships,1.0
fie_world_championships_2019_women_individual_foil,athlete_Inna_Deriglazova_RUS,1,gold,discipline=foil;format=individual;event=Women Individual Foil;country=RUS;team_members=;source_url=https://en.wikipedia.org/wiki/2019_World_Fencing_Championships,3.0
fie_world_championships_2019_women_individual_foil,athlete_Pauline_Ranvier_FRA,2,silver,discipline=foil;format=individual;event=Women Individual Foil;country=FRA;team_members=;source_url=https://en.wikipedia.org/wiki/2019_World_Fencing_Championships,2.0
fie_world_championships_2019_women_individual_sabre,athlete_Bianca_Pascu_ROU,3,bronze,discipline=sabre;format=individual;event=Women Individual Sabre;country=ROU;team_members=;source_url=https://en.wikipedia.org/wiki/2019_World_Fencing_Championships,1.0
fie_world_championships_2019_women_individual_sabre,athlete_Olha_Kharlan_UKR,1,gold,discipline=sabre;format=individual;event=Women Individual Sabre;country=UKR;team_members=;source_url=https://en.wikipedia.org/wiki/2019_World_Fencing_Championships,3.0
fie_world_championships_2019_women_individual_sabre,athlete_Sofya_Velikaya_RUS,2,silver,discipline=sabre;format=individual;event=Women Individual Sabre;country=RUS;team_members=;source_url=https://en.wikipedia.org/wiki/2019_World_Fencing_Championships,2.0
fie_world_championships_2019_women_individual_sabre,athlete_Theodora_Goudoura_GRC,3,bronze,discipline=sabre;format=individual;event=Women Individual Sabre;country=GRC;team_members=;source_url=https://en.wikipedia.org/wiki/2019_World_Fencing_Championships,1.0
fie_world_championships_2019_women_team_epee,CHN,1,gold,discipline=epee;format=team;event=Women Team Epee;country=CHN;team_members=Lin Sheng; Sun Yiwen; Xu Anqi; Zhu Mingye;source_url=https://en.wikipedia.org/wiki/2019_World_Fencing_Championships,3.0
fie_world_championships_2019_women_team_epee,ITA,3,bronze,discipline=epee;format=team;event=Women Team Epee;country=ITA;team_members=Alice Clerici; Rossella Fiamingo; Federica Isola; Mara Navarria;source_url=https://en.wikipedia.org/wiki/2019_World_Fencing_Championships,1.0
fie_world_championships_2019_women_team_epee,RUS,2,silver,discipline=epee;format=team;event=Women Team Epee;country=RUS;team_members=Tatyana Andryushina; Violetta Khrapina; Violetta Kolobova; Lyubov Shutova;source_url=https://en.wikipedia.org/wiki/2019_World_Fencing_Championships,2.0
fie_world_championships_2019_women_team_foil,ITA,2,silver,discipline=foil;format=team;event=Women Team Foil;country=ITA;team_members=Elisa Di Francisca; Arianna Errigo; Francesca Palumbo; Alice Volpi;source_url=https://en.wikipedia.org/wiki/2019_World_Fencing_Championships,2.0
fie_world_championships_2019_women_team_foil,RUS,1,gold,discipline=foil;format=team;event=Women Team Foil;country=RUS;team_members=Inna Deriglazova; Anastasiia Ivanova; Larisa Korobeynikova; Adelina Zagidullina;source_url=https://en.wikipedia.org/wiki/2019_World_Fencing_Championships,3.0
fie_world_championships_2019_women_team_foil,USA,3,bronze,discipline=foil;format=team;event=Women Team Foil;country=USA;team_members=Jacqueline Dubrovich; Lee Kiefer; Nzingha Prescod; Nicole Ross;source_url=https://en.wikipedia.org/wiki/2019_World_Fencing_Championships,1.0
fie_world_championships_2019_women_team_sabre,FRA,2,silver,discipline=sabre;format=team;event=Women Team Sabre;country=FRA;team_members=Cécilia Berder; Manon Brunet; Charlotte Lembach; Caroline Queroli;source_url=https://en.wikipedia.org/wiki/2019_World_Fencing_Championships,2.0
fie_world_championships_2019_women_team_sabre,KOR,3,bronze,discipline=sabre;format=team;event=Women Team Sabre;country=KOR;team_members=Choi Soo-yeon; Hwang Seon-a; Kim Ji-yeon; Yoon Ji-su;source_url=https://en.wikipedia.org/wiki/2019_World_Fencing_Championships,1.0
fie_world_championships_2019_women_team_sabre,RUS,1,gold,discipline=sabre;format=team;event=Women Team Sabre;country=RUS;team_members=Yana Egorian; Olga Nikitina; Sofia Pozdniakova; Sofya Velikaya;source_url=https://en.wikipedia.org/wiki/2019_World_Fencing_Championships,3.0
fie_world_championships_2022_men_individual_epee,athlete_Ihor_Reizlin_UKR,3,bronze,discipline=epee;format=individual;event=Men Individual Epee;country=UKR;team_members=;source_url=https://en.wikipedia.org/wiki/2022_World_Fencing_Championships,1.0
fie_world_championships_2022_men_individual_epee,athlete_Kazuyasu_Minobe_JPN,2,silver,discipline=epee;format=individual;event=Men Individual Epee;country=JPN;team_members=;source_url=https://en.wikipedia.org/wiki/2022_World_Fencing_Championships,2.0
fie_world_championships_2022_men_individual_epee,athlete_Neisser_Loyola_BEL,3,bronze,discipline=epee;format=individual;event=Men Individual Epee;country=BEL;team_members=;source_url=https://en.wikipedia.org/wiki/2022_World_Fencing_Championships,1.0
fie_world_championships_2022_men_individual_epee,athlete_Romain_Cannone_FRA,1,gold,discipline=epee;format=individual;event=Men Individual Epee;country=FRA;team_members=;source_url=https://en.wikipedia.org/wiki/2022_World_Fencing_Championships,3.0
fie_world_championships_2022_men_individual_foil,athlete_Cheung_Ka_Long_HKG,3,bronze,discipline=foil;format=individual;event=Men Individual Foil;country=HKG;team_members=;source_url=https://en.wikipedia.org/wiki/2022_World_Fencing_Championships,1.0
fie_world_championships_2022_men_individual_foil,athlete_Enzo_Lefort_FRA,1,gold,discipline=foil;format=individual;event=Men Individual Foil;country=FRA;team_members=;source_url=https://en.wikipedia.org/wiki/2022_World_Fencing_Championships,3.0
fie_world_championships_2022_men_individual_foil,athlete_Nick_Itkin_USA,3,bronze,discipline=foil;format=individual;event=Men Individual Foil;country=USA;team_members=;source_url=https://en.wikipedia.org/wiki/2022_World_Fencing_Championships,1.0
fie_world_championships_2022_men_individual_foil,athlete_Tommaso_Marini_ITA,2,silver,discipline=foil;format=individual;event=Men Individual Foil;country=ITA;team_members=;source_url=https://en.wikipedia.org/wiki/2022_World_Fencing_Championships,2.0
fie_world_championships_2022_men_individual_sabre,athlete_Iulian_Teodosiu_ROU,3,bronze,discipline=sabre;format=individual;event=Men Individual Sabre;country=ROU;team_members=;source_url=https://en.wikipedia.org/wiki/2022_World_Fencing_Championships,1.0
fie_world_championships_2022_men_individual_sabre,athlete_Maxime_Pianfetti_FRA,2,silver,discipline=sabre;format=individual;event=Men Individual Sabre;country=FRA;team_members=;source_url=https://en.wikipedia.org/wiki/2022_World_Fencing_Championships,2.0
fie_world_championships_2022_men_individual_sabre,athlete_Sandro_Bazadze_GEO,3,bronze,discipline=sabre;format=individual;event=Men Individual Sabre;country=GEO;team_members=;source_url=https://en.wikipedia.org/wiki/2022_World_Fencing_Championships,1.0
fie_world_championships_2022_men_individual_sabre,athlete_Áron_Szilágyi_HUN,1,gold,discipline=sabre;format=individual;event=Men Individual Sabre;country=HUN;team_members=;source_url=https://en.wikipedia.org/wiki/2022_World_Fencing_Championships,3.0
fie_world_championships_2022_men_team_epee,FRA,1,gold,discipline=epee;format=team;event=Men Team Epee;country=FRA;team_members=Alexandre Bardenet; Yannick Borel; Romain Cannone; Alex Fava;source_url=https://en.wikipedia.org/wiki/2022_World_Fencing_Championships,3.0
fie_world_championships_2022_men_team_epee,ITA,2,silver,discipline=epee;format=team;event=Men Team Epee;country=ITA;team_members=Gabriele Cimini; Davide Di Veroli; Andrea Santarelli; Federico Vismara;source_url=https://en.wikipedia.org/wiki/2022_World_Fencing_Championships,2.0
fie_world_championships_2022_men_team_epee,JPN,3,bronze,discipline=epee;format=team;event=Men Team Epee;country=JPN;team_members=Koki Kano; Ryu Matsumoto; Kazuyasu Minobe; Masaru Yamada;source_url=https://en.wikipedia.org/wiki/2022_World_Fencing_Championships,1.0
fie_world_championships_2022_men_team_foil,FRA,3,bronze,discipline=foil;format=team;event=Men Team Foil;country=FRA;team_members=Maximilien Chastanet; Enzo Lefort; Pierre Loisel; Alexandre Sido;source_url=https://en.wikipedia.org/wiki/2022_World_Fencing_Championships,1.0
fie_world_championships_2022_men_team_foil,ITA,1,gold,discipline=foil;format=team;event=Men Team Foil;country=ITA;team_members=Guillaume Bianchi; Alessio Foconi; Daniele Garozzo; Tommaso Marini;source_url=https://en.wikipedia.org/wiki/2022_World_Fencing_Championships,3.0
fie_world_championships_2022_men_team_foil,USA,2,silver,discipline=foil;format=team;event=Men Team Foil;country=USA;team_members=Chase Emmer; Nick Itkin; Alexander Massialas; Gerek Meinhardt;source_url=https://en.wikipedia.org/wiki/2022_World_Fencing_Championships,2.0
fie_world_championships_2022_men_team_sabre,HUN,2,silver,discipline=sabre;format=team;event=Men Team Sabre;country=HUN;team_members=Tamás Decsi; Csanád Gémesi; András Szatmári; Áron Szilágyi;source_url=https://en.wikipedia.org/wiki/2022_World_Fencing_Championships,2.0
fie_world_championships_2022_men_team_sabre,ITA,3,bronze,discipline=sabre;format=team;event=Men Team Sabre;country=ITA;team_members=Luca Curatoli; Michele Gallo; Luigi Samele; Pietro Torre;source_url=https://en.wikipedia.org/wiki/2022_World_Fencing_Championships,1.0
fie_world_championships_2022_men_team_sabre,KOR,1,gold,discipline=sabre;format=team;event=Men Team Sabre;country=KOR;team_members=Gu Bon-gil; Kim Jun-ho; Kim Jung-hwan; Oh Sang-uk;source_url=https://en.wikipedia.org/wiki/2022_World_Fencing_Championships,3.0
fie_world_championships_2022_women_individual_epee,athlete_Alexandra_Ndolo_DEU,2,silver,discipline=epee;format=individual;event=Women Individual Epee;country=DEU;team_members=;source_url=https://en.wikipedia.org/wiki/2022_World_Fencing_Championships,2.0
fie_world_championships_2022_women_individual_epee,athlete_Rossella_Fiamingo_ITA,3,bronze,discipline=epee;format=individual;event=Women Individual Epee;country=ITA;team_members=;source_url=https://en.wikipedia.org/wiki/2022_World_Fencing_Championships,1.0
fie_world_championships_2022_women_individual_epee,athlete_Song_Se-ra_KOR,1,gold,discipline=epee;format=individual;event=Women Individual Epee;country=KOR;team_members=;source_url=https://en.wikipedia.org/wiki/2022_World_Fencing_Championships,3.0
fie_world_championships_2022_women_individual_epee,athlete_Vivian_Kong_HKG,3,bronze,discipline=epee;format=individual;event=Women Individual Epee;country=HKG;team_members=;source_url=https://en.wikipedia.org/wiki/2022_World_Fencing_Championships,1.0
fie_world_championships_2022_women_individual_foil,athlete_Arianna_Errigo_ITA,2,silver,discipline=foil;format=individual;event=Women Individual Foil;country=ITA;team_members=;source_url=https://en.wikipedia.org/wiki/2022_World_Fencing_Championships,2.0
fie_world_championships_2022_women_individual_foil,athlete_Lee_Kiefer_USA,3,bronze,discipline=foil;format=individual;event=Women Individual Foil;country=USA;team_members=;source_url=https://en.wikipedia.org/wiki/2022_World_Fencing_Championships,1.0
fie_world_championships_2022_women_individual_foil,athlete_Maria_Boldor_ROU,3,bronze,discipline=foil;format=individual;event=Women Individual Foil;country=ROU;team_members=;source_url=https://en.wikipedia.org/wiki/2022_World_Fencing_Championships,1.0
fie_world_championships_2022_women_individual_foil,athlete_Ysaora_Thibus_FRA,1,gold,discipline=foil;format=individual;event=Women Individual Foil;country=FRA;team_members=;source_url=https://en.wikipedia.org/wiki/2022_World_Fencing_Championships,3.0
fie_world_championships_2022_women_individual_sabre,athlete_Anna_Bashta_AZE,2,silver,discipline=sabre;format=individual;event=Women Individual Sabre;country=AZE;team_members=;source_url=https://en.wikipedia.org/wiki/2022_World_Fencing_Championships,2.0
fie_world_championships_2022_women_individual_sabre,athlete_Araceli_Navarro_ESP,3,bronze,discipline=sabre;format=individual;event=Women Individual Sabre;country=ESP;team_members=;source_url=https://en.wikipedia.org/wiki/2022_World_Fencing_Championships,1.0
fie_world_championships_2022_women_individual_sabre,athlete_Despina_Georgiadou_GRC,3,bronze,discipline=sabre;format=individual;event=Women Individual Sabre;country=GRC;team_members=;source_url=https://en.wikipedia.org/wiki/2022_World_Fencing_Championships,1.0
fie_world_championships_2022_women_individual_sabre,athlete_Misaki_Emura_JPN,1,gold,discipline=sabre;format=individual;event=Women Individual Sabre;country=JPN;team_members=;source_url=https://en.wikipedia.org/wiki/2022_World_Fencing_Championships,3.0
fie_world_championships_2022_women_team_epee,ITA,2,silver,discipline=epee;format=team;event=Women Team Epee;country=ITA;team_members=Rossella Fiamingo; Federica Isola; Mara Navarria; Alberta Santuccio;source_url=https://en.wikipedia.org/wiki/2022_World_Fencing_Championships,2.0
fie_world_championships_2022_women_team_epee,KOR,1,gold,discipline=epee;format=team;event=Women Team Epee;country=KOR;team_members=Choi In-jeong; Kang Young-mi; Lee Hye-in; Song Se-ra;source_url=https://en.wikipedia.org/wiki/2022_World_Fencing_Championships,3.0
fie_world_championships_2022_women_team_epee,POL,3,bronze,discipline=epee;format=team;event=Women Team Epee;country=POL;team_members=Renata Knapik-Miazga; Magdalena Pawłowska; Kamila Pytka; Martyna Swatowska-Wenglarczyk;source_url=https://en.wikipedia.org/wiki/2022_World_Fencing_Championships,1.0
fie_world_championships_2022_women_team_foil,FRA,3,bronze,discipline=foil;format=team;event=Women Team Foil;country=FRA;team_members=Anita Blaze; Solène Butruille; Pauline Ranvier; Ysaora Thibus;source_url=https://en.wikipedia.org/wiki/2022_World_Fencing_Championships,1.0
fie_world_championships_2022_women_team_foil,ITA,1,gold,discipline=foil;format=team;event=Women Team Foil;country=ITA;team_members=Arianna Errigo; Martina Favaretto; Francesca Palumbo; Alice Volpi;source_url=https://en.wikipedia.org/wiki/2022_World_Fencing_Championships,3.0
fie_world_championships_2022_women_team_foil,USA,2,silver,discipline=foil;format=team;event=Women Team Foil;country=USA;team_members=Jacqueline Dubrovich; Lee Kiefer; Zander Rhodes; Maia Weintraub;source_url=https://en.wikipedia.org/wiki/2022_World_Fencing_Championships,2.0
fie_world_championships_2022_women_team_sabre,FRA,2,silver,discipline=sabre;format=team;event=Women Team Sabre;country=FRA;team_members=Sara Balzer; Sarah Noutcha; Anne Poupinet; Caroline Queroli;source_url=https://en.wikipedia.org/wiki/2022_World_Fencing_Championships,2.0
fie_world_championships_2022_women_team_sabre,HUN,1,gold,discipline=sabre;format=team;event=Women Team Sabre;country=HUN;team_members=Sugár Katinka Battai; Renáta Katona; Liza Pusztai; Luca Szűcs;source_url=https://en.wikipedia.org/wiki/2022_World_Fencing_Championships,3.0
fie_world_championships_2022_women_team_sabre,JPN,3,bronze,discipline=sabre;format=team;event=Women Team Sabre;country=JPN;team_members=Misaki Emura; Shihomi Fukushima; Kanae Kobayashi; Seri Ozaki;source_url=https://en.wikipedia.org/wiki/2022_World_Fencing_Championships,1.0
fie_world_championships_2023_men_individual_epee,athlete_Davide_Di_Veroli_ITA,2,silver,discipline=epee;format=individual;event=Men Individual Epee;country=ITA;team_members=;source_url=https://en.wikipedia.org/wiki/2023_World_Fencing_Championships,2.0
fie_world_championships_2023_men_individual_epee,athlete_Máté_Tamás_Koch_HUN,1,gold,discipline=epee;format=individual;event=Men Individual Epee;country=HUN;team_members=;source_url=https://en.wikipedia.org/wiki/2023_World_Fencing_Championships,3.0
fie_world_championships_2023_men_individual_epee,athlete_Romain_Cannone_FRA,3,bronze,discipline=epee;format=individual;event=Men Individual Epee;country=FRA;team_members=;source_url=https://en.wikipedia.org/wiki/2023_World_Fencing_Championships,1.0
fie_world_championships_2023_men_individual_epee,athlete_Ruslan_Kurbanov_KAZ,3,bronze,discipline=epee;format=individual;event=Men Individual Epee;country=KAZ;team_members=;source_url=https://en.wikipedia.org/wiki/2023_World_Fencing_Championships,1.0
fie_world_championships_2023_men_individual_foil,athlete_Enzo_Lefort_FRA,3,bronze,discipline=foil;format=individual;event=Men Individual Foil;country=FRA;team_members=;source_url=https://en.wikipedia.org/wiki/2023_World_Fencing_Championships,1.0
fie_world_championships_2023_men_individual_foil,athlete_Kyosuke_Matsuyama_JPN,3,bronze,discipline=foil;format=individual;event=Men Individual Foil;country=JPN;team_members=;source_url=https://en.wikipedia.org/wiki/2023_World_Fencing_Championships,1.0
fie_world_championships_2023_men_individual_foil,athlete_Nick_Itkin_USA,2,silver,discipline=foil;format=individual;event=Men Individual Foil;country=USA;team_members=;source_url=https://en.wikipedia.org/wiki/2023_World_Fencing_Championships,2.0
fie_world_championships_2023_men_individual_foil,athlete_Tommaso_Marini_ITA,1,gold,discipline=foil;format=individual;event=Men Individual Foil;country=ITA;team_members=;source_url=https://en.wikipedia.org/wiki/2023_World_Fencing_Championships,3.0
fie_world_championships_2023_men_individual_sabre,athlete_Eli_Dershwitz_USA,1,gold,discipline=sabre;format=individual;event=Men Individual Sabre;country=USA;team_members=;source_url=https://en.wikipedia.org/wiki/2023_World_Fencing_Championships,3.0
fie_world_championships_2023_men_individual_sabre,athlete_Sandro_Bazadze_GEO,2,silver,discipline=sabre;format=individual;event=Men Individual Sabre;country=GEO;team_members=;source_url=https://en.wikipedia.org/wiki/2023_World_Fencing_Championships,2.0
fie_world_championships_2023_men_individual_sabre,athlete_Ziad_El-Sissy_EGY,3,bronze,discipline=sabre;format=individual;event=Men Individual Sabre;country=EGY;team_members=;source_url=https://en.wikipedia.org/wiki/2023_World_Fencing_Championships,1.0
fie_world_championships_2023_men_individual_sabre,athlete_Áron_Szilágyi_HUN,3,bronze,discipline=sabre;format=individual;event=Men Individual Sabre;country=HUN;team_members=;source_url=https://en.wikipedia.org/wiki/2023_World_Fencing_Championships,1.0
fie_world_championships_2023_men_team_epee,FRA,2,silver,discipline=epee;format=team;event=Men Team Epee;country=FRA;team_members=Alexandre Bardenet; Gaétan Billa; Yannick Borel; Romain Cannone;source_url=https://en.wikipedia.org/wiki/2023_World_Fencing_Championships,2.0
fie_world_championships_2023_men_team_epee,ITA,1,gold,discipline=epee;format=team;event=Men Team Epee;country=ITA;team_members=Gabriele Cimini; Davide Di Veroli; Andrea Santarelli; Federico Vismara;source_url=https://en.wikipedia.org/wiki/2023_World_Fencing_Championships,3.0
fie_world_championships_2023_men_team_epee,VEN,3,bronze,discipline=epee;format=team;event=Men Team Epee;country=VEN;team_members=Francisco Limardo; Jesús Limardo; Rubén Limardo; Grabiel Lugo;source_url=https://en.wikipedia.org/wiki/2023_World_Fencing_Championships,1.0
fie_world_championships_2023_men_team_foil,CHN,2,silver,discipline=foil;format=team;event=Men Team Foil;country=CHN;team_members=Chen Haiwei; Mo Ziwei; Wu Bin; Xu Jie;source_url=https://en.wikipedia.org/wiki/2023_World_Fencing_Championships,2.0
fie_world_championships_2023_men_team_foil,HKG,3,bronze,discipline=foil;format=team;event=Men Team Foil;country=HKG;team_members=Cheung Ka Long; Ryan Choi; Leung Chin Yu; Yeung Chi Ka;source_url=https://en.wikipedia.org/wiki/2023_World_Fencing_Championships,1.0
fie_world_championships_2023_men_team_foil,JPN,1,gold,discipline=foil;format=team;event=Men Team Foil;country=JPN;team_members=Kazuki Iimura; Kyosuke Matsuyama; Takahiro Shikine; Kenta Suzumura;source_url=https://en.wikipedia.org/wiki/2023_World_Fencing_Championships,3.0
fie_world_championships_2023_men_team_sabre,HUN,1,gold,discipline=sabre;format=team;event=Men Team Sabre;country=HUN;team_members=Tamás Decsi; Csanád Gémesi; András Szatmári; Áron Szilágyi;source_url=https://en.wikipedia.org/wiki/2023_World_Fencing_Championships,3.0
fie_world_championships_2023_men_team_sabre,KOR,2,silver,discipline=sabre;format=team;event=Men Team Sabre;country=KOR;team_members=Gu Bon-gil; Ha Han-sol; Kim Jun-ho; Oh Sang-uk;source_url=https://en.wikipedia.org/wiki/2023_World_Fencing_Championships,2.0
fie_world_championships_2023_men_team_sabre,USA,3,bronze,discipline=sabre;format=team;event=Men Team Sabre;country=USA;team_members=Eli Dershwitz; Andrew Doddo; Colin Heathcock; Mitchell Saron;source_url=https://en.wikipedia.org/wiki/2023_World_Fencing_Championships,1.0
fie_world_championships_2023_women_individual_epee,athlete_Alberta_Santuccio_ITA,2,silver,discipline=epee;format=individual;event=Women Individual Epee;country=ITA;team_members=;source_url=https://en.wikipedia.org/wiki/2023_World_Fencing_Championships,2.0
fie_world_championships_2023_women_individual_epee,athlete_Mara_Navarria_ITA,3,bronze,discipline=epee;format=individual;event=Women Individual Epee;country=ITA;team_members=;source_url=https://en.wikipedia.org/wiki/2023_World_Fencing_Championships,1.0
fie_world_championships_2023_women_individual_epee,athlete_Marie-Florence_Candassamy_FRA,1,gold,discipline=epee;format=individual;event=Women Individual Epee;country=FRA;team_members=;source_url=https://en.wikipedia.org/wiki/2023_World_Fencing_Championships,3.0
fie_world_championships_2023_women_individual_epee,athlete_Sun_Yiwen_CHN,3,bronze,discipline=epee;format=individual;event=Women Individual Epee;country=CHN;team_members=;source_url=https://en.wikipedia.org/wiki/2023_World_Fencing_Championships,1.0
fie_world_championships_2023_women_individual_foil,athlete_Alice_Volpi_ITA,1,gold,discipline=foil;format=individual;event=Women Individual Foil;country=ITA;team_members=;source_url=https://en.wikipedia.org/wiki/2023_World_Fencing_Championships,3.0
fie_world_championships_2023_women_individual_foil,athlete_Arianna_Errigo_ITA,2,silver,discipline=foil;format=individual;event=Women Individual Foil;country=ITA;team_members=;source_url=https://en.wikipedia.org/wiki/2023_World_Fencing_Championships,2.0
fie_world_championships_2023_women_individual_foil,athlete_Lee_Kiefer_USA,3,bronze,discipline=foil;format=individual;event=Women Individual Foil;country=USA;team_members=;source_url=https://en.wikipedia.org/wiki/2023_World_Fencing_Championships,1.0
fie_world_championships_2023_women_individual_foil,athlete_Martina_Favaretto_ITA,3,bronze,discipline=foil;format=individual;event=Women Individual Foil;country=ITA;team_members=;source_url=https://en.wikipedia.org/wiki/2023_World_Fencing_Championships,1.0
fie_world_championships_2023_women_individual_sabre,athlete_Despina_Georgiadou_GRC,2,silver,discipline=sabre;format=individual;event=Women Individual Sabre;country=GRC;team_members=;source_url=https://en.wikipedia.org/wiki/2023_World_Fencing_Championships,2.0
fie_world_championships_2023_women_individual_sabre,athlete_Misaki_Emura_JPN,1,gold,discipline=sabre;format=individual;event=Women Individual Sabre;country=JPN;team_members=;source_url=https://en.wikipedia.org/wiki/2023_World_Fencing_Championships,3.0
fie_world_championships_2023_women_individual_sabre,athlete_Theodora_Gkountoura_GRC,3,bronze,discipline=sabre;format=individual;event=Women Individual Sabre;country=GRC;team_members=;source_url=https://en.wikipedia.org/wiki/2023_World_Fencing_Championships,1.0
fie_world_championships_2023_women_individual_sabre,athlete_Yoana_Ilieva_BGR,3,bronze,discipline=sabre;format=individual;event=Women Individual Sabre;country=BGR;team_members=;source_url=https://en.wikipedia.org/wiki/2023_World_Fencing_Championships,1.0
fie_world_championships_2023_women_team_epee,ITA,2,silver,discipline=epee;format=team;event=Women Team Epee;country=ITA;team_members=Rossella Fiamingo; Federica Isola; Mara Navarria; Alberta Santuccio;source_url=https://en.wikipedia.org/wiki/2023_World_Fencing_Championships,2.0
fie_world_championships_2023_women_team_epee,KOR,3,bronze,discipline=epee;format=team;event=Women Team Epee;country=KOR;team_members=Choi In-jeong; Kang Young-mi; Lee Hye-in; Song Se-ra;source_url=https://en.wikipedia.org/wiki/2023_World_Fencing_Championships,1.0
fie_world_championships_2023_women_team_epee,POL,1,gold,discipline=epee;format=team;event=Women Team Epee;country=POL;team_members=Renata Knapik-Miazga; Magdalena Pawłowska; Martyna Swatowska-Wenglarczyk; Ewa Trzebińska;source_url=https://en.wikipedia.org/wiki/2023_World_Fencing_Championships,3.0
fie_world_championships_2023_women_team_foil,FRA,2,silver,discipline=foil;format=team;event=Women Team Foil;country=FRA;team_members=Solène Butruille; Morgane Patru; Pauline Ranvier; Ysaora Thibus;source_url=https://en.wikipedia.org/wiki/2023_World_Fencing_Championships,2.0
fie_world_championships_2023_women_team_foil,ITA,1,gold,discipline=foil;format=team;event=Women Team Foil;country=ITA;team_members=Arianna Errigo; Martina Favaretto; Francesca Palumbo; Alice Volpi;source_url=https://en.wikipedia.org/wiki/2023_World_Fencing_Championships,3.0
fie_world_championships_2023_women_team_foil,JPN,3,bronze,discipline=foil;format=team;event=Women Team Foil;country=JPN;team_members=Sera Azuma; Komaki Kikuchi; Karin Miyawaki; Yuka Ueno;source_url=https://en.wikipedia.org/wiki/2023_World_Fencing_Championships,1.0
fie_world_championships_2023_women_team_sabre,FRA,2,silver,discipline=sabre;format=team;event=Women Team Sabre;country=FRA;team_members=Sara Balzer; Manon Brunet; Caroline Queroli; Margaux Rifkiss;source_url=https://en.wikipedia.org/wiki/2023_World_Fencing_Championships,2.0
fie_world_championships_2023_women_team_sabre,HUN,1,gold,discipline=sabre;format=team;event=Women Team Sabre;country=HUN;team_members=Sugár Katinka Battai; Anna Márton; Liza Pusztai; Luca Szűcs;source_url=https://en.wikipedia.org/wiki/2023_World_Fencing_Championships,3.0
fie_world_championships_2023_women_team_sabre,KOR,3,bronze,discipline=sabre;format=team;event=Women Team Sabre;country=KOR;team_members=Choi Se-bin; Jeon Eun-hye; Jeon Ha-young; Yoon Ji-su;source_url=https://en.wikipedia.org/wiki/2023_World_Fencing_Championships,1.0
fie_world_championships_2025_men_individual_epee,athlete_Gergely_Siklósi_HUN,2,silver,discipline=epee;format=individual;event=Men Individual Epee;country=HUN;team_members=;source_url=https://en.wikipedia.org/wiki/2025_World_Fencing_Championships,2.0
fie_world_championships_2025_men_individual_epee,athlete_Koki_Kano_JPN,1,gold,discipline=epee;format=individual;event=Men Individual Epee;country=JPN;team_members=;source_url=https://en.wikipedia.org/wiki/2025_World_Fencing_Championships,3.0
fie_world_championships_2025_men_individual_epee,athlete_Masaru_Yamada_JPN,3,bronze,discipline=epee;format=individual;event=Men Individual Epee;country=JPN;team_members=;source_url=https://en.wikipedia.org/wiki/2025_World_Fencing_Championships,1.0
fie_world_championships_2025_men_individual_epee,athlete_Nikita_Koshman_UKR,3,bronze,discipline=epee;format=individual;event=Men Individual Epee;country=UKR;team_members=;source_url=https://en.wikipedia.org/wiki/2025_World_Fencing_Championships,1.0
fie_world_championships_2025_men_individual_foil,athlete_Gerg_Szemes_HUN,3,bronze,discipline=foil;format=individual;event=Men Individual Foil;country=HUN;team_members=;source_url=https://en.wikipedia.org/wiki/2025_World_Fencing_Championships,1.0
fie_world_championships_2025_men_individual_foil,athlete_Kirill_Borodachev_AIN,2,silver,discipline=foil;format=individual;event=Men Individual Foil;country=AIN;team_members=;source_url=https://en.wikipedia.org/wiki/2025_World_Fencing_Championships,2.0
fie_world_championships_2025_men_individual_foil,athlete_Maxime_Pauty_FRA,3,bronze,discipline=foil;format=individual;event=Men Individual Foil;country=FRA;team_members=;source_url=https://en.wikipedia.org/wiki/2025_World_Fencing_Championships,1.0
fie_world_championships_2025_men_individual_foil,athlete_Ryan_Choi_HKG,1,gold,discipline=foil;format=individual;event=Men Individual Foil;country=HKG;team_members=;source_url=https://en.wikipedia.org/wiki/2025_World_Fencing_Championships,3.0
fie_world_championships_2025_men_individual_sabre,athlete_Ahmed_Hesham_EGY,3,bronze,discipline=sabre;format=individual;event=Men Individual Sabre;country=EGY;team_members=;source_url=https://en.wikipedia.org/wiki/2025_World_Fencing_Championships,1.0
fie_world_championships_2025_men_individual_sabre,athlete_Jean-Philippe_Patrice_FRA,2,silver,discipline=sabre;format=individual;event=Men Individual Sabre;country=FRA;team_members=;source_url=https://en.wikipedia.org/wiki/2025_World_Fencing_Championships,2.0
fie_world_championships_2025_men_individual_sabre,athlete_Luca_Curatoli_ITA,3,bronze,discipline=sabre;format=individual;event=Men Individual Sabre;country=ITA;team_members=;source_url=https://en.wikipedia.org/wiki/2025_World_Fencing_Championships,1.0
fie_world_championships_2025_men_individual_sabre,athlete_Sandro_Bazadze_GEO,1,gold,discipline=sabre;format=individual;event=Men Individual Sabre;country=GEO;team_members=;source_url=https://en.wikipedia.org/wiki/2025_World_Fencing_Championships,3.0
fie_world_championships_2025_men_team_epee,HUN,2,silver,discipline=epee;format=team;event=Men Team Epee;country=HUN;team_members=Tibor Andrásfi; Zsombor Keszthelyi; Máté Tamás Koch; Gergely Siklósi;source_url=https://en.wikipedia.org/wiki/2025_World_Fencing_Championships,2.0
fie_world_championships_2025_men_team_epee,JPN,1,gold,discipline=epee;format=team;event=Men Team Epee;country=JPN;team_members=Seiya Asami; Koki Kano; Akira Komata; Masaru Yamada;source_url=https://en.wikipedia.org/wiki/2025_World_Fencing_Championships,3.0
fie_world_championships_2025_men_team_epee,KAZ,3,bronze,discipline=epee;format=team;event=Men Team Epee;country=KAZ;team_members=Ruslan Kurbanov; Elmir Alimzhanov; Kirill Prokhodov; Vadim Sharlaimov;source_url=https://en.wikipedia.org/wiki/2025_World_Fencing_Championships,1.0
fie_world_championships_2025_men_team_foil,HUN,3,bronze,discipline=foil;format=team;event=Men Team Foil;country=HUN;team_members=Dániel Dósa; Andor Mihályi; Gergő Szemes; Gergely Tóth;source_url=https://en.wikipedia.org/wiki/2025_World_Fencing_Championships,1.0
fie_world_championships_2025_men_team_foil,ITA,1,gold,discipline=foil;format=team;event=Men Team Foil;country=ITA;team_members=Guillaume Bianchi; Alessio Foconi; Filippo Macchi; Tommaso Marini;source_url=https://en.wikipedia.org/wiki/2025_World_Fencing_Championships,3.0
fie_world_championships_2025_men_team_foil,USA,2,silver,discipline=foil;format=team;event=Men Team Foil;country=USA;team_members=Nick Itkin; Bryce Louie; Alexander Massialas; Gerek Meinhardt;source_url=https://en.wikipedia.org/wiki/2025_World_Fencing_Championships,2.0
fie_world_championships_2025_men_team_sabre,HUN,2,silver,discipline=sabre;format=team;event=Men Team Sabre;country=HUN;team_members=Csanád Gémesi; Nikolász Iliász; Krisztián Rabb; Áron Szilágyi;source_url=https://en.wikipedia.org/wiki/2025_World_Fencing_Championships,2.0
fie_world_championships_2025_men_team_sabre,ITA,1,gold,discipline=sabre;format=team;event=Men Team Sabre;country=ITA;team_members=Luca Curatoli; Michele Gallo; Matteo Neri; Pietro Torre;source_url=https://en.wikipedia.org/wiki/2025_World_Fencing_Championships,3.0
fie_world_championships_2025_men_team_sabre,ROU,3,bronze,discipline=sabre;format=team;event=Men Team Sabre;country=ROU;team_members=Vlad Covaliu; George Dragomir; Radu Nițu; Răzvan Ursachi;source_url=https://en.wikipedia.org/wiki/2025_World_Fencing_Championships,1.0
fie_world_championships_2025_women_individual_epee,athlete_Irina_Embrich_EST,3,bronze,discipline=epee;format=individual;event=Women Individual Epee;country=EST;team_members=;source_url=https://en.wikipedia.org/wiki/2025_World_Fencing_Championships,1.0
fie_world_championships_2025_women_individual_epee,athlete_Katrina_Lehis_EST,2,silver,discipline=epee;format=individual;event=Women Individual Epee;country=EST;team_members=;source_url=https://en.wikipedia.org/wiki/2025_World_Fencing_Championships,2.0
fie_world_championships_2025_women_individual_epee,athlete_Song_Se-ra_KOR,3,bronze,discipline=epee;format=individual;event=Women Individual Epee;country=KOR;team_members=;source_url=https://en.wikipedia.org/wiki/2025_World_Fencing_Championships,1.0
fie_world_championships_2025_women_individual_epee,athlete_Vlada_Kharkova_UKR,1,gold,discipline=epee;format=individual;event=Women Individual Epee;country=UKR;team_members=;source_url=https://en.wikipedia.org/wiki/2025_World_Fencing_Championships,3.0
fie_world_championships_2025_women_individual_foil,athlete_Anna_Cristino_ITA,3,bronze,discipline=foil;format=individual;event=Women Individual Foil;country=ITA;team_members=;source_url=https://en.wikipedia.org/wiki/2025_World_Fencing_Championships,1.0
fie_world_championships_2025_women_individual_foil,athlete_Lee_Kiefer_USA,1,gold,discipline=foil;format=individual;event=Women Individual Foil;country=USA;team_members=;source_url=https://en.wikipedia.org/wiki/2025_World_Fencing_Championships,3.0
fie_world_championships_2025_women_individual_foil,athlete_Martina_Favaretto_ITA,3,bronze,discipline=foil;format=individual;event=Women Individual Foil;country=ITA;team_members=;source_url=https://en.wikipedia.org/wiki/2025_World_Fencing_Championships,1.0
fie_world_championships_2025_women_individual_foil,athlete_Pauline_Ranvier_FRA,2,silver,discipline=foil;format=individual;event=Women Individual Foil;country=FRA;team_members=;source_url=https://en.wikipedia.org/wiki/2025_World_Fencing_Championships,2.0
fie_world_championships_2025_women_individual_sabre,athlete_Alina_Komashchuk_UKR,3,bronze,discipline=sabre;format=individual;event=Women Individual Sabre;country=UKR;team_members=;source_url=https://en.wikipedia.org/wiki/2025_World_Fencing_Championships,1.0
fie_world_championships_2025_women_individual_sabre,athlete_Pan_Qimiao_CHN,3,bronze,discipline=sabre;format=individual;event=Women Individual Sabre;country=CHN;team_members=;source_url=https://en.wikipedia.org/wiki/2025_World_Fencing_Championships,1.0
fie_world_championships_2025_women_individual_sabre,athlete_Yana_Egorian_AIN,1,gold,discipline=sabre;format=individual;event=Women Individual Sabre;country=AIN;team_members=;source_url=https://en.wikipedia.org/wiki/2025_World_Fencing_Championships,3.0
fie_world_championships_2025_women_individual_sabre,athlete_Zuzanna_Cielar_POL,2,silver,discipline=sabre;format=individual;event=Women Individual Sabre;country=POL;team_members=;source_url=https://en.wikipedia.org/wiki/2025_World_Fencing_Championships,2.0
fie_world_championships_2025_women_team_epee,AIN,2,silver,discipline=epee;format=team;event=Women Team Epee;country=AIN;team_members=Milen Bavuge Khabimana; Iana Bekmurzova; Aizanat Murtazaeva; Kristina Yasinskaya;source_url=https://en.wikipedia.org/wiki/2025_World_Fencing_Championships,2.0
fie_world_championships_2025_women_team_epee,FRA,1,gold,discipline=epee;format=team;event=Women Team Epee;country=FRA;team_members=Marie-Florence Candassamy; Alexandra Louis-Marie; Lauren Rembi; Éloïse Vanryssel;source_url=https://en.wikipedia.org/wiki/2025_World_Fencing_Championships,3.0
fie_world_championships_2025_women_team_epee,KOR,3,bronze,discipline=epee;format=team;event=Women Team Epee;country=KOR;team_members=Kim Hyang-eun; Lee Hye-in; Lim Tae-hee; Song Se-ra;source_url=https://en.wikipedia.org/wiki/2025_World_Fencing_Championships,1.0
fie_world_championships_2025_women_team_foil,FRA,2,silver,discipline=foil;format=team;event=Women Team Foil;country=FRA;team_members=Anita Blaze; Éva Lacheray; Morgane Patru; Pauline Ranvier;source_url=https://en.wikipedia.org/wiki/2025_World_Fencing_Championships,2.0
fie_world_championships_2025_women_team_foil,ITA,3,bronze,discipline=foil;format=team;event=Women Team Foil;country=ITA;team_members=Anna Cristino; Arianna Errigo; Martina Favaretto; Alice Volpi;source_url=https://en.wikipedia.org/wiki/2025_World_Fencing_Championships,1.0
fie_world_championships_2025_women_team_foil,USA,1,gold,discipline=foil;format=team;event=Women Team Foil;country=USA;team_members=Emily Jing; Lee Kiefer; Jaelyn Liu; Lauren Scruggs;source_url=https://en.wikipedia.org/wiki/2025_World_Fencing_Championships,3.0
fie_world_championships_2025_women_team_sabre,FRA,1,gold,discipline=sabre;format=team;event=Women Team Sabre;country=FRA;team_members=Sara Balzer; Faustine Clapier; Sarah Noutcha; Toscane Tori;source_url=https://en.wikipedia.org/wiki/2025_World_Fencing_Championships,3.0
fie_world_championships_2025_women_team_sabre,HUN,3,bronze,discipline=sabre;format=team;event=Women Team Sabre;country=HUN;team_members=Sugár Katinka Battai; Renáta Katona; Liza Pusztai; Luca Szűcs;source_url=https://en.wikipedia.org/wiki/2025_World_Fencing_Championships,1.0
fie_world_championships_2025_women_team_sabre,KOR,2,silver,discipline=sabre;format=team;event=Women Team Sabre;country=KOR;team_members=Choi Se-bin; Jeon Ha-young; Kim Jeong-mi; Seo Ji-yeon;source_url=https://en.wikipedia.org/wiki/2025_World_Fencing_Championships,2.0
