event_id,participant_id,rank,medal,score_raw,points_awarded
fig_artistic_gymnastics_world_championships_2001_men_floor-exercise,fig_athlete_Yordan_Yovchev_BGR,1,gold,discipline=Artistic Gymnastics - Floor exercise;event=Floor exercise;entry_country=BGR;source_url=https://en.wikipedia.org/wiki/2001_World_Artistic_Gymnastics_Championships,10.0
fig_artistic_gymnastics_world_championships_2001_men_floor-exercise,fig_athlete_Marian_Drgulescu_ROU,1,gold,discipline=Artistic Gymnastics - Floor exercise;event=Floor exercise;entry_country=ROU;source_url=https://en.wikipedia.org/wiki/2001_World_Artistic_Gymnastics_Championships,10.0
fig_artistic_gymnastics_world_championships_2001_men_floor-exercise,fig_athlete_Igors_Vihrovs_LVA,3,bronze,discipline=Artistic Gymnastics - Floor exercise;event=Floor exercise;entry_country=LVA;source_url=https://en.wikipedia.org/wiki/2001_World_Artistic_Gymnastics_Championships,5.0
fig_artistic_gymnastics_world_championships_2001_men_horizontal-bar,fig_athlete_Vlasios_Maras_GRC,1,gold,discipline=Artistic Gymnastics - Horizontal bar;event=Horizontal bar;entry_country=GRC;source_url=https://en.wikipedia.org/wiki/2001_World_Artistic_Gymnastics_Championships,10.0
fig_artistic_gymnastics_world_championships_2001_men_horizontal-bar,fig_athlete_Philippe_Rizzo_AUS,2,silver,discipline=Artistic Gymnastics - Horizontal bar;event=Horizontal bar;entry_country=AUS;source_url=https://en.wikipedia.org/wiki/2001_World_Artistic_Gymnastics_Championships,7.0
fig_artistic_gymnastics_world_championships_2001_men_horizontal-bar,fig_athlete_Alexander_Beresh_UKR,2,silver,discipline=Artistic Gymnastics - Horizontal bar;event=Horizontal bar;entry_country=UKR;source_url=https://en.wikipedia.org/wiki/2001_World_Artistic_Gymnastics_Championships,7.0
fig_artistic_gymnastics_world_championships_2001_men_individual-all-around,fig_athlete_Feng_Jing_CHN,1,gold,discipline=Artistic Gymnastics - Individual all-around;event=Individual all-around;entry_country=CHN;source_url=https://en.wikipedia.org/wiki/2001_World_Artistic_Gymnastics_Championships,10.0
fig_artistic_gymnastics_world_championships_2001_men_individual-all-around,fig_athlete_Ivan_Ivankov_BLR,2,silver,discipline=Artistic Gymnastics - Individual all-around;event=Individual all-around;entry_country=BLR;source_url=https://en.wikipedia.org/wiki/2001_World_Artistic_Gymnastics_Championships,7.0
fig_artistic_gymnastics_world_championships_2001_men_individual-all-around,fig_athlete_Yordan_Yovchev_BGR,3,bronze,discipline=Artistic Gymnastics - Individual all-around;event=Individual all-around;entry_country=BGR;source_url=https://en.wikipedia.org/wiki/2001_World_Artistic_Gymnastics_Championships,5.0
fig_artistic_gymnastics_world_championships_2001_men_parallel-bars,fig_athlete_Sean_Townsend_USA,1,gold,discipline=Artistic Gymnastics - Parallel bars;event=Parallel bars;entry_country=USA;source_url=https://en.wikipedia.org/wiki/2001_World_Artistic_Gymnastics_Championships,10.0
fig_artistic_gymnastics_world_championships_2001_men_parallel-bars,fig_athlete_Erick_López_CUB,2,silver,discipline=Artistic Gymnastics - Parallel bars;event=Parallel bars;entry_country=CUB;source_url=https://en.wikipedia.org/wiki/2001_World_Artistic_Gymnastics_Championships,7.0
fig_artistic_gymnastics_world_championships_2001_men_parallel-bars,fig_athlete_Ivan_Ivankov_BLR,3,bronze,discipline=Artistic Gymnastics - Parallel bars;event=Parallel bars;entry_country=BLR;source_url=https://en.wikipedia.org/wiki/2001_World_Artistic_Gymnastics_Championships,5.0
fig_artistic_gymnastics_world_championships_2001_men_pommel-horse,fig_athlete_Marius_Urzic_ROU,1,gold,discipline=Artistic Gymnastics - Pommel horse;event=Pommel horse;entry_country=ROU;source_url=https://en.wikipedia.org/wiki/2001_World_Artistic_Gymnastics_Championships,10.0
fig_artistic_gymnastics_world_championships_2001_men_pommel-horse,fig_athlete_Xiao_Qin_CHN,2,silver,discipline=Artistic Gymnastics - Pommel horse;event=Pommel horse;entry_country=CHN;source_url=https://en.wikipedia.org/wiki/2001_World_Artistic_Gymnastics_Championships,7.0
fig_artistic_gymnastics_world_championships_2001_men_pommel-horse,fig_athlete_Alexander_Beresh_UKR,3,bronze,discipline=Artistic Gymnastics - Pommel horse;event=Pommel horse;entry_country=UKR;source_url=https://en.wikipedia.org/wiki/2001_World_Artistic_Gymnastics_Championships,5.0
fig_artistic_gymnastics_world_championships_2001_men_still-rings,fig_athlete_Yordan_Yovchev_BGR,1,gold,discipline=Artistic Gymnastics - Still rings;event=Still rings;entry_country=BGR;source_url=https://en.wikipedia.org/wiki/2001_World_Artistic_Gymnastics_Championships,10.0
fig_artistic_gymnastics_world_championships_2001_men_still-rings,fig_athlete_Szilveszter_Csollány_HUN,2,silver,discipline=Artistic Gymnastics - Still rings;event=Still rings;entry_country=HUN;source_url=https://en.wikipedia.org/wiki/2001_World_Artistic_Gymnastics_Championships,7.0
fig_artistic_gymnastics_world_championships_2001_men_still-rings,fig_athlete_Andrea_Coppolino_ITA,3,bronze,discipline=Artistic Gymnastics - Still rings;event=Still rings;entry_country=ITA;source_url=https://en.wikipedia.org/wiki/2001_World_Artistic_Gymnastics_Championships,5.0
fig_artistic_gymnastics_world_championships_2001_men_team,fig_team_Belarus_BLR,1,gold,discipline=Artistic Gymnastics - Team;event=Team;entry_country=BLR;source_url=https://en.wikipedia.org/wiki/2001_World_Artistic_Gymnastics_Championships,10.0
fig_artistic_gymnastics_world_championships_2001_men_team,fig_team_United_States_USA,2,silver,discipline=Artistic Gymnastics - Team;event=Team;entry_country=USA;source_url=https://en.wikipedia.org/wiki/2001_World_Artistic_Gymnastics_Championships,7.0
fig_artistic_gymnastics_world_championships_2001_men_team,fig_team_Ukraine_UKR,3,bronze,discipline=Artistic Gymnastics - Team;event=Team;entry_country=UKR;source_url=https://en.wikipedia.org/wiki/2001_World_Artistic_Gymnastics_Championships,5.0
fig_artistic_gymnastics_world_championships_2001_men_vault,fig_athlete_Marian_Drgulescu_ROU,1,gold,discipline=Artistic Gymnastics - Vault;event=Vault;entry_country=ROU;source_url=https://en.wikipedia.org/wiki/2001_World_Artistic_Gymnastics_Championships,10.0
fig_artistic_gymnastics_world_championships_2001_men_vault,fig_athlete_Jevgijs_Saproenko_LVA,2,silver,discipline=Artistic Gymnastics - Vault;event=Vault;entry_country=LVA;source_url=https://en.wikipedia.org/wiki/2001_World_Artistic_Gymnastics_Championships,7.0
fig_artistic_gymnastics_world_championships_2001_men_vault,fig_athlete_Charles_Tamayo_CUB,3,bronze,discipline=Artistic Gymnastics - Vault;event=Vault;entry_country=CUB;source_url=https://en.wikipedia.org/wiki/2001_World_Artistic_Gymnastics_Championships,5.0
fig_artistic_gymnastics_world_championships_2001_women_balance-beam,fig_athlete_Andreea_Rducan_ROU,1,gold,discipline=Artistic Gymnastics - Balance beam;event=Balance beam;entry_country=ROU;source_url=https://en.wikipedia.org/wiki/2001_World_Artistic_Gymnastics_Championships,10.0
fig_artistic_gymnastics_world_championships_2001_women_balance-beam,fig_athlete_Ludmila_Ezhova_RUS,2,silver,discipline=Artistic Gymnastics - Balance beam;event=Balance beam;entry_country=RUS;source_url=https://en.wikipedia.org/wiki/2001_World_Artistic_Gymnastics_Championships,7.0
fig_artistic_gymnastics_world_championships_2001_women_balance-beam,fig_athlete_Sun_Xiaojiao_CHN,3,bronze,discipline=Artistic Gymnastics - Balance beam;event=Balance beam;entry_country=CHN;source_url=https://en.wikipedia.org/wiki/2001_World_Artistic_Gymnastics_Championships,5.0
fig_artistic_gymnastics_world_championships_2001_women_floor-exercise,fig_athlete_Andreea_Rducan_ROU,1,gold,discipline=Artistic Gymnastics - Floor exercise;event=Floor exercise;entry_country=ROU;source_url=https://en.wikipedia.org/wiki/2001_World_Artistic_Gymnastics_Championships,10.0
fig_artistic_gymnastics_world_championships_2001_women_floor-exercise,fig_athlete_Daniele_Hypólito_BRA,2,silver,discipline=Artistic Gymnastics - Floor exercise;event=Floor exercise;entry_country=BRA;source_url=https://en.wikipedia.org/wiki/2001_World_Artistic_Gymnastics_Championships,7.0
fig_artistic_gymnastics_world_championships_2001_women_floor-exercise,fig_athlete_Svetlana_Khorkina_RUS,3,bronze,discipline=Artistic Gymnastics - Floor exercise;event=Floor exercise;entry_country=RUS;source_url=https://en.wikipedia.org/wiki/2001_World_Artistic_Gymnastics_Championships,5.0
fig_artistic_gymnastics_world_championships_2001_women_individual-all-around,fig_athlete_Svetlana_Khorkina_RUS,1,gold,discipline=Artistic Gymnastics - Individual all-around;event=Individual all-around;entry_country=RUS;source_url=https://en.wikipedia.org/wiki/2001_World_Artistic_Gymnastics_Championships,10.0
fig_artistic_gymnastics_world_championships_2001_women_individual-all-around,fig_athlete_Natalia_Ziganshina_RUS,2,silver,discipline=Artistic Gymnastics - Individual all-around;event=Individual all-around;entry_country=RUS;source_url=https://en.wikipedia.org/wiki/2001_World_Artistic_Gymnastics_Championships,7.0
fig_artistic_gymnastics_world_championships_2001_women_individual-all-around,fig_athlete_Andreea_Rducan_ROU,3,bronze,discipline=Artistic Gymnastics - Individual all-around;event=Individual all-around;entry_country=ROU;source_url=https://en.wikipedia.org/wiki/2001_World_Artistic_Gymnastics_Championships,5.0
fig_artistic_gymnastics_world_championships_2001_women_team,fig_team_Romania_ROU,1,gold,discipline=Artistic Gymnastics - Team;event=Team;entry_country=ROU;source_url=https://en.wikipedia.org/wiki/2001_World_Artistic_Gymnastics_Championships,10.0
fig_artistic_gymnastics_world_championships_2001_women_team,fig_team_Russia_RUS,2,silver,discipline=Artistic Gymnastics - Team;event=Team;entry_country=RUS;source_url=https://en.wikipedia.org/wiki/2001_World_Artistic_Gymnastics_Championships,7.0
fig_artistic_gymnastics_world_championships_2001_women_team,fig_team_United_States_USA,3,bronze,discipline=Artistic Gymnastics - Team;event=Team;entry_country=USA;source_url=https://en.wikipedia.org/wiki/2001_World_Artistic_Gymnastics_Championships,5.0
fig_artistic_gymnastics_world_championships_2001_women_uneven-bars,fig_athlete_Svetlana_Khorkina_RUS,1,gold,discipline=Artistic Gymnastics - Uneven bars;event=Uneven bars;entry_country=RUS;source_url=https://en.wikipedia.org/wiki/2001_World_Artistic_Gymnastics_Championships,10.0
fig_artistic_gymnastics_world_championships_2001_women_uneven-bars,fig_athlete_Renske_Endel_NLD,2,silver,discipline=Artistic Gymnastics - Uneven bars;event=Uneven bars;entry_country=NLD;source_url=https://en.wikipedia.org/wiki/2001_World_Artistic_Gymnastics_Championships,7.0
fig_artistic_gymnastics_world_championships_2001_women_uneven-bars,fig_athlete_Katie_Heenan_USA,3,bronze,discipline=Artistic Gymnastics - Uneven bars;event=Uneven bars;entry_country=USA;source_url=https://en.wikipedia.org/wiki/2001_World_Artistic_Gymnastics_Championships,5.0
fig_artistic_gymnastics_world_championships_2001_women_vault,fig_athlete_Svetlana_Khorkina_RUS,1,gold,discipline=Artistic Gymnastics - Vault;event=Vault;entry_country=RUS;source_url=https://en.wikipedia.org/wiki/2001_World_Artistic_Gymnastics_Championships,10.0
fig_artistic_gymnastics_world_championships_2001_women_vault,fig_athlete_Oksana_Chusovitina_UZB,2,silver,discipline=Artistic Gymnastics - Vault;event=Vault;entry_country=UZB;source_url=https://en.wikipedia.org/wiki/2001_World_Artistic_Gymnastics_Championships,7.0
fig_artistic_gymnastics_world_championships_2001_women_vault,fig_athlete_Andreea_Rducan_ROU,3,bronze,discipline=Artistic Gymnastics - Vault;event=Vault;entry_country=ROU;source_url=https://en.wikipedia.org/wiki/2001_World_Artistic_Gymnastics_Championships,5.0
fig_artistic_gymnastics_world_championships_2002_men_floor-exercise,fig_athlete_Marian_Drgulescu_ROU,1,gold,discipline=Artistic Gymnastics - Floor exercise;event=Floor exercise;entry_country=ROU;source_url=https://en.wikipedia.org/wiki/2002_World_Artistic_Gymnastics_Championships,10.0
fig_artistic_gymnastics_world_championships_2002_men_floor-exercise,fig_athlete_Yordan_Yovchev_BGR,2,silver,discipline=Artistic Gymnastics - Floor exercise;event=Floor exercise;entry_country=BGR;source_url=https://en.wikipedia.org/wiki/2002_World_Artistic_Gymnastics_Championships,7.0
fig_artistic_gymnastics_world_championships_2002_men_floor-exercise,fig_athlete_Paul_Hamm_USA,3,bronze,discipline=Artistic Gymnastics - Floor exercise;event=Floor exercise;entry_country=USA;source_url=https://en.wikipedia.org/wiki/2002_World_Artistic_Gymnastics_Championships,5.0
fig_artistic_gymnastics_world_championships_2002_men_horizontal-bar,fig_athlete_Vlasios_Maras_GRC,1,gold,discipline=Artistic Gymnastics - Horizontal bar;event=Horizontal bar;entry_country=GRC;source_url=https://en.wikipedia.org/wiki/2002_World_Artistic_Gymnastics_Championships,10.0
fig_artistic_gymnastics_world_championships_2002_men_horizontal-bar,fig_athlete_Ivan_Ivankov_BLR,2,silver,discipline=Artistic Gymnastics - Horizontal bar;event=Horizontal bar;entry_country=BLR;source_url=https://en.wikipedia.org/wiki/2002_World_Artistic_Gymnastics_Championships,7.0
fig_artistic_gymnastics_world_championships_2002_men_horizontal-bar,fig_athlete_Alja_Pegan_SVN,2,silver,discipline=Artistic Gymnastics - Horizontal bar;event=Horizontal bar;entry_country=SVN;source_url=https://en.wikipedia.org/wiki/2002_World_Artistic_Gymnastics_Championships,7.0
fig_artistic_gymnastics_world_championships_2002_men_parallel-bars,fig_athlete_Li_Xiaopeng_CHN,1,gold,discipline=Artistic Gymnastics - Parallel Bars;event=Parallel Bars;entry_country=CHN;source_url=https://en.wikipedia.org/wiki/2002_World_Artistic_Gymnastics_Championships,10.0
fig_artistic_gymnastics_world_championships_2002_men_parallel-bars,fig_athlete_Mitja_Petkovek_SVN,2,silver,discipline=Artistic Gymnastics - Parallel Bars;event=Parallel Bars;entry_country=SVN;source_url=https://en.wikipedia.org/wiki/2002_World_Artistic_Gymnastics_Championships,7.0
fig_artistic_gymnastics_world_championships_2002_men_parallel-bars,fig_athlete_Alexei_Sinkevich_BLR,3,bronze,discipline=Artistic Gymnastics - Parallel Bars;event=Parallel Bars;entry_country=BLR;source_url=https://en.wikipedia.org/wiki/2002_World_Artistic_Gymnastics_Championships,5.0
fig_artistic_gymnastics_world_championships_2002_men_pommel-horse,fig_athlete_Marius_Urzic_ROU,1,gold,discipline=Artistic Gymnastics - Pommel horse;event=Pommel horse;entry_country=ROU;source_url=https://en.wikipedia.org/wiki/2002_World_Artistic_Gymnastics_Championships,10.0
fig_artistic_gymnastics_world_championships_2002_men_pommel-horse,fig_athlete_Xiao_Qin_CHN,2,silver,discipline=Artistic Gymnastics - Pommel horse;event=Pommel horse;entry_country=CHN;source_url=https://en.wikipedia.org/wiki/2002_World_Artistic_Gymnastics_Championships,7.0
fig_artistic_gymnastics_world_championships_2002_men_pommel-horse,fig_athlete_Takehiro_Kashima_JPN,3,bronze,discipline=Artistic Gymnastics - Pommel horse;event=Pommel horse;entry_country=JPN;source_url=https://en.wikipedia.org/wiki/2002_World_Artistic_Gymnastics_Championships,5.0
fig_artistic_gymnastics_world_championships_2002_men_still-rings,fig_athlete_Szilveszter_Csollány_HUN,1,gold,discipline=Artistic Gymnastics - Still rings;event=Still rings;entry_country=HUN;source_url=https://en.wikipedia.org/wiki/2002_World_Artistic_Gymnastics_Championships,10.0
fig_artistic_gymnastics_world_championships_2002_men_still-rings,fig_athlete_Yordan_Yovchev_BGR,2,silver,discipline=Artistic Gymnastics - Still rings;event=Still rings;entry_country=BGR;source_url=https://en.wikipedia.org/wiki/2002_World_Artistic_Gymnastics_Championships,7.0
fig_artistic_gymnastics_world_championships_2002_men_still-rings,fig_athlete_Matteo_Morandi_ITA,3,bronze,discipline=Artistic Gymnastics - Still rings;event=Still rings;entry_country=ITA;source_url=https://en.wikipedia.org/wiki/2002_World_Artistic_Gymnastics_Championships,5.0
fig_artistic_gymnastics_world_championships_2002_men_vault,fig_athlete_Li_Xiaopeng_CHN,1,gold,discipline=Artistic Gymnastics - Vault;event=Vault;entry_country=CHN;source_url=https://en.wikipedia.org/wiki/2002_World_Artistic_Gymnastics_Championships,10.0
fig_artistic_gymnastics_world_championships_2002_men_vault,fig_athlete_Leszek_Blanik_POL,2,silver,discipline=Artistic Gymnastics - Vault;event=Vault;entry_country=POL;source_url=https://en.wikipedia.org/wiki/2002_World_Artistic_Gymnastics_Championships,7.0
fig_artistic_gymnastics_world_championships_2002_men_vault,fig_athlete_Yang_Wei_CHN,3,bronze,discipline=Artistic Gymnastics - Vault;event=Vault;entry_country=CHN;source_url=https://en.wikipedia.org/wiki/2002_World_Artistic_Gymnastics_Championships,5.0
fig_artistic_gymnastics_world_championships_2002_women_balance-beam,fig_athlete_Ashley_Postell_USA,1,gold,discipline=Artistic Gymnastics - Balance beam;event=Balance beam;entry_country=USA;source_url=https://en.wikipedia.org/wiki/2002_World_Artistic_Gymnastics_Championships,10.0
fig_artistic_gymnastics_world_championships_2002_women_balance-beam,fig_athlete_Oana_Ban_ROU,2,silver,discipline=Artistic Gymnastics - Balance beam;event=Balance beam;entry_country=ROU;source_url=https://en.wikipedia.org/wiki/2002_World_Artistic_Gymnastics_Championships,7.0
fig_artistic_gymnastics_world_championships_2002_women_balance-beam,fig_athlete_Irina_Yarotska_UKR,3,bronze,discipline=Artistic Gymnastics - Balance beam;event=Balance beam;entry_country=UKR;source_url=https://en.wikipedia.org/wiki/2002_World_Artistic_Gymnastics_Championships,5.0
fig_artistic_gymnastics_world_championships_2002_women_floor-exercise,fig_athlete_Elena_Gómez_ESP,1,gold,discipline=Artistic Gymnastics - Floor exercise;event=Floor exercise;entry_country=ESP;source_url=https://en.wikipedia.org/wiki/2002_World_Artistic_Gymnastics_Championships,10.0
fig_artistic_gymnastics_world_championships_2002_women_floor-exercise,fig_athlete_Verona_van_de_Leur_NLD,2,silver,discipline=Artistic Gymnastics - Floor exercise;event=Floor exercise;entry_country=NLD;source_url=https://en.wikipedia.org/wiki/2002_World_Artistic_Gymnastics_Championships,7.0
fig_artistic_gymnastics_world_championships_2002_women_floor-exercise,fig_athlete_Samantha_Sheehan_USA,3,bronze,discipline=Artistic Gymnastics - Floor exercise;event=Floor exercise;entry_country=USA;source_url=https://en.wikipedia.org/wiki/2002_World_Artistic_Gymnastics_Championships,5.0
fig_artistic_gymnastics_world_championships_2002_women_uneven-bars,fig_athlete_Courtney_Kupets_USA,1,gold,discipline=Artistic Gymnastics - Uneven bars;event=Uneven bars;entry_country=USA;source_url=https://en.wikipedia.org/wiki/2002_World_Artistic_Gymnastics_Championships,10.0
fig_artistic_gymnastics_world_championships_2002_women_uneven-bars,fig_athlete_Oana_Petrovschi_ROU,2,silver,discipline=Artistic Gymnastics - Uneven bars;event=Uneven bars;entry_country=ROU;source_url=https://en.wikipedia.org/wiki/2002_World_Artistic_Gymnastics_Championships,7.0
fig_artistic_gymnastics_world_championships_2002_women_uneven-bars,fig_athlete_Ludmila_Ezhova_RUS,3,bronze,discipline=Artistic Gymnastics - Uneven bars;event=Uneven bars;entry_country=RUS;source_url=https://en.wikipedia.org/wiki/2002_World_Artistic_Gymnastics_Championships,5.0
fig_artistic_gymnastics_world_championships_2002_women_vault,fig_athlete_Elena_Zamolodchikova_RUS,1,gold,discipline=Artistic Gymnastics - Vault;event=Vault;entry_country=RUS;source_url=https://en.wikipedia.org/wiki/2002_World_Artistic_Gymnastics_Championships,10.0
fig_artistic_gymnastics_world_championships_2002_women_vault,fig_athlete_Natalia_Ziganshina_RUS,2,silver,discipline=Artistic Gymnastics - Vault;event=Vault;entry_country=RUS;source_url=https://en.wikipedia.org/wiki/2002_World_Artistic_Gymnastics_Championships,7.0
fig_artistic_gymnastics_world_championships_2002_women_vault,fig_athlete_Oksana_Chusovitina_UZB,3,bronze,discipline=Artistic Gymnastics - Vault;event=Vault;entry_country=UZB;source_url=https://en.wikipedia.org/wiki/2002_World_Artistic_Gymnastics_Championships,5.0
fig_artistic_gymnastics_world_championships_2003_men_floor-exercise,fig_athlete_Yordan_Yovchev_BGR,1,gold,discipline=Artistic Gymnastics - Floor exercise;event=Floor exercise;entry_country=BGR;source_url=https://en.wikipedia.org/wiki/2003_World_Artistic_Gymnastics_Championships,10.0
fig_artistic_gymnastics_world_championships_2003_men_floor-exercise,fig_athlete_Paul_Hamm_USA,1,gold,discipline=Artistic Gymnastics - Floor exercise;event=Floor exercise;entry_country=USA;source_url=https://en.wikipedia.org/wiki/2003_World_Artistic_Gymnastics_Championships,10.0
fig_artistic_gymnastics_world_championships_2003_men_floor-exercise,fig_athlete_Kyle_Shewfelt_CAN,3,bronze,discipline=Artistic Gymnastics - Floor exercise;event=Floor exercise;entry_country=CAN;source_url=https://en.wikipedia.org/wiki/2003_World_Artistic_Gymnastics_Championships,5.0
fig_artistic_gymnastics_world_championships_2003_men_horizontal-bar,fig_athlete_Takehiro_Kashima_JPN,1,gold,discipline=Artistic Gymnastics - Horizontal bar;event=Horizontal bar;entry_country=JPN;source_url=https://en.wikipedia.org/wiki/2003_World_Artistic_Gymnastics_Championships,10.0
fig_artistic_gymnastics_world_championships_2003_men_horizontal-bar,fig_athlete_Igor_Cassina_ITA,2,silver,discipline=Artistic Gymnastics - Horizontal bar;event=Horizontal bar;entry_country=ITA;source_url=https://en.wikipedia.org/wiki/2003_World_Artistic_Gymnastics_Championships,7.0
fig_artistic_gymnastics_world_championships_2003_men_horizontal-bar,fig_athlete_Alexei_Nemov_RUS,3,bronze,discipline=Artistic Gymnastics - Horizontal bar;event=Horizontal bar;entry_country=RUS;source_url=https://en.wikipedia.org/wiki/2003_World_Artistic_Gymnastics_Championships,5.0
fig_artistic_gymnastics_world_championships_2003_men_individual-all-around,fig_athlete_Paul_Hamm_USA,1,gold,discipline=Artistic Gymnastics - Individual all-around;event=Individual all-around;entry_country=USA;source_url=https://en.wikipedia.org/wiki/2003_World_Artistic_Gymnastics_Championships,10.0
fig_artistic_gymnastics_world_championships_2003_men_individual-all-around,fig_athlete_Yang_Wei_CHN,2,silver,discipline=Artistic Gymnastics - Individual all-around;event=Individual all-around;entry_country=CHN;source_url=https://en.wikipedia.org/wiki/2003_World_Artistic_Gymnastics_Championships,7.0
fig_artistic_gymnastics_world_championships_2003_men_individual-all-around,fig_athlete_Hiroyuki_Tomita_JPN,3,bronze,discipline=Artistic Gymnastics - Individual all-around;event=Individual all-around;entry_country=JPN;source_url=https://en.wikipedia.org/wiki/2003_World_Artistic_Gymnastics_Championships,5.0
fig_artistic_gymnastics_world_championships_2003_men_parallel-bars,fig_athlete_Li_Xiaopeng_CHN,1,gold,discipline=Artistic Gymnastics - Parallel bars;event=Parallel bars;entry_country=CHN;source_url=https://en.wikipedia.org/wiki/2003_World_Artistic_Gymnastics_Championships,10.0
fig_artistic_gymnastics_world_championships_2003_men_parallel-bars,fig_athlete_Huang_Xu_CHN,2,silver,discipline=Artistic Gymnastics - Parallel bars;event=Parallel bars;entry_country=CHN;source_url=https://en.wikipedia.org/wiki/2003_World_Artistic_Gymnastics_Championships,7.0
fig_artistic_gymnastics_world_championships_2003_men_parallel-bars,fig_athlete_Alexei_Nemov_RUS,2,silver,discipline=Artistic Gymnastics - Parallel bars;event=Parallel bars;entry_country=RUS;source_url=https://en.wikipedia.org/wiki/2003_World_Artistic_Gymnastics_Championships,7.0
fig_artistic_gymnastics_world_championships_2003_men_pommel-horse,fig_athlete_Teng_Haibin_CHN,1,gold,discipline=Artistic Gymnastics - Pommel horse;event=Pommel horse;entry_country=CHN;source_url=https://en.wikipedia.org/wiki/2003_World_Artistic_Gymnastics_Championships,10.0
fig_artistic_gymnastics_world_championships_2003_men_pommel-horse,fig_athlete_Takehiro_Kashima_JPN,1,gold,discipline=Artistic Gymnastics - Pommel horse;event=Pommel horse;entry_country=JPN;source_url=https://en.wikipedia.org/wiki/2003_World_Artistic_Gymnastics_Championships,10.0
fig_artistic_gymnastics_world_championships_2003_men_pommel-horse,fig_athlete_Nikolai_Kryukov_RUS,3,bronze,discipline=Artistic Gymnastics - Pommel horse;event=Pommel horse;entry_country=RUS;source_url=https://en.wikipedia.org/wiki/2003_World_Artistic_Gymnastics_Championships,5.0
fig_artistic_gymnastics_world_championships_2003_men_still-rings,fig_athlete_Yordan_Yovchev_BGR,1,gold,discipline=Artistic Gymnastics - Still rings;event=Still rings;entry_country=BGR;source_url=https://en.wikipedia.org/wiki/2003_World_Artistic_Gymnastics_Championships,10.0
fig_artistic_gymnastics_world_championships_2003_men_still-rings,fig_athlete_Demosthenes_Tampakos_GRC,1,gold,discipline=Artistic Gymnastics - Still rings;event=Still rings;entry_country=GRC;source_url=https://en.wikipedia.org/wiki/2003_World_Artistic_Gymnastics_Championships,10.0
fig_artistic_gymnastics_world_championships_2003_men_still-rings,fig_athlete_Andrea_Coppolino_ITA,3,bronze,discipline=Artistic Gymnastics - Still rings;event=Still rings;entry_country=ITA;source_url=https://en.wikipedia.org/wiki/2003_World_Artistic_Gymnastics_Championships,5.0
fig_artistic_gymnastics_world_championships_2003_men_still-rings,fig_athlete_Matteo_Morandi_ITA,3,bronze,discipline=Artistic Gymnastics - Still rings;event=Still rings;entry_country=ITA;source_url=https://en.wikipedia.org/wiki/2003_World_Artistic_Gymnastics_Championships,5.0
fig_artistic_gymnastics_world_championships_2003_men_team,fig_team_China_CHN,1,gold,discipline=Artistic Gymnastics - Team;event=Team;entry_country=CHN;source_url=https://en.wikipedia.org/wiki/2003_World_Artistic_Gymnastics_Championships,10.0
fig_artistic_gymnastics_world_championships_2003_men_team,fig_team_United_States_USA,2,silver,discipline=Artistic Gymnastics - Team;event=Team;entry_country=USA;source_url=https://en.wikipedia.org/wiki/2003_World_Artistic_Gymnastics_Championships,7.0
fig_artistic_gymnastics_world_championships_2003_men_team,fig_team_Japan_JPN,3,bronze,discipline=Artistic Gymnastics - Team;event=Team;entry_country=JPN;source_url=https://en.wikipedia.org/wiki/2003_World_Artistic_Gymnastics_Championships,5.0
fig_artistic_gymnastics_world_championships_2003_men_vault,fig_athlete_Li_Xiaopeng_CHN,1,gold,discipline=Artistic Gymnastics - Vault;event=Vault;entry_country=CHN;source_url=https://en.wikipedia.org/wiki/2003_World_Artistic_Gymnastics_Championships,10.0
fig_artistic_gymnastics_world_championships_2003_men_vault,fig_athlete_Marian_Drgulescu_ROU,2,silver,discipline=Artistic Gymnastics - Vault;event=Vault;entry_country=ROU;source_url=https://en.wikipedia.org/wiki/2003_World_Artistic_Gymnastics_Championships,7.0
fig_artistic_gymnastics_world_championships_2003_men_vault,fig_athlete_Kyle_Shewfelt_CAN,3,bronze,discipline=Artistic Gymnastics - Vault;event=Vault;entry_country=CAN;source_url=https://en.wikipedia.org/wiki/2003_World_Artistic_Gymnastics_Championships,5.0
fig_artistic_gymnastics_world_championships_2003_women_balance-beam,fig_athlete_Fan_Ye_CHN,1,gold,discipline=Artistic Gymnastics - Balance beam;event=Balance beam;entry_country=CHN;source_url=https://en.wikipedia.org/wiki/2003_World_Artistic_Gymnastics_Championships,10.0
fig_artistic_gymnastics_world_championships_2003_women_balance-beam,fig_athlete_Ctlina_Ponor_ROU,2,silver,discipline=Artistic Gymnastics - Balance beam;event=Balance beam;entry_country=ROU;source_url=https://en.wikipedia.org/wiki/2003_World_Artistic_Gymnastics_Championships,7.0
fig_artistic_gymnastics_world_championships_2003_women_balance-beam,fig_athlete_Ludmila_Ezhova_RUS,3,bronze,discipline=Artistic Gymnastics - Balance beam;event=Balance beam;entry_country=RUS;source_url=https://en.wikipedia.org/wiki/2003_World_Artistic_Gymnastics_Championships,5.0
fig_artistic_gymnastics_world_championships_2003_women_floor-exercise,fig_athlete_Daiane_dos_Santos_BRA,1,gold,discipline=Artistic Gymnastics - Floor exercise;event=Floor exercise;entry_country=BRA;source_url=https://en.wikipedia.org/wiki/2003_World_Artistic_Gymnastics_Championships,10.0
fig_artistic_gymnastics_world_championships_2003_women_floor-exercise,fig_athlete_Ctlina_Ponor_ROU,2,silver,discipline=Artistic Gymnastics - Floor exercise;event=Floor exercise;entry_country=ROU;source_url=https://en.wikipedia.org/wiki/2003_World_Artistic_Gymnastics_Championships,7.0
fig_artistic_gymnastics_world_championships_2003_women_floor-exercise,fig_athlete_Elena_Gómez_ESP,3,bronze,discipline=Artistic Gymnastics - Floor exercise;event=Floor exercise;entry_country=ESP;source_url=https://en.wikipedia.org/wiki/2003_World_Artistic_Gymnastics_Championships,5.0
fig_artistic_gymnastics_world_championships_2003_women_individual-all-around,fig_athlete_Svetlana_Khorkina_RUS,1,gold,discipline=Artistic Gymnastics - Individual all-around;event=Individual all-around;entry_country=RUS;source_url=https://en.wikipedia.org/wiki/2003_World_Artistic_Gymnastics_Championships,10.0
fig_artistic_gymnastics_world_championships_2003_women_individual-all-around,fig_athlete_Carly_Patterson_USA,2,silver,discipline=Artistic Gymnastics - Individual all-around;event=Individual all-around;entry_country=USA;source_url=https://en.wikipedia.org/wiki/2003_World_Artistic_Gymnastics_Championships,7.0
fig_artistic_gymnastics_world_championships_2003_women_individual-all-around,fig_athlete_Zhang_Nan_CHN,3,bronze,discipline=Artistic Gymnastics - Individual all-around;event=Individual all-around;entry_country=CHN;source_url=https://en.wikipedia.org/wiki/2003_World_Artistic_Gymnastics_Championships,5.0
fig_artistic_gymnastics_world_championships_2003_women_team,fig_team_United_States_USA,1,gold,discipline=Artistic Gymnastics - Team;event=Team;entry_country=USA;source_url=https://en.wikipedia.org/wiki/2003_World_Artistic_Gymnastics_Championships,10.0
fig_artistic_gymnastics_world_championships_2003_women_team,fig_team_Romania_ROU,2,silver,discipline=Artistic Gymnastics - Team;event=Team;entry_country=ROU;source_url=https://en.wikipedia.org/wiki/2003_World_Artistic_Gymnastics_Championships,7.0
fig_artistic_gymnastics_world_championships_2003_women_team,fig_team_Australia_AUS,3,bronze,discipline=Artistic Gymnastics - Team;event=Team;entry_country=AUS;source_url=https://en.wikipedia.org/wiki/2003_World_Artistic_Gymnastics_Championships,5.0
fig_artistic_gymnastics_world_championships_2003_women_uneven-bars,fig_athlete_Chellsie_Memmel_USA,1,gold,discipline=Artistic Gymnastics - Uneven bars;event=Uneven bars;entry_country=USA;source_url=https://en.wikipedia.org/wiki/2003_World_Artistic_Gymnastics_Championships,10.0
fig_artistic_gymnastics_world_championships_2003_women_uneven-bars,fig_athlete_Hollie_Vise_USA,1,gold,discipline=Artistic Gymnastics - Uneven bars;event=Uneven bars;entry_country=USA;source_url=https://en.wikipedia.org/wiki/2003_World_Artistic_Gymnastics_Championships,10.0
fig_artistic_gymnastics_world_championships_2003_women_uneven-bars,fig_athlete_Beth_Tweddle_GBR,3,bronze,discipline=Artistic Gymnastics - Uneven bars;event=Uneven bars;entry_country=GBR;source_url=https://en.wikipedia.org/wiki/2003_World_Artistic_Gymnastics_Championships,5.0
fig_artistic_gymnastics_world_championships_2003_women_vault,fig_athlete_Oksana_Chusovitina_UZB,1,gold,discipline=Artistic Gymnastics - Vault;event=Vault;entry_country=UZB;source_url=https://en.wikipedia.org/wiki/2003_World_Artistic_Gymnastics_Championships,10.0
fig_artistic_gymnastics_world_championships_2003_women_vault,fig_athlete_Kang_Yun_Mi_PRK,2,silver,discipline=Artistic Gymnastics - Vault;event=Vault;entry_country=PRK;source_url=https://en.wikipedia.org/wiki/2003_World_Artistic_Gymnastics_Championships,7.0
fig_artistic_gymnastics_world_championships_2003_women_vault,fig_athlete_Elena_Zamolodchikova_RUS,2,silver,discipline=Artistic Gymnastics - Vault;event=Vault;entry_country=RUS;source_url=https://en.wikipedia.org/wiki/2003_World_Artistic_Gymnastics_Championships,7.0
fig_artistic_gymnastics_world_championships_2005_men_floor-exercise,fig_athlete_Diego_Hypólito_BRA,1,gold,discipline=Artistic Gymnastics - Floor exercise;event=Floor exercise;entry_country=BRA;source_url=https://en.wikipedia.org/wiki/2005_World_Artistic_Gymnastics_Championships,10.0
fig_artistic_gymnastics_world_championships_2005_men_floor-exercise,fig_athlete_Brandon_ONeill_CAN,2,silver,discipline=Artistic Gymnastics - Floor exercise;event=Floor exercise;entry_country=CAN;source_url=https://en.wikipedia.org/wiki/2005_World_Artistic_Gymnastics_Championships,7.0
fig_artistic_gymnastics_world_championships_2005_men_floor-exercise,fig_athlete_Liang_Fuliang_CHN,3,bronze,discipline=Artistic Gymnastics - Floor exercise;event=Floor exercise;entry_country=CHN;source_url=https://en.wikipedia.org/wiki/2005_World_Artistic_Gymnastics_Championships,5.0
fig_artistic_gymnastics_world_championships_2005_men_floor-exercise,fig_athlete_Róbert_Gál_HUN,3,bronze,discipline=Artistic Gymnastics - Floor exercise;event=Floor exercise;entry_country=HUN;source_url=https://en.wikipedia.org/wiki/2005_World_Artistic_Gymnastics_Championships,5.0
fig_artistic_gymnastics_world_championships_2005_men_horizontal-bar,fig_athlete_Alja_Pegan_SVN,1,gold,discipline=Artistic Gymnastics - Horizontal bar;event=Horizontal bar;entry_country=SVN;source_url=https://en.wikipedia.org/wiki/2005_World_Artistic_Gymnastics_Championships,10.0
fig_artistic_gymnastics_world_championships_2005_men_horizontal-bar,fig_athlete_Yann_Cucherat_FRA,2,silver,discipline=Artistic Gymnastics - Horizontal bar;event=Horizontal bar;entry_country=FRA;source_url=https://en.wikipedia.org/wiki/2005_World_Artistic_Gymnastics_Championships,7.0
fig_artistic_gymnastics_world_championships_2005_men_horizontal-bar,fig_athlete_Valeri_Goncharov_UKR,3,bronze,discipline=Artistic Gymnastics - Horizontal bar;event=Horizontal bar;entry_country=UKR;source_url=https://en.wikipedia.org/wiki/2005_World_Artistic_Gymnastics_Championships,5.0
fig_artistic_gymnastics_world_championships_2005_men_individual-all-around,fig_athlete_Hiroyuki_Tomita_JPN,1,gold,discipline=Artistic Gymnastics - Individual all-around;event=Individual all-around;entry_country=JPN;source_url=https://en.wikipedia.org/wiki/2005_World_Artistic_Gymnastics_Championships,10.0
fig_artistic_gymnastics_world_championships_2005_men_individual-all-around,fig_athlete_Hisashi_Mizutori_JPN,2,silver,discipline=Artistic Gymnastics - Individual all-around;event=Individual all-around;entry_country=JPN;source_url=https://en.wikipedia.org/wiki/2005_World_Artistic_Gymnastics_Championships,7.0
fig_artistic_gymnastics_world_championships_2005_men_individual-all-around,fig_athlete_Denis_Savenkov_BLR,3,bronze,discipline=Artistic Gymnastics - Individual all-around;event=Individual all-around;entry_country=BLR;source_url=https://en.wikipedia.org/wiki/2005_World_Artistic_Gymnastics_Championships,5.0
fig_artistic_gymnastics_world_championships_2005_men_parallel-bars,fig_athlete_Mitja_Petkovek_SVN,1,gold,discipline=Artistic Gymnastics - Parallel Bars;event=Parallel Bars;entry_country=SVN;source_url=https://en.wikipedia.org/wiki/2005_World_Artistic_Gymnastics_Championships,10.0
fig_artistic_gymnastics_world_championships_2005_men_parallel-bars,fig_athlete_Li_Xiaopeng_CHN,2,silver,discipline=Artistic Gymnastics - Parallel Bars;event=Parallel Bars;entry_country=CHN;source_url=https://en.wikipedia.org/wiki/2005_World_Artistic_Gymnastics_Championships,7.0
fig_artistic_gymnastics_world_championships_2005_men_parallel-bars,fig_athlete_Yann_Cucherat_FRA,3,bronze,discipline=Artistic Gymnastics - Parallel Bars;event=Parallel Bars;entry_country=FRA;source_url=https://en.wikipedia.org/wiki/2005_World_Artistic_Gymnastics_Championships,5.0
fig_artistic_gymnastics_world_championships_2005_men_pommel-horse,fig_athlete_Xiao_Qin_CHN,1,gold,discipline=Artistic Gymnastics - Pommel horse;event=Pommel horse;entry_country=CHN;source_url=https://en.wikipedia.org/wiki/2005_World_Artistic_Gymnastics_Championships,10.0
fig_artistic_gymnastics_world_championships_2005_men_pommel-horse,fig_athlete_Ioan_Suciu_ROU,2,silver,discipline=Artistic Gymnastics - Pommel horse;event=Pommel horse;entry_country=ROU;source_url=https://en.wikipedia.org/wiki/2005_World_Artistic_Gymnastics_Championships,7.0
fig_artistic_gymnastics_world_championships_2005_men_pommel-horse,fig_athlete_Takehiro_Kashima_JPN,3,bronze,discipline=Artistic Gymnastics - Pommel horse;event=Pommel horse;entry_country=JPN;source_url=https://en.wikipedia.org/wiki/2005_World_Artistic_Gymnastics_Championships,5.0
fig_artistic_gymnastics_world_championships_2005_men_still-rings,fig_athlete_Yuri_van_Gelder_NLD,1,gold,discipline=Artistic Gymnastics - Still rings;event=Still rings;entry_country=NLD;source_url=https://en.wikipedia.org/wiki/2005_World_Artistic_Gymnastics_Championships,10.0
fig_artistic_gymnastics_world_championships_2005_men_still-rings,fig_athlete_Alexander_Safoshkin_RUS,2,silver,discipline=Artistic Gymnastics - Still rings;event=Still rings;entry_country=RUS;source_url=https://en.wikipedia.org/wiki/2005_World_Artistic_Gymnastics_Championships,7.0
fig_artistic_gymnastics_world_championships_2005_men_still-rings,fig_athlete_Matteo_Morandi_ITA,3,bronze,discipline=Artistic Gymnastics - Still rings;event=Still rings;entry_country=ITA;source_url=https://en.wikipedia.org/wiki/2005_World_Artistic_Gymnastics_Championships,5.0
fig_artistic_gymnastics_world_championships_2005_men_vault,fig_athlete_Marian_Drgulescu_ROU,1,gold,discipline=Artistic Gymnastics - Vault;event=Vault;entry_country=ROU;source_url=https://en.wikipedia.org/wiki/2005_World_Artistic_Gymnastics_Championships,10.0
fig_artistic_gymnastics_world_championships_2005_men_vault,fig_athlete_Leszek_Blanik_POL,2,silver,discipline=Artistic Gymnastics - Vault;event=Vault;entry_country=POL;source_url=https://en.wikipedia.org/wiki/2005_World_Artistic_Gymnastics_Championships,7.0
fig_artistic_gymnastics_world_championships_2005_men_vault,fig_athlete_Alin_Jivan_ROU,3,bronze,discipline=Artistic Gymnastics - Vault;event=Vault;entry_country=ROU;source_url=https://en.wikipedia.org/wiki/2005_World_Artistic_Gymnastics_Championships,5.0
fig_artistic_gymnastics_world_championships_2005_women_balance-beam,fig_athlete_Nastia_Liukin_USA,1,gold,discipline=Artistic Gymnastics - Balance beam;event=Balance beam;entry_country=USA;source_url=https://en.wikipedia.org/wiki/2005_World_Artistic_Gymnastics_Championships,10.0
fig_artistic_gymnastics_world_championships_2005_women_balance-beam,fig_athlete_Chellsie_Memmel_USA,2,silver,discipline=Artistic Gymnastics - Balance beam;event=Balance beam;entry_country=USA;source_url=https://en.wikipedia.org/wiki/2005_World_Artistic_Gymnastics_Championships,7.0
fig_artistic_gymnastics_world_championships_2005_women_balance-beam,fig_athlete_Ctlina_Ponor_ROU,3,bronze,discipline=Artistic Gymnastics - Balance beam;event=Balance beam;entry_country=ROU;source_url=https://en.wikipedia.org/wiki/2005_World_Artistic_Gymnastics_Championships,5.0
fig_artistic_gymnastics_world_championships_2005_women_floor-exercise,fig_athlete_Alicia_Sacramone_USA,1,gold,discipline=Artistic Gymnastics - Floor exercise;event=Floor exercise;entry_country=USA;source_url=https://en.wikipedia.org/wiki/2005_World_Artistic_Gymnastics_Championships,10.0
fig_artistic_gymnastics_world_championships_2005_women_floor-exercise,fig_athlete_Nastia_Liukin_USA,2,silver,discipline=Artistic Gymnastics - Floor exercise;event=Floor exercise;entry_country=USA;source_url=https://en.wikipedia.org/wiki/2005_World_Artistic_Gymnastics_Championships,7.0
fig_artistic_gymnastics_world_championships_2005_women_floor-exercise,fig_athlete_Suzanne_Harmes_NLD,3,bronze,discipline=Artistic Gymnastics - Floor exercise;event=Floor exercise;entry_country=NLD;source_url=https://en.wikipedia.org/wiki/2005_World_Artistic_Gymnastics_Championships,5.0
fig_artistic_gymnastics_world_championships_2005_women_individual-all-around,fig_athlete_Chellsie_Memmel_USA,1,gold,discipline=Artistic Gymnastics - Individual all-around;event=Individual all-around;entry_country=USA;source_url=https://en.wikipedia.org/wiki/2005_World_Artistic_Gymnastics_Championships,10.0
fig_artistic_gymnastics_world_championships_2005_women_individual-all-around,fig_athlete_Nastia_Liukin_USA,2,silver,discipline=Artistic Gymnastics - Individual all-around;event=Individual all-around;entry_country=USA;source_url=https://en.wikipedia.org/wiki/2005_World_Artistic_Gymnastics_Championships,7.0
fig_artistic_gymnastics_world_championships_2005_women_individual-all-around,fig_athlete_Monette_Russo_AUS,3,bronze,discipline=Artistic Gymnastics - Individual all-around;event=Individual all-around;entry_country=AUS;source_url=https://en.wikipedia.org/wiki/2005_World_Artistic_Gymnastics_Championships,5.0
fig_artistic_gymnastics_world_championships_2005_women_uneven-bars,fig_athlete_Nastia_Liukin_USA,1,gold,discipline=Artistic Gymnastics - Uneven bars;event=Uneven bars;entry_country=USA;source_url=https://en.wikipedia.org/wiki/2005_World_Artistic_Gymnastics_Championships,10.0
fig_artistic_gymnastics_world_championships_2005_women_uneven-bars,fig_athlete_Chellsie_Memmel_USA,2,silver,discipline=Artistic Gymnastics - Uneven bars;event=Uneven bars;entry_country=USA;source_url=https://en.wikipedia.org/wiki/2005_World_Artistic_Gymnastics_Championships,7.0
fig_artistic_gymnastics_world_championships_2005_women_uneven-bars,fig_athlete_Beth_Tweddle_GBR,3,bronze,discipline=Artistic Gymnastics - Uneven bars;event=Uneven bars;entry_country=GBR;source_url=https://en.wikipedia.org/wiki/2005_World_Artistic_Gymnastics_Championships,5.0
fig_artistic_gymnastics_world_championships_2005_women_vault,fig_athlete_Cheng_Fei_CHN,1,gold,discipline=Artistic Gymnastics - Vault;event=Vault;entry_country=CHN;source_url=https://en.wikipedia.org/wiki/2005_World_Artistic_Gymnastics_Championships,10.0
fig_artistic_gymnastics_world_championships_2005_women_vault,fig_athlete_Oksana_Chusovitina_UZB,2,silver,discipline=Artistic Gymnastics - Vault;event=Vault;entry_country=UZB;source_url=https://en.wikipedia.org/wiki/2005_World_Artistic_Gymnastics_Championships,7.0
fig_artistic_gymnastics_world_championships_2005_women_vault,fig_athlete_Alicia_Sacramone_USA,3,bronze,discipline=Artistic Gymnastics - Vault;event=Vault;entry_country=USA;source_url=https://en.wikipedia.org/wiki/2005_World_Artistic_Gymnastics_Championships,5.0
fig_artistic_gymnastics_world_championships_2006_men_floor-exercise,fig_athlete_Marian_Drgulescu_ROU,1,gold,discipline=Artistic Gymnastics - Floor exercise;event=Floor exercise;entry_country=ROU;source_url=https://en.wikipedia.org/wiki/2006_World_Artistic_Gymnastics_Championships,10.0
fig_artistic_gymnastics_world_championships_2006_men_floor-exercise,fig_athlete_Diego_Hypólito_BRA,2,silver,discipline=Artistic Gymnastics - Floor exercise;event=Floor exercise;entry_country=BRA;source_url=https://en.wikipedia.org/wiki/2006_World_Artistic_Gymnastics_Championships,7.0
fig_artistic_gymnastics_world_championships_2006_men_floor-exercise,fig_athlete_Kyle_Shewfelt_CAN,3,bronze,discipline=Artistic Gymnastics - Floor exercise;event=Floor exercise;entry_country=CAN;source_url=https://en.wikipedia.org/wiki/2006_World_Artistic_Gymnastics_Championships,5.0
fig_artistic_gymnastics_world_championships_2006_men_horizontal-bar,fig_athlete_Philippe_Rizzo_AUS,1,gold,discipline=Artistic Gymnastics - Horizontal bar;event=Horizontal bar;entry_country=AUS;source_url=https://en.wikipedia.org/wiki/2006_World_Artistic_Gymnastics_Championships,10.0
fig_artistic_gymnastics_world_championships_2006_men_horizontal-bar,fig_athlete_Alja_Pegan_SVN,2,silver,discipline=Artistic Gymnastics - Horizontal bar;event=Horizontal bar;entry_country=SVN;source_url=https://en.wikipedia.org/wiki/2006_World_Artistic_Gymnastics_Championships,7.0
fig_artistic_gymnastics_world_championships_2006_men_horizontal-bar,fig_athlete_Vlasios_Maras_GRC,3,bronze,discipline=Artistic Gymnastics - Horizontal bar;event=Horizontal bar;entry_country=GRC;source_url=https://en.wikipedia.org/wiki/2006_World_Artistic_Gymnastics_Championships,5.0
fig_artistic_gymnastics_world_championships_2006_men_individual-all-around,fig_athlete_Yang_Wei_CHN,1,gold,discipline=Artistic Gymnastics - Individual all-around;event=Individual all-around;entry_country=CHN;source_url=https://en.wikipedia.org/wiki/2006_World_Artistic_Gymnastics_Championships,10.0
fig_artistic_gymnastics_world_championships_2006_men_individual-all-around,fig_athlete_Hiroyuki_Tomita_JPN,2,silver,discipline=Artistic Gymnastics - Individual all-around;event=Individual all-around;entry_country=JPN;source_url=https://en.wikipedia.org/wiki/2006_World_Artistic_Gymnastics_Championships,7.0
fig_artistic_gymnastics_world_championships_2006_men_individual-all-around,fig_athlete_Fabian_Hambüchen_DEU,3,bronze,discipline=Artistic Gymnastics - Individual all-around;event=Individual all-around;entry_country=DEU;source_url=https://en.wikipedia.org/wiki/2006_World_Artistic_Gymnastics_Championships,5.0
fig_artistic_gymnastics_world_championships_2006_men_parallel-bars,fig_athlete_Yang_Wei_CHN,1,gold,discipline=Artistic Gymnastics - Parallel bars;event=Parallel bars;entry_country=CHN;source_url=https://en.wikipedia.org/wiki/2006_World_Artistic_Gymnastics_Championships,10.0
fig_artistic_gymnastics_world_championships_2006_men_parallel-bars,fig_athlete_Hiroyuki_Tomita_JPN,2,silver,discipline=Artistic Gymnastics - Parallel bars;event=Parallel bars;entry_country=JPN;source_url=https://en.wikipedia.org/wiki/2006_World_Artistic_Gymnastics_Championships,7.0
fig_artistic_gymnastics_world_championships_2006_men_parallel-bars,fig_athlete_Yoo_Won-chul_KOR,2,silver,discipline=Artistic Gymnastics - Parallel bars;event=Parallel bars;entry_country=KOR;source_url=https://en.wikipedia.org/wiki/2006_World_Artistic_Gymnastics_Championships,7.0
fig_artistic_gymnastics_world_championships_2006_men_pommel-horse,fig_athlete_Xiao_Qin_CHN,1,gold,discipline=Artistic Gymnastics - Pommel horse;event=Pommel horse;entry_country=CHN;source_url=https://en.wikipedia.org/wiki/2006_World_Artistic_Gymnastics_Championships,10.0
fig_artistic_gymnastics_world_championships_2006_men_pommel-horse,fig_athlete_Prashanth_Sellathurai_AUS,2,silver,discipline=Artistic Gymnastics - Pommel horse;event=Pommel horse;entry_country=AUS;source_url=https://en.wikipedia.org/wiki/2006_World_Artistic_Gymnastics_Championships,7.0
fig_artistic_gymnastics_world_championships_2006_men_pommel-horse,fig_athlete_Alexander_Artemev_USA,3,bronze,discipline=Artistic Gymnastics - Pommel horse;event=Pommel horse;entry_country=USA;source_url=https://en.wikipedia.org/wiki/2006_World_Artistic_Gymnastics_Championships,5.0
fig_artistic_gymnastics_world_championships_2006_men_still-rings,fig_athlete_Chen_Yibing_CHN,1,gold,discipline=Artistic Gymnastics - Still rings;event=Still rings;entry_country=CHN;source_url=https://en.wikipedia.org/wiki/2006_World_Artistic_Gymnastics_Championships,10.0
fig_artistic_gymnastics_world_championships_2006_men_still-rings,fig_athlete_Yordan_Yovchev_BGR,2,silver,discipline=Artistic Gymnastics - Still rings;event=Still rings;entry_country=BGR;source_url=https://en.wikipedia.org/wiki/2006_World_Artistic_Gymnastics_Championships,7.0
fig_artistic_gymnastics_world_championships_2006_men_still-rings,fig_athlete_Yuri_van_Gelder_NLD,3,bronze,discipline=Artistic Gymnastics - Still rings;event=Still rings;entry_country=NLD;source_url=https://en.wikipedia.org/wiki/2006_World_Artistic_Gymnastics_Championships,5.0
fig_artistic_gymnastics_world_championships_2006_men_team,fig_team_China_CHN,1,gold,discipline=Artistic Gymnastics - Team;event=Team;entry_country=CHN;source_url=https://en.wikipedia.org/wiki/2006_World_Artistic_Gymnastics_Championships,10.0
fig_artistic_gymnastics_world_championships_2006_men_team,fig_team_Russia_RUS,2,silver,discipline=Artistic Gymnastics - Team;event=Team;entry_country=RUS;source_url=https://en.wikipedia.org/wiki/2006_World_Artistic_Gymnastics_Championships,7.0
fig_artistic_gymnastics_world_championships_2006_men_team,fig_team_Japan_JPN,3,bronze,discipline=Artistic Gymnastics - Team;event=Team;entry_country=JPN;source_url=https://en.wikipedia.org/wiki/2006_World_Artistic_Gymnastics_Championships,5.0
fig_artistic_gymnastics_world_championships_2006_men_vault,fig_athlete_Marian_Drgulescu_ROU,1,gold,discipline=Artistic Gymnastics - Vault;event=Vault;entry_country=ROU;source_url=https://en.wikipedia.org/wiki/2006_World_Artistic_Gymnastics_Championships,10.0
fig_artistic_gymnastics_world_championships_2006_men_vault,fig_athlete_Dmitry_Kasperovich_BLR,2,silver,discipline=Artistic Gymnastics - Vault;event=Vault;entry_country=BLR;source_url=https://en.wikipedia.org/wiki/2006_World_Artistic_Gymnastics_Championships,7.0
fig_artistic_gymnastics_world_championships_2006_men_vault,fig_athlete_Fabian_Hambüchen_DEU,3,bronze,discipline=Artistic Gymnastics - Vault;event=Vault;entry_country=DEU;source_url=https://en.wikipedia.org/wiki/2006_World_Artistic_Gymnastics_Championships,5.0
fig_artistic_gymnastics_world_championships_2006_women_balance-beam,fig_athlete_Iryna_Krasnianska_UKR,1,gold,discipline=Artistic Gymnastics - Balance beam;event=Balance beam;entry_country=UKR;source_url=https://en.wikipedia.org/wiki/2006_World_Artistic_Gymnastics_Championships,10.0
fig_artistic_gymnastics_world_championships_2006_women_balance-beam,fig_athlete_Sandra_Izbaa_ROU,2,silver,discipline=Artistic Gymnastics - Balance beam;event=Balance beam;entry_country=ROU;source_url=https://en.wikipedia.org/wiki/2006_World_Artistic_Gymnastics_Championships,7.0
fig_artistic_gymnastics_world_championships_2006_women_balance-beam,fig_athlete_Elyse_Hopfner-Hibbs_CAN,3,bronze,discipline=Artistic Gymnastics - Balance beam;event=Balance beam;entry_country=CAN;source_url=https://en.wikipedia.org/wiki/2006_World_Artistic_Gymnastics_Championships,5.0
fig_artistic_gymnastics_world_championships_2006_women_floor-exercise,fig_athlete_Cheng_Fei_CHN,1,gold,discipline=Artistic Gymnastics - Floor exercise;event=Floor exercise;entry_country=CHN;source_url=https://en.wikipedia.org/wiki/2006_World_Artistic_Gymnastics_Championships,10.0
fig_artistic_gymnastics_world_championships_2006_women_floor-exercise,fig_athlete_Jana_Bieger_USA,2,silver,discipline=Artistic Gymnastics - Floor exercise;event=Floor exercise;entry_country=USA;source_url=https://en.wikipedia.org/wiki/2006_World_Artistic_Gymnastics_Championships,7.0
fig_artistic_gymnastics_world_championships_2006_women_floor-exercise,fig_athlete_Vanessa_Ferrari_ITA,3,bronze,discipline=Artistic Gymnastics - Floor exercise;event=Floor exercise;entry_country=ITA;source_url=https://en.wikipedia.org/wiki/2006_World_Artistic_Gymnastics_Championships,5.0
fig_artistic_gymnastics_world_championships_2006_women_individual-all-around,fig_athlete_Vanessa_Ferrari_ITA,1,gold,discipline=Artistic Gymnastics - Individual all-around;event=Individual all-around;entry_country=ITA;source_url=https://en.wikipedia.org/wiki/2006_World_Artistic_Gymnastics_Championships,10.0
fig_artistic_gymnastics_world_championships_2006_women_individual-all-around,fig_athlete_Jana_Bieger_USA,2,silver,discipline=Artistic Gymnastics - Individual all-around;event=Individual all-around;entry_country=USA;source_url=https://en.wikipedia.org/wiki/2006_World_Artistic_Gymnastics_Championships,7.0
fig_artistic_gymnastics_world_championships_2006_women_individual-all-around,fig_athlete_Sandra_Izbaa_ROU,3,bronze,discipline=Artistic Gymnastics - Individual all-around;event=Individual all-around;entry_country=ROU;source_url=https://en.wikipedia.org/wiki/2006_World_Artistic_Gymnastics_Championships,5.0
fig_artistic_gymnastics_world_championships_2006_women_team,fig_team_China_CHN,1,gold,discipline=Artistic Gymnastics - Team;event=Team;entry_country=CHN;source_url=https://en.wikipedia.org/wiki/2006_World_Artistic_Gymnastics_Championships,10.0
fig_artistic_gymnastics_world_championships_2006_women_team,fig_team_United_States_USA,2,silver,discipline=Artistic Gymnastics - Team;event=Team;entry_country=USA;source_url=https://en.wikipedia.org/wiki/2006_World_Artistic_Gymnastics_Championships,7.0
fig_artistic_gymnastics_world_championships_2006_women_team,fig_team_Russia_RUS,3,bronze,discipline=Artistic Gymnastics - Team;event=Team;entry_country=RUS;source_url=https://en.wikipedia.org/wiki/2006_World_Artistic_Gymnastics_Championships,5.0
fig_artistic_gymnastics_world_championships_2006_women_uneven-bars,fig_athlete_Beth_Tweddle_GBR,1,gold,discipline=Artistic Gymnastics - Uneven bars;event=Uneven bars;entry_country=GBR;source_url=https://en.wikipedia.org/wiki/2006_World_Artistic_Gymnastics_Championships,10.0
fig_artistic_gymnastics_world_championships_2006_women_uneven-bars,fig_athlete_Nastia_Liukin_USA,2,silver,discipline=Artistic Gymnastics - Uneven bars;event=Uneven bars;entry_country=USA;source_url=https://en.wikipedia.org/wiki/2006_World_Artistic_Gymnastics_Championships,7.0
fig_artistic_gymnastics_world_championships_2006_women_uneven-bars,fig_athlete_Vanessa_Ferrari_ITA,3,bronze,discipline=Artistic Gymnastics - Uneven bars;event=Uneven bars;entry_country=ITA;source_url=https://en.wikipedia.org/wiki/2006_World_Artistic_Gymnastics_Championships,5.0
fig_artistic_gymnastics_world_championships_2006_women_vault,fig_athlete_Cheng_Fei_CHN,1,gold,discipline=Artistic Gymnastics - Vault;event=Vault;entry_country=CHN;source_url=https://en.wikipedia.org/wiki/2006_World_Artistic_Gymnastics_Championships,10.0
fig_artistic_gymnastics_world_championships_2006_women_vault,fig_athlete_Alicia_Sacramone_USA,2,silver,discipline=Artistic Gymnastics - Vault;event=Vault;entry_country=USA;source_url=https://en.wikipedia.org/wiki/2006_World_Artistic_Gymnastics_Championships,7.0
fig_artistic_gymnastics_world_championships_2006_women_vault,fig_athlete_Oksana_Chusovitina_DEU,3,bronze,discipline=Artistic Gymnastics - Vault;event=Vault;entry_country=DEU;source_url=https://en.wikipedia.org/wiki/2006_World_Artistic_Gymnastics_Championships,5.0
fig_artistic_gymnastics_world_championships_2007_men_floor-exercise,fig_athlete_Diego_Hypólito_BRA,1,gold,discipline=Artistic Gymnastics - Floor exercise;event=Floor exercise;entry_country=BRA;source_url=https://en.wikipedia.org/wiki/2007_World_Artistic_Gymnastics_Championships,10.0
fig_artistic_gymnastics_world_championships_2007_men_floor-exercise,fig_athlete_Gervasio_Deferr_ESP,2,silver,discipline=Artistic Gymnastics - Floor exercise;event=Floor exercise;entry_country=ESP;source_url=https://en.wikipedia.org/wiki/2007_World_Artistic_Gymnastics_Championships,7.0
fig_artistic_gymnastics_world_championships_2007_men_floor-exercise,fig_athlete_Hisashi_Mizutori_JPN,3,bronze,discipline=Artistic Gymnastics - Floor exercise;event=Floor exercise;entry_country=JPN;source_url=https://en.wikipedia.org/wiki/2007_World_Artistic_Gymnastics_Championships,5.0
fig_artistic_gymnastics_world_championships_2007_men_horizontal-bar,fig_athlete_Fabian_Hambüchen_DEU,1,gold,discipline=Artistic Gymnastics - Horizontal bar;event=Horizontal bar;entry_country=DEU;source_url=https://en.wikipedia.org/wiki/2007_World_Artistic_Gymnastics_Championships,10.0
fig_artistic_gymnastics_world_championships_2007_men_horizontal-bar,fig_athlete_Alja_Pegan_SVN,2,silver,discipline=Artistic Gymnastics - Horizontal bar;event=Horizontal bar;entry_country=SVN;source_url=https://en.wikipedia.org/wiki/2007_World_Artistic_Gymnastics_Championships,7.0
fig_artistic_gymnastics_world_championships_2007_men_horizontal-bar,fig_athlete_Hisashi_Mizutori_JPN,3,bronze,discipline=Artistic Gymnastics - Horizontal bar;event=Horizontal bar;entry_country=JPN;source_url=https://en.wikipedia.org/wiki/2007_World_Artistic_Gymnastics_Championships,5.0
fig_artistic_gymnastics_world_championships_2007_men_individual-all-around,fig_athlete_Yang_Wei_CHN,1,gold,discipline=Artistic Gymnastics - Individual all-around;event=Individual all-around;entry_country=CHN;source_url=https://en.wikipedia.org/wiki/2007_World_Artistic_Gymnastics_Championships,10.0
fig_artistic_gymnastics_world_championships_2007_men_individual-all-around,fig_athlete_Fabian_Hambüchen_DEU,2,silver,discipline=Artistic Gymnastics - Individual all-around;event=Individual all-around;entry_country=DEU;source_url=https://en.wikipedia.org/wiki/2007_World_Artistic_Gymnastics_Championships,7.0
fig_artistic_gymnastics_world_championships_2007_men_individual-all-around,fig_athlete_Hisashi_Mizutori_JPN,3,bronze,discipline=Artistic Gymnastics - Individual all-around;event=Individual all-around;entry_country=JPN;source_url=https://en.wikipedia.org/wiki/2007_World_Artistic_Gymnastics_Championships,5.0
fig_artistic_gymnastics_world_championships_2007_men_parallel-bars,fig_athlete_Kim_Dae-Eun_KOR,1,gold,discipline=Artistic Gymnastics - Parallel bars;event=Parallel bars;entry_country=KOR;source_url=https://en.wikipedia.org/wiki/2007_World_Artistic_Gymnastics_Championships,10.0
fig_artistic_gymnastics_world_championships_2007_men_parallel-bars,fig_athlete_Mitja_Petkovek_SVN,1,gold,discipline=Artistic Gymnastics - Parallel bars;event=Parallel bars;entry_country=SVN;source_url=https://en.wikipedia.org/wiki/2007_World_Artistic_Gymnastics_Championships,10.0
fig_artistic_gymnastics_world_championships_2007_men_parallel-bars,fig_athlete_Anton_Fokin_UZB,3,bronze,discipline=Artistic Gymnastics - Parallel bars;event=Parallel bars;entry_country=UZB;source_url=https://en.wikipedia.org/wiki/2007_World_Artistic_Gymnastics_Championships,5.0
fig_artistic_gymnastics_world_championships_2007_men_pommel-horse,fig_athlete_Xiao_Qin_CHN,1,gold,discipline=Artistic Gymnastics - Pommel horse;event=Pommel horse;entry_country=CHN;source_url=https://en.wikipedia.org/wiki/2007_World_Artistic_Gymnastics_Championships,10.0
fig_artistic_gymnastics_world_championships_2007_men_pommel-horse,fig_athlete_Krisztián_Berki_HUN,2,silver,discipline=Artistic Gymnastics - Pommel horse;event=Pommel horse;entry_country=HUN;source_url=https://en.wikipedia.org/wiki/2007_World_Artistic_Gymnastics_Championships,7.0
fig_artistic_gymnastics_world_championships_2007_men_pommel-horse,fig_athlete_Louis_Smith_GBR,3,bronze,discipline=Artistic Gymnastics - Pommel horse;event=Pommel horse;entry_country=GBR;source_url=https://en.wikipedia.org/wiki/2007_World_Artistic_Gymnastics_Championships,5.0
fig_artistic_gymnastics_world_championships_2007_men_still-rings,fig_athlete_Chen_Yibing_CHN,1,gold,discipline=Artistic Gymnastics - Still rings;event=Still rings;entry_country=CHN;source_url=https://en.wikipedia.org/wiki/2007_World_Artistic_Gymnastics_Championships,10.0
fig_artistic_gymnastics_world_championships_2007_men_still-rings,fig_athlete_Yuri_van_Gelder_NLD,2,silver,discipline=Artistic Gymnastics - Still rings;event=Still rings;entry_country=NLD;source_url=https://en.wikipedia.org/wiki/2007_World_Artistic_Gymnastics_Championships,7.0
fig_artistic_gymnastics_world_championships_2007_men_still-rings,fig_athlete_Yordan_Yovchev_BGR,3,bronze,discipline=Artistic Gymnastics - Still rings;event=Still rings;entry_country=BGR;source_url=https://en.wikipedia.org/wiki/2007_World_Artistic_Gymnastics_Championships,5.0
fig_artistic_gymnastics_world_championships_2007_men_team,fig_team_China_CHN,1,gold,discipline=Artistic Gymnastics - Team;event=Team;entry_country=CHN;source_url=https://en.wikipedia.org/wiki/2007_World_Artistic_Gymnastics_Championships,10.0
fig_artistic_gymnastics_world_championships_2007_men_team,fig_team_Japan_JPN,2,silver,discipline=Artistic Gymnastics - Team;event=Team;entry_country=JPN;source_url=https://en.wikipedia.org/wiki/2007_World_Artistic_Gymnastics_Championships,7.0
fig_artistic_gymnastics_world_championships_2007_men_team,fig_team_Germany_DEU,3,bronze,discipline=Artistic Gymnastics - Team;event=Team;entry_country=DEU;source_url=https://en.wikipedia.org/wiki/2007_World_Artistic_Gymnastics_Championships,5.0
fig_artistic_gymnastics_world_championships_2007_men_vault,fig_athlete_Leszek_Blanik_POL,1,gold,discipline=Artistic Gymnastics - Vault;event=Vault;entry_country=POL;source_url=https://en.wikipedia.org/wiki/2007_World_Artistic_Gymnastics_Championships,10.0
fig_artistic_gymnastics_world_championships_2007_men_vault,fig_athlete_Ilie_Daniel_Popescu_ROU,2,silver,discipline=Artistic Gymnastics - Vault;event=Vault;entry_country=ROU;source_url=https://en.wikipedia.org/wiki/2007_World_Artistic_Gymnastics_Championships,7.0
fig_artistic_gymnastics_world_championships_2007_men_vault,fig_athlete_Ri_Se-Gwang_PRK,3,bronze,discipline=Artistic Gymnastics - Vault;event=Vault;entry_country=PRK;source_url=https://en.wikipedia.org/wiki/2007_World_Artistic_Gymnastics_Championships,5.0
fig_artistic_gymnastics_world_championships_2007_women_balance-beam,fig_athlete_Nastia_Liukin_USA,1,gold,discipline=Artistic Gymnastics - Balance beam;event=Balance beam;entry_country=USA;source_url=https://en.wikipedia.org/wiki/2007_World_Artistic_Gymnastics_Championships,10.0
fig_artistic_gymnastics_world_championships_2007_women_balance-beam,fig_athlete_Li_Shanshan_CHN,2,silver,discipline=Artistic Gymnastics - Balance beam;event=Balance beam;entry_country=CHN;source_url=https://en.wikipedia.org/wiki/2007_World_Artistic_Gymnastics_Championships,7.0
fig_artistic_gymnastics_world_championships_2007_women_balance-beam,fig_athlete_Steliana_Nistor_ROU,2,silver,discipline=Artistic Gymnastics - Balance beam;event=Balance beam;entry_country=ROU;source_url=https://en.wikipedia.org/wiki/2007_World_Artistic_Gymnastics_Championships,7.0
fig_artistic_gymnastics_world_championships_2007_women_floor-exercise,fig_athlete_Shawn_Johnson_USA,1,gold,discipline=Artistic Gymnastics - Floor exercise;event=Floor exercise;entry_country=USA;source_url=https://en.wikipedia.org/wiki/2007_World_Artistic_Gymnastics_Championships,10.0
fig_artistic_gymnastics_world_championships_2007_women_floor-exercise,fig_athlete_Alicia_Sacramone_USA,2,silver,discipline=Artistic Gymnastics - Floor exercise;event=Floor exercise;entry_country=USA;source_url=https://en.wikipedia.org/wiki/2007_World_Artistic_Gymnastics_Championships,7.0
fig_artistic_gymnastics_world_championships_2007_women_floor-exercise,fig_athlete_Cassy_Vericel_FRA,3,bronze,discipline=Artistic Gymnastics - Floor exercise;event=Floor exercise;entry_country=FRA;source_url=https://en.wikipedia.org/wiki/2007_World_Artistic_Gymnastics_Championships,5.0
fig_artistic_gymnastics_world_championships_2007_women_individual-all-around,fig_athlete_Shawn_Johnson_USA,1,gold,discipline=Artistic Gymnastics - Individual all-around;event=Individual all-around;entry_country=USA;source_url=https://en.wikipedia.org/wiki/2007_World_Artistic_Gymnastics_Championships,10.0
fig_artistic_gymnastics_world_championships_2007_women_individual-all-around,fig_athlete_Steliana_Nistor_ROU,2,silver,discipline=Artistic Gymnastics - Individual all-around;event=Individual all-around;entry_country=ROU;source_url=https://en.wikipedia.org/wiki/2007_World_Artistic_Gymnastics_Championships,7.0
fig_artistic_gymnastics_world_championships_2007_women_individual-all-around,fig_athlete_Jade_Barbosa_BRA,3,bronze,discipline=Artistic Gymnastics - Individual all-around;event=Individual all-around;entry_country=BRA;source_url=https://en.wikipedia.org/wiki/2007_World_Artistic_Gymnastics_Championships,5.0
fig_artistic_gymnastics_world_championships_2007_women_individual-all-around,fig_athlete_Vanessa_Ferrari_ITA,3,bronze,discipline=Artistic Gymnastics - Individual all-around;event=Individual all-around;entry_country=ITA;source_url=https://en.wikipedia.org/wiki/2007_World_Artistic_Gymnastics_Championships,5.0
fig_artistic_gymnastics_world_championships_2007_women_team,fig_team_United_States_USA,1,gold,discipline=Artistic Gymnastics - Team;event=Team;entry_country=USA;source_url=https://en.wikipedia.org/wiki/2007_World_Artistic_Gymnastics_Championships,10.0
fig_artistic_gymnastics_world_championships_2007_women_team,fig_team_China_CHN,2,silver,discipline=Artistic Gymnastics - Team;event=Team;entry_country=CHN;source_url=https://en.wikipedia.org/wiki/2007_World_Artistic_Gymnastics_Championships,7.0
fig_artistic_gymnastics_world_championships_2007_women_team,fig_team_Romania_ROU,3,bronze,discipline=Artistic Gymnastics - Team;event=Team;entry_country=ROU;source_url=https://en.wikipedia.org/wiki/2007_World_Artistic_Gymnastics_Championships,5.0
fig_artistic_gymnastics_world_championships_2007_women_uneven-bars,fig_athlete_Ksenia_Semenova_RUS,1,gold,discipline=Artistic Gymnastics - Uneven bars;event=Uneven bars;entry_country=RUS;source_url=https://en.wikipedia.org/wiki/2007_World_Artistic_Gymnastics_Championships,10.0
fig_artistic_gymnastics_world_championships_2007_women_uneven-bars,fig_athlete_Nastia_Liukin_USA,2,silver,discipline=Artistic Gymnastics - Uneven bars;event=Uneven bars;entry_country=USA;source_url=https://en.wikipedia.org/wiki/2007_World_Artistic_Gymnastics_Championships,7.0
fig_artistic_gymnastics_world_championships_2007_women_uneven-bars,fig_athlete_Yang_Yilin_CHN,3,bronze,discipline=Artistic Gymnastics - Uneven bars;event=Uneven bars;entry_country=CHN;source_url=https://en.wikipedia.org/wiki/2007_World_Artistic_Gymnastics_Championships,5.0
fig_artistic_gymnastics_world_championships_2007_women_vault,fig_athlete_Cheng_Fei_CHN,1,gold,discipline=Artistic Gymnastics - Vault;event=Vault;entry_country=CHN;source_url=https://en.wikipedia.org/wiki/2007_World_Artistic_Gymnastics_Championships,10.0
fig_artistic_gymnastics_world_championships_2007_women_vault,fig_athlete_Hong_Su_Jong_PRK,2,silver,discipline=Artistic Gymnastics - Vault;event=Vault;entry_country=PRK;source_url=https://en.wikipedia.org/wiki/2007_World_Artistic_Gymnastics_Championships,7.0
fig_artistic_gymnastics_world_championships_2007_women_vault,fig_athlete_Alicia_Sacramone_USA,3,bronze,discipline=Artistic Gymnastics - Vault;event=Vault;entry_country=USA;source_url=https://en.wikipedia.org/wiki/2007_World_Artistic_Gymnastics_Championships,5.0
fig_artistic_gymnastics_world_championships_2009_men_floor-exercise,fig_athlete_Marian_Drgulescu_ROU,1,gold,discipline=Artistic Gymnastics - Floor exercise;event=Floor exercise;entry_country=ROU;source_url=https://en.wikipedia.org/wiki/2009_World_Artistic_Gymnastics_Championships,10.0
fig_artistic_gymnastics_world_championships_2009_men_floor-exercise,fig_athlete_Zou_Kai_CHN,2,silver,discipline=Artistic Gymnastics - Floor exercise;event=Floor exercise;entry_country=CHN;source_url=https://en.wikipedia.org/wiki/2009_World_Artistic_Gymnastics_Championships,7.0
fig_artistic_gymnastics_world_championships_2009_men_floor-exercise,fig_athlete_Alexander_Shatilov_ISR,3,bronze,discipline=Artistic Gymnastics - Floor exercise;event=Floor exercise;entry_country=ISR;source_url=https://en.wikipedia.org/wiki/2009_World_Artistic_Gymnastics_Championships,5.0
fig_artistic_gymnastics_world_championships_2009_men_horizontal-bar,fig_athlete_Zou_Kai_CHN,1,gold,discipline=Artistic Gymnastics - Horizontal bar;event=Horizontal bar;entry_country=CHN;source_url=https://en.wikipedia.org/wiki/2009_World_Artistic_Gymnastics_Championships,10.0
fig_artistic_gymnastics_world_championships_2009_men_horizontal-bar,fig_athlete_Epke_Zonderland_NLD,2,silver,discipline=Artistic Gymnastics - Horizontal bar;event=Horizontal bar;entry_country=NLD;source_url=https://en.wikipedia.org/wiki/2009_World_Artistic_Gymnastics_Championships,7.0
fig_artistic_gymnastics_world_championships_2009_men_horizontal-bar,fig_athlete_Igor_Cassina_ITA,3,bronze,discipline=Artistic Gymnastics - Horizontal bar;event=Horizontal bar;entry_country=ITA;source_url=https://en.wikipedia.org/wiki/2009_World_Artistic_Gymnastics_Championships,5.0
fig_artistic_gymnastics_world_championships_2009_men_individual-all-around,fig_athlete_Khei_Uchimura_JPN,1,gold,discipline=Artistic Gymnastics - Individual all-around;event=Individual all-around;entry_country=JPN;source_url=https://en.wikipedia.org/wiki/2009_World_Artistic_Gymnastics_Championships,10.0
fig_artistic_gymnastics_world_championships_2009_men_individual-all-around,fig_athlete_Daniel_Keatings_GBR,2,silver,discipline=Artistic Gymnastics - Individual all-around;event=Individual all-around;entry_country=GBR;source_url=https://en.wikipedia.org/wiki/2009_World_Artistic_Gymnastics_Championships,7.0
fig_artistic_gymnastics_world_championships_2009_men_individual-all-around,fig_athlete_Yury_Ryazanov_RUS,3,bronze,discipline=Artistic Gymnastics - Individual all-around;event=Individual all-around;entry_country=RUS;source_url=https://en.wikipedia.org/wiki/2009_World_Artistic_Gymnastics_Championships,5.0
fig_artistic_gymnastics_world_championships_2009_men_parallel-bars,fig_athlete_Wang_Guanyin_CHN,1,gold,discipline=Artistic Gymnastics - Parallel bars;event=Parallel bars;entry_country=CHN;source_url=https://en.wikipedia.org/wiki/2009_World_Artistic_Gymnastics_Championships,10.0
fig_artistic_gymnastics_world_championships_2009_men_parallel-bars,fig_athlete_Feng_Zhe_CHN,2,silver,discipline=Artistic Gymnastics - Parallel bars;event=Parallel bars;entry_country=CHN;source_url=https://en.wikipedia.org/wiki/2009_World_Artistic_Gymnastics_Championships,7.0
fig_artistic_gymnastics_world_championships_2009_men_parallel-bars,fig_athlete_Kazuhito_Tanaka_JPN,3,bronze,discipline=Artistic Gymnastics - Parallel bars;event=Parallel bars;entry_country=JPN;source_url=https://en.wikipedia.org/wiki/2009_World_Artistic_Gymnastics_Championships,5.0
fig_artistic_gymnastics_world_championships_2009_men_pommel-horse,fig_athlete_Zhang_Hongtao_CHN,1,gold,discipline=Artistic Gymnastics - Pommel horse;event=Pommel horse;entry_country=CHN;source_url=https://en.wikipedia.org/wiki/2009_World_Artistic_Gymnastics_Championships,10.0
fig_artistic_gymnastics_world_championships_2009_men_pommel-horse,fig_athlete_Krisztián_Berki_HUN,2,silver,discipline=Artistic Gymnastics - Pommel horse;event=Pommel horse;entry_country=HUN;source_url=https://en.wikipedia.org/wiki/2009_World_Artistic_Gymnastics_Championships,7.0
fig_artistic_gymnastics_world_championships_2009_men_pommel-horse,fig_athlete_Prashanth_Sellathurai_AUS,3,bronze,discipline=Artistic Gymnastics - Pommel horse;event=Pommel horse;entry_country=AUS;source_url=https://en.wikipedia.org/wiki/2009_World_Artistic_Gymnastics_Championships,5.0
fig_artistic_gymnastics_world_championships_2009_men_still-rings,fig_athlete_Yan_Mingyong_CHN,1,gold,discipline=Artistic Gymnastics - Still rings;event=Still rings;entry_country=CHN;source_url=https://en.wikipedia.org/wiki/2009_World_Artistic_Gymnastics_Championships,10.0
fig_artistic_gymnastics_world_championships_2009_men_still-rings,fig_athlete_Yordan_Yovchev_BGR,2,silver,discipline=Artistic Gymnastics - Still rings;event=Still rings;entry_country=BGR;source_url=https://en.wikipedia.org/wiki/2009_World_Artistic_Gymnastics_Championships,7.0
fig_artistic_gymnastics_world_championships_2009_men_still-rings,fig_athlete_Oleksandr_Vorobiov_UKR,3,bronze,discipline=Artistic Gymnastics - Still rings;event=Still rings;entry_country=UKR;source_url=https://en.wikipedia.org/wiki/2009_World_Artistic_Gymnastics_Championships,5.0
fig_artistic_gymnastics_world_championships_2009_men_vault,fig_athlete_Marian_Drgulescu_ROU,1,gold,discipline=Artistic Gymnastics - Vault;event=Vault;entry_country=ROU;source_url=https://en.wikipedia.org/wiki/2009_World_Artistic_Gymnastics_Championships,10.0
fig_artistic_gymnastics_world_championships_2009_men_vault,fig_athlete_Flavius_Koczi_ROU,2,silver,discipline=Artistic Gymnastics - Vault;event=Vault;entry_country=ROU;source_url=https://en.wikipedia.org/wiki/2009_World_Artistic_Gymnastics_Championships,7.0
fig_artistic_gymnastics_world_championships_2009_men_vault,fig_athlete_Anton_Golotsutskov_RUS,3,bronze,discipline=Artistic Gymnastics - Vault;event=Vault;entry_country=RUS;source_url=https://en.wikipedia.org/wiki/2009_World_Artistic_Gymnastics_Championships,5.0
fig_artistic_gymnastics_world_championships_2009_women_balance-beam,fig_athlete_Deng_Linlin_CHN,1,gold,discipline=Artistic Gymnastics - Balance beam;event=Balance beam;entry_country=CHN;source_url=https://en.wikipedia.org/wiki/2009_World_Artistic_Gymnastics_Championships,10.0
fig_artistic_gymnastics_world_championships_2009_women_balance-beam,fig_athlete_Lauren_Mitchell_AUS,2,silver,discipline=Artistic Gymnastics - Balance beam;event=Balance beam;entry_country=AUS;source_url=https://en.wikipedia.org/wiki/2009_World_Artistic_Gymnastics_Championships,7.0
fig_artistic_gymnastics_world_championships_2009_women_balance-beam,fig_athlete_Ivana_Hong_USA,3,bronze,discipline=Artistic Gymnastics - Balance beam;event=Balance beam;entry_country=USA;source_url=https://en.wikipedia.org/wiki/2009_World_Artistic_Gymnastics_Championships,5.0
fig_artistic_gymnastics_world_championships_2009_women_floor-exercise,fig_athlete_Elizabeth_Tweddle_GBR,1,gold,discipline=Artistic Gymnastics - Floor exercise;event=Floor exercise;entry_country=GBR;source_url=https://en.wikipedia.org/wiki/2009_World_Artistic_Gymnastics_Championships,10.0
fig_artistic_gymnastics_world_championships_2009_women_floor-exercise,fig_athlete_Lauren_Mitchell_AUS,2,silver,discipline=Artistic Gymnastics - Floor exercise;event=Floor exercise;entry_country=AUS;source_url=https://en.wikipedia.org/wiki/2009_World_Artistic_Gymnastics_Championships,7.0
fig_artistic_gymnastics_world_championships_2009_women_floor-exercise,fig_athlete_Sui_Lu_CHN,3,bronze,discipline=Artistic Gymnastics - Floor exercise;event=Floor exercise;entry_country=CHN;source_url=https://en.wikipedia.org/wiki/2009_World_Artistic_Gymnastics_Championships,5.0
fig_artistic_gymnastics_world_championships_2009_women_individual-all-around,fig_athlete_Bridget_Sloan_USA,1,gold,discipline=Artistic Gymnastics - Individual all-around;event=Individual all-around;entry_country=USA;source_url=https://en.wikipedia.org/wiki/2009_World_Artistic_Gymnastics_Championships,10.0
fig_artistic_gymnastics_world_championships_2009_women_individual-all-around,fig_athlete_Rebecca_Bross_USA,2,silver,discipline=Artistic Gymnastics - Individual all-around;event=Individual all-around;entry_country=USA;source_url=https://en.wikipedia.org/wiki/2009_World_Artistic_Gymnastics_Championships,7.0
fig_artistic_gymnastics_world_championships_2009_women_individual-all-around,fig_athlete_Koko_Tsurumi_JPN,3,bronze,discipline=Artistic Gymnastics - Individual all-around;event=Individual all-around;entry_country=JPN;source_url=https://en.wikipedia.org/wiki/2009_World_Artistic_Gymnastics_Championships,5.0
fig_artistic_gymnastics_world_championships_2009_women_uneven-bars,fig_athlete_He_Kexin_CHN,1,gold,discipline=Artistic Gymnastics - Uneven bars;event=Uneven bars;entry_country=CHN;source_url=https://en.wikipedia.org/wiki/2009_World_Artistic_Gymnastics_Championships,10.0
fig_artistic_gymnastics_world_championships_2009_women_uneven-bars,fig_athlete_Koko_Tsurumi_JPN,2,silver,discipline=Artistic Gymnastics - Uneven bars;event=Uneven bars;entry_country=JPN;source_url=https://en.wikipedia.org/wiki/2009_World_Artistic_Gymnastics_Championships,7.0
fig_artistic_gymnastics_world_championships_2009_women_uneven-bars,fig_athlete_Rebecca_Bross_USA,3,bronze,discipline=Artistic Gymnastics - Uneven bars;event=Uneven bars;entry_country=USA;source_url=https://en.wikipedia.org/wiki/2009_World_Artistic_Gymnastics_Championships,5.0
fig_artistic_gymnastics_world_championships_2009_women_vault,fig_athlete_Kayla_Williams_USA,1,gold,discipline=Artistic Gymnastics - Vault;event=Vault;entry_country=USA;source_url=https://en.wikipedia.org/wiki/2009_World_Artistic_Gymnastics_Championships,10.0
fig_artistic_gymnastics_world_championships_2009_women_vault,fig_athlete_Ariella_Käslin_CHE,2,silver,discipline=Artistic Gymnastics - Vault;event=Vault;entry_country=CHE;source_url=https://en.wikipedia.org/wiki/2009_World_Artistic_Gymnastics_Championships,7.0
fig_artistic_gymnastics_world_championships_2009_women_vault,fig_athlete_Youna_Dufournet_FRA,3,bronze,discipline=Artistic Gymnastics - Vault;event=Vault;entry_country=FRA;source_url=https://en.wikipedia.org/wiki/2009_World_Artistic_Gymnastics_Championships,5.0
fig_artistic_gymnastics_world_championships_2010_men_floor-exercise,fig_athlete_Eleftherios_Kosmidis_GRC,1,gold,discipline=Artistic Gymnastics - Floor exercise;event=Floor exercise;entry_country=GRC;source_url=https://en.wikipedia.org/wiki/2010_World_Artistic_Gymnastics_Championships,10.0
fig_artistic_gymnastics_world_championships_2010_men_floor-exercise,fig_athlete_Khei_Uchimura_JPN,2,silver,discipline=Artistic Gymnastics - Floor exercise;event=Floor exercise;entry_country=JPN;source_url=https://en.wikipedia.org/wiki/2010_World_Artistic_Gymnastics_Championships,7.0
fig_artistic_gymnastics_world_championships_2010_men_floor-exercise,fig_athlete_Daniel_Purvis_GBR,3,bronze,discipline=Artistic Gymnastics - Floor exercise;event=Floor exercise;entry_country=GBR;source_url=https://en.wikipedia.org/wiki/2010_World_Artistic_Gymnastics_Championships,5.0
fig_artistic_gymnastics_world_championships_2010_men_horizontal-bar,fig_athlete_Zhang_Chenglong_CHN,1,gold,discipline=Artistic Gymnastics - Horizontal bar;event=Horizontal bar;entry_country=CHN;source_url=https://en.wikipedia.org/wiki/2010_World_Artistic_Gymnastics_Championships,10.0
fig_artistic_gymnastics_world_championships_2010_men_horizontal-bar,fig_athlete_Epke_Zonderland_NLD,2,silver,discipline=Artistic Gymnastics - Horizontal bar;event=Horizontal bar;entry_country=NLD;source_url=https://en.wikipedia.org/wiki/2010_World_Artistic_Gymnastics_Championships,7.0
fig_artistic_gymnastics_world_championships_2010_men_horizontal-bar,fig_athlete_Fabian_Hambüchen_DEU,3,bronze,discipline=Artistic Gymnastics - Horizontal bar;event=Horizontal bar;entry_country=DEU;source_url=https://en.wikipedia.org/wiki/2010_World_Artistic_Gymnastics_Championships,5.0
fig_artistic_gymnastics_world_championships_2010_men_individual-all-around,fig_athlete_Khei_Uchimura_JPN,1,gold,discipline=Artistic Gymnastics - Individual all-around;event=Individual all-around;entry_country=JPN;source_url=https://en.wikipedia.org/wiki/2010_World_Artistic_Gymnastics_Championships,10.0
fig_artistic_gymnastics_world_championships_2010_men_individual-all-around,fig_athlete_Philipp_Boy_DEU,2,silver,discipline=Artistic Gymnastics - Individual all-around;event=Individual all-around;entry_country=DEU;source_url=https://en.wikipedia.org/wiki/2010_World_Artistic_Gymnastics_Championships,7.0
fig_artistic_gymnastics_world_championships_2010_men_individual-all-around,fig_athlete_Jonathan_Horton_USA,3,bronze,discipline=Artistic Gymnastics - Individual all-around;event=Individual all-around;entry_country=USA;source_url=https://en.wikipedia.org/wiki/2010_World_Artistic_Gymnastics_Championships,5.0
fig_artistic_gymnastics_world_championships_2010_men_parallel-bars,fig_athlete_Feng_Zhe_CHN,1,gold,discipline=Artistic Gymnastics - Parallel bars;event=Parallel bars;entry_country=CHN;source_url=https://en.wikipedia.org/wiki/2010_World_Artistic_Gymnastics_Championships,10.0
fig_artistic_gymnastics_world_championships_2010_men_parallel-bars,fig_athlete_Teng_Haibin_CHN,2,silver,discipline=Artistic Gymnastics - Parallel bars;event=Parallel bars;entry_country=CHN;source_url=https://en.wikipedia.org/wiki/2010_World_Artistic_Gymnastics_Championships,7.0
fig_artistic_gymnastics_world_championships_2010_men_parallel-bars,fig_athlete_Khei_Uchimura_JPN,3,bronze,discipline=Artistic Gymnastics - Parallel bars;event=Parallel bars;entry_country=JPN;source_url=https://en.wikipedia.org/wiki/2010_World_Artistic_Gymnastics_Championships,5.0
fig_artistic_gymnastics_world_championships_2010_men_pommel-horse,fig_athlete_Krisztián_Berki_HUN,1,gold,discipline=Artistic Gymnastics - Pommel horse;event=Pommel horse;entry_country=HUN;source_url=https://en.wikipedia.org/wiki/2010_World_Artistic_Gymnastics_Championships,10.0
fig_artistic_gymnastics_world_championships_2010_men_pommel-horse,fig_athlete_Louis_Smith_GBR,2,silver,discipline=Artistic Gymnastics - Pommel horse;event=Pommel horse;entry_country=GBR;source_url=https://en.wikipedia.org/wiki/2010_World_Artistic_Gymnastics_Championships,7.0
fig_artistic_gymnastics_world_championships_2010_men_pommel-horse,fig_athlete_Prashanth_Sellathurai_AUS,3,bronze,discipline=Artistic Gymnastics - Pommel horse;event=Pommel horse;entry_country=AUS;source_url=https://en.wikipedia.org/wiki/2010_World_Artistic_Gymnastics_Championships,5.0
fig_artistic_gymnastics_world_championships_2010_men_still-rings,fig_athlete_Chen_Yibing_CHN,1,gold,discipline=Artistic Gymnastics - Still rings;event=Still rings;entry_country=CHN;source_url=https://en.wikipedia.org/wiki/2010_World_Artistic_Gymnastics_Championships,10.0
fig_artistic_gymnastics_world_championships_2010_men_still-rings,fig_athlete_Yan_Mingyong_CHN,2,silver,discipline=Artistic Gymnastics - Still rings;event=Still rings;entry_country=CHN;source_url=https://en.wikipedia.org/wiki/2010_World_Artistic_Gymnastics_Championships,7.0
fig_artistic_gymnastics_world_championships_2010_men_still-rings,fig_athlete_Matteo_Morandi_ITA,3,bronze,discipline=Artistic Gymnastics - Still rings;event=Still rings;entry_country=ITA;source_url=https://en.wikipedia.org/wiki/2010_World_Artistic_Gymnastics_Championships,5.0
fig_artistic_gymnastics_world_championships_2010_men_team,fig_team_China_CHN,1,gold,discipline=Artistic Gymnastics - Team;event=Team;entry_country=CHN;source_url=https://en.wikipedia.org/wiki/2010_World_Artistic_Gymnastics_Championships,10.0
fig_artistic_gymnastics_world_championships_2010_men_team,fig_team_Japan_JPN,2,silver,discipline=Artistic Gymnastics - Team;event=Team;entry_country=JPN;source_url=https://en.wikipedia.org/wiki/2010_World_Artistic_Gymnastics_Championships,7.0
fig_artistic_gymnastics_world_championships_2010_men_team,fig_team_Germany_DEU,3,bronze,discipline=Artistic Gymnastics - Team;event=Team;entry_country=DEU;source_url=https://en.wikipedia.org/wiki/2010_World_Artistic_Gymnastics_Championships,5.0
fig_artistic_gymnastics_world_championships_2010_men_vault,fig_athlete_Thomas_Bouhail_FRA,1,gold,discipline=Artistic Gymnastics - Vault;event=Vault;entry_country=FRA;source_url=https://en.wikipedia.org/wiki/2010_World_Artistic_Gymnastics_Championships,10.0
fig_artistic_gymnastics_world_championships_2010_men_vault,fig_athlete_Anton_Golotsutskov_RUS,2,silver,discipline=Artistic Gymnastics - Vault;event=Vault;entry_country=RUS;source_url=https://en.wikipedia.org/wiki/2010_World_Artistic_Gymnastics_Championships,7.0
fig_artistic_gymnastics_world_championships_2010_men_vault,fig_athlete_Dzmitry_Kaspiarovich_BLR,3,bronze,discipline=Artistic Gymnastics - Vault;event=Vault;entry_country=BLR;source_url=https://en.wikipedia.org/wiki/2010_World_Artistic_Gymnastics_Championships,5.0
fig_artistic_gymnastics_world_championships_2010_women_balance-beam,fig_athlete_Ana_Porgras_ROU,1,gold,discipline=Artistic Gymnastics - Balance beam;event=Balance beam;entry_country=ROU;source_url=https://en.wikipedia.org/wiki/2010_World_Artistic_Gymnastics_Championships,10.0
fig_artistic_gymnastics_world_championships_2010_women_balance-beam,fig_athlete_Deng_Linlin_CHN,2,silver,discipline=Artistic Gymnastics - Balance beam;event=Balance beam;entry_country=CHN;source_url=https://en.wikipedia.org/wiki/2010_World_Artistic_Gymnastics_Championships,7.0
fig_artistic_gymnastics_world_championships_2010_women_balance-beam,fig_athlete_Rebecca_Bross_USA,2,silver,discipline=Artistic Gymnastics - Balance beam;event=Balance beam;entry_country=USA;source_url=https://en.wikipedia.org/wiki/2010_World_Artistic_Gymnastics_Championships,7.0
fig_artistic_gymnastics_world_championships_2010_women_floor-exercise,fig_athlete_Lauren_Mitchell_AUS,1,gold,discipline=Artistic Gymnastics - Floor exercise;event=Floor exercise;entry_country=AUS;source_url=https://en.wikipedia.org/wiki/2010_World_Artistic_Gymnastics_Championships,10.0
fig_artistic_gymnastics_world_championships_2010_women_floor-exercise,fig_athlete_Diana_Chelaru_ROU,2,silver,discipline=Artistic Gymnastics - Floor exercise;event=Floor exercise;entry_country=ROU;source_url=https://en.wikipedia.org/wiki/2010_World_Artistic_Gymnastics_Championships,7.0
fig_artistic_gymnastics_world_championships_2010_women_floor-exercise,fig_athlete_Aliya_Mustafina_RUS,2,silver,discipline=Artistic Gymnastics - Floor exercise;event=Floor exercise;entry_country=RUS;source_url=https://en.wikipedia.org/wiki/2010_World_Artistic_Gymnastics_Championships,7.0
fig_artistic_gymnastics_world_championships_2010_women_individual-all-around,fig_athlete_Aliya_Mustafina_RUS,1,gold,discipline=Artistic Gymnastics - Individual all-around;event=Individual all-around;entry_country=RUS;source_url=https://en.wikipedia.org/wiki/2010_World_Artistic_Gymnastics_Championships,10.0
fig_artistic_gymnastics_world_championships_2010_women_individual-all-around,fig_athlete_Jiang_Yuyuan_CHN,2,silver,discipline=Artistic Gymnastics - Individual all-around;event=Individual all-around;entry_country=CHN;source_url=https://en.wikipedia.org/wiki/2010_World_Artistic_Gymnastics_Championships,7.0
fig_artistic_gymnastics_world_championships_2010_women_individual-all-around,fig_athlete_Rebecca_Bross_USA,3,bronze,discipline=Artistic Gymnastics - Individual all-around;event=Individual all-around;entry_country=USA;source_url=https://en.wikipedia.org/wiki/2010_World_Artistic_Gymnastics_Championships,5.0
fig_artistic_gymnastics_world_championships_2010_women_team,fig_team_Russia_RUS,1,gold,discipline=Artistic Gymnastics - Team;event=Team;entry_country=RUS;source_url=https://en.wikipedia.org/wiki/2010_World_Artistic_Gymnastics_Championships,10.0
fig_artistic_gymnastics_world_championships_2010_women_team,fig_team_United_States_USA,2,silver,discipline=Artistic Gymnastics - Team;event=Team;entry_country=USA;source_url=https://en.wikipedia.org/wiki/2010_World_Artistic_Gymnastics_Championships,7.0
fig_artistic_gymnastics_world_championships_2010_women_team,fig_team_China_CHN,3,bronze,discipline=Artistic Gymnastics - Team;event=Team;entry_country=CHN;source_url=https://en.wikipedia.org/wiki/2010_World_Artistic_Gymnastics_Championships,5.0
fig_artistic_gymnastics_world_championships_2010_women_uneven-bars,fig_athlete_Beth_Tweddle_GBR,1,gold,discipline=Artistic Gymnastics - Uneven bars;event=Uneven bars;entry_country=GBR;source_url=https://en.wikipedia.org/wiki/2010_World_Artistic_Gymnastics_Championships,10.0
fig_artistic_gymnastics_world_championships_2010_women_uneven-bars,fig_athlete_Aliya_Mustafina_RUS,2,silver,discipline=Artistic Gymnastics - Uneven bars;event=Uneven bars;entry_country=RUS;source_url=https://en.wikipedia.org/wiki/2010_World_Artistic_Gymnastics_Championships,7.0
fig_artistic_gymnastics_world_championships_2010_women_uneven-bars,fig_athlete_Rebecca_Bross_USA,3,bronze,discipline=Artistic Gymnastics - Uneven bars;event=Uneven bars;entry_country=USA;source_url=https://en.wikipedia.org/wiki/2010_World_Artistic_Gymnastics_Championships,5.0
fig_artistic_gymnastics_world_championships_2010_women_vault,fig_athlete_Alicia_Sacramone_USA,1,gold,discipline=Artistic Gymnastics - Vault;event=Vault;entry_country=USA;source_url=https://en.wikipedia.org/wiki/2010_World_Artistic_Gymnastics_Championships,10.0
fig_artistic_gymnastics_world_championships_2010_women_vault,fig_athlete_Aliya_Mustafina_RUS,2,silver,discipline=Artistic Gymnastics - Vault;event=Vault;entry_country=RUS;source_url=https://en.wikipedia.org/wiki/2010_World_Artistic_Gymnastics_Championships,7.0
fig_artistic_gymnastics_world_championships_2010_women_vault,fig_athlete_Jade_Barbosa_BRA,3,bronze,discipline=Artistic Gymnastics - Vault;event=Vault;entry_country=BRA;source_url=https://en.wikipedia.org/wiki/2010_World_Artistic_Gymnastics_Championships,5.0
fig_artistic_gymnastics_world_championships_2011_men_floor-exercise,fig_athlete_Khei_Uchimura_JPN,1,gold,discipline=Artistic Gymnastics - Floor exercise;event=Floor exercise;entry_country=JPN;source_url=https://en.wikipedia.org/wiki/2011_World_Artistic_Gymnastics_Championships,10.0
fig_artistic_gymnastics_world_championships_2011_men_floor-exercise,fig_athlete_Zou_Kai_CHN,2,silver,discipline=Artistic Gymnastics - Floor exercise;event=Floor exercise;entry_country=CHN;source_url=https://en.wikipedia.org/wiki/2011_World_Artistic_Gymnastics_Championships,7.0
fig_artistic_gymnastics_world_championships_2011_men_floor-exercise,fig_athlete_Diego_Hypólito_BRA,3,bronze,discipline=Artistic Gymnastics - Floor exercise;event=Floor exercise;entry_country=BRA;source_url=https://en.wikipedia.org/wiki/2011_World_Artistic_Gymnastics_Championships,5.0
fig_artistic_gymnastics_world_championships_2011_men_floor-exercise,fig_athlete_Alexander_Shatilov_ISR,3,bronze,discipline=Artistic Gymnastics - Floor exercise;event=Floor exercise;entry_country=ISR;source_url=https://en.wikipedia.org/wiki/2011_World_Artistic_Gymnastics_Championships,5.0
fig_artistic_gymnastics_world_championships_2011_men_horizontal-bar,fig_athlete_Zou_Kai_CHN,1,gold,discipline=Artistic Gymnastics - Horizontal bar;event=Horizontal bar;entry_country=CHN;source_url=https://en.wikipedia.org/wiki/2011_World_Artistic_Gymnastics_Championships,10.0
fig_artistic_gymnastics_world_championships_2011_men_horizontal-bar,fig_athlete_Zhang_Chenglong_CHN,2,silver,discipline=Artistic Gymnastics - Horizontal bar;event=Horizontal bar;entry_country=CHN;source_url=https://en.wikipedia.org/wiki/2011_World_Artistic_Gymnastics_Championships,7.0
fig_artistic_gymnastics_world_championships_2011_men_horizontal-bar,fig_athlete_Khei_Uchimura_JPN,3,bronze,discipline=Artistic Gymnastics - Horizontal bar;event=Horizontal bar;entry_country=JPN;source_url=https://en.wikipedia.org/wiki/2011_World_Artistic_Gymnastics_Championships,5.0
fig_artistic_gymnastics_world_championships_2011_men_individual-all-around,fig_athlete_Khei_Uchimura_JPN,1,gold,discipline=Artistic Gymnastics - Individual all-around;event=Individual all-around;entry_country=JPN;source_url=https://en.wikipedia.org/wiki/2011_World_Artistic_Gymnastics_Championships,10.0
fig_artistic_gymnastics_world_championships_2011_men_individual-all-around,fig_athlete_Philipp_Boy_DEU,2,silver,discipline=Artistic Gymnastics - Individual all-around;event=Individual all-around;entry_country=DEU;source_url=https://en.wikipedia.org/wiki/2011_World_Artistic_Gymnastics_Championships,7.0
fig_artistic_gymnastics_world_championships_2011_men_individual-all-around,fig_athlete_Koji_Yamamuro_JPN,3,bronze,discipline=Artistic Gymnastics - Individual all-around;event=Individual all-around;entry_country=JPN;source_url=https://en.wikipedia.org/wiki/2011_World_Artistic_Gymnastics_Championships,5.0
fig_artistic_gymnastics_world_championships_2011_men_parallel-bars,fig_athlete_Danell_Leyva_USA,1,gold,discipline=Artistic Gymnastics - Parallel bars;event=Parallel bars;entry_country=USA;source_url=https://en.wikipedia.org/wiki/2011_World_Artistic_Gymnastics_Championships,10.0
fig_artistic_gymnastics_world_championships_2011_men_parallel-bars,fig_athlete_Zhang_Chenglong_CHN,2,silver,discipline=Artistic Gymnastics - Parallel bars;event=Parallel bars;entry_country=CHN;source_url=https://en.wikipedia.org/wiki/2011_World_Artistic_Gymnastics_Championships,7.0
fig_artistic_gymnastics_world_championships_2011_men_parallel-bars,fig_athlete_Vasileios_Tsolakidis_GRC,2,silver,discipline=Artistic Gymnastics - Parallel bars;event=Parallel bars;entry_country=GRC;source_url=https://en.wikipedia.org/wiki/2011_World_Artistic_Gymnastics_Championships,7.0
fig_artistic_gymnastics_world_championships_2011_men_pommel-horse,fig_athlete_Krisztián_Berki_HUN,1,gold,discipline=Artistic Gymnastics - Pommel horse;event=Pommel horse;entry_country=HUN;source_url=https://en.wikipedia.org/wiki/2011_World_Artistic_Gymnastics_Championships,10.0
fig_artistic_gymnastics_world_championships_2011_men_pommel-horse,fig_athlete_Cyril_Tommasone_FRA,2,silver,discipline=Artistic Gymnastics - Pommel horse;event=Pommel horse;entry_country=FRA;source_url=https://en.wikipedia.org/wiki/2011_World_Artistic_Gymnastics_Championships,7.0
fig_artistic_gymnastics_world_championships_2011_men_pommel-horse,fig_athlete_Louis_Smith_GBR,3,bronze,discipline=Artistic Gymnastics - Pommel horse;event=Pommel horse;entry_country=GBR;source_url=https://en.wikipedia.org/wiki/2011_World_Artistic_Gymnastics_Championships,5.0
fig_artistic_gymnastics_world_championships_2011_men_still-rings,fig_athlete_Chen_Yibing_CHN,1,gold,discipline=Artistic Gymnastics - Still rings;event=Still rings;entry_country=CHN;source_url=https://en.wikipedia.org/wiki/2011_World_Artistic_Gymnastics_Championships,10.0
fig_artistic_gymnastics_world_championships_2011_men_still-rings,fig_athlete_Arthur_Zanetti_BRA,2,silver,discipline=Artistic Gymnastics - Still rings;event=Still rings;entry_country=BRA;source_url=https://en.wikipedia.org/wiki/2011_World_Artistic_Gymnastics_Championships,7.0
fig_artistic_gymnastics_world_championships_2011_men_still-rings,fig_athlete_Koji_Yamamuro_JPN,3,bronze,discipline=Artistic Gymnastics - Still rings;event=Still rings;entry_country=JPN;source_url=https://en.wikipedia.org/wiki/2011_World_Artistic_Gymnastics_Championships,5.0
fig_artistic_gymnastics_world_championships_2011_men_team,fig_team_China_CHN,1,gold,discipline=Artistic Gymnastics - Team;event=Team;entry_country=CHN;source_url=https://en.wikipedia.org/wiki/2011_World_Artistic_Gymnastics_Championships,10.0
fig_artistic_gymnastics_world_championships_2011_men_team,fig_team_Japan_JPN,2,silver,discipline=Artistic Gymnastics - Team;event=Team;entry_country=JPN;source_url=https://en.wikipedia.org/wiki/2011_World_Artistic_Gymnastics_Championships,7.0
fig_artistic_gymnastics_world_championships_2011_men_team,fig_team_United_States_USA,3,bronze,discipline=Artistic Gymnastics - Team;event=Team;entry_country=USA;source_url=https://en.wikipedia.org/wiki/2011_World_Artistic_Gymnastics_Championships,5.0
fig_artistic_gymnastics_world_championships_2011_men_vault,fig_athlete_Yang_Hak-Seon_KOR,1,gold,discipline=Artistic Gymnastics - Vault;event=Vault;entry_country=KOR;source_url=https://en.wikipedia.org/wiki/2011_World_Artistic_Gymnastics_Championships,10.0
fig_artistic_gymnastics_world_championships_2011_men_vault,fig_athlete_Anton_Golotsutskov_RUS,2,silver,discipline=Artistic Gymnastics - Vault;event=Vault;entry_country=RUS;source_url=https://en.wikipedia.org/wiki/2011_World_Artistic_Gymnastics_Championships,7.0
fig_artistic_gymnastics_world_championships_2011_men_vault,fig_athlete_Makoto_Okiguchi_JPN,3,bronze,discipline=Artistic Gymnastics - Vault;event=Vault;entry_country=JPN;source_url=https://en.wikipedia.org/wiki/2011_World_Artistic_Gymnastics_Championships,5.0
fig_artistic_gymnastics_world_championships_2011_women_balance-beam,fig_athlete_Sui_Lu_CHN,1,gold,discipline=Artistic Gymnastics - Balance beam;event=Balance beam;entry_country=CHN;source_url=https://en.wikipedia.org/wiki/2011_World_Artistic_Gymnastics_Championships,10.0
fig_artistic_gymnastics_world_championships_2011_women_balance-beam,fig_athlete_Yao_Jinnan_CHN,2,silver,discipline=Artistic Gymnastics - Balance beam;event=Balance beam;entry_country=CHN;source_url=https://en.wikipedia.org/wiki/2011_World_Artistic_Gymnastics_Championships,7.0
fig_artistic_gymnastics_world_championships_2011_women_balance-beam,fig_athlete_Jordyn_Wieber_USA,3,bronze,discipline=Artistic Gymnastics - Balance beam;event=Balance beam;entry_country=USA;source_url=https://en.wikipedia.org/wiki/2011_World_Artistic_Gymnastics_Championships,5.0
fig_artistic_gymnastics_world_championships_2011_women_floor-exercise,fig_athlete_Ksenia_Afanasyeva_RUS,1,gold,discipline=Artistic Gymnastics - Floor exercise;event=Floor exercise;entry_country=RUS;source_url=https://en.wikipedia.org/wiki/2011_World_Artistic_Gymnastics_Championships,10.0
fig_artistic_gymnastics_world_championships_2011_women_floor-exercise,fig_athlete_Sui_Lu_CHN,2,silver,discipline=Artistic Gymnastics - Floor exercise;event=Floor exercise;entry_country=CHN;source_url=https://en.wikipedia.org/wiki/2011_World_Artistic_Gymnastics_Championships,7.0
fig_artistic_gymnastics_world_championships_2011_women_floor-exercise,fig_athlete_Aly_Raisman_USA,3,bronze,discipline=Artistic Gymnastics - Floor exercise;event=Floor exercise;entry_country=USA;source_url=https://en.wikipedia.org/wiki/2011_World_Artistic_Gymnastics_Championships,5.0
fig_artistic_gymnastics_world_championships_2011_women_individual-all-around,fig_athlete_Jordyn_Wieber_USA,1,gold,discipline=Artistic Gymnastics - Individual all-around;event=Individual all-around;entry_country=USA;source_url=https://en.wikipedia.org/wiki/2011_World_Artistic_Gymnastics_Championships,10.0
fig_artistic_gymnastics_world_championships_2011_women_individual-all-around,fig_athlete_Viktoria_Komova_RUS,2,silver,discipline=Artistic Gymnastics - Individual all-around;event=Individual all-around;entry_country=RUS;source_url=https://en.wikipedia.org/wiki/2011_World_Artistic_Gymnastics_Championships,7.0
fig_artistic_gymnastics_world_championships_2011_women_individual-all-around,fig_athlete_Yao_Jinnan_CHN,3,bronze,discipline=Artistic Gymnastics - Individual all-around;event=Individual all-around;entry_country=CHN;source_url=https://en.wikipedia.org/wiki/2011_World_Artistic_Gymnastics_Championships,5.0
fig_artistic_gymnastics_world_championships_2011_women_team,fig_team_United_States_USA,1,gold,discipline=Artistic Gymnastics - Team;event=Team;entry_country=USA;source_url=https://en.wikipedia.org/wiki/2011_World_Artistic_Gymnastics_Championships,10.0
fig_artistic_gymnastics_world_championships_2011_women_team,fig_team_Russia_RUS,2,silver,discipline=Artistic Gymnastics - Team;event=Team;entry_country=RUS;source_url=https://en.wikipedia.org/wiki/2011_World_Artistic_Gymnastics_Championships,7.0
fig_artistic_gymnastics_world_championships_2011_women_team,fig_team_China_CHN,3,bronze,discipline=Artistic Gymnastics - Team;event=Team;entry_country=CHN;source_url=https://en.wikipedia.org/wiki/2011_World_Artistic_Gymnastics_Championships,5.0
fig_artistic_gymnastics_world_championships_2011_women_uneven-bars,fig_athlete_Viktoria_Komova_RUS,1,gold,discipline=Artistic Gymnastics - Uneven bars;event=Uneven bars;entry_country=RUS;source_url=https://en.wikipedia.org/wiki/2011_World_Artistic_Gymnastics_Championships,10.0
fig_artistic_gymnastics_world_championships_2011_women_uneven-bars,fig_athlete_Tatiana_Nabieva_RUS,2,silver,discipline=Artistic Gymnastics - Uneven bars;event=Uneven bars;entry_country=RUS;source_url=https://en.wikipedia.org/wiki/2011_World_Artistic_Gymnastics_Championships,7.0
fig_artistic_gymnastics_world_championships_2011_women_uneven-bars,fig_athlete_Huang_Qiushuang_CHN,3,bronze,discipline=Artistic Gymnastics - Uneven bars;event=Uneven bars;entry_country=CHN;source_url=https://en.wikipedia.org/wiki/2011_World_Artistic_Gymnastics_Championships,5.0
fig_artistic_gymnastics_world_championships_2011_women_vault,fig_athlete_McKayla_Maroney_USA,1,gold,discipline=Artistic Gymnastics - Vault;event=Vault;entry_country=USA;source_url=https://en.wikipedia.org/wiki/2011_World_Artistic_Gymnastics_Championships,10.0
fig_artistic_gymnastics_world_championships_2011_women_vault,fig_athlete_Oksana_Chusovitina_DEU,2,silver,discipline=Artistic Gymnastics - Vault;event=Vault;entry_country=DEU;source_url=https://en.wikipedia.org/wiki/2011_World_Artistic_Gymnastics_Championships,7.0
fig_artistic_gymnastics_world_championships_2011_women_vault,fig_athlete_Phan_Th_Hà_Thanh_VIE,3,bronze,discipline=Artistic Gymnastics - Vault;event=Vault;entry_country=VIE;source_url=https://en.wikipedia.org/wiki/2011_World_Artistic_Gymnastics_Championships,5.0
fig_artistic_gymnastics_world_championships_2013_men_floor-exercise,fig_athlete_Kenzo_Shirai_JPN,1,gold,discipline=Artistic Gymnastics - Floor exercise;event=Floor exercise;entry_country=JPN;source_url=https://en.wikipedia.org/wiki/2013_World_Artistic_Gymnastics_Championships,10.0
fig_artistic_gymnastics_world_championships_2013_men_floor-exercise,fig_athlete_Jacob_Dalton_USA,2,silver,discipline=Artistic Gymnastics - Floor exercise;event=Floor exercise;entry_country=USA;source_url=https://en.wikipedia.org/wiki/2013_World_Artistic_Gymnastics_Championships,7.0
fig_artistic_gymnastics_world_championships_2013_men_floor-exercise,fig_athlete_Khei_Uchimura_JPN,3,bronze,discipline=Artistic Gymnastics - Floor exercise;event=Floor exercise;entry_country=JPN;source_url=https://en.wikipedia.org/wiki/2013_World_Artistic_Gymnastics_Championships,5.0
fig_artistic_gymnastics_world_championships_2013_men_horizontal-bar,fig_athlete_Epke_Zonderland_NLD,1,gold,discipline=Artistic Gymnastics - Horizontal bar;event=Horizontal bar;entry_country=NLD;source_url=https://en.wikipedia.org/wiki/2013_World_Artistic_Gymnastics_Championships,10.0
fig_artistic_gymnastics_world_championships_2013_men_horizontal-bar,fig_athlete_Fabian_Hambüchen_DEU,2,silver,discipline=Artistic Gymnastics - Horizontal bar;event=Horizontal bar;entry_country=DEU;source_url=https://en.wikipedia.org/wiki/2013_World_Artistic_Gymnastics_Championships,7.0
fig_artistic_gymnastics_world_championships_2013_men_horizontal-bar,fig_athlete_Khei_Uchimura_JPN,3,bronze,discipline=Artistic Gymnastics - Horizontal bar;event=Horizontal bar;entry_country=JPN;source_url=https://en.wikipedia.org/wiki/2013_World_Artistic_Gymnastics_Championships,5.0
fig_artistic_gymnastics_world_championships_2013_men_individual-all-around,fig_athlete_Khei_Uchimura_JPN,1,gold,discipline=Artistic Gymnastics - Individual all-around;event=Individual all-around;entry_country=JPN;source_url=https://en.wikipedia.org/wiki/2013_World_Artistic_Gymnastics_Championships,10.0
fig_artistic_gymnastics_world_championships_2013_men_individual-all-around,fig_athlete_Ryohei_Kato_JPN,2,silver,discipline=Artistic Gymnastics - Individual all-around;event=Individual all-around;entry_country=JPN;source_url=https://en.wikipedia.org/wiki/2013_World_Artistic_Gymnastics_Championships,7.0
fig_artistic_gymnastics_world_championships_2013_men_individual-all-around,fig_athlete_Fabian_Hambüchen_DEU,3,bronze,discipline=Artistic Gymnastics - Individual all-around;event=Individual all-around;entry_country=DEU;source_url=https://en.wikipedia.org/wiki/2013_World_Artistic_Gymnastics_Championships,5.0
fig_artistic_gymnastics_world_championships_2013_men_parallel-bars,fig_athlete_Lin_Chaopan_CHN,1,gold,discipline=Artistic Gymnastics - Parallel bars;event=Parallel bars;entry_country=CHN;source_url=https://en.wikipedia.org/wiki/2013_World_Artistic_Gymnastics_Championships,10.0
fig_artistic_gymnastics_world_championships_2013_men_parallel-bars,fig_athlete_Khei_Uchimura_JPN,1,gold,discipline=Artistic Gymnastics - Parallel bars;event=Parallel bars;entry_country=JPN;source_url=https://en.wikipedia.org/wiki/2013_World_Artistic_Gymnastics_Championships,10.0
fig_artistic_gymnastics_world_championships_2013_men_parallel-bars,fig_athlete_John_Orozco_USA,3,bronze,discipline=Artistic Gymnastics - Parallel bars;event=Parallel bars;entry_country=USA;source_url=https://en.wikipedia.org/wiki/2013_World_Artistic_Gymnastics_Championships,5.0
fig_artistic_gymnastics_world_championships_2013_men_pommel-horse,fig_athlete_Kohei_Kameyama_JPN,1,gold,discipline=Artistic Gymnastics - Pommel horse;event=Pommel horse;entry_country=JPN;source_url=https://en.wikipedia.org/wiki/2013_World_Artistic_Gymnastics_Championships,10.0
fig_artistic_gymnastics_world_championships_2013_men_pommel-horse,fig_athlete_Max_Whitlock_GBR,2,silver,discipline=Artistic Gymnastics - Pommel horse;event=Pommel horse;entry_country=GBR;source_url=https://en.wikipedia.org/wiki/2013_World_Artistic_Gymnastics_Championships,7.0
fig_artistic_gymnastics_world_championships_2013_men_pommel-horse,fig_athlete_Daniel_Corral_MEX,2,silver,discipline=Artistic Gymnastics - Pommel horse;event=Pommel horse;entry_country=MEX;source_url=https://en.wikipedia.org/wiki/2013_World_Artistic_Gymnastics_Championships,7.0
fig_artistic_gymnastics_world_championships_2013_men_still-rings,fig_athlete_Arthur_Zanetti_BRA,1,gold,discipline=Artistic Gymnastics - Still rings;event=Still rings;entry_country=BRA;source_url=https://en.wikipedia.org/wiki/2013_World_Artistic_Gymnastics_Championships,10.0
fig_artistic_gymnastics_world_championships_2013_men_still-rings,fig_athlete_Aleksandr_Balandin_RUS,2,silver,discipline=Artistic Gymnastics - Still rings;event=Still rings;entry_country=RUS;source_url=https://en.wikipedia.org/wiki/2013_World_Artistic_Gymnastics_Championships,7.0
fig_artistic_gymnastics_world_championships_2013_men_still-rings,fig_athlete_Brandon_Wynn_USA,3,bronze,discipline=Artistic Gymnastics - Still rings;event=Still rings;entry_country=USA;source_url=https://en.wikipedia.org/wiki/2013_World_Artistic_Gymnastics_Championships,5.0
fig_artistic_gymnastics_world_championships_2013_men_vault,fig_athlete_Yang_Hak-Seon_KOR,1,gold,discipline=Artistic Gymnastics - Vault;event=Vault;entry_country=KOR;source_url=https://en.wikipedia.org/wiki/2013_World_Artistic_Gymnastics_Championships,10.0
fig_artistic_gymnastics_world_championships_2013_men_vault,fig_athlete_Steven_Legendre_USA,2,silver,discipline=Artistic Gymnastics - Vault;event=Vault;entry_country=USA;source_url=https://en.wikipedia.org/wiki/2013_World_Artistic_Gymnastics_Championships,7.0
fig_artistic_gymnastics_world_championships_2013_men_vault,fig_athlete_Kristian_Thomas_GBR,3,bronze,discipline=Artistic Gymnastics - Vault;event=Vault;entry_country=GBR;source_url=https://en.wikipedia.org/wiki/2013_World_Artistic_Gymnastics_Championships,5.0
fig_artistic_gymnastics_world_championships_2013_women_balance-beam,fig_athlete_Aliya_Mustafina_RUS,1,gold,discipline=Artistic Gymnastics - Balance beam;event=Balance beam;entry_country=RUS;source_url=https://en.wikipedia.org/wiki/2013_World_Artistic_Gymnastics_Championships,10.0
fig_artistic_gymnastics_world_championships_2013_women_balance-beam,fig_athlete_Kyla_Ross_USA,2,silver,discipline=Artistic Gymnastics - Balance beam;event=Balance beam;entry_country=USA;source_url=https://en.wikipedia.org/wiki/2013_World_Artistic_Gymnastics_Championships,7.0
fig_artistic_gymnastics_world_championships_2013_women_balance-beam,fig_athlete_Simone_Biles_USA,3,bronze,discipline=Artistic Gymnastics - Balance beam;event=Balance beam;entry_country=USA;source_url=https://en.wikipedia.org/wiki/2013_World_Artistic_Gymnastics_Championships,5.0
fig_artistic_gymnastics_world_championships_2013_women_floor-exercise,fig_athlete_Simone_Biles_USA,1,gold,discipline=Artistic Gymnastics - Floor exercise;event=Floor exercise;entry_country=USA;source_url=https://en.wikipedia.org/wiki/2013_World_Artistic_Gymnastics_Championships,10.0
fig_artistic_gymnastics_world_championships_2013_women_floor-exercise,fig_athlete_Vanessa_Ferrari_ITA,2,silver,discipline=Artistic Gymnastics - Floor exercise;event=Floor exercise;entry_country=ITA;source_url=https://en.wikipedia.org/wiki/2013_World_Artistic_Gymnastics_Championships,7.0
fig_artistic_gymnastics_world_championships_2013_women_floor-exercise,fig_athlete_Larisa_Iordache_ROU,3,bronze,discipline=Artistic Gymnastics - Floor exercise;event=Floor exercise;entry_country=ROU;source_url=https://en.wikipedia.org/wiki/2013_World_Artistic_Gymnastics_Championships,5.0
fig_artistic_gymnastics_world_championships_2013_women_individual-all-around,fig_athlete_Simone_Biles_USA,1,gold,discipline=Artistic Gymnastics - Individual all-around;event=Individual all-around;entry_country=USA;source_url=https://en.wikipedia.org/wiki/2013_World_Artistic_Gymnastics_Championships,10.0
fig_artistic_gymnastics_world_championships_2013_women_individual-all-around,fig_athlete_Kyla_Ross_USA,2,silver,discipline=Artistic Gymnastics - Individual all-around;event=Individual all-around;entry_country=USA;source_url=https://en.wikipedia.org/wiki/2013_World_Artistic_Gymnastics_Championships,7.0
fig_artistic_gymnastics_world_championships_2013_women_individual-all-around,fig_athlete_Aliya_Mustafina_RUS,3,bronze,discipline=Artistic Gymnastics - Individual all-around;event=Individual all-around;entry_country=RUS;source_url=https://en.wikipedia.org/wiki/2013_World_Artistic_Gymnastics_Championships,5.0
fig_artistic_gymnastics_world_championships_2013_women_uneven-bars,fig_athlete_Huang_Huidan_CHN,1,gold,discipline=Artistic Gymnastics - Uneven bars;event=Uneven bars;entry_country=CHN;source_url=https://en.wikipedia.org/wiki/2013_World_Artistic_Gymnastics_Championships,10.0
fig_artistic_gymnastics_world_championships_2013_women_uneven-bars,fig_athlete_Kyla_Ross_USA,2,silver,discipline=Artistic Gymnastics - Uneven bars;event=Uneven bars;entry_country=USA;source_url=https://en.wikipedia.org/wiki/2013_World_Artistic_Gymnastics_Championships,7.0
fig_artistic_gymnastics_world_championships_2013_women_uneven-bars,fig_athlete_Aliya_Mustafina_RUS,3,bronze,discipline=Artistic Gymnastics - Uneven bars;event=Uneven bars;entry_country=RUS;source_url=https://en.wikipedia.org/wiki/2013_World_Artistic_Gymnastics_Championships,5.0
fig_artistic_gymnastics_world_championships_2013_women_vault,fig_athlete_McKayla_Maroney_USA,1,gold,discipline=Artistic Gymnastics - Vault;event=Vault;entry_country=USA;source_url=https://en.wikipedia.org/wiki/2013_World_Artistic_Gymnastics_Championships,10.0
fig_artistic_gymnastics_world_championships_2013_women_vault,fig_athlete_Simone_Biles_USA,2,silver,discipline=Artistic Gymnastics - Vault;event=Vault;entry_country=USA;source_url=https://en.wikipedia.org/wiki/2013_World_Artistic_Gymnastics_Championships,7.0
fig_artistic_gymnastics_world_championships_2013_women_vault,fig_athlete_Hong_Un-Jong_PRK,3,bronze,discipline=Artistic Gymnastics - Vault;event=Vault;entry_country=PRK;source_url=https://en.wikipedia.org/wiki/2013_World_Artistic_Gymnastics_Championships,5.0
fig_artistic_gymnastics_world_championships_2014_men_floor-exercise,fig_athlete_Denis_Ablyazin_RUS,1,gold,discipline=Artistic Gymnastics - Floor exercise;event=Floor exercise;entry_country=RUS;source_url=https://en.wikipedia.org/wiki/2014_World_Artistic_Gymnastics_Championships,10.0
fig_artistic_gymnastics_world_championships_2014_men_floor-exercise,fig_athlete_Kenzo_Shirai_JPN,2,silver,discipline=Artistic Gymnastics - Floor exercise;event=Floor exercise;entry_country=JPN;source_url=https://en.wikipedia.org/wiki/2014_World_Artistic_Gymnastics_Championships,7.0
fig_artistic_gymnastics_world_championships_2014_men_floor-exercise,fig_athlete_Diego_Hypólito_BRA,3,bronze,discipline=Artistic Gymnastics - Floor exercise;event=Floor exercise;entry_country=BRA;source_url=https://en.wikipedia.org/wiki/2014_World_Artistic_Gymnastics_Championships,5.0
fig_artistic_gymnastics_world_championships_2014_men_horizontal-bar,fig_athlete_Epke_Zonderland_NLD,1,gold,discipline=Artistic Gymnastics - Horizontal bar;event=Horizontal bar;entry_country=NLD;source_url=https://en.wikipedia.org/wiki/2014_World_Artistic_Gymnastics_Championships,10.0
fig_artistic_gymnastics_world_championships_2014_men_horizontal-bar,fig_athlete_Khei_Uchimura_JPN,2,silver,discipline=Artistic Gymnastics - Horizontal bar;event=Horizontal bar;entry_country=JPN;source_url=https://en.wikipedia.org/wiki/2014_World_Artistic_Gymnastics_Championships,7.0
fig_artistic_gymnastics_world_championships_2014_men_horizontal-bar,fig_athlete_Marijo_Monik_HRV,3,bronze,discipline=Artistic Gymnastics - Horizontal bar;event=Horizontal bar;entry_country=HRV;source_url=https://en.wikipedia.org/wiki/2014_World_Artistic_Gymnastics_Championships,5.0
fig_artistic_gymnastics_world_championships_2014_men_individual-all-around,fig_athlete_Khei_Uchimura_JPN,1,gold,discipline=Artistic Gymnastics - Individual all-around;event=Individual all-around;entry_country=JPN;source_url=https://en.wikipedia.org/wiki/2014_World_Artistic_Gymnastics_Championships,10.0
fig_artistic_gymnastics_world_championships_2014_men_individual-all-around,fig_athlete_Max_Whitlock_GBR,2,silver,discipline=Artistic Gymnastics - Individual all-around;event=Individual all-around;entry_country=GBR;source_url=https://en.wikipedia.org/wiki/2014_World_Artistic_Gymnastics_Championships,7.0
fig_artistic_gymnastics_world_championships_2014_men_individual-all-around,fig_athlete_Yusuke_Tanaka_JPN,3,bronze,discipline=Artistic Gymnastics - Individual all-around;event=Individual all-around;entry_country=JPN;source_url=https://en.wikipedia.org/wiki/2014_World_Artistic_Gymnastics_Championships,5.0
fig_artistic_gymnastics_world_championships_2014_men_parallel-bars,fig_athlete_Oleg_Verniaiev_UKR,1,gold,discipline=Artistic Gymnastics - Parallel bars;event=Parallel bars;entry_country=UKR;source_url=https://en.wikipedia.org/wiki/2014_World_Artistic_Gymnastics_Championships,10.0
fig_artistic_gymnastics_world_championships_2014_men_parallel-bars,fig_athlete_Danell_Leyva_USA,2,silver,discipline=Artistic Gymnastics - Parallel bars;event=Parallel bars;entry_country=USA;source_url=https://en.wikipedia.org/wiki/2014_World_Artistic_Gymnastics_Championships,7.0
fig_artistic_gymnastics_world_championships_2014_men_parallel-bars,fig_athlete_Ryohei_Kato_JPN,3,bronze,discipline=Artistic Gymnastics - Parallel bars;event=Parallel bars;entry_country=JPN;source_url=https://en.wikipedia.org/wiki/2014_World_Artistic_Gymnastics_Championships,5.0
fig_artistic_gymnastics_world_championships_2014_men_pommel-horse,fig_athlete_Krisztián_Berki_HUN,1,gold,discipline=Artistic Gymnastics - Pommel horse;event=Pommel horse;entry_country=HUN;source_url=https://en.wikipedia.org/wiki/2014_World_Artistic_Gymnastics_Championships,10.0
fig_artistic_gymnastics_world_championships_2014_men_pommel-horse,fig_athlete_Filip_Ude_HRV,2,silver,discipline=Artistic Gymnastics - Pommel horse;event=Pommel horse;entry_country=HRV;source_url=https://en.wikipedia.org/wiki/2014_World_Artistic_Gymnastics_Championships,7.0
fig_artistic_gymnastics_world_championships_2014_men_pommel-horse,fig_athlete_Cyril_Tommasone_FRA,3,bronze,discipline=Artistic Gymnastics - Pommel horse;event=Pommel horse;entry_country=FRA;source_url=https://en.wikipedia.org/wiki/2014_World_Artistic_Gymnastics_Championships,5.0
fig_artistic_gymnastics_world_championships_2014_men_still-rings,fig_athlete_Liu_Yang_CHN,1,gold,discipline=Artistic Gymnastics - Still rings;event=Still rings;entry_country=CHN;source_url=https://en.wikipedia.org/wiki/2014_World_Artistic_Gymnastics_Championships,10.0
fig_artistic_gymnastics_world_championships_2014_men_still-rings,fig_athlete_Arthur_Zanetti_BRA,2,silver,discipline=Artistic Gymnastics - Still rings;event=Still rings;entry_country=BRA;source_url=https://en.wikipedia.org/wiki/2014_World_Artistic_Gymnastics_Championships,7.0
fig_artistic_gymnastics_world_championships_2014_men_still-rings,fig_athlete_You_Hao_CHN,3,bronze,discipline=Artistic Gymnastics - Still rings;event=Still rings;entry_country=CHN;source_url=https://en.wikipedia.org/wiki/2014_World_Artistic_Gymnastics_Championships,5.0
fig_artistic_gymnastics_world_championships_2014_men_still-rings,fig_athlete_Denis_Ablyazin_RUS,3,bronze,discipline=Artistic Gymnastics - Still rings;event=Still rings;entry_country=RUS;source_url=https://en.wikipedia.org/wiki/2014_World_Artistic_Gymnastics_Championships,5.0
fig_artistic_gymnastics_world_championships_2014_men_team,fig_team_China_CHN,1,gold,discipline=Artistic Gymnastics - Team;event=Team;entry_country=CHN;source_url=https://en.wikipedia.org/wiki/2014_World_Artistic_Gymnastics_Championships,10.0
fig_artistic_gymnastics_world_championships_2014_men_team,fig_team_Japan_JPN,2,silver,discipline=Artistic Gymnastics - Team;event=Team;entry_country=JPN;source_url=https://en.wikipedia.org/wiki/2014_World_Artistic_Gymnastics_Championships,7.0
fig_artistic_gymnastics_world_championships_2014_men_team,fig_team_United_States_USA,3,bronze,discipline=Artistic Gymnastics - Team;event=Team;entry_country=USA;source_url=https://en.wikipedia.org/wiki/2014_World_Artistic_Gymnastics_Championships,5.0
fig_artistic_gymnastics_world_championships_2014_men_vault,fig_athlete_Ri_Se-gwang_PRK,1,gold,discipline=Artistic Gymnastics - Vault;event=Vault;entry_country=PRK;source_url=https://en.wikipedia.org/wiki/2014_World_Artistic_Gymnastics_Championships,10.0
fig_artistic_gymnastics_world_championships_2014_men_vault,fig_athlete_Ihor_Radivilov_UKR,2,silver,discipline=Artistic Gymnastics - Vault;event=Vault;entry_country=UKR;source_url=https://en.wikipedia.org/wiki/2014_World_Artistic_Gymnastics_Championships,7.0
fig_artistic_gymnastics_world_championships_2014_men_vault,fig_athlete_Jacob_Dalton_USA,3,bronze,discipline=Artistic Gymnastics - Vault;event=Vault;entry_country=USA;source_url=https://en.wikipedia.org/wiki/2014_World_Artistic_Gymnastics_Championships,5.0
fig_artistic_gymnastics_world_championships_2014_women_balance-beam,fig_athlete_Simone_Biles_USA,1,gold,discipline=Artistic Gymnastics - Balance beam;event=Balance beam;entry_country=USA;source_url=https://en.wikipedia.org/wiki/2014_World_Artistic_Gymnastics_Championships,10.0
fig_artistic_gymnastics_world_championships_2014_women_balance-beam,fig_athlete_Bai_Yawen_CHN,2,silver,discipline=Artistic Gymnastics - Balance beam;event=Balance beam;entry_country=CHN;source_url=https://en.wikipedia.org/wiki/2014_World_Artistic_Gymnastics_Championships,7.0
fig_artistic_gymnastics_world_championships_2014_women_balance-beam,fig_athlete_Aliya_Mustafina_RUS,3,bronze,discipline=Artistic Gymnastics - Balance beam;event=Balance beam;entry_country=RUS;source_url=https://en.wikipedia.org/wiki/2014_World_Artistic_Gymnastics_Championships,5.0
fig_artistic_gymnastics_world_championships_2014_women_floor-exercise,fig_athlete_Simone_Biles_USA,1,gold,discipline=Artistic Gymnastics - Floor exercise;event=Floor exercise;entry_country=USA;source_url=https://en.wikipedia.org/wiki/2014_World_Artistic_Gymnastics_Championships,10.0
fig_artistic_gymnastics_world_championships_2014_women_floor-exercise,fig_athlete_Larisa_Iordache_ROU,2,silver,discipline=Artistic Gymnastics - Floor exercise;event=Floor exercise;entry_country=ROU;source_url=https://en.wikipedia.org/wiki/2014_World_Artistic_Gymnastics_Championships,7.0
fig_artistic_gymnastics_world_championships_2014_women_floor-exercise,fig_athlete_Aliya_Mustafina_RUS,3,bronze,discipline=Artistic Gymnastics - Floor exercise;event=Floor exercise;entry_country=RUS;source_url=https://en.wikipedia.org/wiki/2014_World_Artistic_Gymnastics_Championships,5.0
fig_artistic_gymnastics_world_championships_2014_women_individual-all-around,fig_athlete_Simone_Biles_USA,1,gold,discipline=Artistic Gymnastics - Individual all-around;event=Individual all-around;entry_country=USA;source_url=https://en.wikipedia.org/wiki/2014_World_Artistic_Gymnastics_Championships,10.0
fig_artistic_gymnastics_world_championships_2014_women_individual-all-around,fig_athlete_Larisa_Iordache_ROU,2,silver,discipline=Artistic Gymnastics - Individual all-around;event=Individual all-around;entry_country=ROU;source_url=https://en.wikipedia.org/wiki/2014_World_Artistic_Gymnastics_Championships,7.0
fig_artistic_gymnastics_world_championships_2014_women_individual-all-around,fig_athlete_Kyla_Ross_USA,3,bronze,discipline=Artistic Gymnastics - Individual all-around;event=Individual all-around;entry_country=USA;source_url=https://en.wikipedia.org/wiki/2014_World_Artistic_Gymnastics_Championships,5.0
fig_artistic_gymnastics_world_championships_2014_women_team,fig_team_United_States_USA,1,gold,discipline=Artistic Gymnastics - Team;event=Team;entry_country=USA;source_url=https://en.wikipedia.org/wiki/2014_World_Artistic_Gymnastics_Championships,10.0
fig_artistic_gymnastics_world_championships_2014_women_team,fig_team_China_CHN,2,silver,discipline=Artistic Gymnastics - Team;event=Team;entry_country=CHN;source_url=https://en.wikipedia.org/wiki/2014_World_Artistic_Gymnastics_Championships,7.0
fig_artistic_gymnastics_world_championships_2014_women_team,fig_team_Russia_RUS,3,bronze,discipline=Artistic Gymnastics - Team;event=Team;entry_country=RUS;source_url=https://en.wikipedia.org/wiki/2014_World_Artistic_Gymnastics_Championships,5.0
fig_artistic_gymnastics_world_championships_2014_women_uneven-bars,fig_athlete_Yao_Jinnan_CHN,1,gold,discipline=Artistic Gymnastics - Uneven bars;event=Uneven bars;entry_country=CHN;source_url=https://en.wikipedia.org/wiki/2014_World_Artistic_Gymnastics_Championships,10.0
fig_artistic_gymnastics_world_championships_2014_women_uneven-bars,fig_athlete_Huang_Huidan_CHN,2,silver,discipline=Artistic Gymnastics - Uneven bars;event=Uneven bars;entry_country=CHN;source_url=https://en.wikipedia.org/wiki/2014_World_Artistic_Gymnastics_Championships,7.0
fig_artistic_gymnastics_world_championships_2014_women_uneven-bars,fig_athlete_Daria_Spiridonova_RUS,3,bronze,discipline=Artistic Gymnastics - Uneven bars;event=Uneven bars;entry_country=RUS;source_url=https://en.wikipedia.org/wiki/2014_World_Artistic_Gymnastics_Championships,5.0
fig_artistic_gymnastics_world_championships_2014_women_vault,fig_athlete_Hong_Un-jong_PRK,1,gold,discipline=Artistic Gymnastics - Vault;event=Vault;entry_country=PRK;source_url=https://en.wikipedia.org/wiki/2014_World_Artistic_Gymnastics_Championships,10.0
fig_artistic_gymnastics_world_championships_2014_women_vault,fig_athlete_Simone_Biles_USA,2,silver,discipline=Artistic Gymnastics - Vault;event=Vault;entry_country=USA;source_url=https://en.wikipedia.org/wiki/2014_World_Artistic_Gymnastics_Championships,7.0
fig_artistic_gymnastics_world_championships_2014_women_vault,fig_athlete_Mykayla_Skinner_USA,3,bronze,discipline=Artistic Gymnastics - Vault;event=Vault;entry_country=USA;source_url=https://en.wikipedia.org/wiki/2014_World_Artistic_Gymnastics_Championships,5.0
fig_artistic_gymnastics_world_championships_2015_men_floor-exercise,fig_athlete_Kenz_Shirai_JPN,1,gold,discipline=Artistic Gymnastics - Floor exercise;event=Floor exercise;entry_country=JPN;source_url=https://en.wikipedia.org/wiki/2015_World_Artistic_Gymnastics_Championships,10.0
fig_artistic_gymnastics_world_championships_2015_men_floor-exercise,fig_athlete_Max_Whitlock_GBR,2,silver,discipline=Artistic Gymnastics - Floor exercise;event=Floor exercise;entry_country=GBR;source_url=https://en.wikipedia.org/wiki/2015_World_Artistic_Gymnastics_Championships,7.0
fig_artistic_gymnastics_world_championships_2015_men_floor-exercise,fig_athlete_Rayderley_Zapata_ESP,3,bronze,discipline=Artistic Gymnastics - Floor exercise;event=Floor exercise;entry_country=ESP;source_url=https://en.wikipedia.org/wiki/2015_World_Artistic_Gymnastics_Championships,5.0
fig_artistic_gymnastics_world_championships_2015_men_horizontal-bar,fig_athlete_Khei_Uchimura_JPN,1,gold,discipline=Artistic Gymnastics - Horizontal bar;event=Horizontal bar;entry_country=JPN;source_url=https://en.wikipedia.org/wiki/2015_World_Artistic_Gymnastics_Championships,10.0
fig_artistic_gymnastics_world_championships_2015_men_horizontal-bar,fig_athlete_Danell_Leyva_USA,2,silver,discipline=Artistic Gymnastics - Horizontal bar;event=Horizontal bar;entry_country=USA;source_url=https://en.wikipedia.org/wiki/2015_World_Artistic_Gymnastics_Championships,7.0
fig_artistic_gymnastics_world_championships_2015_men_horizontal-bar,fig_athlete_Manrique_Larduet_CUB,3,bronze,discipline=Artistic Gymnastics - Horizontal bar;event=Horizontal bar;entry_country=CUB;source_url=https://en.wikipedia.org/wiki/2015_World_Artistic_Gymnastics_Championships,5.0
fig_artistic_gymnastics_world_championships_2015_men_individual-all-around,fig_athlete_Khei_Uchimura_JPN,1,gold,discipline=Artistic Gymnastics - Individual all-around;event=Individual all-around;entry_country=JPN;source_url=https://en.wikipedia.org/wiki/2015_World_Artistic_Gymnastics_Championships,10.0
fig_artistic_gymnastics_world_championships_2015_men_individual-all-around,fig_athlete_Manrique_Larduet_CUB,2,silver,discipline=Artistic Gymnastics - Individual all-around;event=Individual all-around;entry_country=CUB;source_url=https://en.wikipedia.org/wiki/2015_World_Artistic_Gymnastics_Championships,7.0
fig_artistic_gymnastics_world_championships_2015_men_individual-all-around,fig_athlete_Deng_Shudi_CHN,3,bronze,discipline=Artistic Gymnastics - Individual all-around;event=Individual all-around;entry_country=CHN;source_url=https://en.wikipedia.org/wiki/2015_World_Artistic_Gymnastics_Championships,5.0
fig_artistic_gymnastics_world_championships_2015_men_parallel-bars,fig_athlete_You_Hao_CHN,1,gold,discipline=Artistic Gymnastics - Parallel bars;event=Parallel bars;entry_country=CHN;source_url=https://en.wikipedia.org/wiki/2015_World_Artistic_Gymnastics_Championships,10.0
fig_artistic_gymnastics_world_championships_2015_men_parallel-bars,fig_athlete_Oleg_Verniaiev_UKR,2,silver,discipline=Artistic Gymnastics - Parallel bars;event=Parallel bars;entry_country=UKR;source_url=https://en.wikipedia.org/wiki/2015_World_Artistic_Gymnastics_Championships,7.0
fig_artistic_gymnastics_world_championships_2015_men_parallel-bars,fig_athlete_Oleg_Stepko_AZE,3,bronze,discipline=Artistic Gymnastics - Parallel bars;event=Parallel bars;entry_country=AZE;source_url=https://en.wikipedia.org/wiki/2015_World_Artistic_Gymnastics_Championships,5.0
fig_artistic_gymnastics_world_championships_2015_men_parallel-bars,fig_athlete_Deng_Shudi_CHN,3,bronze,discipline=Artistic Gymnastics - Parallel bars;event=Parallel bars;entry_country=CHN;source_url=https://en.wikipedia.org/wiki/2015_World_Artistic_Gymnastics_Championships,5.0
fig_artistic_gymnastics_world_championships_2015_men_pommel-horse,fig_athlete_Max_Whitlock_GBR,1,gold,discipline=Artistic Gymnastics - Pommel horse;event=Pommel horse;entry_country=GBR;source_url=https://en.wikipedia.org/wiki/2015_World_Artistic_Gymnastics_Championships,10.0
fig_artistic_gymnastics_world_championships_2015_men_pommel-horse,fig_athlete_Louis_Smith_GBR,2,silver,discipline=Artistic Gymnastics - Pommel horse;event=Pommel horse;entry_country=GBR;source_url=https://en.wikipedia.org/wiki/2015_World_Artistic_Gymnastics_Championships,7.0
fig_artistic_gymnastics_world_championships_2015_men_pommel-horse,fig_athlete_Harutyun_Merdinyan_ARM,3,bronze,discipline=Artistic Gymnastics - Pommel horse;event=Pommel horse;entry_country=ARM;source_url=https://en.wikipedia.org/wiki/2015_World_Artistic_Gymnastics_Championships,5.0
fig_artistic_gymnastics_world_championships_2015_men_pommel-horse,fig_athlete_Kazuma_Kaya_JPN,3,bronze,discipline=Artistic Gymnastics - Pommel horse;event=Pommel horse;entry_country=JPN;source_url=https://en.wikipedia.org/wiki/2015_World_Artistic_Gymnastics_Championships,5.0
fig_artistic_gymnastics_world_championships_2015_men_still-rings,fig_athlete_Eleftherios_Petrounias_GRC,1,gold,discipline=Artistic Gymnastics - Still rings;event=Still rings;entry_country=GRC;source_url=https://en.wikipedia.org/wiki/2015_World_Artistic_Gymnastics_Championships,10.0
fig_artistic_gymnastics_world_championships_2015_men_still-rings,fig_athlete_You_Hao_CHN,2,silver,discipline=Artistic Gymnastics - Still rings;event=Still rings;entry_country=CHN;source_url=https://en.wikipedia.org/wiki/2015_World_Artistic_Gymnastics_Championships,7.0
fig_artistic_gymnastics_world_championships_2015_men_still-rings,fig_athlete_Liu_Yang_CHN,3,bronze,discipline=Artistic Gymnastics - Still rings;event=Still rings;entry_country=CHN;source_url=https://en.wikipedia.org/wiki/2015_World_Artistic_Gymnastics_Championships,5.0
fig_artistic_gymnastics_world_championships_2015_men_team,fig_team_Japan_JPN,1,gold,discipline=Artistic Gymnastics - Team;event=Team;entry_country=JPN;source_url=https://en.wikipedia.org/wiki/2015_World_Artistic_Gymnastics_Championships,10.0
fig_artistic_gymnastics_world_championships_2015_men_team,fig_team_Great_Britain_GBR,2,silver,discipline=Artistic Gymnastics - Team;event=Team;entry_country=GBR;source_url=https://en.wikipedia.org/wiki/2015_World_Artistic_Gymnastics_Championships,7.0
fig_artistic_gymnastics_world_championships_2015_men_team,fig_team_China_CHN,3,bronze,discipline=Artistic Gymnastics - Team;event=Team;entry_country=CHN;source_url=https://en.wikipedia.org/wiki/2015_World_Artistic_Gymnastics_Championships,5.0
fig_artistic_gymnastics_world_championships_2015_men_vault,fig_athlete_Ri_Se-gwang_PRK,1,gold,discipline=Artistic Gymnastics - Vault;event=Vault;entry_country=PRK;source_url=https://en.wikipedia.org/wiki/2015_World_Artistic_Gymnastics_Championships,10.0
fig_artistic_gymnastics_world_championships_2015_men_vault,fig_athlete_Marian_Drgulescu_ROU,2,silver,discipline=Artistic Gymnastics - Vault;event=Vault;entry_country=ROU;source_url=https://en.wikipedia.org/wiki/2015_World_Artistic_Gymnastics_Championships,7.0
fig_artistic_gymnastics_world_championships_2015_men_vault,fig_athlete_Donnell_Whittenburg_USA,3,bronze,discipline=Artistic Gymnastics - Vault;event=Vault;entry_country=USA;source_url=https://en.wikipedia.org/wiki/2015_World_Artistic_Gymnastics_Championships,5.0
fig_artistic_gymnastics_world_championships_2015_women_balance-beam,fig_athlete_Simone_Biles_USA,1,gold,discipline=Artistic Gymnastics - Balance beam;event=Balance beam;entry_country=USA;source_url=https://en.wikipedia.org/wiki/2015_World_Artistic_Gymnastics_Championships,10.0
fig_artistic_gymnastics_world_championships_2015_women_balance-beam,fig_athlete_Sanne_Wevers_NLD,2,silver,discipline=Artistic Gymnastics - Balance beam;event=Balance beam;entry_country=NLD;source_url=https://en.wikipedia.org/wiki/2015_World_Artistic_Gymnastics_Championships,7.0
fig_artistic_gymnastics_world_championships_2015_women_balance-beam,fig_athlete_Pauline_Schäfer_DEU,3,bronze,discipline=Artistic Gymnastics - Balance beam;event=Balance beam;entry_country=DEU;source_url=https://en.wikipedia.org/wiki/2015_World_Artistic_Gymnastics_Championships,5.0
fig_artistic_gymnastics_world_championships_2015_women_floor-exercise,fig_athlete_Simone_Biles_USA,1,gold,discipline=Artistic Gymnastics - Floor exercise;event=Floor exercise;entry_country=USA;source_url=https://en.wikipedia.org/wiki/2015_World_Artistic_Gymnastics_Championships,10.0
fig_artistic_gymnastics_world_championships_2015_women_floor-exercise,fig_athlete_Ksenia_Afanasyeva_RUS,2,silver,discipline=Artistic Gymnastics - Floor exercise;event=Floor exercise;entry_country=RUS;source_url=https://en.wikipedia.org/wiki/2015_World_Artistic_Gymnastics_Championships,7.0
fig_artistic_gymnastics_world_championships_2015_women_floor-exercise,fig_athlete_Maggie_Nichols_USA,3,bronze,discipline=Artistic Gymnastics - Floor exercise;event=Floor exercise;entry_country=USA;source_url=https://en.wikipedia.org/wiki/2015_World_Artistic_Gymnastics_Championships,5.0
fig_artistic_gymnastics_world_championships_2015_women_individual-all-around,fig_athlete_Simone_Biles_USA,1,gold,discipline=Artistic Gymnastics - Individual all-around;event=Individual all-around;entry_country=USA;source_url=https://en.wikipedia.org/wiki/2015_World_Artistic_Gymnastics_Championships,10.0
fig_artistic_gymnastics_world_championships_2015_women_individual-all-around,fig_athlete_Gabby_Douglas_USA,2,silver,discipline=Artistic Gymnastics - Individual all-around;event=Individual all-around;entry_country=USA;source_url=https://en.wikipedia.org/wiki/2015_World_Artistic_Gymnastics_Championships,7.0
fig_artistic_gymnastics_world_championships_2015_women_individual-all-around,fig_athlete_Larisa_Iordache_ROU,3,bronze,discipline=Artistic Gymnastics - Individual all-around;event=Individual all-around;entry_country=ROU;source_url=https://en.wikipedia.org/wiki/2015_World_Artistic_Gymnastics_Championships,5.0
fig_artistic_gymnastics_world_championships_2015_women_team,fig_team_United_States_USA,1,gold,discipline=Artistic Gymnastics - Team;event=Team;entry_country=USA;source_url=https://en.wikipedia.org/wiki/2015_World_Artistic_Gymnastics_Championships,10.0
fig_artistic_gymnastics_world_championships_2015_women_team,fig_team_China_CHN,2,silver,discipline=Artistic Gymnastics - Team;event=Team;entry_country=CHN;source_url=https://en.wikipedia.org/wiki/2015_World_Artistic_Gymnastics_Championships,7.0
fig_artistic_gymnastics_world_championships_2015_women_team,fig_team_Great_Britain_GBR,3,bronze,discipline=Artistic Gymnastics - Team;event=Team;entry_country=GBR;source_url=https://en.wikipedia.org/wiki/2015_World_Artistic_Gymnastics_Championships,5.0
fig_artistic_gymnastics_world_championships_2015_women_uneven-bars,fig_athlete_Fan_Yilin_CHN,1,gold,discipline=Artistic Gymnastics - Uneven bars;event=Uneven bars;entry_country=CHN;source_url=https://en.wikipedia.org/wiki/2015_World_Artistic_Gymnastics_Championships,10.0
fig_artistic_gymnastics_world_championships_2015_women_uneven-bars,fig_athlete_Daria_Spiridonova_RUS,1,gold,discipline=Artistic Gymnastics - Uneven bars;event=Uneven bars;entry_country=RUS;source_url=https://en.wikipedia.org/wiki/2015_World_Artistic_Gymnastics_Championships,10.0
fig_artistic_gymnastics_world_championships_2015_women_uneven-bars,fig_athlete_Viktoria_Komova_RUS,1,gold,discipline=Artistic Gymnastics - Uneven bars;event=Uneven bars;entry_country=RUS;source_url=https://en.wikipedia.org/wiki/2015_World_Artistic_Gymnastics_Championships,10.0
fig_artistic_gymnastics_world_championships_2015_women_uneven-bars,fig_athlete_Madison_Kocian_USA,1,gold,discipline=Artistic Gymnastics - Uneven bars;event=Uneven bars;entry_country=USA;source_url=https://en.wikipedia.org/wiki/2015_World_Artistic_Gymnastics_Championships,10.0
fig_artistic_gymnastics_world_championships_2015_women_vault,fig_athlete_Maria_Paseka_RUS,1,gold,discipline=Artistic Gymnastics - Vault;event=Vault;entry_country=RUS;source_url=https://en.wikipedia.org/wiki/2015_World_Artistic_Gymnastics_Championships,10.0
fig_artistic_gymnastics_world_championships_2015_women_vault,fig_athlete_Hong_Un-jong_PRK,2,silver,discipline=Artistic Gymnastics - Vault;event=Vault;entry_country=PRK;source_url=https://en.wikipedia.org/wiki/2015_World_Artistic_Gymnastics_Championships,7.0
fig_artistic_gymnastics_world_championships_2015_women_vault,fig_athlete_Simone_Biles_USA,3,bronze,discipline=Artistic Gymnastics - Vault;event=Vault;entry_country=USA;source_url=https://en.wikipedia.org/wiki/2015_World_Artistic_Gymnastics_Championships,5.0
fig_artistic_gymnastics_world_championships_2017_men_floor-exercise,fig_athlete_Kenz_Shirai_JPN,1,gold,discipline=Artistic Gymnastics - Floor exercise;event=Floor exercise;entry_country=JPN;source_url=https://en.wikipedia.org/wiki/2017_World_Artistic_Gymnastics_Championships,10.0
fig_artistic_gymnastics_world_championships_2017_men_floor-exercise,fig_athlete_Artem_Dolgopyat_ISR,2,silver,discipline=Artistic Gymnastics - Floor exercise;event=Floor exercise;entry_country=ISR;source_url=https://en.wikipedia.org/wiki/2017_World_Artistic_Gymnastics_Championships,7.0
fig_artistic_gymnastics_world_championships_2017_men_floor-exercise,fig_athlete_Yul_Moldauer_USA,3,bronze,discipline=Artistic Gymnastics - Floor exercise;event=Floor exercise;entry_country=USA;source_url=https://en.wikipedia.org/wiki/2017_World_Artistic_Gymnastics_Championships,5.0
fig_artistic_gymnastics_world_championships_2017_men_horizontal-bar,fig_athlete_Tin_Srbi_HRV,1,gold,discipline=Artistic Gymnastics - Horizontal bar;event=Horizontal bar;entry_country=HRV;source_url=https://en.wikipedia.org/wiki/2017_World_Artistic_Gymnastics_Championships,10.0
fig_artistic_gymnastics_world_championships_2017_men_horizontal-bar,fig_athlete_Epke_Zonderland_NLD,2,silver,discipline=Artistic Gymnastics - Horizontal bar;event=Horizontal bar;entry_country=NLD;source_url=https://en.wikipedia.org/wiki/2017_World_Artistic_Gymnastics_Championships,7.0
fig_artistic_gymnastics_world_championships_2017_men_horizontal-bar,fig_athlete_Bart_Deurloo_NLD,3,bronze,discipline=Artistic Gymnastics - Horizontal bar;event=Horizontal bar;entry_country=NLD;source_url=https://en.wikipedia.org/wiki/2017_World_Artistic_Gymnastics_Championships,5.0
fig_artistic_gymnastics_world_championships_2017_men_individual-all-around,fig_athlete_Xiao_Ruoteng_CHN,1,gold,discipline=Artistic Gymnastics - Individual all-around;event=Individual all-around;entry_country=CHN;source_url=https://en.wikipedia.org/wiki/2017_World_Artistic_Gymnastics_Championships,10.0
fig_artistic_gymnastics_world_championships_2017_men_individual-all-around,fig_athlete_Lin_Chaopan_CHN,2,silver,discipline=Artistic Gymnastics - Individual all-around;event=Individual all-around;entry_country=CHN;source_url=https://en.wikipedia.org/wiki/2017_World_Artistic_Gymnastics_Championships,7.0
fig_artistic_gymnastics_world_championships_2017_men_individual-all-around,fig_athlete_Kenz_Shirai_JPN,3,bronze,discipline=Artistic Gymnastics - Individual all-around;event=Individual all-around;entry_country=JPN;source_url=https://en.wikipedia.org/wiki/2017_World_Artistic_Gymnastics_Championships,5.0
fig_artistic_gymnastics_world_championships_2017_men_parallel-bars,fig_athlete_Zou_Jingyuan_CHN,1,gold,discipline=Artistic Gymnastics - Parallel bars;event=Parallel bars;entry_country=CHN;source_url=https://en.wikipedia.org/wiki/2017_World_Artistic_Gymnastics_Championships,10.0
fig_artistic_gymnastics_world_championships_2017_men_parallel-bars,fig_athlete_Oleg_Verniaiev_UKR,2,silver,discipline=Artistic Gymnastics - Parallel bars;event=Parallel bars;entry_country=UKR;source_url=https://en.wikipedia.org/wiki/2017_World_Artistic_Gymnastics_Championships,7.0
fig_artistic_gymnastics_world_championships_2017_men_parallel-bars,fig_athlete_David_Belyavskiy_RUS,3,bronze,discipline=Artistic Gymnastics - Parallel bars;event=Parallel bars;entry_country=RUS;source_url=https://en.wikipedia.org/wiki/2017_World_Artistic_Gymnastics_Championships,5.0
fig_artistic_gymnastics_world_championships_2017_men_pommel-horse,fig_athlete_Max_Whitlock_GBR,1,gold,discipline=Artistic Gymnastics - Pommel horse;event=Pommel horse;entry_country=GBR;source_url=https://en.wikipedia.org/wiki/2017_World_Artistic_Gymnastics_Championships,10.0
fig_artistic_gymnastics_world_championships_2017_men_pommel-horse,fig_athlete_David_Belyavskiy_RUS,2,silver,discipline=Artistic Gymnastics - Pommel horse;event=Pommel horse;entry_country=RUS;source_url=https://en.wikipedia.org/wiki/2017_World_Artistic_Gymnastics_Championships,7.0
fig_artistic_gymnastics_world_championships_2017_men_pommel-horse,fig_athlete_Xiao_Ruoteng_CHN,3,bronze,discipline=Artistic Gymnastics - Pommel horse;event=Pommel horse;entry_country=CHN;source_url=https://en.wikipedia.org/wiki/2017_World_Artistic_Gymnastics_Championships,5.0
fig_artistic_gymnastics_world_championships_2017_men_still-rings,fig_athlete_Eleftherios_Petrounias_GRC,1,gold,discipline=Artistic Gymnastics - Still rings;event=Still rings;entry_country=GRC;source_url=https://en.wikipedia.org/wiki/2017_World_Artistic_Gymnastics_Championships,10.0
fig_artistic_gymnastics_world_championships_2017_men_still-rings,fig_athlete_Denis_Ablyazin_RUS,2,silver,discipline=Artistic Gymnastics - Still rings;event=Still rings;entry_country=RUS;source_url=https://en.wikipedia.org/wiki/2017_World_Artistic_Gymnastics_Championships,7.0
fig_artistic_gymnastics_world_championships_2017_men_still-rings,fig_athlete_Liu_Yang_CHN,3,bronze,discipline=Artistic Gymnastics - Still rings;event=Still rings;entry_country=CHN;source_url=https://en.wikipedia.org/wiki/2017_World_Artistic_Gymnastics_Championships,5.0
fig_artistic_gymnastics_world_championships_2017_men_vault,fig_athlete_Kenz_Shirai_JPN,1,gold,discipline=Artistic Gymnastics - Vault;event=Vault;entry_country=JPN;source_url=https://en.wikipedia.org/wiki/2017_World_Artistic_Gymnastics_Championships,10.0
fig_artistic_gymnastics_world_championships_2017_men_vault,fig_athlete_Igor_Radivilov_UKR,2,silver,discipline=Artistic Gymnastics - Vault;event=Vault;entry_country=UKR;source_url=https://en.wikipedia.org/wiki/2017_World_Artistic_Gymnastics_Championships,7.0
fig_artistic_gymnastics_world_championships_2017_men_vault,fig_athlete_Kim_Han-sol_KOR,3,bronze,discipline=Artistic Gymnastics - Vault;event=Vault;entry_country=KOR;source_url=https://en.wikipedia.org/wiki/2017_World_Artistic_Gymnastics_Championships,5.0
fig_artistic_gymnastics_world_championships_2017_women_balance-beam,fig_athlete_Pauline_Schäfer_DEU,1,gold,discipline=Artistic Gymnastics - Balance beam;event=Balance beam;entry_country=DEU;source_url=https://en.wikipedia.org/wiki/2017_World_Artistic_Gymnastics_Championships,10.0
fig_artistic_gymnastics_world_championships_2017_women_balance-beam,fig_athlete_Morgan_Hurd_USA,2,silver,discipline=Artistic Gymnastics - Balance beam;event=Balance beam;entry_country=USA;source_url=https://en.wikipedia.org/wiki/2017_World_Artistic_Gymnastics_Championships,7.0
fig_artistic_gymnastics_world_championships_2017_women_balance-beam,fig_athlete_Tabea_Alt_DEU,3,bronze,discipline=Artistic Gymnastics - Balance beam;event=Balance beam;entry_country=DEU;source_url=https://en.wikipedia.org/wiki/2017_World_Artistic_Gymnastics_Championships,5.0
fig_artistic_gymnastics_world_championships_2017_women_floor-exercise,fig_athlete_Mai_Murakami_JPN,1,gold,discipline=Artistic Gymnastics - Floor exercise;event=Floor exercise;entry_country=JPN;source_url=https://en.wikipedia.org/wiki/2017_World_Artistic_Gymnastics_Championships,10.0
fig_artistic_gymnastics_world_championships_2017_women_floor-exercise,fig_athlete_Jade_Carey_USA,2,silver,discipline=Artistic Gymnastics - Floor exercise;event=Floor exercise;entry_country=USA;source_url=https://en.wikipedia.org/wiki/2017_World_Artistic_Gymnastics_Championships,7.0
fig_artistic_gymnastics_world_championships_2017_women_floor-exercise,fig_athlete_Claudia_Fragapane_GBR,3,bronze,discipline=Artistic Gymnastics - Floor exercise;event=Floor exercise;entry_country=GBR;source_url=https://en.wikipedia.org/wiki/2017_World_Artistic_Gymnastics_Championships,5.0
fig_artistic_gymnastics_world_championships_2017_women_individual-all-around,fig_athlete_Morgan_Hurd_USA,1,gold,discipline=Artistic Gymnastics - Individual all-around;event=Individual all-around;entry_country=USA;source_url=https://en.wikipedia.org/wiki/2017_World_Artistic_Gymnastics_Championships,10.0
fig_artistic_gymnastics_world_championships_2017_women_individual-all-around,fig_athlete_Ellie_Black_CAN,2,silver,discipline=Artistic Gymnastics - Individual all-around;event=Individual all-around;entry_country=CAN;source_url=https://en.wikipedia.org/wiki/2017_World_Artistic_Gymnastics_Championships,7.0
fig_artistic_gymnastics_world_championships_2017_women_individual-all-around,fig_athlete_Elena_Eremina_RUS,3,bronze,discipline=Artistic Gymnastics - Individual all-around;event=Individual all-around;entry_country=RUS;source_url=https://en.wikipedia.org/wiki/2017_World_Artistic_Gymnastics_Championships,5.0
fig_artistic_gymnastics_world_championships_2017_women_uneven-bars,fig_athlete_Fan_Yilin_CHN,1,gold,discipline=Artistic Gymnastics - Uneven bars;event=Uneven bars;entry_country=CHN;source_url=https://en.wikipedia.org/wiki/2017_World_Artistic_Gymnastics_Championships,10.0
fig_artistic_gymnastics_world_championships_2017_women_uneven-bars,fig_athlete_Elena_Eremina_RUS,2,silver,discipline=Artistic Gymnastics - Uneven bars;event=Uneven bars;entry_country=RUS;source_url=https://en.wikipedia.org/wiki/2017_World_Artistic_Gymnastics_Championships,7.0
fig_artistic_gymnastics_world_championships_2017_women_uneven-bars,fig_athlete_Nina_Derwael_BEL,3,bronze,discipline=Artistic Gymnastics - Uneven bars;event=Uneven bars;entry_country=BEL;source_url=https://en.wikipedia.org/wiki/2017_World_Artistic_Gymnastics_Championships,5.0
fig_artistic_gymnastics_world_championships_2017_women_vault,fig_athlete_Maria_Paseka_RUS,1,gold,discipline=Artistic Gymnastics - Vault;event=Vault;entry_country=RUS;source_url=https://en.wikipedia.org/wiki/2017_World_Artistic_Gymnastics_Championships,10.0
fig_artistic_gymnastics_world_championships_2017_women_vault,fig_athlete_Jade_Carey_USA,2,silver,discipline=Artistic Gymnastics - Vault;event=Vault;entry_country=USA;source_url=https://en.wikipedia.org/wiki/2017_World_Artistic_Gymnastics_Championships,7.0
fig_artistic_gymnastics_world_championships_2017_women_vault,fig_athlete_Giulia_Steingruber_CHE,3,bronze,discipline=Artistic Gymnastics - Vault;event=Vault;entry_country=CHE;source_url=https://en.wikipedia.org/wiki/2017_World_Artistic_Gymnastics_Championships,5.0
fig_artistic_gymnastics_world_championships_2018_men_floor-exercise,fig_athlete_Artur_Dalaloyan_RUS,1,gold,discipline=Artistic Gymnastics - Floor exercise;event=Floor exercise;entry_country=RUS;source_url=https://en.wikipedia.org/wiki/2018_World_Artistic_Gymnastics_Championships,10.0
fig_artistic_gymnastics_world_championships_2018_men_floor-exercise,fig_athlete_Kenz_Shirai_JPN,2,silver,discipline=Artistic Gymnastics - Floor exercise;event=Floor exercise;entry_country=JPN;source_url=https://en.wikipedia.org/wiki/2018_World_Artistic_Gymnastics_Championships,7.0
fig_artistic_gymnastics_world_championships_2018_men_floor-exercise,fig_athlete_Carlos_Yulo_PHL,3,bronze,discipline=Artistic Gymnastics - Floor exercise;event=Floor exercise;entry_country=PHL;source_url=https://en.wikipedia.org/wiki/2018_World_Artistic_Gymnastics_Championships,5.0
fig_artistic_gymnastics_world_championships_2018_men_horizontal-bar,fig_athlete_Epke_Zonderland_NLD,1,gold,discipline=Artistic Gymnastics - Horizontal bar;event=Horizontal bar;entry_country=NLD;source_url=https://en.wikipedia.org/wiki/2018_World_Artistic_Gymnastics_Championships,10.0
fig_artistic_gymnastics_world_championships_2018_men_horizontal-bar,fig_athlete_Khei_Uchimura_JPN,2,silver,discipline=Artistic Gymnastics - Horizontal bar;event=Horizontal bar;entry_country=JPN;source_url=https://en.wikipedia.org/wiki/2018_World_Artistic_Gymnastics_Championships,7.0
fig_artistic_gymnastics_world_championships_2018_men_horizontal-bar,fig_athlete_Sam_Mikulak_USA,3,bronze,discipline=Artistic Gymnastics - Horizontal bar;event=Horizontal bar;entry_country=USA;source_url=https://en.wikipedia.org/wiki/2018_World_Artistic_Gymnastics_Championships,5.0
fig_artistic_gymnastics_world_championships_2018_men_individual-all-around,fig_athlete_Artur_Dalaloyan_RUS,1,gold,discipline=Artistic Gymnastics - Individual all-around;event=Individual all-around;entry_country=RUS;source_url=https://en.wikipedia.org/wiki/2018_World_Artistic_Gymnastics_Championships,10.0
fig_artistic_gymnastics_world_championships_2018_men_individual-all-around,fig_athlete_Xiao_Ruoteng_CHN,2,silver,discipline=Artistic Gymnastics - Individual all-around;event=Individual all-around;entry_country=CHN;source_url=https://en.wikipedia.org/wiki/2018_World_Artistic_Gymnastics_Championships,7.0
fig_artistic_gymnastics_world_championships_2018_men_individual-all-around,fig_athlete_Nikita_Nagornyy_RUS,3,bronze,discipline=Artistic Gymnastics - Individual all-around;event=Individual all-around;entry_country=RUS;source_url=https://en.wikipedia.org/wiki/2018_World_Artistic_Gymnastics_Championships,5.0
fig_artistic_gymnastics_world_championships_2018_men_parallel-bars,fig_athlete_Zou_Jingyuan_CHN,1,gold,discipline=Artistic Gymnastics - Parallel bars;event=Parallel bars;entry_country=CHN;source_url=https://en.wikipedia.org/wiki/2018_World_Artistic_Gymnastics_Championships,10.0
fig_artistic_gymnastics_world_championships_2018_men_parallel-bars,fig_athlete_Oleg_Verniaiev_UKR,2,silver,discipline=Artistic Gymnastics - Parallel bars;event=Parallel bars;entry_country=UKR;source_url=https://en.wikipedia.org/wiki/2018_World_Artistic_Gymnastics_Championships,7.0
fig_artistic_gymnastics_world_championships_2018_men_parallel-bars,fig_athlete_Artur_Dalaloyan_RUS,3,bronze,discipline=Artistic Gymnastics - Parallel bars;event=Parallel bars;entry_country=RUS;source_url=https://en.wikipedia.org/wiki/2018_World_Artistic_Gymnastics_Championships,5.0
fig_artistic_gymnastics_world_championships_2018_men_pommel-horse,fig_athlete_Xiao_Ruoteng_CHN,1,gold,discipline=Artistic Gymnastics - Pommel horse;event=Pommel horse;entry_country=CHN;source_url=https://en.wikipedia.org/wiki/2018_World_Artistic_Gymnastics_Championships,10.0
fig_artistic_gymnastics_world_championships_2018_men_pommel-horse,fig_athlete_Max_Whitlock_GBR,2,silver,discipline=Artistic Gymnastics - Pommel horse;event=Pommel horse;entry_country=GBR;source_url=https://en.wikipedia.org/wiki/2018_World_Artistic_Gymnastics_Championships,7.0
fig_artistic_gymnastics_world_championships_2018_men_pommel-horse,fig_athlete_Lee_Chih-kai_TPE,3,bronze,discipline=Artistic Gymnastics - Pommel horse;event=Pommel horse;entry_country=TPE;source_url=https://en.wikipedia.org/wiki/2018_World_Artistic_Gymnastics_Championships,5.0
fig_artistic_gymnastics_world_championships_2018_men_still-rings,fig_athlete_Eleftherios_Petrounias_GRC,1,gold,discipline=Artistic Gymnastics - Still rings;event=Still rings;entry_country=GRC;source_url=https://en.wikipedia.org/wiki/2018_World_Artistic_Gymnastics_Championships,10.0
fig_artistic_gymnastics_world_championships_2018_men_still-rings,fig_athlete_Arthur_Zanetti_BRA,2,silver,discipline=Artistic Gymnastics - Still rings;event=Still rings;entry_country=BRA;source_url=https://en.wikipedia.org/wiki/2018_World_Artistic_Gymnastics_Championships,7.0
fig_artistic_gymnastics_world_championships_2018_men_still-rings,fig_athlete_Marco_Lodadio_ITA,3,bronze,discipline=Artistic Gymnastics - Still rings;event=Still rings;entry_country=ITA;source_url=https://en.wikipedia.org/wiki/2018_World_Artistic_Gymnastics_Championships,5.0
fig_artistic_gymnastics_world_championships_2018_men_team,fig_team_China_CHN,1,gold,discipline=Artistic Gymnastics - Team;event=Team;entry_country=CHN;source_url=https://en.wikipedia.org/wiki/2018_World_Artistic_Gymnastics_Championships,10.0
fig_artistic_gymnastics_world_championships_2018_men_team,fig_team_Russia_RUS,2,silver,discipline=Artistic Gymnastics - Team;event=Team;entry_country=RUS;source_url=https://en.wikipedia.org/wiki/2018_World_Artistic_Gymnastics_Championships,7.0
fig_artistic_gymnastics_world_championships_2018_men_team,fig_team_Japan_JPN,3,bronze,discipline=Artistic Gymnastics - Team;event=Team;entry_country=JPN;source_url=https://en.wikipedia.org/wiki/2018_World_Artistic_Gymnastics_Championships,5.0
fig_artistic_gymnastics_world_championships_2018_men_vault,fig_athlete_Ri_Se-gwang_PRK,1,gold,discipline=Artistic Gymnastics - Vault;event=Vault;entry_country=PRK;source_url=https://en.wikipedia.org/wiki/2018_World_Artistic_Gymnastics_Championships,10.0
fig_artistic_gymnastics_world_championships_2018_men_vault,fig_athlete_Artur_Dalaloyan_RUS,2,silver,discipline=Artistic Gymnastics - Vault;event=Vault;entry_country=RUS;source_url=https://en.wikipedia.org/wiki/2018_World_Artistic_Gymnastics_Championships,7.0
fig_artistic_gymnastics_world_championships_2018_men_vault,fig_athlete_Kenz_Shirai_JPN,3,bronze,discipline=Artistic Gymnastics - Vault;event=Vault;entry_country=JPN;source_url=https://en.wikipedia.org/wiki/2018_World_Artistic_Gymnastics_Championships,5.0
fig_artistic_gymnastics_world_championships_2018_women_balance-beam,fig_athlete_Liu_Tingting_CHN,1,gold,discipline=Artistic Gymnastics - Balance beam;event=Balance beam;entry_country=CHN;source_url=https://en.wikipedia.org/wiki/2018_World_Artistic_Gymnastics_Championships,10.0
fig_artistic_gymnastics_world_championships_2018_women_balance-beam,fig_athlete_Ana_Padurariu_CAN,2,silver,discipline=Artistic Gymnastics - Balance beam;event=Balance beam;entry_country=CAN;source_url=https://en.wikipedia.org/wiki/2018_World_Artistic_Gymnastics_Championships,7.0
fig_artistic_gymnastics_world_championships_2018_women_balance-beam,fig_athlete_Simone_Biles_USA,3,bronze,discipline=Artistic Gymnastics - Balance beam;event=Balance beam;entry_country=USA;source_url=https://en.wikipedia.org/wiki/2018_World_Artistic_Gymnastics_Championships,5.0
fig_artistic_gymnastics_world_championships_2018_women_floor-exercise,fig_athlete_Simone_Biles_USA,1,gold,discipline=Artistic Gymnastics - Floor exercise;event=Floor exercise;entry_country=USA;source_url=https://en.wikipedia.org/wiki/2018_World_Artistic_Gymnastics_Championships,10.0
fig_artistic_gymnastics_world_championships_2018_women_floor-exercise,fig_athlete_Morgan_Hurd_USA,2,silver,discipline=Artistic Gymnastics - Floor exercise;event=Floor exercise;entry_country=USA;source_url=https://en.wikipedia.org/wiki/2018_World_Artistic_Gymnastics_Championships,7.0
fig_artistic_gymnastics_world_championships_2018_women_floor-exercise,fig_athlete_Mai_Murakami_JPN,3,bronze,discipline=Artistic Gymnastics - Floor exercise;event=Floor exercise;entry_country=JPN;source_url=https://en.wikipedia.org/wiki/2018_World_Artistic_Gymnastics_Championships,5.0
fig_artistic_gymnastics_world_championships_2018_women_individual-all-around,fig_athlete_Simone_Biles_USA,1,gold,discipline=Artistic Gymnastics - Individual all-around;event=Individual all-around;entry_country=USA;source_url=https://en.wikipedia.org/wiki/2018_World_Artistic_Gymnastics_Championships,10.0
fig_artistic_gymnastics_world_championships_2018_women_individual-all-around,fig_athlete_Mai_Murakami_JPN,2,silver,discipline=Artistic Gymnastics - Individual all-around;event=Individual all-around;entry_country=JPN;source_url=https://en.wikipedia.org/wiki/2018_World_Artistic_Gymnastics_Championships,7.0
fig_artistic_gymnastics_world_championships_2018_women_individual-all-around,fig_athlete_Morgan_Hurd_USA,3,bronze,discipline=Artistic Gymnastics - Individual all-around;event=Individual all-around;entry_country=USA;source_url=https://en.wikipedia.org/wiki/2018_World_Artistic_Gymnastics_Championships,5.0
fig_artistic_gymnastics_world_championships_2018_women_team,fig_team_United_States_USA,1,gold,discipline=Artistic Gymnastics - Team;event=Team;entry_country=USA;source_url=https://en.wikipedia.org/wiki/2018_World_Artistic_Gymnastics_Championships,10.0
fig_artistic_gymnastics_world_championships_2018_women_team,fig_team_Russia_RUS,2,silver,discipline=Artistic Gymnastics - Team;event=Team;entry_country=RUS;source_url=https://en.wikipedia.org/wiki/2018_World_Artistic_Gymnastics_Championships,7.0
fig_artistic_gymnastics_world_championships_2018_women_team,fig_team_China_CHN,3,bronze,discipline=Artistic Gymnastics - Team;event=Team;entry_country=CHN;source_url=https://en.wikipedia.org/wiki/2018_World_Artistic_Gymnastics_Championships,5.0
fig_artistic_gymnastics_world_championships_2018_women_uneven-bars,fig_athlete_Nina_Derwael_BEL,1,gold,discipline=Artistic Gymnastics - Uneven bars;event=Uneven bars;entry_country=BEL;source_url=https://en.wikipedia.org/wiki/2018_World_Artistic_Gymnastics_Championships,10.0
fig_artistic_gymnastics_world_championships_2018_women_uneven-bars,fig_athlete_Simone_Biles_USA,2,silver,discipline=Artistic Gymnastics - Uneven bars;event=Uneven bars;entry_country=USA;source_url=https://en.wikipedia.org/wiki/2018_World_Artistic_Gymnastics_Championships,7.0
fig_artistic_gymnastics_world_championships_2018_women_uneven-bars,fig_athlete_Elisabeth_Seitz_DEU,3,bronze,discipline=Artistic Gymnastics - Uneven bars;event=Uneven bars;entry_country=DEU;source_url=https://en.wikipedia.org/wiki/2018_World_Artistic_Gymnastics_Championships,5.0
fig_artistic_gymnastics_world_championships_2018_women_vault,fig_athlete_Simone_Biles_USA,1,gold,discipline=Artistic Gymnastics - Vault;event=Vault;entry_country=USA;source_url=https://en.wikipedia.org/wiki/2018_World_Artistic_Gymnastics_Championships,10.0
fig_artistic_gymnastics_world_championships_2018_women_vault,fig_athlete_Shallon_Olsen_CAN,2,silver,discipline=Artistic Gymnastics - Vault;event=Vault;entry_country=CAN;source_url=https://en.wikipedia.org/wiki/2018_World_Artistic_Gymnastics_Championships,7.0
fig_artistic_gymnastics_world_championships_2018_women_vault,fig_athlete_Alexa_Moreno_MEX,3,bronze,discipline=Artistic Gymnastics - Vault;event=Vault;entry_country=MEX;source_url=https://en.wikipedia.org/wiki/2018_World_Artistic_Gymnastics_Championships,5.0
fig_artistic_gymnastics_world_championships_2019_men_floor-exercise,fig_athlete_Carlos_Yulo_PHL,1,gold,discipline=Artistic Gymnastics - Floor exercise;event=Floor exercise;entry_country=PHL;source_url=https://en.wikipedia.org/wiki/2019_World_Artistic_Gymnastics_Championships,10.0
fig_artistic_gymnastics_world_championships_2019_men_floor-exercise,fig_athlete_Artem_Dolgopyat_ISR,2,silver,discipline=Artistic Gymnastics - Floor exercise;event=Floor exercise;entry_country=ISR;source_url=https://en.wikipedia.org/wiki/2019_World_Artistic_Gymnastics_Championships,7.0
fig_artistic_gymnastics_world_championships_2019_men_floor-exercise,fig_athlete_Xiao_Ruoteng_CHN,3,bronze,discipline=Artistic Gymnastics - Floor exercise;event=Floor exercise;entry_country=CHN;source_url=https://en.wikipedia.org/wiki/2019_World_Artistic_Gymnastics_Championships,5.0
fig_artistic_gymnastics_world_championships_2019_men_horizontal-bar,fig_athlete_Arthur_Mariano_BRA,1,gold,discipline=Artistic Gymnastics - Horizontal bar;event=Horizontal bar;entry_country=BRA;source_url=https://en.wikipedia.org/wiki/2019_World_Artistic_Gymnastics_Championships,10.0
fig_artistic_gymnastics_world_championships_2019_men_horizontal-bar,fig_athlete_Tin_Srbi_HRV,2,silver,discipline=Artistic Gymnastics - Horizontal bar;event=Horizontal bar;entry_country=HRV;source_url=https://en.wikipedia.org/wiki/2019_World_Artistic_Gymnastics_Championships,7.0
fig_artistic_gymnastics_world_championships_2019_men_horizontal-bar,fig_athlete_Artur_Dalaloyan_RUS,3,bronze,discipline=Artistic Gymnastics - Horizontal bar;event=Horizontal bar;entry_country=RUS;source_url=https://en.wikipedia.org/wiki/2019_World_Artistic_Gymnastics_Championships,5.0
fig_artistic_gymnastics_world_championships_2019_men_individual-all-around,fig_athlete_Nikita_Nagornyy_RUS,1,gold,discipline=Artistic Gymnastics - Individual all-around;event=Individual all-around;entry_country=RUS;source_url=https://en.wikipedia.org/wiki/2019_World_Artistic_Gymnastics_Championships,10.0
fig_artistic_gymnastics_world_championships_2019_men_individual-all-around,fig_athlete_Artur_Dalaloyan_RUS,2,silver,discipline=Artistic Gymnastics - Individual all-around;event=Individual all-around;entry_country=RUS;source_url=https://en.wikipedia.org/wiki/2019_World_Artistic_Gymnastics_Championships,7.0
fig_artistic_gymnastics_world_championships_2019_men_individual-all-around,fig_athlete_Oleg_Verniaiev_UKR,3,bronze,discipline=Artistic Gymnastics - Individual all-around;event=Individual all-around;entry_country=UKR;source_url=https://en.wikipedia.org/wiki/2019_World_Artistic_Gymnastics_Championships,5.0
fig_artistic_gymnastics_world_championships_2019_men_parallel-bars,fig_athlete_Joe_Fraser_GBR,1,gold,discipline=Artistic Gymnastics - Parallel bars;event=Parallel bars;entry_country=GBR;source_url=https://en.wikipedia.org/wiki/2019_World_Artistic_Gymnastics_Championships,10.0
fig_artistic_gymnastics_world_championships_2019_men_parallel-bars,fig_athlete_Ahmet_Önder_TUR,2,silver,discipline=Artistic Gymnastics - Parallel bars;event=Parallel bars;entry_country=TUR;source_url=https://en.wikipedia.org/wiki/2019_World_Artistic_Gymnastics_Championships,7.0
fig_artistic_gymnastics_world_championships_2019_men_parallel-bars,fig_athlete_Kazuma_Kaya_JPN,3,bronze,discipline=Artistic Gymnastics - Parallel bars;event=Parallel bars;entry_country=JPN;source_url=https://en.wikipedia.org/wiki/2019_World_Artistic_Gymnastics_Championships,5.0
fig_artistic_gymnastics_world_championships_2019_men_pommel-horse,fig_athlete_Max_Whitlock_GBR,1,gold,discipline=Artistic Gymnastics - Pommel horse;event=Pommel horse;entry_country=GBR;source_url=https://en.wikipedia.org/wiki/2019_World_Artistic_Gymnastics_Championships,10.0
fig_artistic_gymnastics_world_championships_2019_men_pommel-horse,fig_athlete_Lee_Chih-kai_TPE,2,silver,discipline=Artistic Gymnastics - Pommel horse;event=Pommel horse;entry_country=TPE;source_url=https://en.wikipedia.org/wiki/2019_World_Artistic_Gymnastics_Championships,7.0
fig_artistic_gymnastics_world_championships_2019_men_pommel-horse,fig_athlete_Rhys_McClenaghan_IRL,3,bronze,discipline=Artistic Gymnastics - Pommel horse;event=Pommel horse;entry_country=IRL;source_url=https://en.wikipedia.org/wiki/2019_World_Artistic_Gymnastics_Championships,5.0
fig_artistic_gymnastics_world_championships_2019_men_still-rings,fig_athlete_brahim_Çolak_TUR,1,gold,discipline=Artistic Gymnastics - Still rings;event=Still rings;entry_country=TUR;source_url=https://en.wikipedia.org/wiki/2019_World_Artistic_Gymnastics_Championships,10.0
fig_artistic_gymnastics_world_championships_2019_men_still-rings,fig_athlete_Marco_Lodadio_ITA,2,silver,discipline=Artistic Gymnastics - Still rings;event=Still rings;entry_country=ITA;source_url=https://en.wikipedia.org/wiki/2019_World_Artistic_Gymnastics_Championships,7.0
fig_artistic_gymnastics_world_championships_2019_men_still-rings,fig_athlete_Samir_Aït_Saïd_FRA,3,bronze,discipline=Artistic Gymnastics - Still rings;event=Still rings;entry_country=FRA;source_url=https://en.wikipedia.org/wiki/2019_World_Artistic_Gymnastics_Championships,5.0
fig_artistic_gymnastics_world_championships_2019_men_team,fig_team_Russia_RUS,1,gold,discipline=Artistic Gymnastics - Team;event=Team;entry_country=RUS;source_url=https://en.wikipedia.org/wiki/2019_World_Artistic_Gymnastics_Championships,10.0
fig_artistic_gymnastics_world_championships_2019_men_team,fig_team_China_CHN,2,silver,discipline=Artistic Gymnastics - Team;event=Team;entry_country=CHN;source_url=https://en.wikipedia.org/wiki/2019_World_Artistic_Gymnastics_Championships,7.0
fig_artistic_gymnastics_world_championships_2019_men_team,fig_team_Japan_JPN,3,bronze,discipline=Artistic Gymnastics - Team;event=Team;entry_country=JPN;source_url=https://en.wikipedia.org/wiki/2019_World_Artistic_Gymnastics_Championships,5.0
fig_artistic_gymnastics_world_championships_2019_men_vault,fig_athlete_Nikita_Nagornyy_RUS,1,gold,discipline=Artistic Gymnastics - Vault;event=Vault;entry_country=RUS;source_url=https://en.wikipedia.org/wiki/2019_World_Artistic_Gymnastics_Championships,10.0
fig_artistic_gymnastics_world_championships_2019_men_vault,fig_athlete_Artur_Dalaloyan_RUS,2,silver,discipline=Artistic Gymnastics - Vault;event=Vault;entry_country=RUS;source_url=https://en.wikipedia.org/wiki/2019_World_Artistic_Gymnastics_Championships,7.0
fig_artistic_gymnastics_world_championships_2019_men_vault,fig_athlete_Igor_Radivilov_UKR,3,bronze,discipline=Artistic Gymnastics - Vault;event=Vault;entry_country=UKR;source_url=https://en.wikipedia.org/wiki/2019_World_Artistic_Gymnastics_Championships,5.0
fig_artistic_gymnastics_world_championships_2019_women_balance-beam,fig_athlete_Simone_Biles_USA,1,gold,discipline=Artistic Gymnastics - Balance beam;event=Balance beam;entry_country=USA;source_url=https://en.wikipedia.org/wiki/2019_World_Artistic_Gymnastics_Championships,10.0
fig_artistic_gymnastics_world_championships_2019_women_balance-beam,fig_athlete_Liu_Tingting_CHN,2,silver,discipline=Artistic Gymnastics - Balance beam;event=Balance beam;entry_country=CHN;source_url=https://en.wikipedia.org/wiki/2019_World_Artistic_Gymnastics_Championships,7.0
fig_artistic_gymnastics_world_championships_2019_women_balance-beam,fig_athlete_Li_Shijia_CHN,3,bronze,discipline=Artistic Gymnastics - Balance beam;event=Balance beam;entry_country=CHN;source_url=https://en.wikipedia.org/wiki/2019_World_Artistic_Gymnastics_Championships,5.0
fig_artistic_gymnastics_world_championships_2019_women_floor-exercise,fig_athlete_Simone_Biles_USA,1,gold,discipline=Artistic Gymnastics - Floor exercise;event=Floor exercise;entry_country=USA;source_url=https://en.wikipedia.org/wiki/2019_World_Artistic_Gymnastics_Championships,10.0
fig_artistic_gymnastics_world_championships_2019_women_floor-exercise,fig_athlete_Sunisa_Lee_USA,2,silver,discipline=Artistic Gymnastics - Floor exercise;event=Floor exercise;entry_country=USA;source_url=https://en.wikipedia.org/wiki/2019_World_Artistic_Gymnastics_Championships,7.0
fig_artistic_gymnastics_world_championships_2019_women_floor-exercise,fig_athlete_Angelina_Melnikova_RUS,3,bronze,discipline=Artistic Gymnastics - Floor exercise;event=Floor exercise;entry_country=RUS;source_url=https://en.wikipedia.org/wiki/2019_World_Artistic_Gymnastics_Championships,5.0
fig_artistic_gymnastics_world_championships_2019_women_individual-all-around,fig_athlete_Simone_Biles_USA,1,gold,discipline=Artistic Gymnastics - Individual all-around;event=Individual all-around;entry_country=USA;source_url=https://en.wikipedia.org/wiki/2019_World_Artistic_Gymnastics_Championships,10.0
fig_artistic_gymnastics_world_championships_2019_women_individual-all-around,fig_athlete_Tang_Xijing_CHN,2,silver,discipline=Artistic Gymnastics - Individual all-around;event=Individual all-around;entry_country=CHN;source_url=https://en.wikipedia.org/wiki/2019_World_Artistic_Gymnastics_Championships,7.0
fig_artistic_gymnastics_world_championships_2019_women_individual-all-around,fig_athlete_Angelina_Melnikova_RUS,3,bronze,discipline=Artistic Gymnastics - Individual all-around;event=Individual all-around;entry_country=RUS;source_url=https://en.wikipedia.org/wiki/2019_World_Artistic_Gymnastics_Championships,5.0
fig_artistic_gymnastics_world_championships_2019_women_team,fig_team_United_States_USA,1,gold,discipline=Artistic Gymnastics - Team;event=Team;entry_country=USA;source_url=https://en.wikipedia.org/wiki/2019_World_Artistic_Gymnastics_Championships,10.0
fig_artistic_gymnastics_world_championships_2019_women_team,fig_team_Russia_RUS,2,silver,discipline=Artistic Gymnastics - Team;event=Team;entry_country=RUS;source_url=https://en.wikipedia.org/wiki/2019_World_Artistic_Gymnastics_Championships,7.0
fig_artistic_gymnastics_world_championships_2019_women_team,fig_team_Italy_ITA,3,bronze,discipline=Artistic Gymnastics - Team;event=Team;entry_country=ITA;source_url=https://en.wikipedia.org/wiki/2019_World_Artistic_Gymnastics_Championships,5.0
fig_artistic_gymnastics_world_championships_2019_women_uneven-bars,fig_athlete_Nina_Derwael_BEL,1,gold,discipline=Artistic Gymnastics - Uneven bars;event=Uneven bars;entry_country=BEL;source_url=https://en.wikipedia.org/wiki/2019_World_Artistic_Gymnastics_Championships,10.0
fig_artistic_gymnastics_world_championships_2019_women_uneven-bars,fig_athlete_Becky_Downie_GBR,2,silver,discipline=Artistic Gymnastics - Uneven bars;event=Uneven bars;entry_country=GBR;source_url=https://en.wikipedia.org/wiki/2019_World_Artistic_Gymnastics_Championships,7.0
fig_artistic_gymnastics_world_championships_2019_women_uneven-bars,fig_athlete_Sunisa_Lee_USA,3,bronze,discipline=Artistic Gymnastics - Uneven bars;event=Uneven bars;entry_country=USA;source_url=https://en.wikipedia.org/wiki/2019_World_Artistic_Gymnastics_Championships,5.0
fig_artistic_gymnastics_world_championships_2019_women_vault,fig_athlete_Simone_Biles_USA,1,gold,discipline=Artistic Gymnastics - Vault;event=Vault;entry_country=USA;source_url=https://en.wikipedia.org/wiki/2019_World_Artistic_Gymnastics_Championships,10.0
fig_artistic_gymnastics_world_championships_2019_women_vault,fig_athlete_Jade_Carey_USA,2,silver,discipline=Artistic Gymnastics - Vault;event=Vault;entry_country=USA;source_url=https://en.wikipedia.org/wiki/2019_World_Artistic_Gymnastics_Championships,7.0
fig_artistic_gymnastics_world_championships_2019_women_vault,fig_athlete_Ellie_Downie_GBR,3,bronze,discipline=Artistic Gymnastics - Vault;event=Vault;entry_country=GBR;source_url=https://en.wikipedia.org/wiki/2019_World_Artistic_Gymnastics_Championships,5.0
fig_artistic_gymnastics_world_championships_2021_men_floor-exercise,fig_athlete_Nicola_Bartolini_ITA,1,gold,discipline=Artistic Gymnastics - Floor exercise;event=Floor exercise;entry_country=ITA;source_url=https://en.wikipedia.org/wiki/2021_World_Artistic_Gymnastics_Championships,10.0
fig_artistic_gymnastics_world_championships_2021_men_floor-exercise,fig_athlete_Kazuki_Minami_JPN,2,silver,discipline=Artistic Gymnastics - Floor exercise;event=Floor exercise;entry_country=JPN;source_url=https://en.wikipedia.org/wiki/2021_World_Artistic_Gymnastics_Championships,7.0
fig_artistic_gymnastics_world_championships_2021_men_floor-exercise,fig_athlete_Emil_Soravuo_FIN,3,bronze,discipline=Artistic Gymnastics - Floor exercise;event=Floor exercise;entry_country=FIN;source_url=https://en.wikipedia.org/wiki/2021_World_Artistic_Gymnastics_Championships,5.0
fig_artistic_gymnastics_world_championships_2021_men_horizontal-bar,fig_athlete_Hu_Xuwei_CHN,1,gold,discipline=Artistic Gymnastics - Horizontal bar;event=Horizontal bar;entry_country=CHN;source_url=https://en.wikipedia.org/wiki/2021_World_Artistic_Gymnastics_Championships,10.0
fig_artistic_gymnastics_world_championships_2021_men_horizontal-bar,fig_athlete_Daiki_Hashimoto_JPN,2,silver,discipline=Artistic Gymnastics - Horizontal bar;event=Horizontal bar;entry_country=JPN;source_url=https://en.wikipedia.org/wiki/2021_World_Artistic_Gymnastics_Championships,7.0
fig_artistic_gymnastics_world_championships_2021_men_horizontal-bar,fig_athlete_Brody_Malone_USA,3,bronze,discipline=Artistic Gymnastics - Horizontal bar;event=Horizontal bar;entry_country=USA;source_url=https://en.wikipedia.org/wiki/2021_World_Artistic_Gymnastics_Championships,5.0
fig_artistic_gymnastics_world_championships_2021_men_individual-all-around,fig_athlete_Zhang_Boheng_CHN,1,gold,discipline=Artistic Gymnastics - Individual all-around;event=Individual all-around;entry_country=CHN;source_url=https://en.wikipedia.org/wiki/2021_World_Artistic_Gymnastics_Championships,10.0
fig_artistic_gymnastics_world_championships_2021_men_individual-all-around,fig_athlete_Daiki_Hashimoto_JPN,2,silver,discipline=Artistic Gymnastics - Individual all-around;event=Individual all-around;entry_country=JPN;source_url=https://en.wikipedia.org/wiki/2021_World_Artistic_Gymnastics_Championships,7.0
fig_artistic_gymnastics_world_championships_2021_men_individual-all-around,fig_athlete_Illia_Kovtun_UKR,3,bronze,discipline=Artistic Gymnastics - Individual all-around;event=Individual all-around;entry_country=UKR;source_url=https://en.wikipedia.org/wiki/2021_World_Artistic_Gymnastics_Championships,5.0
fig_artistic_gymnastics_world_championships_2021_men_parallel-bars,fig_athlete_Hu_Xuwei_CHN,1,gold,discipline=Artistic Gymnastics - Parallel bars;event=Parallel bars;entry_country=CHN;source_url=https://en.wikipedia.org/wiki/2021_World_Artistic_Gymnastics_Championships,10.0
fig_artistic_gymnastics_world_championships_2021_men_parallel-bars,fig_athlete_Carlos_Yulo_PHL,2,silver,discipline=Artistic Gymnastics - Parallel bars;event=Parallel bars;entry_country=PHL;source_url=https://en.wikipedia.org/wiki/2021_World_Artistic_Gymnastics_Championships,7.0
fig_artistic_gymnastics_world_championships_2021_men_parallel-bars,fig_athlete_Shi_Cong_CHN,3,bronze,discipline=Artistic Gymnastics - Parallel bars;event=Parallel bars;entry_country=CHN;source_url=https://en.wikipedia.org/wiki/2021_World_Artistic_Gymnastics_Championships,5.0
fig_artistic_gymnastics_world_championships_2021_men_pommel-horse,fig_athlete_Stephen_Nedoroscik_USA,1,gold,discipline=Artistic Gymnastics - Pommel horse;event=Pommel horse;entry_country=USA;source_url=https://en.wikipedia.org/wiki/2021_World_Artistic_Gymnastics_Championships,10.0
fig_artistic_gymnastics_world_championships_2021_men_pommel-horse,fig_athlete_Weng_Hao_CHN,2,silver,discipline=Artistic Gymnastics - Pommel horse;event=Pommel horse;entry_country=CHN;source_url=https://en.wikipedia.org/wiki/2021_World_Artistic_Gymnastics_Championships,7.0
fig_artistic_gymnastics_world_championships_2021_men_pommel-horse,fig_athlete_Kazuma_Kaya_JPN,2,silver,discipline=Artistic Gymnastics - Pommel horse;event=Pommel horse;entry_country=JPN;source_url=https://en.wikipedia.org/wiki/2021_World_Artistic_Gymnastics_Championships,7.0
fig_artistic_gymnastics_world_championships_2021_men_still-rings,fig_athlete_Lan_Xingyu_CHN,1,gold,discipline=Artistic Gymnastics - Still rings;event=Still rings;entry_country=CHN;source_url=https://en.wikipedia.org/wiki/2021_World_Artistic_Gymnastics_Championships,10.0
fig_artistic_gymnastics_world_championships_2021_men_still-rings,fig_athlete_Marco_Lodadio_ITA,2,silver,discipline=Artistic Gymnastics - Still rings;event=Still rings;entry_country=ITA;source_url=https://en.wikipedia.org/wiki/2021_World_Artistic_Gymnastics_Championships,7.0
fig_artistic_gymnastics_world_championships_2021_men_still-rings,fig_athlete_Salvatore_Maresca_ITA,3,bronze,discipline=Artistic Gymnastics - Still rings;event=Still rings;entry_country=ITA;source_url=https://en.wikipedia.org/wiki/2021_World_Artistic_Gymnastics_Championships,5.0
fig_artistic_gymnastics_world_championships_2021_men_still-rings,fig_athlete_Grigorii_Klimentev_RGF,3,bronze,discipline=Artistic Gymnastics - Still rings;event=Still rings;entry_country=RGF;source_url=https://en.wikipedia.org/wiki/2021_World_Artistic_Gymnastics_Championships,5.0
fig_artistic_gymnastics_world_championships_2021_men_vault,fig_athlete_Carlos_Yulo_PHL,1,gold,discipline=Artistic Gymnastics - Vault;event=Vault;entry_country=PHL;source_url=https://en.wikipedia.org/wiki/2021_World_Artistic_Gymnastics_Championships,10.0
fig_artistic_gymnastics_world_championships_2021_men_vault,fig_athlete_Hidenobu_Yonekura_JPN,2,silver,discipline=Artistic Gymnastics - Vault;event=Vault;entry_country=JPN;source_url=https://en.wikipedia.org/wiki/2021_World_Artistic_Gymnastics_Championships,7.0
fig_artistic_gymnastics_world_championships_2021_men_vault,fig_athlete_Andrey_Medvedev_ISR,3,bronze,discipline=Artistic Gymnastics - Vault;event=Vault;entry_country=ISR;source_url=https://en.wikipedia.org/wiki/2021_World_Artistic_Gymnastics_Championships,5.0
fig_artistic_gymnastics_world_championships_2021_women_balance-beam,fig_athlete_Urara_Ashikawa_JPN,1,gold,discipline=Artistic Gymnastics - Balance beam;event=Balance beam;entry_country=JPN;source_url=https://en.wikipedia.org/wiki/2021_World_Artistic_Gymnastics_Championships,10.0
fig_artistic_gymnastics_world_championships_2021_women_balance-beam,fig_athlete_Pauline_Schaefer-Betz_DEU,2,silver,discipline=Artistic Gymnastics - Balance beam;event=Balance beam;entry_country=DEU;source_url=https://en.wikipedia.org/wiki/2021_World_Artistic_Gymnastics_Championships,7.0
fig_artistic_gymnastics_world_championships_2021_women_balance-beam,fig_athlete_Mai_Murakami_JPN,3,bronze,discipline=Artistic Gymnastics - Balance beam;event=Balance beam;entry_country=JPN;source_url=https://en.wikipedia.org/wiki/2021_World_Artistic_Gymnastics_Championships,5.0
fig_artistic_gymnastics_world_championships_2021_women_floor-exercise,fig_athlete_Mai_Murakami_JPN,1,gold,discipline=Artistic Gymnastics - Floor exercise;event=Floor exercise;entry_country=JPN;source_url=https://en.wikipedia.org/wiki/2021_World_Artistic_Gymnastics_Championships,10.0
fig_artistic_gymnastics_world_championships_2021_women_floor-exercise,fig_athlete_Angelina_Melnikova_RGF,2,silver,discipline=Artistic Gymnastics - Floor exercise;event=Floor exercise;entry_country=RGF;source_url=https://en.wikipedia.org/wiki/2021_World_Artistic_Gymnastics_Championships,7.0
fig_artistic_gymnastics_world_championships_2021_women_floor-exercise,fig_athlete_Leanne_Wong_USA,3,bronze,discipline=Artistic Gymnastics - Floor exercise;event=Floor exercise;entry_country=USA;source_url=https://en.wikipedia.org/wiki/2021_World_Artistic_Gymnastics_Championships,5.0
fig_artistic_gymnastics_world_championships_2021_women_individual-all-around,fig_athlete_Angelina_Melnikova_RGF,1,gold,discipline=Artistic Gymnastics - Individual all-around;event=Individual all-around;entry_country=RGF;source_url=https://en.wikipedia.org/wiki/2021_World_Artistic_Gymnastics_Championships,10.0
fig_artistic_gymnastics_world_championships_2021_women_individual-all-around,fig_athlete_Leanne_Wong_USA,2,silver,discipline=Artistic Gymnastics - Individual all-around;event=Individual all-around;entry_country=USA;source_url=https://en.wikipedia.org/wiki/2021_World_Artistic_Gymnastics_Championships,7.0
fig_artistic_gymnastics_world_championships_2021_women_individual-all-around,fig_athlete_Kayla_DiCello_USA,3,bronze,discipline=Artistic Gymnastics - Individual all-around;event=Individual all-around;entry_country=USA;source_url=https://en.wikipedia.org/wiki/2021_World_Artistic_Gymnastics_Championships,5.0
fig_artistic_gymnastics_world_championships_2021_women_uneven-bars,fig_athlete_Wei_Xiaoyuan_CHN,1,gold,discipline=Artistic Gymnastics - Uneven bars;event=Uneven bars;entry_country=CHN;source_url=https://en.wikipedia.org/wiki/2021_World_Artistic_Gymnastics_Championships,10.0
fig_artistic_gymnastics_world_championships_2021_women_uneven-bars,fig_athlete_Rebeca_Andrade_BRA,2,silver,discipline=Artistic Gymnastics - Uneven bars;event=Uneven bars;entry_country=BRA;source_url=https://en.wikipedia.org/wiki/2021_World_Artistic_Gymnastics_Championships,7.0
fig_artistic_gymnastics_world_championships_2021_women_uneven-bars,fig_athlete_Luo_Rui_CHN,3,bronze,discipline=Artistic Gymnastics - Uneven bars;event=Uneven bars;entry_country=CHN;source_url=https://en.wikipedia.org/wiki/2021_World_Artistic_Gymnastics_Championships,5.0
fig_artistic_gymnastics_world_championships_2021_women_vault,fig_athlete_Rebeca_Andrade_BRA,1,gold,discipline=Artistic Gymnastics - Vault;event=Vault;entry_country=BRA;source_url=https://en.wikipedia.org/wiki/2021_World_Artistic_Gymnastics_Championships,10.0
fig_artistic_gymnastics_world_championships_2021_women_vault,fig_athlete_Asia_DAmato_ITA,2,silver,discipline=Artistic Gymnastics - Vault;event=Vault;entry_country=ITA;source_url=https://en.wikipedia.org/wiki/2021_World_Artistic_Gymnastics_Championships,7.0
fig_artistic_gymnastics_world_championships_2021_women_vault,fig_athlete_Angelina_Melnikova_RGF,3,bronze,discipline=Artistic Gymnastics - Vault;event=Vault;entry_country=RGF;source_url=https://en.wikipedia.org/wiki/2021_World_Artistic_Gymnastics_Championships,5.0
fig_artistic_gymnastics_world_championships_2022_men_floor-exercise,fig_athlete_Giarnni_Regini-Moran_GBR,1,gold,discipline=Artistic Gymnastics - Floor exercise;event=Floor exercise;entry_country=GBR;source_url=https://en.wikipedia.org/wiki/2022_World_Artistic_Gymnastics_Championships,10.0
fig_artistic_gymnastics_world_championships_2022_men_floor-exercise,fig_athlete_Daiki_Hashimoto_JPN,2,silver,discipline=Artistic Gymnastics - Floor exercise;event=Floor exercise;entry_country=JPN;source_url=https://en.wikipedia.org/wiki/2022_World_Artistic_Gymnastics_Championships,7.0
fig_artistic_gymnastics_world_championships_2022_men_floor-exercise,fig_athlete_Ryosuke_Doi_JPN,3,bronze,discipline=Artistic Gymnastics - Floor exercise;event=Floor exercise;entry_country=JPN;source_url=https://en.wikipedia.org/wiki/2022_World_Artistic_Gymnastics_Championships,5.0
fig_artistic_gymnastics_world_championships_2022_men_horizontal-bar,fig_athlete_Brody_Malone_USA,1,gold,discipline=Artistic Gymnastics - Horizontal bar;event=Horizontal bar;entry_country=USA;source_url=https://en.wikipedia.org/wiki/2022_World_Artistic_Gymnastics_Championships,10.0
fig_artistic_gymnastics_world_championships_2022_men_horizontal-bar,fig_athlete_Daiki_Hashimoto_JPN,2,silver,discipline=Artistic Gymnastics - Horizontal bar;event=Horizontal bar;entry_country=JPN;source_url=https://en.wikipedia.org/wiki/2022_World_Artistic_Gymnastics_Championships,7.0
fig_artistic_gymnastics_world_championships_2022_men_horizontal-bar,fig_athlete_Arthur_Mariano_BRA,3,bronze,discipline=Artistic Gymnastics - Horizontal bar;event=Horizontal bar;entry_country=BRA;source_url=https://en.wikipedia.org/wiki/2022_World_Artistic_Gymnastics_Championships,5.0
fig_artistic_gymnastics_world_championships_2022_men_individual-all-around,fig_athlete_Daiki_Hashimoto_JPN,1,gold,discipline=Artistic Gymnastics - Individual all-around;event=Individual all-around;entry_country=JPN;source_url=https://en.wikipedia.org/wiki/2022_World_Artistic_Gymnastics_Championships,10.0
fig_artistic_gymnastics_world_championships_2022_men_individual-all-around,fig_athlete_Zhang_Boheng_CHN,2,silver,discipline=Artistic Gymnastics - Individual all-around;event=Individual all-around;entry_country=CHN;source_url=https://en.wikipedia.org/wiki/2022_World_Artistic_Gymnastics_Championships,7.0
fig_artistic_gymnastics_world_championships_2022_men_individual-all-around,fig_athlete_Wataru_Tanigawa_JPN,3,bronze,discipline=Artistic Gymnastics - Individual all-around;event=Individual all-around;entry_country=JPN;source_url=https://en.wikipedia.org/wiki/2022_World_Artistic_Gymnastics_Championships,5.0
fig_artistic_gymnastics_world_championships_2022_men_parallel-bars,fig_athlete_Zou_Jingyuan_CHN,1,gold,discipline=Artistic Gymnastics - Parallel bars;event=Parallel bars;entry_country=CHN;source_url=https://en.wikipedia.org/wiki/2022_World_Artistic_Gymnastics_Championships,10.0
fig_artistic_gymnastics_world_championships_2022_men_parallel-bars,fig_athlete_Lukas_Dauser_DEU,2,silver,discipline=Artistic Gymnastics - Parallel bars;event=Parallel bars;entry_country=DEU;source_url=https://en.wikipedia.org/wiki/2022_World_Artistic_Gymnastics_Championships,7.0
fig_artistic_gymnastics_world_championships_2022_men_parallel-bars,fig_athlete_Carlos_Yulo_PHL,3,bronze,discipline=Artistic Gymnastics - Parallel bars;event=Parallel bars;entry_country=PHL;source_url=https://en.wikipedia.org/wiki/2022_World_Artistic_Gymnastics_Championships,5.0
fig_artistic_gymnastics_world_championships_2022_men_pommel-horse,fig_athlete_Rhys_McClenaghan_IRL,1,gold,discipline=Artistic Gymnastics - Pommel horse;event=Pommel horse;entry_country=IRL;source_url=https://en.wikipedia.org/wiki/2022_World_Artistic_Gymnastics_Championships,10.0
fig_artistic_gymnastics_world_championships_2022_men_pommel-horse,fig_athlete_Ahmad_Abu_Al-Soud_JOR,2,silver,discipline=Artistic Gymnastics - Pommel horse;event=Pommel horse;entry_country=JOR;source_url=https://en.wikipedia.org/wiki/2022_World_Artistic_Gymnastics_Championships,7.0
fig_artistic_gymnastics_world_championships_2022_men_pommel-horse,fig_athlete_Harutyun_Merdinyan_ARM,3,bronze,discipline=Artistic Gymnastics - Pommel horse;event=Pommel horse;entry_country=ARM;source_url=https://en.wikipedia.org/wiki/2022_World_Artistic_Gymnastics_Championships,5.0
fig_artistic_gymnastics_world_championships_2022_men_still-rings,fig_athlete_Adem_Asil_TUR,1,gold,discipline=Artistic Gymnastics - Still rings;event=Still rings;entry_country=TUR;source_url=https://en.wikipedia.org/wiki/2022_World_Artistic_Gymnastics_Championships,10.0
fig_artistic_gymnastics_world_championships_2022_men_still-rings,fig_athlete_Zou_Jingyuan_CHN,2,silver,discipline=Artistic Gymnastics - Still rings;event=Still rings;entry_country=CHN;source_url=https://en.wikipedia.org/wiki/2022_World_Artistic_Gymnastics_Championships,7.0
fig_artistic_gymnastics_world_championships_2022_men_still-rings,fig_athlete_Courtney_Tulloch_GBR,3,bronze,discipline=Artistic Gymnastics - Still rings;event=Still rings;entry_country=GBR;source_url=https://en.wikipedia.org/wiki/2022_World_Artistic_Gymnastics_Championships,5.0
fig_artistic_gymnastics_world_championships_2022_men_team,fig_team_China_CHN,1,gold,discipline=Artistic Gymnastics - Team;event=Team;entry_country=CHN;source_url=https://en.wikipedia.org/wiki/2022_World_Artistic_Gymnastics_Championships,10.0
fig_artistic_gymnastics_world_championships_2022_men_team,fig_team_Japan_JPN,2,silver,discipline=Artistic Gymnastics - Team;event=Team;entry_country=JPN;source_url=https://en.wikipedia.org/wiki/2022_World_Artistic_Gymnastics_Championships,7.0
fig_artistic_gymnastics_world_championships_2022_men_team,fig_team_Great_Britain_GBR,3,bronze,discipline=Artistic Gymnastics - Team;event=Team;entry_country=GBR;source_url=https://en.wikipedia.org/wiki/2022_World_Artistic_Gymnastics_Championships,5.0
fig_artistic_gymnastics_world_championships_2022_men_vault,fig_athlete_Artur_Davtyan_ARM,1,gold,discipline=Artistic Gymnastics - Vault;event=Vault;entry_country=ARM;source_url=https://en.wikipedia.org/wiki/2022_World_Artistic_Gymnastics_Championships,10.0
fig_artistic_gymnastics_world_championships_2022_men_vault,fig_athlete_Carlos_Yulo_PHL,2,silver,discipline=Artistic Gymnastics - Vault;event=Vault;entry_country=PHL;source_url=https://en.wikipedia.org/wiki/2022_World_Artistic_Gymnastics_Championships,7.0
fig_artistic_gymnastics_world_championships_2022_men_vault,fig_athlete_Igor_Radivilov_UKR,3,bronze,discipline=Artistic Gymnastics - Vault;event=Vault;entry_country=UKR;source_url=https://en.wikipedia.org/wiki/2022_World_Artistic_Gymnastics_Championships,5.0
fig_artistic_gymnastics_world_championships_2022_women_balance-beam,fig_athlete_Hazuki_Watanabe_JPN,1,gold,discipline=Artistic Gymnastics - Balance beam;event=Balance beam;entry_country=JPN;source_url=https://en.wikipedia.org/wiki/2022_World_Artistic_Gymnastics_Championships,10.0
fig_artistic_gymnastics_world_championships_2022_women_balance-beam,fig_athlete_Ellie_Black_CAN,2,silver,discipline=Artistic Gymnastics - Balance beam;event=Balance beam;entry_country=CAN;source_url=https://en.wikipedia.org/wiki/2022_World_Artistic_Gymnastics_Championships,7.0
fig_artistic_gymnastics_world_championships_2022_women_balance-beam,fig_athlete_Shoko_Miyata_JPN,3,bronze,discipline=Artistic Gymnastics - Balance beam;event=Balance beam;entry_country=JPN;source_url=https://en.wikipedia.org/wiki/2022_World_Artistic_Gymnastics_Championships,5.0
fig_artistic_gymnastics_world_championships_2022_women_floor-exercise,fig_athlete_Jessica_Gadirova_GBR,1,gold,discipline=Artistic Gymnastics - Floor exercise;event=Floor exercise;entry_country=GBR;source_url=https://en.wikipedia.org/wiki/2022_World_Artistic_Gymnastics_Championships,10.0
fig_artistic_gymnastics_world_championships_2022_women_floor-exercise,fig_athlete_Jordan_Chiles_USA,2,silver,discipline=Artistic Gymnastics - Floor exercise;event=Floor exercise;entry_country=USA;source_url=https://en.wikipedia.org/wiki/2022_World_Artistic_Gymnastics_Championships,7.0
fig_artistic_gymnastics_world_championships_2022_women_floor-exercise,fig_athlete_Rebeca_Andrade_BRA,3,bronze,discipline=Artistic Gymnastics - Floor exercise;event=Floor exercise;entry_country=BRA;source_url=https://en.wikipedia.org/wiki/2022_World_Artistic_Gymnastics_Championships,5.0
fig_artistic_gymnastics_world_championships_2022_women_floor-exercise,fig_athlete_Jade_Carey_USA,3,bronze,discipline=Artistic Gymnastics - Floor exercise;event=Floor exercise;entry_country=USA;source_url=https://en.wikipedia.org/wiki/2022_World_Artistic_Gymnastics_Championships,5.0
fig_artistic_gymnastics_world_championships_2022_women_individual-all-around,fig_athlete_Rebeca_Andrade_BRA,1,gold,discipline=Artistic Gymnastics - Individual all-around;event=Individual all-around;entry_country=BRA;source_url=https://en.wikipedia.org/wiki/2022_World_Artistic_Gymnastics_Championships,10.0
fig_artistic_gymnastics_world_championships_2022_women_individual-all-around,fig_athlete_Shilese_Jones_USA,2,silver,discipline=Artistic Gymnastics - Individual all-around;event=Individual all-around;entry_country=USA;source_url=https://en.wikipedia.org/wiki/2022_World_Artistic_Gymnastics_Championships,7.0
fig_artistic_gymnastics_world_championships_2022_women_individual-all-around,fig_athlete_Jessica_Gadirova_GBR,3,bronze,discipline=Artistic Gymnastics - Individual all-around;event=Individual all-around;entry_country=GBR;source_url=https://en.wikipedia.org/wiki/2022_World_Artistic_Gymnastics_Championships,5.0
fig_artistic_gymnastics_world_championships_2022_women_team,fig_team_United_States_USA,1,gold,discipline=Artistic Gymnastics - Team;event=Team;entry_country=USA;source_url=https://en.wikipedia.org/wiki/2022_World_Artistic_Gymnastics_Championships,10.0
fig_artistic_gymnastics_world_championships_2022_women_team,fig_team_Great_Britain_GBR,2,silver,discipline=Artistic Gymnastics - Team;event=Team;entry_country=GBR;source_url=https://en.wikipedia.org/wiki/2022_World_Artistic_Gymnastics_Championships,7.0
fig_artistic_gymnastics_world_championships_2022_women_team,fig_team_Canada_CAN,3,bronze,discipline=Artistic Gymnastics - Team;event=Team;entry_country=CAN;source_url=https://en.wikipedia.org/wiki/2022_World_Artistic_Gymnastics_Championships,5.0
fig_artistic_gymnastics_world_championships_2022_women_uneven-bars,fig_athlete_Wei_Xiaoyuan_CHN,1,gold,discipline=Artistic Gymnastics - Uneven bars;event=Uneven bars;entry_country=CHN;source_url=https://en.wikipedia.org/wiki/2022_World_Artistic_Gymnastics_Championships,10.0
fig_artistic_gymnastics_world_championships_2022_women_uneven-bars,fig_athlete_Shilese_Jones_USA,2,silver,discipline=Artistic Gymnastics - Uneven bars;event=Uneven bars;entry_country=USA;source_url=https://en.wikipedia.org/wiki/2022_World_Artistic_Gymnastics_Championships,7.0
fig_artistic_gymnastics_world_championships_2022_women_uneven-bars,fig_athlete_Nina_Derwael_BEL,3,bronze,discipline=Artistic Gymnastics - Uneven bars;event=Uneven bars;entry_country=BEL;source_url=https://en.wikipedia.org/wiki/2022_World_Artistic_Gymnastics_Championships,5.0
fig_artistic_gymnastics_world_championships_2022_women_vault,fig_athlete_Jade_Carey_USA,1,gold,discipline=Artistic Gymnastics - Vault;event=Vault;entry_country=USA;source_url=https://en.wikipedia.org/wiki/2022_World_Artistic_Gymnastics_Championships,10.0
fig_artistic_gymnastics_world_championships_2022_women_vault,fig_athlete_Jordan_Chiles_USA,2,silver,discipline=Artistic Gymnastics - Vault;event=Vault;entry_country=USA;source_url=https://en.wikipedia.org/wiki/2022_World_Artistic_Gymnastics_Championships,7.0
fig_artistic_gymnastics_world_championships_2022_women_vault,fig_athlete_Coline_Devillard_FRA,3,bronze,discipline=Artistic Gymnastics - Vault;event=Vault;entry_country=FRA;source_url=https://en.wikipedia.org/wiki/2022_World_Artistic_Gymnastics_Championships,5.0
fig_artistic_gymnastics_world_championships_2023_men_floor-exercise,fig_athlete_Artem_Dolgopyat_ISR,1,gold,discipline=Artistic Gymnastics - Floor exercise;event=Floor exercise;entry_country=ISR;source_url=https://en.wikipedia.org/wiki/2023_World_Artistic_Gymnastics_Championships,10.0
fig_artistic_gymnastics_world_championships_2023_men_floor-exercise,fig_athlete_Kazuki_Minami_JPN,2,silver,discipline=Artistic Gymnastics - Floor exercise;event=Floor exercise;entry_country=JPN;source_url=https://en.wikipedia.org/wiki/2023_World_Artistic_Gymnastics_Championships,7.0
fig_artistic_gymnastics_world_championships_2023_men_floor-exercise,fig_athlete_Milad_Karimi_KAZ,3,bronze,discipline=Artistic Gymnastics - Floor exercise;event=Floor exercise;entry_country=KAZ;source_url=https://en.wikipedia.org/wiki/2023_World_Artistic_Gymnastics_Championships,5.0
fig_artistic_gymnastics_world_championships_2023_men_horizontal-bar,fig_athlete_Daiki_Hashimoto_JPN,1,gold,discipline=Artistic Gymnastics - Horizontal bar;event=Horizontal bar;entry_country=JPN;source_url=https://en.wikipedia.org/wiki/2023_World_Artistic_Gymnastics_Championships,10.0
fig_artistic_gymnastics_world_championships_2023_men_horizontal-bar,fig_athlete_Tin_Srbi_HRV,2,silver,discipline=Artistic Gymnastics - Horizontal bar;event=Horizontal bar;entry_country=HRV;source_url=https://en.wikipedia.org/wiki/2023_World_Artistic_Gymnastics_Championships,7.0
fig_artistic_gymnastics_world_championships_2023_men_horizontal-bar,fig_athlete_Su_Weide_CHN,3,bronze,discipline=Artistic Gymnastics - Horizontal bar;event=Horizontal bar;entry_country=CHN;source_url=https://en.wikipedia.org/wiki/2023_World_Artistic_Gymnastics_Championships,5.0
fig_artistic_gymnastics_world_championships_2023_men_individual-all-around,fig_athlete_Daiki_Hashimoto_JPN,1,gold,discipline=Artistic Gymnastics - Individual all-around;event=Individual all-around;entry_country=JPN;source_url=https://en.wikipedia.org/wiki/2023_World_Artistic_Gymnastics_Championships,10.0
fig_artistic_gymnastics_world_championships_2023_men_individual-all-around,fig_athlete_Illia_Kovtun_UKR,2,silver,discipline=Artistic Gymnastics - Individual all-around;event=Individual all-around;entry_country=UKR;source_url=https://en.wikipedia.org/wiki/2023_World_Artistic_Gymnastics_Championships,7.0
fig_artistic_gymnastics_world_championships_2023_men_individual-all-around,fig_athlete_Fred_Richard_USA,3,bronze,discipline=Artistic Gymnastics - Individual all-around;event=Individual all-around;entry_country=USA;source_url=https://en.wikipedia.org/wiki/2023_World_Artistic_Gymnastics_Championships,5.0
fig_artistic_gymnastics_world_championships_2023_men_parallel-bars,fig_athlete_Lukas_Dauser_DEU,1,gold,discipline=Artistic Gymnastics - Parallel bars;event=Parallel bars;entry_country=DEU;source_url=https://en.wikipedia.org/wiki/2023_World_Artistic_Gymnastics_Championships,10.0
fig_artistic_gymnastics_world_championships_2023_men_parallel-bars,fig_athlete_Shi_Cong_CHN,2,silver,discipline=Artistic Gymnastics - Parallel bars;event=Parallel bars;entry_country=CHN;source_url=https://en.wikipedia.org/wiki/2023_World_Artistic_Gymnastics_Championships,7.0
fig_artistic_gymnastics_world_championships_2023_men_parallel-bars,fig_athlete_Kaito_Sugimoto_JPN,3,bronze,discipline=Artistic Gymnastics - Parallel bars;event=Parallel bars;entry_country=JPN;source_url=https://en.wikipedia.org/wiki/2023_World_Artistic_Gymnastics_Championships,5.0
fig_artistic_gymnastics_world_championships_2023_men_pommel-horse,fig_athlete_Rhys_McClenaghan_IRL,1,gold,discipline=Artistic Gymnastics - Pommel horse;event=Pommel horse;entry_country=IRL;source_url=https://en.wikipedia.org/wiki/2023_World_Artistic_Gymnastics_Championships,10.0
fig_artistic_gymnastics_world_championships_2023_men_pommel-horse,fig_athlete_Khoi_Young_USA,2,silver,discipline=Artistic Gymnastics - Pommel horse;event=Pommel horse;entry_country=USA;source_url=https://en.wikipedia.org/wiki/2023_World_Artistic_Gymnastics_Championships,7.0
fig_artistic_gymnastics_world_championships_2023_men_pommel-horse,fig_athlete_Ahmad_Abu_Al-Soud_JOR,3,bronze,discipline=Artistic Gymnastics - Pommel horse;event=Pommel horse;entry_country=JOR;source_url=https://en.wikipedia.org/wiki/2023_World_Artistic_Gymnastics_Championships,5.0
fig_artistic_gymnastics_world_championships_2023_men_still-rings,fig_athlete_Liu_Yang_CHN,1,gold,discipline=Artistic Gymnastics - Still rings;event=Still rings;entry_country=CHN;source_url=https://en.wikipedia.org/wiki/2023_World_Artistic_Gymnastics_Championships,10.0
fig_artistic_gymnastics_world_championships_2023_men_still-rings,fig_athlete_Eleftherios_Petrounias_GRC,2,silver,discipline=Artistic Gymnastics - Still rings;event=Still rings;entry_country=GRC;source_url=https://en.wikipedia.org/wiki/2023_World_Artistic_Gymnastics_Championships,7.0
fig_artistic_gymnastics_world_championships_2023_men_still-rings,fig_athlete_You_Hao_CHN,3,bronze,discipline=Artistic Gymnastics - Still rings;event=Still rings;entry_country=CHN;source_url=https://en.wikipedia.org/wiki/2023_World_Artistic_Gymnastics_Championships,5.0
fig_artistic_gymnastics_world_championships_2023_men_team,fig_team_Japan_JPN,1,gold,discipline=Artistic Gymnastics - Team;event=Team;entry_country=JPN;source_url=https://en.wikipedia.org/wiki/2023_World_Artistic_Gymnastics_Championships,10.0
fig_artistic_gymnastics_world_championships_2023_men_team,fig_team_China_CHN,2,silver,discipline=Artistic Gymnastics - Team;event=Team;entry_country=CHN;source_url=https://en.wikipedia.org/wiki/2023_World_Artistic_Gymnastics_Championships,7.0
fig_artistic_gymnastics_world_championships_2023_men_team,fig_team_United_States_USA,3,bronze,discipline=Artistic Gymnastics - Team;event=Team;entry_country=USA;source_url=https://en.wikipedia.org/wiki/2023_World_Artistic_Gymnastics_Championships,5.0
fig_artistic_gymnastics_world_championships_2023_men_vault,fig_athlete_Jake_Jarman_GBR,1,gold,discipline=Artistic Gymnastics - Vault;event=Vault;entry_country=GBR;source_url=https://en.wikipedia.org/wiki/2023_World_Artistic_Gymnastics_Championships,10.0
fig_artistic_gymnastics_world_championships_2023_men_vault,fig_athlete_Khoi_Young_USA,2,silver,discipline=Artistic Gymnastics - Vault;event=Vault;entry_country=USA;source_url=https://en.wikipedia.org/wiki/2023_World_Artistic_Gymnastics_Championships,7.0
fig_artistic_gymnastics_world_championships_2023_men_vault,fig_athlete_Nazar_Chepurnyi_UKR,3,bronze,discipline=Artistic Gymnastics - Vault;event=Vault;entry_country=UKR;source_url=https://en.wikipedia.org/wiki/2023_World_Artistic_Gymnastics_Championships,5.0
fig_artistic_gymnastics_world_championships_2023_women_balance-beam,fig_athlete_Simone_Biles_USA,1,gold,discipline=Artistic Gymnastics - Balance beam;event=Balance beam;entry_country=USA;source_url=https://en.wikipedia.org/wiki/2023_World_Artistic_Gymnastics_Championships,10.0
fig_artistic_gymnastics_world_championships_2023_women_balance-beam,fig_athlete_Zhou_Yaqin_CHN,2,silver,discipline=Artistic Gymnastics - Balance beam;event=Balance beam;entry_country=CHN;source_url=https://en.wikipedia.org/wiki/2023_World_Artistic_Gymnastics_Championships,7.0
fig_artistic_gymnastics_world_championships_2023_women_balance-beam,fig_athlete_Rebeca_Andrade_BRA,3,bronze,discipline=Artistic Gymnastics - Balance beam;event=Balance beam;entry_country=BRA;source_url=https://en.wikipedia.org/wiki/2023_World_Artistic_Gymnastics_Championships,5.0
fig_artistic_gymnastics_world_championships_2023_women_floor-exercise,fig_athlete_Simone_Biles_USA,1,gold,discipline=Artistic Gymnastics - Floor exercise;event=Floor exercise;entry_country=USA;source_url=https://en.wikipedia.org/wiki/2023_World_Artistic_Gymnastics_Championships,10.0
fig_artistic_gymnastics_world_championships_2023_women_floor-exercise,fig_athlete_Rebeca_Andrade_BRA,2,silver,discipline=Artistic Gymnastics - Floor exercise;event=Floor exercise;entry_country=BRA;source_url=https://en.wikipedia.org/wiki/2023_World_Artistic_Gymnastics_Championships,7.0
fig_artistic_gymnastics_world_championships_2023_women_floor-exercise,fig_athlete_Flávia_Saraiva_BRA,3,bronze,discipline=Artistic Gymnastics - Floor exercise;event=Floor exercise;entry_country=BRA;source_url=https://en.wikipedia.org/wiki/2023_World_Artistic_Gymnastics_Championships,5.0
fig_artistic_gymnastics_world_championships_2023_women_individual-all-around,fig_athlete_Simone_Biles_USA,1,gold,discipline=Artistic Gymnastics - Individual all-around;event=Individual all-around;entry_country=USA;source_url=https://en.wikipedia.org/wiki/2023_World_Artistic_Gymnastics_Championships,10.0
fig_artistic_gymnastics_world_championships_2023_women_individual-all-around,fig_athlete_Rebeca_Andrade_BRA,2,silver,discipline=Artistic Gymnastics - Individual all-around;event=Individual all-around;entry_country=BRA;source_url=https://en.wikipedia.org/wiki/2023_World_Artistic_Gymnastics_Championships,7.0
fig_artistic_gymnastics_world_championships_2023_women_individual-all-around,fig_athlete_Shilese_Jones_USA,3,bronze,discipline=Artistic Gymnastics - Individual all-around;event=Individual all-around;entry_country=USA;source_url=https://en.wikipedia.org/wiki/2023_World_Artistic_Gymnastics_Championships,5.0
fig_artistic_gymnastics_world_championships_2023_women_team,fig_team_United_States_USA,1,gold,discipline=Artistic Gymnastics - Team;event=Team;entry_country=USA;source_url=https://en.wikipedia.org/wiki/2023_World_Artistic_Gymnastics_Championships,10.0
fig_artistic_gymnastics_world_championships_2023_women_team,fig_team_Brazil_BRA,2,silver,discipline=Artistic Gymnastics - Team;event=Team;entry_country=BRA;source_url=https://en.wikipedia.org/wiki/2023_World_Artistic_Gymnastics_Championships,7.0
fig_artistic_gymnastics_world_championships_2023_women_team,fig_team_France_FRA,3,bronze,discipline=Artistic Gymnastics - Team;event=Team;entry_country=FRA;source_url=https://en.wikipedia.org/wiki/2023_World_Artistic_Gymnastics_Championships,5.0
fig_artistic_gymnastics_world_championships_2023_women_uneven-bars,fig_athlete_Qiu_Qiyuan_CHN,1,gold,discipline=Artistic Gymnastics - Uneven bars;event=Uneven bars;entry_country=CHN;source_url=https://en.wikipedia.org/wiki/2023_World_Artistic_Gymnastics_Championships,10.0
fig_artistic_gymnastics_world_championships_2023_women_uneven-bars,fig_athlete_Kaylia_Nemour_DZA,2,silver,discipline=Artistic Gymnastics - Uneven bars;event=Uneven bars;entry_country=DZA;source_url=https://en.wikipedia.org/wiki/2023_World_Artistic_Gymnastics_Championships,7.0
fig_artistic_gymnastics_world_championships_2023_women_uneven-bars,fig_athlete_Shilese_Jones_USA,3,bronze,discipline=Artistic Gymnastics - Uneven bars;event=Uneven bars;entry_country=USA;source_url=https://en.wikipedia.org/wiki/2023_World_Artistic_Gymnastics_Championships,5.0
fig_artistic_gymnastics_world_championships_2023_women_vault,fig_athlete_Rebeca_Andrade_BRA,1,gold,discipline=Artistic Gymnastics - Vault;event=Vault;entry_country=BRA;source_url=https://en.wikipedia.org/wiki/2023_World_Artistic_Gymnastics_Championships,10.0
fig_artistic_gymnastics_world_championships_2023_women_vault,fig_athlete_Simone_Biles_USA,2,silver,discipline=Artistic Gymnastics - Vault;event=Vault;entry_country=USA;source_url=https://en.wikipedia.org/wiki/2023_World_Artistic_Gymnastics_Championships,7.0
fig_artistic_gymnastics_world_championships_2023_women_vault,fig_athlete_Yeo_Seo-jeong_KOR,3,bronze,discipline=Artistic Gymnastics - Vault;event=Vault;entry_country=KOR;source_url=https://en.wikipedia.org/wiki/2023_World_Artistic_Gymnastics_Championships,5.0
fig_artistic_gymnastics_world_championships_2025_men_floor-exercise,fig_athlete_Jake_Jarman_GBR,1,gold,discipline=Artistic Gymnastics - Floor exercise;event=Floor exercise;entry_country=GBR;source_url=https://en.wikipedia.org/wiki/2025_World_Artistic_Gymnastics_Championships,10.0
fig_artistic_gymnastics_world_championships_2025_men_floor-exercise,fig_athlete_Luke_Whitehouse_GBR,2,silver,discipline=Artistic Gymnastics - Floor exercise;event=Floor exercise;entry_country=GBR;source_url=https://en.wikipedia.org/wiki/2025_World_Artistic_Gymnastics_Championships,7.0
fig_artistic_gymnastics_world_championships_2025_men_floor-exercise,fig_athlete_Carlos_Yulo_PHL,3,bronze,discipline=Artistic Gymnastics - Floor exercise;event=Floor exercise;entry_country=PHL;source_url=https://en.wikipedia.org/wiki/2025_World_Artistic_Gymnastics_Championships,5.0
fig_artistic_gymnastics_world_championships_2025_men_horizontal-bar,fig_athlete_Brody_Malone_USA,1,gold,discipline=Artistic Gymnastics - Horizontal bar;event=Horizontal bar;entry_country=USA;source_url=https://en.wikipedia.org/wiki/2025_World_Artistic_Gymnastics_Championships,10.0
fig_artistic_gymnastics_world_championships_2025_men_horizontal-bar,fig_athlete_Daiki_Hashimoto_JPN,2,silver,discipline=Artistic Gymnastics - Horizontal bar;event=Horizontal bar;entry_country=JPN;source_url=https://en.wikipedia.org/wiki/2025_World_Artistic_Gymnastics_Championships,7.0
fig_artistic_gymnastics_world_championships_2025_men_horizontal-bar,fig_athlete_Joe_Fraser_GBR,3,bronze,discipline=Artistic Gymnastics - Horizontal bar;event=Horizontal bar;entry_country=GBR;source_url=https://en.wikipedia.org/wiki/2025_World_Artistic_Gymnastics_Championships,5.0
fig_artistic_gymnastics_world_championships_2025_men_individual-all-around,fig_athlete_Daiki_Hashimoto_JPN,1,gold,discipline=Artistic Gymnastics - Individual all-around;event=Individual all-around;entry_country=JPN;source_url=https://en.wikipedia.org/wiki/2025_World_Artistic_Gymnastics_Championships,10.0
fig_artistic_gymnastics_world_championships_2025_men_individual-all-around,fig_athlete_Zhang_Boheng_CHN,2,silver,discipline=Artistic Gymnastics - Individual all-around;event=Individual all-around;entry_country=CHN;source_url=https://en.wikipedia.org/wiki/2025_World_Artistic_Gymnastics_Championships,7.0
fig_artistic_gymnastics_world_championships_2025_men_individual-all-around,fig_athlete_Noe_Seifert_CHE,3,bronze,discipline=Artistic Gymnastics - Individual all-around;event=Individual all-around;entry_country=CHE;source_url=https://en.wikipedia.org/wiki/2025_World_Artistic_Gymnastics_Championships,5.0
fig_artistic_gymnastics_world_championships_2025_men_parallel-bars,fig_athlete_Zou_Jingyuan_CHN,1,gold,discipline=Artistic Gymnastics - Parallel bars;event=Parallel bars;entry_country=CHN;source_url=https://en.wikipedia.org/wiki/2025_World_Artistic_Gymnastics_Championships,10.0
fig_artistic_gymnastics_world_championships_2025_men_parallel-bars,fig_athlete_Tomoharu_Tsunogai_JPN,2,silver,discipline=Artistic Gymnastics - Parallel bars;event=Parallel bars;entry_country=JPN;source_url=https://en.wikipedia.org/wiki/2025_World_Artistic_Gymnastics_Championships,7.0
fig_artistic_gymnastics_world_championships_2025_men_parallel-bars,fig_athlete_Daniel_Marinov_AIN,3,bronze,discipline=Artistic Gymnastics - Parallel bars;event=Parallel bars;entry_country=AIN;source_url=https://en.wikipedia.org/wiki/2025_World_Artistic_Gymnastics_Championships,5.0
fig_artistic_gymnastics_world_championships_2025_men_pommel-horse,fig_athlete_Hong_Yanming_CHN,1,gold,discipline=Artistic Gymnastics - Pommel horse;event=Pommel horse;entry_country=CHN;source_url=https://en.wikipedia.org/wiki/2025_World_Artistic_Gymnastics_Championships,10.0
fig_artistic_gymnastics_world_championships_2025_men_pommel-horse,fig_athlete_Mamikon_Khachatryan_ARM,2,silver,discipline=Artistic Gymnastics - Pommel horse;event=Pommel horse;entry_country=ARM;source_url=https://en.wikipedia.org/wiki/2025_World_Artistic_Gymnastics_Championships,7.0
fig_artistic_gymnastics_world_championships_2025_men_pommel-horse,fig_athlete_Patrick_Hoopes_USA,3,bronze,discipline=Artistic Gymnastics - Pommel horse;event=Pommel horse;entry_country=USA;source_url=https://en.wikipedia.org/wiki/2025_World_Artistic_Gymnastics_Championships,5.0
fig_artistic_gymnastics_world_championships_2025_men_still-rings,fig_athlete_Donnell_Whittenburg_USA,1,gold,discipline=Artistic Gymnastics - Still rings;event=Still rings;entry_country=USA;source_url=https://en.wikipedia.org/wiki/2025_World_Artistic_Gymnastics_Championships,10.0
fig_artistic_gymnastics_world_championships_2025_men_still-rings,fig_athlete_Adem_Asil_TUR,2,silver,discipline=Artistic Gymnastics - Still rings;event=Still rings;entry_country=TUR;source_url=https://en.wikipedia.org/wiki/2025_World_Artistic_Gymnastics_Championships,7.0
fig_artistic_gymnastics_world_championships_2025_men_still-rings,fig_athlete_Lan_Xingyu_CHN,3,bronze,discipline=Artistic Gymnastics - Still rings;event=Still rings;entry_country=CHN;source_url=https://en.wikipedia.org/wiki/2025_World_Artistic_Gymnastics_Championships,5.0
fig_artistic_gymnastics_world_championships_2025_men_vault,fig_athlete_Carlos_Yulo_PHL,1,gold,discipline=Artistic Gymnastics - Vault;event=Vault;entry_country=PHL;source_url=https://en.wikipedia.org/wiki/2025_World_Artistic_Gymnastics_Championships,10.0
fig_artistic_gymnastics_world_championships_2025_men_vault,fig_athlete_Artur_Davtyan_ARM,2,silver,discipline=Artistic Gymnastics - Vault;event=Vault;entry_country=ARM;source_url=https://en.wikipedia.org/wiki/2025_World_Artistic_Gymnastics_Championships,7.0
fig_artistic_gymnastics_world_championships_2025_men_vault,fig_athlete_Nazar_Chepurnyi_UKR,3,bronze,discipline=Artistic Gymnastics - Vault;event=Vault;entry_country=UKR;source_url=https://en.wikipedia.org/wiki/2025_World_Artistic_Gymnastics_Championships,5.0
fig_artistic_gymnastics_world_championships_2025_women_balance-beam,fig_athlete_Zhang_Qingying_CHN,1,gold,discipline=Artistic Gymnastics - Balance beam;event=Balance beam;entry_country=CHN;source_url=https://en.wikipedia.org/wiki/2025_World_Artistic_Gymnastics_Championships,10.0
fig_artistic_gymnastics_world_championships_2025_women_balance-beam,fig_athlete_Kaylia_Nemour_DZA,2,silver,discipline=Artistic Gymnastics - Balance beam;event=Balance beam;entry_country=DZA;source_url=https://en.wikipedia.org/wiki/2025_World_Artistic_Gymnastics_Championships,7.0
fig_artistic_gymnastics_world_championships_2025_women_balance-beam,fig_athlete_Aiko_Sugihara_JPN,3,bronze,discipline=Artistic Gymnastics - Balance beam;event=Balance beam;entry_country=JPN;source_url=https://en.wikipedia.org/wiki/2025_World_Artistic_Gymnastics_Championships,5.0
fig_artistic_gymnastics_world_championships_2025_women_floor-exercise,fig_athlete_Aiko_Sugihara_JPN,1,gold,discipline=Artistic Gymnastics - Floor exercise;event=Floor exercise;entry_country=JPN;source_url=https://en.wikipedia.org/wiki/2025_World_Artistic_Gymnastics_Championships,10.0
fig_artistic_gymnastics_world_championships_2025_women_floor-exercise,fig_athlete_Ruby_Evans_GBR,2,silver,discipline=Artistic Gymnastics - Floor exercise;event=Floor exercise;entry_country=GBR;source_url=https://en.wikipedia.org/wiki/2025_World_Artistic_Gymnastics_Championships,7.0
fig_artistic_gymnastics_world_championships_2025_women_floor-exercise,fig_athlete_Abigail_Martin_GBR,3,bronze,discipline=Artistic Gymnastics - Floor exercise;event=Floor exercise;entry_country=GBR;source_url=https://en.wikipedia.org/wiki/2025_World_Artistic_Gymnastics_Championships,5.0
fig_artistic_gymnastics_world_championships_2025_women_individual-all-around,fig_athlete_Angelina_Melnikova_AIN,1,gold,discipline=Artistic Gymnastics - Individual all-around;event=Individual all-around;entry_country=AIN;source_url=https://en.wikipedia.org/wiki/2025_World_Artistic_Gymnastics_Championships,10.0
fig_artistic_gymnastics_world_championships_2025_women_individual-all-around,fig_athlete_Leanne_Wong_USA,2,silver,discipline=Artistic Gymnastics - Individual all-around;event=Individual all-around;entry_country=USA;source_url=https://en.wikipedia.org/wiki/2025_World_Artistic_Gymnastics_Championships,7.0
fig_artistic_gymnastics_world_championships_2025_women_individual-all-around,fig_athlete_Zhang_Qingying_CHN,3,bronze,discipline=Artistic Gymnastics - Individual all-around;event=Individual all-around;entry_country=CHN;source_url=https://en.wikipedia.org/wiki/2025_World_Artistic_Gymnastics_Championships,5.0
fig_artistic_gymnastics_world_championships_2025_women_uneven-bars,fig_athlete_Kaylia_Nemour_DZA,1,gold,discipline=Artistic Gymnastics - Uneven bars;event=Uneven bars;entry_country=DZA;source_url=https://en.wikipedia.org/wiki/2025_World_Artistic_Gymnastics_Championships,10.0
fig_artistic_gymnastics_world_championships_2025_women_uneven-bars,fig_athlete_Angelina_Melnikova_AIN,2,silver,discipline=Artistic Gymnastics - Uneven bars;event=Uneven bars;entry_country=AIN;source_url=https://en.wikipedia.org/wiki/2025_World_Artistic_Gymnastics_Championships,7.0
fig_artistic_gymnastics_world_championships_2025_women_uneven-bars,fig_athlete_Yang_Fanyuwei_CHN,3,bronze,discipline=Artistic Gymnastics - Uneven bars;event=Uneven bars;entry_country=CHN;source_url=https://en.wikipedia.org/wiki/2025_World_Artistic_Gymnastics_Championships,5.0
fig_artistic_gymnastics_world_championships_2025_women_vault,fig_athlete_Angelina_Melnikova_AIN,1,gold,discipline=Artistic Gymnastics - Vault;event=Vault;entry_country=AIN;source_url=https://en.wikipedia.org/wiki/2025_World_Artistic_Gymnastics_Championships,10.0
fig_artistic_gymnastics_world_championships_2025_women_vault,fig_athlete_Lia_Monica_Fontaine_CAN,2,silver,discipline=Artistic Gymnastics - Vault;event=Vault;entry_country=CAN;source_url=https://en.wikipedia.org/wiki/2025_World_Artistic_Gymnastics_Championships,7.0
fig_artistic_gymnastics_world_championships_2025_women_vault,fig_athlete_Joscelyn_Roberson_USA,3,bronze,discipline=Artistic Gymnastics - Vault;event=Vault;entry_country=USA;source_url=https://en.wikipedia.org/wiki/2025_World_Artistic_Gymnastics_Championships,5.0
