participant_id,type,display_name,country_id
athlete_Michal_Martikán_SVK,athlete,Michal Martikán,SVK
athlete_Jan_Benzien_DEU,athlete,Jan Benzien,DEU
athlete_Patrice_Estanguet_FRA,athlete,Patrice Estanguet,FRA
team_Pemysl_Vlk__Jan_Maek__Stanislav_Jeek_CZE,team,Přemysl Vlk / Jan Mašek / Stanislav Ježek,CZE
team_Sören_Kaufmann__Jan_Benzien__Stefan_Pfannmöller_DEU,team,Sören Kaufmann / Jan Benzien / Stefan Pfannmöller,DEU
team_Jurij_Korenjak__Dejan_Stevanovi__Simon_Hoevar_SVN,team,Jurij Korenjak / Dejan Stevanovič / Simon Hočevar,SVN
team_Pavol_Hochschorner__Peter_Hochschorner_SVK,team,Pavol Hochschorner / Peter Hochschorner,SVK
team_Pierre_Luquet__Christophe_Luquet_FRA,team,Pierre Luquet / Christophe Luquet,FRA
team_Marek_Jiras__Tomá_Máder_CZE,team,Marek Jiras / Tomáš Máder,CZE
team_Pierre_Luquet__Christophe_Luquet__Alexandre_Lauvergne__Nathanael_Fouquet__Philippe_Quémerais__Yann_Le_Pennec_FRA,team,Pierre Luquet / Christophe Luquet / Alexandre Lauvergne / Nathanael Fouquet / Philippe Quémerais / Yann Le Pennec,FRA
team_Kay_Simon__Robby_Simon__Kai_Walter__Frank_Henze__André_Ehrenberg__Michael_Senft_DEU,team,Kay Simon / Robby Simon / Kai Walter / Frank Henze / André Ehrenberg / Michael Senft,DEU
team_Dariusz_Wrzosek__Bartomiej_Kruczek__Jarosaw_Miczek__Wojciech_Sekua__Andrzej_Wójs__Sawomir_Mordarski_POL,team,Dariusz Wrzosek / Bartłomiej Kruczek / Jarosław Miczek / Wojciech Sekuła / Andrzej Wójs / Sławomir Mordarski,POL
athlete_Fabien_Lefèvre_FRA,athlete,Fabien Lefèvre,FRA
athlete_Miha_Terdi_SVN,athlete,Miha Terdič,SVN
athlete_Ivan_Pivejc_CZE,athlete,Ivan Pišvejc,CZE
team_Claus_Suchanek__Thomas_Becker__Thomas_Schmidt_DEU,team,Claus Suchanek / Thomas Becker / Thomas Schmidt,DEU
team_Pierpaolo_Ferrazzi__Matteo_Pontarollo__Luca_Costa_ITA,team,Pierpaolo Ferrazzi / Matteo Pontarollo / Luca Costa,ITA
team_Thomas_Monier__Benoît_Peschier__Fabien_Lefèvre_FRA,team,Thomas Monier / Benoît Peschier / Fabien Lefèvre,FRA
athlete_Rebecca_Giddens_USA,athlete,Rebecca Giddens,USA
athlete_Mandy_Planert_DEU,athlete,Mandy Planert,DEU
athlete_Cristina_Giai_Pron_ITA,athlete,Cristina Giai Pron,ITA
team_Aline_Tornare__Mathilde_Pichery__Anne-Lise_Bardet_FRA,team,Aline Tornare / Mathilde Pichery / Anne-Lise Bardet,FRA
team_Marie_ihoková__Marcela_Sadilová__Irena_Pavelková_CZE,team,Marie Řihošková / Marcela Sadilová / Irena Pavelková,CZE
team_Helen_Reeves__Laura_Blakeman__Heather_Corrie_GBR,team,Helen Reeves / Laura Blakeman / Heather Corrie,GBR
athlete_Tony_Estanguet_FRA,athlete,Tony Estanguet,FRA
athlete_Stefan_Pfannmöller_DEU,athlete,Stefan Pfannmöller,DEU
team_Alexander_Slafkovský__Juraj_Miník__Michal_Martikán_SVK,team,Alexander Slafkovský / Juraj Minčík / Michal Martikán,SVK
team_Tony_Estanguet__Emmanuel_Brugvin__Patrice_Estanguet_FRA,team,Tony Estanguet / Emmanuel Brugvin / Patrice Estanguet,FRA
team_Tomá_Indruch__Jan_Maek__Stanislav_Jeek_CZE,team,Tomáš Indruch / Jan Mašek / Stanislav Ježek,CZE
team_Marcus_Becker__Stefan_Henze_DEU,team,Marcus Becker / Stefan Henze,DEU
team_Jaroslav_Volf__Ondej_tpánek_CZE,team,Jaroslav Volf / Ondřej Štěpánek,CZE
team_Jaroslav_Volf__Ondej_tpánek__Jaroslav_Pospíil__Jaroslav_Pollert__Marek_Jiras__Tomá_Máder_CZE,team,Jaroslav Volf / Ondřej Štěpánek / Jaroslav Pospíšil / Jaroslav Pollert / Marek Jiras / Tomáš Máder,CZE
team_Marcus_Becker__Stefan_Henze__André_Ehrenberg__Michael_Senft__Kay_Simon__Robby_Simon_DEU,team,Marcus Becker / Stefan Henze / André Ehrenberg / Michael Senft / Kay Simon / Robby Simon,DEU
team_Andrzej_Wójs__Sawomir_Mordarski__Jarosaw_Miczek__Wojciech_Sekua__Marcin_Pochwaa__Pawe_Sarna_POL,team,Andrzej Wójs / Sławomir Mordarski / Jarosław Miczek / Wojciech Sekuła / Marcin Pochwała / Paweł Sarna,POL
athlete_David_Ford_CAN,athlete,David Ford,CAN
athlete_Helmut_Oblinger_AUT,athlete,Helmut Oblinger,AUT
team_Thomas_Mosimann__Mathias_Röthenmund__Michael_Kurt_CHE,team,Thomas Mosimann / Mathias Röthenmund / Michael Kurt,CHE
team_David_Backhouse__Floris_Braat__Sam_Oud_NLD,team,David Backhouse / Floris Braat / Sam Oud,NLD
team_Thilo_Schmitt__Thomas_Schmidt__Claus_Suchanek_DEU,team,Thilo Schmitt / Thomas Schmidt / Claus Suchanek,DEU
athlete_tpánka_Hilgertová_CZE,athlete,Štěpánka Hilgertová,CZE
athlete_Jennifer_Bongardt_DEU,athlete,Jennifer Bongardt,DEU
team_tpánka_Hilgertová__Vanda_Semerádová__Irena_Pavelková_CZE,team,Štěpánka Hilgertová / Vanda Semerádová / Irena Pavelková,CZE
team_Jennifer_Bongardt__Claudia_Bär__Mandy_Planert_DEU,team,Jennifer Bongardt / Claudia Bär / Mandy Planert,DEU
team_Helen_Reeves__Heather_Corrie__Laura_Blakeman_GBR,team,Helen Reeves / Heather Corrie / Laura Blakeman,GBR
athlete_Robin_Bell_AUS,athlete,Robin Bell,AUS
team_Olivier_Lalliet__Pierre_Labarelle__Tony_Estanguet_FRA,team,Olivier Lalliet / Pierre Labarelle / Tony Estanguet,FRA
team_Nico_Bettge__Stefan_Pfannmöller__Jan_Benzien_DEU,team,Nico Bettge / Stefan Pfannmöller / Jan Benzien,DEU
team_Christian_Bahmann__Michael_Senft_DEU,team,Christian Bahmann / Michael Senft,DEU
team_Milan_Kubá__Marián_Olejník_SVK,team,Milan Kubáň / Marián Olejník,SVK
team_Christian_Bahmann__Michael_Senft__Kay_Simon__Robby_Simon__Marcus_Becker__Stefan_Henze_DEU,team,Christian Bahmann / Michael Senft / Kay Simon / Robby Simon / Marcus Becker / Stefan Henze,DEU
team_Jaroslav_Pospíil__Jaroslav_Pollert__Marek_Jiras__Tomá_Máder__Jaroslav_Volf__Ondej_tpánek_CZE,team,Jaroslav Pospíšil / Jaroslav Pollert / Marek Jiras / Tomáš Máder / Jaroslav Volf / Ondřej Štěpánek,CZE
team_Remy_Alonso__Victor_Lamy__Philippe_Quémerais__Yann_Le_Pennec__Cédric_Forgit__Martin_Braud_FRA,team,Remy Alonso / Victor Lamy / Philippe Quémerais / Yann Le Pennec / Cédric Forgit / Martin Braud,FRA
athlete_Fabian_Dörfler_DEU,athlete,Fabian Dörfler,DEU
athlete_Peter_Cibák_SVK,athlete,Peter Cibák,SVK
team_Julien_Billaut__Fabien_Lefèvre__Benoît_Peschier_FRA,team,Julien Billaut / Fabien Lefèvre / Benoît Peschier,FRA
team_Pierpaolo_Ferrazzi__Matteo_Pontarollo__Daniele_Molmenti_ITA,team,Pierpaolo Ferrazzi / Matteo Pontarollo / Daniele Molmenti,ITA
team_Andrej_Nolimal__Dejan_Kralj__Peter_Kauzer_SVN,team,Andrej Nolimal / Dejan Kralj / Peter Kauzer,SVN
athlete_Elena_Kaliská_SVK,athlete,Elena Kaliská,SVK
athlete_Peggy_Dickens_FRA,athlete,Peggy Dickens,FRA
team_Irena_Pavelková__Marcela_Sadilová__tpánka_Hilgertová_CZE,team,Irena Pavelková / Marcela Sadilová / Štěpánka Hilgertová,CZE
team_Heather_Corrie__Kimberley_Walsh__Laura_Blakeman_GBR,team,Heather Corrie / Kimberley Walsh / Laura Blakeman,GBR
team_Julia_Schmid__Corinna_Kuhnle__Violetta_Oblinger-Peters_AUT,team,Julia Schmid / Corinna Kuhnle / Violetta Oblinger-Peters,AUT
athlete_Stanislav_Jeek_CZE,athlete,Stanislav Ježek,CZE
team_Stefan_Pfannmöller__Nico_Bettge__Jan_Benzien_DEU,team,Stefan Pfannmöller / Nico Bettge / Jan Benzien,DEU
team_David_Florence__Stuart_McIntosh__Daniel_Goddard_GBR,team,David Florence / Stuart McIntosh / Daniel Goddard,GBR
team_Marek_Jiras__Tomá_Máder__Jaroslav_Volf__Ondej_tpánek__Jaroslav_Pospíil__Jaroslav_Pollert_CZE,team,Marek Jiras / Tomáš Máder / Jaroslav Volf / Ondřej Štěpánek / Jaroslav Pospíšil / Jaroslav Pollert,CZE
team_Marcus_Becker__Stefan_Henze__Felix_Michel__Sebastian_Piersig__Kay_Simon__Robby_Simon_DEU,team,Marcus Becker / Stefan Henze / Felix Michel / Sebastian Piersig / Kay Simon / Robby Simon,DEU
team_Pavol_Hochschorner__Peter_Hochschorner__Milan_Kubá__Marián_Olejník__ubo_oka__Peter_oka_SVK,team,Pavol Hochschorner / Peter Hochschorner / Milan Kubáň / Marián Olejník / Ľuboš Šoška / Peter Šoška,SVK
athlete_Julien_Billaut_FRA,athlete,Julien Billaut,FRA
athlete_Stefano_Cipressi_ITA,athlete,Stefano Cipressi,ITA
athlete_Campbell_Walsh_GBR,athlete,Campbell Walsh,GBR
team_Fabien_Lefèvre__Julien_Billaut__Boris_Neveu_FRA,team,Fabien Lefèvre / Julien Billaut / Boris Neveu,FRA
team_Daniele_Molmenti__Stefano_Cipressi__Diego_Paolini_ITA,team,Daniele Molmenti / Stefano Cipressi / Diego Paolini,ITA
team_Grzegorz_Polaczyk__Mateusz_Polaczyk__Dariusz_Popiela_POL,team,Grzegorz Polaczyk / Mateusz Polaczyk / Dariusz Popiela,POL
athlete_Jana_Dukátová_SVK,athlete,Jana Dukátová,SVK
athlete_Fiona_Pennie_GBR,athlete,Fiona Pennie,GBR
team_Mathilde_Pichery__Émilie_Fer__Marie_Gaspard_FRA,team,Mathilde Pichery / Émilie Fer / Marie Gaspard,FRA
team_tpánka_Hilgertová__Irena_Pavelková__Marie_ihoková_CZE,team,Štěpánka Hilgertová / Irena Pavelková / Marie Řihošková,CZE
team_Jennifer_Bongardt__Claudia_Bär__Jasmin_Schornberg_DEU,team,Jennifer Bongardt / Claudia Bär / Jasmin Schornberg,DEU
team_Tony_Estanguet__Pierre_Labarelle__Nicolas_Peschier_FRA,team,Tony Estanguet / Pierre Labarelle / Nicolas Peschier,FRA
team_Jan_Benzien__Nico_Bettge__Lukas_Hoffmann_DEU,team,Jan Benzien / Nico Bettge / Lukas Hoffmann,DEU
team_Stanislav_Jeek__Tomá_Indruch__Jan_Maek_CZE,team,Stanislav Ježek / Tomáš Indruch / Jan Mašek,CZE
team_Andrea_Benetti__Erik_Masoero_ITA,team,Andrea Benetti / Erik Masoero,ITA
team_Jaroslav_Volf__Ondej_tpánek__Marek_Jiras__Tomá_Máder__Jaroslav_Pospíil__David_Mrzek_CZE,team,Jaroslav Volf / Ondřej Štěpánek / Marek Jiras / Tomáš Máder / Jaroslav Pospíšil / David Mrůzek,CZE
team_Cédric_Forgit__Martin_Braud__Pierre_Luquet__Christophe_Luquet__Damien_Troquenet__Mathieu_Voyemant_FRA,team,Cédric Forgit / Martin Braud / Pierre Luquet / Christophe Luquet / Damien Troquenet / Mathieu Voyemant,FRA
team_Pavol_Hochschorner__Peter_Hochschorner__Ladislav_kantár__Peter_kantár__Tomá_Kuera__Ján_Bátik_SVK,team,Pavol Hochschorner / Peter Hochschorner / Ladislav Škantár / Peter Škantár / Tomáš Kučera / Ján Bátik,SVK
athlete_Sébastien_Combot_FRA,athlete,Sébastien Combot,FRA
team_Fabian_Dörfler__Alexander_Grimm__Erik_Pfannmöller_DEU,team,Fabian Dörfler / Alexander Grimm / Erik Pfannmöller,DEU
team_Julien_Billaut__Pierre_Bourliaud__Sébastien_Combot_FRA,team,Julien Billaut / Pierre Bourliaud / Sébastien Combot,FRA
team_Ivan_Pivejc__Vavinec_Hradilek__Lubo_Hilgert_CZE,team,Ivan Pišvejc / Vavřinec Hradilek / Luboš Hilgert,CZE
team_Jennifer_Bongardt__Mandy_Planert__Jasmin_Schornberg_DEU,team,Jennifer Bongardt / Mandy Planert / Jasmin Schornberg,DEU
team_tpánka_Hilgertová__Irena_Pavelková__Marcela_Sadilová_CZE,team,Štěpánka Hilgertová / Irena Pavelková / Marcela Sadilová,CZE
team_Fiona_Pennie__Laura_Blakeman__Lizzie_Neave_GBR,team,Fiona Pennie / Laura Blakeman / Lizzie Neave,GBR
team_Alexander_Slafkovský__Michal_Martikán__Matej_Beu_SVK,team,Alexander Slafkovský / Michal Martikán / Matej Beňuš,SVK
team_Nicolas_Peschier__Denis_Gargaud_Chanut__Tony_Estanguet_FRA,team,Nicolas Peschier / Denis Gargaud Chanut / Tony Estanguet,FRA
team_Jordi_Domenjó__Jon_Ergüín__Ander_Elosegi_ESP,team,Jordi Domenjó / Jon Ergüín / Ander Elosegi,ESP
team_Ladislav_kantár__Peter_kantár_SVK,team,Ladislav Škantár / Peter Škantár,SVK
team_Luka_Boi__Sao_Taljat_SVN,team,Luka Božič / Sašo Taljat,SVN
team_David_Schröder__Frank_Henze__Marcus_Becker__Stefan_Henze__Robert_Behling__Thomas_Becker_DEU,team,David Schröder / Frank Henze / Marcus Becker / Stefan Henze / Robert Behling / Thomas Becker,DEU
team_Tim_Baillie__Etienne_Stott__David_Florence__Richard_Hounslow__Daniel_Goddard__Colin_Radmore_GBR,team,Tim Baillie / Etienne Stott / David Florence / Richard Hounslow / Daniel Goddard / Colin Radmore,GBR
athlete_Peter_Kauzer_SVN,athlete,Peter Kauzer,SVN
athlete_Boris_Neveu_FRA,athlete,Boris Neveu,FRA
athlete_Carles_Juanmartí_ESP,athlete,Carles Juanmartí,ESP
team_Ivan_Pivejc__Vavinec_Hradilek__Michal_Buchtel_CZE,team,Ivan Pišvejc / Vavřinec Hradilek / Michal Buchtel,CZE
team_Campbell_Walsh__Huw_Swetnam__Richard_Hounslow_GBR,team,Campbell Walsh / Huw Swetnam / Richard Hounslow,GBR
team_Joan_Crespo__Guillermo_Díez-Canedo__Carles_Juanmartí_ESP,team,Joan Crespo / Guillermo Díez-Canedo / Carles Juanmartí,ESP
athlete_Jasmin_Schornberg_DEU,athlete,Jasmin Schornberg,DEU
athlete_Maialen_Chourraut_ESP,athlete,Maialen Chourraut,ESP
athlete_Lizzie_Neave_GBR,athlete,Lizzie Neave,GBR
team_Lizzie_Neave__Louise_Donington__Laura_Blakeman_GBR,team,Lizzie Neave / Louise Donington / Laura Blakeman,GBR
team_Jana_Dukátová__Elena_Kaliská__Gabriela_Stacherová_SVK,team,Jana Dukátová / Elena Kaliská / Gabriela Stacherová,SVK
team_Jasmin_Schornberg__Claudia_Bär__Jacqueline_Horn_DEU,team,Jasmin Schornberg / Claudia Bär / Jacqueline Horn,DEU
athlete_Jordi_Domenjó_ESP,athlete,Jordi Domenjó,ESP
team_Michal_Martikán__Alexander_Slafkovský__Matej_Beu_SVK,team,Michal Martikán / Alexander Slafkovský / Matej Beňuš,SVK
team_Sideris_Tasiadis__Jan_Benzien__Franz_Anton_DEU,team,Sideris Tasiadis / Jan Benzien / Franz Anton,DEU
team_Stanislav_Jeek__Jan_Maek__Michal_Ján_CZE,team,Stanislav Ježek / Jan Mašek / Michal Jáně,CZE
team_Denis_Gargaud_Chanut__Fabien_Lefèvre_FRA,team,Denis Gargaud Chanut / Fabien Lefèvre,FRA
team_David_Florence__Richard_Hounslow_GBR,team,David Florence / Richard Hounslow,GBR
team_Denis_Gargaud_Chanut__Fabien_Lefèvre__Gauthier_Klauss__Matthieu_Péché__Pierre_Picco__Hugo_Biso_FRA,team,Denis Gargaud Chanut / Fabien Lefèvre / Gauthier Klauss / Matthieu Péché / Pierre Picco / Hugo Biso,FRA
team_Jaroslav_Volf__Ondej_tpánek__Tomá_Koplík__Jakub_Vrzá__Luká_Pinda__Jan_Havlíek_CZE,team,Jaroslav Volf / Ondřej Štěpánek / Tomáš Koplík / Jakub Vrzáň / Lukáš Přinda / Jan Havlíček,CZE
team_Kai_Müller__Kevin_Müller__Robert_Behling__Thomas_Becker__David_Schröder__Frank_Henze_DEU,team,Kai Müller / Kevin Müller / Robert Behling / Thomas Becker / David Schröder / Frank Henze,DEU
athlete_Daniele_Molmenti_ITA,athlete,Daniele Molmenti,ITA
athlete_Vavinec_Hradilek_CZE,athlete,Vavřinec Hradilek,CZE
athlete_Jure_Megli_SVN,athlete,Jure Meglič,SVN
team_Alexander_Grimm__Fabian_Dörfler__Hannes_Aigner_DEU,team,Alexander Grimm / Fabian Dörfler / Hannes Aigner,DEU
team_Pierre_Bourliaud__Boris_Neveu__Fabien_Lefèvre_FRA,team,Pierre Bourliaud / Boris Neveu / Fabien Lefèvre,FRA
team_Daniele_Molmenti__Diego_Paolini__Stefano_Cipressi_ITA,team,Daniele Molmenti / Diego Paolini / Stefano Cipressi,ITA
athlete_Leanne_Guinea_AUS,athlete,Leanne Guinea,AUS
athlete_Jessica_Fox_AUS,athlete,Jessica Fox,AUS
athlete_Corinna_Kuhnle_AUT,athlete,Corinna Kuhnle,AUT
athlete_Violetta_Oblinger-Peters_AUT,athlete,Violetta Oblinger-Peters,AUT
team_Jennifer_Bongardt__Jasmin_Schornberg__Melanie_Pfeifer_DEU,team,Jennifer Bongardt / Jasmin Schornberg / Melanie Pfeifer,DEU
team_Eva_Terelj__Nina_Mozeti__Ura_Kragelj_SVN,team,Eva Terčelj / Nina Mozetič / Urša Kragelj,SVN
athlete_Denis_Gargaud_Chanut_FRA,athlete,Denis Gargaud Chanut,FRA
athlete_Nico_Bettge_DEU,athlete,Nico Bettge,DEU
athlete_Matej_Beu_SVK,athlete,Matej Beňuš,SVK
team_Sideris_Tasiadis__Nico_Bettge__Jan_Benzien_DEU,team,Sideris Tasiadis / Nico Bettge / Jan Benzien,DEU
team_Stanislav_Jeek__Vítzslav_Gebas__Tomá_Indruch_CZE,team,Stanislav Ježek / Vítězslav Gebas / Tomáš Indruch,CZE
team_Gauthier_Klauss__Matthieu_Péché__Pierre_Labarelle__Nicolas_Peschier__Denis_Gargaud_Chanut__Fabien_Lefèvre_FRA,team,Gauthier Klauss / Matthieu Péché / Pierre Labarelle / Nicolas Peschier / Denis Gargaud Chanut / Fabien Lefèvre,FRA
team_David_Florence__Richard_Hounslow__Tim_Baillie__Etienne_Stott__Rhys_Davies__Matthew_Lister_GBR,team,David Florence / Richard Hounslow / Tim Baillie / Etienne Stott / Rhys Davies / Matthew Lister,GBR
athlete_Mateusz_Polaczyk_POL,athlete,Mateusz Polaczyk,POL
team_Sebastian_Schubert__Hannes_Aigner__Alexander_Grimm_DEU,team,Sebastian Schubert / Hannes Aigner / Alexander Grimm,DEU
team_Boris_Neveu__Vivien_Colober__Fabien_Lefèvre_FRA,team,Boris Neveu / Vivien Colober / Fabien Lefèvre,FRA
team_Giovanni_De_Gennaro__Daniele_Molmenti__Omar_Raiba_ITA,team,Giovanni De Gennaro / Daniele Molmenti / Omar Raiba,ITA
athlete_Kateina_Hoková_CZE,athlete,Kateřina Hošková,CZE
athlete_Cen_Nanqin_CHN,athlete,Cen Nanqin,CHN
athlete_Katarína_Macová_SVK,athlete,Katarína Macová,SVK
team_Jessica_Fox__Rosalyn_Lawrence__Leanne_Guinea_AUS,team,Jessica Fox / Rosalyn Lawrence / Leanne Guinea,AUS
team_Teng_Qianqian__Cen_Nanqin__Xu_Yanru_CHN,team,Teng Qianqian / Cen Nanqin / Xu Yanru,CHN
team_Mira_Louen__Michaela_Grimm__Lena_Stöcklin_DEU,team,Mira Louen / Michaela Grimm / Lena Stöcklin,DEU
team_Elena_Kaliská__Jana_Dukátová__Dana_Mann_SVK,team,Elena Kaliská / Jana Dukátová / Dana Mann,SVK
team_tpánka_Hilgertová__Irena_Pavelková__Kateina_Kudjová_CZE,team,Štěpánka Hilgertová / Irena Pavelková / Kateřina Kudějová,CZE
team_Jasmin_Schornberg__Melanie_Pfeifer__Claudia_Bär_DEU,team,Jasmin Schornberg / Melanie Pfeifer / Claudia Bär,DEU
athlete_David_Florence_GBR,athlete,David Florence,GBR
athlete_Alexander_Slafkovský_SVK,athlete,Alexander Slafkovský,SVK
athlete_Benjamin_Savek_SVN,athlete,Benjamin Savšek,SVN
team_Denis_Gargaud_Chanut__Jonathan_Marc__Nicolas_Peschier_FRA,team,Denis Gargaud Chanut / Jonathan Marc / Nicolas Peschier,FRA
team_Ondej_Karlovský__Jakub_Ján__Joná_Kapar__Marek_indler__Jaroslav_Volf__Ondej_tpánek_CZE,team,Ondřej Karlovský / Jakub Jáně / Jonáš Kašpar / Marek Šindler / Jaroslav Volf / Ondřej Štěpánek,CZE
team_David_Florence__Richard_Hounslow__Rhys_Davies__Matthew_Lister__Adam_Burgess__Greg_Pitt_GBR,team,David Florence / Richard Hounslow / Rhys Davies / Matthew Lister / Adam Burgess / Greg Pitt,GBR
athlete_Jií_Prskavec_CZE,athlete,Jiří Prskavec,CZE
team_Daniele_Molmenti__Andrea_Romeo__Giovanni_De_Gennaro_ITA,team,Daniele Molmenti / Andrea Romeo / Giovanni De Gennaro,ITA
team_Boris_Neveu__Étienne_Daille__Mathieu_Biazizzo_FRA,team,Boris Neveu / Étienne Daille / Mathieu Biazizzo,FRA
athlete_Mallory_Franklin_GBR,athlete,Mallory Franklin,GBR
athlete_Caroline_Loir_FRA,athlete,Caroline Loir,FRA
team_Jessica_Fox__Rosalyn_Lawrence__Alison_Borrows_AUS,team,Jessica Fox / Rosalyn Lawrence / Alison Borrows,AUS
team_Kateina_Hoková__Monika_Janová__Anna_Koblencová_CZE,team,Kateřina Hošková / Monika Jančová / Anna Koblencová,CZE
team_Mira_Louen__Lena_Stöcklin__Karolin_Wagner_DEU,team,Mira Louen / Lena Stöcklin / Karolin Wagner,DEU
athlete_Émilie_Fer_FRA,athlete,Émilie Fer,FRA
athlete_Nouria_Newman_FRA,athlete,Nouria Newman,FRA
team_tpánka_Hilgertová__Kateina_Kudjová__Eva_Ornstová_CZE,team,Štěpánka Hilgertová / Kateřina Kudějová / Eva Ornstová,CZE
team_Jasmin_Schornberg__Claudia_Bär__Cindy_Pöschel_DEU,team,Jasmin Schornberg / Claudia Bär / Cindy Pöschel,DEU
team_Ura_Kragelj__Eva_Terelj__Ajda_Novak_SVN,team,Urša Kragelj / Eva Terčelj / Ajda Novak,SVN
athlete_Fabien_Lefèvre_USA,athlete,Fabien Lefèvre,USA
athlete_Franz_Anton_DEU,athlete,Franz Anton,DEU
team_Michal_Ján__Vítzslav_Gebas__Jan_Maek_CZE,team,Michal Jáně / Vítězslav Gebas / Jan Mašek,CZE
team_Benjamin_Savek__Luka_Boi__Ane_Beri_SVN,team,Benjamin Savšek / Luka Božič / Anže Berčič,SVN
team_Pierre_Picco__Hugo_Biso_FRA,team,Pierre Picco / Hugo Biso,FRA
team_Pierre_Labarelle__Nicolas_Peschier__Gauthier_Klauss__Matthieu_Péché__Pierre_Picco__Hugo_Biso_FRA,team,Pierre Labarelle / Nicolas Peschier / Gauthier Klauss / Matthieu Péché / Pierre Picco / Hugo Biso,FRA
team_Ondej_Karlovský__Jakub_Ján__Joná_Kapar__Marek_indler__Tomá_Koplík__Jakub_Vrzá_CZE,team,Ondřej Karlovský / Jakub Jáně / Jonáš Kašpar / Marek Šindler / Tomáš Koplík / Jakub Vrzáň,CZE
athlete_Mathieu_Biazizzo_FRA,athlete,Mathieu Biazizzo,FRA
team_Mathieu_Biazizzo__Sébastien_Combot__Boris_Neveu_FRA,team,Mathieu Biazizzo / Sébastien Combot / Boris Neveu,FRA
team_Jií_Prskavec__Vavinec_Hradilek__Vít_Pindi_CZE,team,Jiří Prskavec / Vavřinec Hradilek / Vít Přindiš,CZE
team_Richard_Hounslow__Joe_Clarke__Thomas_Brady_GBR,team,Richard Hounslow / Joe Clarke / Thomas Brady,GBR
athlete_Oriane_Rebours_FRA,athlete,Oriane Rebours,FRA
team_Kateina_Hoková__Monika_Janová__Martina_Satková_CZE,team,Kateřina Hošková / Monika Jančová / Martina Satková,CZE
team_Mallory_Franklin__Jasmine_Royle__Eilidh_Gibson_GBR,team,Mallory Franklin / Jasmine Royle / Eilidh Gibson,GBR
team_Caroline_Loir__Oriane_Rebours__Lucie_Baudu_FRA,team,Caroline Loir / Oriane Rebours / Lucie Baudu,FRA
athlete_Melanie_Pfeifer_DEU,athlete,Melanie Pfeifer,DEU
team_Carole_Bouzidi__Nouria_Newman__Émilie_Fer_FRA,team,Carole Bouzidi / Nouria Newman / Émilie Fer,FRA
team_Corinna_Kuhnle__Lisa_Leitner__Viktoria_Wolffhardt_AUT,team,Corinna Kuhnle / Lisa Leitner / Viktoria Wolffhardt,AUT
team_Elena_Kaliská__Jana_Dukátová__Kristína_Nevailová_SVK,team,Elena Kaliská / Jana Dukátová / Kristína Nevařilová,SVK
athlete_Ryan_Westley_GBR,athlete,Ryan Westley,GBR
team_Sideris_Tasiadis__Nico_Bettge__Franz_Anton_DEU,team,Sideris Tasiadis / Nico Bettge / Franz Anton,DEU
team_Benjamin_Savek__Luka_Boi__Jure_Lenari_SVN,team,Benjamin Savšek / Luka Božič / Jure Lenarčič,SVN
team_Franz_Anton__Jan_Benzien_DEU,team,Franz Anton / Jan Benzien,DEU
team_Gauthier_Klauss__Matthieu_Péché_FRA,team,Gauthier Klauss / Matthieu Péché,FRA
team_Pierre_Picco__Hugo_Biso__Gauthier_Klauss__Matthieu_Péché__Yves_Prigent__Loïc_Kervella_FRA,team,Pierre Picco / Hugo Biso / Gauthier Klauss / Matthieu Péché / Yves Prigent / Loïc Kervella,FRA
team_Franz_Anton__Jan_Benzien__Robert_Behling__Thomas_Becker__Kai_Müller__Kevin_Müller_DEU,team,Franz Anton / Jan Benzien / Robert Behling / Thomas Becker / Kai Müller / Kevin Müller,DEU
team_David_Florence__Richard_Hounslow__Mark_Proctor__Etienne_Stott__Adam_Burgess__Greg_Pitt_GBR,team,David Florence / Richard Hounslow / Mark Proctor / Etienne Stott / Adam Burgess / Greg Pitt,GBR
athlete_Michal_Smolen_USA,athlete,Michal Smolen,USA
team_Jií_Prskavec__Vavinec_Hradilek__Ondej_Tunka_CZE,team,Jiří Prskavec / Vavřinec Hradilek / Ondřej Tunka,CZE
team_Martin_Halin__Andrej_Málek__Jakub_Grigar_SVK,team,Martin Halčin / Andrej Málek / Jakub Grigar,SVK
team_Richard_Hounslow__Joe_Clarke__Bradley_Forbes-Cryans_GBR,team,Richard Hounslow / Joe Clarke / Bradley Forbes-Cryans,GBR
athlete_Núria_Vilarrubla_ESP,athlete,Núria Vilarrubla,ESP
team_Kateina_Hoková__Monika_Janová__Tereza_Fierová_CZE,team,Kateřina Hošková / Monika Jančová / Tereza Fišerová,CZE
team_Julia_Schmid__Viktoria_Wolffhardt__Nadine_Weratschnig_AUT,team,Julia Schmid / Viktoria Wolffhardt / Nadine Weratschnig,AUT
athlete_Kateina_Kudjová_CZE,athlete,Kateřina Kudějová,CZE
athlete_Ricarda_Funk_DEU,athlete,Ricarda Funk,DEU
team_Kateina_Kudjová__Veronika_Vojtová__tpánka_Hilgertová_CZE,team,Kateřina Kudějová / Veronika Vojtová / Štěpánka Hilgertová,CZE
team_Fiona_Pennie__Kimberley_Woods__Lizzie_Neave_GBR,team,Fiona Pennie / Kimberley Woods / Lizzie Neave,GBR
team_Carole_Bouzidi__Marie-Zélia_Lafont__Émilie_Fer_FRA,team,Carole Bouzidi / Marie-Zélia Lafont / Émilie Fer,FRA
team_Matej_Beu__Alexander_Slafkovský__Michal_Martikán_SVK,team,Matej Beňuš / Alexander Slafkovský / Michal Martikán,SVK
team_Ryan_Westley__David_Florence__Adam_Burgess_GBR,team,Ryan Westley / David Florence / Adam Burgess,GBR
team_Denis_Gargaud_Chanut__Martin_Thomas__Edern_Le_Ruyet_FRA,team,Denis Gargaud Chanut / Martin Thomas / Edern Le Ruyet,FRA
team_Robert_Behling__Thomas_Becker_DEU,team,Robert Behling / Thomas Becker,DEU
team_Gauthier_Klauss__Matthieu_Péché__Nicolas_Scianimanico__Hugo_Cailhol__Pierre_Picco__Hugo_Biso_FRA,team,Gauthier Klauss / Matthieu Péché / Nicolas Scianimanico / Hugo Cailhol / Pierre Picco / Hugo Biso,FRA
team_Robert_Behling__Thomas_Becker__Kai_Müller__Kevin_Müller__Franz_Anton__Jan_Benzien_DEU,team,Robert Behling / Thomas Becker / Kai Müller / Kevin Müller / Franz Anton / Jan Benzien,DEU
team_Ladislav_kantár__Peter_kantár__Tomá_Kuera__Ján_Bátik__Pavol_Hochschorner__Peter_Hochschorner_SVK,team,Ladislav Škantár / Peter Škantár / Tomáš Kučera / Ján Bátik / Pavol Hochschorner / Peter Hochschorner,SVK
athlete_Mike_Dawson_NZL,athlete,Mike Dawson,NZL
athlete_Ondej_Tunka_CZE,athlete,Ondřej Tunka,CZE
athlete_Vít_Pindi_CZE,athlete,Vít Přindiš,CZE
team_Jií_Prskavec__Ondej_Tunka__Vít_Pindi_CZE,team,Jiří Prskavec / Ondřej Tunka / Vít Přindiš,CZE
team_Boris_Neveu__Mathieu_Biazizzo__Sébastien_Combot_FRA,team,Boris Neveu / Mathieu Biazizzo / Sébastien Combot,FRA
team_Peter_Kauzer__Martin_Srabotnik__an_Jake_SVN,team,Peter Kauzer / Martin Srabotnik / Žan Jakše,SVN
team_Margaux_Henry__Yves_Prigent_FRA,team,Margaux Henry / Yves Prigent,FRA
team_Niccolò_Ferrari__Stefanie_Horn_ITA,team,Niccolò Ferrari / Stefanie Horn,ITA
team_Veronika_Vojtová__Jan_Maek_CZE,team,Veronika Vojtová / Jan Mašek,CZE
athlete_Tereza_Fierová_CZE,athlete,Tereza Fišerová,CZE
athlete_Ana_Sátila_BRA,athlete,Ana Sátila,BRA
team_Mallory_Franklin__Kimberley_Woods__Eilidh_Gibson_GBR,team,Mallory Franklin / Kimberley Woods / Eilidh Gibson,GBR
team_Jessica_Fox__Noemie_Fox__Rosalyn_Lawrence_AUS,team,Jessica Fox / Noemie Fox / Rosalyn Lawrence,AUS
team_Tereza_Fierová__Monika_Janová__Eva_íhová_CZE,team,Tereza Fišerová / Monika Jančová / Eva Říhová,CZE
athlete_Caroline_Trompeter_DEU,athlete,Caroline Trompeter,DEU
athlete_Amálie_Hilgertová_CZE,athlete,Amálie Hilgertová,CZE
team_Jasmin_Schornberg__Ricarda_Funk__Lisa_Fritsche_DEU,team,Jasmin Schornberg / Ricarda Funk / Lisa Fritsche,DEU
team_Jessica_Fox__Rosalyn_Lawrence__Kate_Eckhardt_AUS,team,Jessica Fox / Rosalyn Lawrence / Kate Eckhardt,AUS
athlete_Sideris_Tasiadis_DEU,athlete,Sideris Tasiadis,DEU
team_David_Florence__Ryan_Westley__Adam_Burgess_GBR,team,David Florence / Ryan Westley / Adam Burgess,GBR
athlete_Christian_De_Dionigi_ITA,athlete,Christian De Dionigi,ITA
athlete_Thomas_Bersinger_ARG,athlete,Thomas Bersinger,ARG
athlete_Hannes_Aigner_DEU,athlete,Hannes Aigner,DEU
athlete_Pavel_Eigel_RUS,athlete,Pavel Eigel,RUS
team_Joe_Clarke__Bradley_Forbes-Cryans__Christopher_Bowers_GBR,team,Joe Clarke / Bradley Forbes-Cryans / Christopher Bowers,GBR
team_Dariusz_Popiela__Mateusz_Polaczyk__Micha_Pasiut_POL,team,Dariusz Popiela / Mateusz Polaczyk / Michał Pasiut,POL
team_Ondej_Tunka__Vít_Pindi__Jií_Prskavec_CZE,team,Ondřej Tunka / Vít Přindiš / Jiří Prskavec,CZE
team_Marcin_Pochwaa__Aleksandra_Stach_POL,team,Marcin Pochwała / Aleksandra Stach,POL
team_Yves_Prigent__Margaux_Henry_FRA,team,Yves Prigent / Margaux Henry,FRA
team_Mallory_Franklin__Kimberley_Woods__Bethan_Forrow_GBR,team,Mallory Franklin / Kimberley Woods / Bethan Forrow,GBR
team_Tereza_Fierová__Kateina_Havlíková__Gabriela_Satková_CZE,team,Tereza Fišerová / Kateřina Havlíčková / Gabriela Satková,CZE
team_Lucie_Prioux__Lucie_Baudu__Claire_Jacquet_FRA,team,Lucie Prioux / Lucie Baudu / Claire Jacquet,FRA
athlete_Martina_Wegman_NLD,athlete,Martina Wegman,NLD
athlete_Polina_Mukhgaleeva_RUS,athlete,Polina Mukhgaleeva,RUS
team_Lucie_Baudu__Marie-Zélia_Lafont__Camille_Prigent_FRA,team,Lucie Baudu / Marie-Zélia Lafont / Camille Prigent,FRA
team_Ricarda_Funk__Jasmin_Schornberg__Lisa_Fritsche_DEU,team,Ricarda Funk / Jasmin Schornberg / Lisa Fritsche,DEU
team_Mallory_Franklin__Fiona_Pennie__Kimberley_Woods_GBR,team,Mallory Franklin / Fiona Pennie / Kimberley Woods,GBR
athlete_Cédric_Joly_FRA,athlete,Cédric Joly,FRA
athlete_Ander_Elosegi_ESP,athlete,Ander Elosegi,ESP
athlete_Luka_Boi_SVN,athlete,Luka Božič,SVN
team_Ander_Elosegi__Miquel_Travé__Luis_Fernández_ESP,team,Ander Elosegi / Miquel Travé / Luis Fernández,ESP
team_Kirill_Setkin__Dmitrii_Khramtsov__Pavel_Kotov_RUS,team,Kirill Setkin / Dmitrii Khramtsov / Pavel Kotov,RUS
athlete_David_Llorente_ESP,athlete,David Llorente,ESP
athlete_Joan_Crespo_ESP,athlete,Joan Crespo,ESP
team_David_Llorente__Samuel_Hernanz__Joan_Crespo_ESP,team,David Llorente / Samuel Hernanz / Joan Crespo,ESP
team_Jií_Prskavec__Vít_Pindi__Vavinec_Hradilek_CZE,team,Jiří Prskavec / Vít Přindiš / Vavřinec Hradilek,CZE
team_Dariusz_Popiela__Micha_Pasiut__Krzysztof_Majerczak_POL,team,Dariusz Popiela / Michał Pasiut / Krzysztof Majerczak,POL
team_Tereza_Fierová__Jakub_Ján_CZE,team,Tereza Fišerová / Jakub Jáně,CZE
team_Aleksandra_Stach__Marcin_Pochwaa_POL,team,Aleksandra Stach / Marcin Pochwała,POL
team_Jan_Maek__Veronika_Vojtová_CZE,team,Jan Mašek / Veronika Vojtová,CZE
athlete_Andrea_Herzog_DEU,athlete,Andrea Herzog,DEU
athlete_Nadine_Weratschnig_AUT,athlete,Nadine Weratschnig,AUT
team_Núria_Vilarrubla__Klara_Olazabal__Ainhoa_Lameiro_ESP,team,Núria Vilarrubla / Klara Olazabal / Ainhoa Lameiro,ESP
team_Tereza_Fierová__Eva_íhová__Kateina_Havlíková_CZE,team,Tereza Fišerová / Eva Říhová / Kateřina Havlíčková,CZE
athlete_Eva_Terelj_SVN,athlete,Eva Terčelj,SVN
athlete_Luuka_Jones_NZL,athlete,Luuka Jones,NZL
team_Kateina_Kudjová__Veronika_Vojtová__Amálie_Hilgertová_CZE,team,Kateřina Kudějová / Veronika Vojtová / Amálie Hilgertová,CZE
team_Ekaterina_Perova__Marta_Kharitonova__Alsu_Minazova_RUS,team,Ekaterina Perova / Marta Kharitonova / Alsu Minazova,RUS
athlete_Václav_Chaloupka_CZE,athlete,Václav Chaloupka,CZE
team_Martin_Thomas__Denis_Gargaud_Chanut__Nicolas_Gestin_FRA,team,Martin Thomas / Denis Gargaud Chanut / Nicolas Gestin,FRA
team_Luká_Rohan__Václav_Chaloupka__Vojtch_Heger_CZE,team,Lukáš Rohan / Václav Chaloupka / Vojtěch Heger,CZE
team_Matej_Beu__Marko_Mirgorodský__Alexander_Slafkovský_SVK,team,Matej Beňuš / Marko Mirgorodský / Alexander Slafkovský,SVK
athlete_Joe_Clarke_GBR,athlete,Joe Clarke,GBR
athlete_Finn_Butcher_NZL,athlete,Finn Butcher,NZL
athlete_Mario_Leitner_AUT,athlete,Mario Leitner,AUT
athlete_Marcello_Beda_ITA,athlete,Marcello Beda,ITA
team_Boris_Neveu__Mathieu_Biazizzo__Benjamin_Renia_FRA,team,Boris Neveu / Mathieu Biazizzo / Benjamin Renia,FRA
team_Jakub_Grigar__Martin_Halin__Adam_Gonenica_SVK,team,Jakub Grigar / Martin Halčin / Adam Gonšenica,SVK
team_Peter_Kauzer__Martin_Srabotnik__Niko_Testen_SVN,team,Peter Kauzer / Martin Srabotnik / Niko Testen,SVN
athlete_Elena_Apel_DEU,athlete,Elena Apel,DEU
athlete_Gabriela_Satková_CZE,athlete,Gabriela Satková,CZE
team_Tereza_Fierová__Gabriela_Satková__Martina_Satková_CZE,team,Tereza Fišerová / Gabriela Satková / Martina Satková,CZE
team_Núria_Vilarrubla__Klara_Olazabal__Miren_Lazkano_ESP,team,Núria Vilarrubla / Klara Olazabal / Miren Lazkano,ESP
team_Alsu_Minazova__Polina_Mukhgaleeva__Zulfiia_Sabitova_RCF,team,Alsu Minazova / Polina Mukhgaleeva / Zulfiia Sabitova,RCF
athlete_Evy_Leibfarth_USA,athlete,Evy Leibfarth,USA
athlete_Kimberley_Woods_GBR,athlete,Kimberley Woods,GBR
team_Kimberley_Woods__Fiona_Pennie__Mallory_Franklin_GBR,team,Kimberley Woods / Fiona Pennie / Mallory Franklin,GBR
team_Kateina_Minaík_Kudjová__Antonie_Galuková__Lucie_Nesnídalová_CZE,team,Kateřina Minařík Kudějová / Antonie Galušková / Lucie Nesnídalová,CZE
team_Elika_Mintálová__Jana_Dukátová__Soa_Stanovská_SVK,team,Eliška Mintálová / Jana Dukátová / Soňa Stanovská,SVK
team_Roberto_Colazingari__Raffaello_Ivaldi__Paolo_Ceccon_ITA,team,Roberto Colazingari / Raffaello Ivaldi / Paolo Ceccon,ITA
athlete_Joseph_Clarke_GBR,athlete,Joseph Clarke,GBR
athlete_Anatole_Delassus_FRA,athlete,Anatole Delassus,FRA
athlete_Stefan_Hengst_DEU,athlete,Stefan Hengst,DEU
athlete_Giovanni_De_Gennaro_ITA,athlete,Giovanni De Gennaro,ITA
team_Hannes_Aigner__Noah_Hegge__Stefan_Hengst_DEU,team,Hannes Aigner / Noah Hegge / Stefan Hengst,DEU
team_Joseph_Clarke__Christopher_Bowers__Bradley_Forbes-Cryans_GBR,team,Joseph Clarke / Christopher Bowers / Bradley Forbes-Cryans,GBR
team_Boris_Neveu__Titouan_Castryck__Malo_Quéméneur_FRA,team,Boris Neveu / Titouan Castryck / Malo Quéméneur,FRA
team_Gabriela_Satková__Tereza_Fierová__Martina_Satková_CZE,team,Gabriela Satková / Tereza Fišerová / Martina Satková,CZE
team_Elena_Lilik__Andrea_Herzog__Nele_Bayn_DEU,team,Elena Lilik / Andrea Herzog / Nele Bayn,DEU
team_Mallory_Franklin__Kimberley_Woods__Sophie_Ogilvie_GBR,team,Mallory Franklin / Kimberley Woods / Sophie Ogilvie,GBR
athlete_Mònica_Dòria_Vilarrubla_AND,athlete,Mònica Dòria Vilarrubla,AND
athlete_Elena_Lilik_DEU,athlete,Elena Lilik,DEU
team_Ricarda_Funk__Elena_Lilik__Jasmin_Schornberg_DEU,team,Ricarda Funk / Elena Lilik / Jasmin Schornberg,DEU
team_Eva_Terelj__Eva_Alina_Hoevar__Ajda_Novak_SVN,team,Eva Terčelj / Eva Alina Hočevar / Ajda Novak,SVN
team_Klaudia_Zwoliska__Natalia_Pacierpnik__Dominika_Brzeska_POL,team,Klaudia Zwolińska / Natalia Pacierpnik / Dominika Brzeska,POL
athlete_Nicolas_Gestin_FRA,athlete,Nicolas Gestin,FRA
athlete_Paolo_Ceccon_ITA,athlete,Paolo Ceccon,ITA
team_Nicolas_Gestin__Jules_Bernardet__Lucas_Roisin_FRA,team,Nicolas Gestin / Jules Bernardet / Lucas Roisin,FRA
team_Adam_Burgess__Ryan_Westley__James_Kettle_GBR,team,Adam Burgess / Ryan Westley / James Kettle,GBR
athlete_Mathis_Soudi_MAR,athlete,Mathis Soudi,MAR
team_Jií_Prskavec__Vít_Pindi__Jakub_Krejí_CZE,team,Jiří Prskavec / Vít Přindiš / Jakub Krejčí,CZE
team_Boris_Neveu__Titouan_Castryck__Benjamin_Renia_FRA,team,Boris Neveu / Titouan Castryck / Benjamin Renia,FRA
team_Mateusz_Polaczyk__Micha_Pasiut__Dariusz_Popiela_POL,team,Mateusz Polaczyk / Michał Pasiut / Dariusz Popiela,POL
athlete_Martin_Dougoud_CHE,athlete,Martin Dougoud,CHE
team_Mallory_Franklin__Kimberley_Woods__Ellis_Miller_GBR,team,Mallory Franklin / Kimberley Woods / Ellis Miller,GBR
team_Gabriela_Satková__Tereza_Fierová__Tereza_Kneblová_CZE,team,Gabriela Satková / Tereza Fišerová / Tereza Kneblová,CZE
team_Eva_Alina_Hoevar__Alja_Kozorog__Lea_Novak_SVN,team,Eva Alina Hočevar / Alja Kozorog / Lea Novak,SVN
athlete_Elika_Mintálová_SVK,athlete,Eliška Mintálová,SVK
athlete_Klaudia_Zwoliska_POL,athlete,Klaudia Zwolińska,POL
team_Jessica_Fox__Noemie_Fox__Kate_Eckhardt_AUS,team,Jessica Fox / Noemie Fox / Kate Eckhardt,AUS
team_Maialen_Chourraut__Laia_Sorribes__Olatz_Arregui_ESP,team,Maialen Chourraut / Laia Sorribes / Olatz Arregui,ESP
team_Mallory_Franklin__Kimberley_Woods__Phoebe_Spicer_GBR,team,Mallory Franklin / Kimberley Woods / Phoebe Spicer,GBR
athlete_Camille_Prigent_FRA,athlete,Camille Prigent,FRA
athlete_Kaylen_Bassett_AUS,athlete,Kaylen Bassett,AUS
team_Nicolas_Gestin__Mewen_Debliquy__Yohann_Senechault_FRA,team,Nicolas Gestin / Mewen Debliquy / Yohann Senechault,FRA
team_Adam_Burgess__Ryan_Westley__Luc_Royle_GBR,team,Adam Burgess / Ryan Westley / Luc Royle,GBR
team_Benjamin_Savek__Luka_Boi__iga_Lin_Hoevar_SVN,team,Benjamin Savšek / Luka Božič / Žiga Lin Hočevar,SVN
athlete_Titouan_Castryck_FRA,athlete,Titouan Castryck,FRA
athlete_Jakub_Krejí_CZE,athlete,Jakub Krejčí,CZE
team_Titouan_Castryck__Benjamin_Renia__Anatole_Delassus_FRA,team,Titouan Castryck / Benjamin Renia / Anatole Delassus,FRA
team_Yusuke_Muto__Yuuki_Tanaka__Kazuya_Adachi_JPN,team,Yusuke Muto / Yuuki Tanaka / Kazuya Adachi,JPN
team_Ben_Haylett__Jonny_Dickson__Joseph_Clarke_GBR,team,Ben Haylett / Jonny Dickson / Joseph Clarke,GBR
athlete_Mathurin_Madoré_FRA,athlete,Mathurin Madoré,FRA
athlete_Matyá_Novák_CZE,athlete,Matyáš Novák,CZE
athlete_Alsu_Minazova_AIN,athlete,Alsu Minazova,AIN
team_Gabriela_Satková__Martina_Satková__Adriana_Morenová_CZE,team,Gabriela Satková / Martina Satková / Adriana Morenová,CZE
team_Andrea_Herzog__Elena_Lilik__Nele_Bayn_DEU,team,Andrea Herzog / Elena Lilik / Nele Bayn,DEU
team_Ellis_Miller__Kimberley_Woods__Bethan_Forrow_GBR,team,Ellis Miller / Kimberley Woods / Bethan Forrow,GBR
athlete_Kate_Eckhardt_AUS,athlete,Kate Eckhardt,AUS
team_Gabriela_Satková__Lucie_Nesnídalová__Antonie_Galuková_CZE,team,Gabriela Satková / Lucie Nesnídalová / Antonie Galušková,CZE
team_Ricarda_Funk__Elena_Lilik__Emily_Apel_DEU,team,Ricarda Funk / Elena Lilik / Emily Apel,DEU
team_Eva_Alina_Hoevar__Ajda_Novak__Lea_Novak_SVN,team,Eva Alina Hočevar / Ajda Novak / Lea Novak,SVN
athlete_Angèle_Hug_FRA,athlete,Angèle Hug,FRA
athlete_Alena_Marx_CHE,athlete,Alena Marx,CHE
athlete_Ajda_Novak_SVN,athlete,Ajda Novak,SVN
athlete_Andreas_Dittmer_DEU,athlete,Andreas Dittmer,DEU
athlete_Martin_Doktor_CZE,athlete,Martin Doktor,CZE
athlete_György_Kolonics_HUN,athlete,György Kolonics,HUN
athlete_Dmitriy_Sabin_UKR,athlete,Dmitriy Sabin,UKR
athlete_Maksim_Opalev_RUS,athlete,Maksim Opalev,RUS
athlete_Micha_liwiski_POL,athlete,Michał Śliwiński,POL
team_Marcin_Kobierski__Micha_liwiski_POL,team,Marcin Kobierski / Michał Śliwiński,POL
team_José_Alfredo_Bea__David_Mascató_ESP,team,José Alfredo Bea / David Mascató,ESP
team_Ibrahim_Rojas__Leobaldo_Pereira_CUB,team,Ibrahim Rojas / Leobaldo Pereira,CUB
team_Pawe_Baraszkiewicz__Daniel_Jdraszko_POL,team,Paweł Baraszkiewicz / Daniel Jędraszko,POL
team_Ionel_Averian__Mikhail_Vartolemei_ROU,team,Ionel Averian / Mikhail Vartolemei,ROU
team_Daniel_Jdraszko__Pawe_Baraszkiewicz_POL,team,Daniel Jędraszko / Paweł Baraszkiewicz,POL
team_Mitic_Pricop__Florin_Popescu_ROU,team,Mitică Pricop / Florin Popescu,ROU
team_György_Zala__György_Kozmann__Béla_Belicza__Gábor_Ivan_HUN,team,György Zala / György Kozmann / Béla Belicza / Gábor Ivan,HUN
team_Ivan_Skovorodkin__Aleksandr_Bagdanovich__Aleksandr_Kurlandchik__Aleksandr_Zhukovskiy_BLR,team,Ivan Skovorodkin / Aleksandr Bagdanovich / Aleksandr Kurlandchik / Aleksandr Zhukovskiy,BLR
team_Iosif_Anisim__Chirac_Marcov__Ionel_Averian__Mikhail_Vartolemei_ROU,team,Iosif Anisim / Chirac Marcov / Ionel Averian / Mikhail Vartolemei,ROU
team_Petr_Netuil__Jan_Beka__Petr_Fuksa__Karel_Koíek_CZE,team,Petr Netušil / Jan Břečka / Petr Fuksa / Karel Kožíšek,CZE
team_Aleksandr_Kovalyov__Aleksandr_Kostoglod__Vladislav_Polozounov__Maksim_Opalev_RUS,team,Aleksandr Kovalyov / Aleksandr Kostoglod / Vladislav Polozounov / Maksim Opalev,RUS
team_Iosif_Anisim__Florin_Popescu__Mikhail_Vartolemei__Ionel_Averian_ROU,team,Iosif Anisim / Florin Popescu / Mikhail Vartolemei / Ionel Averian,ROU
team_Roman_Krugylakov__Konstantin_Fomichev__Vladimir_Ladosha__Aleksey_Volkonskiy_RUS,team,Roman Krugylakov / Konstantin Fomichev / Vladimir Ladosha / Aleksey Volkonskiy,RUS
athlete_Babak_Amir-Tahmasseb_FRA,athlete,Babak Amir-Tahmasseb,FRA
athlete_Javier_Correa_ARG,athlete,Javier Correa,ARG
athlete_Lutz_Liwowski_DEU,athlete,Lutz Liwowski,DEU
athlete_Ronald_Rauhe_DEU,athlete,Ronald Rauhe,DEU
athlete_Oleksiy_Slivinskiy_UKR,athlete,Oleksiy Slivinskiy,UKR
athlete_Anton_Ryakhov_UZB,athlete,Anton Ryakhov,UZB
athlete_Ákos_Verecki_HUN,athlete,Ákos Verecki,HUN
team_Eirik_Verås_Larsen__Nils_Fjeldheim_NOR,team,Eirik Verås Larsen / Nils Fjeldheim,NOR
team_Krisztián_Bártfai__Krisztián_Veréb_HUN,team,Krisztián Bártfai / Krisztián Veréb,HUN
team_Marc_Westphalen__Marco_Herszel_DEU,team,Marc Westphalen / Marco Herszel,DEU
team_Alvydas_Duonla__Egidijus_Balinas_LTU,team,Alvydas Duonėla / Egidijus Balčiūnas,LTU
team_Ronald_Rauhe__Tim_Wieskötter_DEU,team,Ronald Rauhe / Tim Wieskötter,DEU
team_Mykola_Zaichenkov__Mykhaylo_Luchnik_UKR,team,Mykola Zaichenkov / Mykhaylo Luchnik,UKR
team_Markus_Oscarsson__Henrik_Nilsson_SWE,team,Markus Oscarsson / Henrik Nilsson,SWE
team_Andreas_Ihle__Mark_Zabel__Björn_Bach__Stefan_Ulm_DEU,team,Andreas Ihle / Mark Zabel / Björn Bach / Stefan Ulm,DEU
team_Zoltán_Kammerer__Botond_Storcz__Roland_Kökény__Gábor_Horváth_HUN,team,Zoltán Kammerer / Botond Storcz / Roland Kökény / Gábor Horváth,HUN
team_Roman_Zarubin__Aleksandr_Ivanik__Denys_Tourtchenkov__Oleg_Gorobiy_RUS,team,Roman Zarubin / Aleksandr Ivanik / Denys Tourtchenkov / Oleg Gorobiy,RUS
team_Gyula_Kajner__Vince_Fehérvári__István_Beé__Róbert_Hegeds_HUN,team,Gyula Kajner / Vince Fehérvári / István Beé / Róbert Hegedűs,HUN
team_Roman_Zarubin__Aleksandr_Ivanik__Denys_Tourtchenkov__Andrey_Tissin_RUS,team,Roman Zarubin / Aleksandr Ivanik / Denys Tourtchenkov / Andrey Tissin,RUS
team_Oleksiy_Slivinskiy__Mykola_Zaichenkov__Mykhaylo_Luchnik__Boris_Markin_UKR,team,Oleksiy Slivinskiy / Mykola Zaichenkov / Mykhaylo Luchnik / Boris Markin,UKR
team_Vasile_Curuzan__Marian_Baban__Geza_Magyar__Romic_erban_ROU,team,Vasile Curuzan / Marian Baban / Geza Magyar / Romică Șerban,ROU
team_Richard_Riszdorfer__Michal_Riszdorfer__Erik_Vlek__Juraj_Baa_SVK,team,Richard Riszdorfer / Michal Riszdorfer / Erik Vlček / Juraj Bača,SVK
athlete_Josefa_Idem_ITA,athlete,Josefa Idem,ITA
athlete_Katrin_Wagner_DEU,athlete,Katrin Wagner,DEU
athlete_Katrin_Borchert_AUS,athlete,Katrin Borchert,AUS
athlete_Karen_Furneaux_CAN,athlete,Karen Furneaux,CAN
athlete_Elbieta_Urbaczyk_POL,athlete,Elżbieta Urbańczyk,POL
athlete_Szilvia_Szabó_HUN,athlete,Szilvia Szabó,HUN
athlete_Katalin_Kovács_HUN,athlete,Katalin Kovács,HUN
team_Manuela_Mucke__Nadine_Opgen-Rhein_DEU,team,Manuela Mucke / Nadine Opgen-Rhein,DEU
team_Katrin_Borchert__Katrin_Kieseler_AUS,team,Katrin Borchert / Katrin Kieseler,AUS
team_Beatriz_Manchón__Sonia_Molanes_ESP,team,Beatriz Manchón / Sonia Molanes,ESP
team_Beata_Sokoowska__Aneta_Pastuszka_POL,team,Beata Sokołowska / Aneta Pastuszka,POL
team_Kinga_Dékány__Erzsébet_Viski_HUN,team,Kinga Dékány / Erzsébet Viski,HUN
team_Szilvia_Szabó__Kinga_Bóta_HUN,team,Szilvia Szabó / Kinga Bóta,HUN
team_Sonia_Molanes__Beatriz_Manchón_ESP,team,Sonia Molanes / Beatriz Manchón,ESP
team_Kinga_Dékány__Szilvia_Szabó__Erzsébet_Viski__Kinga_Bóta_HUN,team,Kinga Dékány / Szilvia Szabó / Erzsébet Viski / Kinga Bóta,HUN
team_Karolina_Sadalska__Aneta_Biakowska__Dorota_Kuczkowska__Joanna_Skowro_POL,team,Karolina Sadalska / Aneta Białkowska / Dorota Kuczkowska / Joanna Skowroń,POL
team_Hanna_Balabanova__Nataliya_Feklisova__Inna_Osypenko__Tetyana_Semykina_UKR,team,Hanna Balabanova / Nataliya Feklisova / Inna Osypenko / Tetyana Semykina,UKR
team_Kinga_Dékány__Krisztina_Fazekas__Erzsébet_Viski__Katalin_Kovács_HUN,team,Kinga Dékány / Krisztina Fazekas / Erzsébet Viski / Katalin Kovács,HUN
team_Maria_Teresa_Portela__Maria_Garcia__Belen_Sánchez__Ana_María_Penas_ESP,team,Maria Teresa Portela / Maria Garcia / Belen Sánchez / Ana María Penas,ESP
team_Karolina_Sadalska__Aneta_Pastuszka__Dorota_Kuczkowska__Joanna_Skowro_POL,team,Karolina Sadalska / Aneta Pastuszka / Dorota Kuczkowska / Joanna Skowroń,POL
team_Katalin_Kovács__Szilvia_Szabó__Kinga_Bóta__Erzsébet_Viski_HUN,team,Katalin Kovács / Szilvia Szabó / Kinga Bóta / Erzsébet Viski,HUN
team_Manuela_Mucke__Katrin_Wagner__Anett_Schuck__Nadine_Opgen-Rhein_DEU,team,Manuela Mucke / Katrin Wagner / Anett Schuck / Nadine Opgen-Rhein,DEU
team_Maria_Garcia__Belen_Sánchez__Maria_Teresa_Portela__Ana_María_Penas_ESP,team,Maria Garcia / Belen Sánchez / Maria Teresa Portela / Ana María Penas,ESP
athlete_Steve_Giles_CAN,athlete,Steve Giles,CAN
athlete_Andrzej_Jezierski_POL,athlete,Andrzej Jezierski,POL
athlete_Christian_Gille_DEU,athlete,Christian Gille,DEU
team_Ibrahim_Rojas__Ledis_Balceiro_CUB,team,Ibrahim Rojas / Ledis Balceiro,CUB
team_Richard_Dalton__Mike_Scarola_CAN,team,Richard Dalton / Mike Scarola,CAN
team_Petr_Fuksa__Petr_Netuil_CZE,team,Petr Fuksa / Petr Netušil,CZE
team_Mikhail_Vartolemei__Ionel_Averian_ROU,team,Mikhail Vartolemei / Ionel Averian,ROU
team_Florin_Popescu__Silviu_Simioncencu_ROU,team,Florin Popescu / Silviu Simioncencu,ROU
team_Sergey_Ulegin__Aleksandr_Kostoglod_RUS,team,Sergey Ulegin / Aleksandr Kostoglod,RUS
team_Andrzej_Jezierski__Adam_Ginter__Michal_Gajowink__Roman_Rynkiewicz_POL,team,Andrzej Jezierski / Adam Ginter / Michal Gajowink / Roman Rynkiewicz,POL
team_Dimitri_Joukovski__Maxim_Boilard__Tamas_Buday_Jr__Attila_Buday_CAN,team,Dimitri Joukovski / Maxim Boilard / Tamas Buday Jr. / Attila Buday,CAN
team_Aleksandr_Zhukovskiy__Aleksandr_Kurlandchik__Aleksandr_Bagdanovich__Sermen_Saponenko_BLR,team,Aleksandr Zhukovskiy / Aleksandr Kurlandchik / Aleksandr Bagdanovich / Sermen Saponenko,BLR
team_Maksim_Opalev__Roman_Kruglyakov__Sergey_Ulegin__Aleksandr_Kostoglod_RUS,team,Maksim Opalev / Roman Kruglyakov / Sergey Ulegin / Aleksandr Kostoglod,RUS
team_Petr_Fuksa__Jan_Beka__Petr_Procházka__Karel_Koíek_CZE,team,Petr Fuksa / Jan Břečka / Petr Procházka / Karel Kožíšek,CZE
team_Mikhail_Vartolemei__Ionel_Averian__Mitic_Pricop__Petre_Condrat_ROU,team,Mikhail Vartolemei / Ionel Averian / Mitică Pricop / Petre Condrat,ROU
team_Mikhail_Vartolemei__Ionel_Averian__Mitic_Pricop__Florin_Popescu_ROU,team,Mikhail Vartolemei / Ionel Averian / Mitică Pricop / Florin Popescu,ROU
team_Konstantin_Fomichev__Aleksandr_Artemida__Roman_Krugylakov__Andrey_Kabanov_RUS,team,Konstantin Fomichev / Aleksandr Artemida / Roman Krugylakov / Andrey Kabanov,RUS
team_Daniel_Jdraszko__Adam_Ginter__Micha_liwiski__Marcin_Grzybowski_POL,team,Daniel Jędraszko / Adam Ginter / Michał Śliwiński / Marcin Grzybowski,POL
athlete_Eirik_Verås_Larsen_NOR,athlete,Eirik Verås Larsen,NOR
athlete_Adam_Seroczyski_POL,athlete,Adam Seroczyński,POL
athlete_Roman_Petrukanecas_LTU,athlete,Roman Petrukanecas,LTU
athlete_Nathan_Baggaley_AUS,athlete,Nathan Baggaley,AUS
athlete_Petar_Merkov_BGR,athlete,Petar Merkov,BGR
team_Ákos_Verecki__Krisztián_Veréb_HUN,team,Ákos Verecki / Krisztián Veréb,HUN
team_Marek_Twardowski__Adam_Wysocki_POL,team,Marek Twardowski / Adam Wysocki,POL
team_Adam_Wysocki__Marek_Twardowski_POL,team,Adam Wysocki / Marek Twardowski,POL
team_Zoltán_Kammerer__Botond_Storcz_HUN,team,Zoltán Kammerer / Botond Storcz,HUN
team_Mark_Zabel__Björn_Bach__Stefan_Ulm__Andreas_Ihle_DEU,team,Mark Zabel / Björn Bach / Stefan Ulm / Andreas Ihle,DEU
team_Petar_Merkov__Milko_Kazanov__Ivan_Hristov__Yordano_Yordanov_BGR,team,Petar Merkov / Milko Kazanov / Ivan Hristov / Yordano Yordanov,BGR
team_Martin_Chorváth__Rastislav_Kuel__Ladislav_Belovi__Juraj_Lipták_SVK,team,Martin Chorváth / Rastislav Kužel / Ladislav Belovič / Juraj Lipták,SVK
team_Manuel_Muñoz__Jaime_Acuña__Aike_González__Oier_Aizpurua_ESP,team,Manuel Muñoz / Jaime Acuña / Aike González / Oier Aizpurua,ESP
team_Vince_Fehérvári__Róbert_Hegeds__Gábor_Horvárth__István_Beé_HUN,team,Vince Fehérvári / Róbert Hegedűs / Gábor Horvárth / István Beé,HUN
team_Roman_Piatrushenko__Aleksey_Skurkovskiy__Aleksey_Abalmasov__Vadzim_Makhneu_BLR,team,Roman Piatrushenko / Aleksey Skurkovskiy / Aleksey Abalmasov / Vadzim Makhneu,BLR
athlete_Teresa_Portela_ESP,athlete,Teresa Portela,ESP
athlete_Caroline_Brunet_CAN,athlete,Caroline Brunet,CAN
team_Nadine_Opgen-Rhein__Manuela_Mucke_DEU,team,Nadine Opgen-Rhein / Manuela Mucke,DEU
team_Adi_Gafni__Larissa_Pessakhovitch_ISR,team,Adi Gafni / Larissa Pessakhovitch,ISR
team_Aneta_Pastuszka__Joanna_Skowro_POL,team,Aneta Pastuszka / Joanna Skowroń,POL
team_Bonka_Pindzeva__Delyana_Dacheva_BGR,team,Bonka Pindzeva / Delyana Dacheva,BGR
team_Katrin_Wagner__Manuela_Mucke_DEU,team,Katrin Wagner / Manuela Mucke,DEU
team_Aneta_Pastuszka__Joanna_Skowro__Karolina_Sadalska__Aneta_Biakowska_POL,team,Aneta Pastuszka / Joanna Skowroń / Karolina Sadalska / Aneta Białkowska,POL
team_Zhong_Hongyan__Fan_Lina__Gao_Yi__Xu_Linbei_CHN,team,Zhong Hongyan / Fan Lina / Gao Yi / Xu Linbei,CHN
team_Tímea_Paksy__Katalin_Moni__Alexandra_Keresztesi__Erzsébet_Viski_HUN,team,Tímea Paksy / Katalin Moni / Alexandra Keresztesi / Erzsébet Viski,HUN
team_Nataa_Jani__Szilvia_Szabó__Erzsébet_Viski__Tímea_Paksy_HUN,team,Nataša Janić / Szilvia Szabó / Erzsébet Viski / Tímea Paksy,HUN
team_Teresa_Portela__Sonia_Molanes__Beatriz_Manchón__Maria_Garcia_ESP,team,Teresa Portela / Sonia Molanes / Beatriz Manchón / Maria Garcia,ESP
team_Katrin_Wagner__Anett_Schuck__Manuela_Mucke__Maike_Nollen_DEU,team,Katrin Wagner / Anett Schuck / Manuela Mucke / Maike Nollen,DEU
athlete_David_Cal_ESP,athlete,David Cal,ESP
team_Silviu_Simioncencu__Florin_Popescu_ROU,team,Silviu Simioncencu / Florin Popescu,ROU
team_Aleksandr_Kovalyov__Aleksandr_Kostoglod_RUS,team,Aleksandr Kovalyov / Aleksandr Kostoglod,RUS
team_György_Kozmann__György_Kolonics_HUN,team,György Kozmann / György Kolonics,HUN
team_Sergey_Klimniuk__Dmitriy_Sabin_UKR,team,Sergey Klimniuk / Dmitriy Sabin,UKR
team_Csaba_Hüttner__Gábor_Furdok__Imre_Pulai__Ferenc_Novák_HUN,team,Csaba Hüttner / Gábor Furdok / Imre Pulai / Ferenc Novák,HUN
team_Attila_Buday__Tamas_Buday_Jr__Maxim_Boilard__Dimitri_Joukovski_CAN,team,Attila Buday / Tamas Buday Jr. / Maxim Boilard / Dimitri Joukovski,CAN
team_Andrzej_Jezierski__Roman_Rynkiewicz__Adam_Ginter__Wojciech_Tyszyski_POL,team,Andrzej Jezierski / Roman Rynkiewicz / Adam Ginter / Wojciech Tyszyński,POL
team_Sándor_Malomsoki__László_Vasali__György_Kozmann__György_Kolonics_HUN,team,Sándor Malomsoki / László Vasali / György Kozmann / György Kolonics,HUN
team_Petr_Fuksa__Petr_Netuil__Jan_Beka__Karel_Koíek_CZE,team,Petr Fuksa / Petr Netušil / Jan Břečka / Karel Kožíšek,CZE
team_Silviu_Simioncencu__Mitic_Pricop__Florin_Popescu__Petre_Condrat_ROU,team,Silviu Simioncencu / Mitică Pricop / Florin Popescu / Petre Condrat,ROU
team_Silviu_Simioncencu__Florin_Popescu__Mitic_Pricop__Petre_Condrat_ROU,team,Silviu Simioncencu / Florin Popescu / Mitică Pricop / Petre Condrat,ROU
team_Adam_Ginter__ukasz_Woszczyski__Marcin_Grzybowski__Micha_liwiski_POL,team,Adam Ginter / Łukasz Woszczyński / Marcin Grzybowski / Michał Śliwiński,POL
team_Csaba_Hüttner__Márton_Joób__Imre_Pulai__Ferenc_Novák_HUN,team,Csaba Hüttner / Márton Joób / Imre Pulai / Ferenc Novák,HUN
athlete_Ben_Fouhy_NZL,athlete,Ben Fouhy,NZL
athlete_Adam_van_Koeverden_CAN,athlete,Adam van Koeverden,CAN
athlete_Vince_Fehérvári_AUS,athlete,Vince Fehérvári,AUS
athlete_Carlos_Pérez_ESP,athlete,Carlos Pérez,ESP
athlete_Lutz_Altepost_DEU,athlete,Lutz Altepost,DEU
team_Bob_Maesen__Wouter_DHaene_BEL,team,Bob Maesen / Wouter D'Haene,BEL
team_Tim_Huth__Marco_Herszel_DEU,team,Tim Huth / Marco Herszel,DEU
team_Roman_Piatrushenko__Vadzim_Makhneu_BLR,team,Roman Piatrushenko / Vadzim Makhneu,BLR
team_Zoltán_Kammerer__Ákos_Vereckei__Roland_Kökény__Krisztián_Veréb_HUN,team,Zoltán Kammerer / Ákos Vereckei / Roland Kökény / Krisztián Veréb,HUN
team_Oleksiy_Slivinskiy__Mykhaylo_Luchnik__Mykola_Zaichenkov__Andriy_Borzukov_UKR,team,Oleksiy Slivinskiy / Mykhaylo Luchnik / Mykola Zaichenkov / Andriy Borzukov,UKR
team_Vasile_Curuzan__Marian_Baban__Alexandru_Ceauu__Romic_erban_ROU,team,Vasile Curuzan / Marian Baban / Alexandru Ceaușu / Romică Șerban,ROU
team_Aleksandr_Ivanik__Anatoly_Tishchenko__Oleg_Gorobiy__Vladimir_Gurhsikin_RUS,team,Aleksandr Ivanik / Anatoly Tishchenko / Oleg Gorobiy / Vladimir Gurhsikin,RUS
athlete_Lior_Karmi_ISR,athlete,Lior Karmi,ISR
athlete_Maria_Teresa_Portelo_ESP,athlete,Maria Teresa Portelo,ESP
athlete_Tímea_Paksy_HUN,athlete,Tímea Paksy,HUN
athlete_Aneta_Pastuszka_POL,athlete,Aneta Pastuszka,POL
team_Tímea_Paksy__Dalma_Benedek_HUN,team,Tímea Paksy / Dalma Benedek,HUN
team_Caroline_Brunet__Mylanie_Barre_CAN,team,Caroline Brunet / Mylanie Barre,CAN
team_Tímea_Paksy__Melinda_Patyi_HUN,team,Tímea Paksy / Melinda Patyi,HUN
team_Maria_Teresa_Portela__Beatriz_Manchón_ESP,team,Maria Teresa Portela / Beatriz Manchón,ESP
team_Aneta_Pastuszka__Beata_Sokoowska-Kulesza_POL,team,Aneta Pastuszka / Beata Sokołowska-Kulesza,POL
team_Beata_Sokoowska-Kulesza__Joanna_Skowro_POL,team,Beata Sokołowska-Kulesza / Joanna Skowroń,POL
team_Eszter_Rasztótsky__Kinga_Dékány__Krisztina_Fazekas__Natasa_Janics_HUN,team,Eszter Rasztótsky / Kinga Dékány / Krisztina Fazekas / Natasa Janics,HUN
team_Olena_Cherevatova__Tatyana_Semikina__Mariya_Ralcheva__Inna_Osipenko_UKR,team,Olena Cherevatova / Tatyana Semikina / Mariya Ralcheva / Inna Osipenko,UKR
team_Paul_Harvey__Chantal_Meek__Amanda_Rankin__Katrin_Kieseler_AUS,team,Paul Harvey / Chantal Meek / Amanda Rankin / Katrin Kieseler,AUS
team_Natasa_Janics__Szilvia_Szabó__Erzsébet_Viski__Kinga_Bóta_HUN,team,Natasa Janics / Szilvia Szabó / Erzsébet Viski / Kinga Bóta,HUN
team_Maria_Garcia_Suarez__Beatriz_Manchón__Jana_Smidakova__Maria_Teresa_Portela_ESP,team,Maria Garcia Suarez / Beatriz Manchón / Jana Smidakova / Maria Teresa Portela,ESP
team_Karolina_Sadalska__Aneta_Pastuszka__Beata_Sokoowska-Kulesza__Joanna_Skowro_POL,team,Karolina Sadalska / Aneta Pastuszka / Beata Sokołowska-Kulesza / Joanna Skowroń,POL
team_Katalin_Kovács__Szilvia_Szabó__Erzsébet_Viski__Kinga_Bóta_HUN,team,Katalin Kovács / Szilvia Szabó / Erzsébet Viski / Kinga Bóta,HUN
team_Karolina_Sadalska__Magorzata_Czajczyska__Aneta_Biakowska__Joanna_Skowro_POL,team,Karolina Sadalska / Małgorzata Czajczyńska / Aneta Białkowska / Joanna Skowroń,POL
team_Maria_Garcia__Beatriz_Manchón__Jana_Smidakova__Maria_Teresa_Portela_ESP,team,Maria Garcia / Beatriz Manchón / Jana Smidakova / Maria Teresa Portela,ESP
athlete_Valentin_Demyanenko_UKR,athlete,Valentin Demyanenko,UKR
athlete_Maxim_Opalev_RUS,athlete,Maxim Opalev,RUS
athlete_Zhomart_Satubaldin_KAZ,athlete,Zhomart Satubaldin,KAZ
athlete_Pawe_Baraszkiewicz_POL,athlete,Paweł Baraszkiewicz,POL
team_Christian_Gille__Tomasz_Wylenzek_DEU,team,Christian Gille / Tomasz Wylenzek,DEU
team_Serguey_Torres__Karel_Aguilar_CUB,team,Serguey Torres / Karel Aguilar,CUB
team_Evgeny_Ignatov__Nikolay_Lipkin_RUS,team,Evgeny Ignatov / Nikolay Lipkin,RUS
team_Wojciech_Tyszyski__Micha_liwiski__Andrzej_Jezierski__Micha_Gajownik_POL,team,Wojciech Tyszyński / Michał Śliwiński / Andrzej Jezierski / Michał Gajownik,POL
team_Constantin_Popa__Loredan_Popa__Florin_Mironcic__Petre_Condrat_ROU,team,Constantin Popa / Loredan Popa / Florin Mironcic / Petre Condrat,ROU
team_Robert_Nuck__Stefan_Holtz__Thomas_Luck__Stephan_Breuing_DEU,team,Robert Nuck / Stefan Holtz / Thomas Luck / Stephan Breuing,DEU
team_Aleksandr_Kovalyov__Alexander_Kostoglod__Roman_Kruglyakov__Maxim_Opalev_RUS,team,Aleksandr Kovalyov / Alexander Kostoglod / Roman Kruglyakov / Maxim Opalev,RUS
team_Petr_Procházka__Petr_Fuksa__Petr_Netuil__Jan_Beka_CZE,team,Petr Procházka / Petr Fuksa / Petr Netušil / Jan Břečka,CZE
team_Aliaksandr_Kurliandchyk__Aliaksandr_Zhukouski__Semen_Saponenko__Aliaksandr_Bahdanovich_BLR,team,Aliaksandr Kurliandchyk / Aliaksandr Zhukouski / Semen Saponenko / Aliaksandr Bahdanovich,BLR
team_Loredan_Popa__Silviu_Simioncencu__Florin_Popescu__Iosif_Chiril_ROU,team,Loredan Popa / Silviu Simioncencu / Florin Popescu / Iosif Chirilă,ROU
team_Dzmitry_Rabchanka__Dzmitry_Vaitsishkin__Konstantin_Shcharbak__Aleksandr_Vauchetskiy_BLR,team,Dzmitry Rabchanka / Dzmitry Vaitsishkin / Konstantin Shcharbak / Aleksandr Vauchetskiy,BLR
team_Andrzej_Jezierski__Micha_liwiski__Micha_Gajownik__Adam_Ginter_POL,team,Andrzej Jezierski / Michał Śliwiński / Michał Gajownik / Adam Ginter,POL
athlete_Richard_Dalton_CAN,athlete,Richard Dalton,CAN
athlete_Tomasz_Mendelski_POL,athlete,Tomasz Mendelski,POL
athlete_Anton_Ryakhov_RUS,athlete,Anton Ryakhov,RUS
team_Roland_Kökény__Gábor_Kucsera_HUN,team,Roland Kökény / Gábor Kucsera,HUN
team_Andreas_Ihle__Marco_Herszel_DEU,team,Andreas Ihle / Marco Herszel,DEU
team_Mattis_Næss__Jacob_Norenberg_NOR,team,Mattis Næss / Jacob Norenberg,NOR
team_Dragan_Zori__Ognjen_Filipovi_SCG,team,Dragan Zorić / Ognjen Filipović,SCG
team_Lutz_Altepost__Norman_Bröckl__Björn_Bach__Arnd_Goldschmidt_DEU,team,Lutz Altepost / Norman Bröckl / Björn Bach / Arnd Goldschmidt,DEU
team_Michal_Riszdorfer__Richard_Riszdorfer__Erik_Vlek__Róbert_Erban_SVK,team,Michal Riszdorfer / Richard Riszdorfer / Erik Vlček / Róbert Erban,SVK
team_Pawe_Baumann__Marek_Twardowski__Adam_Wysocki__Przemysaw_Gawrych_POL,team,Paweł Baumann / Marek Twardowski / Adam Wysocki / Przemysław Gawrych,POL
team_Viktor_Kadler__István_Beé__Balázs_Babella__Gergely_Gyertyános_HUN,team,Viktor Kadler / István Beé / Balázs Babella / Gergely Gyertyános,HUN
team_Norman_Bröckl__Björn_Bach__Björn_Goldschmidt__Jonas_Ems_DEU,team,Norman Bröckl / Björn Bach / Björn Goldschmidt / Jonas Ems,DEU
team_Raman_Piatrushenka__Aleksey_Abalmasov__Dziamyan_Turchyn__Vadzim_Makhneu_BLR,team,Raman Piatrushenka / Aleksey Abalmasov / Dziamyan Turchyn / Vadzim Makhneu,BLR
team_Michal_Riszdorfer__Juraj_Tarr__Andrej_Wiebauer__Róbert_Erban_SVK,team,Michal Riszdorfer / Juraj Tarr / Andrej Wiebauer / Róbert Erban,SVK
team_Franco_Benedini__Jaka_Jazbec__Luca_Piemonte__Antonio_Scaduto_ITA,team,Franco Benedini / Jaka Jazbec / Luca Piemonte / Antonio Scaduto,ITA
athlete_Katrin_Wagner-Augustin_DEU,athlete,Katrin Wagner-Augustin,DEU
athlete_Dalma_Benedek_HUN,athlete,Dalma Benedek,HUN
athlete_Maria_Teresa_Portela_ESP,athlete,Maria Teresa Portela,ESP
athlete_Nicole_Reinhardt_DEU,athlete,Nicole Reinhardt,DEU
athlete_Erzsébet_Viski_HUN,athlete,Erzsébet Viski,HUN
team_Katalin_Kovács__Nataa_Jani_HUN,team,Katalin Kovács / Nataša Janić,HUN
team_Maike_Nollen__Nadine_Opgen-Rhein_DEU,team,Maike Nollen / Nadine Opgen-Rhein,DEU
team_Aneta_Biakowska__Joanna_Skowro_POL,team,Aneta Białkowska / Joanna Skowroń,POL
team_Maria_Teresa_Portela__Jana_Smidakova_ESP,team,Maria Teresa Portela / Jana Smidakova,ESP
team_Birgit_Fischer__Fanny_Fischer_DEU,team,Birgit Fischer / Fanny Fischer,DEU
team_Petra_Schlitzer__Viktoria_Schwarz_AUT,team,Petra Schlitzer / Viktoria Schwarz,AUT
team_Anne-Laure_Viard__Marie_Delattre_FRA,team,Anne-Laure Viard / Marie Delattre,FRA
team_Tímea_Paksy__Szilvia_Szabó__Erzsébet_Viski__Kinga_Bóta_HUN,team,Tímea Paksy / Szilvia Szabó / Erzsébet Viski / Kinga Bóta,HUN
team_Florica_Vulpe__Mariana_Ciobanu__Lidia_Talp__Alina_Platon_ROU,team,Florica Vulpeş / Mariana Ciobanu / Lidia Talpă / Alina Platon,ROU
team_Birgit_Fischer__Maren_Knebel__Judith_Hörmann__Carolin_Leonhardt_DEU,team,Birgit Fischer / Maren Knebel / Judith Hörmann / Carolin Leonhardt,DEU
team_Carolin_Leonhardt__Nicole_Reinhardt__Judith_Hörmann__Katrin_Wagner-Augustin_DEU,team,Carolin Leonhardt / Nicole Reinhardt / Judith Hörmann / Katrin Wagner-Augustin,DEU
team_Iwona_Pyzalska__Magorzata_Czajczyska__Joanna_Skowro__Beata_Sokoowska-Kulesza_POL,team,Iwona Pyzalska / Małgorzata Czajczyńska / Joanna Skowroń / Beata Sokołowska-Kulesza,POL
team_Isabel_García__Ana_Varela__Jana_Smidakova__Maria_Teresa_Portela_ESP,team,Isabel García / Ana Varela / Jana Smidakova / Maria Teresa Portela,ESP
team_Carolin_Leonhardt__Conny_Waßmuth__Judith_Hörmann__Katrin_Wagner-Augustin_DEU,team,Carolin Leonhardt / Conny Waßmuth / Judith Hörmann / Katrin Wagner-Augustin,DEU
team_Aneta_Biakowska__Aneta_Konieczna__Joanna_Skowro__Iwona_Pyzalska_POL,team,Aneta Białkowska / Aneta Konieczna / Joanna Skowroń / Iwona Pyzalska,POL
team_Tímea_Paksy__Dalma_Benedek__Szilvia_Szabó__Kinga_Bóta_HUN,team,Tímea Paksy / Dalma Benedek / Szilvia Szabó / Kinga Bóta,HUN
athlete_Everardo_Cristóbal_MEX,athlete,Everardo Cristóbal,MEX
athlete_Attila_Vajda_HUN,athlete,Attila Vajda,HUN
athlete_Nikolay_Lipkin_RUS,athlete,Nikolay Lipkin,RUS
athlete_Jevgenij_Cuklin_LTU,athlete,Jevgenij Cuklin,LTU
athlete_Yuriy_Cheban_UKR,athlete,Yuriy Cheban,UKR
athlete_Wenjun_Yang_CHN,athlete,Wenjun Yang,CHN
team_Attila_Buday__Tamas_Buday_Jr_CAN,team,Attila Buday / Tamas Buday Jr.,CAN
team_Maksym_Prokopenko__Sergiy_Bezugliy_UKR,team,Maksym Prokopenko / Sergiy Bezugliy,UKR
team_Evgeny_Ignatov__Ivan_Shtyl_RUS,team,Evgeny Ignatov / Ivan Shtyl,RUS
team_Raimundas_Labuckas__Tomas_Gadelkis_LTU,team,Raimundas Labuckas / Tomas Gadelkis,LTU
team_Alexander_Kostoglod__Sergey_Ulegin_RUS,team,Alexander Kostoglod / Sergey Ulegin,RUS
team_Stefan_Holtz__Robert_Nuck_DEU,team,Stefan Holtz / Robert Nuck,DEU
team_Robert_Nuck__Stephan_Breuing__Stefan_Holtz__Thomas_Lück_DEU,team,Robert Nuck / Stephan Breuing / Stefan Holtz / Thomas Lück,DEU
team_Andrew_Russell__Thomas_Hall__Kyle_Jeffery__Dmitri_Joukovski_CAN,team,Andrew Russell / Thomas Hall / Kyle Jeffery / Dmitri Joukovski,CAN
team_Aliaksandr_Kurliandchyk__Aliaksandr_Zhukouski__Aliaksandr_Bahdanovich__Andrei_Bahdanovich_BLR,team,Aliaksandr Kurliandchyk / Aliaksandr Zhukouski / Aliaksandr Bahdanovich / Andrei Bahdanovich,BLR
team_Petr_Procházka__Jií_Heller__Jan_Beka__Petr_Fuksa_CZE,team,Petr Procházka / Jiří Heller / Jan Břečka / Petr Fuksa,CZE
team_Konstantin_Shcharbak__Dzmitry_Rabchanka__Aleksandr_Vauchetskiy__Dzmitry_Vaitsishkin_BLR,team,Konstantin Shcharbak / Dzmitry Rabchanka / Aleksandr Vauchetskiy / Dzmitry Vaitsishkin,BLR
team_Pál_Sarudi__Márton_Joób__Gábor_Horváth__Péter_Balázs_HUN,team,Pál Sarudi / Márton Joób / Gábor Horváth / Péter Balázs,HUN
team_ukasz_Woszczyski__Pawe_Baraszkiewicz__Marcin_Grzybowski__Pawel_Skowronski_POL,team,Łukasz Woszczyński / Paweł Baraszkiewicz / Marcin Grzybowski / Pawel Skowronski,POL
team_Gabriel_Talp__Florin_Mironcic__Loredan_Popa__Silviu_Simioncencu_ROU,team,Gabriel Talpă / Florin Mironcic / Loredan Popa / Silviu Simioncencu,ROU
athlete_Markus_Oscarsson_SWE,athlete,Markus Oscarsson,SWE
athlete_Tim_Brabants_GBR,athlete,Tim Brabants,GBR
athlete_Mykola_Kremer_UKR,athlete,Mykola Kremer,UKR
athlete_Marek_Twardowski_POL,athlete,Marek Twardowski,POL
team_Gábor_Kucsera__Zoltán_Kammerer_HUN,team,Gábor Kucsera / Zoltán Kammerer,HUN
team_Rupert_Wagner__Andreas_Ihle_DEU,team,Rupert Wagner / Andreas Ihle,DEU
team_Tomasz_Górski__Adam_Seroczyski_POL,team,Tomasz Górski / Adam Seroczyński,POL
team_Dragan_Zori__Ognjen_Filipovi_SRB,team,Dragan Zorić / Ognjen Filipović,SRB
team_Richard_Dessureault-Dober__Andrew_Willows_CAN,team,Richard Dessureault-Dober / Andrew Willows,CAN
team_Ákos_Vereckei__Roland_Kökény__Lajos_Gyökös__Gábor_Horváth_HUN,team,Ákos Vereckei / Roland Kökény / Lajos Gyökös / Gábor Horváth,HUN
team_Marek_Twardowski__Tomasz_Mendelski__Pawe_Baumann__Adam_Wysocki_POL,team,Marek Twardowski / Tomasz Mendelski / Paweł Baumann / Adam Wysocki,POL
team_Vadzim_Makhneu__Dziamyan_Turchyn__Aleksey_Abalmasov__Raman_Piatrushenka_BLR,team,Vadzim Makhneu / Dziamyan Turchyn / Aleksey Abalmasov / Raman Piatrushenka,BLR
team_Milan_enadi__Ognjen_Filipovi__Bora_Sibinki__Dragan_Zori_SRB,team,Milan Đenadić / Ognjen Filipović / Bora Sibinkić / Dragan Zorić,SRB
team_Viktor_Kadler__Gergely_Gyertyános__Balázs_Babella__István_Beé_HUN,team,Viktor Kadler / Gergely Gyertyános / Balázs Babella / István Beé,HUN
team_Sergey_Kosilov__Konstantin_Vishnyakov__Stephan_Shevchuk__Sergey_Khovanskiy_RUS,team,Sergey Kosilov / Konstantin Vishnyakov / Stephan Shevchuk / Sergey Khovanskiy,RUS
team_Richard_Riszdorfer__Michal_Riszdorfer__Róbert_Erban__Erik_Vlek_SVK,team,Richard Riszdorfer / Michal Riszdorfer / Róbert Erban / Erik Vlček,SVK
team_Attila_Csamangó__Gábor_Bozsik__Attila_Boros__Márton_Sik_HUN,team,Attila Csamangó / Gábor Bozsik / Attila Boros / Márton Sik,HUN
team_Adam_Wysocki__Pawe_Baumann__Przemysaw_Gawrych__Tomasz_Mendelski_POL,team,Adam Wysocki / Paweł Baumann / Przemysław Gawrych / Tomasz Mendelski,POL
athlete_Michaela_Mrzková_CZE,athlete,Michaela Mrůzková,CZE
athlete_pela_Ponomarenko_SVN,athlete,Špela Ponomarenko,SVN
athlete_Zhong_Hongyan_CHN,athlete,Zhong Hongyan,CHN
team_Zhu_Minyuan__Yang_Yali_CHN,team,Zhu Minyuan / Yang Yali,CHN
team_Hanna_Pushkova-Areshka__Natalya_Bandarenko_BLR,team,Hanna Pushkova-Areshka / Natalya Bandarenko,BLR
team_Katrin_Wagner-Augustin__Fanny_Fischer_DEU,team,Katrin Wagner-Augustin / Fanny Fischer,DEU
team_Jenni_Honkanen__Anne_Rikala_FIN,team,Jenni Honkanen / Anne Rikala,FIN
team_Jana_Blahová__Michaela_Mrzková_CZE,team,Jana Blahová / Michaela Mrůzková,CZE
team_Fanny_Fischer__Gesine_Ruge_DEU,team,Fanny Fischer / Gesine Ruge,DEU
team_Nataa_Jani__Alexandra_Keresztesi__Katalin_Kovács__Tímea_Paksy_HUN,team,Nataša Janić / Alexandra Keresztesi / Katalin Kovács / Tímea Paksy,HUN
team_Carolin_Leonhardt__Miriam_Frenken__Tanja_Schuck__Silke_Hörmann_DEU,team,Carolin Leonhardt / Miriam Frenken / Tanja Schuck / Silke Hörmann,DEU
team_Yu_Lamei__Wang_Feng__Zhang_Jinmei__He_Jing_CHN,team,Yu Lamei / Wang Feng / Zhang Jinmei / He Jing,CHN
team_Tímea_Paksy__Melinda_Patyi__Nataa_Jani__Katalin_Kovács_HUN,team,Tímea Paksy / Melinda Patyi / Nataša Janić / Katalin Kovács,HUN
team_Judith_Hörmann__Nicole_Reinhardt__Carolin_Leonhardt__Conny_Waßmuth_DEU,team,Judith Hörmann / Nicole Reinhardt / Carolin Leonhardt / Conny Waßmuth,DEU
team_Josefin_Nordlöw__Sofia_Paldanius__Karin_Johansson__Anna_Karlsson_SWE,team,Josefin Nordlöw / Sofia Paldanius / Karin Johansson / Anna Karlsson,SWE
team_Krisztina_Fazekas__Tímea_Paksy__Nataa_Jani__Katalin_Kovács_HUN,team,Krisztina Fazekas / Tímea Paksy / Nataša Janić / Katalin Kovács,HUN
team_Katrin_Wagner-Augustin__Carolin_Leonhardt__Conny_Waßmuth__Judith_Hörmann_DEU,team,Katrin Wagner-Augustin / Carolin Leonhardt / Conny Waßmuth / Judith Hörmann,DEU
team_Mariana_Ciobanu__Lidia_Talp__Florica_Vulpe__Alina_Platon_ROU,team,Mariana Ciobanu / Lidia Talpă / Florica Vulpeş / Alina Platon,ROU
athlete_Marián_Ostril_SVK,athlete,Marián Ostrčil,SVK
athlete_David_Cal_Figueroa_ESP,athlete,David Cal Figueroa,ESP
athlete_Evgeny_Shuklin_LTU,athlete,Evgeny Shuklin,LTU
athlete_Yang_Wenjun_CHN,athlete,Yang Wenjun,CHN
team_Wojciech_Tyszyski__Pawe_Baraszkiewicz_POL,team,Wojciech Tyszyński / Paweł Baraszkiewicz,POL
team_Tomas_Gadeikis__Raimundas_Labuckas_LTU,team,Tomas Gadeikis / Raimundas Labuckas,LTU
team_Iosif_Chiril__Andrei_Cuculici_ROU,team,Iosif Chirilă / Andrei Cuculici,ROU
team_Andrei_Cuculici__Loredan_Popa__Silviu_Simioncencu__Iosif_Chiril_ROU,team,Andrei Cuculici / Loredan Popa / Silviu Simioncencu / Iosif Chirilă,ROU
team_Erik_Leue__Stefan_Holtz__Thomas_Lück__Robert_Nuck_DEU,team,Erik Leue / Stefan Holtz / Thomas Lück / Robert Nuck,DEU
team_Márton_Metka__Róbert_Mike__Mátyás_Sáfrán__Gábor_Balázs_HUN,team,Márton Metka / Róbert Mike / Mátyás Sáfrán / Gábor Balázs,HUN
team_Péter_Balázs__Gábor_Horváth__Márton_Joób__Pál_Sarudi_HUN,team,Péter Balázs / Gábor Horváth / Márton Joób / Pál Sarudi,HUN
team_Evgeny_Dorokhin__Nikolay_Lipkin__Evgeny_Ignatov__Ivan_Shtyl_RUS,team,Evgeny Dorokhin / Nikolay Lipkin / Evgeny Ignatov / Ivan Shtyl,RUS
team_Dzmitry_Rabchanka__Dzmitry_Vaitsishkin__Kanstantsin_Shcharbak__Aliaksandr_Vauchetski_BLR,team,Dzmitry Rabchanka / Dzmitry Vaitsishkin / Kanstantsin Shcharbak / Aliaksandr Vauchetski,BLR
team_Robert_Nuck__Sebastian_Brendel__Thomas_Lück__Stefan_Holtz_DEU,team,Robert Nuck / Sebastian Brendel / Thomas Lück / Stefan Holtz,DEU
team_Loredan_Popa__Ciprian_Popa__Nicolae_Flocea__Florin_Mironcic_ROU,team,Loredan Popa / Ciprian Popa / Nicolae Flocea / Florin Mironcic,ROU
athlete_Jonas_Ems_DEU,athlete,Jonas Ems,DEU
athlete_Vytautas_Vaiikonis_LTU,athlete,Vytautas Vaičikonis,LTU
athlete_Gergely_Gyertyános_HUN,athlete,Gergely Gyertyános,HUN
team_Philippe_Colin__Cyrille_Carré_FRA,team,Philippe Colin / Cyrille Carré,FRA
team_Adam_Seroczyski__Mariusz_Kujawski_POL,team,Adam Seroczyński / Mariusz Kujawski,POL
team_Zoltán_Kammerer__Gábor_Kucsera_HUN,team,Zoltán Kammerer / Gábor Kucsera,HUN
team_Raman_Piatrushenka__Vadzim_Makhneu_BLR,team,Raman Piatrushenka / Vadzim Makhneu,BLR
team_Ognjen_Filipovi__Dragan_Zori_SRB,team,Ognjen Filipović / Dragan Zorić,SRB
team_Lutz_Altepost__Norman_Bröckl__Marco_Herszel__Björn_Goldschmidt_DEU,team,Lutz Altepost / Norman Bröckl / Marco Herszel / Björn Goldschmidt,DEU
team_Richard_Riszdorfer__Michal_Riszdorfer__Erik_Vlek__Juraj_Tarr_SVK,team,Richard Riszdorfer / Michal Riszdorfer / Erik Vlček / Juraj Tarr,SVK
team_Viktor_Kadler__István_Beé__Gergely_Boros__Balázs_Babella_HUN,team,Viktor Kadler / István Beé / Gergely Boros / Balázs Babella,HUN
team_Ognjen_Filipovi__Dragan_Zori__Bora_Sibinki__Milan_enadi_SRB,team,Ognjen Filipović / Dragan Zorić / Bora Sibinkić / Milan Đenadić,SRB
team_Stepan_Shevchuk__Anton_Vasilev__Konstantin_Vishnyakov__Sergey_Khovanskiy_RUS,team,Stepan Shevchuk / Anton Vasilev / Konstantin Vishnyakov / Sergey Khovanskiy,RUS
team_Stanislau_Strelchanka__Dzianis_Zhyhadla__Siarhei_Findziukevich__Ruslan_Bichan_BLR,team,Stanislau Strelchanka / Dzianis Zhyhadla / Siarhei Findziukevich / Ruslan Bichan,BLR
team_Márton_Sík__Attila_Boros__Attila_Csamangó__Gábor_Bozsik_HUN,team,Márton Sík / Attila Boros / Attila Csamangó / Gábor Bozsik,HUN
athlete_Friedericke_Leue_DEU,athlete,Friedericke Leue,DEU
athlete_Sofia_Paldanius_SWE,athlete,Sofia Paldanius,SWE
athlete_Nataa_Jani_HUN,athlete,Nataša Janić,HUN
athlete_Anne_Rikala_FIN,athlete,Anne Rikala,FIN
athlete_Spela_Ponomarenko_SVN,athlete,Spela Ponomarenko,SVN
team_Gesine_Ruge__Judith_Hörmann_DEU,team,Gesine Ruge / Judith Hörmann,DEU
team_Ewelina_Wojnarowska__Magorzata_Chojnacka_POL,team,Ewelina Wojnarowska / Małgorzata Chojnacka,POL
team_Danuta_Kozák__Gabriella_Szabó_HUN,team,Danuta Kozák / Gabriella Szabó,HUN
team_Fanny_Fischer__Nicole_Reinhardt_DEU,team,Fanny Fischer / Nicole Reinhardt,DEU
team_Ivana_Kmeová__Martina_Kohlová_SVK,team,Ivana Kmeťová / Martina Kohlová,SVK
team_Marta_Walczykiewicz__Dorota_Kuczkowska_POL,team,Marta Walczykiewicz / Dorota Kuczkowska,POL
team_Anne_Laure_Viard__Marie_Delattre_FRA,team,Anne Laure Viard / Marie Delattre,FRA
team_Tímea_Paksy__Krisztina_Fazekas__Alexandra_Keresztesi__Dalma_Benedek_HUN,team,Tímea Paksy / Krisztina Fazekas / Alexandra Keresztesi / Dalma Benedek,HUN
team_Wang_Feng__Yang_Yali__Yu_Lamei__He_Jing_canoeist_CHN,team,Wang Feng / Yang Yali / Yu Lamei / He Jing (canoeist),CHN
team_Gesine_Ruge__Friedericke_Leue__Marina_Schmuck__Judith_Hörmann_DEU,team,Gesine Ruge / Friedericke Leue / Marina Schmuck / Judith Hörmann,DEU
team_Carolin_Leonhardt__Conny_Waßmuth__Katrin_Wagner-Augustin__Maren_Knebel_DEU,team,Carolin Leonhardt / Conny Waßmuth / Katrin Wagner-Augustin / Maren Knebel,DEU
team_Tímea_Paksy__Katalin_Kovács__Krisztina_Fazekas__Melinda_Patyi_HUN,team,Tímea Paksy / Katalin Kovács / Krisztina Fazekas / Melinda Patyi,HUN
team_Miljana_Knezevic__Antonija_Panda__Renata_Kubik__Marta_Tibor_SRB,team,Miljana Knezevic / Antonija Panda / Renata Kubik / Marta Tibor,SRB
team_Tímea_Paksy__Katalin_Kovács__Krisztina_Fazekas__Dalma_Benedek_HUN,team,Tímea Paksy / Katalin Kovács / Krisztina Fazekas / Dalma Benedek,HUN
team_Monika_Borowicz__Aneta_Konieczna__Magorzata_Chojnacka__Ewelina_Wojnarowska_POL,team,Monika Borowicz / Aneta Konieczna / Małgorzata Chojnacka / Ewelina Wojnarowska,POL
athlete_Vadim_Menkov_UZB,athlete,Vadim Menkov,UZB
athlete_Mathieu_Goubel_FRA,athlete,Mathieu Goubel,FRA
athlete_Sebastian_Brendel_DEU,athlete,Sebastian Brendel,DEU
athlete_Valentyn_Demyanenko_AZE,athlete,Valentyn Demyanenko,AZE
team_Yevgeniy_Ignatov__Nikolay_Lipkin__Viktor_Melantyev__Ivan_Shtyl_RUS,team,Yevgeniy Ignatov / Nikolay Lipkin / Viktor Melantyev / Ivan Shtyl,RUS
team_Attila_Bozsik__László_Foltán__Gábor_Horváth__Attila_Vajda_HUN,team,Attila Bozsik / László Foltán / Gábor Horváth / Attila Vajda,HUN
team_Mathieu_Goubel__Thomas_Simart__William_Tchamba__Bertrand_Hémonic_FRA,team,Mathieu Goubel / Thomas Simart / William Tchamba / Bertrand Hémonic,FRA
athlete_Dzianis_Harazha_BLR,athlete,Dzianis Harazha,BLR
team_Erik_Leue__Tomasz_Wylenzek_DEU,team,Erik Leue / Tomasz Wylenzek,DEU
team_Sergey_Bezugliy__Maksim_Prokopenko_AZE,team,Sergey Bezugliy / Maksim Prokopenko,AZE
team_Nikolay_Lipkin__Viktor_Melantyev_RUS,team,Nikolay Lipkin / Viktor Melantyev,RUS
team_Yevgeniy_Ignatov__Ivan_Shtyl_RUS,team,Yevgeniy Ignatov / Ivan Shtyl,RUS
team_Dzianis_Harazha__Dzmitry_Rabchanka__Dzmitry_Vaitsishkin__Aliaksandr_Vauchetski_BLR,team,Dzianis Harazha / Dzmitry Rabchanka / Dzmitry Vaitsishkin / Aliaksandr Vauchetski,BLR
team_Chris_Wend__Thomas_Lück__Erik_Rebstock__Ronald_Verch_DEU,team,Chris Wend / Thomas Lück / Erik Rebstock / Ronald Verch,DEU
team_Ctlin_Costache__Silviu_Simioncencu__Iosif_Chiril__Andrei_Cuculici_ROU,team,Cătălin Costache / Silviu Simioncencu / Iosif Chirilă / Andrei Cuculici,ROU
team_Aliaksandr_Bahdanovich__Dzmitry_Rabchanka__Aliaksandr_Vauchetski__Andrei_Bahdanovich_BLR,team,Aliaksandr Bahdanovich / Dzmitry Rabchanka / Aliaksandr Vauchetski / Andrei Bahdanovich,BLR
team_Aleksandr_Kostoglod__Nikolay_Lipkin__Viktor_Melantyev__Sergey_Ulegin_RUS,team,Aleksandr Kostoglod / Nikolay Lipkin / Viktor Melantyev / Sergey Ulegin,RUS
team_Attila_Bozsik__László_Foltán__Gábor_Horváth__Gerg_Németh_HUN,team,Attila Bozsik / László Foltán / Gábor Horváth / Gergő Németh,HUN
athlete_Max_Hoff_DEU,athlete,Max Hoff,DEU
athlete_Anders_Gustafsson_SWE,athlete,Anders Gustafsson,SWE
athlete_Oleg_Kharytonov_UKR,athlete,Oleg Kharytonov,UKR
athlete_Artem_Kononuk_RUS,athlete,Artem Kononuk,RUS
team_Francisco_Llera__Saúl_Craviotto__Carlos_Pérez__Ekaitz_Saies_ESP,team,Francisco Llera / Saúl Craviotto / Carlos Pérez / Ekaitz Saies,ESP
team_Norman_Bröckl__Jonas_Ems__Torsten_Lubisch__Ronald_Rauhe_DEU,team,Norman Bröckl / Jonas Ems / Torsten Lubisch / Ronald Rauhe,DEU
team_Guillaume_Burger__Arnaud_Hybois__Sébastien_Jouve__Jean_Baptiste_Lutz_FRA,team,Guillaume Burger / Arnaud Hybois / Sébastien Jouve / Jean Baptiste Lutz,FRA
athlete_Ken_Wallace_AUS,athlete,Ken Wallace,AUS
team_Emilio_Merchán__Diego_Cosgaya_ESP,team,Emilio Merchán / Diego Cosgaya,ESP
team_David_Smith__Luke_Morrison_AUS,team,David Smith / Luke Morrison,AUS
team_Reiner_Torres__Carlos_Montalvo_CUB,team,Reiner Torres / Carlos Montalvo,CUB
team_Vadzim_Makhneu__Raman_Piatrushenka_BLR,team,Vadzim Makhneu / Raman Piatrushenka,BLR
team_Saúl_Craviotto__Carlos_Pérez_ESP,team,Saúl Craviotto / Carlos Pérez,ESP
team_Andrew_Willows__Richard_Dober_Jr_CAN,team,Andrew Willows / Richard Dober Jr.,CAN
team_Hendrik_Bertz__Marcus_Gross_DEU,team,Hendrik Bertz / Marcus Gross,DEU
team_Vadzim_Makhneu__Artur_Litvinchuk__Raman_Piatrushenka__Aliaksei_Abalmasau_BLR,team,Vadzim Makhneu / Artur Litvinchuk / Raman Piatrushenka / Aliaksei Abalmasau,BLR
team_Guillaume_Burger__Vincent_Lecrubier__Philippe_Colin__Sébastien_Jouve_FRA,team,Guillaume Burger / Vincent Lecrubier / Philippe Colin / Sébastien Jouve,FRA
team_Juraj_Tarr__Erik_Vlek__Richard_Riszdorfer__Michal_Riszdorfer_SVK,team,Juraj Tarr / Erik Vlček / Richard Riszdorfer / Michal Riszdorfer,SVK
team_Vadzim_Makhneu__Raman_Piatrushenka__Dziamyan_Turchyn__Taras_Valko_BLR,team,Vadzim Makhneu / Raman Piatrushenka / Dziamyan Turchyn / Taras Valko,BLR
team_Alexander_Dyachenko__Sergey_Khovanskiy__Stepan_Shevchuk__Roman_Zarubin_RUS,team,Alexander Dyachenko / Sergey Khovanskiy / Stepan Shevchuk / Roman Zarubin,RUS
athlete_Franziska_Weber_DEU,athlete,Franziska Weber,DEU
athlete_Bridgette_Hartley_RSA,athlete,Bridgette Hartley,RSA
athlete_Marta_Walczykiewicz_POL,athlete,Marta Walczykiewicz,POL
athlete_Anne_Laure_Viard_FRA,athlete,Anne Laure Viard,FRA
team_Fanny_Fischer__Nicole_Reinhardt__Katrin_Wagner-Augustin__Conny_Waßmuth_DEU,team,Fanny Fischer / Nicole Reinhardt / Katrin Wagner-Augustin / Conny Waßmuth,DEU
team_Zomilla_Hegyi__Krisztina_Fazekas__Nataa_Jani__Tímea_Paksy_HUN,team,Zomilla Hegyi / Krisztina Fazekas / Nataša Janić / Tímea Paksy,HUN
team_Kia_Byers__Émilie_Fournel__Genevieve_Orton__Karen_Furneaux_CAN,team,Kia Byers / Émilie Fournel / Genevieve Orton / Karen Furneaux,CAN
team_Magorzata_Chojnacka__Beata_Mikoajczyk_POL,team,Małgorzata Chojnacka / Beata Mikołajczyk,POL
team_Tina_Dietze__Carolin_Leonhardt_DEU,team,Tina Dietze / Carolin Leonhardt,DEU
team_Dalma_Benedek__Erika_Medveczky_HUN,team,Dalma Benedek / Erika Medveczky,HUN
team_Nataa_Jani__Katalin_Kovács_HUN,team,Nataša Janić / Katalin Kovács,HUN
team_Josefin_Nordlöw__Sofia_Paldanius_SWE,team,Josefin Nordlöw / Sofia Paldanius,SWE
team_Tina_Dietze__Carolin_Leonhardt__Katrin_Wagner-Augustin__Conny_Waßmuth_DEU,team,Tina Dietze / Carolin Leonhardt / Katrin Wagner-Augustin / Conny Waßmuth,DEU
team_Krisztina_Fazekas__Nataa_Jani__Katalin_Kovács__Tímea_Paksy_HUN,team,Krisztina Fazekas / Nataša Janić / Katalin Kovács / Tímea Paksy,HUN
team_Beatriz_Gomes__Helena_Rodrigues__Teresa_Portela__Joana_Sousa_PRT,team,Beatriz Gomes / Helena Rodrigues / Teresa Portela / Joana Sousa,PRT
team_Dalma_Benedek__Danuta_Kozák__Nataa_Jani__Katalin_Kovács_HUN,team,Dalma Benedek / Danuta Kozák / Nataša Janić / Katalin Kovács,HUN
team_Tina_Dietze__Carolin_Leonhardt__Katrin_Wagner-Augustin__Nicole_Reinhardt_DEU,team,Tina Dietze / Carolin Leonhardt / Katrin Wagner-Augustin / Nicole Reinhardt,DEU
team_Beatriz_Manchón__Maria_Teresa_Portela__Jana_Smidakova__Sonia_Molanes_ESP,team,Beatriz Manchón / Maria Teresa Portela / Jana Smidakova / Sonia Molanes,ESP
athlete_Ivan_Shtyl_RUS,athlete,Ivan Shtyl,RUS
athlete_Thomas_Simart_FRA,athlete,Thomas Simart,FRA
team_Ivan_Shtyl__Mikhail_Pavlov__Nikolay_Lipkin__Evgeny_Ignatov_RUS,team,Ivan Shtyl / Mikhail Pavlov / Nikolay Lipkin / Evgeny Ignatov,RUS
team_Oleksandr_Maksymchuk__Yuriy_Cheban__Stanislav_Shymansky__Vyacheslav_Tsekhosh_UKR,team,Oleksandr Maksymchuk / Yuriy Cheban / Stanislav Shymansky / Vyacheslav Tsekhosh,UKR
team_Adam_Ginter__Roman_Rynkiewicz__Mariusz_Kruk__Pawe_Baraszkiewicz_POL,team,Adam Ginter / Roman Rynkiewicz / Mariusz Kruk / Paweł Baraszkiewicz,POL
athlete_Dzianis_Harasha_BLR,athlete,Dzianis Harasha,BLR
athlete_Li_Qiang_CHN,athlete,Li Qiang,CHN
athlete_Ronald_Verch_DEU,athlete,Ronald Verch,DEU
athlete_José_Luis_Bouza_ESP,athlete,José Luis Bouza,ESP
athlete_Marian_Ostcril_SVK,athlete,Marian Ostcril,SVK
team_Alexandru_Dumitrescu__Victor_Mihalachi_ROU,team,Alexandru Dumitrescu / Victor Mihalachi,ROU
team_Andrei_Bahdanovich__Aliaksandr_Bahdanovich_BLR,team,Andrei Bahdanovich / Aliaksandr Bahdanovich,BLR
team_Márton_Tóth__Róbert_Mike_HUN,team,Márton Tóth / Róbert Mike,HUN
team_Raimundas_Labuckas__Tomas_Gadeikis_LTU,team,Raimundas Labuckas / Tomas Gadeikis,LTU
team_Pawe_Skowroski__Pawe_Baraszkiewicz_POL,team,Paweł Skowroński / Paweł Baraszkiewicz,POL
team_Sergiy_Bezugliy__Maksym_Prokopenko_AZE,team,Sergiy Bezugliy / Maksym Prokopenko,AZE
team_Pavel_Petrov__Alexander_Kostogold_RUS,team,Pavel Petrov / Alexander Kostogold,RUS
team_Dzmitry_Rabchanka__Dzmitry_Vaitsishkin__Dzianis_Harasha__Aliaksandr_Vauchetski_BLR,team,Dzmitry Rabchanka / Dzmitry Vaitsishkin / Dzianis Harasha / Aliaksandr Vauchetski,BLR
team_Gabriel_Gheoca__Nicolae_Bogdan__Mihail_Simon__Florin_Comnici_ROU,team,Gabriel Gheoca / Nicolae Bogdan / Mihail Simon / Florin Comănici,ROU
team_Chris_Wend__Tomasz_Wylenzek__Ronald_Verch__Erik_Rebstock_DEU,team,Chris Wend / Tomasz Wylenzek / Ronald Verch / Erik Rebstock,DEU
athlete_Aleh_Yurenia_BLR,athlete,Aleh Yurenia,BLR
athlete_Edward_McKeever_GBR,athlete,Edward McKeever,GBR
athlete_Piotr_Siemionowski_POL,athlete,Piotr Siemionowski,POL
team_Saúl_Craviotto__Francisco_Llera__Pablo_Andrés__Carlos_Pérez_ESP,team,Saúl Craviotto / Francisco Llera / Pablo Andrés / Carlos Pérez,ESP
team_Edward_McKeever__Jon_Schofield__Liam_Heath__Edward_Cox_GBR,team,Edward McKeever / Jon Schofield / Liam Heath / Edward Cox,GBR
team_Viktor_Zavolskiy__Alexander_Dyachenko__Yevgeny_Salakhov__Alexander_Nikolaev_RUS,team,Viktor Zavolskiy / Alexander Dyachenko / Yevgeny Salakhov / Alexander Nikolaev,RUS
athlete_Peter_Gelle_SVK,athlete,Peter Gelle,SVK
athlete_Maximilian_Benassi_ITA,athlete,Maximilian Benassi,ITA
team_Martin_Hollstein__Andreas_Ihle_DEU,team,Martin Hollstein / Andreas Ihle,DEU
team_Zoltán_Kammerer__Ákos_Vereckei_HUN,team,Zoltán Kammerer / Ákos Vereckei,HUN
team_Ilya_Medvedev__Anton_Ryakhov_RUS,team,Ilya Medvedev / Anton Ryakhov,RUS
team_Arnaud_Hybois__Sébastien_Jouve_FRA,team,Arnaud Hybois / Sébastien Jouve,FRA
team_Liam_Heath__Jon_Schofield_GBR,team,Liam Heath / Jon Schofield,GBR
team_Fernando_Pimenta__João_Ribeiro_PRT,team,Fernando Pimenta / João Ribeiro,PRT
team_Duko_Stanojevi__Dejan_Paji_SRB,team,Duško Stanojević / Dejan Pajić,SRB
team_Arnaud_Hybois__Étienne_Hubert__Sébastien_Jouve__Philippe_Colin_FRA,team,Arnaud Hybois / Étienne Hubert / Sébastien Jouve / Philippe Colin,FRA
team_Raman_Piatrushenka__Aliaksei_Abalmasau__Artur_Litvinchuk__Vadzim_Makhneu_BLR,team,Raman Piatrushenka / Aliaksei Abalmasau / Artur Litvinchuk / Vadzim Makhneu,BLR
team_Ondej_Horský__Jan_Souek__Daniel_Havel__Jan_trba_CZE,team,Ondřej Horský / Jan Souček / Daniel Havel / Jan Štěrba,CZE
athlete_Laurence_Vincent-Lapointe_CAN,athlete,Laurence Vincent-Lapointe,CAN
athlete_Li_Tiantian_CHN,athlete,Li Tiantian,CHN
athlete_Maria_Kazakova_RUS,athlete,Maria Kazakova,RUS
athlete_Inna_Osypenko_UKR,athlete,Inna Osypenko,UKR
athlete_Shinobu_Kitamoto_JPN,athlete,Shinobu Kitamoto,JPN
team_Nicole_Reinhardt__Conny_Waßmuth__Tina_Dietze__Katrin_Wagner-Augustin_DEU,team,Nicole Reinhardt / Conny Waßmuth / Tina Dietze / Katrin Wagner-Augustin,DEU
team_Nataa_Jani__Zomilla_Hegyi__Ninetta_Vad__Tímea_Paksy_HUN,team,Nataša Janić / Zomilla Hegyi / Ninetta Vad / Tímea Paksy,HUN
team_Natalia_Lobova__Anastasia_Sergeeva__Natalia_Proskurina__Anastasia_Panchenko_RUS,team,Natalia Lobova / Anastasia Sergeeva / Natalia Proskurina / Anastasia Panchenko,RUS
athlete_Rachel_Cawthorn_GBR,athlete,Rachel Cawthorn,GBR
athlete_Vivien_Folláth_HUN,athlete,Vivien Folláth,HUN
athlete_Maryna_Paltaran_BLR,athlete,Maryna Paltaran,BLR
team_Gabriella_Szabó__Tamara_Csipes_HUN,team,Gabriella Szabó / Tamara Csipes,HUN
team_Carolin_Leonhardt__Silke_Hörmann_DEU,team,Carolin Leonhardt / Silke Hörmann,DEU
team_Juliana_Salakhova__Anastasia_Sergeeva_RUS,team,Juliana Salakhova / Anastasia Sergeeva,RUS
team_Marta_Walczykiewicz__Ewelina_Wojnarowska_POL,team,Marta Walczykiewicz / Ewelina Wojnarowska,POL
team_Gabriella_Szabó__Danuta_Kozák_HUN,team,Gabriella Szabó / Danuta Kozák,HUN
team_Yvonne_Schuring__Viktoria_Schwarz_AUT,team,Yvonne Schuring / Viktoria Schwarz,AUT
team_Nataa_Jani__Tamara_Csipes__Katalin_Kovács__Dalma_Benedek_HUN,team,Nataša Janić / Tamara Csipes / Katalin Kovács / Dalma Benedek,HUN
team_Fanny_Fischer__Nicole_Reinhardt__Katrin_Wagner-Augustin__Tina_Dietze_DEU,team,Fanny Fischer / Nicole Reinhardt / Katrin Wagner-Augustin / Tina Dietze,DEU
team_Karolina_Naja__Aneta_Konieczna__Sandra_Pawelczak__Magdalena_Krukowska_POL,team,Karolina Naja / Aneta Konieczna / Sandra Pawelczak / Magdalena Krukowska,POL
athlete_Valentin_Demyanenko_AZE,athlete,Valentin Demyanenko,AZE
athlete_Alfonso_Benavides_ESP,athlete,Alfonso Benavides,ESP
team_Ivan_Shtyl__Evgeny_Ignatov__Alexey_Korovashkov__Viktor_Melantyev_RUS,team,Ivan Shtyl / Evgeny Ignatov / Alexey Korovashkov / Viktor Melantyev,RUS
team_Sergiy_Bezugliy__Maksim_Prokopenko__Valentin_Demyanenko__Andriy_Kraytor_AZE,team,Sergiy Bezugliy / Maksim Prokopenko / Valentin Demyanenko / Andriy Kraytor,AZE
team_Stefan_Holtz__Bjoern_Waeschke__Stefan_Kiraj__Sebastian_Brendel_DEU,team,Stefan Holtz / Bjoern Waeschke / Stefan Kiraj / Sebastian Brendel,DEU
athlete_Vladimir_Fedosenko_RUS,athlete,Vladimir Fedosenko,RUS
athlete_Oleksandr_Maksymchuk_UKR,athlete,Oleksandr Maksymchuk,UKR
athlete_Mykhaylo_Koshman_UKR,athlete,Mykhaylo Koshman,UKR
athlete_Luká_Koranda_CZE,athlete,Lukáš Koranda,CZE
team_Stefan_Holtz__Tomasz_Wylenzek_DEU,team,Stefan Holtz / Tomasz Wylenzek,DEU
team_Sergiy_Bezugliy__Maksim_Prokopenko_AZE,team,Sergiy Bezugliy / Maksim Prokopenko,AZE
team_Viktor_Melantyev__Nikolay_Lipkin_RUS,team,Viktor Melantyev / Nikolay Lipkin,RUS
team_Dzmitry_Rabchanka__Aliaksandr_Vauchetski_BLR,team,Dzmitry Rabchanka / Aliaksandr Vauchetski,BLR
team_Peter_Kretschmer__Kurt_Kuschela_DEU,team,Peter Kretschmer / Kurt Kuschela,DEU
team_Dzmitry_Rabchanka__Dzmitry_Vaitsishkin__Dzianis_Harazha__Aliaksandr_Vauchetski_BLR,team,Dzmitry Rabchanka / Dzmitry Vaitsishkin / Dzianis Harazha / Aliaksandr Vauchetski,BLR
team_Gabriel_Gheoca__Catalin_Costache__Florin_Comnici__Mihail_Simon_ROU,team,Gabriel Gheoca / Catalin Costache / Florin Comănici / Mihail Simon,ROU
team_Mátyás_Sáfrán__Mihály_Sáfrán__Henrik_Vasbányai__Szabolcs_Németh_HUN,team,Mátyás Sáfrán / Mihály Sáfrán / Henrik Vasbányai / Szabolcs Németh,HUN
athlete_Ed_McKeever_GBR,athlete,Ed McKeever,GBR
team_Saúl_Craviotto__Ekaitz_Saies__Carlos_Pérez__Pablo_Andrés_ESP,team,Saúl Craviotto / Ekaitz Saies / Carlos Pérez / Pablo Andrés,ESP
team_Viktor_Zavolskiy__Alexander_Dyachenko__Mikhail_Tamonov__Evgeny_Salakhov_RUS,team,Viktor Zavolskiy / Alexander Dyachenko / Mikhail Tamonov / Evgeny Salakhov,RUS
team_Casper_Nielsen__Jimmy_Bøjesen__Kasper_Bleibach__Lasse_Nielsen_DNK,team,Casper Nielsen / Jimmy Bøjesen / Kasper Bleibach / Lasse Nielsen,DNK
athlete_Pavel_Miadzvedzeu_BLR,athlete,Pavel Miadzvedzeu,BLR
athlete_Yury_Postrigay_RUS,athlete,Yury Postrigay,RUS
team_Peter_Gelle__Erik_Vlek_SVK,team,Peter Gelle / Erik Vlček,SVK
team_Vititaly_Yurchenko__Vasily_Pogreban_RUS,team,Vititaly Yurchenko / Vasily Pogreban,RUS
team_Jon_Schofield__Liam_Heath_GBR,team,Jon Schofield / Liam Heath,GBR
team_Dávid_Tóth__Tamás_Kulifai_HUN,team,Dávid Tóth / Tamás Kulifai,HUN
team_Riardas_Nekrioius__Andrej_Olijnik_LTU,team,Ričardas Nekriošius / Andrej Olijnik,LTU
team_Denis_Ambroziak__Dawid_Putto_POL,team,Denis Ambroziak / Dawid Putto,POL
team_Norman_Bröckl__Robert_Gleinert__Max_Hoff__Paul_Mittelstedt_DEU,team,Norman Bröckl / Robert Gleinert / Max Hoff / Paul Mittelstedt,DEU
team_Jacob_Clear__Murray_Stewart__David_Smith__Tate_Smith_AUS,team,Jacob Clear / Murray Stewart / David Smith / Tate Smith,AUS
team_Ilya_Medvedev__Anton_Vasilev__Anton_Ryakhov__Oleg_Zhestkov_RUS,team,Ilya Medvedev / Anton Vasilev / Anton Ryakhov / Oleg Zhestkov,RUS
athlete_Staniliya_Stamenova_BGR,athlete,Staniliya Stamenova,BGR
team_Laurence_Vincent-Lapointe__Mallorie_Nicholson_CAN,team,Laurence Vincent-Lapointe / Mallorie Nicholson,CAN
team_Anastasia_Ganina__Natalia_Marasanova_RUS,team,Anastasia Ganina / Natalia Marasanova,RUS
team_Kincs_Takács__Gyöngyvér_Baravics_HUN,team,Kincső Takács / Gyöngyvér Baravics,HUN
athlete_Tamara_Csipes_HUN,athlete,Tamara Csipes,HUN
athlete_Krisztina_Fazekas_Zur_USA,athlete,Krisztina Fazekas Zur,USA
athlete_Naomi_Flood_AUS,athlete,Naomi Flood,AUS
athlete_Lisa_Carrington_NZL,athlete,Lisa Carrington,NZL
athlete_Inna_Osypenko-Radomska_UKR,athlete,Inna Osypenko-Radomska,UKR
team_Nicole_Reinhardt__Conny_Wassmuth__Tina_Dietze__Carolin_Leonhardt_DEU,team,Nicole Reinhardt / Conny Wassmuth / Tina Dietze / Carolin Leonhardt,DEU
team_Natalia_Lobova__Anastasiya_Sergeeva__Natalia_Proskurina__Svetlana_Kudinova_RUS,team,Natalia Lobova / Anastasiya Sergeeva / Natalia Proskurina / Svetlana Kudinova,RUS
team_Marta_Walczykiewicz__Karolina_Naja__Aneta_Konieczna__Ewelina_Wojnarowska_POL,team,Marta Walczykiewicz / Karolina Naja / Aneta Konieczna / Ewelina Wojnarowska,POL
athlete_Danuta_Kozák_HUN,athlete,Danuta Kozák,HUN
athlete_Lani_Belcher_GBR,athlete,Lani Belcher,GBR
team_Anne_Knorr__Debora_Niche_DEU,team,Anne Knorr / Debora Niche,DEU
team_Berenike_Faldum__Daniela_Nedeva_BGR,team,Berenike Faldum / Daniela Nedeva,BGR
team_Alíz_Sarudi__Erika_Medveczky_HUN,team,Alíz Sarudi / Erika Medveczky,HUN
team_Katalin_Kovács__Danuta_Kozák_HUN,team,Katalin Kovács / Danuta Kozák,HUN
team_Karolina_Naja__Magdalena_Krukowska_POL,team,Karolina Naja / Magdalena Krukowska,POL
team_Joanne_Brigden-Jones__Hannah_Davis_AUS,team,Joanne Brigden-Jones / Hannah Davis,AUS
team_Franziska_Weber__Tina_Dietze_DEU,team,Franziska Weber / Tina Dietze,DEU
team_Beata_Mikoajczyk__Aneta_Konieczna_POL,team,Beata Mikołajczyk / Aneta Konieczna,POL
team_Gabriella_Szabó__Danuta_Kozák__Katalin_Kovács__Dalma_Benedek_HUN,team,Gabriella Szabó / Danuta Kozák / Katalin Kovács / Dalma Benedek,HUN
team_Carolin_Leonhardt__Silke_Hörmann__Franziska_Weber__Tina_Dietze_DEU,team,Carolin Leonhardt / Silke Hörmann / Franziska Weber / Tina Dietze,DEU
team_Iryna_Pamialova__Nadzeya_Papok__Volha_Khudzenka__Maryna_Paltaran_BLR,team,Iryna Pamialova / Nadzeya Papok / Volha Khudzenka / Maryna Paltaran,BLR
athlete_Isaquias_Queiroz_BRA,athlete,Isaquias Queiroz,BRA
team_Andrey_Kraitor__Viktor_Melantev__Andrey_Ganin__Ivan_Shtyl_RUS,team,Andrey Kraitor / Viktor Melantev / Andrey Ganin / Ivan Shtyl,RUS
team_Robert_Nuck__Stefan_Holtz__Stefan_Kiraj__Sebastian_Brendel_DEU,team,Robert Nuck / Stefan Holtz / Stefan Kiraj / Sebastian Brendel,DEU
team_Jason_McCoombs__Mark_Oldershaw__Gabriel_Beauchesne-Sévigny__Benjamin_Russel_CAN,team,Jason McCoombs / Mark Oldershaw / Gabriel Beauchesne-Sévigny / Benjamin Russel,CAN
athlete_Erik_Leue_DEU,athlete,Erik Leue,DEU
athlete_Mark_Oldershaw_CAN,athlete,Mark Oldershaw,CAN
team_Henrik_Vasbányai__Róbert_Mike_HUN,team,Henrik Vasbányai / Róbert Mike,HUN
team_Viktor_Melantyev__Ilya_Pervukhin_RUS,team,Viktor Melantyev / Ilya Pervukhin,RUS
team_Jaroslav_Rado__Filip_Dvoák_CZE,team,Jaroslav Radoň / Filip Dvořák,CZE
team_Robert_Nuck__Stefan_Holtz_DEU,team,Robert Nuck / Stefan Holtz,DEU
team_Alexander_Kovalenko__Nikolay_Lipkin_RUS,team,Alexander Kovalenko / Nikolay Lipkin,RUS
team_Dzmitry_Rabchanka__Aleksandr_Vauchetskiy_BLR,team,Dzmitry Rabchanka / Aleksandr Vauchetskiy,BLR
team_Viktor_Melantyev__Ivan_Shtyl_RUS,team,Viktor Melantyev / Ivan Shtyl,RUS
team_Kurt_Kuschela__Erik_Leue__Erik_Rebstock__Peter_Kretschmer_DEU,team,Kurt Kuschela / Erik Leue / Erik Rebstock / Peter Kretschmer,DEU
team_Dzmitry_Rabchanka__Dzmitry_Vaitsishkin__Dzianis_Harazha__Aleksandr_Vauchetskiy_BLR,team,Dzmitry Rabchanka / Dzmitry Vaitsishkin / Dzianis Harazha / Aleksandr Vauchetskiy,BLR
team_Dávid_Korisánszky__Péter_Korisánszky__András_Vass__Dávid_Varga_HUN,team,Dávid Korisánszky / Péter Korisánszky / András Vass / Dávid Varga,HUN
athlete_Bence_Dombvári_HUN,athlete,Bence Dombvári,HUN
athlete_Petter_Öström_SWE,athlete,Petter Öström,SWE
athlete_Mark_de_Jonge_CAN,athlete,Mark de Jonge,CAN
athlete_Saúl_Craviotto_ESP,athlete,Saúl Craviotto,ESP
team_Piotr_Siemionowski__Denis_Amroziak__Sebastian_Szypula__Dawid_Putto_POL,team,Piotr Siemionowski / Denis Amroziak / Sebastian Szypula / Dawid Putto,POL
team_Yury_Postrigay__Maxim_Molochkov__Oleg_Kharitonov__Alexander_Dyachenko_RUS,team,Yury Postrigay / Maxim Molochkov / Oleg Kharitonov / Alexander Dyachenko,RUS
team_Miklós_Dudás__Sándor_Tótka__Péter_Molnár__Dávid_Hérics_HUN,team,Miklós Dudás / Sándor Tótka / Péter Molnár / Dávid Hérics,HUN
athlete_Tom_Liebscher_DEU,athlete,Tom Liebscher,DEU
athlete_René_Holten_Poulsen_DNK,athlete,René Holten Poulsen,DNK
athlete_Arnaud_Hybois_FRA,athlete,Arnaud Hybois,FRA
athlete_Daniel_Dal_Bo_ARG,athlete,Daniel Dal Bo,ARG
athlete_Edward_Rutherford_GBR,athlete,Edward Rutherford,GBR
team_Max_Rendschmidt__Marcus_Gross_DEU,team,Max Rendschmidt / Marcus Gross,DEU
team_Pavel_Miadzvedzeu__Aleh_Yurenia_BLR,team,Pavel Miadzvedzeu / Aleh Yurenia,BLR
team_Rudolf_Dombi__Roland_Kökény_HUN,team,Rudolf Dombi / Roland Kökény,HUN
team_Yury_Postrigay__Alexander_Dyachenko_RUS,team,Yury Postrigay / Alexander Dyachenko,RUS
team_Ronald_Rauhe__Jonas_Ems_DEU,team,Ronald Rauhe / Jonas Ems,DEU
team_Emanuel_Silva__João_Ribeiro_PRT,team,Emanuel Silva / João Ribeiro,PRT
team_Sébastien_Jouve__Maxime_Beaumont_FRA,team,Sébastien Jouve / Maxime Beaumont,FRA
team_Vitaly_Yurchenko__Vasily_Pogreban__Anton_Vasilev__Oleg_Zhestkov_RUS,team,Vitaly Yurchenko / Vasily Pogreban / Anton Vasilev / Oleg Zhestkov,RUS
team_Daniel_Havel__Luká_Trefil__Josef_Dostál__Jan_trba_CZE,team,Daniel Havel / Lukáš Trefil / Josef Dostál / Jan Štěrba,CZE
team_Tate_Smith__David_Smith__Murray_Stewart__Jacob_Clear_AUS,team,Tate Smith / David Smith / Murray Stewart / Jacob Clear,AUS
athlete_Zsanett_Lakatos_HUN,athlete,Zsanett Lakatos,HUN
team_Laurence_Vincent-Lapointe__Sara-Jane_Caumartin_CAN,team,Laurence Vincent-Lapointe / Sara-Jane Caumartin,CAN
team_Zsanett_Lakatos__Kincs_Takács_HUN,team,Zsanett Lakatos / Kincső Takács,HUN
team_Nancy_Millan__María_Mailliard_CHL,team,Nancy Millan / María Mailliard,CHL
athlete_Erika_Medveczky_HUN,athlete,Erika Medveczky,HUN
athlete_Verena_Hantl_DEU,athlete,Verena Hantl,DEU
athlete_Edyta_Dzieniszewska_POL,athlete,Edyta Dzieniszewska,POL
athlete_pela_Ponomarenko_Jani_SVN,athlete,Špela Ponomarenko Janić,SVN
team_Natasa_Dusev-Janics__Ninetta_Vad__Krisztina_Fazekas_Zur__Danuta_Kozák_HUN,team,Natasa Dusev-Janics / Ninetta Vad / Krisztina Fazekas Zur / Danuta Kozák,HUN
team_Karolina_Naja__Edyta_Dzieniszewska__Ewelina_Wojnarowska__Marta_Walczykiewicz_POL,team,Karolina Naja / Edyta Dzieniszewska / Ewelina Wojnarowska / Marta Walczykiewicz,POL
team_Natalia_Podolskaya__Elena_Polyakova__Natalia_Lobova__Natalia_Proskurina_RUS,team,Natalia Podolskaya / Elena Polyakova / Natalia Lobova / Natalia Proskurina,RUS
athlete_Teneale_Hatton_NZL,athlete,Teneale Hatton,NZL
athlete_Renáta_Csay_HUN,athlete,Renáta Csay,HUN
team_Gabriella_Szabó__Krisztina_Fazekas_Zur_HUN,team,Gabriella Szabó / Krisztina Fazekas Zur,HUN
team_Carolin_Leonhardt__Conny_Waßmuth_DEU,team,Carolin Leonhardt / Conny Waßmuth,DEU
team_Irina_Lauric__Bianca_Plesca_ROU,team,Irina Lauric / Bianca Plesca,ROU
team_Karolina_Naja__Beata_Mikoajczyk_POL,team,Karolina Naja / Beata Mikołajczyk,POL
team_Nikolina_Moldovan__Olivera_Moldovan_SRB,team,Nikolina Moldovan / Olivera Moldovan,SRB
team_Katalin_Kovács__Natasa_Dusev-Janics_HUN,team,Katalin Kovács / Natasa Dusev-Janics,HUN
team_Gabriella_Szabó__Danuta_Kozák__Krisztina_Fazekas_Zur__Ninetta_Vad_HUN,team,Gabriella Szabó / Danuta Kozák / Krisztina Fazekas Zur / Ninetta Vad,HUN
team_Franziska_Weber__Tina_Dietze__Katrin_Wagner-Augustin__Verena_Hantl_DEU,team,Franziska Weber / Tina Dietze / Katrin Wagner-Augustin / Verena Hantl,DEU
team_Marharyta_Tsishkevich__Nadzeya_Papok__Volha_Khudzenka__Maryna_Litvinchuk_BLR,team,Marharyta Tsishkevich / Nadzeya Papok / Volha Khudzenka / Maryna Litvinchuk,BLR
athlete_Martin_Fuksa_CZE,athlete,Martin Fuksa,CZE
athlete_Alexey_Korovashkov_RUS,athlete,Alexey Korovashkov,RUS
athlete_Jevgenij_Shuklin_LTU,athlete,Jevgenij Shuklin,LTU
team_Alexey_Korovashkov__Andrey_Kraitor__Nikolay_Lipkin__Ivan_Shtyl_RUS,team,Alexey Korovashkov / Andrey Kraitor / Nikolay Lipkin / Ivan Shtyl,RUS
team_Yuriy_Cheban__Vitalii_Goliuk__Oleksandr_Maksymchuk__Vadym_Tsipan_UKR,team,Yuriy Cheban / Vitalii Goliuk / Oleksandr Maksymchuk / Vadym Tsipan,UKR
team_Jonatán_Hajdu__Dávid_Korisánszky__Ádám_Lantos__Péter_Nagy_HUN,team,Jonatán Hajdu / Dávid Korisánszky / Ádám Lantos / Péter Nagy,HUN
athlete_Pavel_Petrov_RUS,athlete,Pavel Petrov,RUS
team_Yul_Oeltze__Ronald_Verch_DEU,team,Yul Oeltze / Ronald Verch,DEU
team_Alexey_Korovashkov__Ivan_Shtyl_RUS,team,Alexey Korovashkov / Ivan Shtyl,RUS
team_Isaquias_Queiroz__Erlon_Silva_BRA,team,Isaquias Queiroz / Erlon Silva,BRA
team_Rolexis_Baez__Serguey_Torres_CUB,team,Rolexis Baez / Serguey Torres,CUB
team_Rasul_Ishmukhamedov__Viktor_Melantyev__Ilya_Pervukhin__Kirill_Shamshurin_RUS,team,Rasul Ishmukhamedov / Viktor Melantyev / Ilya Pervukhin / Kirill Shamshurin,RUS
team_Dzianis_Harazha__Dzmitry_Rabchanka__Dzmitry_Vaitsishkin__Aleksandr_Vauchetskiy_BLR,team,Dzianis Harazha / Dzmitry Rabchanka / Dzmitry Vaitsishkin / Aleksandr Vauchetskiy,BLR
team_Tamás_Kiss__Pál_Sarudi__Dávid_Varga__András_Vass_HUN,team,Tamás Kiss / Pál Sarudi / Dávid Varga / András Vass,HUN
athlete_Josef_Dostál_CZE,athlete,Josef Dostál,CZE
athlete_Miroslav_Kirchev_BGR,athlete,Miroslav Kirchev,BGR
athlete_Petter_Menning_SWE,athlete,Petter Menning,SWE
team_Miklós_Dudás__Dávid_Hérics__Bence_Nádas__Sándor_Tótka_HUN,team,Miklós Dudás / Dávid Hérics / Bence Nádas / Sándor Tótka,HUN
team_Maxime_Beaumont__Étienne_Hubert__Arnaud_Hybois__Sébastien_Jouve_FRA,team,Maxime Beaumont / Étienne Hubert / Arnaud Hybois / Sébastien Jouve,FRA
team_Liam_Heath__Ed_McKeever__Kristian_Reeves__Jon_Schofield_GBR,team,Liam Heath / Ed McKeever / Kristian Reeves / Jon Schofield,GBR
athlete_Marcus_Walz_ESP,athlete,Marcus Walz,ESP
athlete_Cyrille_Carré_FRA,athlete,Cyrille Carré,FRA
team_Erik_Vlek__Juraj_Tarr_SVK,team,Erik Vlček / Juraj Tarr,SVK
team_Ken_Wallace__Lachlan_Tame_AUS,team,Ken Wallace / Lachlan Tame,AUS
team_Marko_Tomievi__Vladimir_Torubarov_SRB,team,Marko Tomićević / Vladimir Torubarov,SRB
team_Neboja_Gruji__Marko_Novakovi_SRB,team,Nebojša Grujić / Marko Novaković,SRB
team_Tom_Liebscher__Ronald_Rauhe_DEU,team,Tom Liebscher / Ronald Rauhe,DEU
team_Maxime_Beaumont__Sébastien_Jouve_FRA,team,Maxime Beaumont / Sébastien Jouve,FRA
team_Rudolf_Dombi__Gergely_Boros_HUN,team,Rudolf Dombi / Gergely Boros,HUN
team_Fernando_Pimenta__João_Ribeiro__Emanuel_Silva__David_Fernandes_PRT,team,Fernando Pimenta / João Ribeiro / Emanuel Silva / David Fernandes,PRT
team_Zoltán_Kammerer__Dávid_Tóth__Tamás_Kulifai__Dániel_Pauman_HUN,team,Zoltán Kammerer / Dávid Tóth / Tamás Kulifai / Dániel Pauman,HUN
athlete_Laurence_Vincent_Lapointe_CAN,athlete,Laurence Vincent Lapointe,CAN
athlete_Valdenice_Conceição_BRA,athlete,Valdenice Conceição,BRA
team_Daryna_Kastsiuchenka__Kamila_Bobr_BLR,team,Daryna Kastsiuchenka / Kamila Bobr,BLR
team_Natalia_Marasanova__Olesia_Romasenko_RUS,team,Natalia Marasanova / Olesia Romasenko,RUS
athlete_Dalma_Ruii-Benedek_SRB,athlete,Dalma Ružičić-Benedek,SRB
athlete_Nikolina_Moldovan_SRB,athlete,Nikolina Moldovan,SRB
team_Edyta_Dzieniszewska__Karolina_Naja__Marta_Walczykiewicz__Ewelina_Wojnarowska_POL,team,Edyta Dzieniszewska / Karolina Naja / Marta Walczykiewicz / Ewelina Wojnarowska,POL
team_Natalia_Lobova__Anastasia_Panchenko__Natalia_Podolskaya__Elena_Terekhova_RUS,team,Natalia Lobova / Anastasia Panchenko / Natalia Podolskaya / Elena Terekhova,RUS
team_Maryna_Pautaran__Volha_Khudzenka__Marharyta_Tsishkevich__Sofiya_Yurchanka_BLR,team,Maryna Pautaran / Volha Khudzenka / Marharyta Tsishkevich / Sofiya Yurchanka,BLR
athlete_Bridgitte_Hartley_RSA,athlete,Bridgitte Hartley,RSA
athlete_Louisa_Sawers_GBR,athlete,Louisa Sawers,GBR
athlete_Maryna_Pautaran_BLR,athlete,Maryna Pautaran,BLR
team_Henriette_Engel_Hansen__Emma_Jørgensen_DNK,team,Henriette Engel Hansen / Emma Jørgensen,DNK
team_Aleksandra_Grishina__Sofiya_Yurchanka_BLR,team,Aleksandra Grishina / Sofiya Yurchanka,BLR
team_Erika_Medveczky__Alíz_Sarudi_HUN,team,Erika Medveczky / Alíz Sarudi,HUN
team_Anna_Kárász__Ninetta_Vad_HUN,team,Anna Kárász / Ninetta Vad,HUN
team_Marharyta_Tsishkevich__Maryna_Litvinchuk_BLR,team,Marharyta Tsishkevich / Maryna Litvinchuk,BLR
team_Anna_Kárász__Danuta_Kozák__Gabriella_Szabó__Ninetta_Vad_HUN,team,Anna Kárász / Danuta Kozák / Gabriella Szabó / Ninetta Vad,HUN
team_Edyta_Dzieniszewska__Beata_Mikoajczyk__Karolina_Naja__Marta_Walczykiewicz_POL,team,Edyta Dzieniszewska / Beata Mikołajczyk / Karolina Naja / Marta Walczykiewicz,POL
team_Volha_Khudzenka__Nadzeya_Papok__Maryna_Pautaran__Marharyta_Tsishkevich_BLR,team,Volha Khudzenka / Nadzeya Papok / Maryna Pautaran / Marharyta Tsishkevich,BLR
athlete_Serghei_Tarnovschi_MDA,athlete,Serghei Tarnovschi,MDA
athlete_Artsem_Kozyr_BLR,athlete,Artsem Kozyr,BLR
athlete_Oleg_Tarnovschi_MDA,athlete,Oleg Tarnovschi,MDA
athlete_Maksim_Piatrou_BLR,athlete,Maksim Piatrou,BLR
athlete_Manuel_Antonio_Campos_ESP,athlete,Manuel Antonio Campos,ESP
athlete_Mateusz_Kamiski_POL,athlete,Mateusz Kamiński,POL
team_Erlon_Silva__Isaquias_Queiroz_BRA,team,Erlon Silva / Isaquias Queiroz,BRA
team_Piotr_Kuleta__Marcin_Grzybowski_POL,team,Piotr Kuleta / Marcin Grzybowski,POL
team_Hleb_Saladhuka__Dzianis_Makhlai_BLR,team,Hleb Saladhuka / Dzianis Makhlai,BLR
team_Pavel_Petrov__Mikhail_Pavlov_RUS,team,Pavel Petrov / Mikhail Pavlov,RUS
team_Wiktor_Gazunow__Vincent_Somiski_POL,team,Wiktor Głazunow / Vincent Słomiński,POL
team_Dmytro_Ianchuk__Taras_Mishchuk_UKR,team,Dmytro Ianchuk / Taras Mishchuk,UKR
team_Leonid_Carp__Petre_Condrat__Josif_Chiril__Stefan_Strat_ROU,team,Leonid Carp / Petre Condrat / Josif Chirilă / Stefan Strat,ROU
team_Denys_Kovalenko__Denys_Kamerylov__Vitaliy_Vergeles__Eduard_Shemetylo_UKR,team,Denys Kovalenko / Denys Kamerylov / Vitaliy Vergeles / Eduard Shemetylo,UKR
team_Pál_Sarudi__Tamás_Kiss__András_Vass__Dávid_Varga_HUN,team,Pál Sarudi / Tamás Kiss / András Vass / Dávid Varga,HUN
athlete_Fernando_Pimenta_PRT,athlete,Fernando Pimenta,PRT
athlete_Maxime_Beaumont_FRA,athlete,Maxime Beaumont,FRA
athlete_Roman_Anoshkin_RUS,athlete,Roman Anoshkin,RUS
team_Marko_Tomievi__Milenko_Zori_SRB,team,Marko Tomićević / Milenko Zorić,SRB
team_Sándor_Tótka__Péter_Molnár_HUN,team,Sándor Tótka / Péter Molnár,HUN
team_Sebastien_Jouve__Maxime_Beaumont_FRA,team,Sebastien Jouve / Maxime Beaumont,FRA
team_Marcus_Walz__Diego_Cosgaya_ESP,team,Marcus Walz / Diego Cosgaya,ESP
team_Dávid_Hérics__Tamás_Somorácz_HUN,team,Dávid Hérics / Tamás Somorácz,HUN
team_Denis_Myák__Erik_Vlek__Juraj_Tarr__Tibor_Linka_SVK,team,Denis Myšák / Erik Vlček / Juraj Tarr / Tibor Linka,SVK
athlete_Kincs_Takács_HUN,athlete,Kincső Takács,HUN
athlete_Kamila_Bobr_BLR,athlete,Kamila Bobr,BLR
team_Maria_Kazakova__Olesia_Romasenko_RUS,team,Maria Kazakova / Olesia Romasenko,RUS
team_Kincsö_Takács__Zsanett_Lakatos_HUN,team,Kincsö Takács / Zsanett Lakatos,HUN
athlete_Kristina_Bede_SRB,athlete,Kristina Bedeč,SRB
athlete_Margaret_Hogan_USA,athlete,Margaret Hogan,USA
athlete_Anna_Kárász_HUN,athlete,Anna Kárász,HUN
athlete_Zhou_Yu_CHN,athlete,Zhou Yu,CHN
athlete_Maryna_Litvinchuk_BLR,athlete,Maryna Litvinchuk,BLR
athlete_Émilie_Fournel_CAN,athlete,Émilie Fournel,CAN
team_Sabrina_Hering__Steffi_Kriegerstein_DEU,team,Sabrina Hering / Steffi Kriegerstein,DEU
team_Sofiya_Yurchanka__Aleksandra_Grishina_BLR,team,Sofiya Yurchanka / Aleksandra Grishina,BLR
team_Alíz_Sarudi__Dóra_Bodonyi_HUN,team,Alíz Sarudi / Dóra Bodonyi,HUN
team_Luca_Homonnai__Natasa_Dusev-Janics_HUN,team,Luca Homonnai / Natasa Dusev-Janics,HUN
team_Milica_Starovi__Dalma_Ruii-Benedek_SRB,team,Milica Starović / Dalma Ružičić-Benedek,SRB
team_Marharyta_Tsishkevich__Nadzeya_Liapeshka__Volha_Khudzenka__Maryna_Litvinchuk_BLR,team,Marharyta Tsishkevich / Nadzeya Liapeshka / Volha Khudzenka / Maryna Litvinchuk,BLR
team_Gabriella_Szabó__Danuta_Kozák__Krisztina_Fazekas_Zur__Anna_Kárász_HUN,team,Gabriella Szabó / Danuta Kozák / Krisztina Fazekas Zur / Anna Kárász,HUN
team_Franziska_Weber__Conny_Waßmuth__Verena_Hantl__Tina_Dietze_DEU,team,Franziska Weber / Conny Waßmuth / Verena Hantl / Tina Dietze,DEU
athlete_Zaza_Nadiradze_GEO,athlete,Zaza Nadiradze,GEO
athlete_Adel_Mojallali_IRN,athlete,Adel Mojallali,IRN
athlete_Carlo_Tacchini_ITA,athlete,Carlo Tacchini,ITA
athlete_Serguey_Torres_CUB,athlete,Serguey Torres,CUB
team_Peter_Kretschmer__Yul_Oeltze_DEU,team,Peter Kretschmer / Yul Oeltze,DEU
team_Serguey_Torres__Fernando_Enriquez_CUB,team,Serguey Torres / Fernando Enriquez,CUB
team_Viktor_Melantyev__Vladislav_Chebotar_RUS,team,Viktor Melantyev / Vladislav Chebotar,RUS
team_Ivan_Shtyl__Alexander_Kovalenko_RUS,team,Ivan Shtyl / Alexander Kovalenko,RUS
team_Micha_ubniewski__Arsen_liwiski_POL,team,Michał Łubniewski / Arsen Śliwiński,POL
team_Ádám_Fekete__Jonatán_Hajdu_HUN,team,Ádám Fekete / Jonatán Hajdu,HUN
team_Ivan_Shtyl__Viktor_Melantyev_RUS,team,Ivan Shtyl / Viktor Melantyev,RUS
team_Victor_Mihalachi__Leonid_Carp_ROU,team,Victor Mihalachi / Leonid Carp,ROU
team_Sergiu_Craciun__Nicolae_Craciun_ITA,team,Sergiu Craciun / Nicolae Craciun,ITA
team_Sebastian_Brendel__Stefan_Kiraj__Jan_Vandrey__Conrad_Scheibner_DEU,team,Sebastian Brendel / Stefan Kiraj / Jan Vandrey / Conrad Scheibner,DEU
team_Piotr_Kuleta__Marcin_Grzybowski__Tomasz_Barniak__Wiktor_Gazunow_POL,team,Piotr Kuleta / Marcin Grzybowski / Tomasz Barniak / Wiktor Głazunow,POL
team_Denys_Kamerylov__Vitaliy_Vergeles__Eduard_Shemetylo__Denys_Kovalenko_UKR,team,Denys Kamerylov / Vitaliy Vergeles / Eduard Shemetylo / Denys Kovalenko,UKR
athlete_Liam_Heath_GBR,athlete,Liam Heath,GBR
athlete_Aleksejs_Rumjancevs_LVA,athlete,Aleksejs Rumjancevs,LVA
athlete_Evgenii_Lukantsov_RUS,athlete,Evgenii Lukantsov,RUS
athlete_Oleh_Kukharyk_UKR,athlete,Oleh Kukharyk,UKR
team_Milenko_Zori__Marko_Tomievi_SRB,team,Milenko Zorić / Marko Tomićević,SRB
team_Peter_Gelle__Adam_Botek_SVK,team,Peter Gelle / Adam Botek,SVK
team_Daniel_Havel__Jakub_picar_CZE,team,Daniel Havel / Jakub Špicar,CZE
team_Balázs_Birkás__Márk_Balaska_HUN,team,Balázs Birkás / Márk Balaska,HUN
team_Cristian_Toro__Carlos_Garrote_ESP,team,Cristian Toro / Carlos Garrote,ESP
team_Marko_Novakovi__Neboja_Gruji_SRB,team,Marko Novaković / Nebojša Grujić,SRB
team_Rodrigo_Germade__Marcus_Walz_ESP,team,Rodrigo Germade / Marcus Walz,ESP
team_Bence_Nádas__Sándor_Tótka_HUN,team,Bence Nádas / Sándor Tótka,HUN
team_Raman_Piatrushenka__Vitaliy_Bialko_BLR,team,Raman Piatrushenka / Vitaliy Bialko,BLR
team_Kenny_Wallace__Jordan_Wood__Riley_Fitzsimmons__Murray_Stewart_AUS,team,Kenny Wallace / Jordan Wood / Riley Fitzsimmons / Murray Stewart,AUS
team_Zoltán_Kammerer__Dániel_Pauman__Dávid_Tóth__Benjámin_Ceiner_HUN,team,Zoltán Kammerer / Dániel Pauman / Dávid Tóth / Benjámin Ceiner,HUN
team_Kai_Spenner__Lukas_Reuschenbach__Kostja_Stroinski__Tamás_Gecs_DEU,team,Kai Spenner / Lukas Reuschenbach / Kostja Stroinski / Tamás Gecső,DEU
team_Tom_Liebscher__Ronald_Rauhe__Max_Rendschmidt__Max_Lemke_DEU,team,Tom Liebscher / Ronald Rauhe / Max Rendschmidt / Max Lemke,DEU
team_Rodrigo_Germade__Cristian_Toro__Carlos_Garrote__Marcus_Walz_ESP,team,Rodrigo Germade / Cristian Toro / Carlos Garrote / Marcus Walz,ESP
team_Daniel_Havel__Jan_trba__Jakub_picar__Radek_louf_CZE,team,Daniel Havel / Jan Štěrba / Jakub Špicar / Radek Šlouf,CZE
athlete_Olesia_Romasenko_RUS,athlete,Olesia Romasenko,RUS
team_Katie_Vincent__Laurence_Vincent-Lapointe_CAN,team,Katie Vincent / Laurence Vincent-Lapointe,CAN
team_Irina_Andreeva__Olesia_Romasenko_RUS,team,Irina Andreeva / Olesia Romasenko,RUS
team_Kamila_Bobr__Alena_Nazdrova_BLR,team,Kamila Bobr / Alena Nazdrova,BLR
athlete_Alyce_Burnett_AUS,athlete,Alyce Burnett,AUS
athlete_Karin_Johansson_SWE,athlete,Karin Johansson,SWE
athlete_Emma_Jørgensen_DNK,athlete,Emma Jørgensen,DNK
team_pela_Ponomarenko_Jani__Milica_Starovi_SVN,team,Špela Ponomarenko Janić / Milica Starović,SVN
athlete_Volha_Khudzenka_BLR,athlete,Volha Khudzenka,BLR
athlete_Dóra_Bodonyi_HUN,athlete,Dóra Bodonyi,HUN
athlete_Tabea_Medert_DEU,athlete,Tabea Medert,DEU
team_Erika_Medveczky__Ramóna_Farkasdi_HUN,team,Erika Medveczky / Ramóna Farkasdi,HUN
team_Tabea_Medert__Melanie_Gebhardt_DEU,team,Tabea Medert / Melanie Gebhardt,DEU
team_Paulina_Paszek__Justyna_Iskrzycka_POL,team,Paulina Paszek / Justyna Iskrzycka,POL
athlete_Réka_Hagymási_HUN,athlete,Réka Hagymási,HUN
team_Susanna_Cicali__Francesca_Genzo_ITA,team,Susanna Cicali / Francesca Genzo,ITA
team_Angela_Hannah__Hannah_Brown_GBR,team,Angela Hannah / Hannah Brown,GBR
team_Caitlin_Ryan__Lisa_Carrington_NZL,team,Caitlin Ryan / Lisa Carrington,NZL
team_Tina_Dietze__Franziska_Weber_DEU,team,Tina Dietze / Franziska Weber,DEU
team_pela_Ponomarenko_Jani__Anja_Ostermann_SVN,team,Špela Ponomarenko Janić / Anja Ostermann,SVN
team_Tamara_Takács__Erika_Medveczky__Krisztina_Fazekas-Zur__Ninetta_Vad_HUN,team,Tamara Takács / Erika Medveczky / Krisztina Fazekas-Zur / Ninetta Vad,HUN
team_Tina_Dietze__Franziska_Weber__Steffi_Kriegerstein__Sabrina_Hering_DEU,team,Tina Dietze / Franziska Weber / Steffi Kriegerstein / Sabrina Hering,DEU
team_Aimee_Fisher__Caitlin_Ryan__Kayla_Imrie__Lisa_Carrington_NZL,team,Aimee Fisher / Caitlin Ryan / Kayla Imrie / Lisa Carrington,NZL
athlete_Henrikas_ustautas_LTU,athlete,Henrikas Žustautas,LTU
athlete_Fernando_Jorge_CUB,athlete,Fernando Jorge,CUB
athlete_Kirill_Shamshurin_RUS,athlete,Kirill Shamshurin,RUS
team_Yul_Oeltze__Peter_Kretschmer_DEU,team,Yul Oeltze / Peter Kretschmer,DEU
team_Serguey_Torres__Fernando_Jorge_CUB,team,Serguey Torres / Fernando Jorge,CUB
team_Kirill_Shamshurin__Ilya_Pervukhin_RUS,team,Kirill Shamshurin / Ilya Pervukhin,RUS
team_Hleb_Saladukha__Dzianis_Makhlai_BLR,team,Hleb Saladukha / Dzianis Makhlai,BLR
team_Arsen_liwiski__Micha_ubniewski_POL,team,Arsen Śliwiński / Michał Łubniewski,POL
team_Alexander_Kovalenko__Ivan_Shtyl_RUS,team,Alexander Kovalenko / Ivan Shtyl,RUS
team_Viktor_Melantev__Vladislav_Chebotar_RUS,team,Viktor Melantev / Vladislav Chebotar,RUS
team_Pavel_Petrov__Viktor_Melantyev__Mikhail_Pavlov__Ivan_Shtyl_RUS,team,Pavel Petrov / Viktor Melantyev / Mikhail Pavlov / Ivan Shtyl,RUS
team_Yurii_Vandiuk__Oleh_Borovyk__Andrii_Rybachok__Eduard_Shemetylo_UKR,team,Yurii Vandiuk / Oleh Borovyk / Andrii Rybachok / Eduard Shemetylo,UKR
team_Daniele_Santini__Sergiu_Craciun__Nicolae_Craciun__Luca_Incollingo_ITA,team,Daniele Santini / Sergiu Craciun / Nicolae Craciun / Luca Incollingo,ITA
athlete_Max_Rendschmidt_DEU,athlete,Max Rendschmidt,DEU
athlete_Carlos_Garrote_ESP,athlete,Carlos Garrote,ESP
athlete_Artras_Seja_LTU,athlete,Artūras Seja,LTU
athlete_Bence_Nádas_HUN,athlete,Bence Nádas,HUN
athlete_Javier_Hernanz_ESP,athlete,Javier Hernanz,ESP
team_Max_Hoff__Marcus_Gross_DEU,team,Max Hoff / Marcus Gross,DEU
team_Francisco_Cubelos__Íñigo_Peña_ESP,team,Francisco Cubelos / Íñigo Peña,ESP
team_Márk_Balaska__Balázs_Birkás_HUN,team,Márk Balaska / Balázs Birkás,HUN
team_Saúl_Craviotto__Cristian_Toro_ESP,team,Saúl Craviotto / Cristian Toro,ESP
team_Artem_Kuzakhmetov__Vladislav_Blintsov_RUS,team,Artem Kuzakhmetov / Vladislav Blintsov,RUS
team_Stefan_Veki__Vladimir_Torubarov_SRB,team,Stefan Vekić / Vladimir Torubarov,SRB
team_Tamás_Gecs__Jakob_Thordsen__Jacob_Schopf__Lukas_Reuschenbach_DEU,team,Tamás Gecső / Jakob Thordsen / Jacob Schopf / Lukas Reuschenbach,DEU
team_Samuel_Balá__Juraj_Tarr__Erik_Vlek__Gábor_Jakubík_SVK,team,Samuel Baláž / Juraj Tarr / Erik Vlček / Gábor Jakubík,SVK
team_Francisco_Cubelos__Rubén_Millán__Pelayo_Roza__Íñigo_Peña_ESP,team,Francisco Cubelos / Rubén Millán / Pelayo Roza / Íñigo Peña,ESP
team_Max_Rendschmidt__Tom_Liebscher__Ronald_Rauhe__Max_Lemke_DEU,team,Max Rendschmidt / Tom Liebscher / Ronald Rauhe / Max Lemke,DEU
team_Saúl_Craviotto__Marcus_Walz__Cristian_Toro__Rodrigo_Germade_ESP,team,Saúl Craviotto / Marcus Walz / Cristian Toro / Rodrigo Germade,ESP
team_Sándor_Tótka__Péter_Molnár__Miklós_Dudás__István_Kuli_HUN,team,Sándor Tótka / Péter Molnár / Miklós Dudás / István Kuli,HUN
athlete_Dorota_Borowska_POL,athlete,Dorota Borowska,POL
athlete_Kseniia_Kurach_RUS,athlete,Kseniia Kurach,RUS
athlete_Alena_Nazdrova_BLR,athlete,Alena Nazdrova,BLR
athlete_Katie_Vincent_CAN,athlete,Katie Vincent,CAN
athlete_Annika_Loske_DEU,athlete,Annika Loske,DEU
athlete_María_Mailliard_CHL,athlete,María Mailliard,CHL
team_Alena_Nazdrova__Kamila_Bobr_BLR,team,Alena Nazdrova / Kamila Bobr,BLR
team_Sylwia_Szczerbiska__Dorota_Borowska_POL,team,Sylwia Szczerbińska / Dorota Borowska,POL
team_Kseniia_Kurach__Olesya_Nikiforova_RUS,team,Kseniia Kurach / Olesya Nikiforova,RUS
team_Laurence_Vincent-Lapointe__Katie_Vincent_CAN,team,Laurence Vincent-Lapointe / Katie Vincent,CAN
team_Virág_Balla__Kincs_Takács_HUN,team,Virág Balla / Kincső Takács,HUN
team_Nadzeya_Makarchanka__Volha_Klimava_BLR,team,Nadzeya Makarchanka / Volha Klimava,BLR
athlete_Lizzie_Broughton_GBR,athlete,Lizzie Broughton,GBR
athlete_Bridgitte_Hartley_ZAF,athlete,Bridgitte Hartley,ZAF
athlete_Linnea_Stensils_SWE,athlete,Linnea Stensils,SWE
athlete_Jennifer_Egan_IRL,athlete,Jennifer Egan,IRL
team_Tamara_Csipes__Erika_Medveczky_HUN,team,Tamara Csipes / Erika Medveczky,HUN
team_Sarah_Brüßler__Melanie_Gebhardt_DEU,team,Sarah Brüßler / Melanie Gebhardt,DEU
team_Kayla_Imrie__Aimee_Fisher_NZL,team,Kayla Imrie / Aimee Fisher,NZL
team_Mariia_Kichasova-Skoryk__Anastasiya_Horlova_UKR,team,Mariia Kichasova-Skoryk / Anastasiya Horlova,UKR
team_Anna_Kárász__Danuta_Kozák_HUN,team,Anna Kárász / Danuta Kozák,HUN
team_Lisa_Carrington__Caitlin_Ryan_NZL,team,Lisa Carrington / Caitlin Ryan,NZL
team_Jasmin_Fritz__Steffi_Kriegerstein_DEU,team,Jasmin Fritz / Steffi Kriegerstein,DEU
team_Anna_Kárász__Erika_Medveczky__Danuta_Kozák__Dóra_Bodonyi_HUN,team,Anna Kárász / Erika Medveczky / Danuta Kozák / Dóra Bodonyi,HUN
team_Lisa_Carrington__Aimee_Fisher__Kayla_Imrie__Caitlin_Ryan_NZL,team,Lisa Carrington / Aimee Fisher / Kayla Imrie / Caitlin Ryan,NZL
team_Karolina_Naja__Helena_Winiewska__Anna_Puawska__Katarzyna_Koodziejczyk_POL,team,Karolina Naja / Helena Wiśniewska / Anna Puławska / Katarzyna Kołodziejczyk,POL
athlete_Tomasz_Kaczor_POL,athlete,Tomasz Kaczor,POL
athlete_Adrien_Bart_FRA,athlete,Adrien Bart,FRA
athlete_Angel_Kodinov_BGR,athlete,Angel Kodinov,BGR
athlete_Balázs_Adolf_HUN,athlete,Balázs Adolf,HUN
team_Liu_Hao__Wang_Hao_CHN,team,Liu Hao / Wang Hao,CHN
team_Alberto_Pedrero__Pablo_Graña_ESP,team,Alberto Pedrero / Pablo Graña,ESP
team_Artur_Guliev__Elyorjon_Mamadaliev_UZB,team,Artur Guliev / Elyorjon Mamadaliev,UZB
team_Li_Qiang__Xing_Song_CHN,team,Li Qiang / Xing Song,CHN
team_Jonatán_Hajdu__Ádám_Fekete_HUN,team,Jonatán Hajdu / Ádám Fekete,HUN
team_Sete_Benavides__Antoni_Segura_ESP,team,Sete Benavides / Antoni Segura,ESP
team_Ivan_Shtyl__Pavel_Petrov__Viktor_Melantyev__Mikhail_Pavlov_RUS,team,Ivan Shtyl / Pavel Petrov / Viktor Melantyev / Mikhail Pavlov,RUS
team_Jan_Vandrey__Conrad-Robin_Scheibner__Tim_Hecker__Moritz_Adam_DEU,team,Jan Vandrey / Conrad-Robin Scheibner / Tim Hecker / Moritz Adam,DEU
team_Andrei_Bahdanovich__Evgeniy_Tengel__Maksim_Krysko__Vitali_Asetski_BLR,team,Andrei Bahdanovich / Evgeniy Tengel / Maksim Krysko / Vitali Asetski,BLR
athlete_Bálint_Kopasz_HUN,athlete,Bálint Kopasz,HUN
athlete_Strahinja_Stefanovi_SRB,athlete,Strahinja Stefanović,SRB
athlete_Mikita_Borykau_BLR,athlete,Mikita Borykau,BLR
athlete_Maxim_Spesivtsev_RUS,athlete,Maxim Spesivtsev,RUS
team_Max_Hoff__Jacob_Schopf_DEU,team,Max Hoff / Jacob Schopf,DEU
team_Cyrille_Carré__Étienne_Hubert_FRA,team,Cyrille Carré / Étienne Hubert,FRA
team_Piotr_Mazur__Bartosz_Grabowski_POL,team,Piotr Mazur / Bartosz Grabowski,POL
team_Márk_Balaska__Levente_Apagyi_HUN,team,Márk Balaska / Levente Apagyi,HUN
team_Stanislau_Daineka__Dzmitry_Natynchyk_BLR,team,Stanislau Daineka / Dzmitry Natynchyk,BLR
team_Pelayo_Roza__Pedro_Vázquez_ESP,team,Pelayo Roza / Pedro Vázquez,ESP
team_Marcus_Gross__Martin_Hiller_DEU,team,Marcus Gross / Martin Hiller,DEU
team_Lukas_Reuschenbach__Felix_Frank__Jakob_Thordsen__Tobias-Pascal_Schultz_DEU,team,Lukas Reuschenbach / Felix Frank / Jakob Thordsen / Tobias-Pascal Schultz,DEU
team_Vasily_Pogreban__Aleksei_Vostrikov__Oleg_Siniavin__Igor_Kalashnikov_RUS,team,Vasily Pogreban / Aleksei Vostrikov / Oleg Siniavin / Igor Kalashnikov,RUS
team_Gábor_Jakubík__Juraj_Tarr__Denis_Myák__Ákos_Gacsal_SVK,team,Gábor Jakubík / Juraj Tarr / Denis Myšák / Ákos Gacsal,SVK
team_Saúl_Craviotto__Carlos_Arévalo__Rodrigo_Germade__Marcus_Walz_ESP,team,Saúl Craviotto / Carlos Arévalo / Rodrigo Germade / Marcus Walz,ESP
team_Erik_Vlek__Adam_Botek__Csaba_Zalka__Samuel_Balá_SVK,team,Erik Vlček / Adam Botek / Csaba Zalka / Samuel Baláž,SVK
athlete_Nevin_Harrison_USA,athlete,Nevin Harrison,USA
athlete_Ksenia_Kurach_RUS,athlete,Ksenia Kurach,RUS
athlete_Anastasiia_Chetverikova_UKR,athlete,Anastasiia Chetverikova,UKR
athlete_Volha_Klimava_BLR,athlete,Volha Klimava,BLR
athlete_Zhang_Yajue_CHN,athlete,Zhang Yajue,CHN
team_Lin_Wenjun__Zhang_Luqi_CHN,team,Lin Wenjun / Zhang Luqi,CHN
team_Kincs_Takács__Virág_Balla_HUN,team,Kincső Takács / Virág Balla,HUN
team_Dilnoza_Rakhmatova__Nilufar_Zokirova_UZB,team,Dilnoza Rakhmatova / Nilufar Zokirova,UZB
team_Sun_Mengya__Xu_Shixiao_CHN,team,Sun Mengya / Xu Shixiao,CHN
team_Volha_Klimava__Nadzeya_Makarchanka_BLR,team,Volha Klimava / Nadzeya Makarchanka,BLR
athlete_Justyna_Iskrzycka_POL,athlete,Justyna Iskrzycka,POL
team_Erika_Medveczky__Réka_Hagymási_HUN,team,Erika Medveczky / Réka Hagymási,HUN
team_Tabea_Medert__Sarah_Brüßler_DEU,team,Tabea Medert / Sarah Brüßler,DEU
team_Karina_Alanís__Maricela_Montemayor_MEX,team,Karina Alanís / Maricela Montemayor,MEX
team_Maryna_Litvinchuk__Volha_Khudzenka_BLR,team,Maryna Litvinchuk / Volha Khudzenka,BLR
team_pela_Ponomarenko_Jani__Anja_Osterman_SVN,team,Špela Ponomarenko Janić / Anja Osterman,SVN
team_Blanka_Kiss__Anna_Lucz_HUN,team,Blanka Kiss / Anna Lucz,HUN
team_Karolina_Naja__Anna_Puawska_POL,team,Karolina Naja / Anna Puławska,POL
team_Dóra_Bodonyi__Erika_Medveczky__Tamara_Csipes__Alida_Dóra_Gazsó_HUN,team,Dóra Bodonyi / Erika Medveczky / Tamara Csipes / Alida Dóra Gazsó,HUN
team_Maryna_Litvinchuk__Volha_Khudzenka__Nadzeya_Liapeshka__Marharyta_Makhneva_BLR,team,Maryna Litvinchuk / Volha Khudzenka / Nadzeya Liapeshka / Marharyta Makhneva,BLR
team_Karolina_Naja__Anna_Puawska__Katarzyna_Koodziejczyk__Helena_Winiewska_POL,team,Karolina Naja / Anna Puławska / Katarzyna Kołodziejczyk / Helena Wiśniewska,POL
athlete_Conrad-Robin_Scheibner_DEU,athlete,Conrad-Robin Scheibner,DEU
team_Oleg_Tarnovschi__Carlo_Tacchini_MDA,team,Oleg Tarnovschi / Carlo Tacchini,MDA
athlete_Kirill_Shamshurin_RCF,athlete,Kirill Shamshurin,RCF
team_Kirill_Shamshurin__Vladislav_Chebotar_RCF,team,Kirill Shamshurin / Vladislav Chebotar,RCF
team_Wiktor_Gazunow__Tomasz_Barniak_POL,team,Wiktor Głazunow / Tomasz Barniak,POL
team_Nicolae_Craciun__Daniele_Santini_ITA,team,Nicolae Craciun / Daniele Santini,ITA
team_Viktor_Melantyev__Vladislav_Chebotar_RCF,team,Viktor Melantyev / Vladislav Chebotar,RCF
team_Vitaliy_Vergeles__Andrii_Rybachok__Yurii_Vandiuk__Taras_Mishchuk_UKR,team,Vitaliy Vergeles / Andrii Rybachok / Yurii Vandiuk / Taras Mishchuk,UKR
team_Aleksander_Kitewski__Arsen_liwiski__Micha_ubniewski__Norman_Zezula_POL,team,Aleksander Kitewski / Arsen Śliwiński / Michał Łubniewski / Norman Zezula,POL
team_Pavel_Petrov__Mikhail_Pavlov__Viktor_Melantyev__Ivan_Shtyl_RCF,team,Pavel Petrov / Mikhail Pavlov / Viktor Melantyev / Ivan Shtyl,RCF
athlete_Andrea_Di_Liberto_ITA,athlete,Andrea Di Liberto,ITA
athlete_Roberts_Akmens_LVA,athlete,Roberts Akmens,LVA
athlete_João_Ribeiro_PRT,athlete,João Ribeiro,PRT
athlete_Moritz_Florstedt_DEU,athlete,Moritz Florstedt,DEU
athlete_Bálint_Noé_HUN,athlete,Bálint Noé,HUN
athlete_Mads_Pedersen_DNK,athlete,Mads Pedersen,DNK
team_Dennis_Kernen__Martin_Nathell_SWE,team,Dennis Kernen / Martin Nathell,SWE
team_Simon_Jensen__Morten_Graversen_DNK,team,Simon Jensen / Morten Graversen,DNK
team_Bálint_Noé__Tamás_Kulifai_HUN,team,Bálint Noé / Tamás Kulifai,HUN
team_Marcus_Walz__Rodrigo_Germade_ESP,team,Marcus Walz / Rodrigo Germade,ESP
team_Tobias-Pascal_Schultz__Martin_Hiller_DEU,team,Tobias-Pascal Schultz / Martin Hiller,DEU
team_Samuel_Balá__Denis_Myák_SVK,team,Samuel Baláž / Denis Myšák,SVK
team_Oleh_Kukharyk__Dmytro_Danylenko__Igor_Trunov__Ivan_Semykin_UKR,team,Oleh Kukharyk / Dmytro Danylenko / Igor Trunov / Ivan Semykin,UKR
team_Samuel_Balá__Denis_Myák__Csaba_Zalka__Adam_Botek_SVK,team,Samuel Baláž / Denis Myšák / Csaba Zalka / Adam Botek,SVK
team_Jakub_picar__Daniel_Havel__Jan_Vorel__Radek_louf_CZE,team,Jakub Špicar / Daniel Havel / Jan Vorel / Radek Šlouf,CZE
team_Irina_Andreeva__Ivan_Shtyl_RCF,team,Irina Andreeva / Ivan Shtyl,RCF
team_Micha_ubniewski__Dorota_Borowska_POL,team,Michał Łubniewski / Dorota Borowska,POL
team_Dávid_Korisánszky__Kincs_Takács_HUN,team,Dávid Korisánszky / Kincső Takács,HUN
team_Anna_Lucz__Kolos_Csizmadia_HUN,team,Anna Lucz / Kolos Csizmadia,HUN
team_Messias_Baptista__Francisca_Laia_PRT,team,Messias Baptista / Francisca Laia,PRT
team_Marta_Walczykiewicz__Bartosz_Grabowski_POL,team,Marta Walczykiewicz / Bartosz Grabowski,POL
athlete_Antía_Jácome_ESP,athlete,Antía Jácome,ESP
athlete_Liudmyla_Luzan_UKR,athlete,Liudmyla Luzan,UKR
athlete_Zsófia_Kisbán_HUN,athlete,Zsófia Kisbán,HUN
team_Patricia_Coco__María_Corbera_ESP,team,Patricia Coco / María Corbera,ESP
team_Yarisleidis_Cirilo__Katherin_Nuevo_CUB,team,Yarisleidis Cirilo / Katherin Nuevo,CUB
team_Giada_Bragato__Bianka_Nagy_HUN,team,Giada Bragato / Bianka Nagy,HUN
team_Liudmyla_Luzan__Anastasiia_Chetverikova_UKR,team,Liudmyla Luzan / Anastasiia Chetverikova,UKR
team_Alena_Nazdrova__Nadzeya_Makarchanka_BLR,team,Alena Nazdrova / Nadzeya Makarchanka,BLR
team_Alena_Nazdrova__Nadzeya_Makarchanka__Aliaksandra_Kalaur__Volha_Klimava_BLR,team,Alena Nazdrova / Nadzeya Makarchanka / Aliaksandra Kalaur / Volha Klimava,BLR
team_Virág_Balla__Kincs_Takács__Laura_Gönczöl__Réka_Opavszky_HUN,team,Virág Balla / Kincső Takács / Laura Gönczöl / Réka Opavszky,HUN
team_Liudmyla_Luzan__Olena_Tsyhankova__Yuliia_Kolesnyk__Anastasiia_Chetverikova_UKR,team,Liudmyla Luzan / Olena Tsyhankova / Yuliia Kolesnyk / Anastasiia Chetverikova,UKR
athlete_Alida_Dóra_Gazsó_HUN,athlete,Alida Dóra Gazsó,HUN
athlete_Pernille_Knudsen_DNK,athlete,Pernille Knudsen,DNK
athlete_Anna_Lucz_HUN,athlete,Anna Lucz,HUN
athlete_Natalia_Podolskaya_RCF,athlete,Natalia Podolskaya,RCF
athlete_Aimee_Fisher_NZL,athlete,Aimee Fisher,NZL
athlete_Emese_Khalmi_HUN,athlete,Emese Kőhalmi,HUN
team_Kristina_Kovnir__Anastasiia_Dolgova_RCF,team,Kristina Kovnir / Anastasiia Dolgova,RCF
team_Dominika_Putto__Katarzyna_Koodziejczyk_POL,team,Dominika Putto / Katarzyna Kołodziejczyk,POL
team_Danuta_Kozák__Tamara_Csipes_HUN,team,Danuta Kozák / Tamara Csipes,HUN
team_Volha_Khudzenka__Maryna_Litvinchuk_BLR,team,Volha Khudzenka / Maryna Litvinchuk,BLR
team_Hermien_Peters__Lize_Broekx_BEL,team,Hermien Peters / Lize Broekx,BEL
team_Marharyta_Makhneva__Nadzeya_Liapeshka__Volha_Khudzenka__Maryna_Litvinchuk_BLR,team,Marharyta Makhneva / Nadzeya Liapeshka / Volha Khudzenka / Maryna Litvinchuk,BLR
team_Danuta_Kozák__Tamara_Csipes__Anna_Kárász__Alida_Dóra_Gazsó_HUN,team,Danuta Kozák / Tamara Csipes / Anna Kárász / Alida Dóra Gazsó,HUN
team_Svetlana_Chernigovskaya__Elena_Aniushina__Kira_Stepanova__Anastasia_Panchenko_RCF,team,Svetlana Chernigovskaya / Elena Aniushina / Kira Stepanova / Anastasia Panchenko,RCF
athlete_Ctlin_Chiril_ROU,athlete,Cătălin Chirilă,ROU
athlete_Oleksii_Koliadych_POL,athlete,Oleksii Koliadych,POL
athlete_Nico_Pickert_DEU,athlete,Nico Pickert,DEU
athlete_Viktor_Stepanov_KAZ,athlete,Viktor Stepanov,KAZ
team_Sebastian_Brendel__Tim_Hecker_DEU,team,Sebastian Brendel / Tim Hecker,DEU
team_Liu_Hao__Ji_Bowen_CHN,team,Liu Hao / Ji Bowen,CHN
team_Craig_Spence__Bret_Himmelman_CAN,team,Craig Spence / Bret Himmelman,CAN
team_Cayetano_García__Pablo_Martínez_ESP,team,Cayetano García / Pablo Martínez,ESP
team_Joan_Moreno__Pablo_Graña__Manuel_Fontán__Adrián_Sieiro_ESP,team,Joan Moreno / Pablo Graña / Manuel Fontán / Adrián Sieiro,ESP
team_Aleksander_Kitewski__Arsen_liwiski__Wiktor_Gazunow__Norman_Zezula_POL,team,Aleksander Kitewski / Arsen Śliwiński / Wiktor Głazunow / Norman Zezula,POL
athlete_Jacob_Schopf_DEU,athlete,Jacob Schopf,DEU
athlete_Carlos_Arévalo_ESP,athlete,Carlos Arévalo,ESP
athlete_Kolos_Csizmadia_HUN,athlete,Kolos Csizmadia,HUN
athlete_Jean_van_der_Westhuyzen_AUS,athlete,Jean van der Westhuyzen,AUS
athlete_Joakim_Lindberg_SWE,athlete,Joakim Lindberg,SWE
athlete_Tamás_Grossmann_DEU,athlete,Tamás Grossmann,DEU
athlete_Francisco_Cubelos_ESP,athlete,Francisco Cubelos,ESP
team_Martin_Hiller__Tamás_Grossmann_DEU,team,Martin Hiller / Tamás Grossmann,DEU
team_Samuele_Burgo__Andrea_Schera_ITA,team,Samuele Burgo / Andrea Schera,ITA
team_Bence_Nádas__Bálint_Kopasz_HUN,team,Bence Nádas / Bálint Kopasz,HUN
team_Mindaugas_Maldonis__Andrejus_Olijnikas_LTU,team,Mindaugas Maldonis / Andrejus Olijnikas,LTU
team_Jean_van_der_Westhuyzen__Thomas_Green_AUS,team,Jean van der Westhuyzen / Thomas Green,AUS
team_Saúl_Craviotto__Carlos_Arévalo__Marcus_Walz__Rodrigo_Germade_ESP,team,Saúl Craviotto / Carlos Arévalo / Marcus Walz / Rodrigo Germade,ESP
team_Max_Rendschmidt__Tom_Liebscher__Jacob_Schopf__Max_Lemke_DEU,team,Max Rendschmidt / Tom Liebscher / Jacob Schopf / Max Lemke,DEU
team_Oleh_Kukharyk__Dmytro_Danylenko__Ihor_Trunov__Ivan_Semykin_UKR,team,Oleh Kukharyk / Dmytro Danylenko / Ihor Trunov / Ivan Semykin,UKR
team_Connor_Fitzpatrick__Katie_Vincent_CAN,team,Connor Fitzpatrick / Katie Vincent,CAN
team_Sebastian_Brendel__Sophie_Koch_DEU,team,Sebastian Brendel / Sophie Koch,DEU
team_Aleksander_Kitewski__Sylwia_Szczerbiska_POL,team,Aleksander Kitewski / Sylwia Szczerbińska,POL
team_Alyssa_Bull__Jackson_Collins_AUS,team,Alyssa Bull / Jackson Collins,AUS
team_Teresa_Portela__Fernando_Pimenta_PRT,team,Teresa Portela / Fernando Pimenta,PRT
team_Tobias_Schultz__Caroline_Arft_DEU,team,Tobias Schultz / Caroline Arft,DEU
athlete_María_Corbera_ESP,athlete,María Corbera,ESP
athlete_Lin_Wenjun_CHN,athlete,Lin Wenjun,CHN
athlete_Sophia_Jensen_CAN,athlete,Sophia Jensen,CAN
team_Lin_Wenjun__Shuai_Changwen_CHN,team,Lin Wenjun / Shuai Changwen,CHN
team_Xu_Shixiao__Sun_Mengya_CHN,team,Xu Shixiao / Sun Mengya,CHN
team_Sophia_Jensen__Sloan_MacKenzie__Katie_Vincent__Julia_Osende_CAN,team,Sophia Jensen / Sloan MacKenzie / Katie Vincent / Julia Osende,CAN
team_Sylwia_Szczerbiska__Aleksandra_Jacewicz__Katarzyna_Szperkiewicz__Julia_Walczak_POL,team,Sylwia Szczerbińska / Aleksandra Jacewicz / Katarzyna Szperkiewicz / Julia Walczak,POL
team_Giada_Bragato__Virág_Balla__Kincs_Takács__Bianka_Nagy_HUN,team,Giada Bragato / Virág Balla / Kincső Takács / Bianka Nagy,HUN
athlete_Alyssa_Bull_AUS,athlete,Alyssa Bull,AUS
athlete_Eszter_Rendessy_HUN,athlete,Eszter Rendessy,HUN
athlete_Anamaria_Govorinovi_HRV,athlete,Anamaria Govorčinović,HRV
athlete_Anja_Osterman_SVN,athlete,Anja Osterman,SVN
athlete_Jule_Hake_DEU,athlete,Jule Hake,DEU
team_Jennifer_Egan-Simmons__Sára_Mihalik_IRL,team,Jennifer Egan-Simmons / Sára Mihalik,IRL
team_Sara_Ouzande__Teresa_Portela_ESP,team,Sara Ouzande / Teresa Portela,ESP
team_Andréanne_Langlois__Toshka_Hrebacka_CAN,team,Andréanne Langlois / Toshka Hrebacka,CAN
team_Paulina_Paszek__Jule_Hake_DEU,team,Paulina Paszek / Jule Hake,DEU
team_Karolina_Naja__Anna_Puawska__Adrianna_Kkol__Dominika_Putto_POL,team,Karolina Naja / Anna Puławska / Adrianna Kąkol / Dominika Putto,POL
team_Ella_Beere__Alyssa_Bull__Alexandra_Clarke__Yale_Steinepreis_AUS,team,Ella Beere / Alyssa Bull / Alexandra Clarke / Yale Steinepreis,AUS
team_Karina_Alanís__Isabel_Romero__Beatriz_Briones__Maricela_Montemayor_MEX,team,Karina Alanís / Isabel Romero / Beatriz Briones / Maricela Montemayor,MEX
athlete_Artur_Guliev_UZB,athlete,Artur Guliev,UZB
athlete_Joan_Antoni_Moreno_ESP,athlete,Joan Antoni Moreno,ESP
athlete_Wiktor_Gazunow_POL,athlete,Wiktor Głazunow,POL
team_Moritz_Adam__Nico_Pickert_DEU,team,Moritz Adam / Nico Pickert,DEU
team_Ilie_Sprîncean__Oleg_Nu_ROU,team,Ilie Sprîncean / Oleg Nuţă,ROU
team_Peter_Kretschmer__Tim_Hecker_DEU,team,Peter Kretschmer / Tim Hecker,DEU
team_Joan_Antoni_Moreno__Pablo_Graña__Manuel_Fontán__Adrián_Sieiro_ESP,team,Joan Antoni Moreno / Pablo Graña / Manuel Fontán / Adrián Sieiro,ESP
team_Aleksander_Kitewski__Tomasz_Barniak__Wiktor_Gazunow__Norman_Zezula_POL,team,Aleksander Kitewski / Tomasz Barniak / Wiktor Głazunow / Norman Zezula,POL
team_Vitaliy_Vergeles__Andrii_Rybachok__Dmytro_Ianchuk__Taras_Mishchuk_UKR,team,Vitaliy Vergeles / Andrii Rybachok / Dmytro Ianchuk / Taras Mishchuk,UKR
athlete_Ádám_Varga_HUN,athlete,Ádám Varga,HUN
athlete_Jakob_Thordsen_DEU,athlete,Jakob Thordsen,DEU
athlete_Badri_Kavelashvili_GEO,athlete,Badri Kavelashvili,GEO
athlete_Nico_Paufler_DEU,athlete,Nico Paufler,DEU
team_Pedro_Vázquez__Íñigo_Peña_ESP,team,Pedro Vázquez / Íñigo Peña,ESP
team_Bence_Vajda__Tamás_Szántói-Szabó_HUN,team,Bence Vajda / Tamás Szántói-Szabó,HUN
team_Anton_Winkelmann__Leonard_Busch_DEU,team,Anton Winkelmann / Leonard Busch,DEU
team_João_Ribeiro__Messias_Baptista_PRT,team,João Ribeiro / Messias Baptista,PRT
team_Adrián_del_Río__Rodrigo_Germade_ESP,team,Adrián del Río / Rodrigo Germade,ESP
team_Max_Rendschmidt__Max_Lemke__Jacob_Schopf__Tom_Liebscher_DEU,team,Max Rendschmidt / Max Lemke / Jacob Schopf / Tom Liebscher,DEU
team_Bence_Nádas__Kolos_Csizmadia__István_Kuli__Sándor_Tótka_HUN,team,Bence Nádas / Kolos Csizmadia / István Kuli / Sándor Tótka,HUN
team_Wiktor_Gazunow__Sylwia_Szczerbiska_POL,team,Wiktor Głazunow / Sylwia Szczerbińska,POL
team_Olympia_Della_Giustina__Daniele_Santini_ITA,team,Olympia Della Giustina / Daniele Santini,ITA
team_Lena_Röhlings__Jacob_Schopf_DEU,team,Lena Röhlings / Jacob Schopf,DEU
team_Bárbara_Pardo__Íñigo_Peña_ESP,team,Bárbara Pardo / Íñigo Peña,ESP
athlete_Jacy_Grant_CAN,athlete,Jacy Grant,CAN
athlete_Li_Li_CHN,athlete,Li Li,CHN
athlete_Yarisleidis_Cirilo_CUB,athlete,Yarisleidis Cirilo,CUB
team_Shuai_Changwen__Lin_Wenjun_CHN,team,Shuai Changwen / Lin Wenjun,CHN
team_Antía_Jácome__María_Corbera_ESP,team,Antía Jácome / María Corbera,ESP
team_Lisa_Jahn__Hedi_Kliemke_DEU,team,Lisa Jahn / Hedi Kliemke,DEU
team_Sloan_MacKenzie__Katie_Vincent_CAN,team,Sloan MacKenzie / Katie Vincent,CAN
team_Shuai_Changwen__Lin_Wenjun__Li_Li__Wan_Yin_CHN,team,Shuai Changwen / Lin Wenjun / Li Li / Wan Yin,CHN
team_Lisa_Jahn__Hedi_Kliemke__Annika_Loske__Ophelia_Preller_DEU,team,Lisa Jahn / Hedi Kliemke / Annika Loske / Ophelia Preller,DEU
team_Sophia_Jensen__Sloan_MacKenzie__Jacy_Grant__Julia_Lilley_CAN,team,Sophia Jensen / Sloan MacKenzie / Jacy Grant / Julia Lilley,CAN
athlete_Yale_Steinepreis_AUS,athlete,Yale Steinepreis,AUS
athlete_Dominika_Putto_POL,athlete,Dominika Putto,POL
athlete_Estefanía_Fernández_ESP,athlete,Estefanía Fernández,ESP
athlete_Madeline_Schmidt_CAN,athlete,Madeline Schmidt,CAN
athlete_Melina_Andersson_SWE,athlete,Melina Andersson,SWE
team_Martyna_Klatt__Helena_Winiewska_POL,team,Martyna Klatt / Helena Wiśniewska,POL
team_Emma_Jørgensen__Frederikke_Matthiesen_DNK,team,Emma Jørgensen / Frederikke Matthiesen,DNK
team_Lisa_Carrington__Alicia_Hoskin__Olivia_Brett__Tara_Vaughan_NZL,team,Lisa Carrington / Alicia Hoskin / Olivia Brett / Tara Vaughan,NZL
team_Sara_Ouzande__Estefania_Fernández__Carolina_García_Otero__Teresa_Portela_ESP,team,Sara Ouzande / Estefania Fernández / Carolina García Otero / Teresa Portela,ESP
athlete_Pablo_Graña_ESP,athlete,Pablo Graña,ESP
team_Zakhar_Petrov__Ivan_Dmitriev_AIN,team,Zakhar Petrov / Ivan Dmitriev,AIN
team_Balázs_Adolf__Dániel_Fejes_HUN,team,Balázs Adolf / Dániel Fejes,HUN
team_Yurii_Vandiuk__Pavlo_Borsuk_UKR,team,Yurii Vandiuk / Pavlo Borsuk,UKR
athlete_Messias_Baptista_PRT,athlete,Messias Baptista,PRT
athlete_Jakub_Stepun_POL,athlete,Jakub Stepun,POL
athlete_Uladzislau_Kravets_AIN,athlete,Uladzislau Kravets,AIN
team_Mikita_Borykau__Aleh_Yurenia_AIN,team,Mikita Borykau / Aleh Yurenia,AIN
team_Joakim_Lindberg__Martin_Nathell_SWE,team,Joakim Lindberg / Martin Nathell,SWE
team_Felix_Frank__Martin_Hiller_DEU,team,Felix Frank / Martin Hiller,DEU
team_Alexey_Korovashkov__Ekaterina_Shliapnikova_AIN,team,Alexey Korovashkov / Ekaterina Shliapnikova,AIN
team_Kincs_Takács__Jonatán_Hajdu_HUN,team,Kincső Takács / Jonatán Hajdu,HUN
team_Uladzislau_Paleshko__Inna_Nedelkina_AIN,team,Uladzislau Paleshko / Inna Nedelkina,AIN
team_Sofiia_Shtil__Ekaterina_Shliapnikova__Zakhar_Petrov__Ivan_Shtyl_AIN,team,Sofiia Shtil / Ekaterina Shliapnikova / Zakhar Petrov / Ivan Shtyl,AIN
team_Anhelina_Bardanouskaya__Uladzislau_Paleshko__Vitali_Asetski__Volha_Klimava_AIN,team,Anhelina Bardanouskaya / Uladzislau Paleshko / Vitali Asetski / Volha Klimava,AIN
team_Valéria_Oliveira__Viktoriia_Yarchevska__Manuel_Fontán__Adrián_Sieiro_ESP,team,Valéria Oliveira / Viktoriia Yarchevska / Manuel Fontán / Adrián Sieiro,ESP
team_Teresa_Portela__Messias_Baptista_PRT,team,Teresa Portela / Messias Baptista,PRT
team_Volha_Khudzenka__Dzmitry_Natynchyk_AIN,team,Volha Khudzenka / Dzmitry Natynchyk,AIN
team_Josef_Dostál__Aneka_Paloudová_CZE,team,Josef Dostál / Anežka Paloudová,CZE
team_Nadzeya_Kushner__Volha_Khudzenka__Uladzislau_Kravets__Dzmitry_Natynchyk_AIN,team,Nadzeya Kushner / Volha Khudzenka / Uladzislau Kravets / Dzmitry Natynchyk,AIN
team_Laura_Ujfalvi__Emese_Khalmi__Márk_Opavszky__Gergely_Balogh_HUN,team,Laura Ujfalvi / Emese Kőhalmi / Márk Opavszky / Gergely Balogh,HUN
team_Mia_Medved__Anja_Osterman__Ane_Urankar__Rok_mit_SVN,team,Mia Medved / Anja Osterman / Anže Urankar / Rok Šmit,SVN
athlete_Alena_Nazdrova_AIN,athlete,Alena Nazdrova,AIN
athlete_Giada_Bragato_HUN,athlete,Giada Bragato,HUN
athlete_Jiang_Xina_CHN,athlete,Jiang Xina,CHN
athlete_Mariya_Brovkova_KAZ,athlete,Mariya Brovkova,KAZ
athlete_Valeriia_Tereta_UKR,athlete,Valeriia Tereta,UKR
team_Yuliya_Trushkina__Inna_Nedelkina_AIN,team,Yuliya Trushkina / Inna Nedelkina,AIN
team_Daniela_Cociu__Maria_Olrau_MDA,team,Daniela Cociu / Maria Olărașu,MDA
team_Xu_Shengnan__Xiang_Jingjing_CHN,team,Xu Shengnan / Xiang Jingjing,CHN
athlete_Maryna_Litvinchuk_AIN,athlete,Maryna Litvinchuk,AIN
athlete_Liudmyla_Kuklinovska_UKR,athlete,Liudmyla Kuklinovska,UKR
athlete_Anastasiia_Dolgova_AIN,athlete,Anastasiia Dolgova,AIN
athlete_Bolette_Nyvang_Iversen_DNK,athlete,Bolette Nyvang Iversen,DNK
athlete_Miriam_Vega_ESP,athlete,Miriam Vega,ESP
team_Svetlana_Chernigovskaya__Anastasiia_Dolgova_AIN,team,Svetlana Chernigovskaya / Anastasiia Dolgova,AIN
team_Volha_Khudzenka__Maryna_Litvinchuk_AIN,team,Volha Khudzenka / Maryna Litvinchuk,AIN
team_Réka_Kiskó__Angelina_Szegedi_HUN,team,Réka Kiskó / Angelina Szegedi,HUN
athlete_Stefanos_Dimopoulos_GRC,athlete,Stefanos Dimopoulos,GRC
athlete_Sergey_Svinarev_AIN,athlete,Sergey Svinarev,AIN
athlete_Zakhar_Petrov_AIN,athlete,Zakhar Petrov,AIN
athlete_Jaime_Duro_ESP,athlete,Jaime Duro,ESP
team_Zakhar_Petrov__Ivan_Shtyl_AIN,team,Zakhar Petrov / Ivan Shtyl,AIN
team_Yu_Yuebin__Yu_Chenwei_CHN,team,Yu Yuebin / Yu Chenwei,CHN
team_Kristóf_Kollár__István_Juhász_HUN,team,Kristóf Kollár / István Juhász,HUN
team_Kristóf_Kollár__István_Juhász__Jonatán_Hajdu__Dániel_Fejes_HUN,team,Kristóf Kollár / István Juhász / Jonatán Hajdu / Dániel Fejes,HUN
team_Daniel_Grijalba__Martín_Jácome__Manuel_Fontán__Adrián_Sieiro_ESP,team,Daniel Grijalba / Martín Jácome / Manuel Fontán / Adrián Sieiro,ESP
team_Ilya_Verashchaka__Stanislau_Savelyeu__Uladzislau_Paleshko__Danila_Verashchaka_AIN,team,Ilya Verashchaka / Stanislau Savelyeu / Uladzislau Paleshko / Danila Verashchaka,AIN
athlete_Thomas_Green_AUS,athlete,Thomas Green,AUS
athlete_Alex_Graneri_ESP,athlete,Alex Graneri,ESP
athlete_Hamish_Lovemore_ZAF,athlete,Hamish Lovemore,ZAF
team_Levente_Kurucz__Bence_Nádas_HUN,team,Levente Kurucz / Bence Nádas,HUN
team_Jacob_Schopf__Max_Lemke_DEU,team,Jacob Schopf / Max Lemke,DEU
team_Gustavo_Gonçalves__João_Ribeiro__Messias_Baptista__Pedro_Casinha_PRT,team,Gustavo Gonçalves / João Ribeiro / Messias Baptista / Pedro Casinha,PRT
team_Márk_Opavszky__Bence_Fodor__Gergely_Balogh__Zsombor_Tamási_HUN,team,Márk Opavszky / Bence Fodor / Gergely Balogh / Zsombor Tamási,HUN
team_Adrian_del_Rio__Alex_Graneri__Carlos_Arévalo__Rodrigo_Germade_ESP,team,Adrian del Rio / Alex Graneri / Carlos Arévalo / Rodrigo Germade,ESP
athlete_Ekaterina_Shliapnikova_AIN,athlete,Ekaterina Shliapnikova,AIN
athlete_Volha_Klimava_AIN,athlete,Volha Klimava,AIN
athlete_Zsófia_Csorba_HUN,athlete,Zsófia Csorba,HUN
team_Liudmyla_Luzan__Iryna_Fedoriv_UKR,team,Liudmyla Luzan / Iryna Fedoriv,UKR
team_Audrey_Harper__Andreea_Ghizila_USA,team,Audrey Harper / Andreea Ghizila,USA
team_Zoe_Wojtyk__Katie_Vincent_CAN,team,Zoe Wojtyk / Katie Vincent,CAN
team_Angels_Moreno__Viktoriia_Yarchevska_ESP,team,Angels Moreno / Viktoriia Yarchevska,ESP
team_Ágnes_Kiss__Bianka_Nagy__Réka_Opavszky__Zsófia_Csorba_HUN,team,Ágnes Kiss / Bianka Nagy / Réka Opavszky / Zsófia Csorba,HUN
team_Viktoryia_Nestsiarenka__Anhelina_Bardanouskaya__Volha_Klimava__Lizaveta_Prymak_AIN,team,Viktoryia Nestsiarenka / Anhelina Bardanouskaya / Volha Klimava / Lizaveta Prymak,AIN
team_Jiang_Xina__Teng_Anshuo__Sun_Mengya__Ma_Yanan_CHN,team,Jiang Xina / Teng Anshuo / Sun Mengya / Ma Yanan,CHN
athlete_Zsóka_Csikós_HUN,athlete,Zsóka Csikós,HUN
athlete_Alyssa_Buck_AUS,athlete,Alyssa Buck,AUS
athlete_Wang_Nan_CHN,athlete,Wang Nan,CHN
athlete_Emily_Lewis_GBR,athlete,Emily Lewis,GBR
athlete_Anna_Puawska_POL,athlete,Anna Puławska,POL
athlete_Natalia_Drobot_AUS,athlete,Natalia Drobot,AUS
athlete_Susanna_Cicali_ITA,athlete,Susanna Cicali,ITA
athlete_Anna_Margrete_Sletsjøe_NOR,athlete,Anna Margrete Sletsjøe,NOR
team_Martyna_Klatt__Anna_Puawska_POL,team,Martyna Klatt / Anna Puławska,POL
team_Kailey_Harlen__Natalia_Drobot_AUS,team,Kailey Harlen / Natalia Drobot,AUS
team_Paulina_Paszek__Pauline_Jagsch_DEU,team,Paulina Paszek / Pauline Jagsch,DEU
team_Sara_Ouzande__Lucía_Val__Estefanía_Fernández__Bárbara_Pardo_ESP,team,Sara Ouzande / Lucía Val / Estefanía Fernández / Bárbara Pardo,ESP
team_Li_Dongyin__Yu_Shimeng__Wang_Nan__Wang_Ji_CHN,team,Li Dongyin / Yu Shimeng / Wang Nan / Wang Ji,CHN
team_Marharyta_Tkachova__Uladzislava_Skryhanava__Ina_Sauchuk__Nadzeya_Kushner_AIN,team,Marharyta Tkachova / Uladzislava Skryhanava / Ina Sauchuk / Nadzeya Kushner,AIN
