competition_id,competition_name,year,event_date,discipline_key,discipline_name,event_key,event_name,gender,event_label,rank,medal,participant_type,participant_name,country_name,country_code,source_text,source_url
world_karate_championships,World Karate Championships,2002,2002-12-31,karate,Karate,kata,World Karate Championships Men Individual kata,men,Individual kata,1,gold,athlete,Takashi Katada,Japan,JPN,Takashi Katada Japan,https://en.wikipedia.org/wiki/2002_World_Karate_Championships
world_karate_championships,World Karate Championships,2002,2002-12-31,karate,Karate,kata,World Karate Championships Men Individual kata,men,Individual kata,2,silver,athlete,Javier Hernández,Spain,ESP,Javier Hernández Spain,https://en.wikipedia.org/wiki/2002_World_Karate_Championships
world_karate_championships,World Karate Championships,2002,2002-12-31,karate,Karate,kata,World Karate Championships Men Individual kata,men,Individual kata,3,bronze,athlete,Karim Sharif,Egypt,EGY,Karim Sharif Egypt,https://en.wikipedia.org/wiki/2002_World_Karate_Championships
world_karate_championships,World Karate Championships,2002,2002-12-31,karate,Karate,kata,World Karate Championships Men Individual kata,men,Individual kata,3,bronze,athlete,Antonio Díaz,Venezuela,VEN,Antonio Díaz Venezuela,https://en.wikipedia.org/wiki/2002_World_Karate_Championships
world_karate_championships,World Karate Championships,2002,2002-12-31,karate,Karate,kumite-60-kg,World Karate Championships Men Kumite −60 kg,men,Kumite −60 kg,1,gold,athlete,Damien Dovy,Benin,BEN,Damien Dovy Benin,https://en.wikipedia.org/wiki/2002_World_Karate_Championships
world_karate_championships,World Karate Championships,2002,2002-12-31,karate,Karate,kumite-60-kg,World Karate Championships Men Kumite −60 kg,men,Kumite −60 kg,2,silver,athlete,Cécil Boulesnane,France,FRA,Cécil Boulesnane France,https://en.wikipedia.org/wiki/2002_World_Karate_Championships
world_karate_championships,World Karate Championships,2002,2002-12-31,karate,Karate,kumite-60-kg,World Karate Championships Men Kumite −60 kg,men,Kumite −60 kg,3,bronze,athlete,Paul Newby,England,ENG,Paul Newby England,https://en.wikipedia.org/wiki/2002_World_Karate_Championships
world_karate_championships,World Karate Championships,2002,2002-12-31,karate,Karate,kumite-60-kg,World Karate Championships Men Kumite −60 kg,men,Kumite −60 kg,3,bronze,athlete,Hossein Rouhani,Iran,IRI,Hossein Rouhani Iran,https://en.wikipedia.org/wiki/2002_World_Karate_Championships
world_karate_championships,World Karate Championships,2002,2002-12-31,karate,Karate,kumite-65-kg,World Karate Championships Men Kumite −65 kg,men,Kumite −65 kg,1,gold,athlete,George Kotaka,United States,USA,George Kotaka United States,https://en.wikipedia.org/wiki/2002_World_Karate_Championships
world_karate_championships,World Karate Championships,2002,2002-12-31,karate,Karate,kumite-65-kg,World Karate Championships Men Kumite −65 kg,men,Kumite −65 kg,2,silver,athlete,Lazar Boskovic,Germany,DEU,Lazar Boskovic Germany,https://en.wikipedia.org/wiki/2002_World_Karate_Championships
world_karate_championships,World Karate Championships,2002,2002-12-31,karate,Karate,kumite-65-kg,World Karate Championships Men Kumite −65 kg,men,Kumite −65 kg,3,bronze,athlete,Mehdi Amouzadeh,Iran,IRI,Mehdi Amouzadeh Iran,https://en.wikipedia.org/wiki/2002_World_Karate_Championships
world_karate_championships,World Karate Championships,2002,2002-12-31,karate,Karate,kumite-65-kg,World Karate Championships Men Kumite −65 kg,men,Kumite −65 kg,3,bronze,athlete,Andrea Calzola,Italy,ITA,Andrea Calzola Italy,https://en.wikipedia.org/wiki/2002_World_Karate_Championships
world_karate_championships,World Karate Championships,2002,2002-12-31,karate,Karate,kumite-70-kg,World Karate Championships Men Kumite −70 kg,men,Kumite −70 kg,1,gold,athlete,Md Golam Zakaria,Italy,ITA,Md Golam Zakaria Italy,https://en.wikipedia.org/wiki/2002_World_Karate_Championships
world_karate_championships,World Karate Championships,2002,2002-12-31,karate,Karate,kumite-70-kg,World Karate Championships Men Kumite −70 kg,men,Kumite −70 kg,2,silver,athlete,Junior Lefevre,Croatia,HRV,Junior Lefevre Croatia,https://en.wikipedia.org/wiki/2002_World_Karate_Championships
world_karate_championships,World Karate Championships,2002,2002-12-31,karate,Karate,kumite-70-kg,World Karate Championships Men Kumite −70 kg,men,Kumite −70 kg,3,bronze,athlete,Óscar Vázquez,Spain,ESP,Óscar Vázquez Spain,https://en.wikipedia.org/wiki/2002_World_Karate_Championships
world_karate_championships,World Karate Championships,2002,2002-12-31,karate,Karate,kumite-70-kg,World Karate Championships Men Kumite −70 kg,men,Kumite −70 kg,3,bronze,athlete,Messaoud Hammou,France,FRA,Messaoud Hammou France,https://en.wikipedia.org/wiki/2002_World_Karate_Championships
world_karate_championships,World Karate Championships,2002,2002-12-31,karate,Karate,kumite-75-kg,World Karate Championships Men Kumite −75 kg,men,Kumite −75 kg,1,gold,athlete,Iván Leal,Spain,ESP,Iván Leal Spain,https://en.wikipedia.org/wiki/2002_World_Karate_Championships
world_karate_championships,World Karate Championships,2002,2002-12-31,karate,Karate,kumite-75-kg,World Karate Championships Men Kumite −75 kg,men,Kumite −75 kg,2,silver,athlete,Jasem Vishkaei,Iran,IRI,Jasem Vishkaei Iran,https://en.wikipedia.org/wiki/2002_World_Karate_Championships
world_karate_championships,World Karate Championships,2002,2002-12-31,karate,Karate,kumite-75-kg,World Karate Championships Men Kumite −75 kg,men,Kumite −75 kg,3,bronze,athlete,Köksal Çakır,Germany,DEU,Köksal Çakır Germany,https://en.wikipedia.org/wiki/2002_World_Karate_Championships
world_karate_championships,World Karate Championships,2002,2002-12-31,karate,Karate,kumite-75-kg,World Karate Championships Men Kumite −75 kg,men,Kumite −75 kg,3,bronze,athlete,İsmail Hakkı Şen,Türkiye,TUR,İsmail Hakkı Şen Turkey,https://en.wikipedia.org/wiki/2002_World_Karate_Championships
world_karate_championships,World Karate Championships,2002,2002-12-31,karate,Karate,kumite-80-kg,World Karate Championships Men Kumite −80 kg,men,Kumite −80 kg,1,gold,athlete,Yann Baillon,France,FRA,Yann Baillon France,https://en.wikipedia.org/wiki/2002_World_Karate_Championships
world_karate_championships,World Karate Championships,2002,2002-12-31,karate,Karate,kumite-80-kg,World Karate Championships Men Kumite −80 kg,men,Kumite −80 kg,2,silver,athlete,Daniël Sabanovic,Netherlands,NLD,Daniël Sabanovic Netherlands,https://en.wikipedia.org/wiki/2002_World_Karate_Championships
world_karate_championships,World Karate Championships,2002,2002-12-31,karate,Karate,kumite-80-kg,World Karate Championships Men Kumite −80 kg,men,Kumite −80 kg,3,bronze,athlete,Zeynel Çelik,Türkiye,TUR,Zeynel Çelik Turkey,https://en.wikipedia.org/wiki/2002_World_Karate_Championships
world_karate_championships,World Karate Championships,2002,2002-12-31,karate,Karate,kumite-80-kg,World Karate Championships Men Kumite −80 kg,men,Kumite −80 kg,3,bronze,athlete,Miloš Živković,Yugoslavia,YUG,Miloš Živković Yugoslavia,https://en.wikipedia.org/wiki/2002_World_Karate_Championships
world_karate_championships,World Karate Championships,2002,2002-12-31,karate,Karate,kumite-open,World Karate Championships Men Kumite open,men,Kumite open,1,gold,athlete,Predrag Stojadinov,Yugoslavia,YUG,Predrag Stojadinov Yugoslavia,https://en.wikipedia.org/wiki/2002_World_Karate_Championships
world_karate_championships,World Karate Championships,2002,2002-12-31,karate,Karate,kumite-open,World Karate Championships Men Kumite open,men,Kumite open,2,silver,athlete,Daniel Devigili,Austria,AUT,Daniel Devigili Austria,https://en.wikipedia.org/wiki/2002_World_Karate_Championships
world_karate_championships,World Karate Championships,2002,2002-12-31,karate,Karate,kumite-open,World Karate Championships Men Kumite open,men,Kumite open,3,bronze,athlete,Konstantinos Papadopoulos,Greece,GRC,Konstantinos Papadopoulos Greece,https://en.wikipedia.org/wiki/2002_World_Karate_Championships
world_karate_championships,World Karate Championships,2002,2002-12-31,karate,Karate,kumite-open,World Karate Championships Men Kumite open,men,Kumite open,3,bronze,athlete,Klaudio Farmadín,Slovakia,SVK,Klaudio Farmadín Slovakia,https://en.wikipedia.org/wiki/2002_World_Karate_Championships
world_karate_championships,World Karate Championships,2002,2002-12-31,karate,Karate,kumite-plus80-kg,World Karate Championships Men Kumite +80 kg,men,Kumite +80 kg,1,gold,athlete,Leon Walters,England,ENG,Leon Walters England,https://en.wikipedia.org/wiki/2002_World_Karate_Championships
world_karate_championships,World Karate Championships,2002,2002-12-31,karate,Karate,kumite-plus80-kg,World Karate Championships Men Kumite +80 kg,men,Kumite +80 kg,2,silver,athlete,Alexander Gerunov,Russia,RUS,Alexander Gerunov Russia,https://en.wikipedia.org/wiki/2002_World_Karate_Championships
world_karate_championships,World Karate Championships,2002,2002-12-31,karate,Karate,kumite-plus80-kg,World Karate Championships Men Kumite +80 kg,men,Kumite +80 kg,3,bronze,athlete,Jan Tuček,Czech Republic,CZE,Jan Tuček Czech Republic,https://en.wikipedia.org/wiki/2002_World_Karate_Championships
world_karate_championships,World Karate Championships,2002,2002-12-31,karate,Karate,kumite-plus80-kg,World Karate Championships Men Kumite +80 kg,men,Kumite +80 kg,3,bronze,athlete,Seydina Baldé,France,FRA,Seydina Baldé France,https://en.wikipedia.org/wiki/2002_World_Karate_Championships
world_karate_championships,World Karate Championships,2002,2002-12-31,karate,Karate,team-kata,World Karate Championships Men Team kata,men,Team kata,1,gold,team,Japan Men Team kata,Japan,JPN,Japan,https://en.wikipedia.org/wiki/2002_World_Karate_Championships
world_karate_championships,World Karate Championships,2002,2002-12-31,karate,Karate,team-kata,World Karate Championships Men Team kata,men,Team kata,2,silver,team,Spain Men Team kata,Spain,ESP,Spain Javier Hernández Víctor López Fernando San José,https://en.wikipedia.org/wiki/2002_World_Karate_Championships
world_karate_championships,World Karate Championships,2002,2002-12-31,karate,Karate,team-kata,World Karate Championships Men Team kata,men,Team kata,3,bronze,team,Croatia Men Team kata,Croatia,HRV,Croatia,https://en.wikipedia.org/wiki/2002_World_Karate_Championships
world_karate_championships,World Karate Championships,2002,2002-12-31,karate,Karate,team-kata,World Karate Championships Men Team kata,men,Team kata,3,bronze,team,Italy Men Team kata,Italy,ITA,Italy Vincenzo Figuccio Lucio Maurino Luca Valdesi,https://en.wikipedia.org/wiki/2002_World_Karate_Championships
world_karate_championships,World Karate Championships,2002,2002-12-31,karate,Karate,team-kumite,World Karate Championships Men Team kumite,men,Team kumite,1,gold,team,Spain Men Team kumite,Spain,ESP,Spain Tomás Herrero Iván Leal Francisco Martínez Óscar Martínez Ángel Ramiro David Santana Óscar Vázquez,https://en.wikipedia.org/wiki/2002_World_Karate_Championships
world_karate_championships,World Karate Championships,2002,2002-12-31,karate,Karate,team-kumite,World Karate Championships Men Team kumite,men,Team kumite,2,silver,team,England Men Team kumite,England,ENG,England,https://en.wikipedia.org/wiki/2002_World_Karate_Championships
world_karate_championships,World Karate Championships,2002,2002-12-31,karate,Karate,team-kumite,World Karate Championships Men Team kumite,men,Team kumite,3,bronze,team,France Men Team kumite,France,FRA,France Yann Baillon Seydina Baldé Olivier Beaudry Rida Bel Lahsen Alexandre Biamonti David Félix Messaoud Hammou,https://en.wikipedia.org/wiki/2002_World_Karate_Championships
world_karate_championships,World Karate Championships,2002,2002-12-31,karate,Karate,team-kumite,World Karate Championships Men Team kumite,men,Team kumite,3,bronze,team,Iran Men Team kumite,Iran,IRI,Iran Mehdi Amouzadeh Mehran Behnamfar Maziar Elhami Alireza Katiraei Nasser Khajeh-Hosseini Hassan Shaterzadeh Jasem Vishkaei,https://en.wikipedia.org/wiki/2002_World_Karate_Championships
world_karate_championships,World Karate Championships,2002,2002-12-31,karate,Karate,kata,World Karate Championships Women Individual kata,women,Individual kata,1,gold,athlete,Atsuko Wakai,Japan,JPN,Atsuko Wakai Japan,https://en.wikipedia.org/wiki/2002_World_Karate_Championships
world_karate_championships,World Karate Championships,2002,2002-12-31,karate,Karate,kata,World Karate Championships Women Individual kata,women,Individual kata,2,silver,athlete,Myriam Szkudlarek,France,FRA,Myriam Szkudlarek France,https://en.wikipedia.org/wiki/2002_World_Karate_Championships
world_karate_championships,World Karate Championships,2002,2002-12-31,karate,Karate,kata,World Karate Championships Women Individual kata,women,Individual kata,3,bronze,athlete,Marcela Remiášová,Slovakia,SVK,Marcela Remiášová Slovakia,https://en.wikipedia.org/wiki/2002_World_Karate_Championships
world_karate_championships,World Karate Championships,2002,2002-12-31,karate,Karate,kata,World Karate Championships Women Individual kata,women,Individual kata,3,bronze,athlete,Yohana Sánchez,Venezuela,VEN,Yohana Sánchez Venezuela,https://en.wikipedia.org/wiki/2002_World_Karate_Championships
world_karate_championships,World Karate Championships,2002,2002-12-31,karate,Karate,kumite-53-kg,World Karate Championships Women Kumite −53 kg,women,Kumite −53 kg,1,gold,athlete,Kora Knühmann,Germany,DEU,Kora Knühmann Germany,https://en.wikipedia.org/wiki/2002_World_Karate_Championships
world_karate_championships,World Karate Championships,2002,2002-12-31,karate,Karate,kumite-53-kg,World Karate Championships Women Kumite −53 kg,women,Kumite −53 kg,2,silver,athlete,Michela Nanni,Italy,ITA,Michela Nanni Italy,https://en.wikipedia.org/wiki/2002_World_Karate_Championships
world_karate_championships,World Karate Championships,2002,2002-12-31,karate,Karate,kumite-53-kg,World Karate Championships Women Kumite −53 kg,women,Kumite −53 kg,3,bronze,athlete,Nadia Mecheri,France,FRA,Nadia Mecheri France,https://en.wikipedia.org/wiki/2002_World_Karate_Championships
world_karate_championships,World Karate Championships,2002,2002-12-31,karate,Karate,kumite-53-kg,World Karate Championships Women Kumite −53 kg,women,Kumite −53 kg,3,bronze,athlete,Sandu Anghel,Romania,ROU,Sandu Anghel Romania,https://en.wikipedia.org/wiki/2002_World_Karate_Championships
world_karate_championships,World Karate Championships,2002,2002-12-31,karate,Karate,kumite-60-kg,World Karate Championships Women Kumite −60 kg,women,Kumite −60 kg,1,gold,athlete,Nathalie Leroy,France,FRA,Nathalie Leroy France,https://en.wikipedia.org/wiki/2002_World_Karate_Championships
world_karate_championships,World Karate Championships,2002,2002-12-31,karate,Karate,kumite-60-kg,World Karate Championships Women Kumite −60 kg,women,Kumite −60 kg,2,silver,athlete,Ibtissem Hannachi,Tunisia,TUN,Ibtissem Hannachi Tunisia,https://en.wikipedia.org/wiki/2002_World_Karate_Championships
world_karate_championships,World Karate Championships,2002,2002-12-31,karate,Karate,kumite-60-kg,World Karate Championships Women Kumite −60 kg,women,Kumite −60 kg,3,bronze,athlete,Alexandra Witteborn,Germany,DEU,Alexandra Witteborn Germany,https://en.wikipedia.org/wiki/2002_World_Karate_Championships
world_karate_championships,World Karate Championships,2002,2002-12-31,karate,Karate,kumite-60-kg,World Karate Championships Women Kumite −60 kg,women,Kumite −60 kg,3,bronze,athlete,Yoko Takahashi,Japan,JPN,Yoko Takahashi Japan,https://en.wikipedia.org/wiki/2002_World_Karate_Championships
world_karate_championships,World Karate Championships,2002,2002-12-31,karate,Karate,kumite-open,World Karate Championships Women Kumite open,women,Kumite open,1,gold,athlete,Snežana Perić,Yugoslavia,YUG,Snežana Perić Yugoslavia,https://en.wikipedia.org/wiki/2002_World_Karate_Championships
world_karate_championships,World Karate Championships,2002,2002-12-31,karate,Karate,kumite-open,World Karate Championships Women Kumite open,women,Kumite open,2,silver,athlete,Tessy Scholtes,Luxembourg,LUX,Tessy Scholtes Luxembourg,https://en.wikipedia.org/wiki/2002_World_Karate_Championships
world_karate_championships,World Karate Championships,2002,2002-12-31,karate,Karate,kumite-open,World Karate Championships Women Kumite open,women,Kumite open,3,bronze,athlete,Roberta Minet,Italy,ITA,Roberta Minet Italy,https://en.wikipedia.org/wiki/2002_World_Karate_Championships
world_karate_championships,World Karate Championships,2002,2002-12-31,karate,Karate,kumite-open,World Karate Championships Women Kumite open,women,Kumite open,3,bronze,athlete,Premila Supramaniam,Malaysia,MYS,Premila Supramaniam Malaysia,https://en.wikipedia.org/wiki/2002_World_Karate_Championships
world_karate_championships,World Karate Championships,2002,2002-12-31,karate,Karate,kumite-plus60-kg,World Karate Championships Women Kumite +60 kg,women,Kumite +60 kg,1,gold,athlete,Elisa Au,United States,USA,Elisa Au United States,https://en.wikipedia.org/wiki/2002_World_Karate_Championships
world_karate_championships,World Karate Championships,2002,2002-12-31,karate,Karate,kumite-plus60-kg,World Karate Championships Women Kumite +60 kg,women,Kumite +60 kg,2,silver,athlete,Zsuzsanna Klima,Hungary,HUN,Zsuzsanna Klima Hungary,https://en.wikipedia.org/wiki/2002_World_Karate_Championships
world_karate_championships,World Karate Championships,2002,2002-12-31,karate,Karate,kumite-plus60-kg,World Karate Championships Women Kumite +60 kg,women,Kumite +60 kg,3,bronze,athlete,Lucélia Ribeiro,Brazil,BRA,Lucélia Ribeiro Brazil,https://en.wikipedia.org/wiki/2002_World_Karate_Championships
world_karate_championships,World Karate Championships,2002,2002-12-31,karate,Karate,kumite-plus60-kg,World Karate Championships Women Kumite +60 kg,women,Kumite +60 kg,3,bronze,athlete,Laurence Fischer,France,FRA,Laurence Fischer France,https://en.wikipedia.org/wiki/2002_World_Karate_Championships
world_karate_championships,World Karate Championships,2002,2002-12-31,karate,Karate,team-kata,World Karate Championships Women Team kata,women,Team kata,1,gold,team,France Women Team kata,France,FRA,France Jessica Buil Sabrina Buil Laëtitia Guesnel,https://en.wikipedia.org/wiki/2002_World_Karate_Championships
world_karate_championships,World Karate Championships,2002,2002-12-31,karate,Karate,team-kata,World Karate Championships Women Team kata,women,Team kata,2,silver,team,Japan Women Team kata,Japan,JPN,Japan,https://en.wikipedia.org/wiki/2002_World_Karate_Championships
world_karate_championships,World Karate Championships,2002,2002-12-31,karate,Karate,team-kata,World Karate Championships Women Team kata,women,Team kata,3,bronze,team,Spain Women Team kata,Spain,ESP,Spain Miriam Cogolludo Ruth Jiménez Almudena Muñoz,https://en.wikipedia.org/wiki/2002_World_Karate_Championships
world_karate_championships,World Karate Championships,2002,2002-12-31,karate,Karate,team-kata,World Karate Championships Women Team kata,women,Team kata,3,bronze,team,Italy Women Team kata,Italy,ITA,Italy Luisa Arrabito Alessia Gasperini Annalisa Penolazzi,https://en.wikipedia.org/wiki/2002_World_Karate_Championships
world_karate_championships,World Karate Championships,2002,2002-12-31,karate,Karate,team-kumite,World Karate Championships Women Team kumite,women,Team kumite,1,gold,team,Spain Women Team kumite,Spain,ESP,Spain Gloria Casanova Cristina Feo Noelia Fernández Estefanía García,https://en.wikipedia.org/wiki/2002_World_Karate_Championships
world_karate_championships,World Karate Championships,2002,2002-12-31,karate,Karate,team-kumite,World Karate Championships Women Team kumite,women,Team kumite,2,silver,team,France Women Team kumite,France,FRA,France Patricia Chéreau Laurence Fischer Nathalie Leroy Nadia Mecheri,https://en.wikipedia.org/wiki/2002_World_Karate_Championships
world_karate_championships,World Karate Championships,2002,2002-12-31,karate,Karate,team-kumite,World Karate Championships Women Team kumite,women,Team kumite,3,bronze,team,England Women Team kumite,England,ENG,England,https://en.wikipedia.org/wiki/2002_World_Karate_Championships
world_karate_championships,World Karate Championships,2002,2002-12-31,karate,Karate,team-kumite,World Karate Championships Women Team kumite,women,Team kumite,3,bronze,team,Türkiye Women Team kumite,Türkiye,TUR,Turkey Yıldız Aras Gülderen Çelik Meral Ölmez,https://en.wikipedia.org/wiki/2002_World_Karate_Championships
world_karate_championships,World Karate Championships,2004,2004-12-31,karate,Karate,kata,World Karate Championships Men Individual kata,men,Individual kata,1,gold,athlete,Luca Valdesi,Italy,ITA,Luca Valdesi Italy,https://en.wikipedia.org/wiki/2004_World_Karate_Championships
world_karate_championships,World Karate Championships,2004,2004-12-31,karate,Karate,kata,World Karate Championships Men Individual kata,men,Individual kata,2,silver,athlete,Akio Tamashiro,Peru,PER,Akio Tamashiro Peru,https://en.wikipedia.org/wiki/2004_World_Karate_Championships
world_karate_championships,World Karate Championships,2004,2004-12-31,karate,Karate,kata,World Karate Championships Men Individual kata,men,Individual kata,3,bronze,athlete,Toshihide Uchiage,Canada,CAN,Toshihide Uchiage Canada,https://en.wikipedia.org/wiki/2004_World_Karate_Championships
world_karate_championships,World Karate Championships,2004,2004-12-31,karate,Karate,kata,World Karate Championships Men Individual kata,men,Individual kata,3,bronze,athlete,Antonio Díaz,Venezuela,VEN,Antonio Díaz Venezuela,https://en.wikipedia.org/wiki/2004_World_Karate_Championships
world_karate_championships,World Karate Championships,2004,2004-12-31,karate,Karate,kumite-60-kg,World Karate Championships Men Kumite −60 kg,men,Kumite −60 kg,1,gold,athlete,Paul Newby,England,ENG,Paul Newby England,https://en.wikipedia.org/wiki/2004_World_Karate_Championships
world_karate_championships,World Karate Championships,2004,2004-12-31,karate,Karate,kumite-60-kg,World Karate Championships Men Kumite −60 kg,men,Kumite −60 kg,2,silver,athlete,Hossein Rouhani,Iran,IRI,Hossein Rouhani Iran,https://en.wikipedia.org/wiki/2004_World_Karate_Championships
world_karate_championships,World Karate Championships,2004,2004-12-31,karate,Karate,kumite-60-kg,World Karate Championships Men Kumite −60 kg,men,Kumite −60 kg,3,bronze,athlete,David Luque,Spain,ESP,David Luque Spain,https://en.wikipedia.org/wiki/2004_World_Karate_Championships
world_karate_championships,World Karate Championships,2004,2004-12-31,karate,Karate,kumite-60-kg,World Karate Championships Men Kumite −60 kg,men,Kumite −60 kg,3,bronze,athlete,Yury Kalashnikov,Russia,RUS,Yury Kalashnikov Russia,https://en.wikipedia.org/wiki/2004_World_Karate_Championships
world_karate_championships,World Karate Championships,2004,2004-12-31,karate,Karate,kumite-65-kg,World Karate Championships Men Kumite −65 kg,men,Kumite −65 kg,1,gold,athlete,Luis Plumacher,Venezuela,VEN,Luis Plumacher Venezuela,https://en.wikipedia.org/wiki/2004_World_Karate_Championships
world_karate_championships,World Karate Championships,2004,2004-12-31,karate,Karate,kumite-65-kg,World Karate Championships Men Kumite −65 kg,men,Kumite −65 kg,2,silver,athlete,Ádám Kovács,Hungary,HUN,Ádám Kovács Hungary,https://en.wikipedia.org/wiki/2004_World_Karate_Championships
world_karate_championships,World Karate Championships,2004,2004-12-31,karate,Karate,kumite-65-kg,World Karate Championships Men Kumite −65 kg,men,Kumite −65 kg,3,bronze,athlete,Lucio Martínez,Argentina,ARG,Lucio Martínez Argentina,https://en.wikipedia.org/wiki/2004_World_Karate_Championships
world_karate_championships,World Karate Championships,2004,2004-12-31,karate,Karate,kumite-65-kg,World Karate Championships Men Kumite −65 kg,men,Kumite −65 kg,3,bronze,athlete,Alexandre Biamonti,France,FRA,Alexandre Biamonti France,https://en.wikipedia.org/wiki/2004_World_Karate_Championships
world_karate_championships,World Karate Championships,2004,2004-12-31,karate,Karate,kumite-70-kg,World Karate Championships Men Kumite −70 kg,men,Kumite −70 kg,1,gold,athlete,Shinji Nagaki,Japan,JPN,Shinji Nagaki Japan,https://en.wikipedia.org/wiki/2004_World_Karate_Championships
world_karate_championships,World Karate Championships,2004,2004-12-31,karate,Karate,kumite-70-kg,World Karate Championships Men Kumite −70 kg,men,Kumite −70 kg,2,silver,athlete,Mensur Cakić,Bosnia and Herzegovina,BIH,Mensur Cakić Bosnia and Herzegovina,https://en.wikipedia.org/wiki/2004_World_Karate_Championships
world_karate_championships,World Karate Championships,2004,2004-12-31,karate,Karate,kumite-70-kg,World Karate Championships Men Kumite −70 kg,men,Kumite −70 kg,3,bronze,athlete,Óscar Vázquez,Spain,ESP,Óscar Vázquez Spain,https://en.wikipedia.org/wiki/2004_World_Karate_Championships
world_karate_championships,World Karate Championships,2004,2004-12-31,karate,Karate,kumite-70-kg,World Karate Championships Men Kumite −70 kg,men,Kumite −70 kg,3,bronze,athlete,Sayguidmagomed Shakhrudinov,Russia,RUS,Sayguidmagomed Shakhrudinov Russia,https://en.wikipedia.org/wiki/2004_World_Karate_Championships
world_karate_championships,World Karate Championships,2004,2004-12-31,karate,Karate,kumite-75-kg,World Karate Championships Men Kumite −75 kg,men,Kumite −75 kg,1,gold,athlete,David Santana,Spain,ESP,David Santana Spain,https://en.wikipedia.org/wiki/2004_World_Karate_Championships
world_karate_championships,World Karate Championships,2004,2004-12-31,karate,Karate,kumite-75-kg,World Karate Championships Men Kumite −75 kg,men,Kumite −75 kg,2,silver,athlete,Konstantinos Papadopoulos,Greece,GRC,Konstantinos Papadopoulos Greece,https://en.wikipedia.org/wiki/2004_World_Karate_Championships
world_karate_championships,World Karate Championships,2004,2004-12-31,karate,Karate,kumite-75-kg,World Karate Championships Men Kumite −75 kg,men,Kumite −75 kg,3,bronze,athlete,Klaudio Farmadín,Slovakia,SVK,Klaudio Farmadín Slovakia,https://en.wikipedia.org/wiki/2004_World_Karate_Championships
world_karate_championships,World Karate Championships,2004,2004-12-31,karate,Karate,kumite-75-kg,World Karate Championships Men Kumite −75 kg,men,Kumite −75 kg,3,bronze,athlete,Yavuz Karamollaoğlu,Türkiye,TUR,Yavuz Karamollaoğlu Turkey,https://en.wikipedia.org/wiki/2004_World_Karate_Championships
world_karate_championships,World Karate Championships,2004,2004-12-31,karate,Karate,kumite-80-kg,World Karate Championships Men Kumite −80 kg,men,Kumite −80 kg,1,gold,athlete,Zeynel Çelik,Türkiye,TUR,Zeynel Çelik Turkey,https://en.wikipedia.org/wiki/2004_World_Karate_Championships
world_karate_championships,World Karate Championships,2004,2004-12-31,karate,Karate,kumite-80-kg,World Karate Championships Men Kumite −80 kg,men,Kumite −80 kg,2,silver,athlete,Daniël Sabanovic,Netherlands,NLD,Daniël Sabanovic Netherlands,https://en.wikipedia.org/wiki/2004_World_Karate_Championships
world_karate_championships,World Karate Championships,2004,2004-12-31,karate,Karate,kumite-80-kg,World Karate Championships Men Kumite −80 kg,men,Kumite −80 kg,3,bronze,athlete,Yann Baillon,France,FRA,Yann Baillon France,https://en.wikipedia.org/wiki/2004_World_Karate_Championships
world_karate_championships,World Karate Championships,2004,2004-12-31,karate,Karate,kumite-80-kg,World Karate Championships Men Kumite −80 kg,men,Kumite −80 kg,3,bronze,athlete,John Fonseca,United States,USA,John Fonseca United States,https://en.wikipedia.org/wiki/2004_World_Karate_Championships
world_karate_championships,World Karate Championships,2004,2004-12-31,karate,Karate,kumite-open,World Karate Championships Men Kumite open,men,Kumite open,1,gold,athlete,Rory Daniels,England,ENG,Rory Daniels England,https://en.wikipedia.org/wiki/2004_World_Karate_Championships
world_karate_championships,World Karate Championships,2004,2004-12-31,karate,Karate,kumite-open,World Karate Championships Men Kumite open,men,Kumite open,2,silver,athlete,Seydina Baldé,France,FRA,Seydina Baldé France,https://en.wikipedia.org/wiki/2004_World_Karate_Championships
world_karate_championships,World Karate Championships,2004,2004-12-31,karate,Karate,kumite-open,World Karate Championships Men Kumite open,men,Kumite open,3,bronze,athlete,Mehran Behnamfar,Iran,IRI,Mehran Behnamfar Iran,https://en.wikipedia.org/wiki/2004_World_Karate_Championships
world_karate_championships,World Karate Championships,2004,2004-12-31,karate,Karate,kumite-open,World Karate Championships Men Kumite open,men,Kumite open,3,bronze,athlete,Stefano Maniscalco,Italy,ITA,Stefano Maniscalco Italy,https://en.wikipedia.org/wiki/2004_World_Karate_Championships
world_karate_championships,World Karate Championships,2004,2004-12-31,karate,Karate,kumite-plus80-kg,World Karate Championships Men Kumite +80 kg,men,Kumite +80 kg,1,gold,athlete,Alexander Gerunov,Russia,RUS,Alexander Gerunov Russia,https://en.wikipedia.org/wiki/2004_World_Karate_Championships
world_karate_championships,World Karate Championships,2004,2004-12-31,karate,Karate,kumite-plus80-kg,World Karate Championships Men Kumite +80 kg,men,Kumite +80 kg,2,silver,athlete,Leon Walters,England,ENG,Leon Walters England,https://en.wikipedia.org/wiki/2004_World_Karate_Championships
world_karate_championships,World Karate Championships,2004,2004-12-31,karate,Karate,kumite-plus80-kg,World Karate Championships Men Kumite +80 kg,men,Kumite +80 kg,3,bronze,athlete,Thomas Bjuring,Denmark,DNK,Thomas Bjuring Denmark,https://en.wikipedia.org/wiki/2004_World_Karate_Championships
world_karate_championships,World Karate Championships,2004,2004-12-31,karate,Karate,kumite-plus80-kg,World Karate Championships Men Kumite +80 kg,men,Kumite +80 kg,3,bronze,athlete,Alen Zamlić,Croatia,HRV,Alen Zamlić Croatia,https://en.wikipedia.org/wiki/2004_World_Karate_Championships
world_karate_championships,World Karate Championships,2004,2004-12-31,karate,Karate,team-kata,World Karate Championships Men Team kata,men,Team kata,1,gold,team,Italy Men Team kata,Italy,ITA,Italy Vincenzo Figuccio Lucio Maurino Luca Valdesi,https://en.wikipedia.org/wiki/2004_World_Karate_Championships
world_karate_championships,World Karate Championships,2004,2004-12-31,karate,Karate,team-kata,World Karate Championships Men Team kata,men,Team kata,2,silver,team,Japan Men Team kata,Japan,JPN,Japan,https://en.wikipedia.org/wiki/2004_World_Karate_Championships
world_karate_championships,World Karate Championships,2004,2004-12-31,karate,Karate,team-kata,World Karate Championships Men Team kata,men,Team kata,3,bronze,team,France Men Team kata,France,FRA,France Julien Dupont Ayoub Neghliz Jonathan Plagnol,https://en.wikipedia.org/wiki/2004_World_Karate_Championships
world_karate_championships,World Karate Championships,2004,2004-12-31,karate,Karate,team-kata,World Karate Championships Men Team kata,men,Team kata,3,bronze,team,Mexico Men Team kata,Mexico,MEX,Mexico Martín Romero José Romero Jesús Ruíz,https://en.wikipedia.org/wiki/2004_World_Karate_Championships
world_karate_championships,World Karate Championships,2004,2004-12-31,karate,Karate,team-kumite,World Karate Championships Men Team kumite,men,Team kumite,1,gold,team,France Men Team kumite,France,FRA,France Yann Baillon Seydina Baldé Olivier Beaudry Ludovic Cacheux Franck Chantalou Guillaume Cossou Florian Malguy,https://en.wikipedia.org/wiki/2004_World_Karate_Championships
world_karate_championships,World Karate Championships,2004,2004-12-31,karate,Karate,team-kumite,World Karate Championships Men Team kumite,men,Team kumite,2,silver,team,Spain Men Team kumite,Spain,ESP,Spain Santiago Bayo Sergio Cubero Iván Leal Francisco Martínez Óscar Martínez David Santana Óscar Vázquez,https://en.wikipedia.org/wiki/2004_World_Karate_Championships
world_karate_championships,World Karate Championships,2004,2004-12-31,karate,Karate,team-kumite,World Karate Championships Men Team kumite,men,Team kumite,3,bronze,team,Italy Men Team kumite,Italy,ITA,Italy Davide Benetello Giuseppe Di Domenico Vincenzo Iarnone Biagio Laforgia Salvatore Loria Stefano Maniscalco Ciro Massa,https://en.wikipedia.org/wiki/2004_World_Karate_Championships
world_karate_championships,World Karate Championships,2004,2004-12-31,karate,Karate,team-kumite,World Karate Championships Men Team kumite,men,Team kumite,3,bronze,team,Russia Men Team kumite,Russia,RUS,Russia,https://en.wikipedia.org/wiki/2004_World_Karate_Championships
world_karate_championships,World Karate Championships,2004,2004-12-31,karate,Karate,kata,World Karate Championships Women Individual kata,women,Individual kata,1,gold,athlete,Atsuko Wakai,Japan,JPN,Atsuko Wakai Japan,https://en.wikipedia.org/wiki/2004_World_Karate_Championships
world_karate_championships,World Karate Championships,2004,2004-12-31,karate,Karate,kata,World Karate Championships Women Individual kata,women,Individual kata,2,silver,athlete,Myriam Szkudlarek,France,FRA,Myriam Szkudlarek France,https://en.wikipedia.org/wiki/2004_World_Karate_Championships
world_karate_championships,World Karate Championships,2004,2004-12-31,karate,Karate,kata,World Karate Championships Women Individual kata,women,Individual kata,3,bronze,athlete,Alessandra Caribé,Brazil,BRA,Alessandra Caribé Brazil,https://en.wikipedia.org/wiki/2004_World_Karate_Championships
world_karate_championships,World Karate Championships,2004,2004-12-31,karate,Karate,kata,World Karate Championships Women Individual kata,women,Individual kata,3,bronze,athlete,Yohana Sánchez,Venezuela,VEN,Yohana Sánchez Venezuela,https://en.wikipedia.org/wiki/2004_World_Karate_Championships
world_karate_championships,World Karate Championships,2004,2004-12-31,karate,Karate,kumite-53-kg,World Karate Championships Women Kumite −53 kg,women,Kumite −53 kg,1,gold,athlete,Tomoko Araga,Japan,JPN,Tomoko Araga Japan,https://en.wikipedia.org/wiki/2004_World_Karate_Championships
world_karate_championships,World Karate Championships,2004,2004-12-31,karate,Karate,kumite-53-kg,World Karate Championships Women Kumite −53 kg,women,Kumite −53 kg,2,silver,athlete,Cheili González,Guatemala,GTM,Cheili González Guatemala,https://en.wikipedia.org/wiki/2004_World_Karate_Championships
world_karate_championships,World Karate Championships,2004,2004-12-31,karate,Karate,kumite-53-kg,World Karate Championships Women Kumite −53 kg,women,Kumite −53 kg,3,bronze,athlete,Kora Knühmann,Germany,DEU,Kora Knühmann Germany,https://en.wikipedia.org/wiki/2004_World_Karate_Championships
world_karate_championships,World Karate Championships,2004,2004-12-31,karate,Karate,kumite-53-kg,World Karate Championships Women Kumite −53 kg,women,Kumite −53 kg,3,bronze,athlete,Shannon Nishi,United States,USA,Shannon Nishi United States,https://en.wikipedia.org/wiki/2004_World_Karate_Championships
world_karate_championships,World Karate Championships,2004,2004-12-31,karate,Karate,kumite-60-kg,World Karate Championships Women Kumite −60 kg,women,Kumite −60 kg,1,gold,athlete,Yadira Lira,Mexico,MEX,Yadira Lira Mexico,https://en.wikipedia.org/wiki/2004_World_Karate_Championships
world_karate_championships,World Karate Championships,2004,2004-12-31,karate,Karate,kumite-60-kg,World Karate Championships Women Kumite −60 kg,women,Kumite −60 kg,2,silver,athlete,Nathalie Leroy,France,FRA,Nathalie Leroy France,https://en.wikipedia.org/wiki/2004_World_Karate_Championships
world_karate_championships,World Karate Championships,2004,2004-12-31,karate,Karate,kumite-60-kg,World Karate Championships Women Kumite −60 kg,women,Kumite −60 kg,3,bronze,athlete,Alexandra Kurtz,Germany,DEU,Alexandra Kurtz Germany,https://en.wikipedia.org/wiki/2004_World_Karate_Championships
world_karate_championships,World Karate Championships,2004,2004-12-31,karate,Karate,kumite-60-kg,World Karate Championships Women Kumite −60 kg,women,Kumite −60 kg,3,bronze,athlete,Noelia Fernández,Spain,ESP,Noelia Fernández Spain,https://en.wikipedia.org/wiki/2004_World_Karate_Championships
world_karate_championships,World Karate Championships,2004,2004-12-31,karate,Karate,kumite-open,World Karate Championships Women Kumite open,women,Kumite open,1,gold,athlete,Elisa Au,United States,USA,Elisa Au United States,https://en.wikipedia.org/wiki/2004_World_Karate_Championships
world_karate_championships,World Karate Championships,2004,2004-12-31,karate,Karate,kumite-open,World Karate Championships Women Kumite open,women,Kumite open,2,silver,athlete,Nadine Ziemer,Germany,DEU,Nadine Ziemer Germany,https://en.wikipedia.org/wiki/2004_World_Karate_Championships
world_karate_championships,World Karate Championships,2004,2004-12-31,karate,Karate,kumite-open,World Karate Championships Women Kumite open,women,Kumite open,3,bronze,athlete,Zsuzsanna Klima,Hungary,HUN,Zsuzsanna Klima Hungary,https://en.wikipedia.org/wiki/2004_World_Karate_Championships
world_karate_championships,World Karate Championships,2004,2004-12-31,karate,Karate,kumite-open,World Karate Championships Women Kumite open,women,Kumite open,3,bronze,athlete,Vanesca Nortan,Netherlands,NLD,Vanesca Nortan Netherlands,https://en.wikipedia.org/wiki/2004_World_Karate_Championships
world_karate_championships,World Karate Championships,2004,2004-12-31,karate,Karate,kumite-plus60-kg,World Karate Championships Women Kumite +60 kg,women,Kumite +60 kg,1,gold,athlete,Elisa Au,United States,USA,Elisa Au United States,https://en.wikipedia.org/wiki/2004_World_Karate_Championships
world_karate_championships,World Karate Championships,2004,2004-12-31,karate,Karate,kumite-plus60-kg,World Karate Championships Women Kumite +60 kg,women,Kumite +60 kg,2,silver,athlete,Vanesca Nortan,Netherlands,NLD,Vanesca Nortan Netherlands,https://en.wikipedia.org/wiki/2004_World_Karate_Championships
world_karate_championships,World Karate Championships,2004,2004-12-31,karate,Karate,kumite-plus60-kg,World Karate Championships Women Kumite +60 kg,women,Kumite +60 kg,3,bronze,athlete,Laurence Fischer,France,FRA,Laurence Fischer France,https://en.wikipedia.org/wiki/2004_World_Karate_Championships
world_karate_championships,World Karate Championships,2004,2004-12-31,karate,Karate,kumite-plus60-kg,World Karate Championships Women Kumite +60 kg,women,Kumite +60 kg,3,bronze,athlete,Zsuzsanna Klima,Hungary,HUN,Zsuzsanna Klima Hungary,https://en.wikipedia.org/wiki/2004_World_Karate_Championships
world_karate_championships,World Karate Championships,2004,2004-12-31,karate,Karate,team-kata,World Karate Championships Women Team kata,women,Team kata,1,gold,team,Japan Women Team kata,Japan,JPN,Japan,https://en.wikipedia.org/wiki/2004_World_Karate_Championships
world_karate_championships,World Karate Championships,2004,2004-12-31,karate,Karate,team-kata,World Karate Championships Women Team kata,women,Team kata,2,silver,team,France Women Team kata,France,FRA,France Jessica Buil Sabrina Buil Laëtitia Guesnel,https://en.wikipedia.org/wiki/2004_World_Karate_Championships
world_karate_championships,World Karate Championships,2004,2004-12-31,karate,Karate,team-kata,World Karate Championships Women Team kata,women,Team kata,3,bronze,team,Brazil Women Team kata,Brazil,BRA,Brazil,https://en.wikipedia.org/wiki/2004_World_Karate_Championships
world_karate_championships,World Karate Championships,2004,2004-12-31,karate,Karate,team-kata,World Karate Championships Women Team kata,women,Team kata,3,bronze,team,Spain Women Team kata,Spain,ESP,Spain Miriam Cogolludo Ruth Jiménez Almudena Muñoz,https://en.wikipedia.org/wiki/2004_World_Karate_Championships
world_karate_championships,World Karate Championships,2004,2004-12-31,karate,Karate,team-kumite,World Karate Championships Women Team kumite,women,Team kumite,1,gold,team,Türkiye Women Team kumite,Türkiye,TUR,Turkey Yıldız Aras Gülderen Çelik Vildan Doğan Meral Ölmez,https://en.wikipedia.org/wiki/2004_World_Karate_Championships
world_karate_championships,World Karate Championships,2004,2004-12-31,karate,Karate,team-kumite,World Karate Championships Women Team kumite,women,Team kumite,2,silver,team,Spain Women Team kumite,Spain,ESP,Spain Gloria Casanova Cristina Feo Noelia Fernández Estefanía García,https://en.wikipedia.org/wiki/2004_World_Karate_Championships
world_karate_championships,World Karate Championships,2004,2004-12-31,karate,Karate,team-kumite,World Karate Championships Women Team kumite,women,Team kumite,3,bronze,team,Germany Women Team kumite,Germany,DEU,Germany Yasmina Benadda Kora Knühmann Alexandra Kurtz Nadine Ziemer,https://en.wikipedia.org/wiki/2004_World_Karate_Championships
world_karate_championships,World Karate Championships,2004,2004-12-31,karate,Karate,team-kumite,World Karate Championships Women Team kumite,women,Team kumite,3,bronze,team,France Women Team kumite,France,FRA,France Patricia Chéreau Laurence Fischer Nathalie Leroy Nadia Mécheri,https://en.wikipedia.org/wiki/2004_World_Karate_Championships
world_karate_championships,World Karate Championships,2006,2006-12-31,karate,Karate,kata,World Karate Championships Men Individual kata,men,Individual kata,1,gold,athlete,Luca Valdesi,Italy,ITA,Luca Valdesi Italy,https://en.wikipedia.org/wiki/2006_World_Karate_Championships
world_karate_championships,World Karate Championships,2006,2006-12-31,karate,Karate,kata,World Karate Championships Men Individual kata,men,Individual kata,2,silver,athlete,Takashi Katada,Japan,JPN,Takashi Katada Japan,https://en.wikipedia.org/wiki/2006_World_Karate_Championships
world_karate_championships,World Karate Championships,2006,2006-12-31,karate,Karate,kata,World Karate Championships Men Individual kata,men,Individual kata,3,bronze,athlete,Akio Tamashiro,Peru,PER,Akio Tamashiro Peru,https://en.wikipedia.org/wiki/2006_World_Karate_Championships
world_karate_championships,World Karate Championships,2006,2006-12-31,karate,Karate,kata,World Karate Championships Men Individual kata,men,Individual kata,3,bronze,athlete,Antonio Díaz,Venezuela,VEN,Antonio Díaz Venezuela,https://en.wikipedia.org/wiki/2006_World_Karate_Championships
world_karate_championships,World Karate Championships,2006,2006-12-31,karate,Karate,kumite-60-kg,World Karate Championships Men Kumite −60 kg,men,Kumite −60 kg,1,gold,athlete,Hossein Rouhani,Iran,IRI,Hossein Rouhani Iran,https://en.wikipedia.org/wiki/2006_World_Karate_Championships
world_karate_championships,World Karate Championships,2006,2006-12-31,karate,Karate,kumite-60-kg,World Karate Championships Men Kumite −60 kg,men,Kumite −60 kg,2,silver,athlete,Gurban Taghiyev,Azerbaijan,AZE,Gurban Taghiyev Azerbaijan,https://en.wikipedia.org/wiki/2006_World_Karate_Championships
world_karate_championships,World Karate Championships,2006,2006-12-31,karate,Karate,kumite-60-kg,World Karate Championships Men Kumite −60 kg,men,Kumite −60 kg,3,bronze,athlete,Ibrahim Khalifa,Egypt,EGY,Ibrahim Khalifa Egypt,https://en.wikipedia.org/wiki/2006_World_Karate_Championships
world_karate_championships,World Karate Championships,2006,2006-12-31,karate,Karate,kumite-60-kg,World Karate Championships Men Kumite −60 kg,men,Kumite −60 kg,3,bronze,athlete,Montassar Tabben,Tunisia,TUN,Montassar Tabben Tunisia,https://en.wikipedia.org/wiki/2006_World_Karate_Championships
world_karate_championships,World Karate Championships,2006,2006-12-31,karate,Karate,kumite-65-kg,World Karate Championships Men Kumite −65 kg,men,Kumite −65 kg,1,gold,athlete,César Castaño,Spain,ESP,César Castaño Spain,https://en.wikipedia.org/wiki/2006_World_Karate_Championships
world_karate_championships,World Karate Championships,2006,2006-12-31,karate,Karate,kumite-65-kg,World Karate Championships Men Kumite −65 kg,men,Kumite −65 kg,2,silver,athlete,Luis Plumacher,Venezuela,VEN,Luis Plumacher Venezuela,https://en.wikipedia.org/wiki/2006_World_Karate_Championships
world_karate_championships,World Karate Championships,2006,2006-12-31,karate,Karate,kumite-65-kg,World Karate Championships Men Kumite −65 kg,men,Kumite −65 kg,3,bronze,athlete,Marko Lučić,Croatia,HRV,Marko Lučić Croatia,https://en.wikipedia.org/wiki/2006_World_Karate_Championships
world_karate_championships,World Karate Championships,2006,2006-12-31,karate,Karate,kumite-65-kg,World Karate Championships Men Kumite −65 kg,men,Kumite −65 kg,3,bronze,athlete,Donny Dharmawan,Indonesia,IDN,Donny Dharmawan Indonesia,https://en.wikipedia.org/wiki/2006_World_Karate_Championships
world_karate_championships,World Karate Championships,2006,2006-12-31,karate,Karate,kumite-70-kg,World Karate Championships Men Kumite −70 kg,men,Kumite −70 kg,1,gold,athlete,Rafael Aghayev,Azerbaijan,AZE,Rafael Aghayev Azerbaijan,https://en.wikipedia.org/wiki/2006_World_Karate_Championships
world_karate_championships,World Karate Championships,2006,2006-12-31,karate,Karate,kumite-70-kg,World Karate Championships Men Kumite −70 kg,men,Kumite −70 kg,2,silver,athlete,Diego Vandeschrick,Belgium,BEL,Diego Vandeschrick Belgium,https://en.wikipedia.org/wiki/2006_World_Karate_Championships
world_karate_championships,World Karate Championships,2006,2006-12-31,karate,Karate,kumite-70-kg,World Karate Championships Men Kumite −70 kg,men,Kumite −70 kg,3,bronze,athlete,Saeid Farrokhi,Iran,IRI,Saeid Farrokhi Iran,https://en.wikipedia.org/wiki/2006_World_Karate_Championships
world_karate_championships,World Karate Championships,2006,2006-12-31,karate,Karate,kumite-70-kg,World Karate Championships Men Kumite −70 kg,men,Kumite −70 kg,3,bronze,athlete,Takuro Nihei,Japan,JPN,Takuro Nihei Japan,https://en.wikipedia.org/wiki/2006_World_Karate_Championships
world_karate_championships,World Karate Championships,2006,2006-12-31,karate,Karate,kumite-75-kg,World Karate Championships Men Kumite −75 kg,men,Kumite −75 kg,1,gold,athlete,Jasem Vishkaei,Iran,IRI,Jasem Vishkaei Iran,https://en.wikipedia.org/wiki/2006_World_Karate_Championships
world_karate_championships,World Karate Championships,2006,2006-12-31,karate,Karate,kumite-75-kg,World Karate Championships Men Kumite −75 kg,men,Kumite −75 kg,2,silver,athlete,David Santana,Spain,ESP,David Santana Spain,https://en.wikipedia.org/wiki/2006_World_Karate_Championships
world_karate_championships,World Karate Championships,2006,2006-12-31,karate,Karate,kumite-75-kg,World Karate Championships Men Kumite −75 kg,men,Kumite −75 kg,3,bronze,athlete,El-Sayed El-Feky,Egypt,EGY,El-Sayed El-Feky Egypt,https://en.wikipedia.org/wiki/2006_World_Karate_Championships
world_karate_championships,World Karate Championships,2006,2006-12-31,karate,Karate,kumite-75-kg,World Karate Championships Men Kumite −75 kg,men,Kumite −75 kg,3,bronze,athlete,Ko Matsuhisa,Japan,JPN,Ko Matsuhisa Japan,https://en.wikipedia.org/wiki/2006_World_Karate_Championships
world_karate_championships,World Karate Championships,2006,2006-12-31,karate,Karate,kumite-80-kg,World Karate Championships Men Kumite −80 kg,men,Kumite −80 kg,1,gold,athlete,Luigi Busà,Italy,ITA,Luigi Busà Italy,https://en.wikipedia.org/wiki/2006_World_Karate_Championships
world_karate_championships,World Karate Championships,2006,2006-12-31,karate,Karate,kumite-80-kg,World Karate Championships Men Kumite −80 kg,men,Kumite −80 kg,2,silver,athlete,Mohamed Abdelrahman,Egypt,EGY,Mohamed Abdelrahman Egypt,https://en.wikipedia.org/wiki/2006_World_Karate_Championships
world_karate_championships,World Karate Championships,2006,2006-12-31,karate,Karate,kumite-80-kg,World Karate Championships Men Kumite −80 kg,men,Kumite −80 kg,3,bronze,athlete,Philippe Poirier,Canada,CAN,Philippe Poirier Canada,https://en.wikipedia.org/wiki/2006_World_Karate_Championships
world_karate_championships,World Karate Championships,2006,2006-12-31,karate,Karate,kumite-80-kg,World Karate Championships Men Kumite −80 kg,men,Kumite −80 kg,3,bronze,athlete,Esmaeil Torkzad,Iran,IRI,Esmaeil Torkzad Iran,https://en.wikipedia.org/wiki/2006_World_Karate_Championships
world_karate_championships,World Karate Championships,2006,2006-12-31,karate,Karate,kumite-open,World Karate Championships Men Kumite open,men,Kumite open,1,gold,athlete,Stefano Maniscalco,Italy,ITA,Stefano Maniscalco Italy,https://en.wikipedia.org/wiki/2006_World_Karate_Championships
world_karate_championships,World Karate Championships,2006,2006-12-31,karate,Karate,kumite-open,World Karate Championships Men Kumite open,men,Kumite open,2,silver,athlete,Daniël Sabanovic,Netherlands,NLD,Daniël Sabanovic Netherlands,https://en.wikipedia.org/wiki/2006_World_Karate_Championships
world_karate_championships,World Karate Championships,2006,2006-12-31,karate,Karate,kumite-open,World Karate Championships Men Kumite open,men,Kumite open,3,bronze,athlete,Iván Leal,Spain,ESP,Iván Leal Spain,https://en.wikipedia.org/wiki/2006_World_Karate_Championships
world_karate_championships,World Karate Championships,2006,2006-12-31,karate,Karate,kumite-open,World Karate Championships Men Kumite open,men,Kumite open,3,bronze,athlete,Khalid Khalidov,Kazakhstan,KAZ,Khalid Khalidov Kazakhstan,https://en.wikipedia.org/wiki/2006_World_Karate_Championships
world_karate_championships,World Karate Championships,2006,2006-12-31,karate,Karate,kumite-plus80-kg,World Karate Championships Men Kumite +80 kg,men,Kumite +80 kg,1,gold,athlete,Marko Luhamaa,Estonia,EST,Marko Luhamaa Estonia,https://en.wikipedia.org/wiki/2006_World_Karate_Championships
world_karate_championships,World Karate Championships,2006,2006-12-31,karate,Karate,kumite-plus80-kg,World Karate Championships Men Kumite +80 kg,men,Kumite +80 kg,2,silver,athlete,Mohanad Magdy,Egypt,EGY,Mohanad Magdy Egypt,https://en.wikipedia.org/wiki/2006_World_Karate_Championships
world_karate_championships,World Karate Championships,2006,2006-12-31,karate,Karate,kumite-plus80-kg,World Karate Championships Men Kumite +80 kg,men,Kumite +80 kg,3,bronze,athlete,Yann Baillon,France,FRA,Yann Baillon France,https://en.wikipedia.org/wiki/2006_World_Karate_Championships
world_karate_championships,World Karate Championships,2006,2006-12-31,karate,Karate,kumite-plus80-kg,World Karate Championships Men Kumite +80 kg,men,Kumite +80 kg,3,bronze,athlete,Stefano Maniscalco,Italy,ITA,Stefano Maniscalco Italy,https://en.wikipedia.org/wiki/2006_World_Karate_Championships
world_karate_championships,World Karate Championships,2006,2006-12-31,karate,Karate,team-kata,World Karate Championships Men Team kata,men,Team kata,1,gold,team,Italy Men Team kata,Italy,ITA,Italy Vincenzo Figuccio Lucio Maurino Luca Valdesi,https://en.wikipedia.org/wiki/2006_World_Karate_Championships
world_karate_championships,World Karate Championships,2006,2006-12-31,karate,Karate,team-kata,World Karate Championships Men Team kata,men,Team kata,2,silver,team,France Men Team kata,France,FRA,France Julien Dupont Ayoub Neghliz Jonathan Plagnol,https://en.wikipedia.org/wiki/2006_World_Karate_Championships
world_karate_championships,World Karate Championships,2006,2006-12-31,karate,Karate,team-kata,World Karate Championships Men Team kata,men,Team kata,3,bronze,team,Egypt Men Team kata,Egypt,EGY,Egypt,https://en.wikipedia.org/wiki/2006_World_Karate_Championships
world_karate_championships,World Karate Championships,2006,2006-12-31,karate,Karate,team-kata,World Karate Championships Men Team kata,men,Team kata,3,bronze,team,Japan Men Team kata,Japan,JPN,Japan,https://en.wikipedia.org/wiki/2006_World_Karate_Championships
world_karate_championships,World Karate Championships,2006,2006-12-31,karate,Karate,team-kumite,World Karate Championships Men Team kumite,men,Team kumite,1,gold,team,Spain Men Team kumite,Spain,ESP,Spain Iván Leal Francisco Martínez Óscar Martínez Cristian Rodríguez Antonio Sánchez David Santana Óscar Vázquez,https://en.wikipedia.org/wiki/2006_World_Karate_Championships
world_karate_championships,World Karate Championships,2006,2006-12-31,karate,Karate,team-kumite,World Karate Championships Men Team kumite,men,Team kumite,2,silver,team,Bosnia and Herzegovina Men Team kumite,Bosnia and Herzegovina,BIH,Bosnia and Herzegovina,https://en.wikipedia.org/wiki/2006_World_Karate_Championships
world_karate_championships,World Karate Championships,2006,2006-12-31,karate,Karate,team-kumite,World Karate Championships Men Team kumite,men,Team kumite,3,bronze,team,Egypt Men Team kumite,Egypt,EGY,Egypt,https://en.wikipedia.org/wiki/2006_World_Karate_Championships
world_karate_championships,World Karate Championships,2006,2006-12-31,karate,Karate,team-kumite,World Karate Championships Men Team kumite,men,Team kumite,3,bronze,team,England Men Team kumite,England,ENG,England,https://en.wikipedia.org/wiki/2006_World_Karate_Championships
world_karate_championships,World Karate Championships,2006,2006-12-31,karate,Karate,kata,World Karate Championships Women Individual kata,women,Individual kata,1,gold,athlete,Sara Battaglia,Italy,ITA,Sara Battaglia Italy,https://en.wikipedia.org/wiki/2006_World_Karate_Championships
world_karate_championships,World Karate Championships,2006,2006-12-31,karate,Karate,kata,World Karate Championships Women Individual kata,women,Individual kata,2,silver,athlete,Nguyễn Hoàng Ngân,Vietnam,VIE,Nguyễn Hoàng Ngân Vietnam,https://en.wikipedia.org/wiki/2006_World_Karate_Championships
world_karate_championships,World Karate Championships,2006,2006-12-31,karate,Karate,kata,World Karate Championships Women Individual kata,women,Individual kata,3,bronze,athlete,Myriam Szkudlarek,France,FRA,Myriam Szkudlarek France,https://en.wikipedia.org/wiki/2006_World_Karate_Championships
world_karate_championships,World Karate Championships,2006,2006-12-31,karate,Karate,kata,World Karate Championships Women Individual kata,women,Individual kata,3,bronze,athlete,Eimi Kurita,United States,USA,Eimi Kurita United States,https://en.wikipedia.org/wiki/2006_World_Karate_Championships
world_karate_championships,World Karate Championships,2006,2006-12-31,karate,Karate,kumite-53-kg,World Karate Championships Women Kumite −53 kg,women,Kumite −53 kg,1,gold,athlete,Tomoko Araga,Japan,JPN,Tomoko Araga Japan,https://en.wikipedia.org/wiki/2006_World_Karate_Championships
world_karate_championships,World Karate Championships,2006,2006-12-31,karate,Karate,kumite-53-kg,World Karate Championships Women Kumite −53 kg,women,Kumite −53 kg,2,silver,athlete,Selene Guglielmi,Italy,ITA,Selene Guglielmi Italy,https://en.wikipedia.org/wiki/2006_World_Karate_Championships
world_karate_championships,World Karate Championships,2006,2006-12-31,karate,Karate,kumite-53-kg,World Karate Championships Women Kumite −53 kg,women,Kumite −53 kg,3,bronze,athlete,Kora Knühmann,Germany,DEU,Kora Knühmann Germany,https://en.wikipedia.org/wiki/2006_World_Karate_Championships
world_karate_championships,World Karate Championships,2006,2006-12-31,karate,Karate,kumite-53-kg,World Karate Championships Women Kumite −53 kg,women,Kumite −53 kg,3,bronze,athlete,Heba El-Sayed,Egypt,EGY,Heba El-Sayed Egypt,https://en.wikipedia.org/wiki/2006_World_Karate_Championships
world_karate_championships,World Karate Championships,2006,2006-12-31,karate,Karate,kumite-60-kg,World Karate Championships Women Kumite −60 kg,women,Kumite −60 kg,1,gold,athlete,Eva Medveďová,Slovakia,SVK,Eva Medveďová Slovakia,https://en.wikipedia.org/wiki/2006_World_Karate_Championships
world_karate_championships,World Karate Championships,2006,2006-12-31,karate,Karate,kumite-60-kg,World Karate Championships Women Kumite −60 kg,women,Kumite −60 kg,2,silver,athlete,Nassim Varasteh,Canada,CAN,Nassim Varasteh Canada,https://en.wikipedia.org/wiki/2006_World_Karate_Championships
world_karate_championships,World Karate Championships,2006,2006-12-31,karate,Karate,kumite-60-kg,World Karate Championships Women Kumite −60 kg,women,Kumite −60 kg,3,bronze,athlete,Diana Schwab,Switzerland,CHE,Diana Schwab Switzerland,https://en.wikipedia.org/wiki/2006_World_Karate_Championships
world_karate_championships,World Karate Championships,2006,2006-12-31,karate,Karate,kumite-60-kg,World Karate Championships Women Kumite −60 kg,women,Kumite −60 kg,3,bronze,athlete,Yuka Sato,Japan,JPN,Yuka Sato Japan,https://en.wikipedia.org/wiki/2006_World_Karate_Championships
world_karate_championships,World Karate Championships,2006,2006-12-31,karate,Karate,kumite-open,World Karate Championships Women Kumite open,women,Kumite open,1,gold,athlete,Yıldız Aras,Türkiye,TUR,Yıldız Aras Turkey,https://en.wikipedia.org/wiki/2006_World_Karate_Championships
world_karate_championships,World Karate Championships,2006,2006-12-31,karate,Karate,kumite-open,World Karate Championships Women Kumite open,women,Kumite open,2,silver,athlete,Yadira Lira,Mexico,MEX,Yadira Lira Mexico,https://en.wikipedia.org/wiki/2006_World_Karate_Championships
world_karate_championships,World Karate Championships,2006,2006-12-31,karate,Karate,kumite-open,World Karate Championships Women Kumite open,women,Kumite open,3,bronze,athlete,Claudia Niţu,Romania,ROU,Claudia Niţu Romania,https://en.wikipedia.org/wiki/2006_World_Karate_Championships
world_karate_championships,World Karate Championships,2006,2006-12-31,karate,Karate,kumite-open,World Karate Championships Women Kumite open,women,Kumite open,3,bronze,athlete,Snežana Perić,Serbia,SRB,Snežana Perić Serbia,https://en.wikipedia.org/wiki/2006_World_Karate_Championships
world_karate_championships,World Karate Championships,2006,2006-12-31,karate,Karate,kumite-plus60-kg,World Karate Championships Women Kumite +60 kg,women,Kumite +60 kg,1,gold,athlete,Laurence Fischer,France,FRA,Laurence Fischer France,https://en.wikipedia.org/wiki/2006_World_Karate_Championships
world_karate_championships,World Karate Championships,2006,2006-12-31,karate,Karate,kumite-plus60-kg,World Karate Championships Women Kumite +60 kg,women,Kumite +60 kg,2,silver,athlete,Ayaka Arai,Japan,JPN,Ayaka Arai Japan,https://en.wikipedia.org/wiki/2006_World_Karate_Championships
world_karate_championships,World Karate Championships,2006,2006-12-31,karate,Karate,kumite-plus60-kg,World Karate Championships Women Kumite +60 kg,women,Kumite +60 kg,3,bronze,athlete,Jessica Bratich,Australia,AUS,Jessica Bratich Australia,https://en.wikipedia.org/wiki/2006_World_Karate_Championships
world_karate_championships,World Karate Championships,2006,2006-12-31,karate,Karate,kumite-plus60-kg,World Karate Championships Women Kumite +60 kg,women,Kumite +60 kg,3,bronze,athlete,Tamara Filipović,Serbia,SRB,Tamara Filipović Serbia,https://en.wikipedia.org/wiki/2006_World_Karate_Championships
world_karate_championships,World Karate Championships,2006,2006-12-31,karate,Karate,team-kata,World Karate Championships Women Team kata,women,Team kata,1,gold,team,France Women Team kata,France,FRA,France Jessica Buil Sabrina Buil Laëtitia Guesnel,https://en.wikipedia.org/wiki/2006_World_Karate_Championships
world_karate_championships,World Karate Championships,2006,2006-12-31,karate,Karate,team-kata,World Karate Championships Women Team kata,women,Team kata,2,silver,team,Japan Women Team kata,Japan,JPN,Japan,https://en.wikipedia.org/wiki/2006_World_Karate_Championships
world_karate_championships,World Karate Championships,2006,2006-12-31,karate,Karate,team-kata,World Karate Championships Women Team kata,women,Team kata,3,bronze,team,Spain Women Team kata,Spain,ESP,Spain Miriam Cogolludo Ruth Jiménez Almudena Muñoz,https://en.wikipedia.org/wiki/2006_World_Karate_Championships
world_karate_championships,World Karate Championships,2006,2006-12-31,karate,Karate,team-kata,World Karate Championships Women Team kata,women,Team kata,3,bronze,team,Peru Women Team kata,Peru,PER,Peru,https://en.wikipedia.org/wiki/2006_World_Karate_Championships
world_karate_championships,World Karate Championships,2006,2006-12-31,karate,Karate,team-kumite,World Karate Championships Women Team kumite,women,Team kumite,1,gold,team,Japan Women Team kumite,Japan,JPN,Japan,https://en.wikipedia.org/wiki/2006_World_Karate_Championships
world_karate_championships,World Karate Championships,2006,2006-12-31,karate,Karate,team-kumite,World Karate Championships Women Team kumite,women,Team kumite,2,silver,team,Spain Women Team kumite,Spain,ESP,Spain Gloria Casanova Irene Colomar Cristina Feo Lucía Zamora,https://en.wikipedia.org/wiki/2006_World_Karate_Championships
world_karate_championships,World Karate Championships,2006,2006-12-31,karate,Karate,team-kumite,World Karate Championships Women Team kumite,women,Team kumite,3,bronze,team,Switzerland Women Team kumite,Switzerland,CHE,Switzerland Fanny Clavien Reta Duverney Marilena Rubini Diana Schwab,https://en.wikipedia.org/wiki/2006_World_Karate_Championships
world_karate_championships,World Karate Championships,2006,2006-12-31,karate,Karate,team-kumite,World Karate Championships Women Team kumite,women,Team kumite,3,bronze,team,Germany Women Team kumite,Germany,DEU,Germany Jeannine Herrgesell Kora Knühmann Silvia Sperner Nadine Ziemer,https://en.wikipedia.org/wiki/2006_World_Karate_Championships
world_karate_championships,World Karate Championships,2008,2008-12-31,karate,Karate,kata,World Karate Championships Men Individual kata,men,Individual kata,1,gold,athlete,Luca Valdesi,Italy,ITA,Luca Valdesi Italy,https://en.wikipedia.org/wiki/2008_World_Karate_Championships
world_karate_championships,World Karate Championships,2008,2008-12-31,karate,Karate,kata,World Karate Championships Men Individual kata,men,Individual kata,2,silver,athlete,Antonio Díaz,Venezuela,VEN,Antonio Díaz Venezuela,https://en.wikipedia.org/wiki/2008_World_Karate_Championships
world_karate_championships,World Karate Championships,2008,2008-12-31,karate,Karate,kata,World Karate Championships Men Individual kata,men,Individual kata,3,bronze,athlete,Mustafa Ibrahim,Egypt,EGY,Mustafa Ibrahim Egypt,https://en.wikipedia.org/wiki/2008_World_Karate_Championships
world_karate_championships,World Karate Championships,2008,2008-12-31,karate,Karate,kata,World Karate Championships Men Individual kata,men,Individual kata,3,bronze,athlete,Vu Duc Minh Dack,France,FRA,Vu Duc Minh Dack France,https://en.wikipedia.org/wiki/2008_World_Karate_Championships
world_karate_championships,World Karate Championships,2008,2008-12-31,karate,Karate,kumite-60-kg,World Karate Championships Men Kumite −60 kg,men,Kumite −60 kg,1,gold,athlete,Danil Domdjoni,Croatia,HRV,Danil Domdjoni Croatia,https://en.wikipedia.org/wiki/2008_World_Karate_Championships
world_karate_championships,World Karate Championships,2008,2008-12-31,karate,Karate,kumite-60-kg,World Karate Championships Men Kumite −60 kg,men,Kumite −60 kg,2,silver,athlete,Darkhan Assadilov,Kazakhstan,KAZ,Darkhan Assadilov Kazakhstan,https://en.wikipedia.org/wiki/2008_World_Karate_Championships
world_karate_championships,World Karate Championships,2008,2008-12-31,karate,Karate,kumite-60-kg,World Karate Championships Men Kumite −60 kg,men,Kumite −60 kg,3,bronze,athlete,Douglas Brose,Brazil,BRA,Douglas Brose Brazil,https://en.wikipedia.org/wiki/2008_World_Karate_Championships
world_karate_championships,World Karate Championships,2008,2008-12-31,karate,Karate,kumite-60-kg,World Karate Championships Men Kumite −60 kg,men,Kumite −60 kg,3,bronze,athlete,Hossein Rouhani,Iran,IRI,Hossein Rouhani Iran,https://en.wikipedia.org/wiki/2008_World_Karate_Championships
world_karate_championships,World Karate Championships,2008,2008-12-31,karate,Karate,kumite-65-kg,World Karate Championships Men Kumite −65 kg,men,Kumite −65 kg,1,gold,athlete,George Kotaka,United States,USA,George Kotaka United States,https://en.wikipedia.org/wiki/2008_World_Karate_Championships
world_karate_championships,World Karate Championships,2008,2008-12-31,karate,Karate,kumite-65-kg,World Karate Championships Men Kumite −65 kg,men,Kumite −65 kg,2,silver,athlete,Ádám Kovács,Hungary,HUN,Ádám Kovács Hungary,https://en.wikipedia.org/wiki/2008_World_Karate_Championships
world_karate_championships,World Karate Championships,2008,2008-12-31,karate,Karate,kumite-65-kg,World Karate Championships Men Kumite −65 kg,men,Kumite −65 kg,3,bronze,athlete,William Rollé,France,FRA,William Rollé France,https://en.wikipedia.org/wiki/2008_World_Karate_Championships
world_karate_championships,World Karate Championships,2008,2008-12-31,karate,Karate,kumite-65-kg,World Karate Championships Men Kumite −65 kg,men,Kumite −65 kg,3,bronze,athlete,Takuro Nihei,Japan,JPN,Takuro Nihei Japan,https://en.wikipedia.org/wiki/2008_World_Karate_Championships
world_karate_championships,World Karate Championships,2008,2008-12-31,karate,Karate,kumite-70-kg,World Karate Championships Men Kumite −70 kg,men,Kumite −70 kg,1,gold,athlete,Rafael Aghayev,Azerbaijan,AZE,Rafael Aghayev Azerbaijan,https://en.wikipedia.org/wiki/2008_World_Karate_Championships
world_karate_championships,World Karate Championships,2008,2008-12-31,karate,Karate,kumite-70-kg,World Karate Championships Men Kumite −70 kg,men,Kumite −70 kg,2,silver,athlete,Tamer Abdelraouf,Egypt,EGY,Tamer Abdelraouf Egypt,https://en.wikipedia.org/wiki/2008_World_Karate_Championships
world_karate_championships,World Karate Championships,2008,2008-12-31,karate,Karate,kumite-70-kg,World Karate Championships Men Kumite −70 kg,men,Kumite −70 kg,3,bronze,athlete,Saeed Baghbani,Canada,CAN,Saeed Baghbani Canada,https://en.wikipedia.org/wiki/2008_World_Karate_Championships
world_karate_championships,World Karate Championships,2008,2008-12-31,karate,Karate,kumite-70-kg,World Karate Championships Men Kumite −70 kg,men,Kumite −70 kg,3,bronze,athlete,Shinji Nagaki,Japan,JPN,Shinji Nagaki Japan,https://en.wikipedia.org/wiki/2008_World_Karate_Championships
world_karate_championships,World Karate Championships,2008,2008-12-31,karate,Karate,kumite-75-kg,World Karate Championships Men Kumite −75 kg,men,Kumite −75 kg,1,gold,athlete,David Dubó,Chile,CHL,David Dubó Chile,https://en.wikipedia.org/wiki/2008_World_Karate_Championships
world_karate_championships,World Karate Championships,2008,2008-12-31,karate,Karate,kumite-75-kg,World Karate Championships Men Kumite −75 kg,men,Kumite −75 kg,2,silver,athlete,Müslüm Baştürk,Türkiye,TUR,Müslüm Baştürk Turkey,https://en.wikipedia.org/wiki/2008_World_Karate_Championships
world_karate_championships,World Karate Championships,2008,2008-12-31,karate,Karate,kumite-75-kg,World Karate Championships Men Kumite −75 kg,men,Kumite −75 kg,3,bronze,athlete,Mohamed Abdelrahman,Egypt,EGY,Mohamed Abdelrahman Egypt,https://en.wikipedia.org/wiki/2008_World_Karate_Championships
world_karate_championships,World Karate Championships,2008,2008-12-31,karate,Karate,kumite-75-kg,World Karate Championships Men Kumite −75 kg,men,Kumite −75 kg,3,bronze,athlete,Ko Matsuhisa,Japan,JPN,Ko Matsuhisa Japan,https://en.wikipedia.org/wiki/2008_World_Karate_Championships
world_karate_championships,World Karate Championships,2008,2008-12-31,karate,Karate,kumite-80-kg,World Karate Championships Men Kumite −80 kg,men,Kumite −80 kg,1,gold,athlete,Satoshi Ibuchi,Japan,JPN,Satoshi Ibuchi Japan,https://en.wikipedia.org/wiki/2008_World_Karate_Championships
world_karate_championships,World Karate Championships,2008,2008-12-31,karate,Karate,kumite-80-kg,World Karate Championships Men Kumite −80 kg,men,Kumite −80 kg,2,silver,athlete,Islamutdin Eldaruchev,Russia,RUS,Islamutdin Eldaruchev Russia,https://en.wikipedia.org/wiki/2008_World_Karate_Championships
world_karate_championships,World Karate Championships,2008,2008-12-31,karate,Karate,kumite-80-kg,World Karate Championships Men Kumite −80 kg,men,Kumite −80 kg,3,bronze,athlete,Hany Shakr,Egypt,EGY,Hany Shakr Egypt,https://en.wikipedia.org/wiki/2008_World_Karate_Championships
world_karate_championships,World Karate Championships,2008,2008-12-31,karate,Karate,kumite-80-kg,World Karate Championships Men Kumite −80 kg,men,Kumite −80 kg,3,bronze,athlete,Alibek Prenov,Kazakhstan,KAZ,Alibek Prenov Kazakhstan,https://en.wikipedia.org/wiki/2008_World_Karate_Championships
world_karate_championships,World Karate Championships,2008,2008-12-31,karate,Karate,kumite-open,World Karate Championships Men Kumite open,men,Kumite open,1,gold,athlete,Rafael Aghayev,Azerbaijan,AZE,Rafael Aghayev Azerbaijan,https://en.wikipedia.org/wiki/2008_World_Karate_Championships
world_karate_championships,World Karate Championships,2008,2008-12-31,karate,Karate,kumite-open,World Karate Championships Men Kumite open,men,Kumite open,2,silver,athlete,Spyridon Margaritopoulos,Greece,GRC,Spyridon Margaritopoulos Greece,https://en.wikipedia.org/wiki/2008_World_Karate_Championships
world_karate_championships,World Karate Championships,2008,2008-12-31,karate,Karate,kumite-open,World Karate Championships Men Kumite open,men,Kumite open,3,bronze,athlete,Gogita Arkania,Georgia,GEO,Gogita Arkania Georgia,https://en.wikipedia.org/wiki/2008_World_Karate_Championships
world_karate_championships,World Karate Championships,2008,2008-12-31,karate,Karate,kumite-open,World Karate Championships Men Kumite open,men,Kumite open,3,bronze,athlete,Stefano Maniscalco,Italy,ITA,Stefano Maniscalco Italy,https://en.wikipedia.org/wiki/2008_World_Karate_Championships
world_karate_championships,World Karate Championships,2008,2008-12-31,karate,Karate,kumite-plus80-kg,World Karate Championships Men Kumite +80 kg,men,Kumite +80 kg,1,gold,athlete,Stefano Maniscalco,Italy,ITA,Stefano Maniscalco Italy,https://en.wikipedia.org/wiki/2008_World_Karate_Championships
world_karate_championships,World Karate Championships,2008,2008-12-31,karate,Karate,kumite-plus80-kg,World Karate Championships Men Kumite +80 kg,men,Kumite +80 kg,2,silver,athlete,Ibrahim Gary,France,FRA,Ibrahim Gary France,https://en.wikipedia.org/wiki/2008_World_Karate_Championships
world_karate_championships,World Karate Championships,2008,2008-12-31,karate,Karate,kumite-plus80-kg,World Karate Championships Men Kumite +80 kg,men,Kumite +80 kg,3,bronze,athlete,Jonathan Horne,Germany,DEU,Jonathan Horne Germany,https://en.wikipedia.org/wiki/2008_World_Karate_Championships
world_karate_championships,World Karate Championships,2008,2008-12-31,karate,Karate,kumite-plus80-kg,World Karate Championships Men Kumite +80 kg,men,Kumite +80 kg,3,bronze,athlete,Calum Robb,Scotland,SCO,Calum Robb Scotland,https://en.wikipedia.org/wiki/2008_World_Karate_Championships
world_karate_championships,World Karate Championships,2008,2008-12-31,karate,Karate,team-kata,World Karate Championships Men Team kata,men,Team kata,1,gold,team,France Men Team kata,France,FRA,France Julien Dupont Ayoub Neghliz Jonathan Plagnol,https://en.wikipedia.org/wiki/2008_World_Karate_Championships
world_karate_championships,World Karate Championships,2008,2008-12-31,karate,Karate,team-kata,World Karate Championships Men Team kata,men,Team kata,2,silver,team,Japan Men Team kata,Japan,JPN,Japan,https://en.wikipedia.org/wiki/2008_World_Karate_Championships
world_karate_championships,World Karate Championships,2008,2008-12-31,karate,Karate,team-kata,World Karate Championships Men Team kata,men,Team kata,3,bronze,team,Italy Men Team kata,Italy,ITA,Italy Vincenzo Figuccio Lucio Maurino Luca Valdesi,https://en.wikipedia.org/wiki/2008_World_Karate_Championships
world_karate_championships,World Karate Championships,2008,2008-12-31,karate,Karate,team-kata,World Karate Championships Men Team kata,men,Team kata,3,bronze,team,Peru Men Team kata,Peru,PER,Peru Jimmy Moreno Akio Tamashiro Hafid Zevallos,https://en.wikipedia.org/wiki/2008_World_Karate_Championships
world_karate_championships,World Karate Championships,2008,2008-12-31,karate,Karate,team-kumite,World Karate Championships Men Team kumite,men,Team kumite,1,gold,team,Türkiye Men Team kumite,Türkiye,TUR,Turkey Okay Arpa Yusuf Başer Müslüm Baştürk Zeki Demir Yücel Dündoğdu Murat Salih Kurnaz Yaser Şahintekin,https://en.wikipedia.org/wiki/2008_World_Karate_Championships
world_karate_championships,World Karate Championships,2008,2008-12-31,karate,Karate,team-kumite,World Karate Championships Men Team kumite,men,Team kumite,2,silver,team,Serbia Men Team kumite,Serbia,SRB,Serbia Slobodan Bitević Stefan Ivanović Dimitrije Jerković Miloš Jovanović Vladan Rudić Vranić Dejan Umičević Miloš Živković,https://en.wikipedia.org/wiki/2008_World_Karate_Championships
world_karate_championships,World Karate Championships,2008,2008-12-31,karate,Karate,team-kumite,World Karate Championships Men Team kumite,men,Team kumite,3,bronze,team,Egypt Men Team kumite,Egypt,EGY,Egypt,https://en.wikipedia.org/wiki/2008_World_Karate_Championships
world_karate_championships,World Karate Championships,2008,2008-12-31,karate,Karate,team-kumite,World Karate Championships Men Team kumite,men,Team kumite,3,bronze,team,Spain Men Team kumite,Spain,ESP,Spain Iván Leal Adrián Martínez Francisco Martínez Óscar Martínez Cristian Rodríguez Antonio Sánchez Óscar Vázquez,https://en.wikipedia.org/wiki/2008_World_Karate_Championships
world_karate_championships,World Karate Championships,2008,2008-12-31,karate,Karate,kata,World Karate Championships Women Individual kata,women,Individual kata,1,gold,athlete,Nguyễn Hoàng Ngân,Vietnam,VIE,Nguyễn Hoàng Ngân Vietnam,https://en.wikipedia.org/wiki/2008_World_Karate_Championships
world_karate_championships,World Karate Championships,2008,2008-12-31,karate,Karate,kata,World Karate Championships Women Individual kata,women,Individual kata,2,silver,athlete,Sara Battaglia,Italy,ITA,Sara Battaglia Italy,https://en.wikipedia.org/wiki/2008_World_Karate_Championships
world_karate_championships,World Karate Championships,2008,2008-12-31,karate,Karate,kata,World Karate Championships Women Individual kata,women,Individual kata,3,bronze,athlete,Kasuga Wakabayashi,Japan,JPN,Kasuga Wakabayashi Japan,https://en.wikipedia.org/wiki/2008_World_Karate_Championships
world_karate_championships,World Karate Championships,2008,2008-12-31,karate,Karate,kata,World Karate Championships Women Individual kata,women,Individual kata,3,bronze,athlete,Marija Madžarević,Serbia,SRB,Marija Madžarević Serbia,https://en.wikipedia.org/wiki/2008_World_Karate_Championships
world_karate_championships,World Karate Championships,2008,2008-12-31,karate,Karate,kumite-53-kg,World Karate Championships Women Kumite −53 kg,women,Kumite −53 kg,1,gold,athlete,Natsuki Fujiwara,Japan,JPN,Natsuki Fujiwara Japan,https://en.wikipedia.org/wiki/2008_World_Karate_Championships
world_karate_championships,World Karate Championships,2008,2008-12-31,karate,Karate,kumite-53-kg,World Karate Championships Women Kumite −53 kg,women,Kumite −53 kg,2,silver,athlete,Kora Knühmann,Germany,DEU,Kora Knühmann Germany,https://en.wikipedia.org/wiki/2008_World_Karate_Championships
world_karate_championships,World Karate Championships,2008,2008-12-31,karate,Karate,kumite-53-kg,World Karate Championships Women Kumite −53 kg,women,Kumite −53 kg,3,bronze,athlete,Elena Ponomareva,Russia,RUS,Elena Ponomareva Russia,https://en.wikipedia.org/wiki/2008_World_Karate_Championships
world_karate_championships,World Karate Championships,2008,2008-12-31,karate,Karate,kumite-53-kg,World Karate Championships Women Kumite −53 kg,women,Kumite −53 kg,3,bronze,athlete,Gülderen Çelik,Türkiye,TUR,Gülderen Çelik Turkey,https://en.wikipedia.org/wiki/2008_World_Karate_Championships
world_karate_championships,World Karate Championships,2008,2008-12-31,karate,Karate,kumite-60-kg,World Karate Championships Women Kumite −60 kg,women,Kumite −60 kg,1,gold,athlete,Maria Sobol,Russia,RUS,Maria Sobol Russia,https://en.wikipedia.org/wiki/2008_World_Karate_Championships
world_karate_championships,World Karate Championships,2008,2008-12-31,karate,Karate,kumite-60-kg,World Karate Championships Women Kumite −60 kg,women,Kumite −60 kg,2,silver,athlete,Nassim Varasteh,Canada,CAN,Nassim Varasteh Canada,https://en.wikipedia.org/wiki/2008_World_Karate_Championships
world_karate_championships,World Karate Championships,2008,2008-12-31,karate,Karate,kumite-60-kg,World Karate Championships Women Kumite −60 kg,women,Kumite −60 kg,3,bronze,athlete,Katarina Strika,Serbia,SRB,Katarina Strika Serbia,https://en.wikipedia.org/wiki/2008_World_Karate_Championships
world_karate_championships,World Karate Championships,2008,2008-12-31,karate,Karate,kumite-60-kg,World Karate Championships Women Kumite −60 kg,women,Kumite −60 kg,3,bronze,athlete,Vildan Doğan,Türkiye,TUR,Vildan Doğan Turkey,https://en.wikipedia.org/wiki/2008_World_Karate_Championships
world_karate_championships,World Karate Championships,2008,2008-12-31,karate,Karate,kumite-open,World Karate Championships Women Kumite open,women,Kumite open,1,gold,athlete,Yuka Sato,Japan,JPN,Yuka Sato Japan,https://en.wikipedia.org/wiki/2008_World_Karate_Championships
world_karate_championships,World Karate Championships,2008,2008-12-31,karate,Karate,kumite-open,World Karate Championships Women Kumite open,women,Kumite open,2,silver,athlete,Gloria Casanova,Spain,ESP,Gloria Casanova Spain,https://en.wikipedia.org/wiki/2008_World_Karate_Championships
world_karate_championships,World Karate Championships,2008,2008-12-31,karate,Karate,kumite-open,World Karate Championships Women Kumite open,women,Kumite open,3,bronze,athlete,Ema Aničić,Croatia,HRV,Ema Aničić Croatia,https://en.wikipedia.org/wiki/2008_World_Karate_Championships
world_karate_championships,World Karate Championships,2008,2008-12-31,karate,Karate,kumite-open,World Karate Championships Women Kumite open,women,Kumite open,3,bronze,athlete,Eva Tulejová-Medveďová,Slovakia,SVK,Eva Tulejová-Medveďová Slovakia,https://en.wikipedia.org/wiki/2008_World_Karate_Championships
world_karate_championships,World Karate Championships,2008,2008-12-31,karate,Karate,kumite-plus60-kg,World Karate Championships Women Kumite +60 kg,women,Kumite +60 kg,1,gold,athlete,Tiffany Fanjat,France,FRA,Tiffany Fanjat France,https://en.wikipedia.org/wiki/2008_World_Karate_Championships
world_karate_championships,World Karate Championships,2008,2008-12-31,karate,Karate,kumite-plus60-kg,World Karate Championships Women Kumite +60 kg,women,Kumite +60 kg,2,silver,athlete,Elisa Au-Fonseca,United States,USA,Elisa Au-Fonseca United States,https://en.wikipedia.org/wiki/2008_World_Karate_Championships
world_karate_championships,World Karate Championships,2008,2008-12-31,karate,Karate,kumite-plus60-kg,World Karate Championships Women Kumite +60 kg,women,Kumite +60 kg,3,bronze,athlete,Cristina Feo,Spain,ESP,Cristina Feo Spain,https://en.wikipedia.org/wiki/2008_World_Karate_Championships
world_karate_championships,World Karate Championships,2008,2008-12-31,karate,Karate,kumite-plus60-kg,World Karate Championships Women Kumite +60 kg,women,Kumite +60 kg,3,bronze,athlete,Evgenia Podborodnikova,Russia,RUS,Evgenia Podborodnikova Russia,https://en.wikipedia.org/wiki/2008_World_Karate_Championships
world_karate_championships,World Karate Championships,2008,2008-12-31,karate,Karate,team-kata,World Karate Championships Women Team kata,women,Team kata,1,gold,team,Japan Women Team kata,Japan,JPN,Japan,https://en.wikipedia.org/wiki/2008_World_Karate_Championships
world_karate_championships,World Karate Championships,2008,2008-12-31,karate,Karate,team-kata,World Karate Championships Women Team kata,women,Team kata,2,silver,team,France Women Team kata,France,FRA,France Clotilde Boulanger Céline Chevalier Sonia Fiuza,https://en.wikipedia.org/wiki/2008_World_Karate_Championships
world_karate_championships,World Karate Championships,2008,2008-12-31,karate,Karate,team-kata,World Karate Championships Women Team kata,women,Team kata,3,bronze,team,Spain Women Team kata,Spain,ESP,Spain Fátima de Acuña Ruth Jiménez Almudena Muñoz,https://en.wikipedia.org/wiki/2008_World_Karate_Championships
world_karate_championships,World Karate Championships,2008,2008-12-31,karate,Karate,team-kata,World Karate Championships Women Team kata,women,Team kata,3,bronze,team,Italy Women Team kata,Italy,ITA,Italy Sara Battaglia Viviana Bottaro Samantha Piccolo,https://en.wikipedia.org/wiki/2008_World_Karate_Championships
world_karate_championships,World Karate Championships,2008,2008-12-31,karate,Karate,team-kumite,World Karate Championships Women Team kumite,women,Team kumite,1,gold,team,Germany Women Team kumite,Germany,DEU,Germany Yasmina Benadda Kora Knühmann Silvia Sperner Maria Weiß,https://en.wikipedia.org/wiki/2008_World_Karate_Championships
world_karate_championships,World Karate Championships,2008,2008-12-31,karate,Karate,team-kumite,World Karate Championships Women Team kumite,women,Team kumite,2,silver,team,Spain Women Team kumite,Spain,ESP,Spain Gloria Casanova Irene Colomar Cristina Feo Carmen Vicente,https://en.wikipedia.org/wiki/2008_World_Karate_Championships
world_karate_championships,World Karate Championships,2008,2008-12-31,karate,Karate,team-kumite,World Karate Championships Women Team kumite,women,Team kumite,3,bronze,team,France Women Team kumite,France,FRA,France Nadège Ait-Ibrahim Tiffany Fanjat Alexandra Recchia Ruth Soufflet,https://en.wikipedia.org/wiki/2008_World_Karate_Championships
world_karate_championships,World Karate Championships,2008,2008-12-31,karate,Karate,team-kumite,World Karate Championships Women Team kumite,women,Team kumite,3,bronze,team,Italy Women Team kumite,Italy,ITA,Italy Selene Guglielmi Roberta Minet Laura Pasqua Greta Vitelli,https://en.wikipedia.org/wiki/2008_World_Karate_Championships
world_karate_championships,World Karate Championships,2010,2010-12-31,karate,Karate,kata,World Karate Championships Men Individual kata,men,Individual kata,1,gold,athlete,Antonio Díaz,Venezuela,VEN,Antonio Díaz Venezuela,https://en.wikipedia.org/wiki/2010_World_Karate_Championships
world_karate_championships,World Karate Championships,2010,2010-12-31,karate,Karate,kata,World Karate Championships Men Individual kata,men,Individual kata,2,silver,athlete,Luca Valdesi,Italy,ITA,Luca Valdesi Italy,https://en.wikipedia.org/wiki/2010_World_Karate_Championships
world_karate_championships,World Karate Championships,2010,2010-12-31,karate,Karate,kata,World Karate Championships Men Individual kata,men,Individual kata,3,bronze,athlete,Itaru Oki,Japan,JPN,Itaru Oki Japan,https://en.wikipedia.org/wiki/2010_World_Karate_Championships
world_karate_championships,World Karate Championships,2010,2010-12-31,karate,Karate,kata,World Karate Championships Men Individual kata,men,Individual kata,3,bronze,athlete,Akio Tamashiro,Peru,PER,Akio Tamashiro Peru,https://en.wikipedia.org/wiki/2010_World_Karate_Championships
world_karate_championships,World Karate Championships,2010,2010-12-31,karate,Karate,kumite-60-kg,World Karate Championships Men Kumite −60 kg,men,Kumite −60 kg,1,gold,athlete,Douglas Brose,Brazil,BRA,Douglas Brose Brazil,https://en.wikipedia.org/wiki/2010_World_Karate_Championships
world_karate_championships,World Karate Championships,2010,2010-12-31,karate,Karate,kumite-60-kg,World Karate Championships Men Kumite −60 kg,men,Kumite −60 kg,2,silver,athlete,Michele Giuliani,Italy,ITA,Michele Giuliani Italy,https://en.wikipedia.org/wiki/2010_World_Karate_Championships
world_karate_championships,World Karate Championships,2010,2010-12-31,karate,Karate,kumite-60-kg,World Karate Championships Men Kumite −60 kg,men,Kumite −60 kg,3,bronze,athlete,Matías Gómez,Spain,ESP,Matías Gómez Spain,https://en.wikipedia.org/wiki/2010_World_Karate_Championships
world_karate_championships,World Karate Championships,2010,2010-12-31,karate,Karate,kumite-60-kg,World Karate Championships Men Kumite −60 kg,men,Kumite −60 kg,3,bronze,athlete,Kalvis Kalniņš,Latvia,LVA,Kalvis Kalniņš Latvia,https://en.wikipedia.org/wiki/2010_World_Karate_Championships
world_karate_championships,World Karate Championships,2010,2010-12-31,karate,Karate,kumite-67-kg,World Karate Championships Men Kumite −67 kg,men,Kumite −67 kg,1,gold,athlete,Dimitrios Triantafyllis,Greece,GRC,Dimitrios Triantafyllis Greece,https://en.wikipedia.org/wiki/2010_World_Karate_Championships
world_karate_championships,World Karate Championships,2010,2010-12-31,karate,Karate,kumite-67-kg,World Karate Championships Men Kumite −67 kg,men,Kumite −67 kg,2,silver,athlete,Hamed Ziksari,Iran,IRI,Hamed Ziksari Iran,https://en.wikipedia.org/wiki/2010_World_Karate_Championships
world_karate_championships,World Karate Championships,2010,2010-12-31,karate,Karate,kumite-67-kg,World Karate Championships Men Kumite −67 kg,men,Kumite −67 kg,3,bronze,athlete,Ádám Kovács,Hungary,HUN,Ádám Kovács Hungary,https://en.wikipedia.org/wiki/2010_World_Karate_Championships
world_karate_championships,World Karate Championships,2010,2010-12-31,karate,Karate,kumite-67-kg,World Karate Championships Men Kumite −67 kg,men,Kumite −67 kg,3,bronze,athlete,Shinji Nagaki,Japan,JPN,Shinji Nagaki Japan,https://en.wikipedia.org/wiki/2010_World_Karate_Championships
world_karate_championships,World Karate Championships,2010,2010-12-31,karate,Karate,kumite-75-kg,World Karate Championships Men Kumite −75 kg,men,Kumite −75 kg,1,gold,athlete,Rafael Aghayev,Azerbaijan,AZE,Rafael Aghayev Azerbaijan,https://en.wikipedia.org/wiki/2010_World_Karate_Championships
world_karate_championships,World Karate Championships,2010,2010-12-31,karate,Karate,kumite-75-kg,World Karate Championships Men Kumite −75 kg,men,Kumite −75 kg,2,silver,athlete,Luigi Busà,Italy,ITA,Luigi Busà Italy,https://en.wikipedia.org/wiki/2010_World_Karate_Championships
world_karate_championships,World Karate Championships,2010,2010-12-31,karate,Karate,kumite-75-kg,World Karate Championships Men Kumite −75 kg,men,Kumite −75 kg,3,bronze,athlete,Nermin Potur,Bosnia and Herzegovina,BIH,Nermin Potur Bosnia and Herzegovina,https://en.wikipedia.org/wiki/2010_World_Karate_Championships
world_karate_championships,World Karate Championships,2010,2010-12-31,karate,Karate,kumite-75-kg,World Karate Championships Men Kumite −75 kg,men,Kumite −75 kg,3,bronze,athlete,Miloš Jovanović,Serbia,SRB,Miloš Jovanović Serbia,https://en.wikipedia.org/wiki/2010_World_Karate_Championships
world_karate_championships,World Karate Championships,2010,2010-12-31,karate,Karate,kumite-84-kg,World Karate Championships Men Kumite −84 kg,men,Kumite −84 kg,1,gold,athlete,Slobodan Bitević,Serbia,SRB,Slobodan Bitević Serbia,https://en.wikipedia.org/wiki/2010_World_Karate_Championships
world_karate_championships,World Karate Championships,2010,2010-12-31,karate,Karate,kumite-84-kg,World Karate Championships Men Kumite −84 kg,men,Kumite −84 kg,2,silver,athlete,Yavuz Karamollaoğlu,Türkiye,TUR,Yavuz Karamollaoğlu Turkey,https://en.wikipedia.org/wiki/2010_World_Karate_Championships
world_karate_championships,World Karate Championships,2010,2010-12-31,karate,Karate,kumite-84-kg,World Karate Championships Men Kumite −84 kg,men,Kumite −84 kg,3,bronze,athlete,Ludovic Cacheux,France,FRA,Ludovic Cacheux France,https://en.wikipedia.org/wiki/2010_World_Karate_Championships
world_karate_championships,World Karate Championships,2010,2010-12-31,karate,Karate,kumite-84-kg,World Karate Championships Men Kumite −84 kg,men,Kumite −84 kg,3,bronze,athlete,Islamutdin Eldaruchev,Russia,RUS,Islamutdin Eldaruchev Russia,https://en.wikipedia.org/wiki/2010_World_Karate_Championships
world_karate_championships,World Karate Championships,2010,2010-12-31,karate,Karate,kumite-plus84-kg,World Karate Championships Men Kumite +84 kg,men,Kumite +84 kg,1,gold,athlete,Dejan Umičević,Serbia,SRB,Dejan Umičević Serbia,https://en.wikipedia.org/wiki/2010_World_Karate_Championships
world_karate_championships,World Karate Championships,2010,2010-12-31,karate,Karate,kumite-plus84-kg,World Karate Championships Men Kumite +84 kg,men,Kumite +84 kg,2,silver,athlete,Mohanad Magdy,Egypt,EGY,Mohanad Magdy Egypt,https://en.wikipedia.org/wiki/2010_World_Karate_Championships
world_karate_championships,World Karate Championships,2010,2010-12-31,karate,Karate,kumite-plus84-kg,World Karate Championships Men Kumite +84 kg,men,Kumite +84 kg,3,bronze,athlete,Shahin Atamov,Azerbaijan,AZE,Shahin Atamov Azerbaijan,https://en.wikipedia.org/wiki/2010_World_Karate_Championships
world_karate_championships,World Karate Championships,2010,2010-12-31,karate,Karate,kumite-plus84-kg,World Karate Championships Men Kumite +84 kg,men,Kumite +84 kg,3,bronze,athlete,Žarko Arsovski,North Macedonia,MKD,Žarko Arsovski Macedonia,https://en.wikipedia.org/wiki/2010_World_Karate_Championships
world_karate_championships,World Karate Championships,2010,2010-12-31,karate,Karate,team-kata,World Karate Championships Men Team kata,men,Team kata,1,gold,team,Italy Men Team kata,Italy,ITA,Italy Luca Valdesi Vincenzo Figuccio Lucio Maurino,https://en.wikipedia.org/wiki/2010_World_Karate_Championships
world_karate_championships,World Karate Championships,2010,2010-12-31,karate,Karate,team-kata,World Karate Championships Men Team kata,men,Team kata,2,silver,team,Japan Men Team kata,Japan,JPN,Japan Itaru Oki Takumi Hasegawa Masashi Ogihara,https://en.wikipedia.org/wiki/2010_World_Karate_Championships
world_karate_championships,World Karate Championships,2010,2010-12-31,karate,Karate,team-kata,World Karate Championships Men Team kata,men,Team kata,3,bronze,team,Spain Men Team kata,Spain,ESP,Spain Fernando San José Damián Quintero Francisco Salazar,https://en.wikipedia.org/wiki/2010_World_Karate_Championships
world_karate_championships,World Karate Championships,2010,2010-12-31,karate,Karate,team-kata,World Karate Championships Men Team kata,men,Team kata,3,bronze,team,Peru Men Team kata,Peru,PER,Peru Akio Tamashiro Jimmy Moreno Hafid Zevallos,https://en.wikipedia.org/wiki/2010_World_Karate_Championships
world_karate_championships,World Karate Championships,2010,2010-12-31,karate,Karate,team-kumite,World Karate Championships Men Team kumite,men,Team kumite,1,gold,team,Serbia Men Team kumite,Serbia,SRB,Serbia Miloš Jovanović Miloš Živković Dejan Umičević Dimitrije Jerković Slobodan Bitević Miloš Vuković Nikola Jovanović,https://en.wikipedia.org/wiki/2010_World_Karate_Championships
world_karate_championships,World Karate Championships,2010,2010-12-31,karate,Karate,team-kumite,World Karate Championships Men Team kumite,men,Team kumite,2,silver,team,Azerbaijan Men Team kumite,Azerbaijan,AZE,Azerbaijan Rashad Huseynov Rafael Aghayev Amal Atayev Shahin Atamov Israfil Shirinov Sanan Aliyev Niyazi Aliyev,https://en.wikipedia.org/wiki/2010_World_Karate_Championships
world_karate_championships,World Karate Championships,2010,2010-12-31,karate,Karate,team-kumite,World Karate Championships Men Team kumite,men,Team kumite,3,bronze,team,Bosnia and Herzegovina Men Team kumite,Bosnia and Herzegovina,BIH,Bosnia and Herzegovina Admir Zukan Tarik Lušija Oliver Mandarić Alem Kupusović Mate Odak Nermin Potur Adnan Adilović,https://en.wikipedia.org/wiki/2010_World_Karate_Championships
world_karate_championships,World Karate Championships,2010,2010-12-31,karate,Karate,team-kumite,World Karate Championships Men Team kumite,men,Team kumite,3,bronze,team,Egypt Men Team kumite,Egypt,EGY,Egypt Mohamed Abdelrahman Sayed Salem Mohanad Magdy Hany Shakr Ossama Abdelaziz Tamer Abdelraouf Mohamed Gamal,https://en.wikipedia.org/wiki/2010_World_Karate_Championships
world_karate_championships,World Karate Championships,2010,2010-12-31,karate,Karate,kata,World Karate Championships Women Individual kata,women,Individual kata,1,gold,athlete,Yohana Sánchez,Venezuela,VEN,Yohana Sánchez Venezuela,https://en.wikipedia.org/wiki/2010_World_Karate_Championships
world_karate_championships,World Karate Championships,2010,2010-12-31,karate,Karate,kata,World Karate Championships Women Individual kata,women,Individual kata,2,silver,athlete,Nguyễn Hoàng Ngân,Vietnam,VIE,Nguyễn Hoàng Ngân Vietnam,https://en.wikipedia.org/wiki/2010_World_Karate_Championships
world_karate_championships,World Karate Championships,2010,2010-12-31,karate,Karate,kata,World Karate Championships Women Individual kata,women,Individual kata,3,bronze,athlete,Mirna Šenjug,Croatia,HRV,Mirna Šenjug Croatia,https://en.wikipedia.org/wiki/2010_World_Karate_Championships
world_karate_championships,World Karate Championships,2010,2010-12-31,karate,Karate,kata,World Karate Championships Women Individual kata,women,Individual kata,3,bronze,athlete,Rika Usami,Japan,JPN,Rika Usami Japan,https://en.wikipedia.org/wiki/2010_World_Karate_Championships
world_karate_championships,World Karate Championships,2010,2010-12-31,karate,Karate,kumite-50-kg,World Karate Championships Women Kumite −50 kg,women,Kumite −50 kg,1,gold,athlete,Li Hong,China,CHN,Li Hong China,https://en.wikipedia.org/wiki/2010_World_Karate_Championships
world_karate_championships,World Karate Championships,2010,2010-12-31,karate,Karate,kumite-50-kg,World Karate Championships Women Kumite −50 kg,women,Kumite −50 kg,2,silver,athlete,Betty Aquilina,France,FRA,Betty Aquilina France,https://en.wikipedia.org/wiki/2010_World_Karate_Championships
world_karate_championships,World Karate Championships,2010,2010-12-31,karate,Karate,kumite-50-kg,World Karate Championships Women Kumite −50 kg,women,Kumite −50 kg,3,bronze,athlete,Cheili González,Guatemala,GTM,Cheili González Guatemala,https://en.wikipedia.org/wiki/2010_World_Karate_Championships
world_karate_championships,World Karate Championships,2010,2010-12-31,karate,Karate,kumite-50-kg,World Karate Championships Women Kumite −50 kg,women,Kumite −50 kg,3,bronze,athlete,Tyler Wolfe,United States,USA,Tyler Wolfe United States,https://en.wikipedia.org/wiki/2010_World_Karate_Championships
world_karate_championships,World Karate Championships,2010,2010-12-31,karate,Karate,kumite-55-kg,World Karate Championships Women Kumite −55 kg,women,Kumite −55 kg,1,gold,athlete,Miki Kobayashi,Japan,JPN,Miki Kobayashi Japan,https://en.wikipedia.org/wiki/2010_World_Karate_Championships
world_karate_championships,World Karate Championships,2010,2010-12-31,karate,Karate,kumite-55-kg,World Karate Championships Women Kumite −55 kg,women,Kumite −55 kg,2,silver,athlete,Sara Cardin,Italy,ITA,Sara Cardin Italy,https://en.wikipedia.org/wiki/2010_World_Karate_Championships
world_karate_championships,World Karate Championships,2010,2010-12-31,karate,Karate,kumite-55-kg,World Karate Championships Women Kumite −55 kg,women,Kumite −55 kg,3,bronze,athlete,Jelena Kovačević,Croatia,HRV,Jelena Kovačević Croatia,https://en.wikipedia.org/wiki/2010_World_Karate_Championships
world_karate_championships,World Karate Championships,2010,2010-12-31,karate,Karate,kumite-55-kg,World Karate Championships Women Kumite −55 kg,women,Kumite −55 kg,3,bronze,athlete,Shannon Nishi,United States,USA,Shannon Nishi United States,https://en.wikipedia.org/wiki/2010_World_Karate_Championships
world_karate_championships,World Karate Championships,2010,2010-12-31,karate,Karate,kumite-61-kg,World Karate Championships Women Kumite −61 kg,women,Kumite −61 kg,1,gold,athlete,Kristina Mah,Australia,AUS,Kristina Mah Australia,https://en.wikipedia.org/wiki/2010_World_Karate_Championships
world_karate_championships,World Karate Championships,2010,2010-12-31,karate,Karate,kumite-61-kg,World Karate Championships Women Kumite −61 kg,women,Kumite −61 kg,2,silver,athlete,Lolita Dona,France,FRA,Lolita Dona France,https://en.wikipedia.org/wiki/2010_World_Karate_Championships
world_karate_championships,World Karate Championships,2010,2010-12-31,karate,Karate,kumite-61-kg,World Karate Championships Women Kumite −61 kg,women,Kumite −61 kg,3,bronze,athlete,Diana Schwab,Switzerland,CHE,Diana Schwab Switzerland,https://en.wikipedia.org/wiki/2010_World_Karate_Championships
world_karate_championships,World Karate Championships,2010,2010-12-31,karate,Karate,kumite-61-kg,World Karate Championships Women Kumite −61 kg,women,Kumite −61 kg,3,bronze,athlete,Natalie Williams,England,ENG,Natalie Williams England,https://en.wikipedia.org/wiki/2010_World_Karate_Championships
world_karate_championships,World Karate Championships,2010,2010-12-31,karate,Karate,kumite-68-kg,World Karate Championships Women Kumite −68 kg,women,Kumite −68 kg,1,gold,athlete,Yadira Lira,Mexico,MEX,Yadira Lira Mexico,https://en.wikipedia.org/wiki/2010_World_Karate_Championships
world_karate_championships,World Karate Championships,2010,2010-12-31,karate,Karate,kumite-68-kg,World Karate Championships Women Kumite −68 kg,women,Kumite −68 kg,2,silver,athlete,Asumi Ishizuka,Japan,JPN,Asumi Ishizuka Japan,https://en.wikipedia.org/wiki/2010_World_Karate_Championships
world_karate_championships,World Karate Championships,2010,2010-12-31,karate,Karate,kumite-68-kg,World Karate Championships Women Kumite −68 kg,women,Kumite −68 kg,3,bronze,athlete,Irene Colomar,Spain,ESP,Irene Colomar Spain,https://en.wikipedia.org/wiki/2010_World_Karate_Championships
world_karate_championships,World Karate Championships,2010,2010-12-31,karate,Karate,kumite-68-kg,World Karate Championships Women Kumite −68 kg,women,Kumite −68 kg,3,bronze,athlete,Hafsa Şeyda Burucu,Türkiye,TUR,Hafsa Şeyda Burucu Turkey,https://en.wikipedia.org/wiki/2010_World_Karate_Championships
world_karate_championships,World Karate Championships,2010,2010-12-31,karate,Karate,kumite-plus68-kg,World Karate Championships Women Kumite +68 kg,women,Kumite +68 kg,1,gold,athlete,Greta Vitelli,Italy,ITA,Greta Vitelli Italy,https://en.wikipedia.org/wiki/2010_World_Karate_Championships
world_karate_championships,World Karate Championships,2010,2010-12-31,karate,Karate,kumite-plus68-kg,World Karate Championships Women Kumite +68 kg,women,Kumite +68 kg,2,silver,athlete,Nadège Aït-Ibrahim,France,FRA,Nadège Aït-Ibrahim France,https://en.wikipedia.org/wiki/2010_World_Karate_Championships
world_karate_championships,World Karate Championships,2010,2010-12-31,karate,Karate,kumite-plus68-kg,World Karate Championships Women Kumite +68 kg,women,Kumite +68 kg,3,bronze,athlete,Merima Softić,Bosnia and Herzegovina,BIH,Merima Softić Bosnia and Herzegovina,https://en.wikipedia.org/wiki/2010_World_Karate_Championships
world_karate_championships,World Karate Championships,2010,2010-12-31,karate,Karate,kumite-plus68-kg,World Karate Championships Women Kumite +68 kg,women,Kumite +68 kg,3,bronze,athlete,Tang Lingling,China,CHN,Tang Lingling China,https://en.wikipedia.org/wiki/2010_World_Karate_Championships
world_karate_championships,World Karate Championships,2010,2010-12-31,karate,Karate,team-kata,World Karate Championships Women Team kata,women,Team kata,1,gold,team,Japan Women Team kata,Japan,JPN,Japan Kazuyo Inoue Yoko Kimura Fumi Sakai,https://en.wikipedia.org/wiki/2010_World_Karate_Championships
world_karate_championships,World Karate Championships,2010,2010-12-31,karate,Karate,team-kata,World Karate Championships Women Team kata,women,Team kata,2,silver,team,Vietnam Women Team kata,Vietnam,VIE,Vietnam Nguyễn Hoàng Ngân Nguyễn Thanh Hằng Đỗ Thị Thu Hà,https://en.wikipedia.org/wiki/2010_World_Karate_Championships
world_karate_championships,World Karate Championships,2010,2010-12-31,karate,Karate,team-kata,World Karate Championships Women Team kata,women,Team kata,3,bronze,team,Spain Women Team kata,Spain,ESP,Spain Fátima de Acuña Ruth Jiménez Yaiza Martín,https://en.wikipedia.org/wiki/2010_World_Karate_Championships
world_karate_championships,World Karate Championships,2010,2010-12-31,karate,Karate,team-kata,World Karate Championships Women Team kata,women,Team kata,3,bronze,team,Italy Women Team kata,Italy,ITA,Italy Sara Battaglia Viviana Bottaro Michela Pezzetti,https://en.wikipedia.org/wiki/2010_World_Karate_Championships
world_karate_championships,World Karate Championships,2010,2010-12-31,karate,Karate,team-kumite,World Karate Championships Women Team kumite,women,Team kumite,1,gold,team,France Women Team kumite,France,FRA,France Tiffany Fanjat Lolita Dona Alexandra Recchia Ruth Soufflet,https://en.wikipedia.org/wiki/2010_World_Karate_Championships
world_karate_championships,World Karate Championships,2010,2010-12-31,karate,Karate,team-kumite,World Karate Championships Women Team kumite,women,Team kumite,2,silver,team,Spain Women Team kumite,Spain,ESP,Spain Cristina Feo Cristina Vizcaíno Irene Colomar Carmen Vicente,https://en.wikipedia.org/wiki/2010_World_Karate_Championships
world_karate_championships,World Karate Championships,2010,2010-12-31,karate,Karate,team-kumite,World Karate Championships Women Team kumite,women,Team kumite,3,bronze,team,Croatia Women Team kumite,Croatia,HRV,Croatia Maša Martinović Azra Saleš Ana-Marija Čelan Ivona Tubić,https://en.wikipedia.org/wiki/2010_World_Karate_Championships
world_karate_championships,World Karate Championships,2010,2010-12-31,karate,Karate,team-kumite,World Karate Championships Women Team kumite,women,Team kumite,3,bronze,team,United States Women Team kumite,United States,USA,United States Elisa Au-Fonseca Shannon Nishi Ashley Hill Cheryl Murphy,https://en.wikipedia.org/wiki/2010_World_Karate_Championships
world_karate_championships,World Karate Championships,2012,2012-12-31,karate,Karate,kata,World Karate Championships Men Individual kata,men,Individual kata,1,gold,athlete,Antonio Díaz,Venezuela,VEN,Antonio Díaz Venezuela,https://en.wikipedia.org/wiki/2012_World_Karate_Championships
world_karate_championships,World Karate Championships,2012,2012-12-31,karate,Karate,kata,World Karate Championships Men Individual kata,men,Individual kata,2,silver,athlete,Vu Duc Minh Dack,France,FRA,Vu Duc Minh Dack France,https://en.wikipedia.org/wiki/2012_World_Karate_Championships
world_karate_championships,World Karate Championships,2012,2012-12-31,karate,Karate,kata,World Karate Championships Men Individual kata,men,Individual kata,3,bronze,athlete,Luca Valdesi,Italy,ITA,Luca Valdesi Italy,https://en.wikipedia.org/wiki/2012_World_Karate_Championships
world_karate_championships,World Karate Championships,2012,2012-12-31,karate,Karate,kata,World Karate Championships Men Individual kata,men,Individual kata,3,bronze,athlete,Ryo Kiyuna,Japan,JPN,Ryo Kiyuna Japan,https://en.wikipedia.org/wiki/2012_World_Karate_Championships
world_karate_championships,World Karate Championships,2012,2012-12-31,karate,Karate,kumite-60-kg,World Karate Championships Men Kumite −60 kg,men,Kumite −60 kg,1,gold,athlete,Amir Mehdizadeh,Iran,IRI,Amir Mehdizadeh Iran,https://en.wikipedia.org/wiki/2012_World_Karate_Championships
world_karate_championships,World Karate Championships,2012,2012-12-31,karate,Karate,kumite-60-kg,World Karate Championships Men Kumite −60 kg,men,Kumite −60 kg,2,silver,athlete,Douglas Brose,Brazil,BRA,Douglas Brose Brazil,https://en.wikipedia.org/wiki/2012_World_Karate_Championships
world_karate_championships,World Karate Championships,2012,2012-12-31,karate,Karate,kumite-60-kg,World Karate Championships Men Kumite −60 kg,men,Kumite −60 kg,3,bronze,athlete,Mohamed Gamal,Egypt,EGY,Mohamed Gamal Egypt,https://en.wikipedia.org/wiki/2012_World_Karate_Championships
world_karate_championships,World Karate Championships,2012,2012-12-31,karate,Karate,kumite-60-kg,World Karate Championships Men Kumite −60 kg,men,Kumite −60 kg,3,bronze,athlete,Marko Antić,Serbia,SRB,Marko Antić Serbia,https://en.wikipedia.org/wiki/2012_World_Karate_Championships
world_karate_championships,World Karate Championships,2012,2012-12-31,karate,Karate,kumite-67-kg,World Karate Championships Men Kumite −67 kg,men,Kumite −67 kg,1,gold,athlete,Magdy Mamdouh,Egypt,EGY,Magdy Mamdouh Egypt,https://en.wikipedia.org/wiki/2012_World_Karate_Championships
world_karate_championships,World Karate Championships,2012,2012-12-31,karate,Karate,kumite-67-kg,World Karate Championships Men Kumite −67 kg,men,Kumite −67 kg,2,silver,athlete,Saeid Ahmadi,Iran,IRI,Saeid Ahmadi Iran,https://en.wikipedia.org/wiki/2012_World_Karate_Championships
world_karate_championships,World Karate Championships,2012,2012-12-31,karate,Karate,kumite-67-kg,World Karate Championships Men Kumite −67 kg,men,Kumite −67 kg,3,bronze,athlete,William Rollé,France,FRA,William Rollé France,https://en.wikipedia.org/wiki/2012_World_Karate_Championships
world_karate_championships,World Karate Championships,2012,2012-12-31,karate,Karate,kumite-67-kg,World Karate Championships Men Kumite −67 kg,men,Kumite −67 kg,3,bronze,athlete,Brian Ramrup,United States,USA,Brian Ramrup United States,https://en.wikipedia.org/wiki/2012_World_Karate_Championships
world_karate_championships,World Karate Championships,2012,2012-12-31,karate,Karate,kumite-75-kg,World Karate Championships Men Kumite −75 kg,men,Kumite −75 kg,1,gold,athlete,Luigi Busà,Italy,ITA,Luigi Busà Italy,https://en.wikipedia.org/wiki/2012_World_Karate_Championships
world_karate_championships,World Karate Championships,2012,2012-12-31,karate,Karate,kumite-75-kg,World Karate Championships Men Kumite −75 kg,men,Kumite −75 kg,2,silver,athlete,Rafael Aghayev,Azerbaijan,AZE,Rafael Aghayev Azerbaijan,https://en.wikipedia.org/wiki/2012_World_Karate_Championships
world_karate_championships,World Karate Championships,2012,2012-12-31,karate,Karate,kumite-75-kg,World Karate Championships Men Kumite −75 kg,men,Kumite −75 kg,3,bronze,athlete,Oualid Bouabaoub,Algeria,DZA,Oualid Bouabaoub Algeria,https://en.wikipedia.org/wiki/2012_World_Karate_Championships
world_karate_championships,World Karate Championships,2012,2012-12-31,karate,Karate,kumite-75-kg,World Karate Championships Men Kumite −75 kg,men,Kumite −75 kg,3,bronze,athlete,Ko Matsuhisa,Japan,JPN,Ko Matsuhisa Japan,https://en.wikipedia.org/wiki/2012_World_Karate_Championships
world_karate_championships,World Karate Championships,2012,2012-12-31,karate,Karate,kumite-84-kg,World Karate Championships Men Kumite −84 kg,men,Kumite −84 kg,1,gold,athlete,Kenji Grillon,France,FRA,Kenji Grillon France,https://en.wikipedia.org/wiki/2012_World_Karate_Championships
world_karate_championships,World Karate Championships,2012,2012-12-31,karate,Karate,kumite-84-kg,World Karate Championships Men Kumite −84 kg,men,Kumite −84 kg,2,silver,athlete,Ryutaro Araga,Japan,JPN,Ryutaro Araga Japan,https://en.wikipedia.org/wiki/2012_World_Karate_Championships
world_karate_championships,World Karate Championships,2012,2012-12-31,karate,Karate,kumite-84-kg,World Karate Championships Men Kumite −84 kg,men,Kumite −84 kg,3,bronze,athlete,Aykhan Mamayev,Azerbaijan,AZE,Aykhan Mamayev Azerbaijan,https://en.wikipedia.org/wiki/2012_World_Karate_Championships
world_karate_championships,World Karate Championships,2012,2012-12-31,karate,Karate,kumite-84-kg,World Karate Championships Men Kumite −84 kg,men,Kumite −84 kg,3,bronze,athlete,Yavuz Karamollaoğlu,Türkiye,TUR,Yavuz Karamollaoğlu Turkey,https://en.wikipedia.org/wiki/2012_World_Karate_Championships
world_karate_championships,World Karate Championships,2012,2012-12-31,karate,Karate,kumite-plus84-kg,World Karate Championships Men Kumite +84 kg,men,Kumite +84 kg,1,gold,athlete,Enes Erkan,Türkiye,TUR,Enes Erkan Turkey,https://en.wikipedia.org/wiki/2012_World_Karate_Championships
world_karate_championships,World Karate Championships,2012,2012-12-31,karate,Karate,kumite-plus84-kg,World Karate Championships Men Kumite +84 kg,men,Kumite +84 kg,2,silver,athlete,Shahin Atamov,Azerbaijan,AZE,Shahin Atamov Azerbaijan,https://en.wikipedia.org/wiki/2012_World_Karate_Championships
world_karate_championships,World Karate Championships,2012,2012-12-31,karate,Karate,kumite-plus84-kg,World Karate Championships Men Kumite +84 kg,men,Kumite +84 kg,3,bronze,athlete,Stefano Maniscalco,Italy,ITA,Stefano Maniscalco Italy,https://en.wikipedia.org/wiki/2012_World_Karate_Championships
world_karate_championships,World Karate Championships,2012,2012-12-31,karate,Karate,kumite-plus84-kg,World Karate Championships Men Kumite +84 kg,men,Kumite +84 kg,3,bronze,athlete,Khalid Khalidov,Kazakhstan,KAZ,Khalid Khalidov Kazakhstan,https://en.wikipedia.org/wiki/2012_World_Karate_Championships
world_karate_championships,World Karate Championships,2012,2012-12-31,karate,Karate,team-kata,World Karate Championships Men Team kata,men,Team kata,1,gold,team,Japan Men Team kata,Japan,JPN,Japan Koji Arimoto Takato Soma Takumi Sugino,https://en.wikipedia.org/wiki/2012_World_Karate_Championships
world_karate_championships,World Karate Championships,2012,2012-12-31,karate,Karate,team-kata,World Karate Championships Men Team kata,men,Team kata,2,silver,team,Italy Men Team kata,Italy,ITA,Italy Luca Valdesi Vincenzo Figuccio Lucio Maurino,https://en.wikipedia.org/wiki/2012_World_Karate_Championships
world_karate_championships,World Karate Championships,2012,2012-12-31,karate,Karate,team-kata,World Karate Championships Men Team kata,men,Team kata,3,bronze,team,Egypt Men Team kata,Egypt,EGY,Egypt Ibrahim Magdy Mustafa Ibrahim Ahmed Ashraf,https://en.wikipedia.org/wiki/2012_World_Karate_Championships
world_karate_championships,World Karate Championships,2012,2012-12-31,karate,Karate,team-kata,World Karate Championships Men Team kata,men,Team kata,3,bronze,team,France Men Team kata,France,FRA,France Jonathan Plagnol Romain Lacoste Jonathan Maruani,https://en.wikipedia.org/wiki/2012_World_Karate_Championships
world_karate_championships,World Karate Championships,2012,2012-12-31,karate,Karate,team-kumite,World Karate Championships Men Team kumite,men,Team kumite,1,gold,team,France Men Team kumite,France,FRA,France Mathieu Cossou Nadir Benaissa Kenji Grillon Ibrahim Gary Azdin Rghioui Salim Bendiab Logan Da Costa,https://en.wikipedia.org/wiki/2012_World_Karate_Championships
world_karate_championships,World Karate Championships,2012,2012-12-31,karate,Karate,team-kumite,World Karate Championships Men Team kumite,men,Team kumite,2,silver,team,Türkiye Men Team kumite,Türkiye,TUR,Turkey Enes Erkan Yücel Gündoğdu Murat Salih Kurnaz Yaser Şahintekin Gökhan Gündüz Mustafa Utku Şahin Aykut Usda,https://en.wikipedia.org/wiki/2012_World_Karate_Championships
world_karate_championships,World Karate Championships,2012,2012-12-31,karate,Karate,team-kumite,World Karate Championships Men Team kumite,men,Team kumite,3,bronze,team,Egypt Men Team kumite,Egypt,EGY,Egypt Hany Shakr Ahmed Sayed Ossama Abdelaziz Sayed Salem Mohamed Gamal Magdy Mamdouh Omar Ahmed,https://en.wikipedia.org/wiki/2012_World_Karate_Championships
world_karate_championships,World Karate Championships,2012,2012-12-31,karate,Karate,team-kumite,World Karate Championships Men Team kumite,men,Team kumite,3,bronze,team,Iran Men Team kumite,Iran,IRI,Iran Maziar Elhami Saeid Farrokhi Zabihollah Pourshab Ebrahim Hassanbeigi Saman Heidari Ali Fadakar Sajjad Ganjzadeh,https://en.wikipedia.org/wiki/2012_World_Karate_Championships
world_karate_championships,World Karate Championships,2012,2012-12-31,karate,Karate,kata,World Karate Championships Women Individual kata,women,Individual kata,1,gold,athlete,Rika Usami,Japan,JPN,Rika Usami Japan,https://en.wikipedia.org/wiki/2012_World_Karate_Championships
world_karate_championships,World Karate Championships,2012,2012-12-31,karate,Karate,kata,World Karate Championships Women Individual kata,women,Individual kata,2,silver,athlete,Sandy Scordo,France,FRA,Sandy Scordo France,https://en.wikipedia.org/wiki/2012_World_Karate_Championships
world_karate_championships,World Karate Championships,2012,2012-12-31,karate,Karate,kata,World Karate Championships Women Individual kata,women,Individual kata,3,bronze,athlete,Yaiza Martín,Spain,ESP,Yaiza Martín Spain,https://en.wikipedia.org/wiki/2012_World_Karate_Championships
world_karate_championships,World Karate Championships,2012,2012-12-31,karate,Karate,kata,World Karate Championships Women Individual kata,women,Individual kata,3,bronze,athlete,Sakura Kokumai,United States,USA,Sakura Kokumai United States,https://en.wikipedia.org/wiki/2012_World_Karate_Championships
world_karate_championships,World Karate Championships,2012,2012-12-31,karate,Karate,kumite-50-kg,World Karate Championships Women Kumite −50 kg,women,Kumite −50 kg,1,gold,athlete,Alexandra Recchia,France,FRA,Alexandra Recchia France,https://en.wikipedia.org/wiki/2012_World_Karate_Championships
world_karate_championships,World Karate Championships,2012,2012-12-31,karate,Karate,kumite-50-kg,World Karate Championships Women Kumite −50 kg,women,Kumite −50 kg,2,silver,athlete,Li Hong,China,CHN,Li Hong China,https://en.wikipedia.org/wiki/2012_World_Karate_Championships
world_karate_championships,World Karate Championships,2012,2012-12-31,karate,Karate,kumite-50-kg,World Karate Championships Women Kumite −50 kg,women,Kumite −50 kg,3,bronze,athlete,Ana Villanueva,Dominican Republic,DOM,Ana Villanueva Dominican Republic,https://en.wikipedia.org/wiki/2012_World_Karate_Championships
world_karate_championships,World Karate Championships,2012,2012-12-31,karate,Karate,kumite-50-kg,World Karate Championships Women Kumite −50 kg,women,Kumite −50 kg,3,bronze,athlete,Serap Özçelik,Türkiye,TUR,Serap Özçelik Turkey,https://en.wikipedia.org/wiki/2012_World_Karate_Championships
world_karate_championships,World Karate Championships,2012,2012-12-31,karate,Karate,kumite-55-kg,World Karate Championships Women Kumite −55 kg,women,Kumite −55 kg,1,gold,athlete,Lucie Ignace,France,FRA,Lucie Ignace France,https://en.wikipedia.org/wiki/2012_World_Karate_Championships
world_karate_championships,World Karate Championships,2012,2012-12-31,karate,Karate,kumite-55-kg,World Karate Championships Women Kumite −55 kg,women,Kumite −55 kg,2,silver,athlete,Jelena Kovačević,Croatia,HRV,Jelena Kovačević Croatia,https://en.wikipedia.org/wiki/2012_World_Karate_Championships
world_karate_championships,World Karate Championships,2012,2012-12-31,karate,Karate,kumite-55-kg,World Karate Championships Women Kumite −55 kg,women,Kumite −55 kg,3,bronze,athlete,Yassmin Hamdy,Egypt,EGY,Yassmin Hamdy Egypt,https://en.wikipedia.org/wiki/2012_World_Karate_Championships
world_karate_championships,World Karate Championships,2012,2012-12-31,karate,Karate,kumite-55-kg,World Karate Championships Women Kumite −55 kg,women,Kumite −55 kg,3,bronze,athlete,Miki Kobayashi,Japan,JPN,Miki Kobayashi Japan,https://en.wikipedia.org/wiki/2012_World_Karate_Championships
world_karate_championships,World Karate Championships,2012,2012-12-31,karate,Karate,kumite-61-kg,World Karate Championships Women Kumite −61 kg,women,Kumite −61 kg,1,gold,athlete,Lolita Dona,France,FRA,Lolita Dona France,https://en.wikipedia.org/wiki/2012_World_Karate_Championships
world_karate_championships,World Karate Championships,2012,2012-12-31,karate,Karate,kumite-61-kg,World Karate Championships Women Kumite −61 kg,women,Kumite −61 kg,2,silver,athlete,Boutheina Hasnaoui,Tunisia,TUN,Boutheina Hasnaoui Tunisia,https://en.wikipedia.org/wiki/2012_World_Karate_Championships
world_karate_championships,World Karate Championships,2012,2012-12-31,karate,Karate,kumite-61-kg,World Karate Championships Women Kumite −61 kg,women,Kumite −61 kg,3,bronze,athlete,Elena Quirici,Switzerland,CHE,Elena Quirici Switzerland,https://en.wikipedia.org/wiki/2012_World_Karate_Championships
world_karate_championships,World Karate Championships,2012,2012-12-31,karate,Karate,kumite-61-kg,World Karate Championships Women Kumite −61 kg,women,Kumite −61 kg,3,bronze,athlete,Yu Miyamoto,Japan,JPN,Yu Miyamoto Japan,https://en.wikipedia.org/wiki/2012_World_Karate_Championships
world_karate_championships,World Karate Championships,2012,2012-12-31,karate,Karate,kumite-68-kg,World Karate Championships Women Kumite −68 kg,women,Kumite −68 kg,1,gold,athlete,Kayo Someya,Japan,JPN,Kayo Someya Japan,https://en.wikipedia.org/wiki/2012_World_Karate_Championships
world_karate_championships,World Karate Championships,2012,2012-12-31,karate,Karate,kumite-68-kg,World Karate Championships Women Kumite −68 kg,women,Kumite −68 kg,2,silver,athlete,Hafsa Şeyda Burucu,Türkiye,TUR,Hafsa Şeyda Burucu Turkey,https://en.wikipedia.org/wiki/2012_World_Karate_Championships
world_karate_championships,World Karate Championships,2012,2012-12-31,karate,Karate,kumite-68-kg,World Karate Championships Women Kumite −68 kg,women,Kumite −68 kg,3,bronze,athlete,Heba Abdelrahman,Egypt,EGY,Heba Abdelrahman Egypt,https://en.wikipedia.org/wiki/2012_World_Karate_Championships
world_karate_championships,World Karate Championships,2012,2012-12-31,karate,Karate,kumite-68-kg,World Karate Championships Women Kumite −68 kg,women,Kumite −68 kg,3,bronze,athlete,Tiffany Fanjat,France,FRA,Tiffany Fanjat France,https://en.wikipedia.org/wiki/2012_World_Karate_Championships
world_karate_championships,World Karate Championships,2012,2012-12-31,karate,Karate,kumite-plus68-kg,World Karate Championships Women Kumite +68 kg,women,Kumite +68 kg,1,gold,athlete,Nadège Aït-Ibrahim,France,FRA,Nadège Aït-Ibrahim France,https://en.wikipedia.org/wiki/2012_World_Karate_Championships
world_karate_championships,World Karate Championships,2012,2012-12-31,karate,Karate,kumite-plus68-kg,World Karate Championships Women Kumite +68 kg,women,Kumite +68 kg,2,silver,athlete,Greta Vitelli,Italy,ITA,Greta Vitelli Italy,https://en.wikipedia.org/wiki/2012_World_Karate_Championships
world_karate_championships,World Karate Championships,2012,2012-12-31,karate,Karate,kumite-plus68-kg,World Karate Championships Women Kumite +68 kg,women,Kumite +68 kg,3,bronze,athlete,Eleni Chatziliadou,Greece,GRC,Eleni Chatziliadou Greece,https://en.wikipedia.org/wiki/2012_World_Karate_Championships
world_karate_championships,World Karate Championships,2012,2012-12-31,karate,Karate,kumite-plus68-kg,World Karate Championships Women Kumite +68 kg,women,Kumite +68 kg,3,bronze,athlete,Ayumi Uekusa,Japan,JPN,Ayumi Uekusa Japan,https://en.wikipedia.org/wiki/2012_World_Karate_Championships
world_karate_championships,World Karate Championships,2012,2012-12-31,karate,Karate,team-kata,World Karate Championships Women Team kata,women,Team kata,1,gold,team,Japan Women Team kata,Japan,JPN,Japan Yoko Kimura Suzuka Kashioka Miku Morioka,https://en.wikipedia.org/wiki/2012_World_Karate_Championships
world_karate_championships,World Karate Championships,2012,2012-12-31,karate,Karate,team-kata,World Karate Championships Women Team kata,women,Team kata,2,silver,team,Italy Women Team kata,Italy,ITA,Italy Sara Battaglia Viviana Bottaro Michela Pezzetti,https://en.wikipedia.org/wiki/2012_World_Karate_Championships
world_karate_championships,World Karate Championships,2012,2012-12-31,karate,Karate,team-kata,World Karate Championships Women Team kata,women,Team kata,3,bronze,team,Spain Women Team kata,Spain,ESP,Spain Yaiza Martín Margarita Morata Sonia García,https://en.wikipedia.org/wiki/2012_World_Karate_Championships
world_karate_championships,World Karate Championships,2012,2012-12-31,karate,Karate,team-kata,World Karate Championships Women Team kata,women,Team kata,3,bronze,team,France Women Team kata,France,FRA,France Sonia Fiuza Clothilde Boulanger Jessica Hugues,https://en.wikipedia.org/wiki/2012_World_Karate_Championships
world_karate_championships,World Karate Championships,2012,2012-12-31,karate,Karate,team-kumite,World Karate Championships Women Team kumite,women,Team kumite,1,gold,team,France Women Team kumite,France,FRA,France Tiffany Fanjat Lolita Dona Alexandra Recchia Emily Thouy,https://en.wikipedia.org/wiki/2012_World_Karate_Championships
world_karate_championships,World Karate Championships,2012,2012-12-31,karate,Karate,team-kumite,World Karate Championships Women Team kumite,women,Team kumite,2,silver,team,Croatia Women Team kumite,Croatia,HRV,Croatia Maša Martinović Azra Saleš Ana-Marija Čelan Ivona Tubić,https://en.wikipedia.org/wiki/2012_World_Karate_Championships
world_karate_championships,World Karate Championships,2012,2012-12-31,karate,Karate,team-kumite,World Karate Championships Women Team kumite,women,Team kumite,3,bronze,team,Japan Women Team kumite,Japan,JPN,Japan Miki Kobayashi Yu Miyamoto Kayo Someya Ayumi Uekusa,https://en.wikipedia.org/wiki/2012_World_Karate_Championships
world_karate_championships,World Karate Championships,2012,2012-12-31,karate,Karate,team-kumite,World Karate Championships Women Team kumite,women,Team kumite,3,bronze,team,Türkiye Women Team kumite,Türkiye,TUR,Turkey Serap Özçelik Tuba Yenen Meltem Hocaoğlu Hafsa Şeyda Burucu,https://en.wikipedia.org/wiki/2012_World_Karate_Championships
world_karate_championships,World Karate Championships,2014,2014-12-31,karate,Karate,kata,World Karate Championships Men Individual kata,men,Individual kata,1,gold,athlete,Ryo Kiyuna,Japan,JPN,Ryo Kiyuna Japan,https://en.wikipedia.org/wiki/2014_World_Karate_Championships
world_karate_championships,World Karate Championships,2014,2014-12-31,karate,Karate,kata,World Karate Championships Men Individual kata,men,Individual kata,2,silver,athlete,Ilja Smorguner,Germany,DEU,Ilja Smorguner Germany,https://en.wikipedia.org/wiki/2014_World_Karate_Championships
world_karate_championships,World Karate Championships,2014,2014-12-31,karate,Karate,kata,World Karate Championships Men Individual kata,men,Individual kata,3,bronze,athlete,Vu Duc Minh Dack,France,FRA,Vu Duc Minh Dack France,https://en.wikipedia.org/wiki/2014_World_Karate_Championships
world_karate_championships,World Karate Championships,2014,2014-12-31,karate,Karate,kata,World Karate Championships Men Individual kata,men,Individual kata,3,bronze,athlete,Antonio Díaz,Venezuela,VEN,Antonio Díaz Venezuela,https://en.wikipedia.org/wiki/2014_World_Karate_Championships
world_karate_championships,World Karate Championships,2014,2014-12-31,karate,Karate,kumite-60-kg,World Karate Championships Men Kumite −60 kg,men,Kumite −60 kg,1,gold,athlete,Douglas Brose,Brazil,BRA,Douglas Brose Brazil,https://en.wikipedia.org/wiki/2014_World_Karate_Championships
world_karate_championships,World Karate Championships,2014,2014-12-31,karate,Karate,kumite-60-kg,World Karate Championships Men Kumite −60 kg,men,Kumite −60 kg,2,silver,athlete,Geoffrey Berens,Netherlands,NLD,Geoffrey Berens Netherlands,https://en.wikipedia.org/wiki/2014_World_Karate_Championships
world_karate_championships,World Karate Championships,2014,2014-12-31,karate,Karate,kumite-60-kg,World Karate Championships Men Kumite −60 kg,men,Kumite −60 kg,3,bronze,athlete,Amir Mehdizadeh,Iran,IRI,Amir Mehdizadeh Iran,https://en.wikipedia.org/wiki/2014_World_Karate_Championships
world_karate_championships,World Karate Championships,2014,2014-12-31,karate,Karate,kumite-60-kg,World Karate Championships Men Kumite −60 kg,men,Kumite −60 kg,3,bronze,athlete,Evgeny Plakhutin,Russia,RUS,Evgeny Plakhutin Russia,https://en.wikipedia.org/wiki/2014_World_Karate_Championships
world_karate_championships,World Karate Championships,2014,2014-12-31,karate,Karate,kumite-67-kg,World Karate Championships Men Kumite −67 kg,men,Kumite −67 kg,1,gold,athlete,William Rollé,France,FRA,William Rollé France,https://en.wikipedia.org/wiki/2014_World_Karate_Championships
world_karate_championships,World Karate Championships,2014,2014-12-31,karate,Karate,kumite-67-kg,World Karate Championships Men Kumite −67 kg,men,Kumite −67 kg,2,silver,athlete,Magdy Mamdouh,Egypt,EGY,Magdy Mamdouh Egypt,https://en.wikipedia.org/wiki/2014_World_Karate_Championships
world_karate_championships,World Karate Championships,2014,2014-12-31,karate,Karate,kumite-67-kg,World Karate Championships Men Kumite −67 kg,men,Kumite −67 kg,3,bronze,athlete,Vinícius Figueira,Brazil,BRA,Vinícius Figueira Brazil,https://en.wikipedia.org/wiki/2014_World_Karate_Championships
world_karate_championships,World Karate Championships,2014,2014-12-31,karate,Karate,kumite-67-kg,World Karate Championships Men Kumite −67 kg,men,Kumite −67 kg,3,bronze,athlete,Kujtim Bajrami,Switzerland,CHE,Kujtim Bajrami Switzerland,https://en.wikipedia.org/wiki/2014_World_Karate_Championships
world_karate_championships,World Karate Championships,2014,2014-12-31,karate,Karate,kumite-75-kg,World Karate Championships Men Kumite −75 kg,men,Kumite −75 kg,1,gold,athlete,Ryuichi Tani,Japan,JPN,Ryuichi Tani Japan,https://en.wikipedia.org/wiki/2014_World_Karate_Championships
world_karate_championships,World Karate Championships,2014,2014-12-31,karate,Karate,kumite-75-kg,World Karate Championships Men Kumite −75 kg,men,Kumite −75 kg,2,silver,athlete,Luigi Busà,Italy,ITA,Luigi Busà Italy,https://en.wikipedia.org/wiki/2014_World_Karate_Championships
world_karate_championships,World Karate Championships,2014,2014-12-31,karate,Karate,kumite-75-kg,World Karate Championships Men Kumite −75 kg,men,Kumite −75 kg,3,bronze,athlete,Noah Bitsch,Germany,DEU,Noah Bitsch Germany,https://en.wikipedia.org/wiki/2014_World_Karate_Championships
world_karate_championships,World Karate Championships,2014,2014-12-31,karate,Karate,kumite-75-kg,World Karate Championships Men Kumite −75 kg,men,Kumite −75 kg,3,bronze,athlete,Stanislav Horuna,Ukraine,UKR,Stanislav Horuna Ukraine,https://en.wikipedia.org/wiki/2014_World_Karate_Championships
world_karate_championships,World Karate Championships,2014,2014-12-31,karate,Karate,kumite-84-kg,World Karate Championships Men Kumite −84 kg,men,Kumite −84 kg,1,gold,athlete,Gogita Arkania,Georgia,GEO,Gogita Arkania Georgia,https://en.wikipedia.org/wiki/2014_World_Karate_Championships
world_karate_championships,World Karate Championships,2014,2014-12-31,karate,Karate,kumite-84-kg,World Karate Championships Men Kumite −84 kg,men,Kumite −84 kg,2,silver,athlete,Ryutaro Araga,Japan,JPN,Ryutaro Araga Japan,https://en.wikipedia.org/wiki/2014_World_Karate_Championships
world_karate_championships,World Karate Championships,2014,2014-12-31,karate,Karate,kumite-84-kg,World Karate Championships Men Kumite −84 kg,men,Kumite −84 kg,3,bronze,athlete,Mohamed El-Kotby,Egypt,EGY,Mohamed El-Kotby Egypt,https://en.wikipedia.org/wiki/2014_World_Karate_Championships
world_karate_championships,World Karate Championships,2014,2014-12-31,karate,Karate,kumite-84-kg,World Karate Championships Men Kumite −84 kg,men,Kumite −84 kg,3,bronze,athlete,Gökhan Gündüz,Türkiye,TUR,Gökhan Gündüz Turkey,https://en.wikipedia.org/wiki/2014_World_Karate_Championships
world_karate_championships,World Karate Championships,2014,2014-12-31,karate,Karate,kumite-plus84-kg,World Karate Championships Men Kumite +84 kg,men,Kumite +84 kg,1,gold,athlete,Enes Erkan,Türkiye,TUR,Enes Erkan Turkey,https://en.wikipedia.org/wiki/2014_World_Karate_Championships
world_karate_championships,World Karate Championships,2014,2014-12-31,karate,Karate,kumite-plus84-kg,World Karate Championships Men Kumite +84 kg,men,Kumite +84 kg,2,silver,athlete,Sajjad Ganjzadeh,Iran,IRI,Sajjad Ganjzadeh Iran,https://en.wikipedia.org/wiki/2014_World_Karate_Championships
world_karate_championships,World Karate Championships,2014,2014-12-31,karate,Karate,kumite-plus84-kg,World Karate Championships Men Kumite +84 kg,men,Kumite +84 kg,3,bronze,athlete,Admir Zukan,Bosnia and Herzegovina,BIH,Admir Zukan Bosnia and Herzegovina,https://en.wikipedia.org/wiki/2014_World_Karate_Championships
world_karate_championships,World Karate Championships,2014,2014-12-31,karate,Karate,kumite-plus84-kg,World Karate Championships Men Kumite +84 kg,men,Kumite +84 kg,3,bronze,athlete,Jagoba Vizuete,Spain,ESP,Jagoba Vizuete Spain,https://en.wikipedia.org/wiki/2014_World_Karate_Championships
world_karate_championships,World Karate Championships,2014,2014-12-31,karate,Karate,team-kata,World Karate Championships Men Team kata,men,Team kata,1,gold,team,Spain Men Team kata,Spain,ESP,Spain José Carbonell Damián Quintero Francisco Salazar,https://en.wikipedia.org/wiki/2014_World_Karate_Championships
world_karate_championships,World Karate Championships,2014,2014-12-31,karate,Karate,team-kata,World Karate Championships Men Team kata,men,Team kata,2,silver,team,Egypt Men Team kata,Egypt,EGY,Egypt Ibrahim Magdy Ahmed Ashraf Mohamed Hamdy,https://en.wikipedia.org/wiki/2014_World_Karate_Championships
world_karate_championships,World Karate Championships,2014,2014-12-31,karate,Karate,team-kata,World Karate Championships Men Team kata,men,Team kata,3,bronze,team,France Men Team kata,France,FRA,France Vu Duc Minh Dack William Geoffray Rémi Martorana,https://en.wikipedia.org/wiki/2014_World_Karate_Championships
world_karate_championships,World Karate Championships,2014,2014-12-31,karate,Karate,team-kata,World Karate Championships Men Team kata,men,Team kata,3,bronze,team,Malaysia Men Team kata,Malaysia,MYS,Malaysia Thomson Hoe Emmanuel Leong Leong Tze Wai,https://en.wikipedia.org/wiki/2014_World_Karate_Championships
world_karate_championships,World Karate Championships,2014,2014-12-31,karate,Karate,team-kumite,World Karate Championships Men Team kumite,men,Team kumite,1,gold,team,Iran Men Team kumite,Iran,IRI,Iran Saeid Ahmadi Bahman Askari Sajjad Ganjzadeh Ebrahim Hassanbeigi Saman Heidari Zabihollah Pourshab Iman Sanchouli,https://en.wikipedia.org/wiki/2014_World_Karate_Championships
world_karate_championships,World Karate Championships,2014,2014-12-31,karate,Karate,team-kumite,World Karate Championships Men Team kumite,men,Team kumite,2,silver,team,Germany Men Team kumite,Germany,DEU,Germany Andreas Bachmann Noah Bitsch Mehmet Bolat Oliver Henning Jonathan Horne Heinrich Leistenschneider Nika Tsurtsumia,https://en.wikipedia.org/wiki/2014_World_Karate_Championships
world_karate_championships,World Karate Championships,2014,2014-12-31,karate,Karate,team-kumite,World Karate Championships Men Team kumite,men,Team kumite,3,bronze,team,Japan Men Team kumite,Japan,JPN,Japan Ryutaro Araga Rikiya Iimura Masaya Ishizuka Hideyoshi Kagawa Hiroto Shinohara Ryuichi Tani Daisuke Watanabe,https://en.wikipedia.org/wiki/2014_World_Karate_Championships
world_karate_championships,World Karate Championships,2014,2014-12-31,karate,Karate,team-kumite,World Karate Championships Men Team kumite,men,Team kumite,3,bronze,team,Türkiye Men Team kumite,Türkiye,TUR,Turkey Uğur Aktaş Erman Eltemur Enes Erkan Gökhan Gündüz Rıdvan Kaptan Yaser Şahintekin Serkan Yağcı,https://en.wikipedia.org/wiki/2014_World_Karate_Championships
world_karate_championships,World Karate Championships,2014,2014-12-31,karate,Karate,kata,World Karate Championships Women Individual kata,women,Individual kata,1,gold,athlete,Kiyou Shimizu,Japan,JPN,Kiyou Shimizu Japan,https://en.wikipedia.org/wiki/2014_World_Karate_Championships
world_karate_championships,World Karate Championships,2014,2014-12-31,karate,Karate,kata,World Karate Championships Women Individual kata,women,Individual kata,2,silver,athlete,Sandy Scordo,France,FRA,Sandy Scordo France,https://en.wikipedia.org/wiki/2014_World_Karate_Championships
world_karate_championships,World Karate Championships,2014,2014-12-31,karate,Karate,kata,World Karate Championships Women Individual kata,women,Individual kata,3,bronze,athlete,Jasmin Bleul,Germany,DEU,Jasmin Bleul Germany,https://en.wikipedia.org/wiki/2014_World_Karate_Championships
world_karate_championships,World Karate Championships,2014,2014-12-31,karate,Karate,kata,World Karate Championships Women Individual kata,women,Individual kata,3,bronze,athlete,Yaiza Martín,Spain,ESP,Yaiza Martín Spain,https://en.wikipedia.org/wiki/2014_World_Karate_Championships
world_karate_championships,World Karate Championships,2014,2014-12-31,karate,Karate,kumite-50-kg,World Karate Championships Women Kumite −50 kg,women,Kumite −50 kg,1,gold,athlete,Serap Özçelik,Türkiye,TUR,Serap Özçelik Turkey,https://en.wikipedia.org/wiki/2014_World_Karate_Championships
world_karate_championships,World Karate Championships,2014,2014-12-31,karate,Karate,kumite-50-kg,World Karate Championships Women Kumite −50 kg,women,Kumite −50 kg,2,silver,athlete,Duygu Buğur,Germany,DEU,Duygu Buğur Germany,https://en.wikipedia.org/wiki/2014_World_Karate_Championships
world_karate_championships,World Karate Championships,2014,2014-12-31,karate,Karate,kumite-50-kg,World Karate Championships Women Kumite −50 kg,women,Kumite −50 kg,3,bronze,athlete,Rocío Sánchez,Spain,ESP,Rocío Sánchez Spain,https://en.wikipedia.org/wiki/2014_World_Karate_Championships
world_karate_championships,World Karate Championships,2014,2014-12-31,karate,Karate,kumite-50-kg,World Karate Championships Women Kumite −50 kg,women,Kumite −50 kg,3,bronze,athlete,Alexandra Recchia,France,FRA,Alexandra Recchia France,https://en.wikipedia.org/wiki/2014_World_Karate_Championships
world_karate_championships,World Karate Championships,2014,2014-12-31,karate,Karate,kumite-55-kg,World Karate Championships Women Kumite −55 kg,women,Kumite −55 kg,1,gold,athlete,Sara Cardin,Italy,ITA,Sara Cardin Italy,https://en.wikipedia.org/wiki/2014_World_Karate_Championships
world_karate_championships,World Karate Championships,2014,2014-12-31,karate,Karate,kumite-55-kg,World Karate Championships Women Kumite −55 kg,women,Kumite −55 kg,2,silver,athlete,Emily Thouy,France,FRA,Emily Thouy France,https://en.wikipedia.org/wiki/2014_World_Karate_Championships
world_karate_championships,World Karate Championships,2014,2014-12-31,karate,Karate,kumite-55-kg,World Karate Championships Women Kumite −55 kg,women,Kumite −55 kg,3,bronze,athlete,Jana Bitsch,Germany,DEU,Jana Bitsch Germany,https://en.wikipedia.org/wiki/2014_World_Karate_Championships
world_karate_championships,World Karate Championships,2014,2014-12-31,karate,Karate,kumite-55-kg,World Karate Championships Women Kumite −55 kg,women,Kumite −55 kg,3,bronze,athlete,Miki Kobayashi,Japan,JPN,Miki Kobayashi Japan,https://en.wikipedia.org/wiki/2014_World_Karate_Championships
world_karate_championships,World Karate Championships,2014,2014-12-31,karate,Karate,kumite-61-kg,World Karate Championships Women Kumite −61 kg,women,Kumite −61 kg,1,gold,athlete,Giana Farouk,Egypt,EGY,Giana Farouk Egypt,https://en.wikipedia.org/wiki/2014_World_Karate_Championships
world_karate_championships,World Karate Championships,2014,2014-12-31,karate,Karate,kumite-61-kg,World Karate Championships Women Kumite −61 kg,women,Kumite −61 kg,2,silver,athlete,Syakilla Salni,Malaysia,MYS,Syakilla Salni Malaysia,https://en.wikipedia.org/wiki/2014_World_Karate_Championships
world_karate_championships,World Karate Championships,2014,2014-12-31,karate,Karate,kumite-61-kg,World Karate Championships Women Kumite −61 kg,women,Kumite −61 kg,3,bronze,athlete,Laura Pasqua,Italy,ITA,Laura Pasqua Italy,https://en.wikipedia.org/wiki/2014_World_Karate_Championships
world_karate_championships,World Karate Championships,2014,2014-12-31,karate,Karate,kumite-61-kg,World Karate Championships Women Kumite −61 kg,women,Kumite −61 kg,3,bronze,athlete,Mayumi Someya,Japan,JPN,Mayumi Someya Japan,https://en.wikipedia.org/wiki/2014_World_Karate_Championships
world_karate_championships,World Karate Championships,2014,2014-12-31,karate,Karate,kumite-68-kg,World Karate Championships Women Kumite −68 kg,women,Kumite −68 kg,1,gold,athlete,Alizée Agier,France,FRA,Alizée Agier France,https://en.wikipedia.org/wiki/2014_World_Karate_Championships
world_karate_championships,World Karate Championships,2014,2014-12-31,karate,Karate,kumite-68-kg,World Karate Championships Women Kumite −68 kg,women,Kumite −68 kg,2,silver,athlete,Gitte Brunstad,Norway,NOR,Gitte Brunstad Norway,https://en.wikipedia.org/wiki/2014_World_Karate_Championships
world_karate_championships,World Karate Championships,2014,2014-12-31,karate,Karate,kumite-68-kg,World Karate Championships Women Kumite −68 kg,women,Kumite −68 kg,3,bronze,athlete,Alisa Buchinger,Austria,AUT,Alisa Buchinger Austria,https://en.wikipedia.org/wiki/2014_World_Karate_Championships
world_karate_championships,World Karate Championships,2014,2014-12-31,karate,Karate,kumite-68-kg,World Karate Championships Women Kumite −68 kg,women,Kumite −68 kg,3,bronze,athlete,Irina Zaretska,Ukraine,UKR,Irina Zaretska Ukraine,https://en.wikipedia.org/wiki/2014_World_Karate_Championships
world_karate_championships,World Karate Championships,2014,2014-12-31,karate,Karate,kumite-plus68-kg,World Karate Championships Women Kumite +68 kg,women,Kumite +68 kg,1,gold,athlete,Shymaa Abou-El-Yazed,Egypt,EGY,Shymaa Abou-El-Yazed Egypt,https://en.wikipedia.org/wiki/2014_World_Karate_Championships
world_karate_championships,World Karate Championships,2014,2014-12-31,karate,Karate,kumite-plus68-kg,World Karate Championships Women Kumite +68 kg,women,Kumite +68 kg,2,silver,athlete,Hamideh Abbasali,Iran,IRI,Hamideh Abbasali Iran,https://en.wikipedia.org/wiki/2014_World_Karate_Championships
world_karate_championships,World Karate Championships,2014,2014-12-31,karate,Karate,kumite-plus68-kg,World Karate Championships Women Kumite +68 kg,women,Kumite +68 kg,3,bronze,athlete,Laura Palacio,Spain,ESP,Laura Palacio Spain,https://en.wikipedia.org/wiki/2014_World_Karate_Championships
world_karate_championships,World Karate Championships,2014,2014-12-31,karate,Karate,kumite-plus68-kg,World Karate Championships Women Kumite +68 kg,women,Kumite +68 kg,3,bronze,athlete,Ayumi Uekusa,Japan,JPN,Ayumi Uekusa Japan,https://en.wikipedia.org/wiki/2014_World_Karate_Championships
world_karate_championships,World Karate Championships,2014,2014-12-31,karate,Karate,team-kata,World Karate Championships Women Team kata,women,Team kata,1,gold,team,Germany Women Team kata,Germany,DEU,Germany Jasmin Bleul Christine Heinrich Sophie Wachter,https://en.wikipedia.org/wiki/2014_World_Karate_Championships
world_karate_championships,World Karate Championships,2014,2014-12-31,karate,Karate,team-kata,World Karate Championships Women Team kata,women,Team kata,2,silver,team,Japan Women Team kata,Japan,JPN,Japan Suzuka Kashioka Yoko Kimura Miku Morioka,https://en.wikipedia.org/wiki/2014_World_Karate_Championships
world_karate_championships,World Karate Championships,2014,2014-12-31,karate,Karate,team-kata,World Karate Championships Women Team kata,women,Team kata,3,bronze,team,Iran Women Team kata,Iran,IRI,Iran Mahsa Afsaneh Najmeh Ghazizadeh Elnaz Taghipour,https://en.wikipedia.org/wiki/2014_World_Karate_Championships
world_karate_championships,World Karate Championships,2014,2014-12-31,karate,Karate,team-kata,World Karate Championships Women Team kata,women,Team kata,3,bronze,team,Italy Women Team kata,Italy,ITA,Italy Sara Battaglia Viviana Bottaro Michela Pezzetti,https://en.wikipedia.org/wiki/2014_World_Karate_Championships
world_karate_championships,World Karate Championships,2014,2014-12-31,karate,Karate,team-kumite,World Karate Championships Women Team kumite,women,Team kumite,1,gold,team,Egypt Women Team kumite,Egypt,EGY,Egypt Shymaa Abou-El-Yazed Yassmin Hamdy Giana Farouk Fatma Al-Zahraa,https://en.wikipedia.org/wiki/2014_World_Karate_Championships
world_karate_championships,World Karate Championships,2014,2014-12-31,karate,Karate,team-kumite,World Karate Championships Women Team kumite,women,Team kumite,2,silver,team,France Women Team kumite,France,FRA,France Nadège Aït-Ibrahim Leïla Heurtault Lucie Ignace Alexandra Recchia,https://en.wikipedia.org/wiki/2014_World_Karate_Championships
world_karate_championships,World Karate Championships,2014,2014-12-31,karate,Karate,team-kumite,World Karate Championships Women Team kumite,women,Team kumite,3,bronze,team,Japan Women Team kumite,Japan,JPN,Japan Natsumi Kawamura Miki Kobayashi Mayumi Someya Ayumi Uekusa,https://en.wikipedia.org/wiki/2014_World_Karate_Championships
world_karate_championships,World Karate Championships,2014,2014-12-31,karate,Karate,team-kumite,World Karate Championships Women Team kumite,women,Team kumite,3,bronze,team,Türkiye Women Team kumite,Türkiye,TUR,Turkey Buse Avcu Merve Çoban Meltem Hocaoğlu Serap Özçelik,https://en.wikipedia.org/wiki/2014_World_Karate_Championships
world_karate_championships,World Karate Championships,2016,2016-12-31,karate,Karate,kata,World Karate Championships Men Individual kata,men,Individual kata,1,gold,athlete,Ryo Kiyuna,Japan,JPN,Ryo Kiyuna Japan,https://en.wikipedia.org/wiki/2016_World_Karate_Championships
world_karate_championships,World Karate Championships,2016,2016-12-31,karate,Karate,kata,World Karate Championships Men Individual kata,men,Individual kata,2,silver,athlete,Damián Quintero,Spain,ESP,Damián Quintero Spain,https://en.wikipedia.org/wiki/2016_World_Karate_Championships
world_karate_championships,World Karate Championships,2016,2016-12-31,karate,Karate,kata,World Karate Championships Men Individual kata,men,Individual kata,3,bronze,athlete,Ilja Smorguner,Germany,DEU,Ilja Smorguner Germany,https://en.wikipedia.org/wiki/2016_World_Karate_Championships
world_karate_championships,World Karate Championships,2016,2016-12-31,karate,Karate,kata,World Karate Championships Men Individual kata,men,Individual kata,3,bronze,athlete,Antonio Díaz,Venezuela,VEN,Antonio Díaz Venezuela,https://en.wikipedia.org/wiki/2016_World_Karate_Championships
world_karate_championships,World Karate Championships,2016,2016-12-31,karate,Karate,kumite-60-kg,World Karate Championships Men Kumite −60 kg,men,Kumite −60 kg,1,gold,athlete,Amir Mehdizadeh,Iran,IRI,Amir Mehdizadeh Iran,https://en.wikipedia.org/wiki/2016_World_Karate_Championships
world_karate_championships,World Karate Championships,2016,2016-12-31,karate,Karate,kumite-60-kg,World Karate Championships Men Kumite −60 kg,men,Kumite −60 kg,2,silver,athlete,Geoffrey Berens,Netherlands,NLD,Geoffrey Berens Netherlands,https://en.wikipedia.org/wiki/2016_World_Karate_Championships
world_karate_championships,World Karate Championships,2016,2016-12-31,karate,Karate,kumite-60-kg,World Karate Championships Men Kumite −60 kg,men,Kumite −60 kg,3,bronze,athlete,Firdovsi Farzaliyev,Azerbaijan,AZE,Firdovsi Farzaliyev Azerbaijan,https://en.wikipedia.org/wiki/2016_World_Karate_Championships
world_karate_championships,World Karate Championships,2016,2016-12-31,karate,Karate,kumite-60-kg,World Karate Championships Men Kumite −60 kg,men,Kumite −60 kg,3,bronze,athlete,Sofiane Agoudjil,France,FRA,Sofiane Agoudjil France,https://en.wikipedia.org/wiki/2016_World_Karate_Championships
world_karate_championships,World Karate Championships,2016,2016-12-31,karate,Karate,kumite-67-kg,World Karate Championships Men Kumite −67 kg,men,Kumite −67 kg,1,gold,athlete,Jordan Thomas,England,ENG,Jordan Thomas England,https://en.wikipedia.org/wiki/2016_World_Karate_Championships
world_karate_championships,World Karate Championships,2016,2016-12-31,karate,Karate,kumite-67-kg,World Karate Championships Men Kumite −67 kg,men,Kumite −67 kg,2,silver,athlete,Yves Martial Tadissi,Hungary,HUN,Yves Martial Tadissi Hungary,https://en.wikipedia.org/wiki/2016_World_Karate_Championships
world_karate_championships,World Karate Championships,2016,2016-12-31,karate,Karate,kumite-67-kg,World Karate Championships Men Kumite −67 kg,men,Kumite −67 kg,3,bronze,athlete,Steven Da Costa,France,FRA,Steven Da Costa France,https://en.wikipedia.org/wiki/2016_World_Karate_Championships
world_karate_championships,World Karate Championships,2016,2016-12-31,karate,Karate,kumite-67-kg,World Karate Championships Men Kumite −67 kg,men,Kumite −67 kg,3,bronze,athlete,Andrés Madera,Venezuela,VEN,Andrés Madera Venezuela,https://en.wikipedia.org/wiki/2016_World_Karate_Championships
world_karate_championships,World Karate Championships,2016,2016-12-31,karate,Karate,kumite-75-kg,World Karate Championships Men Kumite −75 kg,men,Kumite −75 kg,1,gold,athlete,Rafael Aghayev,Azerbaijan,AZE,Rafael Aghayev Azerbaijan,https://en.wikipedia.org/wiki/2016_World_Karate_Championships
world_karate_championships,World Karate Championships,2016,2016-12-31,karate,Karate,kumite-75-kg,World Karate Championships Men Kumite −75 kg,men,Kumite −75 kg,2,silver,athlete,Omar Abdelrahman,Egypt,EGY,Omar Abdelrahman Egypt,https://en.wikipedia.org/wiki/2016_World_Karate_Championships
world_karate_championships,World Karate Championships,2016,2016-12-31,karate,Karate,kumite-75-kg,World Karate Championships Men Kumite −75 kg,men,Kumite −75 kg,3,bronze,athlete,Ali Asghar Asiabari,Iran,IRI,Ali Asghar Asiabari Iran,https://en.wikipedia.org/wiki/2016_World_Karate_Championships
world_karate_championships,World Karate Championships,2016,2016-12-31,karate,Karate,kumite-75-kg,World Karate Championships Men Kumite −75 kg,men,Kumite −75 kg,3,bronze,athlete,Luigi Busà,Italy,ITA,Luigi Busà Italy,https://en.wikipedia.org/wiki/2016_World_Karate_Championships
world_karate_championships,World Karate Championships,2016,2016-12-31,karate,Karate,kumite-84-kg,World Karate Championships Men Kumite −84 kg,men,Kumite −84 kg,1,gold,athlete,Ryutaro Araga,Japan,JPN,Ryutaro Araga Japan,https://en.wikipedia.org/wiki/2016_World_Karate_Championships
world_karate_championships,World Karate Championships,2016,2016-12-31,karate,Karate,kumite-84-kg,World Karate Championships Men Kumite −84 kg,men,Kumite −84 kg,2,silver,athlete,Aykhan Mamayev,Azerbaijan,AZE,Aykhan Mamayev Azerbaijan,https://en.wikipedia.org/wiki/2016_World_Karate_Championships
world_karate_championships,World Karate Championships,2016,2016-12-31,karate,Karate,kumite-84-kg,World Karate Championships Men Kumite −84 kg,men,Kumite −84 kg,3,bronze,athlete,Kenji Grillon,France,FRA,Kenji Grillon France,https://en.wikipedia.org/wiki/2016_World_Karate_Championships
world_karate_championships,World Karate Championships,2016,2016-12-31,karate,Karate,kumite-84-kg,World Karate Championships Men Kumite −84 kg,men,Kumite −84 kg,3,bronze,athlete,Zabihollah Pourshab,Iran,IRI,Zabihollah Pourshab Iran,https://en.wikipedia.org/wiki/2016_World_Karate_Championships
world_karate_championships,World Karate Championships,2016,2016-12-31,karate,Karate,kumite-plus84-kg,World Karate Championships Men Kumite +84 kg,men,Kumite +84 kg,1,gold,athlete,Sajjad Ganjzadeh,Iran,IRI,Sajjad Ganjzadeh Iran,https://en.wikipedia.org/wiki/2016_World_Karate_Championships
world_karate_championships,World Karate Championships,2016,2016-12-31,karate,Karate,kumite-plus84-kg,World Karate Championships Men Kumite +84 kg,men,Kumite +84 kg,2,silver,athlete,Achraf Ouchen,Morocco,MAR,Achraf Ouchen Morocco,https://en.wikipedia.org/wiki/2016_World_Karate_Championships
world_karate_championships,World Karate Championships,2016,2016-12-31,karate,Karate,kumite-plus84-kg,World Karate Championships Men Kumite +84 kg,men,Kumite +84 kg,3,bronze,athlete,Anđelo Kvesić,Croatia,HRV,Anđelo Kvesić Croatia,https://en.wikipedia.org/wiki/2016_World_Karate_Championships
world_karate_championships,World Karate Championships,2016,2016-12-31,karate,Karate,kumite-plus84-kg,World Karate Championships Men Kumite +84 kg,men,Kumite +84 kg,3,bronze,athlete,Herolind Nishevci,Kosovo,KOS,Herolind Nishevci Kosovo,https://en.wikipedia.org/wiki/2016_World_Karate_Championships
world_karate_championships,World Karate Championships,2016,2016-12-31,karate,Karate,team-kata,World Karate Championships Men Team kata,men,Team kata,1,gold,team,Japan Men Team kata,Japan,JPN,Japan Arata Kinjo Ryo Kiyuna Takuya Uemura,https://en.wikipedia.org/wiki/2016_World_Karate_Championships
world_karate_championships,World Karate Championships,2016,2016-12-31,karate,Karate,team-kata,World Karate Championships Men Team kata,men,Team kata,2,silver,team,France Men Team kata,France,FRA,France Lucas Jeannot Enzo Montarello Ahmed Zemouri,https://en.wikipedia.org/wiki/2016_World_Karate_Championships
world_karate_championships,World Karate Championships,2016,2016-12-31,karate,Karate,team-kata,World Karate Championships Men Team kata,men,Team kata,3,bronze,team,Spain Men Team kata,Spain,ESP,Spain José Carbonell Damián Quintero Francisco Salazar,https://en.wikipedia.org/wiki/2016_World_Karate_Championships
world_karate_championships,World Karate Championships,2016,2016-12-31,karate,Karate,team-kata,World Karate Championships Men Team kata,men,Team kata,3,bronze,team,Italy Men Team kata,Italy,ITA,Italy Mattia Busato Alessandro Iodice Alfredo Tocco,https://en.wikipedia.org/wiki/2016_World_Karate_Championships
world_karate_championships,World Karate Championships,2016,2016-12-31,karate,Karate,team-kumite,World Karate Championships Men Team kumite,men,Team kumite,1,gold,team,Iran Men Team kumite,Iran,IRI,Iran Saeid Ahmadi Bahman Askari Ali Fadakar Sajjad Ganjzadeh Mehdi Khodabakhshi Zabihollah Pourshab Iman Sanchouli,https://en.wikipedia.org/wiki/2016_World_Karate_Championships
world_karate_championships,World Karate Championships,2016,2016-12-31,karate,Karate,team-kumite,World Karate Championships Men Team kumite,men,Team kumite,2,silver,team,Japan Men Team kumite,Japan,JPN,Japan Ryutaro Araga Rikiya Iimura Masaya Ishizuka Hideyoshi Kagawa Ken Nishimura Hiroto Shinohara Daisuke Watanabe,https://en.wikipedia.org/wiki/2016_World_Karate_Championships
world_karate_championships,World Karate Championships,2016,2016-12-31,karate,Karate,team-kumite,World Karate Championships Men Team kumite,men,Team kumite,3,bronze,team,Germany Men Team kumite,Germany,DEU,Germany Noah Bitsch Mehmet Bolat Nico Drexel Ricardo Giegler Jonathan Horne Heinrich Leistenschneider Robin Winters,https://en.wikipedia.org/wiki/2016_World_Karate_Championships
world_karate_championships,World Karate Championships,2016,2016-12-31,karate,Karate,team-kumite,World Karate Championships Men Team kumite,men,Team kumite,3,bronze,team,France Men Team kumite,France,FRA,France Amin Bouazza Jessie Da Costa Logan Da Costa Steven Da Costa Marvin Garin Kenji Grillon Corentin Seguy,https://en.wikipedia.org/wiki/2016_World_Karate_Championships
world_karate_championships,World Karate Championships,2016,2016-12-31,karate,Karate,kata,World Karate Championships Women Individual kata,women,Individual kata,1,gold,athlete,Kiyou Shimizu,Japan,JPN,Kiyou Shimizu Japan,https://en.wikipedia.org/wiki/2016_World_Karate_Championships
world_karate_championships,World Karate Championships,2016,2016-12-31,karate,Karate,kata,World Karate Championships Women Individual kata,women,Individual kata,2,silver,athlete,Sarah Sayed,Egypt,EGY,Sarah Sayed Egypt,https://en.wikipedia.org/wiki/2016_World_Karate_Championships
world_karate_championships,World Karate Championships,2016,2016-12-31,karate,Karate,kata,World Karate Championships Women Individual kata,women,Individual kata,3,bronze,athlete,Sandra Sánchez,Spain,ESP,Sandra Sánchez Spain,https://en.wikipedia.org/wiki/2016_World_Karate_Championships
world_karate_championships,World Karate Championships,2016,2016-12-31,karate,Karate,kata,World Karate Championships Women Individual kata,women,Individual kata,3,bronze,athlete,Viviana Bottaro,Italy,ITA,Viviana Bottaro Italy,https://en.wikipedia.org/wiki/2016_World_Karate_Championships
world_karate_championships,World Karate Championships,2016,2016-12-31,karate,Karate,kumite-50-kg,World Karate Championships Women Kumite −50 kg,women,Kumite −50 kg,1,gold,athlete,Alexandra Recchia,France,FRA,Alexandra Recchia France,https://en.wikipedia.org/wiki/2016_World_Karate_Championships
world_karate_championships,World Karate Championships,2016,2016-12-31,karate,Karate,kumite-50-kg,World Karate Championships Women Kumite −50 kg,women,Kumite −50 kg,2,silver,athlete,Miho Miyahara,Japan,JPN,Miho Miyahara Japan,https://en.wikipedia.org/wiki/2016_World_Karate_Championships
world_karate_championships,World Karate Championships,2016,2016-12-31,karate,Karate,kumite-50-kg,World Karate Championships Women Kumite −50 kg,women,Kumite −50 kg,3,bronze,athlete,Bettina Plank,Austria,AUT,Bettina Plank Austria,https://en.wikipedia.org/wiki/2016_World_Karate_Championships
world_karate_championships,World Karate Championships,2016,2016-12-31,karate,Karate,kumite-50-kg,World Karate Championships Women Kumite −50 kg,women,Kumite −50 kg,3,bronze,athlete,Radwa Sayed,Egypt,EGY,Radwa Sayed Egypt,https://en.wikipedia.org/wiki/2016_World_Karate_Championships
world_karate_championships,World Karate Championships,2016,2016-12-31,karate,Karate,kumite-55-kg,World Karate Championships Women Kumite −55 kg,women,Kumite −55 kg,1,gold,athlete,Emily Thouy,France,FRA,Emily Thouy France,https://en.wikipedia.org/wiki/2016_World_Karate_Championships
world_karate_championships,World Karate Championships,2016,2016-12-31,karate,Karate,kumite-55-kg,World Karate Championships Women Kumite −55 kg,women,Kumite −55 kg,2,silver,athlete,Valéria Kumizaki,Brazil,BRA,Valéria Kumizaki Brazil,https://en.wikipedia.org/wiki/2016_World_Karate_Championships
world_karate_championships,World Karate Championships,2016,2016-12-31,karate,Karate,kumite-55-kg,World Karate Championships Women Kumite −55 kg,women,Kumite −55 kg,3,bronze,athlete,Sara Yamada,Japan,JPN,Sara Yamada Japan,https://en.wikipedia.org/wiki/2016_World_Karate_Championships
world_karate_championships,World Karate Championships,2016,2016-12-31,karate,Karate,kumite-55-kg,World Karate Championships Women Kumite −55 kg,women,Kumite −55 kg,3,bronze,athlete,Wen Tzu-yun,Chinese Taipei,TPE,Wen Tzu-yun Chinese Taipei,https://en.wikipedia.org/wiki/2016_World_Karate_Championships
world_karate_championships,World Karate Championships,2016,2016-12-31,karate,Karate,kumite-61-kg,World Karate Championships Women Kumite −61 kg,women,Kumite −61 kg,1,gold,athlete,Giana Farouk,Egypt,EGY,Giana Farouk Egypt,https://en.wikipedia.org/wiki/2016_World_Karate_Championships
world_karate_championships,World Karate Championships,2016,2016-12-31,karate,Karate,kumite-61-kg,World Karate Championships Women Kumite −61 kg,women,Kumite −61 kg,2,silver,athlete,Lucie Ignace,France,FRA,Lucie Ignace France,https://en.wikipedia.org/wiki/2016_World_Karate_Championships
world_karate_championships,World Karate Championships,2016,2016-12-31,karate,Karate,kumite-61-kg,World Karate Championships Women Kumite −61 kg,women,Kumite −61 kg,3,bronze,athlete,Ingrida Suchánková,Slovakia,SVK,Ingrida Suchánková Slovakia,https://en.wikipedia.org/wiki/2016_World_Karate_Championships
world_karate_championships,World Karate Championships,2016,2016-12-31,karate,Karate,kumite-61-kg,World Karate Championships Women Kumite −61 kg,women,Kumite −61 kg,3,bronze,athlete,Anita Serogina,Ukraine,UKR,Anita Serogina Ukraine,https://en.wikipedia.org/wiki/2016_World_Karate_Championships
world_karate_championships,World Karate Championships,2016,2016-12-31,karate,Karate,kumite-68-kg,World Karate Championships Women Kumite −68 kg,women,Kumite −68 kg,1,gold,athlete,Alisa Buchinger,Austria,AUT,Alisa Buchinger Austria,https://en.wikipedia.org/wiki/2016_World_Karate_Championships
world_karate_championships,World Karate Championships,2016,2016-12-31,karate,Karate,kumite-68-kg,World Karate Championships Women Kumite −68 kg,women,Kumite −68 kg,2,silver,athlete,Katrine Pedersen,Denmark,DNK,Katrine Pedersen Denmark,https://en.wikipedia.org/wiki/2016_World_Karate_Championships
world_karate_championships,World Karate Championships,2016,2016-12-31,karate,Karate,kumite-68-kg,World Karate Championships Women Kumite −68 kg,women,Kumite −68 kg,3,bronze,athlete,Ivona Ćavar,Bosnia and Herzegovina,BIH,Ivona Ćavar Bosnia and Herzegovina,https://en.wikipedia.org/wiki/2016_World_Karate_Championships
world_karate_championships,World Karate Championships,2016,2016-12-31,karate,Karate,kumite-68-kg,World Karate Championships Women Kumite −68 kg,women,Kumite −68 kg,3,bronze,athlete,Marina Raković,Montenegro,MNE,Marina Raković Montenegro,https://en.wikipedia.org/wiki/2016_World_Karate_Championships
world_karate_championships,World Karate Championships,2016,2016-12-31,karate,Karate,kumite-plus68-kg,World Karate Championships Women Kumite +68 kg,women,Kumite +68 kg,1,gold,athlete,Ayumi Uekusa,Japan,JPN,Ayumi Uekusa Japan,https://en.wikipedia.org/wiki/2016_World_Karate_Championships
world_karate_championships,World Karate Championships,2016,2016-12-31,karate,Karate,kumite-plus68-kg,World Karate Championships Women Kumite +68 kg,women,Kumite +68 kg,2,silver,athlete,Eleni Chatziliadou,Greece,GRC,Eleni Chatziliadou Greece,https://en.wikipedia.org/wiki/2016_World_Karate_Championships
world_karate_championships,World Karate Championships,2016,2016-12-31,karate,Karate,kumite-plus68-kg,World Karate Championships Women Kumite +68 kg,women,Kumite +68 kg,3,bronze,athlete,Hamideh Abbasali,Iran,IRI,Hamideh Abbasali Iran,https://en.wikipedia.org/wiki/2016_World_Karate_Championships
world_karate_championships,World Karate Championships,2016,2016-12-31,karate,Karate,kumite-plus68-kg,World Karate Championships Women Kumite +68 kg,women,Kumite +68 kg,3,bronze,athlete,Dominika Tatárová,Slovakia,SVK,Dominika Tatárová Slovakia,https://en.wikipedia.org/wiki/2016_World_Karate_Championships
world_karate_championships,World Karate Championships,2016,2016-12-31,karate,Karate,team-kata,World Karate Championships Women Team kata,women,Team kata,1,gold,team,Japan Women Team kata,Japan,JPN,Japan Miku Morioka Hikaru Ono Kyosuke Yamashita,https://en.wikipedia.org/wiki/2016_World_Karate_Championships
world_karate_championships,World Karate Championships,2016,2016-12-31,karate,Karate,team-kata,World Karate Championships Women Team kata,women,Team kata,2,silver,team,Spain Women Team kata,Spain,ESP,Spain Gema Morales Margarita Morata Paula Rodríguez,https://en.wikipedia.org/wiki/2016_World_Karate_Championships
world_karate_championships,World Karate Championships,2016,2016-12-31,karate,Karate,team-kata,World Karate Championships Women Team kata,women,Team kata,3,bronze,team,Italy Women Team kata,Italy,ITA,Italy Sara Battaglia Viviana Bottaro Michela Pezzetti,https://en.wikipedia.org/wiki/2016_World_Karate_Championships
world_karate_championships,World Karate Championships,2016,2016-12-31,karate,Karate,team-kata,World Karate Championships Women Team kata,women,Team kata,3,bronze,team,Türkiye Women Team kata,Türkiye,TUR,Turkey Dilara Bozan Rabia Küsmüş Gizem Şahin,https://en.wikipedia.org/wiki/2016_World_Karate_Championships
world_karate_championships,World Karate Championships,2016,2016-12-31,karate,Karate,team-kumite,World Karate Championships Women Team kumite,women,Team kumite,1,gold,team,France Women Team kumite,France,FRA,France Alizée Agier Leïla Heurtault Lucie Ignace Alexandra Recchia,https://en.wikipedia.org/wiki/2016_World_Karate_Championships
world_karate_championships,World Karate Championships,2016,2016-12-31,karate,Karate,team-kumite,World Karate Championships Women Team kumite,women,Team kumite,2,silver,team,Spain Women Team kumite,Spain,ESP,Spain Cristina Ferrer Laura Palacio Rocío Sánchez Cristina Vizcaíno,https://en.wikipedia.org/wiki/2016_World_Karate_Championships
world_karate_championships,World Karate Championships,2016,2016-12-31,karate,Karate,team-kumite,World Karate Championships Women Team kumite,women,Team kumite,3,bronze,team,Egypt Women Team kumite,Egypt,EGY,Egypt Giana Farouk Yassmin Hamdy Randa Rousfelt Nada Sayed,https://en.wikipedia.org/wiki/2016_World_Karate_Championships
world_karate_championships,World Karate Championships,2016,2016-12-31,karate,Karate,team-kumite,World Karate Championships Women Team kumite,women,Team kumite,3,bronze,team,United States Women Team kumite,United States,USA,United States Ashley Davis Cheryl Murphy Brandi Robinson Maya Wasowicz,https://en.wikipedia.org/wiki/2016_World_Karate_Championships
world_karate_championships,World Karate Championships,2018,2018-12-31,karate,Karate,kata,World Karate Championships Men Individual kata,men,Individual kata,1,gold,athlete,Ryo Kiyuna,Japan,JPN,Ryo Kiyuna Japan,https://en.wikipedia.org/wiki/2018_World_Karate_Championships
world_karate_championships,World Karate Championships,2018,2018-12-31,karate,Karate,kata,World Karate Championships Men Individual kata,men,Individual kata,2,silver,athlete,Damián Quintero,Spain,ESP,Damián Quintero Spain,https://en.wikipedia.org/wiki/2018_World_Karate_Championships
world_karate_championships,World Karate Championships,2018,2018-12-31,karate,Karate,kata,World Karate Championships Men Individual kata,men,Individual kata,3,bronze,athlete,Mattia Busato,Italy,ITA,Mattia Busato Italy,https://en.wikipedia.org/wiki/2018_World_Karate_Championships
world_karate_championships,World Karate Championships,2018,2018-12-31,karate,Karate,kata,World Karate Championships Men Individual kata,men,Individual kata,3,bronze,athlete,Ali Sofuoğlu,Türkiye,TUR,Ali Sofuoğlu Turkey,https://en.wikipedia.org/wiki/2018_World_Karate_Championships
world_karate_championships,World Karate Championships,2018,2018-12-31,karate,Karate,kumite-60-kg,World Karate Championships Men Kumite −60 kg,men,Kumite −60 kg,1,gold,athlete,Angelo Crescenzo,Italy,ITA,Angelo Crescenzo Italy,https://en.wikipedia.org/wiki/2018_World_Karate_Championships
world_karate_championships,World Karate Championships,2018,2018-12-31,karate,Karate,kumite-60-kg,World Karate Championships Men Kumite −60 kg,men,Kumite −60 kg,2,silver,athlete,Naoto Sago,Japan,JPN,Naoto Sago Japan,https://en.wikipedia.org/wiki/2018_World_Karate_Championships
world_karate_championships,World Karate Championships,2018,2018-12-31,karate,Karate,kumite-60-kg,World Karate Championships Men Kumite −60 kg,men,Kumite −60 kg,3,bronze,athlete,Darkhan Assadilov,Kazakhstan,KAZ,Darkhan Assadilov Kazakhstan,https://en.wikipedia.org/wiki/2018_World_Karate_Championships
world_karate_championships,World Karate Championships,2018,2018-12-31,karate,Karate,kumite-60-kg,World Karate Championships Men Kumite −60 kg,men,Kumite −60 kg,3,bronze,athlete,Abdessalam Ameknassi,Morocco,MAR,Abdessalam Ameknassi Morocco,https://en.wikipedia.org/wiki/2018_World_Karate_Championships
world_karate_championships,World Karate Championships,2018,2018-12-31,karate,Karate,kumite-67-kg,World Karate Championships Men Kumite −67 kg,men,Kumite −67 kg,1,gold,athlete,Steven Da Costa,France,FRA,Steven Da Costa France,https://en.wikipedia.org/wiki/2018_World_Karate_Championships
world_karate_championships,World Karate Championships,2018,2018-12-31,karate,Karate,kumite-67-kg,World Karate Championships Men Kumite −67 kg,men,Kumite −67 kg,2,silver,athlete,Vinícius Figueira,Brazil,BRA,Vinícius Figueira Brazil,https://en.wikipedia.org/wiki/2018_World_Karate_Championships
world_karate_championships,World Karate Championships,2018,2018-12-31,karate,Karate,kumite-67-kg,World Karate Championships Men Kumite −67 kg,men,Kumite −67 kg,3,bronze,athlete,Camilo Velozo,Chile,CHL,Camilo Velozo Chile,https://en.wikipedia.org/wiki/2018_World_Karate_Championships
world_karate_championships,World Karate Championships,2018,2018-12-31,karate,Karate,kumite-67-kg,World Karate Championships Men Kumite −67 kg,men,Kumite −67 kg,3,bronze,athlete,Hamoun Derafshipour,Iran,IRI,Hamoun Derafshipour Iran,https://en.wikipedia.org/wiki/2018_World_Karate_Championships
world_karate_championships,World Karate Championships,2018,2018-12-31,karate,Karate,kumite-75-kg,World Karate Championships Men Kumite −75 kg,men,Kumite −75 kg,1,gold,athlete,Bahman Askari,Iran,IRI,Bahman Askari Iran,https://en.wikipedia.org/wiki/2018_World_Karate_Championships
world_karate_championships,World Karate Championships,2018,2018-12-31,karate,Karate,kumite-75-kg,World Karate Championships Men Kumite −75 kg,men,Kumite −75 kg,2,silver,athlete,Luigi Busà,Italy,ITA,Luigi Busà Italy,https://en.wikipedia.org/wiki/2018_World_Karate_Championships
world_karate_championships,World Karate Championships,2018,2018-12-31,karate,Karate,kumite-75-kg,World Karate Championships Men Kumite −75 kg,men,Kumite −75 kg,3,bronze,athlete,Rafael Aghayev,Azerbaijan,AZE,Rafael Aghayev Azerbaijan,https://en.wikipedia.org/wiki/2018_World_Karate_Championships
world_karate_championships,World Karate Championships,2018,2018-12-31,karate,Karate,kumite-75-kg,World Karate Championships Men Kumite −75 kg,men,Kumite −75 kg,3,bronze,athlete,Ken Nishimura,Japan,JPN,Ken Nishimura Japan,https://en.wikipedia.org/wiki/2018_World_Karate_Championships
world_karate_championships,World Karate Championships,2018,2018-12-31,karate,Karate,kumite-84-kg,World Karate Championships Men Kumite −84 kg,men,Kumite −84 kg,1,gold,athlete,Ivan Kvesić,Croatia,HRV,Ivan Kvesić Croatia,https://en.wikipedia.org/wiki/2018_World_Karate_Championships
world_karate_championships,World Karate Championships,2018,2018-12-31,karate,Karate,kumite-84-kg,World Karate Championships Men Kumite −84 kg,men,Kumite −84 kg,2,silver,athlete,Valerii Chobotar,Ukraine,UKR,Valerii Chobotar Ukraine,https://en.wikipedia.org/wiki/2018_World_Karate_Championships
world_karate_championships,World Karate Championships,2018,2018-12-31,karate,Karate,kumite-84-kg,World Karate Championships Men Kumite −84 kg,men,Kumite −84 kg,3,bronze,athlete,Zabihollah Pourshab,Iran,IRI,Zabihollah Pourshab Iran,https://en.wikipedia.org/wiki/2018_World_Karate_Championships
world_karate_championships,World Karate Championships,2018,2018-12-31,karate,Karate,kumite-84-kg,World Karate Championships Men Kumite −84 kg,men,Kumite −84 kg,3,bronze,athlete,Uğur Aktaş,Türkiye,TUR,Uğur Aktaş Turkey,https://en.wikipedia.org/wiki/2018_World_Karate_Championships
world_karate_championships,World Karate Championships,2018,2018-12-31,karate,Karate,kumite-plus84-kg,World Karate Championships Men Kumite +84 kg,men,Kumite +84 kg,1,gold,athlete,Jonathan Horne,Germany,DEU,Jonathan Horne Germany,https://en.wikipedia.org/wiki/2018_World_Karate_Championships
world_karate_championships,World Karate Championships,2018,2018-12-31,karate,Karate,kumite-plus84-kg,World Karate Championships Men Kumite +84 kg,men,Kumite +84 kg,2,silver,athlete,Sajjad Ganjzadeh,Iran,IRI,Sajjad Ganjzadeh Iran,https://en.wikipedia.org/wiki/2018_World_Karate_Championships
world_karate_championships,World Karate Championships,2018,2018-12-31,karate,Karate,kumite-plus84-kg,World Karate Championships Men Kumite +84 kg,men,Kumite +84 kg,3,bronze,athlete,Babacar Seck,Spain,ESP,Babacar Seck Spain,https://en.wikipedia.org/wiki/2018_World_Karate_Championships
world_karate_championships,World Karate Championships,2018,2018-12-31,karate,Karate,kumite-plus84-kg,World Karate Championships Men Kumite +84 kg,men,Kumite +84 kg,3,bronze,athlete,Alparslan Yamanoğlu,Türkiye,TUR,Alparslan Yamanoğlu Turkey,https://en.wikipedia.org/wiki/2018_World_Karate_Championships
world_karate_championships,World Karate Championships,2018,2018-12-31,karate,Karate,team-kata,World Karate Championships Men Team kata,men,Team kata,1,gold,team,Japan Men Team kata,Japan,JPN,Japan Arata Kinjo Ryo Kiyuna Takuya Uemura,https://en.wikipedia.org/wiki/2018_World_Karate_Championships
world_karate_championships,World Karate Championships,2018,2018-12-31,karate,Karate,team-kata,World Karate Championships Men Team kata,men,Team kata,2,silver,team,Spain Men Team kata,Spain,ESP,Spain José Carbonell Sergio Galán Francisco Salazar,https://en.wikipedia.org/wiki/2018_World_Karate_Championships
world_karate_championships,World Karate Championships,2018,2018-12-31,karate,Karate,team-kata,World Karate Championships Men Team kata,men,Team kata,3,bronze,team,Iran Men Team kata,Iran,IRI,Iran Milad Delikhoun Abolfazl Shahrjerdi Ali Zand,https://en.wikipedia.org/wiki/2018_World_Karate_Championships
world_karate_championships,World Karate Championships,2018,2018-12-31,karate,Karate,team-kata,World Karate Championships Men Team kata,men,Team kata,3,bronze,team,Italy Men Team kata,Italy,ITA,Italy Gianluca Gallo Alessandro Iodice Giuseppe Panagia,https://en.wikipedia.org/wiki/2018_World_Karate_Championships
world_karate_championships,World Karate Championships,2018,2018-12-31,karate,Karate,team-kumite,World Karate Championships Men Team kumite,men,Team kumite,1,gold,team,Iran Men Team kumite,Iran,IRI,Iran Saleh Abazari Ali Asghar Asiabari Bahman Askari Sajjad Ganjzadeh Saman Heidari Mehdi Khodabakhshi Zabihollah Pourshab,https://en.wikipedia.org/wiki/2018_World_Karate_Championships
world_karate_championships,World Karate Championships,2018,2018-12-31,karate,Karate,team-kumite,World Karate Championships Men Team kumite,men,Team kumite,2,silver,team,Türkiye Men Team kumite,Türkiye,TUR,Turkey Uğur Aktaş Erman Eltemur Samed Gök Rıdvan Kaptan Ömer Abdurrahim Özer Burak Uygur Alparslan Yamanoğlu,https://en.wikipedia.org/wiki/2018_World_Karate_Championships
world_karate_championships,World Karate Championships,2018,2018-12-31,karate,Karate,team-kumite,World Karate Championships Men Team kumite,men,Team kumite,3,bronze,team,Italy Men Team kumite,Italy,ITA,Italy Ahmed El Sharaby Rabia Jendoubi Nello Maestri Luca Maresca Simone Marino Michele Martina Andrea Minardi,https://en.wikipedia.org/wiki/2018_World_Karate_Championships
world_karate_championships,World Karate Championships,2018,2018-12-31,karate,Karate,team-kumite,World Karate Championships Men Team kumite,men,Team kumite,3,bronze,team,Japan Men Team kumite,Japan,JPN,Japan Daiki Ando Ryutaro Araga Hideyoshi Kagawa Yuta Mori Ken Nishimura Yusei Sakiyama Rikito Shimada,https://en.wikipedia.org/wiki/2018_World_Karate_Championships
world_karate_championships,World Karate Championships,2018,2018-12-31,karate,Karate,kata,World Karate Championships Women Individual kata,women,Individual kata,1,gold,athlete,Sandra Sánchez,Spain,ESP,Sandra Sánchez Spain,https://en.wikipedia.org/wiki/2018_World_Karate_Championships
world_karate_championships,World Karate Championships,2018,2018-12-31,karate,Karate,kata,World Karate Championships Women Individual kata,women,Individual kata,2,silver,athlete,Kiyou Shimizu,Japan,JPN,Kiyou Shimizu Japan,https://en.wikipedia.org/wiki/2018_World_Karate_Championships
world_karate_championships,World Karate Championships,2018,2018-12-31,karate,Karate,kata,World Karate Championships Women Individual kata,women,Individual kata,3,bronze,athlete,Grace Lau,Hong Kong,HKG,Grace Lau Hong Kong,https://en.wikipedia.org/wiki/2018_World_Karate_Championships
world_karate_championships,World Karate Championships,2018,2018-12-31,karate,Karate,kata,World Karate Championships Women Individual kata,women,Individual kata,3,bronze,athlete,Viviana Bottaro,Italy,ITA,Viviana Bottaro Italy,https://en.wikipedia.org/wiki/2018_World_Karate_Championships
world_karate_championships,World Karate Championships,2018,2018-12-31,karate,Karate,kumite-50-kg,World Karate Championships Women Kumite −50 kg,women,Kumite −50 kg,1,gold,athlete,Miho Miyahara,Japan,JPN,Miho Miyahara Japan,https://en.wikipedia.org/wiki/2018_World_Karate_Championships
world_karate_championships,World Karate Championships,2018,2018-12-31,karate,Karate,kumite-50-kg,World Karate Championships Women Kumite −50 kg,women,Kumite −50 kg,2,silver,athlete,Serap Özçelik,Türkiye,TUR,Serap Özçelik Turkey,https://en.wikipedia.org/wiki/2018_World_Karate_Championships
world_karate_championships,World Karate Championships,2018,2018-12-31,karate,Karate,kumite-50-kg,World Karate Championships Women Kumite −50 kg,women,Kumite −50 kg,3,bronze,athlete,Bettina Plank,Austria,AUT,Bettina Plank Austria,https://en.wikipedia.org/wiki/2018_World_Karate_Championships
world_karate_championships,World Karate Championships,2018,2018-12-31,karate,Karate,kumite-50-kg,World Karate Championships Women Kumite −50 kg,women,Kumite −50 kg,3,bronze,athlete,Sara Bahmanyar,Iran,IRI,Sara Bahmanyar Iran,https://en.wikipedia.org/wiki/2018_World_Karate_Championships
world_karate_championships,World Karate Championships,2018,2018-12-31,karate,Karate,kumite-55-kg,World Karate Championships Women Kumite −55 kg,women,Kumite −55 kg,1,gold,athlete,Dorota Banaszczyk,Poland,POL,Dorota Banaszczyk Poland,https://en.wikipedia.org/wiki/2018_World_Karate_Championships
world_karate_championships,World Karate Championships,2018,2018-12-31,karate,Karate,kumite-55-kg,World Karate Championships Women Kumite −55 kg,women,Kumite −55 kg,2,silver,athlete,Jana Bitsch,Germany,DEU,Jana Bitsch Germany,https://en.wikipedia.org/wiki/2018_World_Karate_Championships
world_karate_championships,World Karate Championships,2018,2018-12-31,karate,Karate,kumite-55-kg,World Karate Championships Women Kumite −55 kg,women,Kumite −55 kg,3,bronze,athlete,Ivet Goranova,Bulgaria,BGR,Ivet Goranova Bulgaria,https://en.wikipedia.org/wiki/2018_World_Karate_Championships
world_karate_championships,World Karate Championships,2018,2018-12-31,karate,Karate,kumite-55-kg,World Karate Championships Women Kumite −55 kg,women,Kumite −55 kg,3,bronze,athlete,Wen Tzu-yun,Chinese Taipei,TPE,Wen Tzu-yun Chinese Taipei,https://en.wikipedia.org/wiki/2018_World_Karate_Championships
world_karate_championships,World Karate Championships,2018,2018-12-31,karate,Karate,kumite-61-kg,World Karate Championships Women Kumite −61 kg,women,Kumite −61 kg,1,gold,athlete,Jovana Preković,Serbia,SRB,Jovana Preković Serbia,https://en.wikipedia.org/wiki/2018_World_Karate_Championships
world_karate_championships,World Karate Championships,2018,2018-12-31,karate,Karate,kumite-61-kg,World Karate Championships Women Kumite −61 kg,women,Kumite −61 kg,2,silver,athlete,Yin Xiaoyan,China,CHN,Yin Xiaoyan China,https://en.wikipedia.org/wiki/2018_World_Karate_Championships
world_karate_championships,World Karate Championships,2018,2018-12-31,karate,Karate,kumite-61-kg,World Karate Championships Women Kumite −61 kg,women,Kumite −61 kg,3,bronze,athlete,Giana Farouk,Egypt,EGY,Giana Farouk Egypt,https://en.wikipedia.org/wiki/2018_World_Karate_Championships
world_karate_championships,World Karate Championships,2018,2018-12-31,karate,Karate,kumite-61-kg,World Karate Championships Women Kumite −61 kg,women,Kumite −61 kg,3,bronze,athlete,Btissam Sadini,Morocco,MAR,Btissam Sadini Morocco,https://en.wikipedia.org/wiki/2018_World_Karate_Championships
world_karate_championships,World Karate Championships,2018,2018-12-31,karate,Karate,kumite-68-kg,World Karate Championships Women Kumite −68 kg,women,Kumite −68 kg,1,gold,athlete,Irina Zaretska,Azerbaijan,AZE,Irina Zaretska Azerbaijan,https://en.wikipedia.org/wiki/2018_World_Karate_Championships
world_karate_championships,World Karate Championships,2018,2018-12-31,karate,Karate,kumite-68-kg,World Karate Championships Women Kumite −68 kg,women,Kumite −68 kg,2,silver,athlete,Victoria Isaeva,Russia,RUS,Victoria Isaeva Russia,https://en.wikipedia.org/wiki/2018_World_Karate_Championships
world_karate_championships,World Karate Championships,2018,2018-12-31,karate,Karate,kumite-68-kg,World Karate Championships Women Kumite −68 kg,women,Kumite −68 kg,3,bronze,athlete,Lamya Matoub,Algeria,DZA,Lamya Matoub Algeria,https://en.wikipedia.org/wiki/2018_World_Karate_Championships
world_karate_championships,World Karate Championships,2018,2018-12-31,karate,Karate,kumite-68-kg,World Karate Championships Women Kumite −68 kg,women,Kumite −68 kg,3,bronze,athlete,Miroslava Kopúňová,Slovakia,SVK,Miroslava Kopúňová Slovakia,https://en.wikipedia.org/wiki/2018_World_Karate_Championships
world_karate_championships,World Karate Championships,2018,2018-12-31,karate,Karate,kumite-plus68-kg,World Karate Championships Women Kumite +68 kg,women,Kumite +68 kg,1,gold,athlete,Eleni Chatziliadou,Greece,GRC,Eleni Chatziliadou Greece,https://en.wikipedia.org/wiki/2018_World_Karate_Championships
world_karate_championships,World Karate Championships,2018,2018-12-31,karate,Karate,kumite-plus68-kg,World Karate Championships Women Kumite +68 kg,women,Kumite +68 kg,2,silver,athlete,Ayumi Uekusa,Japan,JPN,Ayumi Uekusa Japan,https://en.wikipedia.org/wiki/2018_World_Karate_Championships
world_karate_championships,World Karate Championships,2018,2018-12-31,karate,Karate,kumite-plus68-kg,World Karate Championships Women Kumite +68 kg,women,Kumite +68 kg,3,bronze,athlete,Shymaa Abou-El-Yazed,Egypt,EGY,Shymaa Abou-El-Yazed Egypt,https://en.wikipedia.org/wiki/2018_World_Karate_Championships
world_karate_championships,World Karate Championships,2018,2018-12-31,karate,Karate,kumite-plus68-kg,World Karate Championships Women Kumite +68 kg,women,Kumite +68 kg,3,bronze,athlete,Hana Antunovic,Sweden,SWE,Hana Antunovic Sweden,https://en.wikipedia.org/wiki/2018_World_Karate_Championships
world_karate_championships,World Karate Championships,2018,2018-12-31,karate,Karate,team-kata,World Karate Championships Women Team kata,women,Team kata,1,gold,team,Japan Women Team kata,Japan,JPN,Japan Saori Ishibashi Mai Mugiyama Sae Taira,https://en.wikipedia.org/wiki/2018_World_Karate_Championships
world_karate_championships,World Karate Championships,2018,2018-12-31,karate,Karate,team-kata,World Karate Championships Women Team kata,women,Team kata,2,silver,team,Spain Women Team kata,Spain,ESP,Spain Marta García Lidia Rodríguez Raquel Roy,https://en.wikipedia.org/wiki/2018_World_Karate_Championships
world_karate_championships,World Karate Championships,2018,2018-12-31,karate,Karate,team-kata,World Karate Championships Women Team kata,women,Team kata,3,bronze,team,Italy Women Team kata,Italy,ITA,Italy Sara Battaglia Terryana D'Onofrio Michela Pezzetti,https://en.wikipedia.org/wiki/2018_World_Karate_Championships
world_karate_championships,World Karate Championships,2018,2018-12-31,karate,Karate,team-kata,World Karate Championships Women Team kata,women,Team kata,3,bronze,team,Türkiye Women Team kata,Türkiye,TUR,Turkey Dilara Bozan Rabia Küsmüş Gizem Sofuoğlu,https://en.wikipedia.org/wiki/2018_World_Karate_Championships
world_karate_championships,World Karate Championships,2018,2018-12-31,karate,Karate,team-kumite,World Karate Championships Women Team kumite,women,Team kumite,1,gold,team,France Women Team kumite,France,FRA,France Léa Avazeri Andréa Brito Leïla Heurtault Laura Sivert,https://en.wikipedia.org/wiki/2018_World_Karate_Championships
world_karate_championships,World Karate Championships,2018,2018-12-31,karate,Karate,team-kumite,World Karate Championships Women Team kumite,women,Team kumite,2,silver,team,Japan Women Team kumite,Japan,JPN,Japan Natsumi Kawamura Ayaka Saito Mayumi Someya Ayumi Uekusa,https://en.wikipedia.org/wiki/2018_World_Karate_Championships
world_karate_championships,World Karate Championships,2018,2018-12-31,karate,Karate,team-kumite,World Karate Championships Women Team kumite,women,Team kumite,3,bronze,team,Egypt Women Team kumite,Egypt,EGY,Egypt Aisha Abdelrahman Shymaa Abou-El-Yazed Feryal Abdelaziz Giana Farouk,https://en.wikipedia.org/wiki/2018_World_Karate_Championships
world_karate_championships,World Karate Championships,2018,2018-12-31,karate,Karate,team-kumite,World Karate Championships Women Team kumite,women,Team kumite,3,bronze,team,Spain Women Team kumite,Spain,ESP,Spain Cristina Ferrer Laura Palacio María Torres Cristina Vizcaíno,https://en.wikipedia.org/wiki/2018_World_Karate_Championships
world_karate_championships,World Karate Championships,2021,2021-12-31,karate,Karate,kata,World Karate Championships Men Individual kata,men,Individual kata,1,gold,athlete,Ryo Kiyuna,Japan,JPN,Ryo Kiyuna Japan,https://en.wikipedia.org/wiki/2021_World_Karate_Championships
world_karate_championships,World Karate Championships,2021,2021-12-31,karate,Karate,kata,World Karate Championships Men Individual kata,men,Individual kata,2,silver,athlete,Damián Quintero,Spain,ESP,Damián Quintero Spain,https://en.wikipedia.org/wiki/2021_World_Karate_Championships
world_karate_championships,World Karate Championships,2021,2021-12-31,karate,Karate,kata,World Karate Championships Men Individual kata,men,Individual kata,3,bronze,athlete,Mattia Busato,Italy,ITA,Mattia Busato Italy,https://en.wikipedia.org/wiki/2021_World_Karate_Championships
world_karate_championships,World Karate Championships,2021,2021-12-31,karate,Karate,kata,World Karate Championships Men Individual kata,men,Individual kata,3,bronze,athlete,Ali Sofuoğlu,Türkiye,TUR,Ali Sofuoğlu Turkey,https://en.wikipedia.org/wiki/2021_World_Karate_Championships
world_karate_championships,World Karate Championships,2021,2021-12-31,karate,Karate,kumite-60-kg,World Karate Championships Men Kumite −60 kg,men,Kumite −60 kg,1,gold,athlete,Douglas Brose,Brazil,BRA,Douglas Brose Brazil,https://en.wikipedia.org/wiki/2021_World_Karate_Championships
world_karate_championships,World Karate Championships,2021,2021-12-31,karate,Karate,kumite-60-kg,World Karate Championships Men Kumite −60 kg,men,Kumite −60 kg,2,silver,athlete,Angelo Crescenzo,Italy,ITA,Angelo Crescenzo Italy,https://en.wikipedia.org/wiki/2021_World_Karate_Championships
world_karate_championships,World Karate Championships,2021,2021-12-31,karate,Karate,kumite-60-kg,World Karate Championships Men Kumite −60 kg,men,Kumite −60 kg,3,bronze,athlete,Abdelali Jina,Morocco,MAR,Abdelali Jina Morocco,https://en.wikipedia.org/wiki/2021_World_Karate_Championships
world_karate_championships,World Karate Championships,2021,2021-12-31,karate,Karate,kumite-60-kg,World Karate Championships Men Kumite −60 kg,men,Kumite −60 kg,3,bronze,athlete,Iurik Ogannisian,Russian Karate Federation,RKF,Iurik Ogannisian Russian Karate Federation,https://en.wikipedia.org/wiki/2021_World_Karate_Championships
world_karate_championships,World Karate Championships,2021,2021-12-31,karate,Karate,kumite-67-kg,World Karate Championships Men Kumite −67 kg,men,Kumite −67 kg,1,gold,athlete,Steven Da Costa,France,FRA,Steven Da Costa France,https://en.wikipedia.org/wiki/2021_World_Karate_Championships
world_karate_championships,World Karate Championships,2021,2021-12-31,karate,Karate,kumite-67-kg,World Karate Championships Men Kumite −67 kg,men,Kumite −67 kg,2,silver,athlete,Emil Pavlov,North Macedonia,MKD,Emil Pavlov North Macedonia,https://en.wikipedia.org/wiki/2021_World_Karate_Championships
world_karate_championships,World Karate Championships,2021,2021-12-31,karate,Karate,kumite-67-kg,World Karate Championships Men Kumite −67 kg,men,Kumite −67 kg,3,bronze,athlete,Ali El-Sawy,Egypt,EGY,Ali El-Sawy Egypt,https://en.wikipedia.org/wiki/2021_World_Karate_Championships
world_karate_championships,World Karate Championships,2021,2021-12-31,karate,Karate,kumite-67-kg,World Karate Championships Men Kumite −67 kg,men,Kumite −67 kg,3,bronze,athlete,Soichiro Nakano,Japan,JPN,Soichiro Nakano Japan,https://en.wikipedia.org/wiki/2021_World_Karate_Championships
world_karate_championships,World Karate Championships,2021,2021-12-31,karate,Karate,kumite-75-kg,World Karate Championships Men Kumite −75 kg,men,Kumite −75 kg,1,gold,athlete,Dastonbek Otabolaev,Uzbekistan,UZB,Dastonbek Otabolaev Uzbekistan,https://en.wikipedia.org/wiki/2021_World_Karate_Championships
world_karate_championships,World Karate Championships,2021,2021-12-31,karate,Karate,kumite-75-kg,World Karate Championships Men Kumite −75 kg,men,Kumite −75 kg,2,silver,athlete,Abdalla Abdelaziz,Egypt,EGY,Abdalla Abdelaziz Egypt,https://en.wikipedia.org/wiki/2021_World_Karate_Championships
world_karate_championships,World Karate Championships,2021,2021-12-31,karate,Karate,kumite-75-kg,World Karate Championships Men Kumite −75 kg,men,Kumite −75 kg,3,bronze,athlete,Nurkanat Azhikanov,Kazakhstan,KAZ,Nurkanat Azhikanov Kazakhstan,https://en.wikipedia.org/wiki/2021_World_Karate_Championships
world_karate_championships,World Karate Championships,2021,2021-12-31,karate,Karate,kumite-75-kg,World Karate Championships Men Kumite −75 kg,men,Kumite −75 kg,3,bronze,athlete,Thomas Scott,United States,USA,Thomas Scott United States,https://en.wikipedia.org/wiki/2021_World_Karate_Championships
world_karate_championships,World Karate Championships,2021,2021-12-31,karate,Karate,kumite-84-kg,World Karate Championships Men Kumite −84 kg,men,Kumite −84 kg,1,gold,athlete,Youssef Badawy,Egypt,EGY,Youssef Badawy Egypt,https://en.wikipedia.org/wiki/2021_World_Karate_Championships
world_karate_championships,World Karate Championships,2021,2021-12-31,karate,Karate,kumite-84-kg,World Karate Championships Men Kumite −84 kg,men,Kumite −84 kg,2,silver,athlete,Fabián Huaiquimán,Chile,CHL,Fabián Huaiquimán Chile,https://en.wikipedia.org/wiki/2021_World_Karate_Championships
world_karate_championships,World Karate Championships,2021,2021-12-31,karate,Karate,kumite-84-kg,World Karate Championships Men Kumite −84 kg,men,Kumite −84 kg,3,bronze,athlete,Jessie Da Costa,France,FRA,Jessie Da Costa France,https://en.wikipedia.org/wiki/2021_World_Karate_Championships
world_karate_championships,World Karate Championships,2021,2021-12-31,karate,Karate,kumite-84-kg,World Karate Championships Men Kumite −84 kg,men,Kumite −84 kg,3,bronze,athlete,Yuta Mori,Japan,JPN,Yuta Mori Japan,https://en.wikipedia.org/wiki/2021_World_Karate_Championships
world_karate_championships,World Karate Championships,2021,2021-12-31,karate,Karate,kumite-plus84-kg,World Karate Championships Men Kumite +84 kg,men,Kumite +84 kg,1,gold,athlete,Gogita Arkania,Georgia,GEO,Gogita Arkania Georgia,https://en.wikipedia.org/wiki/2021_World_Karate_Championships
world_karate_championships,World Karate Championships,2021,2021-12-31,karate,Karate,kumite-plus84-kg,World Karate Championships Men Kumite +84 kg,men,Kumite +84 kg,2,silver,athlete,Simone Marino,Italy,ITA,Simone Marino Italy,https://en.wikipedia.org/wiki/2021_World_Karate_Championships
world_karate_championships,World Karate Championships,2021,2021-12-31,karate,Karate,kumite-plus84-kg,World Karate Championships Men Kumite +84 kg,men,Kumite +84 kg,3,bronze,athlete,Asiman Gurbanli,Azerbaijan,AZE,Asiman Gurbanli Azerbaijan,https://en.wikipedia.org/wiki/2021_World_Karate_Championships
world_karate_championships,World Karate Championships,2021,2021-12-31,karate,Karate,kumite-plus84-kg,World Karate Championships Men Kumite +84 kg,men,Kumite +84 kg,3,bronze,athlete,Anđelo Kvesić,Croatia,HRV,Anđelo Kvesić Croatia,https://en.wikipedia.org/wiki/2021_World_Karate_Championships
world_karate_championships,World Karate Championships,2021,2021-12-31,karate,Karate,team-kata,World Karate Championships Men Team kata,men,Team kata,1,gold,team,Japan Men Team kata,Japan,JPN,Japan Koji Arimoto Kazumasa Moto Ryuji Moto,https://en.wikipedia.org/wiki/2021_World_Karate_Championships
world_karate_championships,World Karate Championships,2021,2021-12-31,karate,Karate,team-kata,World Karate Championships Men Team kata,men,Team kata,2,silver,team,Spain Men Team kata,Spain,ESP,Spain Sergio Galán Alejandro Manzana Raúl Martín,https://en.wikipedia.org/wiki/2021_World_Karate_Championships
world_karate_championships,World Karate Championships,2021,2021-12-31,karate,Karate,team-kata,World Karate Championships Men Team kata,men,Team kata,3,bronze,team,Italy Men Team kata,Italy,ITA,Italy Mattia Busato Gianluca Gallo Alessandro Iodice,https://en.wikipedia.org/wiki/2021_World_Karate_Championships
world_karate_championships,World Karate Championships,2021,2021-12-31,karate,Karate,team-kata,World Karate Championships Men Team kata,men,Team kata,3,bronze,team,Türkiye Men Team kata,Türkiye,TUR,Turkey Emre Vefa Göktaş Enes Özdemir Ali Sofuoğlu,https://en.wikipedia.org/wiki/2021_World_Karate_Championships
world_karate_championships,World Karate Championships,2021,2021-12-31,karate,Karate,team-kumite,World Karate Championships Men Team kumite,men,Team kumite,1,gold,team,Italy Men Team kumite,Italy,ITA,Italy Daniele De Vivo Gianluca De Vivo Ahmed El Sharaby Luca Maresca Simone Marino Michele Martina Lolrenzo Pietromarchi,https://en.wikipedia.org/wiki/2021_World_Karate_Championships
world_karate_championships,World Karate Championships,2021,2021-12-31,karate,Karate,team-kumite,World Karate Championships Men Team kumite,men,Team kumite,2,silver,team,Serbia Men Team kumite,Serbia,SRB,Serbia Slobodan Bitević Vladimir Brezančić Stefan Joksić Ljubiša Marić Ðorđe Salapura Ðorđe Tešanović Bogdan Trikoš,https://en.wikipedia.org/wiki/2021_World_Karate_Championships
world_karate_championships,World Karate Championships,2021,2021-12-31,karate,Karate,team-kumite,World Karate Championships Men Team kumite,men,Team kumite,3,bronze,team,Azerbaijan Men Team kumite,Azerbaijan,AZE,Azerbaijan Panah Abdullayev Tural Aghalarzade Rafael Aghayev Tural Alakbarli Asiman Gurbanli Rafiz Hasanov Turgut Hasanov,https://en.wikipedia.org/wiki/2021_World_Karate_Championships
world_karate_championships,World Karate Championships,2021,2021-12-31,karate,Karate,team-kumite,World Karate Championships Men Team kumite,men,Team kumite,3,bronze,team,Kazakhstan Men Team kumite,Kazakhstan,KAZ,Kazakhstan Nurkanat Azhikanov Igor Chikhmarev Abylay Toltay Nurniyaz Yeldashov Spandiyar Yerkebek Daniyar Yuldashev Beibarys Zhangbyr,https://en.wikipedia.org/wiki/2021_World_Karate_Championships
world_karate_championships,World Karate Championships,2021,2021-12-31,karate,Karate,kata,World Karate Championships Women Individual kata,women,Individual kata,1,gold,athlete,Sandra Sánchez,Spain,ESP,Sandra Sánchez Spain,https://en.wikipedia.org/wiki/2021_World_Karate_Championships
world_karate_championships,World Karate Championships,2021,2021-12-31,karate,Karate,kata,World Karate Championships Women Individual kata,women,Individual kata,2,silver,athlete,Hikaru Ono,Japan,JPN,Hikaru Ono Japan,https://en.wikipedia.org/wiki/2021_World_Karate_Championships
world_karate_championships,World Karate Championships,2021,2021-12-31,karate,Karate,kata,World Karate Championships Women Individual kata,women,Individual kata,3,bronze,athlete,Grace Lau,Hong Kong,HKG,Grace Lau Hong Kong,https://en.wikipedia.org/wiki/2021_World_Karate_Championships
world_karate_championships,World Karate Championships,2021,2021-12-31,karate,Karate,kata,World Karate Championships Women Individual kata,women,Individual kata,3,bronze,athlete,Viviana Bottaro,Italy,ITA,Viviana Bottaro Italy,https://en.wikipedia.org/wiki/2021_World_Karate_Championships
world_karate_championships,World Karate Championships,2021,2021-12-31,karate,Karate,kumite-50-kg,World Karate Championships Women Kumite −50 kg,women,Kumite −50 kg,1,gold,athlete,Miho Miyahara,Japan,JPN,Miho Miyahara Japan,https://en.wikipedia.org/wiki/2021_World_Karate_Championships
world_karate_championships,World Karate Championships,2021,2021-12-31,karate,Karate,kumite-50-kg,World Karate Championships Women Kumite −50 kg,women,Kumite −50 kg,2,silver,athlete,Shara Hubrich,Germany,DEU,Shara Hubrich Germany,https://en.wikipedia.org/wiki/2021_World_Karate_Championships
world_karate_championships,World Karate Championships,2021,2021-12-31,karate,Karate,kumite-50-kg,World Karate Championships Women Kumite −50 kg,women,Kumite −50 kg,3,bronze,athlete,Yasmin Nasr Elgewily,Egypt,EGY,Yasmin Nasr Elgewily Egypt,https://en.wikipedia.org/wiki/2021_World_Karate_Championships
world_karate_championships,World Karate Championships,2021,2021-12-31,karate,Karate,kumite-50-kg,World Karate Championships Women Kumite −50 kg,women,Kumite −50 kg,3,bronze,athlete,Kateryna Kryva,Ukraine,UKR,Kateryna Kryva Ukraine,https://en.wikipedia.org/wiki/2021_World_Karate_Championships
world_karate_championships,World Karate Championships,2021,2021-12-31,karate,Karate,kumite-55-kg,World Karate Championships Women Kumite −55 kg,women,Kumite −55 kg,1,gold,athlete,Ahlam Youssef,Egypt,EGY,Ahlam Youssef Egypt,https://en.wikipedia.org/wiki/2021_World_Karate_Championships
world_karate_championships,World Karate Championships,2021,2021-12-31,karate,Karate,kumite-55-kg,World Karate Championships Women Kumite −55 kg,women,Kumite −55 kg,2,silver,athlete,Trinity Allen,United States,USA,Trinity Allen United States,https://en.wikipedia.org/wiki/2021_World_Karate_Championships
world_karate_championships,World Karate Championships,2021,2021-12-31,karate,Karate,kumite-55-kg,World Karate Championships Women Kumite −55 kg,women,Kumite −55 kg,3,bronze,athlete,Ivet Goranova,Bulgaria,BGR,Ivet Goranova Bulgaria,https://en.wikipedia.org/wiki/2021_World_Karate_Championships
world_karate_championships,World Karate Championships,2021,2021-12-31,karate,Karate,kumite-55-kg,World Karate Championships Women Kumite −55 kg,women,Kumite −55 kg,3,bronze,athlete,Anna Chernysheva,Russian Karate Federation,RKF,Anna Chernysheva Russian Karate Federation,https://en.wikipedia.org/wiki/2021_World_Karate_Championships
world_karate_championships,World Karate Championships,2021,2021-12-31,karate,Karate,kumite-61-kg,World Karate Championships Women Kumite −61 kg,women,Kumite −61 kg,1,gold,athlete,Jovana Preković,Serbia,SRB,Jovana Preković Serbia,https://en.wikipedia.org/wiki/2021_World_Karate_Championships
world_karate_championships,World Karate Championships,2021,2021-12-31,karate,Karate,kumite-61-kg,World Karate Championships Women Kumite −61 kg,women,Kumite −61 kg,2,silver,athlete,Anita Serogina,Ukraine,UKR,Anita Serogina Ukraine,https://en.wikipedia.org/wiki/2021_World_Karate_Championships
world_karate_championships,World Karate Championships,2021,2021-12-31,karate,Karate,kumite-61-kg,World Karate Championships Women Kumite −61 kg,women,Kumite −61 kg,3,bronze,athlete,Lynn Snel,Netherlands,NLD,Lynn Snel Netherlands,https://en.wikipedia.org/wiki/2021_World_Karate_Championships
world_karate_championships,World Karate Championships,2021,2021-12-31,karate,Karate,kumite-61-kg,World Karate Championships Women Kumite −61 kg,women,Kumite −61 kg,3,bronze,athlete,Alexandra Grande,Peru,PER,Alexandra Grande Peru,https://en.wikipedia.org/wiki/2021_World_Karate_Championships
world_karate_championships,World Karate Championships,2021,2021-12-31,karate,Karate,kumite-68-kg,World Karate Championships Women Kumite −68 kg,women,Kumite −68 kg,1,gold,athlete,Irina Zaretska,Azerbaijan,AZE,Irina Zaretska Azerbaijan,https://en.wikipedia.org/wiki/2021_World_Karate_Championships
world_karate_championships,World Karate Championships,2021,2021-12-31,karate,Karate,kumite-68-kg,World Karate Championships Women Kumite −68 kg,women,Kumite −68 kg,2,silver,athlete,Silvia Semeraro,Italy,ITA,Silvia Semeraro Italy,https://en.wikipedia.org/wiki/2021_World_Karate_Championships
world_karate_championships,World Karate Championships,2021,2021-12-31,karate,Karate,kumite-68-kg,World Karate Championships Women Kumite −68 kg,women,Kumite −68 kg,3,bronze,athlete,Alizée Agier,France,FRA,Alizée Agier France,https://en.wikipedia.org/wiki/2021_World_Karate_Championships
world_karate_championships,World Karate Championships,2021,2021-12-31,karate,Karate,kumite-68-kg,World Karate Championships Women Kumite −68 kg,women,Kumite −68 kg,3,bronze,athlete,Halyna Melnyk,Ukraine,UKR,Halyna Melnyk Ukraine,https://en.wikipedia.org/wiki/2021_World_Karate_Championships
world_karate_championships,World Karate Championships,2021,2021-12-31,karate,Karate,kumite-plus68-kg,World Karate Championships Women Kumite +68 kg,women,Kumite +68 kg,1,gold,athlete,María Torres,Spain,ESP,María Torres Spain,https://en.wikipedia.org/wiki/2021_World_Karate_Championships
world_karate_championships,World Karate Championships,2021,2021-12-31,karate,Karate,kumite-plus68-kg,World Karate Championships Women Kumite +68 kg,women,Kumite +68 kg,2,silver,athlete,Menna Shaaban Okila,Egypt,EGY,Menna Shaaban Okila Egypt,https://en.wikipedia.org/wiki/2021_World_Karate_Championships
world_karate_championships,World Karate Championships,2021,2021-12-31,karate,Karate,kumite-plus68-kg,World Karate Championships Women Kumite +68 kg,women,Kumite +68 kg,3,bronze,athlete,Lucija Lesjak,Croatia,HRV,Lucija Lesjak Croatia,https://en.wikipedia.org/wiki/2021_World_Karate_Championships
world_karate_championships,World Karate Championships,2021,2021-12-31,karate,Karate,kumite-plus68-kg,World Karate Championships Women Kumite +68 kg,women,Kumite +68 kg,3,bronze,athlete,Sofya Berultseva,Kazakhstan,KAZ,Sofya Berultseva Kazakhstan,https://en.wikipedia.org/wiki/2021_World_Karate_Championships
world_karate_championships,World Karate Championships,2021,2021-12-31,karate,Karate,team-kata,World Karate Championships Women Team kata,women,Team kata,1,gold,team,Japan Women Team kata,Japan,JPN,Japan Saori Ishibashi Sae Taira Misaki Yabumoto,https://en.wikipedia.org/wiki/2021_World_Karate_Championships
world_karate_championships,World Karate Championships,2021,2021-12-31,karate,Karate,team-kata,World Karate Championships Women Team kata,women,Team kata,2,silver,team,Spain Women Team kata,Spain,ESP,Spain María López Lidia Rodríguez Raquel Roy,https://en.wikipedia.org/wiki/2021_World_Karate_Championships
world_karate_championships,World Karate Championships,2021,2021-12-31,karate,Karate,team-kata,World Karate Championships Women Team kata,women,Team kata,3,bronze,team,Egypt Women Team kata,Egypt,EGY,Egypt Noha Amr Antar Aya Hesham Asmaa Mahmoud,https://en.wikipedia.org/wiki/2021_World_Karate_Championships
world_karate_championships,World Karate Championships,2021,2021-12-31,karate,Karate,team-kata,World Karate Championships Women Team kata,women,Team kata,3,bronze,team,Italy Women Team kata,Italy,ITA,Italy Carola Casale Terryana D'Onofrio Michela Pezzetti,https://en.wikipedia.org/wiki/2021_World_Karate_Championships
world_karate_championships,World Karate Championships,2021,2021-12-31,karate,Karate,team-kumite,World Karate Championships Women Team kumite,women,Team kumite,1,gold,team,Egypt Women Team kumite,Egypt,EGY,Egypt Feryal Abdelaziz Sohila Abouismail Yasmin Elhawary Menna Shaaban Okila,https://en.wikipedia.org/wiki/2021_World_Karate_Championships
world_karate_championships,World Karate Championships,2021,2021-12-31,karate,Karate,team-kumite,World Karate Championships Women Team kumite,women,Team kumite,2,silver,team,France Women Team kumite,France,FRA,France Alizée Agier Léa Avazeri Laura Sivert Jennifer Zameto,https://en.wikipedia.org/wiki/2021_World_Karate_Championships
world_karate_championships,World Karate Championships,2021,2021-12-31,karate,Karate,team-kumite,World Karate Championships Women Team kumite,women,Team kumite,3,bronze,team,Colombia Women Team kumite,Colombia,COL,Colombia Wendy Mosquera Geraldine Peña Diana Ramírez Shanee Torres,https://en.wikipedia.org/wiki/2021_World_Karate_Championships
world_karate_championships,World Karate Championships,2021,2021-12-31,karate,Karate,team-kumite,World Karate Championships Women Team kumite,women,Team kumite,3,bronze,team,Italy Women Team kumite,Italy,ITA,Italy Lorena Busà Clio Ferracuti Alessandra Mangiacapra Silvia Semeraro,https://en.wikipedia.org/wiki/2021_World_Karate_Championships
world_karate_championships,World Karate Championships,2023,2023-12-31,karate,Karate,kata,World Karate Championships Men Individual kata,men,Individual kata,1,gold,athlete,Ali Sofuoğlu,Türkiye,TUR,Ali Sofuoğlu Turkey,https://en.wikipedia.org/wiki/2023_World_Karate_Championships
world_karate_championships,World Karate Championships,2023,2023-12-31,karate,Karate,kata,World Karate Championships Men Individual kata,men,Individual kata,2,silver,athlete,Damián Quintero,Spain,ESP,Damián Quintero Spain,https://en.wikipedia.org/wiki/2023_World_Karate_Championships
world_karate_championships,World Karate Championships,2023,2023-12-31,karate,Karate,kata,World Karate Championships Men Individual kata,men,Individual kata,3,bronze,athlete,Kakeru Nishiyama,Japan,JPN,Kakeru Nishiyama Japan,https://en.wikipedia.org/wiki/2023_World_Karate_Championships
world_karate_championships,World Karate Championships,2023,2023-12-31,karate,Karate,kata,World Karate Championships Men Individual kata,men,Individual kata,3,bronze,athlete,Ariel Torres,United States,USA,Ariel Torres United States,https://en.wikipedia.org/wiki/2023_World_Karate_Championships
world_karate_championships,World Karate Championships,2023,2023-12-31,karate,Karate,kumite-60-kg,World Karate Championships Men Kumite −60 kg,men,Kumite −60 kg,1,gold,athlete,Christos-Stefanos Xenos,Greece,GRC,Christos-Stefanos Xenos Greece,https://en.wikipedia.org/wiki/2023_World_Karate_Championships
world_karate_championships,World Karate Championships,2023,2023-12-31,karate,Karate,kumite-60-kg,World Karate Championships Men Kumite −60 kg,men,Kumite −60 kg,2,silver,athlete,Kaisar Alpysbay,Kazakhstan,KAZ,Kaisar Alpysbay Kazakhstan,https://en.wikipedia.org/wiki/2023_World_Karate_Championships
world_karate_championships,World Karate Championships,2023,2023-12-31,karate,Karate,kumite-60-kg,World Karate Championships Men Kumite −60 kg,men,Kumite −60 kg,3,bronze,athlete,Angelo Crescenzo,Italy,ITA,Angelo Crescenzo Italy,https://en.wikipedia.org/wiki/2023_World_Karate_Championships
world_karate_championships,World Karate Championships,2023,2023-12-31,karate,Karate,kumite-60-kg,World Karate Championships Men Kumite −60 kg,men,Kumite −60 kg,3,bronze,athlete,Eray Şamdan,Türkiye,TUR,Eray Şamdan Turkey,https://en.wikipedia.org/wiki/2023_World_Karate_Championships
world_karate_championships,World Karate Championships,2023,2023-12-31,karate,Karate,kumite-67-kg,World Karate Championships Men Kumite −67 kg,men,Kumite −67 kg,1,gold,athlete,Steven Da Costa,France,FRA,Steven Da Costa France,https://en.wikipedia.org/wiki/2023_World_Karate_Championships
world_karate_championships,World Karate Championships,2023,2023-12-31,karate,Karate,kumite-67-kg,World Karate Championships Men Kumite −67 kg,men,Kumite −67 kg,2,silver,athlete,Nenad Dulović,Montenegro,MNE,Nenad Dulović Montenegro,https://en.wikipedia.org/wiki/2023_World_Karate_Championships
world_karate_championships,World Karate Championships,2023,2023-12-31,karate,Karate,kumite-67-kg,World Karate Championships Men Kumite −67 kg,men,Kumite −67 kg,3,bronze,athlete,Didar Amirali,Kazakhstan,KAZ,Didar Amirali Kazakhstan,https://en.wikipedia.org/wiki/2023_World_Karate_Championships
world_karate_championships,World Karate Championships,2023,2023-12-31,karate,Karate,kumite-67-kg,World Karate Championships Men Kumite −67 kg,men,Kumite −67 kg,3,bronze,athlete,Fahad Al-Khathami,Saudi Arabia,SAU,Fahad Al-Khathami Saudi Arabia,https://en.wikipedia.org/wiki/2023_World_Karate_Championships
world_karate_championships,World Karate Championships,2023,2023-12-31,karate,Karate,kumite-75-kg,World Karate Championships Men Kumite −75 kg,men,Kumite −75 kg,1,gold,athlete,Abdalla Abdelaziz,Egypt,EGY,Abdalla Abdelaziz Egypt,https://en.wikipedia.org/wiki/2023_World_Karate_Championships
world_karate_championships,World Karate Championships,2023,2023-12-31,karate,Karate,kumite-75-kg,World Karate Championships Men Kumite −75 kg,men,Kumite −75 kg,2,silver,athlete,Gábor Hárspataki,Hungary,HUN,Gábor Hárspataki Hungary,https://en.wikipedia.org/wiki/2023_World_Karate_Championships
world_karate_championships,World Karate Championships,2023,2023-12-31,karate,Karate,kumite-75-kg,World Karate Championships Men Kumite −75 kg,men,Kumite −75 kg,3,bronze,athlete,Ernest Sharafutdinov,Individual Neutral Athletes,ANA,Ernest Sharafutdinov Individual Neutral Athletes,https://en.wikipedia.org/wiki/2023_World_Karate_Championships
world_karate_championships,World Karate Championships,2023,2023-12-31,karate,Karate,kumite-75-kg,World Karate Championships Men Kumite −75 kg,men,Kumite −75 kg,3,bronze,athlete,Andrii Zaplitnyi,Ukraine,UKR,Andrii Zaplitnyi Ukraine,https://en.wikipedia.org/wiki/2023_World_Karate_Championships
world_karate_championships,World Karate Championships,2023,2023-12-31,karate,Karate,kumite-84-kg,World Karate Championships Men Kumite −84 kg,men,Kumite −84 kg,1,gold,athlete,Youssef Badawy,Egypt,EGY,Youssef Badawy Egypt,https://en.wikipedia.org/wiki/2023_World_Karate_Championships
world_karate_championships,World Karate Championships,2023,2023-12-31,karate,Karate,kumite-84-kg,World Karate Championships Men Kumite −84 kg,men,Kumite −84 kg,2,silver,athlete,Mehdi Khodabakhshi,Iran,IRI,Mehdi Khodabakhshi Iran,https://en.wikipedia.org/wiki/2023_World_Karate_Championships
world_karate_championships,World Karate Championships,2023,2023-12-31,karate,Karate,kumite-84-kg,World Karate Championships Men Kumite −84 kg,men,Kumite −84 kg,3,bronze,athlete,Mohammad Al-Jafari,Jordan,JOR,Mohammad Al-Jafari Jordan,https://en.wikipedia.org/wiki/2023_World_Karate_Championships
world_karate_championships,World Karate Championships,2023,2023-12-31,karate,Karate,kumite-84-kg,World Karate Championships Men Kumite −84 kg,men,Kumite −84 kg,3,bronze,athlete,Valerii Chobotar,Ukraine,UKR,Valerii Chobotar Ukraine,https://en.wikipedia.org/wiki/2023_World_Karate_Championships
world_karate_championships,World Karate Championships,2023,2023-12-31,karate,Karate,kumite-plus84-kg,World Karate Championships Men Kumite +84 kg,men,Kumite +84 kg,1,gold,athlete,Mehdi Filali,France,FRA,Mehdi Filali France,https://en.wikipedia.org/wiki/2023_World_Karate_Championships
world_karate_championships,World Karate Championships,2023,2023-12-31,karate,Karate,kumite-plus84-kg,World Karate Championships Men Kumite +84 kg,men,Kumite +84 kg,2,silver,athlete,Taha Mahmoud,Egypt,EGY,Taha Mahmoud Egypt,https://en.wikipedia.org/wiki/2023_World_Karate_Championships
world_karate_championships,World Karate Championships,2023,2023-12-31,karate,Karate,kumite-plus84-kg,World Karate Championships Men Kumite +84 kg,men,Kumite +84 kg,3,bronze,athlete,Sajjad Ganjzadeh,Iran,IRI,Sajjad Ganjzadeh Iran,https://en.wikipedia.org/wiki/2023_World_Karate_Championships
world_karate_championships,World Karate Championships,2023,2023-12-31,karate,Karate,kumite-plus84-kg,World Karate Championships Men Kumite +84 kg,men,Kumite +84 kg,3,bronze,athlete,Đorđe Tešanović,Serbia,SRB,Đorđe Tešanović Serbia,https://en.wikipedia.org/wiki/2023_World_Karate_Championships
world_karate_championships,World Karate Championships,2023,2023-12-31,karate,Karate,team-kata,World Karate Championships Men Team kata,men,Team kata,1,gold,team,Japan Men Team kata,Japan,JPN,Japan Koji Arimoto Kazumasa Moto Ryuji Moto,https://en.wikipedia.org/wiki/2023_World_Karate_Championships
world_karate_championships,World Karate Championships,2023,2023-12-31,karate,Karate,team-kata,World Karate Championships Men Team kata,men,Team kata,2,silver,team,Türkiye Men Team kata,Türkiye,TUR,Turkey Emre Vefa Göktaş Enes Özdemir Ali Sofuoğlu,https://en.wikipedia.org/wiki/2023_World_Karate_Championships
world_karate_championships,World Karate Championships,2023,2023-12-31,karate,Karate,team-kata,World Karate Championships Men Team kata,men,Team kata,3,bronze,team,Spain Men Team kata,Spain,ESP,Spain Salvador Balbuena Sergio Galán Rubén García Raúl Martín,https://en.wikipedia.org/wiki/2023_World_Karate_Championships
world_karate_championships,World Karate Championships,2023,2023-12-31,karate,Karate,team-kata,World Karate Championships Men Team kata,men,Team kata,3,bronze,team,Italy Men Team kata,Italy,ITA,Italy Gianluca Gallo Alessio Ghinami Alessandro Iodice,https://en.wikipedia.org/wiki/2023_World_Karate_Championships
world_karate_championships,World Karate Championships,2023,2023-12-31,karate,Karate,team-kumite,World Karate Championships Men Team kumite,men,Team kumite,1,gold,team,Jordan Men Team kumite,Jordan,JOR,Jordan Zaki Abu Qaoud Mohammad Al-Jafari Afeef Ghaith Abdallah Hammad Hasan Masarweh Yousef Nofal Ahmad Shadid,https://en.wikipedia.org/wiki/2023_World_Karate_Championships
world_karate_championships,World Karate Championships,2023,2023-12-31,karate,Karate,team-kumite,World Karate Championships Men Team kumite,men,Team kumite,2,silver,team,Egypt Men Team kumite,Egypt,EGY,Egypt Abdalla Abdelaziz Abdalla Hesham Abdelgawad Youssef Badawy Ahmed El-Masry Ali El-Sawy Taha Tarek Mahmoud Omar Ashraf Mohamed,https://en.wikipedia.org/wiki/2023_World_Karate_Championships
world_karate_championships,World Karate Championships,2023,2023-12-31,karate,Karate,team-kumite,World Karate Championships Men Team kumite,men,Team kumite,3,bronze,team,France Men Team kumite,France,FRA,France Enzo Berthon Kilian Cizo Jessie Da Costa Steven Da Costa Mehdi Filali Thanh-Liêm Lê Younesse Salmi,https://en.wikipedia.org/wiki/2023_World_Karate_Championships
world_karate_championships,World Karate Championships,2023,2023-12-31,karate,Karate,team-kumite,World Karate Championships Men Team kumite,men,Team kumite,3,bronze,team,Italy Men Team kumite,Italy,ITA,Italy Matteo Avanzini Matteo Fiore Luca Maresca Simone Marino Michele Martina Andre Minardi Lorenzo Pietromarchi,https://en.wikipedia.org/wiki/2023_World_Karate_Championships
world_karate_championships,World Karate Championships,2023,2023-12-31,karate,Karate,kata,World Karate Championships Women Individual kata,women,Individual kata,1,gold,athlete,Hikaru Ono,Japan,JPN,Hikaru Ono Japan,https://en.wikipedia.org/wiki/2023_World_Karate_Championships
world_karate_championships,World Karate Championships,2023,2023-12-31,karate,Karate,kata,World Karate Championships Women Individual kata,women,Individual kata,2,silver,athlete,Grace Lau,Hong Kong,HKG,Grace Lau Hong Kong,https://en.wikipedia.org/wiki/2023_World_Karate_Championships
world_karate_championships,World Karate Championships,2023,2023-12-31,karate,Karate,kata,World Karate Championships Women Individual kata,women,Individual kata,3,bronze,athlete,Paola García,Spain,ESP,Paola García Spain,https://en.wikipedia.org/wiki/2023_World_Karate_Championships
world_karate_championships,World Karate Championships,2023,2023-12-31,karate,Karate,kata,World Karate Championships Women Individual kata,women,Individual kata,3,bronze,athlete,Terryana D'Onofrio,Italy,ITA,Terryana D'Onofrio Italy,https://en.wikipedia.org/wiki/2023_World_Karate_Championships
world_karate_championships,World Karate Championships,2023,2023-12-31,karate,Karate,kumite-50-kg,World Karate Championships Women Kumite −50 kg,women,Kumite −50 kg,1,gold,athlete,Moldir Zhangbyrbay,Kazakhstan,KAZ,Moldir Zhangbyrbay Kazakhstan,https://en.wikipedia.org/wiki/2023_World_Karate_Championships
world_karate_championships,World Karate Championships,2023,2023-12-31,karate,Karate,kumite-50-kg,World Karate Championships Women Kumite −50 kg,women,Kumite −50 kg,2,silver,athlete,Erminia Perfetto,Italy,ITA,Erminia Perfetto Italy,https://en.wikipedia.org/wiki/2023_World_Karate_Championships
world_karate_championships,World Karate Championships,2023,2023-12-31,karate,Karate,kumite-50-kg,World Karate Championships Women Kumite −50 kg,women,Kumite −50 kg,3,bronze,athlete,Reem Ahmed Salama,Egypt,EGY,Reem Ahmed Salama Egypt,https://en.wikipedia.org/wiki/2023_World_Karate_Championships
world_karate_championships,World Karate Championships,2023,2023-12-31,karate,Karate,kumite-50-kg,World Karate Championships Women Kumite −50 kg,women,Kumite −50 kg,3,bronze,athlete,Yorgelis Salazar,Venezuela,VEN,Yorgelis Salazar Venezuela,https://en.wikipedia.org/wiki/2023_World_Karate_Championships
world_karate_championships,World Karate Championships,2023,2023-12-31,karate,Karate,kumite-55-kg,World Karate Championships Women Kumite −55 kg,women,Kumite −55 kg,1,gold,athlete,Tuba Yakan,Türkiye,TUR,Tuba Yakan Turkey,https://en.wikipedia.org/wiki/2023_World_Karate_Championships
world_karate_championships,World Karate Championships,2023,2023-12-31,karate,Karate,kumite-55-kg,World Karate Championships Women Kumite −55 kg,women,Kumite −55 kg,2,silver,athlete,Ivet Goranova,Bulgaria,BGR,Ivet Goranova Bulgaria,https://en.wikipedia.org/wiki/2023_World_Karate_Championships
world_karate_championships,World Karate Championships,2023,2023-12-31,karate,Karate,kumite-55-kg,World Karate Championships Women Kumite −55 kg,women,Kumite −55 kg,3,bronze,athlete,Anzhelika Terliuga,Ukraine,UKR,Anzhelika Terliuga Ukraine,https://en.wikipedia.org/wiki/2023_World_Karate_Championships
world_karate_championships,World Karate Championships,2023,2023-12-31,karate,Karate,kumite-55-kg,World Karate Championships Women Kumite −55 kg,women,Kumite −55 kg,3,bronze,athlete,Barbara Pérez,Venezuela,VEN,Barbara Pérez Venezuela,https://en.wikipedia.org/wiki/2023_World_Karate_Championships
world_karate_championships,World Karate Championships,2023,2023-12-31,karate,Karate,kumite-61-kg,World Karate Championships Women Kumite −61 kg,women,Kumite −61 kg,1,gold,athlete,Gong Li,China,CHN,Gong Li China,https://en.wikipedia.org/wiki/2023_World_Karate_Championships
world_karate_championships,World Karate Championships,2023,2023-12-31,karate,Karate,kumite-61-kg,World Karate Championships Women Kumite −61 kg,women,Kumite −61 kg,2,silver,athlete,Fatma Naz Yenen,Türkiye,TUR,Fatma Naz Yenen Turkey,https://en.wikipedia.org/wiki/2023_World_Karate_Championships
world_karate_championships,World Karate Championships,2023,2023-12-31,karate,Karate,kumite-61-kg,World Karate Championships Women Kumite −61 kg,women,Kumite −61 kg,3,bronze,athlete,Noursin Aly,Egypt,EGY,Noursin Aly Egypt,https://en.wikipedia.org/wiki/2023_World_Karate_Championships
world_karate_championships,World Karate Championships,2023,2023-12-31,karate,Karate,kumite-61-kg,World Karate Championships Women Kumite −61 kg,women,Kumite −61 kg,3,bronze,athlete,Laura Sivert,France,FRA,Laura Sivert France,https://en.wikipedia.org/wiki/2023_World_Karate_Championships
world_karate_championships,World Karate Championships,2023,2023-12-31,karate,Karate,kumite-68-kg,World Karate Championships Women Kumite −68 kg,women,Kumite −68 kg,1,gold,athlete,Irina Zaretska,Azerbaijan,AZE,Irina Zaretska Azerbaijan,https://en.wikipedia.org/wiki/2023_World_Karate_Championships
world_karate_championships,World Karate Championships,2023,2023-12-31,karate,Karate,kumite-68-kg,World Karate Championships Women Kumite −68 kg,women,Kumite −68 kg,2,silver,athlete,Elena Quirici,Switzerland,CHE,Elena Quirici Switzerland,https://en.wikipedia.org/wiki/2023_World_Karate_Championships
world_karate_championships,World Karate Championships,2023,2023-12-31,karate,Karate,kumite-68-kg,World Karate Championships Women Kumite −68 kg,women,Kumite −68 kg,3,bronze,athlete,Alizée Agier,France,FRA,Alizée Agier France,https://en.wikipedia.org/wiki/2023_World_Karate_Championships
world_karate_championships,World Karate Championships,2023,2023-12-31,karate,Karate,kumite-68-kg,World Karate Championships Women Kumite −68 kg,women,Kumite −68 kg,3,bronze,athlete,Ceyco Georgia Zefanya,Indonesia,IDN,Ceyco Georgia Zefanya Indonesia,https://en.wikipedia.org/wiki/2023_World_Karate_Championships
world_karate_championships,World Karate Championships,2023,2023-12-31,karate,Karate,kumite-plus68-kg,World Karate Championships Women Kumite +68 kg,women,Kumite +68 kg,1,gold,athlete,Ayaka Saito,Japan,JPN,Ayaka Saito Japan,https://en.wikipedia.org/wiki/2023_World_Karate_Championships
world_karate_championships,World Karate Championships,2023,2023-12-31,karate,Karate,kumite-plus68-kg,World Karate Championships Women Kumite +68 kg,women,Kumite +68 kg,2,silver,athlete,María Torres,Spain,ESP,María Torres Spain,https://en.wikipedia.org/wiki/2023_World_Karate_Championships
world_karate_championships,World Karate Championships,2023,2023-12-31,karate,Karate,kumite-plus68-kg,World Karate Championships Women Kumite +68 kg,women,Kumite +68 kg,3,bronze,athlete,Menna Shaaban Okila,Egypt,EGY,Menna Shaaban Okila Egypt,https://en.wikipedia.org/wiki/2023_World_Karate_Championships
world_karate_championships,World Karate Championships,2023,2023-12-31,karate,Karate,kumite-plus68-kg,World Karate Championships Women Kumite +68 kg,women,Kumite +68 kg,3,bronze,athlete,Clio Ferracuti,Italy,ITA,Clio Ferracuti Italy,https://en.wikipedia.org/wiki/2023_World_Karate_Championships
world_karate_championships,World Karate Championships,2023,2023-12-31,karate,Karate,team-kata,World Karate Championships Women Team kata,women,Team kata,1,gold,team,Japan Women Team kata,Japan,JPN,Japan Saori Ishibashi Chiho Mizukami Sae Taira,https://en.wikipedia.org/wiki/2023_World_Karate_Championships
world_karate_championships,World Karate Championships,2023,2023-12-31,karate,Karate,team-kata,World Karate Championships Women Team kata,women,Team kata,2,silver,team,Italy Women Team kata,Italy,ITA,Italy Terryana D'Onofrio Michela Rizzo Elena Roversi,https://en.wikipedia.org/wiki/2023_World_Karate_Championships
world_karate_championships,World Karate Championships,2023,2023-12-31,karate,Karate,team-kata,World Karate Championships Women Team kata,women,Team kata,3,bronze,team,Egypt Women Team kata,Egypt,EGY,Egypt Asmaa Allam Noha Amr Antar Aya Hesham,https://en.wikipedia.org/wiki/2023_World_Karate_Championships
world_karate_championships,World Karate Championships,2023,2023-12-31,karate,Karate,team-kata,World Karate Championships Women Team kata,women,Team kata,3,bronze,team,Spain Women Team kata,Spain,ESP,Spain Paola García María López Gema Morales Raquel Roy,https://en.wikipedia.org/wiki/2023_World_Karate_Championships
world_karate_championships,World Karate Championships,2023,2023-12-31,karate,Karate,team-kumite,World Karate Championships Women Team kumite,women,Team kumite,1,gold,team,Spain Women Team kumite,Spain,ESP,Spain Carlota Fernández Adriana Gil María Nieto María Torres,https://en.wikipedia.org/wiki/2023_World_Karate_Championships
world_karate_championships,World Karate Championships,2023,2023-12-31,karate,Karate,team-kumite,World Karate Championships Women Team kumite,women,Team kumite,2,silver,team,Japan Women Team kumite,Japan,JPN,Japan Tsubasa Kama Ayaka Saito Yuzuki Sawae Sarara Shimada,https://en.wikipedia.org/wiki/2023_World_Karate_Championships
world_karate_championships,World Karate Championships,2023,2023-12-31,karate,Karate,team-kumite,World Karate Championships Women Team kumite,women,Team kumite,3,bronze,team,Croatia Women Team kumite,Croatia,HRV,Croatia Sadea Bečirević Nikolina Golomboš Lucija Lesjak Lea Vukoja,https://en.wikipedia.org/wiki/2023_World_Karate_Championships
world_karate_championships,World Karate Championships,2023,2023-12-31,karate,Karate,team-kumite,World Karate Championships Women Team kumite,women,Team kumite,3,bronze,team,Kosovo Women Team kumite,Kosovo,KOS,Kosovo Albulena Gervalla Fortesa Orana Vlera Qerimi Hatigje Zejnullahu,https://en.wikipedia.org/wiki/2023_World_Karate_Championships
world_karate_championships,World Karate Championships,2025,2025-12-31,karate,Karate,kata,World Karate Championships Men Kata,men,Kata,1,gold,athlete,Kakeru Nishiyama,Japan,JPN,Kakeru Nishiyama Japan,https://en.wikipedia.org/wiki/2025_World_Karate_Championships
world_karate_championships,World Karate Championships,2025,2025-12-31,karate,Karate,kata,World Karate Championships Men Kata,men,Kata,2,silver,athlete,Alessio Ghinami,Italy,ITA,Alessio Ghinami Italy,https://en.wikipedia.org/wiki/2025_World_Karate_Championships
world_karate_championships,World Karate Championships,2025,2025-12-31,karate,Karate,kata,World Karate Championships Men Kata,men,Kata,3,bronze,athlete,Enes Özdemir,Türkiye,TUR,Enes Özdemir Turkey,https://en.wikipedia.org/wiki/2025_World_Karate_Championships
world_karate_championships,World Karate Championships,2025,2025-12-31,karate,Karate,kata,World Karate Championships Men Kata,men,Kata,3,bronze,athlete,Ariel Torres,United States,USA,Ariel Torres United States,https://en.wikipedia.org/wiki/2025_World_Karate_Championships
world_karate_championships,World Karate Championships,2025,2025-12-31,karate,Karate,kumite-60-kg,World Karate Championships Men Kumite −60 kg,men,Kumite −60 kg,1,gold,athlete,Eray Şamdan,Türkiye,TUR,Eray Şamdan Turkey,https://en.wikipedia.org/wiki/2025_World_Karate_Championships
world_karate_championships,World Karate Championships,2025,2025-12-31,karate,Karate,kumite-60-kg,World Karate Championships Men Kumite −60 kg,men,Kumite −60 kg,2,silver,athlete,Islam Selmani,Kosovo,KOS,Islam Selmani Kosovo,https://en.wikipedia.org/wiki/2025_World_Karate_Championships
world_karate_championships,World Karate Championships,2025,2025-12-31,karate,Karate,kumite-60-kg,World Karate Championships Men Kumite −60 kg,men,Kumite −60 kg,3,bronze,athlete,Christos-Stefanos Xenos,Greece,GRC,Christos-Stefanos Xenos Greece,https://en.wikipedia.org/wiki/2025_World_Karate_Championships
world_karate_championships,World Karate Championships,2025,2025-12-31,karate,Karate,kumite-60-kg,World Karate Championships Men Kumite −60 kg,men,Kumite −60 kg,3,bronze,athlete,Hiromu Hashimoto,Japan,JPN,Hiromu Hashimoto Japan,https://en.wikipedia.org/wiki/2025_World_Karate_Championships
world_karate_championships,World Karate Championships,2025,2025-12-31,karate,Karate,kumite-67-kg,World Karate Championships Men Kumite −67 kg,men,Kumite −67 kg,1,gold,athlete,Afeef Ghaith,Jordan,JOR,Afeef Ghaith Jordan,https://en.wikipedia.org/wiki/2025_World_Karate_Championships
world_karate_championships,World Karate Championships,2025,2025-12-31,karate,Karate,kumite-67-kg,World Karate Championships Men Kumite −67 kg,men,Kumite −67 kg,2,silver,athlete,Said Oubaya,Morocco,MAR,Said Oubaya Morocco,https://en.wikipedia.org/wiki/2025_World_Karate_Championships
world_karate_championships,World Karate Championships,2025,2025-12-31,karate,Karate,kumite-67-kg,World Karate Championships Men Kumite −67 kg,men,Kumite −67 kg,3,bronze,athlete,Didar Amirali,Kazakhstan,KAZ,Didar Amirali Kazakhstan,https://en.wikipedia.org/wiki/2025_World_Karate_Championships
world_karate_championships,World Karate Championships,2025,2025-12-31,karate,Karate,kumite-67-kg,World Karate Championships Men Kumite −67 kg,men,Kumite −67 kg,3,bronze,athlete,Abdul Vakhkhob Rashidov,Uzbekistan,UZB,Abdul Vakhkhob Rashidov Uzbekistan,https://en.wikipedia.org/wiki/2025_World_Karate_Championships
world_karate_championships,World Karate Championships,2025,2025-12-31,karate,Karate,kumite-75-kg,World Karate Championships Men Kumite −75 kg,men,Kumite −75 kg,1,gold,athlete,Abdalla Abdelaziz,Egypt,EGY,Abdalla Abdelaziz Egypt,https://en.wikipedia.org/wiki/2025_World_Karate_Championships
world_karate_championships,World Karate Championships,2025,2025-12-31,karate,Karate,kumite-75-kg,World Karate Championships Men Kumite −75 kg,men,Kumite −75 kg,2,silver,athlete,Andrii Zaplitnyi,Ukraine,UKR,Andrii Zaplitnyi Ukraine,https://en.wikipedia.org/wiki/2025_World_Karate_Championships
world_karate_championships,World Karate Championships,2025,2025-12-31,karate,Karate,kumite-75-kg,World Karate Championships Men Kumite −75 kg,men,Kumite −75 kg,3,bronze,athlete,Suren Harutyunyan,Armenia,ARM,Suren Harutyunyan Armenia,https://en.wikipedia.org/wiki/2025_World_Karate_Championships
world_karate_championships,World Karate Championships,2025,2025-12-31,karate,Karate,kumite-75-kg,World Karate Championships Men Kumite −75 kg,men,Kumite −75 kg,3,bronze,athlete,Ernest Sharafutdinov,World Karate Federation-1,WKF1,Ernest Sharafutdinov World Karate Federation -1,https://en.wikipedia.org/wiki/2025_World_Karate_Championships
world_karate_championships,World Karate Championships,2025,2025-12-31,karate,Karate,kumite-84-kg,World Karate Championships Men Kumite −84 kg,men,Kumite −84 kg,1,gold,athlete,Youssef Badawy,Egypt,EGY,Youssef Badawy Egypt,https://en.wikipedia.org/wiki/2025_World_Karate_Championships
world_karate_championships,World Karate Championships,2025,2025-12-31,karate,Karate,kumite-84-kg,World Karate Championships Men Kumite −84 kg,men,Kumite −84 kg,2,silver,athlete,Hasan Arslan,Türkiye,TUR,Hasan Arslan Turkey,https://en.wikipedia.org/wiki/2025_World_Karate_Championships
world_karate_championships,World Karate Championships,2025,2025-12-31,karate,Karate,kumite-84-kg,World Karate Championships Men Kumite −84 kg,men,Kumite −84 kg,3,bronze,athlete,Ivan Kvesić,Croatia,HRV,Ivan Kvesić Croatia,https://en.wikipedia.org/wiki/2025_World_Karate_Championships
world_karate_championships,World Karate Championships,2025,2025-12-31,karate,Karate,kumite-84-kg,World Karate Championships Men Kumite −84 kg,men,Kumite −84 kg,3,bronze,athlete,Mohammad Al-Jafari,Jordan,JOR,Mohammad Al-Jafari Jordan,https://en.wikipedia.org/wiki/2025_World_Karate_Championships
world_karate_championships,World Karate Championships,2025,2025-12-31,karate,Karate,kumite-plus84-kg,World Karate Championships Men Kumite +84 kg,men,Kumite +84 kg,1,gold,athlete,Matteo Avanzini,Italy,ITA,Matteo Avanzini Italy,https://en.wikipedia.org/wiki/2025_World_Karate_Championships
world_karate_championships,World Karate Championships,2025,2025-12-31,karate,Karate,kumite-plus84-kg,World Karate Championships Men Kumite +84 kg,men,Kumite +84 kg,2,silver,athlete,Saleh Abazari,Iran,IRI,Saleh Abazari Iran,https://en.wikipedia.org/wiki/2025_World_Karate_Championships
world_karate_championships,World Karate Championships,2025,2025-12-31,karate,Karate,kumite-plus84-kg,World Karate Championships Men Kumite +84 kg,men,Kumite +84 kg,3,bronze,athlete,Sanad Sufyani,Saudi Arabia,SAU,Sanad Sufyani Saudi Arabia,https://en.wikipedia.org/wiki/2025_World_Karate_Championships
world_karate_championships,World Karate Championships,2025,2025-12-31,karate,Karate,kumite-plus84-kg,World Karate Championships Men Kumite +84 kg,men,Kumite +84 kg,3,bronze,athlete,Ivan Kudzinau,World Karate Federation-2,WKF2,Ivan Kudzinau World Karate Federation -2,https://en.wikipedia.org/wiki/2025_World_Karate_Championships
world_karate_championships,World Karate Championships,2025,2025-12-31,karate,Karate,kata,World Karate Championships Women Kata,women,Kata,1,gold,athlete,Grace Lau,Hong Kong,HKG,Grace Lau Hong Kong,https://en.wikipedia.org/wiki/2025_World_Karate_Championships
world_karate_championships,World Karate Championships,2025,2025-12-31,karate,Karate,kata,World Karate Championships Women Kata,women,Kata,2,silver,athlete,Maho Ono,Japan,JPN,Maho Ono Japan,https://en.wikipedia.org/wiki/2025_World_Karate_Championships
world_karate_championships,World Karate Championships,2025,2025-12-31,karate,Karate,kata,World Karate Championships Women Kata,women,Kata,3,bronze,athlete,Aya Hesham,Egypt,EGY,Aya Hesham Egypt,https://en.wikipedia.org/wiki/2025_World_Karate_Championships
world_karate_championships,World Karate Championships,2025,2025-12-31,karate,Karate,kata,World Karate Championships Women Kata,women,Kata,3,bronze,athlete,Terryana D'Onofrio,Italy,ITA,Terryana D'Onofrio Italy,https://en.wikipedia.org/wiki/2025_World_Karate_Championships
world_karate_championships,World Karate Championships,2025,2025-12-31,karate,Karate,kumite-50-kg,World Karate Championships Women Kumite −50 kg,women,Kumite −50 kg,1,gold,athlete,Gulshan Alimardanova,Uzbekistan,UZB,Gulshan Alimardanova Uzbekistan,https://en.wikipedia.org/wiki/2025_World_Karate_Championships
world_karate_championships,World Karate Championships,2025,2025-12-31,karate,Karate,kumite-50-kg,World Karate Championships Women Kumite −50 kg,women,Kumite −50 kg,2,silver,athlete,Shahmalarani Chandran,Malaysia,MYS,Shahmalarani Chandran Malaysia,https://en.wikipedia.org/wiki/2025_World_Karate_Championships
world_karate_championships,World Karate Championships,2025,2025-12-31,karate,Karate,kumite-50-kg,World Karate Championships Women Kumite −50 kg,women,Kumite −50 kg,3,bronze,athlete,Sara Bahmanyar,Iran,IRI,Sara Bahmanyar Iran,https://en.wikipedia.org/wiki/2025_World_Karate_Championships
world_karate_championships,World Karate Championships,2025,2025-12-31,karate,Karate,kumite-50-kg,World Karate Championships Women Kumite −50 kg,women,Kumite −50 kg,3,bronze,athlete,Yorgelis Salazar,Venezuela,VEN,Yorgelis Salazar Venezuela,https://en.wikipedia.org/wiki/2025_World_Karate_Championships
world_karate_championships,World Karate Championships,2025,2025-12-31,karate,Karate,kumite-55-kg,World Karate Championships Women Kumite −55 kg,women,Kumite −55 kg,1,gold,athlete,Ahlam Youssef,Egypt,EGY,Ahlam Youssef Egypt,https://en.wikipedia.org/wiki/2025_World_Karate_Championships
world_karate_championships,World Karate Championships,2025,2025-12-31,karate,Karate,kumite-55-kg,World Karate Championships Women Kumite −55 kg,women,Kumite −55 kg,2,silver,athlete,Nina Kvasnicová,Slovakia,SVK,Nina Kvasnicová Slovakia,https://en.wikipedia.org/wiki/2025_World_Karate_Championships
world_karate_championships,World Karate Championships,2025,2025-12-31,karate,Karate,kumite-55-kg,World Karate Championships Women Kumite −55 kg,women,Kumite −55 kg,3,bronze,athlete,Louiza Abouriche,Algeria,DZA,Louiza Abouriche Algeria,https://en.wikipedia.org/wiki/2025_World_Karate_Championships
world_karate_championships,World Karate Championships,2025,2025-12-31,karate,Karate,kumite-55-kg,World Karate Championships Women Kumite −55 kg,women,Kumite −55 kg,3,bronze,athlete,Anzhelika Terliuga,Ukraine,UKR,Anzhelika Terliuga Ukraine,https://en.wikipedia.org/wiki/2025_World_Karate_Championships
world_karate_championships,World Karate Championships,2025,2025-12-31,karate,Karate,kumite-61-kg,World Karate Championships Women Kumite −61 kg,women,Kumite −61 kg,1,gold,athlete,Atousa Golshadnejad,Iran,IRI,Atousa Golshadnejad Iran,https://en.wikipedia.org/wiki/2025_World_Karate_Championships
world_karate_championships,World Karate Championships,2025,2025-12-31,karate,Karate,kumite-61-kg,World Karate Championships Women Kumite −61 kg,women,Kumite −61 kg,2,silver,athlete,Gong Li,China,CHN,Gong Li China,https://en.wikipedia.org/wiki/2025_World_Karate_Championships
world_karate_championships,World Karate Championships,2025,2025-12-31,karate,Karate,kumite-61-kg,World Karate Championships Women Kumite −61 kg,women,Kumite −61 kg,3,bronze,athlete,Assel Kanay,Kazakhstan,KAZ,Assel Kanay Kazakhstan,https://en.wikipedia.org/wiki/2025_World_Karate_Championships
world_karate_championships,World Karate Championships,2025,2025-12-31,karate,Karate,kumite-61-kg,World Karate Championships Women Kumite −61 kg,women,Kumite −61 kg,3,bronze,athlete,Wafa Mahjoub,Tunisia,TUN,Wafa Mahjoub Tunisia,https://en.wikipedia.org/wiki/2025_World_Karate_Championships
world_karate_championships,World Karate Championships,2025,2025-12-31,karate,Karate,kumite-68-kg,World Karate Championships Women Kumite −68 kg,women,Kumite −68 kg,1,gold,athlete,Thalya Sombé,France,FRA,Thalya Sombé France,https://en.wikipedia.org/wiki/2025_World_Karate_Championships
world_karate_championships,World Karate Championships,2025,2025-12-31,karate,Karate,kumite-68-kg,World Karate Championships Women Kumite −68 kg,women,Kumite −68 kg,2,silver,athlete,Janessa Fonseca,Puerto Rico,PRI,Janessa Fonseca Puerto Rico,https://en.wikipedia.org/wiki/2025_World_Karate_Championships
world_karate_championships,World Karate Championships,2025,2025-12-31,karate,Karate,kumite-68-kg,World Karate Championships Women Kumite −68 kg,women,Kumite −68 kg,3,bronze,athlete,Irina Zaretska,Azerbaijan,AZE,Irina Zaretska Azerbaijan,https://en.wikipedia.org/wiki/2025_World_Karate_Championships
world_karate_championships,World Karate Championships,2025,2025-12-31,karate,Karate,kumite-68-kg,World Karate Championships Women Kumite −68 kg,women,Kumite −68 kg,3,bronze,athlete,Anastasiia Velozo,Chile,CHL,Anastasiia Velozo Chile,https://en.wikipedia.org/wiki/2025_World_Karate_Championships
world_karate_championships,World Karate Championships,2025,2025-12-31,karate,Karate,kumite-plus68-kg,World Karate Championships Women Kumite +68 kg,women,Kumite +68 kg,1,gold,athlete,Johanna Kneer,Germany,DEU,Johanna Kneer Germany,https://en.wikipedia.org/wiki/2025_World_Karate_Championships
world_karate_championships,World Karate Championships,2025,2025-12-31,karate,Karate,kumite-plus68-kg,World Karate Championships Women Kumite +68 kg,women,Kumite +68 kg,2,silver,athlete,Sofya Berultseva,Kazakhstan,KAZ,Sofya Berultseva Kazakhstan,https://en.wikipedia.org/wiki/2025_World_Karate_Championships
world_karate_championships,World Karate Championships,2025,2025-12-31,karate,Karate,kumite-plus68-kg,World Karate Championships Women Kumite +68 kg,women,Kumite +68 kg,3,bronze,athlete,Rochelle Walters,England,ENG,Rochelle Walters England,https://en.wikipedia.org/wiki/2025_World_Karate_Championships
world_karate_championships,World Karate Championships,2025,2025-12-31,karate,Karate,kumite-plus68-kg,World Karate Championships Women Kumite +68 kg,women,Kumite +68 kg,3,bronze,athlete,Kyriaki Kydonaki,Greece,GRC,Kyriaki Kydonaki Greece,https://en.wikipedia.org/wiki/2025_World_Karate_Championships
