competition_id,competition_name,year,event_date,discipline_key,discipline_name,event_key,event_name,gender,weight_class,games_label,rank,medal,participant_type,participant_name,country_name,country_code,source_url
world_weightlifting_championships,World Weightlifting Championships,2001,2001-12-31,weightlifting,Weightlifting,bantamweight,World Weightlifting Championships Men Bantamweight total,men,Bantamweight,2001 Antalya,1,gold,athlete,Halil Mutlu,Türkiye,TUR,https://en.wikipedia.org/wiki/List_of_World_Championships_medalists_in_weightlifting_(men)
world_weightlifting_championships,World Weightlifting Championships,2001,2001-12-31,weightlifting,Weightlifting,bantamweight,World Weightlifting Championships Men Bantamweight total,men,Bantamweight,2001 Antalya,2,silver,athlete,Wang Shin-yuan,Chinese Taipei,TPE,https://en.wikipedia.org/wiki/List_of_World_Championships_medalists_in_weightlifting_(men)
world_weightlifting_championships,World Weightlifting Championships,2001,2001-12-31,weightlifting,Weightlifting,bantamweight,World Weightlifting Championships Men Bantamweight total,men,Bantamweight,2001 Antalya,3,bronze,athlete,William Vargas,Cuba,CUB,https://en.wikipedia.org/wiki/List_of_World_Championships_medalists_in_weightlifting_(men)
world_weightlifting_championships,World Weightlifting Championships,2001,2001-12-31,weightlifting,Weightlifting,featherweight,World Weightlifting Championships Men Featherweight total,men,Featherweight,2001 Antalya,1,gold,athlete,Henadzi Aliashchuk,Belarus,BLR,https://en.wikipedia.org/wiki/List_of_World_Championships_medalists_in_weightlifting_(men)
world_weightlifting_championships,World Weightlifting Championships,2001,2001-12-31,weightlifting,Weightlifting,featherweight,World Weightlifting Championships Men Featherweight total,men,Featherweight,2001 Antalya,2,silver,athlete,Li Yinglong,China,CHN,https://en.wikipedia.org/wiki/List_of_World_Championships_medalists_in_weightlifting_(men)
world_weightlifting_championships,World Weightlifting Championships,2001,2001-12-31,weightlifting,Weightlifting,featherweight,World Weightlifting Championships Men Featherweight total,men,Featherweight,2001 Antalya,3,bronze,athlete,Stefan Georgiev,Bulgaria,BUL,https://en.wikipedia.org/wiki/List_of_World_Championships_medalists_in_weightlifting_(men)
world_weightlifting_championships,World Weightlifting Championships,2001,2001-12-31,weightlifting,Weightlifting,heavyweight,World Weightlifting Championships Men Heavyweight total,men,Heavyweight,2001 Antalya,1,gold,athlete,Vladimir Smorchkov,Russia,RUS,https://en.wikipedia.org/wiki/List_of_World_Championships_medalists_in_weightlifting_(men)
world_weightlifting_championships,World Weightlifting Championships,2001,2001-12-31,weightlifting,Weightlifting,heavyweight,World Weightlifting Championships Men Heavyweight total,men,Heavyweight,2001 Antalya,2,silver,athlete,Bünyamin Sudaş,Türkiye,TUR,https://en.wikipedia.org/wiki/List_of_World_Championships_medalists_in_weightlifting_(men)
world_weightlifting_championships,World Weightlifting Championships,2001,2001-12-31,weightlifting,Weightlifting,heavyweight,World Weightlifting Championships Men Heavyweight total,men,Heavyweight,2001 Antalya,3,bronze,athlete,Ihor Razoronov,Ukraine,UKR,https://en.wikipedia.org/wiki/List_of_World_Championships_medalists_in_weightlifting_(men)
world_weightlifting_championships,World Weightlifting Championships,2001,2001-12-31,weightlifting,Weightlifting,light-heavyweight,World Weightlifting Championships Men Light heavyweight total,men,Light heavyweight,2001 Antalya,1,gold,athlete,Giorgi Asanidze,Georgia,GEO,https://en.wikipedia.org/wiki/List_of_World_Championships_medalists_in_weightlifting_(men)
world_weightlifting_championships,World Weightlifting Championships,2001,2001-12-31,weightlifting,Weightlifting,light-heavyweight,World Weightlifting Championships Men Light heavyweight total,men,Light heavyweight,2001 Antalya,2,silver,athlete,Aliaksandr Anishchanka,Belarus,BLR,https://en.wikipedia.org/wiki/List_of_World_Championships_medalists_in_weightlifting_(men)
world_weightlifting_championships,World Weightlifting Championships,2001,2001-12-31,weightlifting,Weightlifting,light-heavyweight,World Weightlifting Championships Men Light heavyweight total,men,Light heavyweight,2001 Antalya,3,bronze,athlete,Milen Dobrev,Bulgaria,BUL,https://en.wikipedia.org/wiki/List_of_World_Championships_medalists_in_weightlifting_(men)
world_weightlifting_championships,World Weightlifting Championships,2001,2001-12-31,weightlifting,Weightlifting,lightweight,World Weightlifting Championships Men Lightweight total,men,Lightweight,2001 Antalya,1,gold,athlete,Galabin Boevski,Bulgaria,BUL,https://en.wikipedia.org/wiki/List_of_World_Championships_medalists_in_weightlifting_(men)
world_weightlifting_championships,World Weightlifting Championships,2001,2001-12-31,weightlifting,Weightlifting,lightweight,World Weightlifting Championships Men Lightweight total,men,Lightweight,2001 Antalya,2,silver,athlete,Georgios Tzelilis,Greece,GRE,https://en.wikipedia.org/wiki/List_of_World_Championships_medalists_in_weightlifting_(men)
world_weightlifting_championships,World Weightlifting Championships,2001,2001-12-31,weightlifting,Weightlifting,lightweight,World Weightlifting Championships Men Lightweight total,men,Lightweight,2001 Antalya,3,bronze,athlete,Reyhan Arabacıoğlu,Türkiye,TUR,https://en.wikipedia.org/wiki/List_of_World_Championships_medalists_in_weightlifting_(men)
world_weightlifting_championships,World Weightlifting Championships,2001,2001-12-31,weightlifting,Weightlifting,middle-heavyweight,World Weightlifting Championships Men Middle heavyweight total,men,Middle heavyweight,2001 Antalya,1,gold,athlete,Kourosh Bagheri,Iran,IRI,https://en.wikipedia.org/wiki/List_of_World_Championships_medalists_in_weightlifting_(men)
world_weightlifting_championships,World Weightlifting Championships,2001,2001-12-31,weightlifting,Weightlifting,middle-heavyweight,World Weightlifting Championships Men Middle heavyweight total,men,Middle heavyweight,2001 Antalya,2,silver,athlete,Nizami Pashayev,Azerbaijan,AZE,https://en.wikipedia.org/wiki/List_of_World_Championships_medalists_in_weightlifting_(men)
world_weightlifting_championships,World Weightlifting Championships,2001,2001-12-31,weightlifting,Weightlifting,middle-heavyweight,World Weightlifting Championships Men Middle heavyweight total,men,Middle heavyweight,2001 Antalya,3,bronze,athlete,Szymon Kołecki,Poland,POL,https://en.wikipedia.org/wiki/List_of_World_Championships_medalists_in_weightlifting_(men)
world_weightlifting_championships,World Weightlifting Championships,2001,2001-12-31,weightlifting,Weightlifting,middleweight,World Weightlifting Championships Men Middleweight total,men,Middleweight,2001 Antalya,1,gold,athlete,Nader Sufyan Abbas,Qatar,QAT,https://en.wikipedia.org/wiki/List_of_World_Championships_medalists_in_weightlifting_(men)
world_weightlifting_championships,World Weightlifting Championships,2001,2001-12-31,weightlifting,Weightlifting,middleweight,World Weightlifting Championships Men Middleweight total,men,Middleweight,2001 Antalya,2,silver,athlete,Oleg Perepetchenov,Russia,RUS,https://en.wikipedia.org/wiki/List_of_World_Championships_medalists_in_weightlifting_(men)
world_weightlifting_championships,World Weightlifting Championships,2001,2001-12-31,weightlifting,Weightlifting,middleweight,World Weightlifting Championships Men Middleweight total,men,Middleweight,2001 Antalya,3,bronze,athlete,Mohammad Hossein Barkhah,Iran,IRI,https://en.wikipedia.org/wiki/List_of_World_Championships_medalists_in_weightlifting_(men)
world_weightlifting_championships,World Weightlifting Championships,2001,2001-12-31,weightlifting,Weightlifting,super-heavyweight,World Weightlifting Championships Men Super heavyweight total,men,Super heavyweight,2001 Antalya,1,gold,athlete,Jaber Saeed Salem,Qatar,QAT,https://en.wikipedia.org/wiki/List_of_World_Championships_medalists_in_weightlifting_(men)
world_weightlifting_championships,World Weightlifting Championships,2001,2001-12-31,weightlifting,Weightlifting,super-heavyweight,World Weightlifting Championships Men Super heavyweight total,men,Super heavyweight,2001 Antalya,2,silver,athlete,Roman Meshcheryakov,Russia,RUS,https://en.wikipedia.org/wiki/List_of_World_Championships_medalists_in_weightlifting_(men)
world_weightlifting_championships,World Weightlifting Championships,2001,2001-12-31,weightlifting,Weightlifting,super-heavyweight,World Weightlifting Championships Men Super heavyweight total,men,Super heavyweight,2001 Antalya,3,bronze,athlete,Andrey Chemerkin,Russia,RUS,https://en.wikipedia.org/wiki/List_of_World_Championships_medalists_in_weightlifting_(men)
world_weightlifting_championships,World Weightlifting Championships,2001,2001-12-31,weightlifting,Weightlifting,bantamweight,World Weightlifting Championships Women Bantamweight total,women,Bantamweight,2001 Antalya,1,gold,athlete,Gao Wei,China,CHN,https://en.wikipedia.org/wiki/List_of_World_Championships_medalists_in_weightlifting_(women)
world_weightlifting_championships,World Weightlifting Championships,2001,2001-12-31,weightlifting,Weightlifting,bantamweight,World Weightlifting Championships Women Bantamweight total,women,Bantamweight,2001 Antalya,2,silver,athlete,Blessed Udoh,Nigeria,NGR,https://en.wikipedia.org/wiki/List_of_World_Championships_medalists_in_weightlifting_(women)
world_weightlifting_championships,World Weightlifting Championships,2001,2001-12-31,weightlifting,Weightlifting,bantamweight,World Weightlifting Championships Women Bantamweight total,women,Bantamweight,2001 Antalya,3,bronze,athlete,Chen Han-tung,Chinese Taipei,TPE,https://en.wikipedia.org/wiki/List_of_World_Championships_medalists_in_weightlifting_(women)
world_weightlifting_championships,World Weightlifting Championships,2001,2001-12-31,weightlifting,Weightlifting,featherweight,World Weightlifting Championships Women Featherweight total,women,Featherweight,2001 Antalya,1,gold,athlete,Li Feng-ying,Chinese Taipei,TPE,https://en.wikipedia.org/wiki/List_of_World_Championships_medalists_in_weightlifting_(women)
world_weightlifting_championships,World Weightlifting Championships,2001,2001-12-31,weightlifting,Weightlifting,featherweight,World Weightlifting Championships Women Featherweight total,women,Featherweight,2001 Antalya,2,silver,athlete,Qiu Hongxia,China,CHN,https://en.wikipedia.org/wiki/List_of_World_Championships_medalists_in_weightlifting_(women)
world_weightlifting_championships,World Weightlifting Championships,2001,2001-12-31,weightlifting,Weightlifting,featherweight,World Weightlifting Championships Women Featherweight total,women,Featherweight,2001 Antalya,3,bronze,athlete,Alexandra Escobar,Ecuador,ECU,https://en.wikipedia.org/wiki/List_of_World_Championships_medalists_in_weightlifting_(women)
world_weightlifting_championships,World Weightlifting Championships,2001,2001-12-31,weightlifting,Weightlifting,light-heavyweight,World Weightlifting Championships Women Light heavyweight total,women,Light heavyweight,2001 Antalya,1,gold,athlete,Valentina Popova,Russia,RUS,https://en.wikipedia.org/wiki/List_of_World_Championships_medalists_in_weightlifting_(women)
world_weightlifting_championships,World Weightlifting Championships,2001,2001-12-31,weightlifting,Weightlifting,light-heavyweight,World Weightlifting Championships Women Light heavyweight total,women,Light heavyweight,2001 Antalya,2,silver,athlete,Svetlana Khabirova,Russia,RUS,https://en.wikipedia.org/wiki/List_of_World_Championships_medalists_in_weightlifting_(women)
world_weightlifting_championships,World Weightlifting Championships,2001,2001-12-31,weightlifting,Weightlifting,light-heavyweight,World Weightlifting Championships Women Light heavyweight total,women,Light heavyweight,2001 Antalya,3,bronze,athlete,Eszter Krutzler,Hungary,HUN,https://en.wikipedia.org/wiki/List_of_World_Championships_medalists_in_weightlifting_(women)
world_weightlifting_championships,World Weightlifting Championships,2001,2001-12-31,weightlifting,Weightlifting,lightweight,World Weightlifting Championships Women Lightweight total,women,Lightweight,2001 Antalya,1,gold,athlete,Aleksandra Klejnowska,Poland,POL,https://en.wikipedia.org/wiki/List_of_World_Championships_medalists_in_weightlifting_(women)
world_weightlifting_championships,World Weightlifting Championships,2001,2001-12-31,weightlifting,Weightlifting,lightweight,World Weightlifting Championships Women Lightweight total,women,Lightweight,2001 Antalya,2,silver,athlete,Liu Bing,China,CHN,https://en.wikipedia.org/wiki/List_of_World_Championships_medalists_in_weightlifting_(women)
world_weightlifting_championships,World Weightlifting Championships,2001,2001-12-31,weightlifting,Weightlifting,lightweight,World Weightlifting Championships Women Lightweight total,women,Lightweight,2001 Antalya,3,bronze,athlete,Marieta Gotfryd,Poland,POL,https://en.wikipedia.org/wiki/List_of_World_Championships_medalists_in_weightlifting_(women)
world_weightlifting_championships,World Weightlifting Championships,2001,2001-12-31,weightlifting,Weightlifting,middle-heavyweight,World Weightlifting Championships Women Middle heavyweight total,women,Middle heavyweight,2001 Antalya,1,gold,athlete,Gyöngyi Likerecz,Hungary,HUN,https://en.wikipedia.org/wiki/List_of_World_Championships_medalists_in_weightlifting_(women)
world_weightlifting_championships,World Weightlifting Championships,2001,2001-12-31,weightlifting,Weightlifting,middle-heavyweight,World Weightlifting Championships Women Middle heavyweight total,women,Middle heavyweight,2001 Antalya,2,silver,athlete,Şule Şahbaz,Türkiye,TUR,https://en.wikipedia.org/wiki/List_of_World_Championships_medalists_in_weightlifting_(women)
world_weightlifting_championships,World Weightlifting Championships,2001,2001-12-31,weightlifting,Weightlifting,middle-heavyweight,World Weightlifting Championships Women Middle heavyweight total,women,Middle heavyweight,2001 Antalya,3,bronze,athlete,Cao Chunyan,China,CHN,https://en.wikipedia.org/wiki/List_of_World_Championships_medalists_in_weightlifting_(women)
world_weightlifting_championships,World Weightlifting Championships,2001,2001-12-31,weightlifting,Weightlifting,middleweight,World Weightlifting Championships Women Middleweight total,women,Middleweight,2001 Antalya,1,gold,athlete,Xiao Ying,China,CHN,https://en.wikipedia.org/wiki/List_of_World_Championships_medalists_in_weightlifting_(women)
world_weightlifting_championships,World Weightlifting Championships,2001,2001-12-31,weightlifting,Weightlifting,middleweight,World Weightlifting Championships Women Middleweight total,women,Middleweight,2001 Antalya,2,silver,athlete,Anastasia Tsakiri,Greece,GRE,https://en.wikipedia.org/wiki/List_of_World_Championships_medalists_in_weightlifting_(women)
world_weightlifting_championships,World Weightlifting Championships,2001,2001-12-31,weightlifting,Weightlifting,middleweight,World Weightlifting Championships Women Middleweight total,women,Middleweight,2001 Antalya,3,bronze,athlete,Kuo Ping-chun,Chinese Taipei,TPE,https://en.wikipedia.org/wiki/List_of_World_Championships_medalists_in_weightlifting_(women)
world_weightlifting_championships,World Weightlifting Championships,2001,2001-12-31,weightlifting,Weightlifting,super-heavyweight,World Weightlifting Championships Women Super heavyweight total,women,Super heavyweight,2001 Antalya,1,gold,athlete,Albina Khomich,Russia,RUS,https://en.wikipedia.org/wiki/List_of_World_Championships_medalists_in_weightlifting_(women)
world_weightlifting_championships,World Weightlifting Championships,2001,2001-12-31,weightlifting,Weightlifting,super-heavyweight,World Weightlifting Championships Women Super heavyweight total,women,Super heavyweight,2001 Antalya,2,silver,athlete,Agata Wróbel,Poland,POL,https://en.wikipedia.org/wiki/List_of_World_Championships_medalists_in_weightlifting_(women)
world_weightlifting_championships,World Weightlifting Championships,2001,2001-12-31,weightlifting,Weightlifting,super-heavyweight,World Weightlifting Championships Women Super heavyweight total,women,Super heavyweight,2001 Antalya,3,bronze,athlete,Chen Hsiao-lien,Chinese Taipei,TPE,https://en.wikipedia.org/wiki/List_of_World_Championships_medalists_in_weightlifting_(women)
world_weightlifting_championships,World Weightlifting Championships,2002,2002-12-31,weightlifting,Weightlifting,bantamweight,World Weightlifting Championships Men Bantamweight total,men,Bantamweight,2002 Warsaw,1,gold,athlete,Wu Meijin,China,CHN,https://en.wikipedia.org/wiki/List_of_World_Championships_medalists_in_weightlifting_(men)
world_weightlifting_championships,World Weightlifting Championships,2002,2002-12-31,weightlifting,Weightlifting,bantamweight,World Weightlifting Championships Men Bantamweight total,men,Bantamweight,2002 Warsaw,2,silver,athlete,Yang Chin-yi,Chinese Taipei,TPE,https://en.wikipedia.org/wiki/List_of_World_Championships_medalists_in_weightlifting_(men)
world_weightlifting_championships,World Weightlifting Championships,2002,2002-12-31,weightlifting,Weightlifting,bantamweight,World Weightlifting Championships Men Bantamweight total,men,Bantamweight,2002 Warsaw,3,bronze,athlete,Adrian Jigău,Romania,ROU,https://en.wikipedia.org/wiki/List_of_World_Championships_medalists_in_weightlifting_(men)
world_weightlifting_championships,World Weightlifting Championships,2002,2002-12-31,weightlifting,Weightlifting,featherweight,World Weightlifting Championships Men Featherweight total,men,Featherweight,2002 Warsaw,1,gold,athlete,Im Yong-su,North Korea,PRK,https://en.wikipedia.org/wiki/List_of_World_Championships_medalists_in_weightlifting_(men)
world_weightlifting_championships,World Weightlifting Championships,2002,2002-12-31,weightlifting,Weightlifting,featherweight,World Weightlifting Championships Men Featherweight total,men,Featherweight,2002 Warsaw,2,silver,athlete,Le Maosheng,China,CHN,https://en.wikipedia.org/wiki/List_of_World_Championships_medalists_in_weightlifting_(men)
world_weightlifting_championships,World Weightlifting Championships,2002,2002-12-31,weightlifting,Weightlifting,featherweight,World Weightlifting Championships Men Featherweight total,men,Featherweight,2002 Warsaw,3,bronze,athlete,Stefan Georgiev,Bulgaria,BUL,https://en.wikipedia.org/wiki/List_of_World_Championships_medalists_in_weightlifting_(men)
world_weightlifting_championships,World Weightlifting Championships,2002,2002-12-31,weightlifting,Weightlifting,heavyweight,World Weightlifting Championships Men Heavyweight total,men,Heavyweight,2002 Warsaw,1,gold,athlete,Denys Hotfrid,Ukraine,UKR,https://en.wikipedia.org/wiki/List_of_World_Championships_medalists_in_weightlifting_(men)
world_weightlifting_championships,World Weightlifting Championships,2002,2002-12-31,weightlifting,Weightlifting,heavyweight,World Weightlifting Championships Men Heavyweight total,men,Heavyweight,2002 Warsaw,2,silver,athlete,Alan Tsagaev,Bulgaria,BUL,https://en.wikipedia.org/wiki/List_of_World_Championships_medalists_in_weightlifting_(men)
world_weightlifting_championships,World Weightlifting Championships,2002,2002-12-31,weightlifting,Weightlifting,heavyweight,World Weightlifting Championships Men Heavyweight total,men,Heavyweight,2002 Warsaw,3,bronze,athlete,Vladimir Smorchkov,Russia,RUS,https://en.wikipedia.org/wiki/List_of_World_Championships_medalists_in_weightlifting_(men)
world_weightlifting_championships,World Weightlifting Championships,2002,2002-12-31,weightlifting,Weightlifting,light-heavyweight,World Weightlifting Championships Men Light heavyweight total,men,Light heavyweight,2002 Warsaw,1,gold,athlete,Zlatan Vanev,Bulgaria,BUL,https://en.wikipedia.org/wiki/List_of_World_Championships_medalists_in_weightlifting_(men)
world_weightlifting_championships,World Weightlifting Championships,2002,2002-12-31,weightlifting,Weightlifting,light-heavyweight,World Weightlifting Championships Men Light heavyweight total,men,Light heavyweight,2002 Warsaw,2,silver,athlete,Giorgi Asanidze,Georgia,GEO,https://en.wikipedia.org/wiki/List_of_World_Championships_medalists_in_weightlifting_(men)
world_weightlifting_championships,World Weightlifting Championships,2002,2002-12-31,weightlifting,Weightlifting,light-heavyweight,World Weightlifting Championships Men Light heavyweight total,men,Light heavyweight,2002 Warsaw,3,bronze,athlete,Ruslan Novikau,Belarus,BLR,https://en.wikipedia.org/wiki/List_of_World_Championships_medalists_in_weightlifting_(men)
world_weightlifting_championships,World Weightlifting Championships,2002,2002-12-31,weightlifting,Weightlifting,lightweight,World Weightlifting Championships Men Lightweight total,men,Lightweight,2002 Warsaw,1,gold,athlete,Zhang Guozheng,China,CHN,https://en.wikipedia.org/wiki/List_of_World_Championships_medalists_in_weightlifting_(men)
world_weightlifting_championships,World Weightlifting Championships,2002,2002-12-31,weightlifting,Weightlifting,lightweight,World Weightlifting Championships Men Lightweight total,men,Lightweight,2002 Warsaw,2,silver,athlete,Chen Chufu,China,CHN,https://en.wikipedia.org/wiki/List_of_World_Championships_medalists_in_weightlifting_(men)
world_weightlifting_championships,World Weightlifting Championships,2002,2002-12-31,weightlifting,Weightlifting,lightweight,World Weightlifting Championships Men Lightweight total,men,Lightweight,2002 Warsaw,3,bronze,athlete,Youssef Sbai,Tunisia,TUN,https://en.wikipedia.org/wiki/List_of_World_Championships_medalists_in_weightlifting_(men)
world_weightlifting_championships,World Weightlifting Championships,2002,2002-12-31,weightlifting,Weightlifting,middle-heavyweight,World Weightlifting Championships Men Middle heavyweight total,men,Middle heavyweight,2002 Warsaw,1,gold,athlete,Nizami Pashayev,Azerbaijan,AZE,https://en.wikipedia.org/wiki/List_of_World_Championships_medalists_in_weightlifting_(men)
world_weightlifting_championships,World Weightlifting Championships,2002,2002-12-31,weightlifting,Weightlifting,middle-heavyweight,World Weightlifting Championships Men Middle heavyweight total,men,Middle heavyweight,2002 Warsaw,2,silver,athlete,Milen Dobrev,Bulgaria,BUL,https://en.wikipedia.org/wiki/List_of_World_Championships_medalists_in_weightlifting_(men)
world_weightlifting_championships,World Weightlifting Championships,2002,2002-12-31,weightlifting,Weightlifting,middle-heavyweight,World Weightlifting Championships Men Middle heavyweight total,men,Middle heavyweight,2002 Warsaw,3,bronze,athlete,Oliver Caruso,Germany,GER,https://en.wikipedia.org/wiki/List_of_World_Championships_medalists_in_weightlifting_(men)
world_weightlifting_championships,World Weightlifting Championships,2002,2002-12-31,weightlifting,Weightlifting,middleweight,World Weightlifting Championships Men Middleweight total,men,Middleweight,2002 Warsaw,1,gold,athlete,Georgi Markov,Bulgaria,BUL,https://en.wikipedia.org/wiki/List_of_World_Championships_medalists_in_weightlifting_(men)
world_weightlifting_championships,World Weightlifting Championships,2002,2002-12-31,weightlifting,Weightlifting,middleweight,World Weightlifting Championships Men Middleweight total,men,Middleweight,2002 Warsaw,2,silver,athlete,Oleg Perepetchenov,Russia,RUS,https://en.wikipedia.org/wiki/List_of_World_Championships_medalists_in_weightlifting_(men)
world_weightlifting_championships,World Weightlifting Championships,2002,2002-12-31,weightlifting,Weightlifting,middleweight,World Weightlifting Championships Men Middleweight total,men,Middleweight,2002 Warsaw,3,bronze,athlete,Mohammad Hossein Barkhah,Iran,IRI,https://en.wikipedia.org/wiki/List_of_World_Championships_medalists_in_weightlifting_(men)
world_weightlifting_championships,World Weightlifting Championships,2002,2002-12-31,weightlifting,Weightlifting,super-heavyweight,World Weightlifting Championships Men Super heavyweight total,men,Super heavyweight,2002 Warsaw,1,gold,athlete,Hossein Rezazadeh,Iran,IRI,https://en.wikipedia.org/wiki/List_of_World_Championships_medalists_in_weightlifting_(men)
world_weightlifting_championships,World Weightlifting Championships,2002,2002-12-31,weightlifting,Weightlifting,super-heavyweight,World Weightlifting Championships Men Super heavyweight total,men,Super heavyweight,2002 Warsaw,2,silver,athlete,Damyan Damyanov,Bulgaria,BUL,https://en.wikipedia.org/wiki/List_of_World_Championships_medalists_in_weightlifting_(men)
world_weightlifting_championships,World Weightlifting Championships,2002,2002-12-31,weightlifting,Weightlifting,super-heavyweight,World Weightlifting Championships Men Super heavyweight total,men,Super heavyweight,2002 Warsaw,3,bronze,athlete,Artem Udachyn,Ukraine,UKR,https://en.wikipedia.org/wiki/List_of_World_Championships_medalists_in_weightlifting_(men)
world_weightlifting_championships,World Weightlifting Championships,2002,2002-12-31,weightlifting,Weightlifting,bantamweight,World Weightlifting Championships Women Bantamweight total,women,Bantamweight,2002 Warsaw,1,gold,athlete,Wang Mingjuan,China,CHN,https://en.wikipedia.org/wiki/List_of_World_Championships_medalists_in_weightlifting_(women)
world_weightlifting_championships,World Weightlifting Championships,2002,2002-12-31,weightlifting,Weightlifting,bantamweight,World Weightlifting Championships Women Bantamweight total,women,Bantamweight,2002 Warsaw,2,silver,athlete,Nurcan Taylan,Türkiye,TUR,https://en.wikipedia.org/wiki/List_of_World_Championships_medalists_in_weightlifting_(women)
world_weightlifting_championships,World Weightlifting Championships,2002,2002-12-31,weightlifting,Weightlifting,bantamweight,World Weightlifting Championships Women Bantamweight total,women,Bantamweight,2002 Warsaw,3,bronze,athlete,Izabela Dragneva,Bulgaria,BUL,https://en.wikipedia.org/wiki/List_of_World_Championships_medalists_in_weightlifting_(women)
world_weightlifting_championships,World Weightlifting Championships,2002,2002-12-31,weightlifting,Weightlifting,featherweight,World Weightlifting Championships Women Featherweight total,women,Featherweight,2002 Warsaw,1,gold,athlete,Ri Song-hui,North Korea,PRK,https://en.wikipedia.org/wiki/List_of_World_Championships_medalists_in_weightlifting_(women)
world_weightlifting_championships,World Weightlifting Championships,2002,2002-12-31,weightlifting,Weightlifting,featherweight,World Weightlifting Championships Women Featherweight total,women,Featherweight,2002 Warsaw,2,silver,athlete,Li Xuejiu,China,CHN,https://en.wikipedia.org/wiki/List_of_World_Championships_medalists_in_weightlifting_(women)
world_weightlifting_championships,World Weightlifting Championships,2002,2002-12-31,weightlifting,Weightlifting,featherweight,World Weightlifting Championships Women Featherweight total,women,Featherweight,2002 Warsaw,3,bronze,athlete,Udomporn Polsak,Thailand,THA,https://en.wikipedia.org/wiki/List_of_World_Championships_medalists_in_weightlifting_(women)
world_weightlifting_championships,World Weightlifting Championships,2002,2002-12-31,weightlifting,Weightlifting,light-heavyweight,World Weightlifting Championships Women Light heavyweight total,women,Light heavyweight,2002 Warsaw,1,gold,athlete,Pawina Thongsuk,Thailand,THA,https://en.wikipedia.org/wiki/List_of_World_Championships_medalists_in_weightlifting_(women)
world_weightlifting_championships,World Weightlifting Championships,2002,2002-12-31,weightlifting,Weightlifting,light-heavyweight,World Weightlifting Championships Women Light heavyweight total,women,Light heavyweight,2002 Warsaw,2,silver,athlete,Valentina Popova,Russia,RUS,https://en.wikipedia.org/wiki/List_of_World_Championships_medalists_in_weightlifting_(women)
world_weightlifting_championships,World Weightlifting Championships,2002,2002-12-31,weightlifting,Weightlifting,light-heavyweight,World Weightlifting Championships Women Light heavyweight total,women,Light heavyweight,2002 Warsaw,3,bronze,athlete,Nahla Ramadan,Egypt,EGY,https://en.wikipedia.org/wiki/List_of_World_Championships_medalists_in_weightlifting_(women)
world_weightlifting_championships,World Weightlifting Championships,2002,2002-12-31,weightlifting,Weightlifting,lightweight,World Weightlifting Championships Women Lightweight total,women,Lightweight,2002 Warsaw,1,gold,athlete,Song Zhijuan,China,CHN,https://en.wikipedia.org/wiki/List_of_World_Championships_medalists_in_weightlifting_(women)
world_weightlifting_championships,World Weightlifting Championships,2002,2002-12-31,weightlifting,Weightlifting,lightweight,World Weightlifting Championships Women Lightweight total,women,Lightweight,2002 Warsaw,2,silver,athlete,Wandee Kameaim,Thailand,THA,https://en.wikipedia.org/wiki/List_of_World_Championships_medalists_in_weightlifting_(women)
world_weightlifting_championships,World Weightlifting Championships,2002,2002-12-31,weightlifting,Weightlifting,lightweight,World Weightlifting Championships Women Lightweight total,women,Lightweight,2002 Warsaw,3,bronze,athlete,Charikleia Kastritsi,Greece,GRE,https://en.wikipedia.org/wiki/List_of_World_Championships_medalists_in_weightlifting_(women)
world_weightlifting_championships,World Weightlifting Championships,2002,2002-12-31,weightlifting,Weightlifting,middle-heavyweight,World Weightlifting Championships Women Middle heavyweight total,women,Middle heavyweight,2002 Warsaw,1,gold,athlete,Svetlana Khabirova,Russia,RUS,https://en.wikipedia.org/wiki/List_of_World_Championships_medalists_in_weightlifting_(women)
world_weightlifting_championships,World Weightlifting Championships,2002,2002-12-31,weightlifting,Weightlifting,middle-heavyweight,World Weightlifting Championships Women Middle heavyweight total,women,Middle heavyweight,2002 Warsaw,2,silver,athlete,Sun Ruiping,China,CHN,https://en.wikipedia.org/wiki/List_of_World_Championships_medalists_in_weightlifting_(women)
world_weightlifting_championships,World Weightlifting Championships,2002,2002-12-31,weightlifting,Weightlifting,middle-heavyweight,World Weightlifting Championships Women Middle heavyweight total,women,Middle heavyweight,2002 Warsaw,3,bronze,athlete,Christina Ioannidi,Greece,GRE,https://en.wikipedia.org/wiki/List_of_World_Championships_medalists_in_weightlifting_(women)
world_weightlifting_championships,World Weightlifting Championships,2002,2002-12-31,weightlifting,Weightlifting,middleweight,World Weightlifting Championships Women Middleweight total,women,Middleweight,2002 Warsaw,1,gold,athlete,Liu Xia,China,CHN,https://en.wikipedia.org/wiki/List_of_World_Championships_medalists_in_weightlifting_(women)
world_weightlifting_championships,World Weightlifting Championships,2002,2002-12-31,weightlifting,Weightlifting,middleweight,World Weightlifting Championships Women Middleweight total,women,Middleweight,2002 Warsaw,2,silver,athlete,Anastasia Tsakiri,Greece,GRE,https://en.wikipedia.org/wiki/List_of_World_Championships_medalists_in_weightlifting_(women)
world_weightlifting_championships,World Weightlifting Championships,2002,2002-12-31,weightlifting,Weightlifting,middleweight,World Weightlifting Championships Women Middleweight total,women,Middleweight,2002 Warsaw,3,bronze,athlete,Gergana Kirilova,Bulgaria,BUL,https://en.wikipedia.org/wiki/List_of_World_Championships_medalists_in_weightlifting_(women)
world_weightlifting_championships,World Weightlifting Championships,2002,2002-12-31,weightlifting,Weightlifting,super-heavyweight,World Weightlifting Championships Women Super heavyweight total,women,Super heavyweight,2002 Warsaw,1,gold,athlete,Agata Wróbel,Poland,POL,https://en.wikipedia.org/wiki/List_of_World_Championships_medalists_in_weightlifting_(women)
world_weightlifting_championships,World Weightlifting Championships,2002,2002-12-31,weightlifting,Weightlifting,super-heavyweight,World Weightlifting Championships Women Super heavyweight total,women,Super heavyweight,2002 Warsaw,2,silver,athlete,Albina Khomich,Russia,RUS,https://en.wikipedia.org/wiki/List_of_World_Championships_medalists_in_weightlifting_(women)
world_weightlifting_championships,World Weightlifting Championships,2002,2002-12-31,weightlifting,Weightlifting,super-heavyweight,World Weightlifting Championships Women Super heavyweight total,women,Super heavyweight,2002 Warsaw,3,bronze,athlete,Tang Gonghong,China,CHN,https://en.wikipedia.org/wiki/List_of_World_Championships_medalists_in_weightlifting_(women)
world_weightlifting_championships,World Weightlifting Championships,2003,2003-12-31,weightlifting,Weightlifting,bantamweight,World Weightlifting Championships Men Bantamweight total,men,Bantamweight,2003 Vancouver,1,gold,athlete,Wu Meijin,China,CHN,https://en.wikipedia.org/wiki/List_of_World_Championships_medalists_in_weightlifting_(men)
world_weightlifting_championships,World Weightlifting Championships,2003,2003-12-31,weightlifting,Weightlifting,bantamweight,World Weightlifting Championships Men Bantamweight total,men,Bantamweight,2003 Vancouver,2,silver,athlete,Adrian Jigău,Romania,ROU,https://en.wikipedia.org/wiki/List_of_World_Championships_medalists_in_weightlifting_(men)
world_weightlifting_championships,World Weightlifting Championships,2003,2003-12-31,weightlifting,Weightlifting,bantamweight,World Weightlifting Championships Men Bantamweight total,men,Bantamweight,2003 Vancouver,3,bronze,athlete,Sedat Artuç,Türkiye,TUR,https://en.wikipedia.org/wiki/List_of_World_Championships_medalists_in_weightlifting_(men)
world_weightlifting_championships,World Weightlifting Championships,2003,2003-12-31,weightlifting,Weightlifting,featherweight,World Weightlifting Championships Men Featherweight total,men,Featherweight,2003 Vancouver,1,gold,athlete,Halil Mutlu,Türkiye,TUR,https://en.wikipedia.org/wiki/List_of_World_Championships_medalists_in_weightlifting_(men)
world_weightlifting_championships,World Weightlifting Championships,2003,2003-12-31,weightlifting,Weightlifting,featherweight,World Weightlifting Championships Men Featherweight total,men,Featherweight,2003 Vancouver,2,silver,athlete,Shi Zhiyong,China,CHN,https://en.wikipedia.org/wiki/List_of_World_Championships_medalists_in_weightlifting_(men)
world_weightlifting_championships,World Weightlifting Championships,2003,2003-12-31,weightlifting,Weightlifting,featherweight,World Weightlifting Championships Men Featherweight total,men,Featherweight,2003 Vancouver,3,bronze,athlete,Le Maosheng,China,CHN,https://en.wikipedia.org/wiki/List_of_World_Championships_medalists_in_weightlifting_(men)
world_weightlifting_championships,World Weightlifting Championships,2003,2003-12-31,weightlifting,Weightlifting,heavyweight,World Weightlifting Championships Men Heavyweight total,men,Heavyweight,2003 Vancouver,1,gold,athlete,Said Saif Asaad,Qatar,QAT,https://en.wikipedia.org/wiki/List_of_World_Championships_medalists_in_weightlifting_(men)
world_weightlifting_championships,World Weightlifting Championships,2003,2003-12-31,weightlifting,Weightlifting,heavyweight,World Weightlifting Championships Men Heavyweight total,men,Heavyweight,2003 Vancouver,2,silver,athlete,Vladimir Smorchkov,Russia,RUS,https://en.wikipedia.org/wiki/List_of_World_Championships_medalists_in_weightlifting_(men)
world_weightlifting_championships,World Weightlifting Championships,2003,2003-12-31,weightlifting,Weightlifting,heavyweight,World Weightlifting Championships Men Heavyweight total,men,Heavyweight,2003 Vancouver,3,bronze,athlete,Bünyamin Sudaş,Türkiye,TUR,https://en.wikipedia.org/wiki/List_of_World_Championships_medalists_in_weightlifting_(men)
world_weightlifting_championships,World Weightlifting Championships,2003,2003-12-31,weightlifting,Weightlifting,light-heavyweight,World Weightlifting Championships Men Light heavyweight total,men,Light heavyweight,2003 Vancouver,1,gold,athlete,Valeriu Calancea,Romania,ROU,https://en.wikipedia.org/wiki/List_of_World_Championships_medalists_in_weightlifting_(men)
world_weightlifting_championships,World Weightlifting Championships,2003,2003-12-31,weightlifting,Weightlifting,light-heavyweight,World Weightlifting Championships Men Light heavyweight total,men,Light heavyweight,2003 Vancouver,2,silver,athlete,Yuan Aijun,China,CHN,https://en.wikipedia.org/wiki/List_of_World_Championships_medalists_in_weightlifting_(men)
world_weightlifting_championships,World Weightlifting Championships,2003,2003-12-31,weightlifting,Weightlifting,light-heavyweight,World Weightlifting Championships Men Light heavyweight total,men,Light heavyweight,2003 Vancouver,3,bronze,athlete,Sergo Chakhoyan,Australia,AUS,https://en.wikipedia.org/wiki/List_of_World_Championships_medalists_in_weightlifting_(men)
world_weightlifting_championships,World Weightlifting Championships,2003,2003-12-31,weightlifting,Weightlifting,lightweight,World Weightlifting Championships Men Lightweight total,men,Lightweight,2003 Vancouver,1,gold,athlete,Zhang Guozheng,China,CHN,https://en.wikipedia.org/wiki/List_of_World_Championships_medalists_in_weightlifting_(men)
world_weightlifting_championships,World Weightlifting Championships,2003,2003-12-31,weightlifting,Weightlifting,lightweight,World Weightlifting Championships Men Lightweight total,men,Lightweight,2003 Vancouver,2,silver,athlete,Lee Bae-young,South Korea,KOR,https://en.wikipedia.org/wiki/List_of_World_Championships_medalists_in_weightlifting_(men)
world_weightlifting_championships,World Weightlifting Championships,2003,2003-12-31,weightlifting,Weightlifting,lightweight,World Weightlifting Championships Men Lightweight total,men,Lightweight,2003 Vancouver,3,bronze,athlete,Turan Mirzayev,Azerbaijan,AZE,https://en.wikipedia.org/wiki/List_of_World_Championships_medalists_in_weightlifting_(men)
world_weightlifting_championships,World Weightlifting Championships,2003,2003-12-31,weightlifting,Weightlifting,middle-heavyweight,World Weightlifting Championships Men Middle heavyweight total,men,Middle heavyweight,2003 Vancouver,1,gold,athlete,Milen Dobrev,Bulgaria,BUL,https://en.wikipedia.org/wiki/List_of_World_Championships_medalists_in_weightlifting_(men)
world_weightlifting_championships,World Weightlifting Championships,2003,2003-12-31,weightlifting,Weightlifting,middle-heavyweight,World Weightlifting Championships Men Middle heavyweight total,men,Middle heavyweight,2003 Vancouver,2,silver,athlete,Hakan Yılmaz,Türkiye,TUR,https://en.wikipedia.org/wiki/List_of_World_Championships_medalists_in_weightlifting_(men)
world_weightlifting_championships,World Weightlifting Championships,2003,2003-12-31,weightlifting,Weightlifting,middle-heavyweight,World Weightlifting Championships Men Middle heavyweight total,men,Middle heavyweight,2003 Vancouver,3,bronze,athlete,Vadim Vacarciuc,Moldova,MDA,https://en.wikipedia.org/wiki/List_of_World_Championships_medalists_in_weightlifting_(men)
world_weightlifting_championships,World Weightlifting Championships,2003,2003-12-31,weightlifting,Weightlifting,middleweight,World Weightlifting Championships Men Middleweight total,men,Middleweight,2003 Vancouver,1,gold,athlete,Mohammad Ali Falahatinejad,Iran,IRI,https://en.wikipedia.org/wiki/List_of_World_Championships_medalists_in_weightlifting_(men)
world_weightlifting_championships,World Weightlifting Championships,2003,2003-12-31,weightlifting,Weightlifting,middleweight,World Weightlifting Championships Men Middleweight total,men,Middleweight,2003 Vancouver,2,silver,athlete,Reyhan Arabacıoğlu,Türkiye,TUR,https://en.wikipedia.org/wiki/List_of_World_Championships_medalists_in_weightlifting_(men)
world_weightlifting_championships,World Weightlifting Championships,2003,2003-12-31,weightlifting,Weightlifting,middleweight,World Weightlifting Championships Men Middleweight total,men,Middleweight,2003 Vancouver,3,bronze,athlete,Li Hongli,China,CHN,https://en.wikipedia.org/wiki/List_of_World_Championships_medalists_in_weightlifting_(men)
world_weightlifting_championships,World Weightlifting Championships,2003,2003-12-31,weightlifting,Weightlifting,super-heavyweight,World Weightlifting Championships Men Super heavyweight total,men,Super heavyweight,2003 Vancouver,1,gold,athlete,Hossein Rezazadeh,Iran,IRI,https://en.wikipedia.org/wiki/List_of_World_Championships_medalists_in_weightlifting_(men)
world_weightlifting_championships,World Weightlifting Championships,2003,2003-12-31,weightlifting,Weightlifting,super-heavyweight,World Weightlifting Championships Men Super heavyweight total,men,Super heavyweight,2003 Vancouver,2,silver,athlete,Velichko Cholakov,Bulgaria,BUL,https://en.wikipedia.org/wiki/List_of_World_Championships_medalists_in_weightlifting_(men)
world_weightlifting_championships,World Weightlifting Championships,2003,2003-12-31,weightlifting,Weightlifting,super-heavyweight,World Weightlifting Championships Men Super heavyweight total,men,Super heavyweight,2003 Vancouver,3,bronze,athlete,Viktors Ščerbatihs,Latvia,LAT,https://en.wikipedia.org/wiki/List_of_World_Championships_medalists_in_weightlifting_(men)
world_weightlifting_championships,World Weightlifting Championships,2003,2003-12-31,weightlifting,Weightlifting,bantamweight,World Weightlifting Championships Women Bantamweight total,women,Bantamweight,2003 Vancouver,1,gold,athlete,Wang Mingjuan,China,CHN,https://en.wikipedia.org/wiki/List_of_World_Championships_medalists_in_weightlifting_(women)
world_weightlifting_championships,World Weightlifting Championships,2003,2003-12-31,weightlifting,Weightlifting,bantamweight,World Weightlifting Championships Women Bantamweight total,women,Bantamweight,2003 Vancouver,2,silver,athlete,Aree Wiratthaworn,Thailand,THA,https://en.wikipedia.org/wiki/List_of_World_Championships_medalists_in_weightlifting_(women)
world_weightlifting_championships,World Weightlifting Championships,2003,2003-12-31,weightlifting,Weightlifting,bantamweight,World Weightlifting Championships Women Bantamweight total,women,Bantamweight,2003 Vancouver,3,bronze,athlete,Nurcan Taylan,Türkiye,TUR,https://en.wikipedia.org/wiki/List_of_World_Championships_medalists_in_weightlifting_(women)
world_weightlifting_championships,World Weightlifting Championships,2003,2003-12-31,weightlifting,Weightlifting,featherweight,World Weightlifting Championships Women Featherweight total,women,Featherweight,2003 Vancouver,1,gold,athlete,Udomporn Polsak,Thailand,THA,https://en.wikipedia.org/wiki/List_of_World_Championships_medalists_in_weightlifting_(women)
world_weightlifting_championships,World Weightlifting Championships,2003,2003-12-31,weightlifting,Weightlifting,featherweight,World Weightlifting Championships Women Featherweight total,women,Featherweight,2003 Vancouver,2,silver,athlete,Ri Song-hui,North Korea,PRK,https://en.wikipedia.org/wiki/List_of_World_Championships_medalists_in_weightlifting_(women)
world_weightlifting_championships,World Weightlifting Championships,2003,2003-12-31,weightlifting,Weightlifting,featherweight,World Weightlifting Championships Women Featherweight total,women,Featherweight,2003 Vancouver,3,bronze,athlete,Junpim Kuntatean,Thailand,THA,https://en.wikipedia.org/wiki/List_of_World_Championships_medalists_in_weightlifting_(women)
world_weightlifting_championships,World Weightlifting Championships,2003,2003-12-31,weightlifting,Weightlifting,light-heavyweight,World Weightlifting Championships Women Light heavyweight total,women,Light heavyweight,2003 Vancouver,1,gold,athlete,Liu Chunhong,China,CHN,https://en.wikipedia.org/wiki/List_of_World_Championships_medalists_in_weightlifting_(women)
world_weightlifting_championships,World Weightlifting Championships,2003,2003-12-31,weightlifting,Weightlifting,light-heavyweight,World Weightlifting Championships Women Light heavyweight total,women,Light heavyweight,2003 Vancouver,2,silver,athlete,Eszter Krutzler,Hungary,HUN,https://en.wikipedia.org/wiki/List_of_World_Championships_medalists_in_weightlifting_(women)
world_weightlifting_championships,World Weightlifting Championships,2003,2003-12-31,weightlifting,Weightlifting,light-heavyweight,World Weightlifting Championships Women Light heavyweight total,women,Light heavyweight,2003 Vancouver,3,bronze,athlete,Valentina Popova,Russia,RUS,https://en.wikipedia.org/wiki/List_of_World_Championships_medalists_in_weightlifting_(women)
world_weightlifting_championships,World Weightlifting Championships,2003,2003-12-31,weightlifting,Weightlifting,lightweight,World Weightlifting Championships Women Lightweight total,women,Lightweight,2003 Vancouver,1,gold,athlete,Sun Caiyan,China,CHN,https://en.wikipedia.org/wiki/List_of_World_Championships_medalists_in_weightlifting_(women)
world_weightlifting_championships,World Weightlifting Championships,2003,2003-12-31,weightlifting,Weightlifting,lightweight,World Weightlifting Championships Women Lightweight total,women,Lightweight,2003 Vancouver,2,silver,athlete,Patmawati Abdul Hamid,Indonesia,INA,https://en.wikipedia.org/wiki/List_of_World_Championships_medalists_in_weightlifting_(women)
world_weightlifting_championships,World Weightlifting Championships,2003,2003-12-31,weightlifting,Weightlifting,lightweight,World Weightlifting Championships Women Lightweight total,women,Lightweight,2003 Vancouver,3,bronze,athlete,Aylin Daşdelen,Türkiye,TUR,https://en.wikipedia.org/wiki/List_of_World_Championships_medalists_in_weightlifting_(women)
world_weightlifting_championships,World Weightlifting Championships,2003,2003-12-31,weightlifting,Weightlifting,middle-heavyweight,World Weightlifting Championships Women Middle heavyweight total,women,Middle heavyweight,2003 Vancouver,1,gold,athlete,Nahla Ramadan,Egypt,EGY,https://en.wikipedia.org/wiki/List_of_World_Championships_medalists_in_weightlifting_(women)
world_weightlifting_championships,World Weightlifting Championships,2003,2003-12-31,weightlifting,Weightlifting,middle-heavyweight,World Weightlifting Championships Women Middle heavyweight total,women,Middle heavyweight,2003 Vancouver,2,silver,athlete,Slaveyka Ruzhinska,Bulgaria,BUL,https://en.wikipedia.org/wiki/List_of_World_Championships_medalists_in_weightlifting_(women)
world_weightlifting_championships,World Weightlifting Championships,2003,2003-12-31,weightlifting,Weightlifting,middle-heavyweight,World Weightlifting Championships Women Middle heavyweight total,women,Middle heavyweight,2003 Vancouver,3,bronze,athlete,Şule Şahbaz,Türkiye,TUR,https://en.wikipedia.org/wiki/List_of_World_Championships_medalists_in_weightlifting_(women)
world_weightlifting_championships,World Weightlifting Championships,2003,2003-12-31,weightlifting,Weightlifting,middleweight,World Weightlifting Championships Women Middleweight total,women,Middleweight,2003 Vancouver,1,gold,athlete,Nataliya Skakun,Ukraine,UKR,https://en.wikipedia.org/wiki/List_of_World_Championships_medalists_in_weightlifting_(women)
world_weightlifting_championships,World Weightlifting Championships,2003,2003-12-31,weightlifting,Weightlifting,middleweight,World Weightlifting Championships Women Middleweight total,women,Middleweight,2003 Vancouver,2,silver,athlete,Liu Xia,China,CHN,https://en.wikipedia.org/wiki/List_of_World_Championships_medalists_in_weightlifting_(women)
world_weightlifting_championships,World Weightlifting Championships,2003,2003-12-31,weightlifting,Weightlifting,middleweight,World Weightlifting Championships Women Middleweight total,women,Middleweight,2003 Vancouver,3,bronze,athlete,Hanna Batsiushka,Belarus,BLR,https://en.wikipedia.org/wiki/List_of_World_Championships_medalists_in_weightlifting_(women)
world_weightlifting_championships,World Weightlifting Championships,2003,2003-12-31,weightlifting,Weightlifting,super-heavyweight,World Weightlifting Championships Women Super heavyweight total,women,Super heavyweight,2003 Vancouver,1,gold,athlete,Ding Meiyuan,China,CHN,https://en.wikipedia.org/wiki/List_of_World_Championships_medalists_in_weightlifting_(women)
world_weightlifting_championships,World Weightlifting Championships,2003,2003-12-31,weightlifting,Weightlifting,super-heavyweight,World Weightlifting Championships Women Super heavyweight total,women,Super heavyweight,2003 Vancouver,2,silver,athlete,Albina Khomich,Russia,RUS,https://en.wikipedia.org/wiki/List_of_World_Championships_medalists_in_weightlifting_(women)
world_weightlifting_championships,World Weightlifting Championships,2003,2003-12-31,weightlifting,Weightlifting,super-heavyweight,World Weightlifting Championships Women Super heavyweight total,women,Super heavyweight,2003 Vancouver,3,bronze,athlete,Olha Korobka,Ukraine,UKR,https://en.wikipedia.org/wiki/List_of_World_Championships_medalists_in_weightlifting_(women)
world_weightlifting_championships,World Weightlifting Championships,2005,2005-12-31,weightlifting,Weightlifting,bantamweight,World Weightlifting Championships Men Bantamweight total,men,Bantamweight,2005 Doha,1,gold,athlete,Wang Shin-yuan,Chinese Taipei,TPE,https://en.wikipedia.org/wiki/List_of_World_Championships_medalists_in_weightlifting_(men)
world_weightlifting_championships,World Weightlifting Championships,2005,2005-12-31,weightlifting,Weightlifting,bantamweight,World Weightlifting Championships Men Bantamweight total,men,Bantamweight,2005 Doha,2,silver,athlete,Lee Jong-hoon,South Korea,KOR,https://en.wikipedia.org/wiki/List_of_World_Championships_medalists_in_weightlifting_(men)
world_weightlifting_championships,World Weightlifting Championships,2005,2005-12-31,weightlifting,Weightlifting,bantamweight,World Weightlifting Championships Men Bantamweight total,men,Bantamweight,2005 Doha,3,bronze,athlete,Hoàng Anh Tuấn,Vietnam,VIE,https://en.wikipedia.org/wiki/List_of_World_Championships_medalists_in_weightlifting_(men)
world_weightlifting_championships,World Weightlifting Championships,2005,2005-12-31,weightlifting,Weightlifting,featherweight,World Weightlifting Championships Men Featherweight total,men,Featherweight,2005 Doha,1,gold,athlete,Qiu Le,China,CHN,https://en.wikipedia.org/wiki/List_of_World_Championships_medalists_in_weightlifting_(men)
world_weightlifting_championships,World Weightlifting Championships,2005,2005-12-31,weightlifting,Weightlifting,featherweight,World Weightlifting Championships Men Featherweight total,men,Featherweight,2005 Doha,2,silver,athlete,Zhang Ping,China,CHN,https://en.wikipedia.org/wiki/List_of_World_Championships_medalists_in_weightlifting_(men)
world_weightlifting_championships,World Weightlifting Championships,2005,2005-12-31,weightlifting,Weightlifting,featherweight,World Weightlifting Championships Men Featherweight total,men,Featherweight,2005 Doha,3,bronze,athlete,Adrian Jigău,Romania,ROU,https://en.wikipedia.org/wiki/List_of_World_Championships_medalists_in_weightlifting_(men)
world_weightlifting_championships,World Weightlifting Championships,2005,2005-12-31,weightlifting,Weightlifting,heavyweight,World Weightlifting Championships Men Heavyweight total,men,Heavyweight,2005 Doha,1,gold,athlete,Dmitry Klokov,Russia,RUS,https://en.wikipedia.org/wiki/List_of_World_Championships_medalists_in_weightlifting_(men)
world_weightlifting_championships,World Weightlifting Championships,2005,2005-12-31,weightlifting,Weightlifting,heavyweight,World Weightlifting Championships Men Heavyweight total,men,Heavyweight,2005 Doha,2,silver,athlete,Alexandru Bratan,Moldova,MDA,https://en.wikipedia.org/wiki/List_of_World_Championships_medalists_in_weightlifting_(men)
world_weightlifting_championships,World Weightlifting Championships,2005,2005-12-31,weightlifting,Weightlifting,heavyweight,World Weightlifting Championships Men Heavyweight total,men,Heavyweight,2005 Doha,3,bronze,athlete,Martin Tešovič,Slovakia,SVK,https://en.wikipedia.org/wiki/List_of_World_Championships_medalists_in_weightlifting_(men)
world_weightlifting_championships,World Weightlifting Championships,2005,2005-12-31,weightlifting,Weightlifting,light-heavyweight,World Weightlifting Championships Men Light heavyweight total,men,Light heavyweight,2005 Doha,1,gold,athlete,Ilya Ilyin,Kazakhstan,KAZ,https://en.wikipedia.org/wiki/List_of_World_Championships_medalists_in_weightlifting_(men)
world_weightlifting_championships,World Weightlifting Championships,2005,2005-12-31,weightlifting,Weightlifting,light-heavyweight,World Weightlifting Championships Men Light heavyweight total,men,Light heavyweight,2005 Doha,2,silver,athlete,Lu Yong,China,CHN,https://en.wikipedia.org/wiki/List_of_World_Championships_medalists_in_weightlifting_(men)
world_weightlifting_championships,World Weightlifting Championships,2005,2005-12-31,weightlifting,Weightlifting,light-heavyweight,World Weightlifting Championships Men Light heavyweight total,men,Light heavyweight,2005 Doha,3,bronze,athlete,Aslanbek Ediev,Russia,RUS,https://en.wikipedia.org/wiki/List_of_World_Championships_medalists_in_weightlifting_(men)
world_weightlifting_championships,World Weightlifting Championships,2005,2005-12-31,weightlifting,Weightlifting,lightweight,World Weightlifting Championships Men Lightweight total,men,Lightweight,2005 Doha,1,gold,athlete,Shi Zhiyong,China,CHN,https://en.wikipedia.org/wiki/List_of_World_Championships_medalists_in_weightlifting_(men)
world_weightlifting_championships,World Weightlifting Championships,2005,2005-12-31,weightlifting,Weightlifting,lightweight,World Weightlifting Championships Men Lightweight total,men,Lightweight,2005 Doha,2,silver,athlete,Lee Bae-young,South Korea,KOR,https://en.wikipedia.org/wiki/List_of_World_Championships_medalists_in_weightlifting_(men)
world_weightlifting_championships,World Weightlifting Championships,2005,2005-12-31,weightlifting,Weightlifting,lightweight,World Weightlifting Championships Men Lightweight total,men,Lightweight,2005 Doha,3,bronze,athlete,Vencelas Dabaya,France,FRA,https://en.wikipedia.org/wiki/List_of_World_Championships_medalists_in_weightlifting_(men)
world_weightlifting_championships,World Weightlifting Championships,2005,2005-12-31,weightlifting,Weightlifting,middle-heavyweight,World Weightlifting Championships Men Middle heavyweight total,men,Middle heavyweight,2005 Doha,1,gold,athlete,Nizami Pashayev,Azerbaijan,AZE,https://en.wikipedia.org/wiki/List_of_World_Championships_medalists_in_weightlifting_(men)
world_weightlifting_championships,World Weightlifting Championships,2005,2005-12-31,weightlifting,Weightlifting,middle-heavyweight,World Weightlifting Championships Men Middle heavyweight total,men,Middle heavyweight,2005 Doha,2,silver,athlete,Mukhamat Sozaev,Russia,RUS,https://en.wikipedia.org/wiki/List_of_World_Championships_medalists_in_weightlifting_(men)
world_weightlifting_championships,World Weightlifting Championships,2005,2005-12-31,weightlifting,Weightlifting,middle-heavyweight,World Weightlifting Championships Men Middle heavyweight total,men,Middle heavyweight,2005 Doha,3,bronze,athlete,Milen Dobrev,Bulgaria,BUL,https://en.wikipedia.org/wiki/List_of_World_Championships_medalists_in_weightlifting_(men)
world_weightlifting_championships,World Weightlifting Championships,2005,2005-12-31,weightlifting,Weightlifting,middleweight,World Weightlifting Championships Men Middleweight total,men,Middleweight,2005 Doha,1,gold,athlete,Li Hongli,China,CHN,https://en.wikipedia.org/wiki/List_of_World_Championships_medalists_in_weightlifting_(men)
world_weightlifting_championships,World Weightlifting Championships,2005,2005-12-31,weightlifting,Weightlifting,middleweight,World Weightlifting Championships Men Middleweight total,men,Middleweight,2005 Doha,2,silver,athlete,Sebastian Dogariu,Romania,ROU,https://en.wikipedia.org/wiki/List_of_World_Championships_medalists_in_weightlifting_(men)
world_weightlifting_championships,World Weightlifting Championships,2005,2005-12-31,weightlifting,Weightlifting,middleweight,World Weightlifting Championships Men Middleweight total,men,Middleweight,2005 Doha,3,bronze,athlete,Nader Sufyan Abbas,Qatar,QAT,https://en.wikipedia.org/wiki/List_of_World_Championships_medalists_in_weightlifting_(men)
world_weightlifting_championships,World Weightlifting Championships,2005,2005-12-31,weightlifting,Weightlifting,super-heavyweight,World Weightlifting Championships Men Super heavyweight total,men,Super heavyweight,2005 Doha,1,gold,athlete,Hossein Rezazadeh,Iran,IRI,https://en.wikipedia.org/wiki/List_of_World_Championships_medalists_in_weightlifting_(men)
world_weightlifting_championships,World Weightlifting Championships,2005,2005-12-31,weightlifting,Weightlifting,super-heavyweight,World Weightlifting Championships Men Super heavyweight total,men,Super heavyweight,2005 Doha,2,silver,athlete,Evgeny Chigishev,Russia,RUS,https://en.wikipedia.org/wiki/List_of_World_Championships_medalists_in_weightlifting_(men)
world_weightlifting_championships,World Weightlifting Championships,2005,2005-12-31,weightlifting,Weightlifting,super-heavyweight,World Weightlifting Championships Men Super heavyweight total,men,Super heavyweight,2005 Doha,3,bronze,athlete,Jaber Saeed Salem,Qatar,QAT,https://en.wikipedia.org/wiki/List_of_World_Championships_medalists_in_weightlifting_(men)
world_weightlifting_championships,World Weightlifting Championships,2005,2005-12-31,weightlifting,Weightlifting,bantamweight,World Weightlifting Championships Women Bantamweight total,women,Bantamweight,2005 Doha,1,gold,athlete,Wang Mingjuan,China,CHN,https://en.wikipedia.org/wiki/List_of_World_Championships_medalists_in_weightlifting_(women)
world_weightlifting_championships,World Weightlifting Championships,2005,2005-12-31,weightlifting,Weightlifting,bantamweight,World Weightlifting Championships Women Bantamweight total,women,Bantamweight,2005 Doha,2,silver,athlete,Pensiri Saelaw,Thailand,THA,https://en.wikipedia.org/wiki/List_of_World_Championships_medalists_in_weightlifting_(women)
world_weightlifting_championships,World Weightlifting Championships,2005,2005-12-31,weightlifting,Weightlifting,bantamweight,World Weightlifting Championships Women Bantamweight total,women,Bantamweight,2005 Doha,3,bronze,athlete,Aree Wiratthaworn,Thailand,THA,https://en.wikipedia.org/wiki/List_of_World_Championships_medalists_in_weightlifting_(women)
world_weightlifting_championships,World Weightlifting Championships,2005,2005-12-31,weightlifting,Weightlifting,featherweight,World Weightlifting Championships Women Featherweight total,women,Featherweight,2005 Doha,1,gold,athlete,Li Ping,China,CHN,https://en.wikipedia.org/wiki/List_of_World_Championships_medalists_in_weightlifting_(women)
world_weightlifting_championships,World Weightlifting Championships,2005,2005-12-31,weightlifting,Weightlifting,featherweight,World Weightlifting Championships Women Featherweight total,women,Featherweight,2005 Doha,2,silver,athlete,Junpim Kuntatean,Thailand,THA,https://en.wikipedia.org/wiki/List_of_World_Championships_medalists_in_weightlifting_(women)
world_weightlifting_championships,World Weightlifting Championships,2005,2005-12-31,weightlifting,Weightlifting,featherweight,World Weightlifting Championships Women Featherweight total,women,Featherweight,2005 Doha,3,bronze,athlete,Yuderqui Contreras,Dominican Republic,DOM,https://en.wikipedia.org/wiki/List_of_World_Championships_medalists_in_weightlifting_(women)
world_weightlifting_championships,World Weightlifting Championships,2005,2005-12-31,weightlifting,Weightlifting,light-heavyweight,World Weightlifting Championships Women Light heavyweight total,women,Light heavyweight,2005 Doha,1,gold,athlete,Zarema Kasaeva,Russia,RUS,https://en.wikipedia.org/wiki/List_of_World_Championships_medalists_in_weightlifting_(women)
world_weightlifting_championships,World Weightlifting Championships,2005,2005-12-31,weightlifting,Weightlifting,light-heavyweight,World Weightlifting Championships Women Light heavyweight total,women,Light heavyweight,2005 Doha,2,silver,athlete,Liu Haixia,China,CHN,https://en.wikipedia.org/wiki/List_of_World_Championships_medalists_in_weightlifting_(women)
world_weightlifting_championships,World Weightlifting Championships,2005,2005-12-31,weightlifting,Weightlifting,light-heavyweight,World Weightlifting Championships Women Light heavyweight total,women,Light heavyweight,2005 Doha,3,bronze,athlete,Olga Kiseleva,Russia,RUS,https://en.wikipedia.org/wiki/List_of_World_Championships_medalists_in_weightlifting_(women)
world_weightlifting_championships,World Weightlifting Championships,2005,2005-12-31,weightlifting,Weightlifting,lightweight,World Weightlifting Championships Women Lightweight total,women,Lightweight,2005 Doha,1,gold,athlete,Gu Wei,China,CHN,https://en.wikipedia.org/wiki/List_of_World_Championships_medalists_in_weightlifting_(women)
world_weightlifting_championships,World Weightlifting Championships,2005,2005-12-31,weightlifting,Weightlifting,lightweight,World Weightlifting Championships Women Lightweight total,women,Lightweight,2005 Doha,2,silver,athlete,Wandee Kameaim,Thailand,THA,https://en.wikipedia.org/wiki/List_of_World_Championships_medalists_in_weightlifting_(women)
world_weightlifting_championships,World Weightlifting Championships,2005,2005-12-31,weightlifting,Weightlifting,lightweight,World Weightlifting Championships Women Lightweight total,women,Lightweight,2005 Doha,3,bronze,athlete,Marina Shainova,Russia,RUS,https://en.wikipedia.org/wiki/List_of_World_Championships_medalists_in_weightlifting_(women)
world_weightlifting_championships,World Weightlifting Championships,2005,2005-12-31,weightlifting,Weightlifting,middle-heavyweight,World Weightlifting Championships Women Middle heavyweight total,women,Middle heavyweight,2005 Doha,1,gold,athlete,Liu Chunhong,China,CHN,https://en.wikipedia.org/wiki/List_of_World_Championships_medalists_in_weightlifting_(women)
world_weightlifting_championships,World Weightlifting Championships,2005,2005-12-31,weightlifting,Weightlifting,middle-heavyweight,World Weightlifting Championships Women Middle heavyweight total,women,Middle heavyweight,2005 Doha,2,silver,athlete,Natalya Zabolotnaya,Russia,RUS,https://en.wikipedia.org/wiki/List_of_World_Championships_medalists_in_weightlifting_(women)
world_weightlifting_championships,World Weightlifting Championships,2005,2005-12-31,weightlifting,Weightlifting,middle-heavyweight,World Weightlifting Championships Women Middle heavyweight total,women,Middle heavyweight,2005 Doha,3,bronze,athlete,Svetlana Podobedova,Russia,RUS,https://en.wikipedia.org/wiki/List_of_World_Championships_medalists_in_weightlifting_(women)
world_weightlifting_championships,World Weightlifting Championships,2005,2005-12-31,weightlifting,Weightlifting,middleweight,World Weightlifting Championships Women Middleweight total,women,Middleweight,2005 Doha,1,gold,athlete,Pawina Thongsuk,Thailand,THA,https://en.wikipedia.org/wiki/List_of_World_Championships_medalists_in_weightlifting_(women)
world_weightlifting_championships,World Weightlifting Championships,2005,2005-12-31,weightlifting,Weightlifting,middleweight,World Weightlifting Championships Women Middleweight total,women,Middleweight,2005 Doha,2,silver,athlete,Svetlana Shimkova,Russia,RUS,https://en.wikipedia.org/wiki/List_of_World_Championships_medalists_in_weightlifting_(women)
world_weightlifting_championships,World Weightlifting Championships,2005,2005-12-31,weightlifting,Weightlifting,middleweight,World Weightlifting Championships Women Middleweight total,women,Middleweight,2005 Doha,3,bronze,athlete,Liu Xia,China,CHN,https://en.wikipedia.org/wiki/List_of_World_Championships_medalists_in_weightlifting_(women)
world_weightlifting_championships,World Weightlifting Championships,2005,2005-12-31,weightlifting,Weightlifting,super-heavyweight,World Weightlifting Championships Women Super heavyweight total,women,Super heavyweight,2005 Doha,1,gold,athlete,Jang Mi-ran,South Korea,KOR,https://en.wikipedia.org/wiki/List_of_World_Championships_medalists_in_weightlifting_(women)
world_weightlifting_championships,World Weightlifting Championships,2005,2005-12-31,weightlifting,Weightlifting,super-heavyweight,World Weightlifting Championships Women Super heavyweight total,women,Super heavyweight,2005 Doha,2,silver,athlete,Mu Shuangshuang,China,CHN,https://en.wikipedia.org/wiki/List_of_World_Championships_medalists_in_weightlifting_(women)
world_weightlifting_championships,World Weightlifting Championships,2005,2005-12-31,weightlifting,Weightlifting,super-heavyweight,World Weightlifting Championships Women Super heavyweight total,women,Super heavyweight,2005 Doha,3,bronze,athlete,Cheryl Haworth,United States,USA,https://en.wikipedia.org/wiki/List_of_World_Championships_medalists_in_weightlifting_(women)
world_weightlifting_championships,World Weightlifting Championships,2006,2006-12-31,weightlifting,Weightlifting,bantamweight,World Weightlifting Championships Men Bantamweight total,men,Bantamweight,2006 Santo Domingo,1,gold,athlete,Li Zheng,China,CHN,https://en.wikipedia.org/wiki/List_of_World_Championships_medalists_in_weightlifting_(men)
world_weightlifting_championships,World Weightlifting Championships,2006,2006-12-31,weightlifting,Weightlifting,bantamweight,World Weightlifting Championships Men Bantamweight total,men,Bantamweight,2006 Santo Domingo,2,silver,athlete,Sergio Álvarez,Cuba,CUB,https://en.wikipedia.org/wiki/List_of_World_Championships_medalists_in_weightlifting_(men)
world_weightlifting_championships,World Weightlifting Championships,2006,2006-12-31,weightlifting,Weightlifting,bantamweight,World Weightlifting Championships Men Bantamweight total,men,Bantamweight,2006 Santo Domingo,3,bronze,athlete,Hoàng Anh Tuấn,Vietnam,VIE,https://en.wikipedia.org/wiki/List_of_World_Championships_medalists_in_weightlifting_(men)
world_weightlifting_championships,World Weightlifting Championships,2006,2006-12-31,weightlifting,Weightlifting,featherweight,World Weightlifting Championships Men Featherweight total,men,Featherweight,2006 Santo Domingo,1,gold,athlete,Qiu Le,China,CHN,https://en.wikipedia.org/wiki/List_of_World_Championships_medalists_in_weightlifting_(men)
world_weightlifting_championships,World Weightlifting Championships,2006,2006-12-31,weightlifting,Weightlifting,featherweight,World Weightlifting Championships Men Featherweight total,men,Featherweight,2006 Santo Domingo,2,silver,athlete,Óscar Figueroa,Colombia,COL,https://en.wikipedia.org/wiki/List_of_World_Championships_medalists_in_weightlifting_(men)
world_weightlifting_championships,World Weightlifting Championships,2006,2006-12-31,weightlifting,Weightlifting,featherweight,World Weightlifting Championships Men Featherweight total,men,Featherweight,2006 Santo Domingo,3,bronze,athlete,Diego Salazar,Colombia,COL,https://en.wikipedia.org/wiki/List_of_World_Championships_medalists_in_weightlifting_(men)
world_weightlifting_championships,World Weightlifting Championships,2006,2006-12-31,weightlifting,Weightlifting,heavyweight,World Weightlifting Championships Men Heavyweight total,men,Heavyweight,2006 Santo Domingo,1,gold,athlete,Marcin Dołęga,Poland,POL,https://en.wikipedia.org/wiki/List_of_World_Championships_medalists_in_weightlifting_(men)
world_weightlifting_championships,World Weightlifting Championships,2006,2006-12-31,weightlifting,Weightlifting,heavyweight,World Weightlifting Championships Men Heavyweight total,men,Heavyweight,2006 Santo Domingo,2,silver,athlete,Dmitry Lapikov,Russia,RUS,https://en.wikipedia.org/wiki/List_of_World_Championships_medalists_in_weightlifting_(men)
world_weightlifting_championships,World Weightlifting Championships,2006,2006-12-31,weightlifting,Weightlifting,heavyweight,World Weightlifting Championships Men Heavyweight total,men,Heavyweight,2006 Santo Domingo,3,bronze,athlete,Dmitry Klokov,Russia,RUS,https://en.wikipedia.org/wiki/List_of_World_Championships_medalists_in_weightlifting_(men)
world_weightlifting_championships,World Weightlifting Championships,2006,2006-12-31,weightlifting,Weightlifting,light-heavyweight,World Weightlifting Championships Men Light heavyweight total,men,Light heavyweight,2006 Santo Domingo,1,gold,athlete,Andrei Rybakou,Belarus,BLR,https://en.wikipedia.org/wiki/List_of_World_Championships_medalists_in_weightlifting_(men)
world_weightlifting_championships,World Weightlifting Championships,2006,2006-12-31,weightlifting,Weightlifting,light-heavyweight,World Weightlifting Championships Men Light heavyweight total,men,Light heavyweight,2006 Santo Domingo,2,silver,athlete,Aslanbek Ediev,Russia,RUS,https://en.wikipedia.org/wiki/List_of_World_Championships_medalists_in_weightlifting_(men)
world_weightlifting_championships,World Weightlifting Championships,2006,2006-12-31,weightlifting,Weightlifting,light-heavyweight,World Weightlifting Championships Men Light heavyweight total,men,Light heavyweight,2006 Santo Domingo,3,bronze,athlete,Tigran Martirosyan,Armenia,ARM,https://en.wikipedia.org/wiki/List_of_World_Championships_medalists_in_weightlifting_(men)
world_weightlifting_championships,World Weightlifting Championships,2006,2006-12-31,weightlifting,Weightlifting,lightweight,World Weightlifting Championships Men Lightweight total,men,Lightweight,2006 Santo Domingo,1,gold,athlete,Vencelas Dabaya,France,FRA,https://en.wikipedia.org/wiki/List_of_World_Championships_medalists_in_weightlifting_(men)
world_weightlifting_championships,World Weightlifting Championships,2006,2006-12-31,weightlifting,Weightlifting,lightweight,World Weightlifting Championships Men Lightweight total,men,Lightweight,2006 Santo Domingo,2,silver,athlete,Shi Zhiyong,China,CHN,https://en.wikipedia.org/wiki/List_of_World_Championships_medalists_in_weightlifting_(men)
world_weightlifting_championships,World Weightlifting Championships,2006,2006-12-31,weightlifting,Weightlifting,lightweight,World Weightlifting Championships Men Lightweight total,men,Lightweight,2006 Santo Domingo,3,bronze,athlete,Demir Demirev,Bulgaria,BUL,https://en.wikipedia.org/wiki/List_of_World_Championships_medalists_in_weightlifting_(men)
world_weightlifting_championships,World Weightlifting Championships,2006,2006-12-31,weightlifting,Weightlifting,middle-heavyweight,World Weightlifting Championships Men Middle heavyweight total,men,Middle heavyweight,2006 Santo Domingo,1,gold,athlete,Ilya Ilyin,Kazakhstan,KAZ,https://en.wikipedia.org/wiki/List_of_World_Championships_medalists_in_weightlifting_(men)
world_weightlifting_championships,World Weightlifting Championships,2006,2006-12-31,weightlifting,Weightlifting,middle-heavyweight,World Weightlifting Championships Men Middle heavyweight total,men,Middle heavyweight,2006 Santo Domingo,2,silver,athlete,Szymon Kołecki,Poland,POL,https://en.wikipedia.org/wiki/List_of_World_Championships_medalists_in_weightlifting_(men)
world_weightlifting_championships,World Weightlifting Championships,2006,2006-12-31,weightlifting,Weightlifting,middle-heavyweight,World Weightlifting Championships Men Middle heavyweight total,men,Middle heavyweight,2006 Santo Domingo,3,bronze,athlete,Roman Konstantinov,Russia,RUS,https://en.wikipedia.org/wiki/List_of_World_Championships_medalists_in_weightlifting_(men)
world_weightlifting_championships,World Weightlifting Championships,2006,2006-12-31,weightlifting,Weightlifting,middleweight,World Weightlifting Championships Men Middleweight total,men,Middleweight,2006 Santo Domingo,1,gold,athlete,Taner Sağır,Türkiye,TUR,https://en.wikipedia.org/wiki/List_of_World_Championships_medalists_in_weightlifting_(men)
world_weightlifting_championships,World Weightlifting Championships,2006,2006-12-31,weightlifting,Weightlifting,middleweight,World Weightlifting Championships Men Middleweight total,men,Middleweight,2006 Santo Domingo,2,silver,athlete,Li Hongli,China,CHN,https://en.wikipedia.org/wiki/List_of_World_Championships_medalists_in_weightlifting_(men)
world_weightlifting_championships,World Weightlifting Championships,2006,2006-12-31,weightlifting,Weightlifting,middleweight,World Weightlifting Championships Men Middleweight total,men,Middleweight,2006 Santo Domingo,3,bronze,athlete,Ara Khachatryan,Armenia,ARM,https://en.wikipedia.org/wiki/List_of_World_Championships_medalists_in_weightlifting_(men)
world_weightlifting_championships,World Weightlifting Championships,2006,2006-12-31,weightlifting,Weightlifting,super-heavyweight,World Weightlifting Championships Men Super heavyweight total,men,Super heavyweight,2006 Santo Domingo,1,gold,athlete,Hossein Rezazadeh,Iran,IRI,https://en.wikipedia.org/wiki/List_of_World_Championships_medalists_in_weightlifting_(men)
world_weightlifting_championships,World Weightlifting Championships,2006,2006-12-31,weightlifting,Weightlifting,super-heavyweight,World Weightlifting Championships Men Super heavyweight total,men,Super heavyweight,2006 Santo Domingo,2,silver,athlete,Artem Udachyn,Ukraine,UKR,https://en.wikipedia.org/wiki/List_of_World_Championships_medalists_in_weightlifting_(men)
world_weightlifting_championships,World Weightlifting Championships,2006,2006-12-31,weightlifting,Weightlifting,super-heavyweight,World Weightlifting Championships Men Super heavyweight total,men,Super heavyweight,2006 Santo Domingo,3,bronze,athlete,Dong Feng,China,CHN,https://en.wikipedia.org/wiki/List_of_World_Championships_medalists_in_weightlifting_(men)
world_weightlifting_championships,World Weightlifting Championships,2006,2006-12-31,weightlifting,Weightlifting,bantamweight,World Weightlifting Championships Women Bantamweight total,women,Bantamweight,2006 Santo Domingo,1,gold,athlete,Yang Lian,China,CHN,https://en.wikipedia.org/wiki/List_of_World_Championships_medalists_in_weightlifting_(women)
world_weightlifting_championships,World Weightlifting Championships,2006,2006-12-31,weightlifting,Weightlifting,bantamweight,World Weightlifting Championships Women Bantamweight total,women,Bantamweight,2006 Santo Domingo,2,silver,athlete,Aree Wiratthaworn,Thailand,THA,https://en.wikipedia.org/wiki/List_of_World_Championships_medalists_in_weightlifting_(women)
world_weightlifting_championships,World Weightlifting Championships,2006,2006-12-31,weightlifting,Weightlifting,bantamweight,World Weightlifting Championships Women Bantamweight total,women,Bantamweight,2006 Santo Domingo,3,bronze,athlete,Hiromi Miyake,Japan,JPN,https://en.wikipedia.org/wiki/List_of_World_Championships_medalists_in_weightlifting_(women)
world_weightlifting_championships,World Weightlifting Championships,2006,2006-12-31,weightlifting,Weightlifting,featherweight,World Weightlifting Championships Women Featherweight total,women,Featherweight,2006 Santo Domingo,1,gold,athlete,Qiu Hongxia,China,CHN,https://en.wikipedia.org/wiki/List_of_World_Championships_medalists_in_weightlifting_(women)
world_weightlifting_championships,World Weightlifting Championships,2006,2006-12-31,weightlifting,Weightlifting,featherweight,World Weightlifting Championships Women Featherweight total,women,Featherweight,2006 Santo Domingo,2,silver,athlete,Raema Lisa Rumbewas,Indonesia,INA,https://en.wikipedia.org/wiki/List_of_World_Championships_medalists_in_weightlifting_(women)
world_weightlifting_championships,World Weightlifting Championships,2006,2006-12-31,weightlifting,Weightlifting,featherweight,World Weightlifting Championships Women Featherweight total,women,Featherweight,2006 Santo Domingo,3,bronze,athlete,Suda Chaleephay,Thailand,THA,https://en.wikipedia.org/wiki/List_of_World_Championships_medalists_in_weightlifting_(women)
world_weightlifting_championships,World Weightlifting Championships,2006,2006-12-31,weightlifting,Weightlifting,light-heavyweight,World Weightlifting Championships Women Light heavyweight total,women,Light heavyweight,2006 Santo Domingo,1,gold,athlete,Oxana Slivenko,Russia,RUS,https://en.wikipedia.org/wiki/List_of_World_Championships_medalists_in_weightlifting_(women)
world_weightlifting_championships,World Weightlifting Championships,2006,2006-12-31,weightlifting,Weightlifting,light-heavyweight,World Weightlifting Championships Women Light heavyweight total,women,Light heavyweight,2006 Santo Domingo,2,silver,athlete,Tatiana Matveeva,Russia,RUS,https://en.wikipedia.org/wiki/List_of_World_Championships_medalists_in_weightlifting_(women)
world_weightlifting_championships,World Weightlifting Championships,2006,2006-12-31,weightlifting,Weightlifting,light-heavyweight,World Weightlifting Championships Women Light heavyweight total,women,Light heavyweight,2006 Santo Domingo,3,bronze,athlete,Jeane Lassen,Canada,CAN,https://en.wikipedia.org/wiki/List_of_World_Championships_medalists_in_weightlifting_(women)
world_weightlifting_championships,World Weightlifting Championships,2006,2006-12-31,weightlifting,Weightlifting,lightweight,World Weightlifting Championships Women Lightweight total,women,Lightweight,2006 Santo Domingo,1,gold,athlete,Qiu Hongmei,China,CHN,https://en.wikipedia.org/wiki/List_of_World_Championships_medalists_in_weightlifting_(women)
world_weightlifting_championships,World Weightlifting Championships,2006,2006-12-31,weightlifting,Weightlifting,lightweight,World Weightlifting Championships Women Lightweight total,women,Lightweight,2006 Santo Domingo,2,silver,athlete,Svetlana Tsarukaeva,Russia,RUS,https://en.wikipedia.org/wiki/List_of_World_Championships_medalists_in_weightlifting_(women)
world_weightlifting_championships,World Weightlifting Championships,2006,2006-12-31,weightlifting,Weightlifting,lightweight,World Weightlifting Championships Women Lightweight total,women,Lightweight,2006 Santo Domingo,3,bronze,athlete,Wandee Kameaim,Thailand,THA,https://en.wikipedia.org/wiki/List_of_World_Championships_medalists_in_weightlifting_(women)
world_weightlifting_championships,World Weightlifting Championships,2006,2006-12-31,weightlifting,Weightlifting,middle-heavyweight,World Weightlifting Championships Women Middle heavyweight total,women,Middle heavyweight,2006 Santo Domingo,1,gold,athlete,Cao Lei,China,CHN,https://en.wikipedia.org/wiki/List_of_World_Championships_medalists_in_weightlifting_(women)
world_weightlifting_championships,World Weightlifting Championships,2006,2006-12-31,weightlifting,Weightlifting,middle-heavyweight,World Weightlifting Championships Women Middle heavyweight total,women,Middle heavyweight,2006 Santo Domingo,2,silver,athlete,Nadezhda Evstyukhina,Russia,RUS,https://en.wikipedia.org/wiki/List_of_World_Championships_medalists_in_weightlifting_(women)
world_weightlifting_championships,World Weightlifting Championships,2006,2006-12-31,weightlifting,Weightlifting,middle-heavyweight,World Weightlifting Championships Women Middle heavyweight total,women,Middle heavyweight,2006 Santo Domingo,3,bronze,athlete,Zarema Kasaeva,Russia,RUS,https://en.wikipedia.org/wiki/List_of_World_Championships_medalists_in_weightlifting_(women)
world_weightlifting_championships,World Weightlifting Championships,2006,2006-12-31,weightlifting,Weightlifting,middleweight,World Weightlifting Championships Women Middleweight total,women,Middleweight,2006 Santo Domingo,1,gold,athlete,Ouyang Xiaofang,China,CHN,https://en.wikipedia.org/wiki/List_of_World_Championships_medalists_in_weightlifting_(women)
world_weightlifting_championships,World Weightlifting Championships,2006,2006-12-31,weightlifting,Weightlifting,middleweight,World Weightlifting Championships Women Middleweight total,women,Middleweight,2006 Santo Domingo,2,silver,athlete,Svetlana Shimkova,Russia,RUS,https://en.wikipedia.org/wiki/List_of_World_Championships_medalists_in_weightlifting_(women)
world_weightlifting_championships,World Weightlifting Championships,2006,2006-12-31,weightlifting,Weightlifting,middleweight,World Weightlifting Championships Women Middleweight total,women,Middleweight,2006 Santo Domingo,3,bronze,athlete,Meline Daluzyan,Armenia,ARM,https://en.wikipedia.org/wiki/List_of_World_Championships_medalists_in_weightlifting_(women)
world_weightlifting_championships,World Weightlifting Championships,2006,2006-12-31,weightlifting,Weightlifting,super-heavyweight,World Weightlifting Championships Women Super heavyweight total,women,Super heavyweight,2006 Santo Domingo,1,gold,athlete,Jang Mi-ran,South Korea,KOR,https://en.wikipedia.org/wiki/List_of_World_Championships_medalists_in_weightlifting_(women)
world_weightlifting_championships,World Weightlifting Championships,2006,2006-12-31,weightlifting,Weightlifting,super-heavyweight,World Weightlifting Championships Women Super heavyweight total,women,Super heavyweight,2006 Santo Domingo,2,silver,athlete,Mu Shuangshuang,China,CHN,https://en.wikipedia.org/wiki/List_of_World_Championships_medalists_in_weightlifting_(women)
world_weightlifting_championships,World Weightlifting Championships,2006,2006-12-31,weightlifting,Weightlifting,super-heavyweight,World Weightlifting Championships Women Super heavyweight total,women,Super heavyweight,2006 Santo Domingo,3,bronze,athlete,Olha Korobka,Ukraine,UKR,https://en.wikipedia.org/wiki/List_of_World_Championships_medalists_in_weightlifting_(women)
world_weightlifting_championships,World Weightlifting Championships,2007,2007-12-31,weightlifting,Weightlifting,bantamweight,World Weightlifting Championships Men Bantamweight total,men,Bantamweight,2007 Chiang Mai,1,gold,athlete,Cha Kum-chol,North Korea,PRK,https://en.wikipedia.org/wiki/List_of_World_Championships_medalists_in_weightlifting_(men)
world_weightlifting_championships,World Weightlifting Championships,2007,2007-12-31,weightlifting,Weightlifting,bantamweight,World Weightlifting Championships Men Bantamweight total,men,Bantamweight,2007 Chiang Mai,2,silver,athlete,Li Zheng,China,CHN,https://en.wikipedia.org/wiki/List_of_World_Championships_medalists_in_weightlifting_(men)
world_weightlifting_championships,World Weightlifting Championships,2007,2007-12-31,weightlifting,Weightlifting,bantamweight,World Weightlifting Championships Men Bantamweight total,men,Bantamweight,2007 Chiang Mai,3,bronze,athlete,Eko Yuli Irawan,Indonesia,INA,https://en.wikipedia.org/wiki/List_of_World_Championships_medalists_in_weightlifting_(men)
world_weightlifting_championships,World Weightlifting Championships,2007,2007-12-31,weightlifting,Weightlifting,featherweight,World Weightlifting Championships Men Featherweight total,men,Featherweight,2007 Chiang Mai,1,gold,athlete,Yang Fan,China,CHN,https://en.wikipedia.org/wiki/List_of_World_Championships_medalists_in_weightlifting_(men)
world_weightlifting_championships,World Weightlifting Championships,2007,2007-12-31,weightlifting,Weightlifting,featherweight,World Weightlifting Championships Men Featherweight total,men,Featherweight,2007 Chiang Mai,2,silver,athlete,Im Yong-su,North Korea,PRK,https://en.wikipedia.org/wiki/List_of_World_Championships_medalists_in_weightlifting_(men)
world_weightlifting_championships,World Weightlifting Championships,2007,2007-12-31,weightlifting,Weightlifting,featherweight,World Weightlifting Championships Men Featherweight total,men,Featherweight,2007 Chiang Mai,3,bronze,athlete,Ivaylo Filev,Bulgaria,BUL,https://en.wikipedia.org/wiki/List_of_World_Championships_medalists_in_weightlifting_(men)
world_weightlifting_championships,World Weightlifting Championships,2007,2007-12-31,weightlifting,Weightlifting,heavyweight,World Weightlifting Championships Men Heavyweight total,men,Heavyweight,2007 Chiang Mai,1,gold,athlete,Andrei Aramnau,Belarus,BLR,https://en.wikipedia.org/wiki/List_of_World_Championships_medalists_in_weightlifting_(men)
world_weightlifting_championships,World Weightlifting Championships,2007,2007-12-31,weightlifting,Weightlifting,heavyweight,World Weightlifting Championships Men Heavyweight total,men,Heavyweight,2007 Chiang Mai,2,silver,athlete,Alan Tsagaev,Bulgaria,BUL,https://en.wikipedia.org/wiki/List_of_World_Championships_medalists_in_weightlifting_(men)
world_weightlifting_championships,World Weightlifting Championships,2007,2007-12-31,weightlifting,Weightlifting,heavyweight,World Weightlifting Championships Men Heavyweight total,men,Heavyweight,2007 Chiang Mai,3,bronze,athlete,Dmitry Klokov,Russia,RUS,https://en.wikipedia.org/wiki/List_of_World_Championships_medalists_in_weightlifting_(men)
world_weightlifting_championships,World Weightlifting Championships,2007,2007-12-31,weightlifting,Weightlifting,light-heavyweight,World Weightlifting Championships Men Light heavyweight total,men,Light heavyweight,2007 Chiang Mai,1,gold,athlete,Andrei Rybakou,Belarus,BLR,https://en.wikipedia.org/wiki/List_of_World_Championships_medalists_in_weightlifting_(men)
world_weightlifting_championships,World Weightlifting Championships,2007,2007-12-31,weightlifting,Weightlifting,light-heavyweight,World Weightlifting Championships Men Light heavyweight total,men,Light heavyweight,2007 Chiang Mai,2,silver,athlete,Aslanbek Ediev,Russia,RUS,https://en.wikipedia.org/wiki/List_of_World_Championships_medalists_in_weightlifting_(men)
world_weightlifting_championships,World Weightlifting Championships,2007,2007-12-31,weightlifting,Weightlifting,light-heavyweight,World Weightlifting Championships Men Light heavyweight total,men,Light heavyweight,2007 Chiang Mai,3,bronze,athlete,Vadzim Straltsou,Belarus,BLR,https://en.wikipedia.org/wiki/List_of_World_Championships_medalists_in_weightlifting_(men)
world_weightlifting_championships,World Weightlifting Championships,2007,2007-12-31,weightlifting,Weightlifting,lightweight,World Weightlifting Championships Men Lightweight total,men,Lightweight,2007 Chiang Mai,1,gold,athlete,Zhang Guozheng,China,CHN,https://en.wikipedia.org/wiki/List_of_World_Championships_medalists_in_weightlifting_(men)
world_weightlifting_championships,World Weightlifting Championships,2007,2007-12-31,weightlifting,Weightlifting,lightweight,World Weightlifting Championships Men Lightweight total,men,Lightweight,2007 Chiang Mai,2,silver,athlete,Shi Zhiyong,China,CHN,https://en.wikipedia.org/wiki/List_of_World_Championships_medalists_in_weightlifting_(men)
world_weightlifting_championships,World Weightlifting Championships,2007,2007-12-31,weightlifting,Weightlifting,lightweight,World Weightlifting Championships Men Lightweight total,men,Lightweight,2007 Chiang Mai,3,bronze,athlete,Demir Demirev,Bulgaria,BUL,https://en.wikipedia.org/wiki/List_of_World_Championships_medalists_in_weightlifting_(men)
world_weightlifting_championships,World Weightlifting Championships,2007,2007-12-31,weightlifting,Weightlifting,middle-heavyweight,World Weightlifting Championships Men Middle heavyweight total,men,Middle heavyweight,2007 Chiang Mai,1,gold,athlete,Roman Konstantinov,Russia,RUS,https://en.wikipedia.org/wiki/List_of_World_Championships_medalists_in_weightlifting_(men)
world_weightlifting_championships,World Weightlifting Championships,2007,2007-12-31,weightlifting,Weightlifting,middle-heavyweight,World Weightlifting Championships Men Middle heavyweight total,men,Middle heavyweight,2007 Chiang Mai,2,silver,athlete,Yoandry Hernández,Cuba,CUB,https://en.wikipedia.org/wiki/List_of_World_Championships_medalists_in_weightlifting_(men)
world_weightlifting_championships,World Weightlifting Championships,2007,2007-12-31,weightlifting,Weightlifting,middle-heavyweight,World Weightlifting Championships Men Middle heavyweight total,men,Middle heavyweight,2007 Chiang Mai,3,bronze,athlete,Szymon Kołecki,Poland,POL,https://en.wikipedia.org/wiki/List_of_World_Championships_medalists_in_weightlifting_(men)
world_weightlifting_championships,World Weightlifting Championships,2007,2007-12-31,weightlifting,Weightlifting,middleweight,World Weightlifting Championships Men Middleweight total,men,Middleweight,2007 Chiang Mai,1,gold,athlete,Ivan Stoitsov,Bulgaria,BUL,https://en.wikipedia.org/wiki/List_of_World_Championships_medalists_in_weightlifting_(men)
world_weightlifting_championships,World Weightlifting Championships,2007,2007-12-31,weightlifting,Weightlifting,middleweight,World Weightlifting Championships Men Middleweight total,men,Middleweight,2007 Chiang Mai,2,silver,athlete,Gevorg Davtyan,Armenia,ARM,https://en.wikipedia.org/wiki/List_of_World_Championships_medalists_in_weightlifting_(men)
world_weightlifting_championships,World Weightlifting Championships,2007,2007-12-31,weightlifting,Weightlifting,middleweight,World Weightlifting Championships Men Middleweight total,men,Middleweight,2007 Chiang Mai,3,bronze,athlete,Li Hongli,China,CHN,https://en.wikipedia.org/wiki/List_of_World_Championships_medalists_in_weightlifting_(men)
world_weightlifting_championships,World Weightlifting Championships,2007,2007-12-31,weightlifting,Weightlifting,super-heavyweight,World Weightlifting Championships Men Super heavyweight total,men,Super heavyweight,2007 Chiang Mai,1,gold,athlete,Viktors Ščerbatihs,Latvia,LAT,https://en.wikipedia.org/wiki/List_of_World_Championships_medalists_in_weightlifting_(men)
world_weightlifting_championships,World Weightlifting Championships,2007,2007-12-31,weightlifting,Weightlifting,super-heavyweight,World Weightlifting Championships Men Super heavyweight total,men,Super heavyweight,2007 Chiang Mai,2,silver,athlete,Evgeny Chigishev,Russia,RUS,https://en.wikipedia.org/wiki/List_of_World_Championships_medalists_in_weightlifting_(men)
world_weightlifting_championships,World Weightlifting Championships,2007,2007-12-31,weightlifting,Weightlifting,super-heavyweight,World Weightlifting Championships Men Super heavyweight total,men,Super heavyweight,2007 Chiang Mai,3,bronze,athlete,Jaber Saeed Salem,Qatar,QAT,https://en.wikipedia.org/wiki/List_of_World_Championships_medalists_in_weightlifting_(men)
world_weightlifting_championships,World Weightlifting Championships,2007,2007-12-31,weightlifting,Weightlifting,bantamweight,World Weightlifting Championships Women Bantamweight total,women,Bantamweight,2007 Chiang Mai,1,gold,athlete,Chen Xiexia,China,CHN,https://en.wikipedia.org/wiki/List_of_World_Championships_medalists_in_weightlifting_(women)
world_weightlifting_championships,World Weightlifting Championships,2007,2007-12-31,weightlifting,Weightlifting,bantamweight,World Weightlifting Championships Women Bantamweight total,women,Bantamweight,2007 Chiang Mai,2,silver,athlete,Pramsiri Bunphithak,Thailand,THA,https://en.wikipedia.org/wiki/List_of_World_Championships_medalists_in_weightlifting_(women)
world_weightlifting_championships,World Weightlifting Championships,2007,2007-12-31,weightlifting,Weightlifting,bantamweight,World Weightlifting Championships Women Bantamweight total,women,Bantamweight,2007 Chiang Mai,3,bronze,athlete,Pensiri Laosirikul,Thailand,THA,https://en.wikipedia.org/wiki/List_of_World_Championships_medalists_in_weightlifting_(women)
world_weightlifting_championships,World Weightlifting Championships,2007,2007-12-31,weightlifting,Weightlifting,featherweight,World Weightlifting Championships Women Featherweight total,women,Featherweight,2007 Chiang Mai,1,gold,athlete,Li Ping,China,CHN,https://en.wikipedia.org/wiki/List_of_World_Championships_medalists_in_weightlifting_(women)
world_weightlifting_championships,World Weightlifting Championships,2007,2007-12-31,weightlifting,Weightlifting,featherweight,World Weightlifting Championships Women Featherweight total,women,Featherweight,2007 Chiang Mai,2,silver,athlete,Nastassia Novikava,Belarus,BLR,https://en.wikipedia.org/wiki/List_of_World_Championships_medalists_in_weightlifting_(women)
world_weightlifting_championships,World Weightlifting Championships,2007,2007-12-31,weightlifting,Weightlifting,featherweight,World Weightlifting Championships Women Featherweight total,women,Featherweight,2007 Chiang Mai,3,bronze,athlete,Yoon Jin-hee,South Korea,KOR,https://en.wikipedia.org/wiki/List_of_World_Championships_medalists_in_weightlifting_(women)
world_weightlifting_championships,World Weightlifting Championships,2007,2007-12-31,weightlifting,Weightlifting,light-heavyweight,World Weightlifting Championships Women Light heavyweight total,women,Light heavyweight,2007 Chiang Mai,1,gold,athlete,Oxana Slivenko,Russia,RUS,https://en.wikipedia.org/wiki/List_of_World_Championships_medalists_in_weightlifting_(women)
world_weightlifting_championships,World Weightlifting Championships,2007,2007-12-31,weightlifting,Weightlifting,light-heavyweight,World Weightlifting Championships Women Light heavyweight total,women,Light heavyweight,2007 Chiang Mai,2,silver,athlete,Liu Chunhong,China,CHN,https://en.wikipedia.org/wiki/List_of_World_Championships_medalists_in_weightlifting_(women)
world_weightlifting_championships,World Weightlifting Championships,2007,2007-12-31,weightlifting,Weightlifting,light-heavyweight,World Weightlifting Championships Women Light heavyweight total,women,Light heavyweight,2007 Chiang Mai,3,bronze,athlete,Nataliya Davydova,Ukraine,UKR,https://en.wikipedia.org/wiki/List_of_World_Championships_medalists_in_weightlifting_(women)
world_weightlifting_championships,World Weightlifting Championships,2007,2007-12-31,weightlifting,Weightlifting,lightweight,World Weightlifting Championships Women Lightweight total,women,Lightweight,2007 Chiang Mai,1,gold,athlete,Qiu Hongmei,China,CHN,https://en.wikipedia.org/wiki/List_of_World_Championships_medalists_in_weightlifting_(women)
world_weightlifting_championships,World Weightlifting Championships,2007,2007-12-31,weightlifting,Weightlifting,lightweight,World Weightlifting Championships Women Lightweight total,women,Lightweight,2007 Chiang Mai,2,silver,athlete,Marina Shainova,Russia,RUS,https://en.wikipedia.org/wiki/List_of_World_Championships_medalists_in_weightlifting_(women)
world_weightlifting_championships,World Weightlifting Championships,2007,2007-12-31,weightlifting,Weightlifting,lightweight,World Weightlifting Championships Women Lightweight total,women,Lightweight,2007 Chiang Mai,3,bronze,athlete,O Jong-ae,North Korea,PRK,https://en.wikipedia.org/wiki/List_of_World_Championships_medalists_in_weightlifting_(women)
world_weightlifting_championships,World Weightlifting Championships,2007,2007-12-31,weightlifting,Weightlifting,middle-heavyweight,World Weightlifting Championships Women Middle heavyweight total,women,Middle heavyweight,2007 Chiang Mai,1,gold,athlete,Cao Lei,China,CHN,https://en.wikipedia.org/wiki/List_of_World_Championships_medalists_in_weightlifting_(women)
world_weightlifting_championships,World Weightlifting Championships,2007,2007-12-31,weightlifting,Weightlifting,middle-heavyweight,World Weightlifting Championships Women Middle heavyweight total,women,Middle heavyweight,2007 Chiang Mai,2,silver,athlete,Natalya Zabolotnaya,Russia,RUS,https://en.wikipedia.org/wiki/List_of_World_Championships_medalists_in_weightlifting_(women)
world_weightlifting_championships,World Weightlifting Championships,2007,2007-12-31,weightlifting,Weightlifting,middle-heavyweight,World Weightlifting Championships Women Middle heavyweight total,women,Middle heavyweight,2007 Chiang Mai,3,bronze,athlete,Nadezhda Evstyukhina,Russia,RUS,https://en.wikipedia.org/wiki/List_of_World_Championships_medalists_in_weightlifting_(women)
world_weightlifting_championships,World Weightlifting Championships,2007,2007-12-31,weightlifting,Weightlifting,middleweight,World Weightlifting Championships Women Middleweight total,women,Middleweight,2007 Chiang Mai,1,gold,athlete,Liu Haixia,China,CHN,https://en.wikipedia.org/wiki/List_of_World_Championships_medalists_in_weightlifting_(women)
world_weightlifting_championships,World Weightlifting Championships,2007,2007-12-31,weightlifting,Weightlifting,middleweight,World Weightlifting Championships Women Middleweight total,women,Middleweight,2007 Chiang Mai,2,silver,athlete,Svetlana Tsarukaeva,Russia,RUS,https://en.wikipedia.org/wiki/List_of_World_Championships_medalists_in_weightlifting_(women)
world_weightlifting_championships,World Weightlifting Championships,2007,2007-12-31,weightlifting,Weightlifting,middleweight,World Weightlifting Championships Women Middleweight total,women,Middleweight,2007 Chiang Mai,3,bronze,athlete,Pak Hyon-suk,North Korea,PRK,https://en.wikipedia.org/wiki/List_of_World_Championships_medalists_in_weightlifting_(women)
world_weightlifting_championships,World Weightlifting Championships,2007,2007-12-31,weightlifting,Weightlifting,super-heavyweight,World Weightlifting Championships Women Super heavyweight total,women,Super heavyweight,2007 Chiang Mai,1,gold,athlete,Jang Mi-ran,South Korea,KOR,https://en.wikipedia.org/wiki/List_of_World_Championships_medalists_in_weightlifting_(women)
world_weightlifting_championships,World Weightlifting Championships,2007,2007-12-31,weightlifting,Weightlifting,super-heavyweight,World Weightlifting Championships Women Super heavyweight total,women,Super heavyweight,2007 Chiang Mai,2,silver,athlete,Mu Shuangshuang,China,CHN,https://en.wikipedia.org/wiki/List_of_World_Championships_medalists_in_weightlifting_(women)
world_weightlifting_championships,World Weightlifting Championships,2007,2007-12-31,weightlifting,Weightlifting,super-heavyweight,World Weightlifting Championships Women Super heavyweight total,women,Super heavyweight,2007 Chiang Mai,3,bronze,athlete,Olha Korobka,Ukraine,UKR,https://en.wikipedia.org/wiki/List_of_World_Championships_medalists_in_weightlifting_(women)
world_weightlifting_championships,World Weightlifting Championships,2009,2009-12-31,weightlifting,Weightlifting,bantamweight,World Weightlifting Championships Men Bantamweight total,men,Bantamweight,2009 Goyang,1,gold,athlete,Long Qingquan,China,CHN,https://en.wikipedia.org/wiki/List_of_World_Championships_medalists_in_weightlifting_(men)
world_weightlifting_championships,World Weightlifting Championships,2009,2009-12-31,weightlifting,Weightlifting,bantamweight,World Weightlifting Championships Men Bantamweight total,men,Bantamweight,2009 Goyang,2,silver,athlete,Wu Jingbiao,China,CHN,https://en.wikipedia.org/wiki/List_of_World_Championships_medalists_in_weightlifting_(men)
world_weightlifting_championships,World Weightlifting Championships,2009,2009-12-31,weightlifting,Weightlifting,bantamweight,World Weightlifting Championships Men Bantamweight total,men,Bantamweight,2009 Goyang,3,bronze,athlete,Sergio Álvarez,Cuba,CUB,https://en.wikipedia.org/wiki/List_of_World_Championships_medalists_in_weightlifting_(men)
world_weightlifting_championships,World Weightlifting Championships,2009,2009-12-31,weightlifting,Weightlifting,featherweight,World Weightlifting Championships Men Featherweight total,men,Featherweight,2009 Goyang,1,gold,athlete,Ding Jianjun,China,CHN,https://en.wikipedia.org/wiki/List_of_World_Championships_medalists_in_weightlifting_(men)
world_weightlifting_championships,World Weightlifting Championships,2009,2009-12-31,weightlifting,Weightlifting,featherweight,World Weightlifting Championships Men Featherweight total,men,Featherweight,2009 Goyang,2,silver,athlete,Eko Yuli Irawan,Indonesia,INA,https://en.wikipedia.org/wiki/List_of_World_Championships_medalists_in_weightlifting_(men)
world_weightlifting_championships,World Weightlifting Championships,2009,2009-12-31,weightlifting,Weightlifting,featherweight,World Weightlifting Championships Men Featherweight total,men,Featherweight,2009 Goyang,3,bronze,athlete,Yang Fan,China,CHN,https://en.wikipedia.org/wiki/List_of_World_Championships_medalists_in_weightlifting_(men)
world_weightlifting_championships,World Weightlifting Championships,2009,2009-12-31,weightlifting,Weightlifting,heavyweight,World Weightlifting Championships Men Heavyweight total,men,Heavyweight,2009 Goyang,1,gold,athlete,Marcin Dołęga,Poland,POL,https://en.wikipedia.org/wiki/List_of_World_Championships_medalists_in_weightlifting_(men)
world_weightlifting_championships,World Weightlifting Championships,2009,2009-12-31,weightlifting,Weightlifting,heavyweight,World Weightlifting Championships Men Heavyweight total,men,Heavyweight,2009 Goyang,2,silver,athlete,Roman Konstantinov,Russia,RUS,https://en.wikipedia.org/wiki/List_of_World_Championships_medalists_in_weightlifting_(men)
world_weightlifting_championships,World Weightlifting Championships,2009,2009-12-31,weightlifting,Weightlifting,heavyweight,World Weightlifting Championships Men Heavyweight total,men,Heavyweight,2009 Goyang,3,bronze,athlete,Oleksiy Torokhtiy,Ukraine,UKR,https://en.wikipedia.org/wiki/List_of_World_Championships_medalists_in_weightlifting_(men)
world_weightlifting_championships,World Weightlifting Championships,2009,2009-12-31,weightlifting,Weightlifting,light-heavyweight,World Weightlifting Championships Men Light heavyweight total,men,Light heavyweight,2009 Goyang,1,gold,athlete,Lu Yong,China,CHN,https://en.wikipedia.org/wiki/List_of_World_Championships_medalists_in_weightlifting_(men)
world_weightlifting_championships,World Weightlifting Championships,2009,2009-12-31,weightlifting,Weightlifting,light-heavyweight,World Weightlifting Championships Men Light heavyweight total,men,Light heavyweight,2009 Goyang,2,silver,athlete,Siarhei Lahun,Belarus,BLR,https://en.wikipedia.org/wiki/List_of_World_Championships_medalists_in_weightlifting_(men)
world_weightlifting_championships,World Weightlifting Championships,2009,2009-12-31,weightlifting,Weightlifting,light-heavyweight,World Weightlifting Championships Men Light heavyweight total,men,Light heavyweight,2009 Goyang,3,bronze,athlete,Vladimir Kuznetsov,Kazakhstan,KAZ,https://en.wikipedia.org/wiki/List_of_World_Championships_medalists_in_weightlifting_(men)
world_weightlifting_championships,World Weightlifting Championships,2009,2009-12-31,weightlifting,Weightlifting,lightweight,World Weightlifting Championships Men Lightweight total,men,Lightweight,2009 Goyang,1,gold,athlete,Liao Hui,China,CHN,https://en.wikipedia.org/wiki/List_of_World_Championships_medalists_in_weightlifting_(men)
world_weightlifting_championships,World Weightlifting Championships,2009,2009-12-31,weightlifting,Weightlifting,lightweight,World Weightlifting Championships Men Lightweight total,men,Lightweight,2009 Goyang,2,silver,athlete,Arakel Mirzoyan,Armenia,ARM,https://en.wikipedia.org/wiki/List_of_World_Championships_medalists_in_weightlifting_(men)
world_weightlifting_championships,World Weightlifting Championships,2009,2009-12-31,weightlifting,Weightlifting,lightweight,World Weightlifting Championships Men Lightweight total,men,Lightweight,2009 Goyang,3,bronze,athlete,Triyatno,Indonesia,INA,https://en.wikipedia.org/wiki/List_of_World_Championships_medalists_in_weightlifting_(men)
world_weightlifting_championships,World Weightlifting Championships,2009,2009-12-31,weightlifting,Weightlifting,middle-heavyweight,World Weightlifting Championships Men Middle heavyweight total,men,Middle heavyweight,2009 Goyang,1,gold,athlete,Kim Min-jae,South Korea,KOR,https://en.wikipedia.org/wiki/List_of_World_Championships_medalists_in_weightlifting_(men)
world_weightlifting_championships,World Weightlifting Championships,2009,2009-12-31,weightlifting,Weightlifting,middle-heavyweight,World Weightlifting Championships Men Middle heavyweight total,men,Middle heavyweight,2009 Goyang,2,silver,athlete,Kim Seon-jong,South Korea,KOR,https://en.wikipedia.org/wiki/List_of_World_Championships_medalists_in_weightlifting_(men)
world_weightlifting_championships,World Weightlifting Championships,2009,2009-12-31,weightlifting,Weightlifting,middle-heavyweight,World Weightlifting Championships Men Middle heavyweight total,men,Middle heavyweight,2009 Goyang,3,bronze,athlete,Andrey Demanov,Russia,RUS,https://en.wikipedia.org/wiki/List_of_World_Championships_medalists_in_weightlifting_(men)
world_weightlifting_championships,World Weightlifting Championships,2009,2009-12-31,weightlifting,Weightlifting,middleweight,World Weightlifting Championships Men Middleweight total,men,Middleweight,2009 Goyang,1,gold,athlete,Lü Xiaojun,China,CHN,https://en.wikipedia.org/wiki/List_of_World_Championships_medalists_in_weightlifting_(men)
world_weightlifting_championships,World Weightlifting Championships,2009,2009-12-31,weightlifting,Weightlifting,middleweight,World Weightlifting Championships Men Middleweight total,men,Middleweight,2009 Goyang,2,silver,athlete,Tigran Martirosyan,Armenia,ARM,https://en.wikipedia.org/wiki/List_of_World_Championships_medalists_in_weightlifting_(men)
world_weightlifting_championships,World Weightlifting Championships,2009,2009-12-31,weightlifting,Weightlifting,middleweight,World Weightlifting Championships Men Middleweight total,men,Middleweight,2009 Goyang,3,bronze,athlete,Su Dajin,China,CHN,https://en.wikipedia.org/wiki/List_of_World_Championships_medalists_in_weightlifting_(men)
world_weightlifting_championships,World Weightlifting Championships,2009,2009-12-31,weightlifting,Weightlifting,super-heavyweight,World Weightlifting Championships Men Super heavyweight total,men,Super heavyweight,2009 Goyang,1,gold,athlete,An Yong-kwon,South Korea,KOR,https://en.wikipedia.org/wiki/List_of_World_Championships_medalists_in_weightlifting_(men)
world_weightlifting_championships,World Weightlifting Championships,2009,2009-12-31,weightlifting,Weightlifting,super-heavyweight,World Weightlifting Championships Men Super heavyweight total,men,Super heavyweight,2009 Goyang,2,silver,athlete,Artem Udachyn,Ukraine,UKR,https://en.wikipedia.org/wiki/List_of_World_Championships_medalists_in_weightlifting_(men)
world_weightlifting_championships,World Weightlifting Championships,2009,2009-12-31,weightlifting,Weightlifting,super-heavyweight,World Weightlifting Championships Men Super heavyweight total,men,Super heavyweight,2009 Goyang,3,bronze,athlete,Ihor Shymechko,Ukraine,UKR,https://en.wikipedia.org/wiki/List_of_World_Championships_medalists_in_weightlifting_(men)
world_weightlifting_championships,World Weightlifting Championships,2009,2009-12-31,weightlifting,Weightlifting,bantamweight,World Weightlifting Championships Women Bantamweight total,women,Bantamweight,2009 Goyang,1,gold,athlete,Wang Mingjuan,China,CHN,https://en.wikipedia.org/wiki/List_of_World_Championships_medalists_in_weightlifting_(women)
world_weightlifting_championships,World Weightlifting Championships,2009,2009-12-31,weightlifting,Weightlifting,bantamweight,World Weightlifting Championships Women Bantamweight total,women,Bantamweight,2009 Goyang,2,silver,athlete,Sibel Özkan,Türkiye,TUR,https://en.wikipedia.org/wiki/List_of_World_Championships_medalists_in_weightlifting_(women)
world_weightlifting_championships,World Weightlifting Championships,2009,2009-12-31,weightlifting,Weightlifting,bantamweight,World Weightlifting Championships Women Bantamweight total,women,Bantamweight,2009 Goyang,3,bronze,athlete,Chen Wei-ling,Chinese Taipei,TPE,https://en.wikipedia.org/wiki/List_of_World_Championships_medalists_in_weightlifting_(women)
world_weightlifting_championships,World Weightlifting Championships,2009,2009-12-31,weightlifting,Weightlifting,featherweight,World Weightlifting Championships Women Featherweight total,women,Featherweight,2009 Goyang,1,gold,athlete,Zulfiya Chinshanlo,Kazakhstan,KAZ,https://en.wikipedia.org/wiki/List_of_World_Championships_medalists_in_weightlifting_(women)
world_weightlifting_championships,World Weightlifting Championships,2009,2009-12-31,weightlifting,Weightlifting,featherweight,World Weightlifting Championships Women Featherweight total,women,Featherweight,2009 Goyang,2,silver,athlete,Chen Xiaoting,China,CHN,https://en.wikipedia.org/wiki/List_of_World_Championships_medalists_in_weightlifting_(women)
world_weightlifting_championships,World Weightlifting Championships,2009,2009-12-31,weightlifting,Weightlifting,featherweight,World Weightlifting Championships Women Featherweight total,women,Featherweight,2009 Goyang,3,bronze,athlete,Yoon Jin-hee,South Korea,KOR,https://en.wikipedia.org/wiki/List_of_World_Championships_medalists_in_weightlifting_(women)
world_weightlifting_championships,World Weightlifting Championships,2009,2009-12-31,weightlifting,Weightlifting,light-heavyweight,World Weightlifting Championships Women Light heavyweight total,women,Light heavyweight,2009 Goyang,1,gold,athlete,Nazik Avdalyan,Armenia,ARM,https://en.wikipedia.org/wiki/List_of_World_Championships_medalists_in_weightlifting_(women)
world_weightlifting_championships,World Weightlifting Championships,2009,2009-12-31,weightlifting,Weightlifting,light-heavyweight,World Weightlifting Championships Women Light heavyweight total,women,Light heavyweight,2009 Goyang,2,silver,athlete,Oxana Slivenko,Russia,RUS,https://en.wikipedia.org/wiki/List_of_World_Championships_medalists_in_weightlifting_(women)
world_weightlifting_championships,World Weightlifting Championships,2009,2009-12-31,weightlifting,Weightlifting,light-heavyweight,World Weightlifting Championships Women Light heavyweight total,women,Light heavyweight,2009 Goyang,3,bronze,athlete,Zhang Shaoling,Macao,MAC,https://en.wikipedia.org/wiki/List_of_World_Championships_medalists_in_weightlifting_(women)
world_weightlifting_championships,World Weightlifting Championships,2009,2009-12-31,weightlifting,Weightlifting,lightweight,World Weightlifting Championships Women Lightweight total,women,Lightweight,2009 Goyang,1,gold,athlete,Li Xueying,China,CHN,https://en.wikipedia.org/wiki/List_of_World_Championships_medalists_in_weightlifting_(women)
world_weightlifting_championships,World Weightlifting Championships,2009,2009-12-31,weightlifting,Weightlifting,lightweight,World Weightlifting Championships Women Lightweight total,women,Lightweight,2009 Goyang,2,silver,athlete,Nastassia Novikava,Belarus,BLR,https://en.wikipedia.org/wiki/List_of_World_Championships_medalists_in_weightlifting_(women)
world_weightlifting_championships,World Weightlifting Championships,2009,2009-12-31,weightlifting,Weightlifting,lightweight,World Weightlifting Championships Women Lightweight total,women,Lightweight,2009 Goyang,3,bronze,athlete,Yuliya Kalina,Ukraine,UKR,https://en.wikipedia.org/wiki/List_of_World_Championships_medalists_in_weightlifting_(women)
world_weightlifting_championships,World Weightlifting Championships,2009,2009-12-31,weightlifting,Weightlifting,middle-heavyweight,World Weightlifting Championships Women Middle heavyweight total,women,Middle heavyweight,2009 Goyang,1,gold,athlete,Svetlana Podobedova,Kazakhstan,KAZ,https://en.wikipedia.org/wiki/List_of_World_Championships_medalists_in_weightlifting_(women)
world_weightlifting_championships,World Weightlifting Championships,2009,2009-12-31,weightlifting,Weightlifting,middle-heavyweight,World Weightlifting Championships Women Middle heavyweight total,women,Middle heavyweight,2009 Goyang,2,silver,athlete,Cao Lei,China,CHN,https://en.wikipedia.org/wiki/List_of_World_Championships_medalists_in_weightlifting_(women)
world_weightlifting_championships,World Weightlifting Championships,2009,2009-12-31,weightlifting,Weightlifting,middle-heavyweight,World Weightlifting Championships Women Middle heavyweight total,women,Middle heavyweight,2009 Goyang,3,bronze,athlete,Abeer Abdelrahman,Egypt,EGY,https://en.wikipedia.org/wiki/List_of_World_Championships_medalists_in_weightlifting_(women)
world_weightlifting_championships,World Weightlifting Championships,2009,2009-12-31,weightlifting,Weightlifting,middleweight,World Weightlifting Championships Women Middleweight total,women,Middleweight,2009 Goyang,1,gold,athlete,Maiya Maneza,Kazakhstan,KAZ,https://en.wikipedia.org/wiki/List_of_World_Championships_medalists_in_weightlifting_(women)
world_weightlifting_championships,World Weightlifting Championships,2009,2009-12-31,weightlifting,Weightlifting,middleweight,World Weightlifting Championships Women Middleweight total,women,Middleweight,2009 Goyang,2,silver,athlete,Svetlana Tsarukaeva,Russia,RUS,https://en.wikipedia.org/wiki/List_of_World_Championships_medalists_in_weightlifting_(women)
world_weightlifting_championships,World Weightlifting Championships,2009,2009-12-31,weightlifting,Weightlifting,middleweight,World Weightlifting Championships Women Middleweight total,women,Middleweight,2009 Goyang,3,bronze,athlete,Sibel Şimşek,Türkiye,TUR,https://en.wikipedia.org/wiki/List_of_World_Championships_medalists_in_weightlifting_(women)
world_weightlifting_championships,World Weightlifting Championships,2009,2009-12-31,weightlifting,Weightlifting,super-heavyweight,World Weightlifting Championships Women Super heavyweight total,women,Super heavyweight,2009 Goyang,1,gold,athlete,Jang Mi-ran,South Korea,KOR,https://en.wikipedia.org/wiki/List_of_World_Championships_medalists_in_weightlifting_(women)
world_weightlifting_championships,World Weightlifting Championships,2009,2009-12-31,weightlifting,Weightlifting,super-heavyweight,World Weightlifting Championships Women Super heavyweight total,women,Super heavyweight,2009 Goyang,2,silver,athlete,Tatiana Kashirina,Russia,RUS,https://en.wikipedia.org/wiki/List_of_World_Championships_medalists_in_weightlifting_(women)
world_weightlifting_championships,World Weightlifting Championships,2009,2009-12-31,weightlifting,Weightlifting,super-heavyweight,World Weightlifting Championships Women Super heavyweight total,women,Super heavyweight,2009 Goyang,3,bronze,athlete,Meng Suping,China,CHN,https://en.wikipedia.org/wiki/List_of_World_Championships_medalists_in_weightlifting_(women)
world_weightlifting_championships,World Weightlifting Championships,2010,2010-12-31,weightlifting,Weightlifting,bantamweight,World Weightlifting Championships Men Bantamweight total,men,Bantamweight,2010 Antalya,1,gold,athlete,Wu Jingbiao,China,CHN,https://en.wikipedia.org/wiki/List_of_World_Championships_medalists_in_weightlifting_(men)
world_weightlifting_championships,World Weightlifting Championships,2010,2010-12-31,weightlifting,Weightlifting,bantamweight,World Weightlifting Championships Men Bantamweight total,men,Bantamweight,2010 Antalya,2,silver,athlete,Long Qingquan,China,CHN,https://en.wikipedia.org/wiki/List_of_World_Championships_medalists_in_weightlifting_(men)
world_weightlifting_championships,World Weightlifting Championships,2010,2010-12-31,weightlifting,Weightlifting,bantamweight,World Weightlifting Championships Men Bantamweight total,men,Bantamweight,2010 Antalya,3,bronze,athlete,Cha Kum-chol,North Korea,PRK,https://en.wikipedia.org/wiki/List_of_World_Championships_medalists_in_weightlifting_(men)
world_weightlifting_championships,World Weightlifting Championships,2010,2010-12-31,weightlifting,Weightlifting,featherweight,World Weightlifting Championships Men Featherweight total,men,Featherweight,2010 Antalya,1,gold,athlete,Kim Un-guk,North Korea,PRK,https://en.wikipedia.org/wiki/List_of_World_Championships_medalists_in_weightlifting_(men)
world_weightlifting_championships,World Weightlifting Championships,2010,2010-12-31,weightlifting,Weightlifting,featherweight,World Weightlifting Championships Men Featherweight total,men,Featherweight,2010 Antalya,2,silver,athlete,Zhang Jie,China,CHN,https://en.wikipedia.org/wiki/List_of_World_Championships_medalists_in_weightlifting_(men)
world_weightlifting_championships,World Weightlifting Championships,2010,2010-12-31,weightlifting,Weightlifting,featherweight,World Weightlifting Championships Men Featherweight total,men,Featherweight,2010 Antalya,3,bronze,athlete,Erol Bilgin,Türkiye,TUR,https://en.wikipedia.org/wiki/List_of_World_Championships_medalists_in_weightlifting_(men)
world_weightlifting_championships,World Weightlifting Championships,2010,2010-12-31,weightlifting,Weightlifting,heavyweight,World Weightlifting Championships Men Heavyweight total,men,Heavyweight,2010 Antalya,1,gold,athlete,Marcin Dołęga,Poland,POL,https://en.wikipedia.org/wiki/List_of_World_Championships_medalists_in_weightlifting_(men)
world_weightlifting_championships,World Weightlifting Championships,2010,2010-12-31,weightlifting,Weightlifting,heavyweight,World Weightlifting Championships Men Heavyweight total,men,Heavyweight,2010 Antalya,2,silver,athlete,Dmitry Klokov,Russia,RUS,https://en.wikipedia.org/wiki/List_of_World_Championships_medalists_in_weightlifting_(men)
world_weightlifting_championships,World Weightlifting Championships,2010,2010-12-31,weightlifting,Weightlifting,heavyweight,World Weightlifting Championships Men Heavyweight total,men,Heavyweight,2010 Antalya,3,bronze,athlete,Vladimir Smorchkov,Russia,RUS,https://en.wikipedia.org/wiki/List_of_World_Championships_medalists_in_weightlifting_(men)
world_weightlifting_championships,World Weightlifting Championships,2010,2010-12-31,weightlifting,Weightlifting,light-heavyweight,World Weightlifting Championships Men Light heavyweight total,men,Light heavyweight,2010 Antalya,1,gold,athlete,Adrian Zieliński,Poland,POL,https://en.wikipedia.org/wiki/List_of_World_Championships_medalists_in_weightlifting_(men)
world_weightlifting_championships,World Weightlifting Championships,2010,2010-12-31,weightlifting,Weightlifting,light-heavyweight,World Weightlifting Championships Men Light heavyweight total,men,Light heavyweight,2010 Antalya,2,silver,athlete,Aleksey Yufkin,Russia,RUS,https://en.wikipedia.org/wiki/List_of_World_Championships_medalists_in_weightlifting_(men)
world_weightlifting_championships,World Weightlifting Championships,2010,2010-12-31,weightlifting,Weightlifting,light-heavyweight,World Weightlifting Championships Men Light heavyweight total,men,Light heavyweight,2010 Antalya,3,bronze,athlete,Siarhei Lahun,Belarus,BLR,https://en.wikipedia.org/wiki/List_of_World_Championships_medalists_in_weightlifting_(men)
world_weightlifting_championships,World Weightlifting Championships,2010,2010-12-31,weightlifting,Weightlifting,lightweight,World Weightlifting Championships Men Lightweight total,men,Lightweight,2010 Antalya,1,gold,athlete,Mete Binay,Türkiye,TUR,https://en.wikipedia.org/wiki/List_of_World_Championships_medalists_in_weightlifting_(men)
world_weightlifting_championships,World Weightlifting Championships,2010,2010-12-31,weightlifting,Weightlifting,lightweight,World Weightlifting Championships Men Lightweight total,men,Lightweight,2010 Antalya,2,silver,athlete,Armen Ghazaryan,Russia,RUS,https://en.wikipedia.org/wiki/List_of_World_Championships_medalists_in_weightlifting_(men)
world_weightlifting_championships,World Weightlifting Championships,2010,2010-12-31,weightlifting,Weightlifting,lightweight,World Weightlifting Championships Men Lightweight total,men,Lightweight,2010 Antalya,3,bronze,athlete,Triyatno,Indonesia,INA,https://en.wikipedia.org/wiki/List_of_World_Championships_medalists_in_weightlifting_(men)
world_weightlifting_championships,World Weightlifting Championships,2010,2010-12-31,weightlifting,Weightlifting,middle-heavyweight,World Weightlifting Championships Men Middle heavyweight total,men,Middle heavyweight,2010 Antalya,1,gold,athlete,Aleksandr Ivanov,Russia,RUS,https://en.wikipedia.org/wiki/List_of_World_Championships_medalists_in_weightlifting_(men)
world_weightlifting_championships,World Weightlifting Championships,2010,2010-12-31,weightlifting,Weightlifting,middle-heavyweight,World Weightlifting Championships Men Middle heavyweight total,men,Middle heavyweight,2010 Antalya,2,silver,athlete,Artem Ivanov,Ukraine,UKR,https://en.wikipedia.org/wiki/List_of_World_Championships_medalists_in_weightlifting_(men)
world_weightlifting_championships,World Weightlifting Championships,2010,2010-12-31,weightlifting,Weightlifting,middle-heavyweight,World Weightlifting Championships Men Middle heavyweight total,men,Middle heavyweight,2010 Antalya,3,bronze,athlete,Valeriu Calancea,Romania,ROU,https://en.wikipedia.org/wiki/List_of_World_Championships_medalists_in_weightlifting_(men)
world_weightlifting_championships,World Weightlifting Championships,2010,2010-12-31,weightlifting,Weightlifting,middleweight,World Weightlifting Championships Men Middleweight total,men,Middleweight,2010 Antalya,1,gold,athlete,Tigran Martirosyan,Armenia,ARM,https://en.wikipedia.org/wiki/List_of_World_Championships_medalists_in_weightlifting_(men)
world_weightlifting_championships,World Weightlifting Championships,2010,2010-12-31,weightlifting,Weightlifting,middleweight,World Weightlifting Championships Men Middleweight total,men,Middleweight,2010 Antalya,2,silver,athlete,Lü Xiaojun,China,CHN,https://en.wikipedia.org/wiki/List_of_World_Championships_medalists_in_weightlifting_(men)
world_weightlifting_championships,World Weightlifting Championships,2010,2010-12-31,weightlifting,Weightlifting,middleweight,World Weightlifting Championships Men Middleweight total,men,Middleweight,2010 Antalya,3,bronze,athlete,Tarek Yehia,Egypt,EGY,https://en.wikipedia.org/wiki/List_of_World_Championships_medalists_in_weightlifting_(men)
world_weightlifting_championships,World Weightlifting Championships,2010,2010-12-31,weightlifting,Weightlifting,super-heavyweight,World Weightlifting Championships Men Super heavyweight total,men,Super heavyweight,2010 Antalya,1,gold,athlete,Behdad Salimi,Iran,IRI,https://en.wikipedia.org/wiki/List_of_World_Championships_medalists_in_weightlifting_(men)
world_weightlifting_championships,World Weightlifting Championships,2010,2010-12-31,weightlifting,Weightlifting,super-heavyweight,World Weightlifting Championships Men Super heavyweight total,men,Super heavyweight,2010 Antalya,2,silver,athlete,Matthias Steiner,Germany,GER,https://en.wikipedia.org/wiki/List_of_World_Championships_medalists_in_weightlifting_(men)
world_weightlifting_championships,World Weightlifting Championships,2010,2010-12-31,weightlifting,Weightlifting,super-heavyweight,World Weightlifting Championships Men Super heavyweight total,men,Super heavyweight,2010 Antalya,3,bronze,athlete,Artem Udachyn,Ukraine,UKR,https://en.wikipedia.org/wiki/List_of_World_Championships_medalists_in_weightlifting_(men)
world_weightlifting_championships,World Weightlifting Championships,2010,2010-12-31,weightlifting,Weightlifting,bantamweight,World Weightlifting Championships Women Bantamweight total,women,Bantamweight,2010 Antalya,1,gold,athlete,Sibel Özkan,Türkiye,TUR,https://en.wikipedia.org/wiki/List_of_World_Championships_medalists_in_weightlifting_(women)
world_weightlifting_championships,World Weightlifting Championships,2010,2010-12-31,weightlifting,Weightlifting,bantamweight,World Weightlifting Championships Women Bantamweight total,women,Bantamweight,2010 Antalya,2,silver,athlete,Tian Yuan,China,CHN,https://en.wikipedia.org/wiki/List_of_World_Championships_medalists_in_weightlifting_(women)
world_weightlifting_championships,World Weightlifting Championships,2010,2010-12-31,weightlifting,Weightlifting,bantamweight,World Weightlifting Championships Women Bantamweight total,women,Bantamweight,2010 Antalya,3,bronze,athlete,Pramsiri Bunphithak,Thailand,THA,https://en.wikipedia.org/wiki/List_of_World_Championships_medalists_in_weightlifting_(women)
world_weightlifting_championships,World Weightlifting Championships,2010,2010-12-31,weightlifting,Weightlifting,featherweight,World Weightlifting Championships Women Featherweight total,women,Featherweight,2010 Antalya,1,gold,athlete,Chen Xiaoting,China,CHN,https://en.wikipedia.org/wiki/List_of_World_Championships_medalists_in_weightlifting_(women)
world_weightlifting_championships,World Weightlifting Championships,2010,2010-12-31,weightlifting,Weightlifting,featherweight,World Weightlifting Championships Women Featherweight total,women,Featherweight,2010 Antalya,2,silver,athlete,Aylin Daşdelen,Türkiye,TUR,https://en.wikipedia.org/wiki/List_of_World_Championships_medalists_in_weightlifting_(women)
world_weightlifting_championships,World Weightlifting Championships,2010,2010-12-31,weightlifting,Weightlifting,featherweight,World Weightlifting Championships Women Featherweight total,women,Featherweight,2010 Antalya,3,bronze,athlete,Yuderqui Contreras,Dominican Republic,DOM,https://en.wikipedia.org/wiki/List_of_World_Championships_medalists_in_weightlifting_(women)
world_weightlifting_championships,World Weightlifting Championships,2010,2010-12-31,weightlifting,Weightlifting,light-heavyweight,World Weightlifting Championships Women Light heavyweight total,women,Light heavyweight,2010 Antalya,1,gold,athlete,Svetlana Shimkova,Russia,RUS,https://en.wikipedia.org/wiki/List_of_World_Championships_medalists_in_weightlifting_(women)
world_weightlifting_championships,World Weightlifting Championships,2010,2010-12-31,weightlifting,Weightlifting,light-heavyweight,World Weightlifting Championships Women Light heavyweight total,women,Light heavyweight,2010 Antalya,2,silver,athlete,Kang Yue,China,CHN,https://en.wikipedia.org/wiki/List_of_World_Championships_medalists_in_weightlifting_(women)
world_weightlifting_championships,World Weightlifting Championships,2010,2010-12-31,weightlifting,Weightlifting,light-heavyweight,World Weightlifting Championships Women Light heavyweight total,women,Light heavyweight,2010 Antalya,3,bronze,athlete,Meline Daluzyan,Armenia,ARM,https://en.wikipedia.org/wiki/List_of_World_Championships_medalists_in_weightlifting_(women)
world_weightlifting_championships,World Weightlifting Championships,2010,2010-12-31,weightlifting,Weightlifting,lightweight,World Weightlifting Championships Women Lightweight total,women,Lightweight,2010 Antalya,1,gold,athlete,Deng Wei,China,CHN,https://en.wikipedia.org/wiki/List_of_World_Championships_medalists_in_weightlifting_(women)
world_weightlifting_championships,World Weightlifting Championships,2010,2010-12-31,weightlifting,Weightlifting,lightweight,World Weightlifting Championships Women Lightweight total,women,Lightweight,2010 Antalya,2,silver,athlete,Nastassia Novikava,Belarus,BLR,https://en.wikipedia.org/wiki/List_of_World_Championships_medalists_in_weightlifting_(women)
world_weightlifting_championships,World Weightlifting Championships,2010,2010-12-31,weightlifting,Weightlifting,lightweight,World Weightlifting Championships Women Lightweight total,women,Lightweight,2010 Antalya,3,bronze,athlete,Jong Chun-mi,North Korea,PRK,https://en.wikipedia.org/wiki/List_of_World_Championships_medalists_in_weightlifting_(women)
world_weightlifting_championships,World Weightlifting Championships,2010,2010-12-31,weightlifting,Weightlifting,middle-heavyweight,World Weightlifting Championships Women Middle heavyweight total,women,Middle heavyweight,2010 Antalya,1,gold,athlete,Svetlana Podobedova,Kazakhstan,KAZ,https://en.wikipedia.org/wiki/List_of_World_Championships_medalists_in_weightlifting_(women)
world_weightlifting_championships,World Weightlifting Championships,2010,2010-12-31,weightlifting,Weightlifting,middle-heavyweight,World Weightlifting Championships Women Middle heavyweight total,women,Middle heavyweight,2010 Antalya,2,silver,athlete,Natalya Zabolotnaya,Russia,RUS,https://en.wikipedia.org/wiki/List_of_World_Championships_medalists_in_weightlifting_(women)
world_weightlifting_championships,World Weightlifting Championships,2010,2010-12-31,weightlifting,Weightlifting,middle-heavyweight,World Weightlifting Championships Women Middle heavyweight total,women,Middle heavyweight,2010 Antalya,3,bronze,athlete,Nadezhda Evstyukhina,Russia,RUS,https://en.wikipedia.org/wiki/List_of_World_Championships_medalists_in_weightlifting_(women)
world_weightlifting_championships,World Weightlifting Championships,2010,2010-12-31,weightlifting,Weightlifting,middleweight,World Weightlifting Championships Women Middleweight total,women,Middleweight,2010 Antalya,1,gold,athlete,Maiya Maneza,Kazakhstan,KAZ,https://en.wikipedia.org/wiki/List_of_World_Championships_medalists_in_weightlifting_(women)
world_weightlifting_championships,World Weightlifting Championships,2010,2010-12-31,weightlifting,Weightlifting,middleweight,World Weightlifting Championships Women Middleweight total,women,Middleweight,2010 Antalya,2,silver,athlete,Sibel Şimşek,Türkiye,TUR,https://en.wikipedia.org/wiki/List_of_World_Championships_medalists_in_weightlifting_(women)
world_weightlifting_championships,World Weightlifting Championships,2010,2010-12-31,weightlifting,Weightlifting,middleweight,World Weightlifting Championships Women Middleweight total,women,Middleweight,2010 Antalya,3,bronze,athlete,Ouyang Xiaofang,China,CHN,https://en.wikipedia.org/wiki/List_of_World_Championships_medalists_in_weightlifting_(women)
world_weightlifting_championships,World Weightlifting Championships,2010,2010-12-31,weightlifting,Weightlifting,super-heavyweight,World Weightlifting Championships Women Super heavyweight total,women,Super heavyweight,2010 Antalya,1,gold,athlete,Tatiana Kashirina,Russia,RUS,https://en.wikipedia.org/wiki/List_of_World_Championships_medalists_in_weightlifting_(women)
world_weightlifting_championships,World Weightlifting Championships,2010,2010-12-31,weightlifting,Weightlifting,super-heavyweight,World Weightlifting Championships Women Super heavyweight total,women,Super heavyweight,2010 Antalya,2,silver,athlete,Meng Suping,China,CHN,https://en.wikipedia.org/wiki/List_of_World_Championships_medalists_in_weightlifting_(women)
world_weightlifting_championships,World Weightlifting Championships,2010,2010-12-31,weightlifting,Weightlifting,super-heavyweight,World Weightlifting Championships Women Super heavyweight total,women,Super heavyweight,2010 Antalya,3,bronze,athlete,Jang Mi-ran,South Korea,KOR,https://en.wikipedia.org/wiki/List_of_World_Championships_medalists_in_weightlifting_(women)
world_weightlifting_championships,World Weightlifting Championships,2011,2011-12-31,weightlifting,Weightlifting,bantamweight,World Weightlifting Championships Men Bantamweight total,men,Bantamweight,2011 Paris,1,gold,athlete,Wu Jingbiao,China,CHN,https://en.wikipedia.org/wiki/List_of_World_Championships_medalists_in_weightlifting_(men)
world_weightlifting_championships,World Weightlifting Championships,2011,2011-12-31,weightlifting,Weightlifting,bantamweight,World Weightlifting Championships Men Bantamweight total,men,Bantamweight,2011 Paris,2,silver,athlete,Zhao Chaojun,China,CHN,https://en.wikipedia.org/wiki/List_of_World_Championships_medalists_in_weightlifting_(men)
world_weightlifting_championships,World Weightlifting Championships,2011,2011-12-31,weightlifting,Weightlifting,bantamweight,World Weightlifting Championships Men Bantamweight total,men,Bantamweight,2011 Paris,3,bronze,athlete,Valentin Hristov,Azerbaijan,AZE,https://en.wikipedia.org/wiki/List_of_World_Championships_medalists_in_weightlifting_(men)
world_weightlifting_championships,World Weightlifting Championships,2011,2011-12-31,weightlifting,Weightlifting,featherweight,World Weightlifting Championships Men Featherweight total,men,Featherweight,2011 Paris,1,gold,athlete,Zhang Jie,China,CHN,https://en.wikipedia.org/wiki/List_of_World_Championships_medalists_in_weightlifting_(men)
world_weightlifting_championships,World Weightlifting Championships,2011,2011-12-31,weightlifting,Weightlifting,featherweight,World Weightlifting Championships Men Featherweight total,men,Featherweight,2011 Paris,2,silver,athlete,Kim Un-guk,North Korea,PRK,https://en.wikipedia.org/wiki/List_of_World_Championships_medalists_in_weightlifting_(men)
world_weightlifting_championships,World Weightlifting Championships,2011,2011-12-31,weightlifting,Weightlifting,featherweight,World Weightlifting Championships Men Featherweight total,men,Featherweight,2011 Paris,3,bronze,athlete,Eko Yuli Irawan,Indonesia,INA,https://en.wikipedia.org/wiki/List_of_World_Championships_medalists_in_weightlifting_(men)
world_weightlifting_championships,World Weightlifting Championships,2011,2011-12-31,weightlifting,Weightlifting,heavyweight,World Weightlifting Championships Men Heavyweight total,men,Heavyweight,2011 Paris,1,gold,athlete,Khadzhimurat Akkaev,Russia,RUS,https://en.wikipedia.org/wiki/List_of_World_Championships_medalists_in_weightlifting_(men)
world_weightlifting_championships,World Weightlifting Championships,2011,2011-12-31,weightlifting,Weightlifting,heavyweight,World Weightlifting Championships Men Heavyweight total,men,Heavyweight,2011 Paris,2,silver,athlete,Dmitry Klokov,Russia,RUS,https://en.wikipedia.org/wiki/List_of_World_Championships_medalists_in_weightlifting_(men)
world_weightlifting_championships,World Weightlifting Championships,2011,2011-12-31,weightlifting,Weightlifting,heavyweight,World Weightlifting Championships Men Heavyweight total,men,Heavyweight,2011 Paris,3,bronze,athlete,Oleksiy Torokhtiy,Ukraine,UKR,https://en.wikipedia.org/wiki/List_of_World_Championships_medalists_in_weightlifting_(men)
world_weightlifting_championships,World Weightlifting Championships,2011,2011-12-31,weightlifting,Weightlifting,light-heavyweight,World Weightlifting Championships Men Light heavyweight total,men,Light heavyweight,2011 Paris,1,gold,athlete,Kianoush Rostami,Iran,IRI,https://en.wikipedia.org/wiki/List_of_World_Championships_medalists_in_weightlifting_(men)
world_weightlifting_championships,World Weightlifting Championships,2011,2011-12-31,weightlifting,Weightlifting,light-heavyweight,World Weightlifting Championships Men Light heavyweight total,men,Light heavyweight,2011 Paris,2,silver,athlete,Benjamin Hennequin,France,FRA,https://en.wikipedia.org/wiki/List_of_World_Championships_medalists_in_weightlifting_(men)
world_weightlifting_championships,World Weightlifting Championships,2011,2011-12-31,weightlifting,Weightlifting,light-heavyweight,World Weightlifting Championships Men Light heavyweight total,men,Light heavyweight,2011 Paris,3,bronze,athlete,Adrian Zieliński,Poland,POL,https://en.wikipedia.org/wiki/List_of_World_Championships_medalists_in_weightlifting_(men)
world_weightlifting_championships,World Weightlifting Championships,2011,2011-12-31,weightlifting,Weightlifting,lightweight,World Weightlifting Championships Men Lightweight total,men,Lightweight,2011 Paris,1,gold,athlete,Tang Deshang,China,CHN,https://en.wikipedia.org/wiki/List_of_World_Championships_medalists_in_weightlifting_(men)
world_weightlifting_championships,World Weightlifting Championships,2011,2011-12-31,weightlifting,Weightlifting,lightweight,World Weightlifting Championships Men Lightweight total,men,Lightweight,2011 Paris,2,silver,athlete,Oleg Chen,Russia,RUS,https://en.wikipedia.org/wiki/List_of_World_Championships_medalists_in_weightlifting_(men)
world_weightlifting_championships,World Weightlifting Championships,2011,2011-12-31,weightlifting,Weightlifting,lightweight,World Weightlifting Championships Men Lightweight total,men,Lightweight,2011 Paris,3,bronze,athlete,Wu Chao,China,CHN,https://en.wikipedia.org/wiki/List_of_World_Championships_medalists_in_weightlifting_(men)
world_weightlifting_championships,World Weightlifting Championships,2011,2011-12-31,weightlifting,Weightlifting,middle-heavyweight,World Weightlifting Championships Men Middle heavyweight total,men,Middle heavyweight,2011 Paris,1,gold,athlete,Ilya Ilyin,Kazakhstan,KAZ,https://en.wikipedia.org/wiki/List_of_World_Championships_medalists_in_weightlifting_(men)
world_weightlifting_championships,World Weightlifting Championships,2011,2011-12-31,weightlifting,Weightlifting,middle-heavyweight,World Weightlifting Championships Men Middle heavyweight total,men,Middle heavyweight,2011 Paris,2,silver,athlete,Artem Ivanov,Ukraine,UKR,https://en.wikipedia.org/wiki/List_of_World_Championships_medalists_in_weightlifting_(men)
world_weightlifting_championships,World Weightlifting Championships,2011,2011-12-31,weightlifting,Weightlifting,middle-heavyweight,World Weightlifting Championships Men Middle heavyweight total,men,Middle heavyweight,2011 Paris,3,bronze,athlete,Saeid Mohammadpour,Iran,IRI,https://en.wikipedia.org/wiki/List_of_World_Championships_medalists_in_weightlifting_(men)
world_weightlifting_championships,World Weightlifting Championships,2011,2011-12-31,weightlifting,Weightlifting,middleweight,World Weightlifting Championships Men Middleweight total,men,Middleweight,2011 Paris,1,gold,athlete,Lü Xiaojun,China,CHN,https://en.wikipedia.org/wiki/List_of_World_Championships_medalists_in_weightlifting_(men)
world_weightlifting_championships,World Weightlifting Championships,2011,2011-12-31,weightlifting,Weightlifting,middleweight,World Weightlifting Championships Men Middleweight total,men,Middleweight,2011 Paris,2,silver,athlete,Su Dajin,China,CHN,https://en.wikipedia.org/wiki/List_of_World_Championships_medalists_in_weightlifting_(men)
world_weightlifting_championships,World Weightlifting Championships,2011,2011-12-31,weightlifting,Weightlifting,middleweight,World Weightlifting Championships Men Middleweight total,men,Middleweight,2011 Paris,3,bronze,athlete,Sa Jae-hyouk,South Korea,KOR,https://en.wikipedia.org/wiki/List_of_World_Championships_medalists_in_weightlifting_(men)
world_weightlifting_championships,World Weightlifting Championships,2011,2011-12-31,weightlifting,Weightlifting,super-heavyweight,World Weightlifting Championships Men Super heavyweight total,men,Super heavyweight,2011 Paris,1,gold,athlete,Behdad Salimi,Iran,IRI,https://en.wikipedia.org/wiki/List_of_World_Championships_medalists_in_weightlifting_(men)
world_weightlifting_championships,World Weightlifting Championships,2011,2011-12-31,weightlifting,Weightlifting,super-heavyweight,World Weightlifting Championships Men Super heavyweight total,men,Super heavyweight,2011 Paris,2,silver,athlete,Sajjad Anoushiravani,Iran,IRI,https://en.wikipedia.org/wiki/List_of_World_Championships_medalists_in_weightlifting_(men)
world_weightlifting_championships,World Weightlifting Championships,2011,2011-12-31,weightlifting,Weightlifting,super-heavyweight,World Weightlifting Championships Men Super heavyweight total,men,Super heavyweight,2011 Paris,3,bronze,athlete,Jeon Sang-guen,South Korea,KOR,https://en.wikipedia.org/wiki/List_of_World_Championships_medalists_in_weightlifting_(men)
world_weightlifting_championships,World Weightlifting Championships,2011,2011-12-31,weightlifting,Weightlifting,bantamweight,World Weightlifting Championships Women Bantamweight total,women,Bantamweight,2011 Paris,1,gold,athlete,Tian Yuan,China,CHN,https://en.wikipedia.org/wiki/List_of_World_Championships_medalists_in_weightlifting_(women)
world_weightlifting_championships,World Weightlifting Championships,2011,2011-12-31,weightlifting,Weightlifting,bantamweight,World Weightlifting Championships Women Bantamweight total,women,Bantamweight,2011 Paris,2,silver,athlete,Panida Khamsri,Thailand,THA,https://en.wikipedia.org/wiki/List_of_World_Championships_medalists_in_weightlifting_(women)
world_weightlifting_championships,World Weightlifting Championships,2011,2011-12-31,weightlifting,Weightlifting,bantamweight,World Weightlifting Championships Women Bantamweight total,women,Bantamweight,2011 Paris,3,bronze,athlete,Nurdan Karagöz,Türkiye,TUR,https://en.wikipedia.org/wiki/List_of_World_Championships_medalists_in_weightlifting_(women)
world_weightlifting_championships,World Weightlifting Championships,2011,2011-12-31,weightlifting,Weightlifting,featherweight,World Weightlifting Championships Women Featherweight total,women,Featherweight,2011 Paris,1,gold,athlete,Zulfiya Chinshanlo,Kazakhstan,KAZ,https://en.wikipedia.org/wiki/List_of_World_Championships_medalists_in_weightlifting_(women)
world_weightlifting_championships,World Weightlifting Championships,2011,2011-12-31,weightlifting,Weightlifting,featherweight,World Weightlifting Championships Women Featherweight total,women,Featherweight,2011 Paris,2,silver,athlete,Aylin Daşdelen,Türkiye,TUR,https://en.wikipedia.org/wiki/List_of_World_Championships_medalists_in_weightlifting_(women)
world_weightlifting_championships,World Weightlifting Championships,2011,2011-12-31,weightlifting,Weightlifting,featherweight,World Weightlifting Championships Women Featherweight total,women,Featherweight,2011 Paris,3,bronze,athlete,Ji Jing,China,CHN,https://en.wikipedia.org/wiki/List_of_World_Championships_medalists_in_weightlifting_(women)
world_weightlifting_championships,World Weightlifting Championships,2011,2011-12-31,weightlifting,Weightlifting,light-heavyweight,World Weightlifting Championships Women Light heavyweight total,women,Light heavyweight,2011 Paris,1,gold,athlete,Oxana Slivenko,Russia,RUS,https://en.wikipedia.org/wiki/List_of_World_Championships_medalists_in_weightlifting_(women)
world_weightlifting_championships,World Weightlifting Championships,2011,2011-12-31,weightlifting,Weightlifting,light-heavyweight,World Weightlifting Championships Women Light heavyweight total,women,Light heavyweight,2011 Paris,2,silver,athlete,Xiang Yanmei,China,CHN,https://en.wikipedia.org/wiki/List_of_World_Championships_medalists_in_weightlifting_(women)
world_weightlifting_championships,World Weightlifting Championships,2011,2011-12-31,weightlifting,Weightlifting,light-heavyweight,World Weightlifting Championships Women Light heavyweight total,women,Light heavyweight,2011 Paris,3,bronze,athlete,Tatiana Matveeva,Russia,RUS,https://en.wikipedia.org/wiki/List_of_World_Championships_medalists_in_weightlifting_(women)
world_weightlifting_championships,World Weightlifting Championships,2011,2011-12-31,weightlifting,Weightlifting,lightweight,World Weightlifting Championships Women Lightweight total,women,Lightweight,2011 Paris,1,gold,athlete,Nastassia Novikava,Belarus,BLR,https://en.wikipedia.org/wiki/List_of_World_Championships_medalists_in_weightlifting_(women)
world_weightlifting_championships,World Weightlifting Championships,2011,2011-12-31,weightlifting,Weightlifting,lightweight,World Weightlifting Championships Women Lightweight total,women,Lightweight,2011 Paris,2,silver,athlete,Li Xueying,China,CHN,https://en.wikipedia.org/wiki/List_of_World_Championships_medalists_in_weightlifting_(women)
world_weightlifting_championships,World Weightlifting Championships,2011,2011-12-31,weightlifting,Weightlifting,lightweight,World Weightlifting Championships Women Lightweight total,women,Lightweight,2011 Paris,3,bronze,athlete,Pimsiri Sirikaew,Thailand,THA,https://en.wikipedia.org/wiki/List_of_World_Championships_medalists_in_weightlifting_(women)
world_weightlifting_championships,World Weightlifting Championships,2011,2011-12-31,weightlifting,Weightlifting,middle-heavyweight,World Weightlifting Championships Women Middle heavyweight total,women,Middle heavyweight,2011 Paris,1,gold,athlete,Nadezhda Evstyukhina,Russia,RUS,https://en.wikipedia.org/wiki/List_of_World_Championships_medalists_in_weightlifting_(women)
world_weightlifting_championships,World Weightlifting Championships,2011,2011-12-31,weightlifting,Weightlifting,middle-heavyweight,World Weightlifting Championships Women Middle heavyweight total,women,Middle heavyweight,2011 Paris,2,silver,athlete,Svetlana Podobedova,Kazakhstan,KAZ,https://en.wikipedia.org/wiki/List_of_World_Championships_medalists_in_weightlifting_(women)
world_weightlifting_championships,World Weightlifting Championships,2011,2011-12-31,weightlifting,Weightlifting,middle-heavyweight,World Weightlifting Championships Women Middle heavyweight total,women,Middle heavyweight,2011 Paris,3,bronze,athlete,Kim Un-ju,North Korea,PRK,https://en.wikipedia.org/wiki/List_of_World_Championships_medalists_in_weightlifting_(women)
world_weightlifting_championships,World Weightlifting Championships,2011,2011-12-31,weightlifting,Weightlifting,middleweight,World Weightlifting Championships Women Middleweight total,women,Middleweight,2011 Paris,1,gold,athlete,Svetlana Tsarukaeva,Russia,RUS,https://en.wikipedia.org/wiki/List_of_World_Championships_medalists_in_weightlifting_(women)
world_weightlifting_championships,World Weightlifting Championships,2011,2011-12-31,weightlifting,Weightlifting,middleweight,World Weightlifting Championships Women Middleweight total,women,Middleweight,2011 Paris,2,silver,athlete,Maiya Maneza,Kazakhstan,KAZ,https://en.wikipedia.org/wiki/List_of_World_Championships_medalists_in_weightlifting_(women)
world_weightlifting_championships,World Weightlifting Championships,2011,2011-12-31,weightlifting,Weightlifting,middleweight,World Weightlifting Championships Women Middleweight total,women,Middleweight,2011 Paris,3,bronze,athlete,Ouyang Xiaofang,China,CHN,https://en.wikipedia.org/wiki/List_of_World_Championships_medalists_in_weightlifting_(women)
world_weightlifting_championships,World Weightlifting Championships,2011,2011-12-31,weightlifting,Weightlifting,super-heavyweight,World Weightlifting Championships Women Super heavyweight total,women,Super heavyweight,2011 Paris,1,gold,athlete,Zhou Lulu,China,CHN,https://en.wikipedia.org/wiki/List_of_World_Championships_medalists_in_weightlifting_(women)
world_weightlifting_championships,World Weightlifting Championships,2011,2011-12-31,weightlifting,Weightlifting,super-heavyweight,World Weightlifting Championships Women Super heavyweight total,women,Super heavyweight,2011 Paris,2,silver,athlete,Tatiana Kashirina,Russia,RUS,https://en.wikipedia.org/wiki/List_of_World_Championships_medalists_in_weightlifting_(women)
world_weightlifting_championships,World Weightlifting Championships,2011,2011-12-31,weightlifting,Weightlifting,super-heavyweight,World Weightlifting Championships Women Super heavyweight total,women,Super heavyweight,2011 Paris,3,bronze,athlete,Mariam Usman,Nigeria,NGR,https://en.wikipedia.org/wiki/List_of_World_Championships_medalists_in_weightlifting_(women)
world_weightlifting_championships,World Weightlifting Championships,2013,2013-12-31,weightlifting,Weightlifting,bantamweight,World Weightlifting Championships Men Bantamweight total,men,Bantamweight,2013 Wrocław,1,gold,athlete,Om Yun-chol,North Korea,PRK,https://en.wikipedia.org/wiki/List_of_World_Championships_medalists_in_weightlifting_(men)
world_weightlifting_championships,World Weightlifting Championships,2013,2013-12-31,weightlifting,Weightlifting,bantamweight,World Weightlifting Championships Men Bantamweight total,men,Bantamweight,2013 Wrocław,2,silver,athlete,Long Qingquan,China,CHN,https://en.wikipedia.org/wiki/List_of_World_Championships_medalists_in_weightlifting_(men)
world_weightlifting_championships,World Weightlifting Championships,2013,2013-12-31,weightlifting,Weightlifting,bantamweight,World Weightlifting Championships Men Bantamweight total,men,Bantamweight,2013 Wrocław,3,bronze,athlete,Thạch Kim Tuấn,Vietnam,VIE,https://en.wikipedia.org/wiki/List_of_World_Championships_medalists_in_weightlifting_(men)
world_weightlifting_championships,World Weightlifting Championships,2013,2013-12-31,weightlifting,Weightlifting,featherweight,World Weightlifting Championships Men Featherweight total,men,Featherweight,2013 Wrocław,1,gold,athlete,Chen Lijun,China,CHN,https://en.wikipedia.org/wiki/List_of_World_Championships_medalists_in_weightlifting_(men)
world_weightlifting_championships,World Weightlifting Championships,2013,2013-12-31,weightlifting,Weightlifting,featherweight,World Weightlifting Championships Men Featherweight total,men,Featherweight,2013 Wrocław,2,silver,athlete,Kim Un-guk,North Korea,PRK,https://en.wikipedia.org/wiki/List_of_World_Championships_medalists_in_weightlifting_(men)
world_weightlifting_championships,World Weightlifting Championships,2013,2013-12-31,weightlifting,Weightlifting,featherweight,World Weightlifting Championships Men Featherweight total,men,Featherweight,2013 Wrocław,3,bronze,athlete,Óscar Figueroa,Colombia,COL,https://en.wikipedia.org/wiki/List_of_World_Championships_medalists_in_weightlifting_(men)
world_weightlifting_championships,World Weightlifting Championships,2013,2013-12-31,weightlifting,Weightlifting,heavyweight,World Weightlifting Championships Men Heavyweight total,men,Heavyweight,2013 Wrocław,1,gold,athlete,Ruslan Nurudinov,Uzbekistan,UZB,https://en.wikipedia.org/wiki/List_of_World_Championships_medalists_in_weightlifting_(men)
world_weightlifting_championships,World Weightlifting Championships,2013,2013-12-31,weightlifting,Weightlifting,heavyweight,World Weightlifting Championships Men Heavyweight total,men,Heavyweight,2013 Wrocław,2,silver,athlete,David Bedzhanyan,Russia,RUS,https://en.wikipedia.org/wiki/List_of_World_Championships_medalists_in_weightlifting_(men)
world_weightlifting_championships,World Weightlifting Championships,2013,2013-12-31,weightlifting,Weightlifting,heavyweight,World Weightlifting Championships Men Heavyweight total,men,Heavyweight,2013 Wrocław,3,bronze,athlete,Bartłomiej Bonk,Poland,POL,https://en.wikipedia.org/wiki/List_of_World_Championships_medalists_in_weightlifting_(men)
world_weightlifting_championships,World Weightlifting Championships,2013,2013-12-31,weightlifting,Weightlifting,light-heavyweight,World Weightlifting Championships Men Light heavyweight total,men,Light heavyweight,2013 Wrocław,1,gold,athlete,Apti Aukhadov,Russia,RUS,https://en.wikipedia.org/wiki/List_of_World_Championships_medalists_in_weightlifting_(men)
world_weightlifting_championships,World Weightlifting Championships,2013,2013-12-31,weightlifting,Weightlifting,light-heavyweight,World Weightlifting Championships Men Light heavyweight total,men,Light heavyweight,2013 Wrocław,2,silver,athlete,Ivan Markov,Bulgaria,BUL,https://en.wikipedia.org/wiki/List_of_World_Championships_medalists_in_weightlifting_(men)
world_weightlifting_championships,World Weightlifting Championships,2013,2013-12-31,weightlifting,Weightlifting,light-heavyweight,World Weightlifting Championships Men Light heavyweight total,men,Light heavyweight,2013 Wrocław,3,bronze,athlete,Artem Okulov,Russia,RUS,https://en.wikipedia.org/wiki/List_of_World_Championships_medalists_in_weightlifting_(men)
world_weightlifting_championships,World Weightlifting Championships,2013,2013-12-31,weightlifting,Weightlifting,lightweight,World Weightlifting Championships Men Lightweight total,men,Lightweight,2013 Wrocław,1,gold,athlete,Liao Hui,China,CHN,https://en.wikipedia.org/wiki/List_of_World_Championships_medalists_in_weightlifting_(men)
world_weightlifting_championships,World Weightlifting Championships,2013,2013-12-31,weightlifting,Weightlifting,lightweight,World Weightlifting Championships Men Lightweight total,men,Lightweight,2013 Wrocław,2,silver,athlete,Oleg Chen,Russia,RUS,https://en.wikipedia.org/wiki/List_of_World_Championships_medalists_in_weightlifting_(men)
world_weightlifting_championships,World Weightlifting Championships,2013,2013-12-31,weightlifting,Weightlifting,lightweight,World Weightlifting Championships Men Lightweight total,men,Lightweight,2013 Wrocław,3,bronze,athlete,Kim Myong-hyok,North Korea,PRK,https://en.wikipedia.org/wiki/List_of_World_Championships_medalists_in_weightlifting_(men)
world_weightlifting_championships,World Weightlifting Championships,2013,2013-12-31,weightlifting,Weightlifting,middle-heavyweight,World Weightlifting Championships Men Middle heavyweight total,men,Middle heavyweight,2013 Wrocław,1,gold,athlete,Aleksandr Ivanov,Russia,RUS,https://en.wikipedia.org/wiki/List_of_World_Championships_medalists_in_weightlifting_(men)
world_weightlifting_championships,World Weightlifting Championships,2013,2013-12-31,weightlifting,Weightlifting,middle-heavyweight,World Weightlifting Championships Men Middle heavyweight total,men,Middle heavyweight,2013 Wrocław,2,silver,athlete,Almas Uteshov,Kazakhstan,KAZ,https://en.wikipedia.org/wiki/List_of_World_Championships_medalists_in_weightlifting_(men)
world_weightlifting_championships,World Weightlifting Championships,2013,2013-12-31,weightlifting,Weightlifting,middle-heavyweight,World Weightlifting Championships Men Middle heavyweight total,men,Middle heavyweight,2013 Wrocław,3,bronze,athlete,Ramazan Rasulov,Russia,RUS,https://en.wikipedia.org/wiki/List_of_World_Championships_medalists_in_weightlifting_(men)
world_weightlifting_championships,World Weightlifting Championships,2013,2013-12-31,weightlifting,Weightlifting,middleweight,World Weightlifting Championships Men Middleweight total,men,Middleweight,2013 Wrocław,1,gold,athlete,Lü Xiaojun,China,CHN,https://en.wikipedia.org/wiki/List_of_World_Championships_medalists_in_weightlifting_(men)
world_weightlifting_championships,World Weightlifting Championships,2013,2013-12-31,weightlifting,Weightlifting,middleweight,World Weightlifting Championships Men Middleweight total,men,Middleweight,2013 Wrocław,2,silver,athlete,Kim Kwang-song,North Korea,PRK,https://en.wikipedia.org/wiki/List_of_World_Championships_medalists_in_weightlifting_(men)
world_weightlifting_championships,World Weightlifting Championships,2013,2013-12-31,weightlifting,Weightlifting,middleweight,World Weightlifting Championships Men Middleweight total,men,Middleweight,2013 Wrocław,3,bronze,athlete,Ulugbek Alimov,Uzbekistan,UZB,https://en.wikipedia.org/wiki/List_of_World_Championships_medalists_in_weightlifting_(men)
world_weightlifting_championships,World Weightlifting Championships,2013,2013-12-31,weightlifting,Weightlifting,super-heavyweight,World Weightlifting Championships Men Super heavyweight total,men,Super heavyweight,2013 Wrocław,1,gold,athlete,Ruslan Albegov,Russia,RUS,https://en.wikipedia.org/wiki/List_of_World_Championships_medalists_in_weightlifting_(men)
world_weightlifting_championships,World Weightlifting Championships,2013,2013-12-31,weightlifting,Weightlifting,super-heavyweight,World Weightlifting Championships Men Super heavyweight total,men,Super heavyweight,2013 Wrocław,2,silver,athlete,Bahador Molaei,Iran,IRI,https://en.wikipedia.org/wiki/List_of_World_Championships_medalists_in_weightlifting_(men)
world_weightlifting_championships,World Weightlifting Championships,2013,2013-12-31,weightlifting,Weightlifting,super-heavyweight,World Weightlifting Championships Men Super heavyweight total,men,Super heavyweight,2013 Wrocław,3,bronze,athlete,Aleksey Lovchev,Russia,RUS,https://en.wikipedia.org/wiki/List_of_World_Championships_medalists_in_weightlifting_(men)
world_weightlifting_championships,World Weightlifting Championships,2013,2013-12-31,weightlifting,Weightlifting,bantamweight,World Weightlifting Championships Women Bantamweight total,women,Bantamweight,2013 Wrocław,1,gold,athlete,Tan Yayun,China,CHN,https://en.wikipedia.org/wiki/List_of_World_Championships_medalists_in_weightlifting_(women)
world_weightlifting_championships,World Weightlifting Championships,2013,2013-12-31,weightlifting,Weightlifting,bantamweight,World Weightlifting Championships Women Bantamweight total,women,Bantamweight,2013 Wrocław,2,silver,athlete,Ryang Chun-hwa,North Korea,PRK,https://en.wikipedia.org/wiki/List_of_World_Championships_medalists_in_weightlifting_(women)
world_weightlifting_championships,World Weightlifting Championships,2013,2013-12-31,weightlifting,Weightlifting,bantamweight,World Weightlifting Championships Women Bantamweight total,women,Bantamweight,2013 Wrocław,3,bronze,athlete,Đỗ Thị Thu Hoài,Vietnam,VIE,https://en.wikipedia.org/wiki/List_of_World_Championships_medalists_in_weightlifting_(women)
world_weightlifting_championships,World Weightlifting Championships,2013,2013-12-31,weightlifting,Weightlifting,featherweight,World Weightlifting Championships Women Featherweight total,women,Featherweight,2013 Wrocław,1,gold,athlete,Li Yajun,China,CHN,https://en.wikipedia.org/wiki/List_of_World_Championships_medalists_in_weightlifting_(women)
world_weightlifting_championships,World Weightlifting Championships,2013,2013-12-31,weightlifting,Weightlifting,featherweight,World Weightlifting Championships Women Featherweight total,women,Featherweight,2013 Wrocław,2,silver,athlete,Sopita Tanasan,Thailand,THA,https://en.wikipedia.org/wiki/List_of_World_Championships_medalists_in_weightlifting_(women)
world_weightlifting_championships,World Weightlifting Championships,2013,2013-12-31,weightlifting,Weightlifting,featherweight,World Weightlifting Championships Women Featherweight total,women,Featherweight,2013 Wrocław,3,bronze,athlete,Kittima Sutanan,Thailand,THA,https://en.wikipedia.org/wiki/List_of_World_Championships_medalists_in_weightlifting_(women)
world_weightlifting_championships,World Weightlifting Championships,2013,2013-12-31,weightlifting,Weightlifting,light-heavyweight,World Weightlifting Championships Women Light heavyweight total,women,Light heavyweight,2013 Wrocław,1,gold,athlete,Xiang Yanmei,China,CHN,https://en.wikipedia.org/wiki/List_of_World_Championships_medalists_in_weightlifting_(women)
world_weightlifting_championships,World Weightlifting Championships,2013,2013-12-31,weightlifting,Weightlifting,light-heavyweight,World Weightlifting Championships Women Light heavyweight total,women,Light heavyweight,2013 Wrocław,2,silver,athlete,Ryo Un-hui,North Korea,PRK,https://en.wikipedia.org/wiki/List_of_World_Championships_medalists_in_weightlifting_(women)
world_weightlifting_championships,World Weightlifting Championships,2013,2013-12-31,weightlifting,Weightlifting,light-heavyweight,World Weightlifting Championships Women Light heavyweight total,women,Light heavyweight,2013 Wrocław,3,bronze,athlete,Dzina Sazanavets,Belarus,BLR,https://en.wikipedia.org/wiki/List_of_World_Championships_medalists_in_weightlifting_(women)
world_weightlifting_championships,World Weightlifting Championships,2013,2013-12-31,weightlifting,Weightlifting,lightweight,World Weightlifting Championships Women Lightweight total,women,Lightweight,2013 Wrocław,1,gold,athlete,Kuo Hsing-chun,Chinese Taipei,TPE,https://en.wikipedia.org/wiki/List_of_World_Championships_medalists_in_weightlifting_(women)
world_weightlifting_championships,World Weightlifting Championships,2013,2013-12-31,weightlifting,Weightlifting,lightweight,World Weightlifting Championships Women Lightweight total,women,Lightweight,2013 Wrocław,2,silver,athlete,Alexandra Escobar,Ecuador,ECU,https://en.wikipedia.org/wiki/List_of_World_Championships_medalists_in_weightlifting_(women)
world_weightlifting_championships,World Weightlifting Championships,2013,2013-12-31,weightlifting,Weightlifting,lightweight,World Weightlifting Championships Women Lightweight total,women,Lightweight,2013 Wrocław,3,bronze,athlete,Elena Shadrina,Russia,RUS,https://en.wikipedia.org/wiki/List_of_World_Championships_medalists_in_weightlifting_(women)
world_weightlifting_championships,World Weightlifting Championships,2013,2013-12-31,weightlifting,Weightlifting,middle-heavyweight,World Weightlifting Championships Women Middle heavyweight total,women,Middle heavyweight,2013 Wrocław,1,gold,athlete,Nadezhda Evstyukhina,Russia,RUS,https://en.wikipedia.org/wiki/List_of_World_Championships_medalists_in_weightlifting_(women)
world_weightlifting_championships,World Weightlifting Championships,2013,2013-12-31,weightlifting,Weightlifting,middle-heavyweight,World Weightlifting Championships Women Middle heavyweight total,women,Middle heavyweight,2013 Wrocław,2,silver,athlete,Kang Yue,China,CHN,https://en.wikipedia.org/wiki/List_of_World_Championships_medalists_in_weightlifting_(women)
world_weightlifting_championships,World Weightlifting Championships,2013,2013-12-31,weightlifting,Weightlifting,middle-heavyweight,World Weightlifting Championships Women Middle heavyweight total,women,Middle heavyweight,2013 Wrocław,3,bronze,athlete,Lydia Valentín,Spain,ESP,https://en.wikipedia.org/wiki/List_of_World_Championships_medalists_in_weightlifting_(women)
world_weightlifting_championships,World Weightlifting Championships,2013,2013-12-31,weightlifting,Weightlifting,middleweight,World Weightlifting Championships Women Middleweight total,women,Middleweight,2013 Wrocław,1,gold,athlete,Tima Turieva,Russia,RUS,https://en.wikipedia.org/wiki/List_of_World_Championships_medalists_in_weightlifting_(women)
world_weightlifting_championships,World Weightlifting Championships,2013,2013-12-31,weightlifting,Weightlifting,middleweight,World Weightlifting Championships Women Middleweight total,women,Middleweight,2013 Wrocław,2,silver,athlete,Jo Pok-hyang,North Korea,PRK,https://en.wikipedia.org/wiki/List_of_World_Championships_medalists_in_weightlifting_(women)
world_weightlifting_championships,World Weightlifting Championships,2013,2013-12-31,weightlifting,Weightlifting,middleweight,World Weightlifting Championships Women Middleweight total,women,Middleweight,2013 Wrocław,3,bronze,athlete,Deng Mengrong,China,CHN,https://en.wikipedia.org/wiki/List_of_World_Championships_medalists_in_weightlifting_(women)
world_weightlifting_championships,World Weightlifting Championships,2013,2013-12-31,weightlifting,Weightlifting,super-heavyweight,World Weightlifting Championships Women Super heavyweight total,women,Super heavyweight,2013 Wrocław,1,gold,athlete,Tatiana Kashirina,Russia,RUS,https://en.wikipedia.org/wiki/List_of_World_Championships_medalists_in_weightlifting_(women)
world_weightlifting_championships,World Weightlifting Championships,2013,2013-12-31,weightlifting,Weightlifting,super-heavyweight,World Weightlifting Championships Women Super heavyweight total,women,Super heavyweight,2013 Wrocław,2,silver,athlete,Zhou Lulu,China,CHN,https://en.wikipedia.org/wiki/List_of_World_Championships_medalists_in_weightlifting_(women)
world_weightlifting_championships,World Weightlifting Championships,2013,2013-12-31,weightlifting,Weightlifting,super-heavyweight,World Weightlifting Championships Women Super heavyweight total,women,Super heavyweight,2013 Wrocław,3,bronze,athlete,Chitchanok Pulsabsakul,Thailand,THA,https://en.wikipedia.org/wiki/List_of_World_Championships_medalists_in_weightlifting_(women)
world_weightlifting_championships,World Weightlifting Championships,2014,2014-12-31,weightlifting,Weightlifting,bantamweight,World Weightlifting Championships Men Bantamweight total,men,Bantamweight,2014 Almaty,1,gold,athlete,Om Yun-chol,North Korea,PRK,https://en.wikipedia.org/wiki/List_of_World_Championships_medalists_in_weightlifting_(men)
world_weightlifting_championships,World Weightlifting Championships,2014,2014-12-31,weightlifting,Weightlifting,bantamweight,World Weightlifting Championships Men Bantamweight total,men,Bantamweight,2014 Almaty,2,silver,athlete,Thạch Kim Tuấn,Vietnam,VIE,https://en.wikipedia.org/wiki/List_of_World_Championships_medalists_in_weightlifting_(men)
world_weightlifting_championships,World Weightlifting Championships,2014,2014-12-31,weightlifting,Weightlifting,bantamweight,World Weightlifting Championships Men Bantamweight total,men,Bantamweight,2014 Almaty,3,bronze,athlete,Long Qingquan,China,CHN,https://en.wikipedia.org/wiki/List_of_World_Championships_medalists_in_weightlifting_(men)
world_weightlifting_championships,World Weightlifting Championships,2014,2014-12-31,weightlifting,Weightlifting,featherweight,World Weightlifting Championships Men Featherweight total,men,Featherweight,2014 Almaty,1,gold,athlete,Kim Un-guk,North Korea,PRK,https://en.wikipedia.org/wiki/List_of_World_Championships_medalists_in_weightlifting_(men)
world_weightlifting_championships,World Weightlifting Championships,2014,2014-12-31,weightlifting,Weightlifting,featherweight,World Weightlifting Championships Men Featherweight total,men,Featherweight,2014 Almaty,2,silver,athlete,Eko Yuli Irawan,Indonesia,INA,https://en.wikipedia.org/wiki/List_of_World_Championships_medalists_in_weightlifting_(men)
world_weightlifting_championships,World Weightlifting Championships,2014,2014-12-31,weightlifting,Weightlifting,featherweight,World Weightlifting Championships Men Featherweight total,men,Featherweight,2014 Almaty,3,bronze,athlete,Ding Jianjun,China,CHN,https://en.wikipedia.org/wiki/List_of_World_Championships_medalists_in_weightlifting_(men)
world_weightlifting_championships,World Weightlifting Championships,2014,2014-12-31,weightlifting,Weightlifting,heavyweight,World Weightlifting Championships Men Heavyweight total,men,Heavyweight,2014 Almaty,1,gold,athlete,Ilya Ilyin,Kazakhstan,KAZ,https://en.wikipedia.org/wiki/List_of_World_Championships_medalists_in_weightlifting_(men)
world_weightlifting_championships,World Weightlifting Championships,2014,2014-12-31,weightlifting,Weightlifting,heavyweight,World Weightlifting Championships Men Heavyweight total,men,Heavyweight,2014 Almaty,2,silver,athlete,Ruslan Nurudinov,Uzbekistan,UZB,https://en.wikipedia.org/wiki/List_of_World_Championships_medalists_in_weightlifting_(men)
world_weightlifting_championships,World Weightlifting Championships,2014,2014-12-31,weightlifting,Weightlifting,heavyweight,World Weightlifting Championships Men Heavyweight total,men,Heavyweight,2014 Almaty,3,bronze,athlete,David Bedzhanyan,Russia,RUS,https://en.wikipedia.org/wiki/List_of_World_Championships_medalists_in_weightlifting_(men)
world_weightlifting_championships,World Weightlifting Championships,2014,2014-12-31,weightlifting,Weightlifting,light-heavyweight,World Weightlifting Championships Men Light heavyweight total,men,Light heavyweight,2014 Almaty,1,gold,athlete,Kianoush Rostami,Iran,IRI,https://en.wikipedia.org/wiki/List_of_World_Championships_medalists_in_weightlifting_(men)
world_weightlifting_championships,World Weightlifting Championships,2014,2014-12-31,weightlifting,Weightlifting,light-heavyweight,World Weightlifting Championships Men Light heavyweight total,men,Light heavyweight,2014 Almaty,2,silver,athlete,Ivan Markov,Bulgaria,BUL,https://en.wikipedia.org/wiki/List_of_World_Championships_medalists_in_weightlifting_(men)
world_weightlifting_championships,World Weightlifting Championships,2014,2014-12-31,weightlifting,Weightlifting,light-heavyweight,World Weightlifting Championships Men Light heavyweight total,men,Light heavyweight,2014 Almaty,3,bronze,athlete,Artem Okulov,Russia,RUS,https://en.wikipedia.org/wiki/List_of_World_Championships_medalists_in_weightlifting_(men)
world_weightlifting_championships,World Weightlifting Championships,2014,2014-12-31,weightlifting,Weightlifting,lightweight,World Weightlifting Championships Men Lightweight total,men,Lightweight,2014 Almaty,1,gold,athlete,Liao Hui,China,CHN,https://en.wikipedia.org/wiki/List_of_World_Championships_medalists_in_weightlifting_(men)
world_weightlifting_championships,World Weightlifting Championships,2014,2014-12-31,weightlifting,Weightlifting,lightweight,World Weightlifting Championships Men Lightweight total,men,Lightweight,2014 Almaty,2,silver,athlete,Mohamed Ehab,Egypt,EGY,https://en.wikipedia.org/wiki/List_of_World_Championships_medalists_in_weightlifting_(men)
world_weightlifting_championships,World Weightlifting Championships,2014,2014-12-31,weightlifting,Weightlifting,lightweight,World Weightlifting Championships Men Lightweight total,men,Lightweight,2014 Almaty,3,bronze,athlete,Kim Myong-hyok,North Korea,PRK,https://en.wikipedia.org/wiki/List_of_World_Championships_medalists_in_weightlifting_(men)
world_weightlifting_championships,World Weightlifting Championships,2014,2014-12-31,weightlifting,Weightlifting,middle-heavyweight,World Weightlifting Championships Men Middle heavyweight total,men,Middle heavyweight,2014 Almaty,1,gold,athlete,Zhassulan Kydyrbayev,Kazakhstan,KAZ,https://en.wikipedia.org/wiki/List_of_World_Championships_medalists_in_weightlifting_(men)
world_weightlifting_championships,World Weightlifting Championships,2014,2014-12-31,weightlifting,Weightlifting,middle-heavyweight,World Weightlifting Championships Men Middle heavyweight total,men,Middle heavyweight,2014 Almaty,2,silver,athlete,Aurimas Didžbalis,Lithuania,LTU,https://en.wikipedia.org/wiki/List_of_World_Championships_medalists_in_weightlifting_(men)
world_weightlifting_championships,World Weightlifting Championships,2014,2014-12-31,weightlifting,Weightlifting,middle-heavyweight,World Weightlifting Championships Men Middle heavyweight total,men,Middle heavyweight,2014 Almaty,3,bronze,athlete,Vadzim Straltsou,Belarus,BLR,https://en.wikipedia.org/wiki/List_of_World_Championships_medalists_in_weightlifting_(men)
world_weightlifting_championships,World Weightlifting Championships,2014,2014-12-31,weightlifting,Weightlifting,middleweight,World Weightlifting Championships Men Middleweight total,men,Middleweight,2014 Almaty,1,gold,athlete,Zhong Guoshun,China,CHN,https://en.wikipedia.org/wiki/List_of_World_Championships_medalists_in_weightlifting_(men)
world_weightlifting_championships,World Weightlifting Championships,2014,2014-12-31,weightlifting,Weightlifting,middleweight,World Weightlifting Championships Men Middleweight total,men,Middleweight,2014 Almaty,2,silver,athlete,Kim Kwang-song,North Korea,PRK,https://en.wikipedia.org/wiki/List_of_World_Championships_medalists_in_weightlifting_(men)
world_weightlifting_championships,World Weightlifting Championships,2014,2014-12-31,weightlifting,Weightlifting,middleweight,World Weightlifting Championships Men Middleweight total,men,Middleweight,2014 Almaty,3,bronze,athlete,Kirill Pavlov,Kazakhstan,KAZ,https://en.wikipedia.org/wiki/List_of_World_Championships_medalists_in_weightlifting_(men)
world_weightlifting_championships,World Weightlifting Championships,2014,2014-12-31,weightlifting,Weightlifting,super-heavyweight,World Weightlifting Championships Men Super heavyweight total,men,Super heavyweight,2014 Almaty,1,gold,athlete,Ruslan Albegov,Russia,RUS,https://en.wikipedia.org/wiki/List_of_World_Championships_medalists_in_weightlifting_(men)
world_weightlifting_championships,World Weightlifting Championships,2014,2014-12-31,weightlifting,Weightlifting,super-heavyweight,World Weightlifting Championships Men Super heavyweight total,men,Super heavyweight,2014 Almaty,2,silver,athlete,Behdad Salimi,Iran,IRI,https://en.wikipedia.org/wiki/List_of_World_Championships_medalists_in_weightlifting_(men)
world_weightlifting_championships,World Weightlifting Championships,2014,2014-12-31,weightlifting,Weightlifting,super-heavyweight,World Weightlifting Championships Men Super heavyweight total,men,Super heavyweight,2014 Almaty,3,bronze,athlete,Mohamed Ihsan,Egypt,EGY,https://en.wikipedia.org/wiki/List_of_World_Championships_medalists_in_weightlifting_(men)
world_weightlifting_championships,World Weightlifting Championships,2014,2014-12-31,weightlifting,Weightlifting,bantamweight,World Weightlifting Championships Women Bantamweight total,women,Bantamweight,2014 Almaty,1,gold,athlete,Tan Yayun,China,CHN,https://en.wikipedia.org/wiki/List_of_World_Championships_medalists_in_weightlifting_(women)
world_weightlifting_championships,World Weightlifting Championships,2014,2014-12-31,weightlifting,Weightlifting,bantamweight,World Weightlifting Championships Women Bantamweight total,women,Bantamweight,2014 Almaty,2,silver,athlete,Sibel Özkan,Türkiye,TUR,https://en.wikipedia.org/wiki/List_of_World_Championships_medalists_in_weightlifting_(women)
world_weightlifting_championships,World Weightlifting Championships,2014,2014-12-31,weightlifting,Weightlifting,bantamweight,World Weightlifting Championships Women Bantamweight total,women,Bantamweight,2014 Almaty,3,bronze,athlete,Panida Khamsri,Thailand,THA,https://en.wikipedia.org/wiki/List_of_World_Championships_medalists_in_weightlifting_(women)
world_weightlifting_championships,World Weightlifting Championships,2014,2014-12-31,weightlifting,Weightlifting,featherweight,World Weightlifting Championships Women Featherweight total,women,Featherweight,2014 Almaty,1,gold,athlete,Zulfiya Chinshanlo,Kazakhstan,KAZ,https://en.wikipedia.org/wiki/List_of_World_Championships_medalists_in_weightlifting_(women)
world_weightlifting_championships,World Weightlifting Championships,2014,2014-12-31,weightlifting,Weightlifting,featherweight,World Weightlifting Championships Women Featherweight total,women,Featherweight,2014 Almaty,2,silver,athlete,Hsu Shu-ching,Chinese Taipei,TPE,https://en.wikipedia.org/wiki/List_of_World_Championships_medalists_in_weightlifting_(women)
world_weightlifting_championships,World Weightlifting Championships,2014,2014-12-31,weightlifting,Weightlifting,featherweight,World Weightlifting Championships Women Featherweight total,women,Featherweight,2014 Almaty,3,bronze,athlete,Li Yajun,China,CHN,https://en.wikipedia.org/wiki/List_of_World_Championships_medalists_in_weightlifting_(women)
world_weightlifting_championships,World Weightlifting Championships,2014,2014-12-31,weightlifting,Weightlifting,light-heavyweight,World Weightlifting Championships Women Light heavyweight total,women,Light heavyweight,2014 Almaty,1,gold,athlete,Ryo Un-hui,North Korea,PRK,https://en.wikipedia.org/wiki/List_of_World_Championships_medalists_in_weightlifting_(women)
world_weightlifting_championships,World Weightlifting Championships,2014,2014-12-31,weightlifting,Weightlifting,light-heavyweight,World Weightlifting Championships Women Light heavyweight total,women,Light heavyweight,2014 Almaty,2,silver,athlete,Zhazira Zhapparkul,Kazakhstan,KAZ,https://en.wikipedia.org/wiki/List_of_World_Championships_medalists_in_weightlifting_(women)
world_weightlifting_championships,World Weightlifting Championships,2014,2014-12-31,weightlifting,Weightlifting,light-heavyweight,World Weightlifting Championships Women Light heavyweight total,women,Light heavyweight,2014 Almaty,3,bronze,athlete,Xiang Yanmei,China,CHN,https://en.wikipedia.org/wiki/List_of_World_Championships_medalists_in_weightlifting_(women)
world_weightlifting_championships,World Weightlifting Championships,2014,2014-12-31,weightlifting,Weightlifting,lightweight,World Weightlifting Championships Women Lightweight total,women,Lightweight,2014 Almaty,1,gold,athlete,Deng Mengrong,China,CHN,https://en.wikipedia.org/wiki/List_of_World_Championships_medalists_in_weightlifting_(women)
world_weightlifting_championships,World Weightlifting Championships,2014,2014-12-31,weightlifting,Weightlifting,lightweight,World Weightlifting Championships Women Lightweight total,women,Lightweight,2014 Almaty,2,silver,athlete,Sukanya Srisurat,Thailand,THA,https://en.wikipedia.org/wiki/List_of_World_Championships_medalists_in_weightlifting_(women)
world_weightlifting_championships,World Weightlifting Championships,2014,2014-12-31,weightlifting,Weightlifting,lightweight,World Weightlifting Championships Women Lightweight total,women,Lightweight,2014 Almaty,3,bronze,athlete,Rattikan Gulnoi,Thailand,THA,https://en.wikipedia.org/wiki/List_of_World_Championships_medalists_in_weightlifting_(women)
world_weightlifting_championships,World Weightlifting Championships,2014,2014-12-31,weightlifting,Weightlifting,middle-heavyweight,World Weightlifting Championships Women Middle heavyweight total,women,Middle heavyweight,2014 Almaty,1,gold,athlete,Nadezhda Evstyukhina,Russia,RUS,https://en.wikipedia.org/wiki/List_of_World_Championships_medalists_in_weightlifting_(women)
world_weightlifting_championships,World Weightlifting Championships,2014,2014-12-31,weightlifting,Weightlifting,middle-heavyweight,World Weightlifting Championships Women Middle heavyweight total,women,Middle heavyweight,2014 Almaty,2,silver,athlete,Kang Yue,China,CHN,https://en.wikipedia.org/wiki/List_of_World_Championships_medalists_in_weightlifting_(women)
world_weightlifting_championships,World Weightlifting Championships,2014,2014-12-31,weightlifting,Weightlifting,middle-heavyweight,World Weightlifting Championships Women Middle heavyweight total,women,Middle heavyweight,2014 Almaty,3,bronze,athlete,Rim Jong-sim,North Korea,PRK,https://en.wikipedia.org/wiki/List_of_World_Championships_medalists_in_weightlifting_(women)
world_weightlifting_championships,World Weightlifting Championships,2014,2014-12-31,weightlifting,Weightlifting,middleweight,World Weightlifting Championships Women Middleweight total,women,Middleweight,2014 Almaty,1,gold,athlete,Deng Wei,China,CHN,https://en.wikipedia.org/wiki/List_of_World_Championships_medalists_in_weightlifting_(women)
world_weightlifting_championships,World Weightlifting Championships,2014,2014-12-31,weightlifting,Weightlifting,middleweight,World Weightlifting Championships Women Middleweight total,women,Middleweight,2014 Almaty,2,silver,athlete,Tima Turieva,Russia,RUS,https://en.wikipedia.org/wiki/List_of_World_Championships_medalists_in_weightlifting_(women)
world_weightlifting_championships,World Weightlifting Championships,2014,2014-12-31,weightlifting,Weightlifting,middleweight,World Weightlifting Championships Women Middleweight total,women,Middleweight,2014 Almaty,3,bronze,athlete,Choe Hyo-sim,North Korea,PRK,https://en.wikipedia.org/wiki/List_of_World_Championships_medalists_in_weightlifting_(women)
world_weightlifting_championships,World Weightlifting Championships,2014,2014-12-31,weightlifting,Weightlifting,super-heavyweight,World Weightlifting Championships Women Super heavyweight total,women,Super heavyweight,2014 Almaty,1,gold,athlete,Tatiana Kashirina,Russia,RUS,https://en.wikipedia.org/wiki/List_of_World_Championships_medalists_in_weightlifting_(women)
world_weightlifting_championships,World Weightlifting Championships,2014,2014-12-31,weightlifting,Weightlifting,super-heavyweight,World Weightlifting Championships Women Super heavyweight total,women,Super heavyweight,2014 Almaty,2,silver,athlete,Meng Suping,China,CHN,https://en.wikipedia.org/wiki/List_of_World_Championships_medalists_in_weightlifting_(women)
world_weightlifting_championships,World Weightlifting Championships,2014,2014-12-31,weightlifting,Weightlifting,super-heavyweight,World Weightlifting Championships Women Super heavyweight total,women,Super heavyweight,2014 Almaty,3,bronze,athlete,Chitchanok Pulsabsakul,Thailand,THA,https://en.wikipedia.org/wiki/List_of_World_Championships_medalists_in_weightlifting_(women)
world_weightlifting_championships,World Weightlifting Championships,2015,2015-12-31,weightlifting,Weightlifting,bantamweight,World Weightlifting Championships Men Bantamweight total,men,Bantamweight,2015 Houston,1,gold,athlete,Om Yun-chol,North Korea,PRK,https://en.wikipedia.org/wiki/List_of_World_Championships_medalists_in_weightlifting_(men)
world_weightlifting_championships,World Weightlifting Championships,2015,2015-12-31,weightlifting,Weightlifting,bantamweight,World Weightlifting Championships Men Bantamweight total,men,Bantamweight,2015 Houston,2,silver,athlete,Wu Jingbiao,China,CHN,https://en.wikipedia.org/wiki/List_of_World_Championships_medalists_in_weightlifting_(men)
world_weightlifting_championships,World Weightlifting Championships,2015,2015-12-31,weightlifting,Weightlifting,bantamweight,World Weightlifting Championships Men Bantamweight total,men,Bantamweight,2015 Houston,3,bronze,athlete,Thạch Kim Tuấn,Vietnam,VIE,https://en.wikipedia.org/wiki/List_of_World_Championships_medalists_in_weightlifting_(men)
world_weightlifting_championships,World Weightlifting Championships,2015,2015-12-31,weightlifting,Weightlifting,featherweight,World Weightlifting Championships Men Featherweight total,men,Featherweight,2015 Houston,1,gold,athlete,Chen Lijun,China,CHN,https://en.wikipedia.org/wiki/List_of_World_Championships_medalists_in_weightlifting_(men)
world_weightlifting_championships,World Weightlifting Championships,2015,2015-12-31,weightlifting,Weightlifting,featherweight,World Weightlifting Championships Men Featherweight total,men,Featherweight,2015 Houston,2,silver,athlete,Francisco Mosquera,Colombia,COL,https://en.wikipedia.org/wiki/List_of_World_Championships_medalists_in_weightlifting_(men)
world_weightlifting_championships,World Weightlifting Championships,2015,2015-12-31,weightlifting,Weightlifting,featherweight,World Weightlifting Championships Men Featherweight total,men,Featherweight,2015 Houston,3,bronze,athlete,Óscar Figueroa,Colombia,COL,https://en.wikipedia.org/wiki/List_of_World_Championships_medalists_in_weightlifting_(men)
world_weightlifting_championships,World Weightlifting Championships,2015,2015-12-31,weightlifting,Weightlifting,heavyweight,World Weightlifting Championships Men Heavyweight total,men,Heavyweight,2015 Houston,1,gold,athlete,Alexandr Zaichikov,Kazakhstan,KAZ,https://en.wikipedia.org/wiki/List_of_World_Championships_medalists_in_weightlifting_(men)
world_weightlifting_championships,World Weightlifting Championships,2015,2015-12-31,weightlifting,Weightlifting,heavyweight,World Weightlifting Championships Men Heavyweight total,men,Heavyweight,2015 Houston,2,silver,athlete,David Bedzhanyan,Russia,RUS,https://en.wikipedia.org/wiki/List_of_World_Championships_medalists_in_weightlifting_(men)
world_weightlifting_championships,World Weightlifting Championships,2015,2015-12-31,weightlifting,Weightlifting,heavyweight,World Weightlifting Championships Men Heavyweight total,men,Heavyweight,2015 Houston,3,bronze,athlete,Artūrs Plēsnieks,Latvia,LAT,https://en.wikipedia.org/wiki/List_of_World_Championships_medalists_in_weightlifting_(men)
world_weightlifting_championships,World Weightlifting Championships,2015,2015-12-31,weightlifting,Weightlifting,light-heavyweight,World Weightlifting Championships Men Light heavyweight total,men,Light heavyweight,2015 Houston,1,gold,athlete,Artem Okulov,Russia,RUS,https://en.wikipedia.org/wiki/List_of_World_Championships_medalists_in_weightlifting_(men)
world_weightlifting_championships,World Weightlifting Championships,2015,2015-12-31,weightlifting,Weightlifting,light-heavyweight,World Weightlifting Championships Men Light heavyweight total,men,Light heavyweight,2015 Houston,2,silver,athlete,Kianoush Rostami,Iran,IRI,https://en.wikipedia.org/wiki/List_of_World_Championships_medalists_in_weightlifting_(men)
world_weightlifting_championships,World Weightlifting Championships,2015,2015-12-31,weightlifting,Weightlifting,light-heavyweight,World Weightlifting Championships Men Light heavyweight total,men,Light heavyweight,2015 Houston,3,bronze,athlete,Apti Aukhadov,Russia,RUS,https://en.wikipedia.org/wiki/List_of_World_Championships_medalists_in_weightlifting_(men)
world_weightlifting_championships,World Weightlifting Championships,2015,2015-12-31,weightlifting,Weightlifting,lightweight,World Weightlifting Championships Men Lightweight total,men,Lightweight,2015 Houston,1,gold,athlete,Shi Zhiyong,China,CHN,https://en.wikipedia.org/wiki/List_of_World_Championships_medalists_in_weightlifting_(men)
world_weightlifting_championships,World Weightlifting Championships,2015,2015-12-31,weightlifting,Weightlifting,lightweight,World Weightlifting Championships Men Lightweight total,men,Lightweight,2015 Houston,2,silver,athlete,Oleg Chen,Russia,RUS,https://en.wikipedia.org/wiki/List_of_World_Championships_medalists_in_weightlifting_(men)
world_weightlifting_championships,World Weightlifting Championships,2015,2015-12-31,weightlifting,Weightlifting,lightweight,World Weightlifting Championships Men Lightweight total,men,Lightweight,2015 Houston,3,bronze,athlete,Daniyar İsmayilov,Türkiye,TUR,https://en.wikipedia.org/wiki/List_of_World_Championships_medalists_in_weightlifting_(men)
world_weightlifting_championships,World Weightlifting Championships,2015,2015-12-31,weightlifting,Weightlifting,middle-heavyweight,World Weightlifting Championships Men Middle heavyweight total,men,Middle heavyweight,2015 Houston,1,gold,athlete,Vadzim Straltsou,Belarus,BLR,https://en.wikipedia.org/wiki/List_of_World_Championships_medalists_in_weightlifting_(men)
world_weightlifting_championships,World Weightlifting Championships,2015,2015-12-31,weightlifting,Weightlifting,middle-heavyweight,World Weightlifting Championships Men Middle heavyweight total,men,Middle heavyweight,2015 Houston,2,silver,athlete,Adrian Zieliński,Poland,POL,https://en.wikipedia.org/wiki/List_of_World_Championships_medalists_in_weightlifting_(men)
world_weightlifting_championships,World Weightlifting Championships,2015,2015-12-31,weightlifting,Weightlifting,middle-heavyweight,World Weightlifting Championships Men Middle heavyweight total,men,Middle heavyweight,2015 Houston,3,bronze,athlete,Dmytro Chumak,Ukraine,UKR,https://en.wikipedia.org/wiki/List_of_World_Championships_medalists_in_weightlifting_(men)
world_weightlifting_championships,World Weightlifting Championships,2015,2015-12-31,weightlifting,Weightlifting,middleweight,World Weightlifting Championships Men Middleweight total,men,Middleweight,2015 Houston,1,gold,athlete,Nijat Rahimov,Kazakhstan,KAZ,https://en.wikipedia.org/wiki/List_of_World_Championships_medalists_in_weightlifting_(men)
world_weightlifting_championships,World Weightlifting Championships,2015,2015-12-31,weightlifting,Weightlifting,middleweight,World Weightlifting Championships Men Middleweight total,men,Middleweight,2015 Houston,2,silver,athlete,Mohamed Ehab,Egypt,EGY,https://en.wikipedia.org/wiki/List_of_World_Championships_medalists_in_weightlifting_(men)
world_weightlifting_championships,World Weightlifting Championships,2015,2015-12-31,weightlifting,Weightlifting,middleweight,World Weightlifting Championships Men Middleweight total,men,Middleweight,2015 Houston,3,bronze,athlete,Andranik Karapetyan,Armenia,ARM,https://en.wikipedia.org/wiki/List_of_World_Championships_medalists_in_weightlifting_(men)
world_weightlifting_championships,World Weightlifting Championships,2015,2015-12-31,weightlifting,Weightlifting,super-heavyweight,World Weightlifting Championships Men Super heavyweight total,men,Super heavyweight,2015 Houston,1,gold,athlete,Lasha Talakhadze,Georgia,GEO,https://en.wikipedia.org/wiki/List_of_World_Championships_medalists_in_weightlifting_(men)
world_weightlifting_championships,World Weightlifting Championships,2015,2015-12-31,weightlifting,Weightlifting,super-heavyweight,World Weightlifting Championships Men Super heavyweight total,men,Super heavyweight,2015 Houston,2,silver,athlete,Mart Seim,Estonia,EST,https://en.wikipedia.org/wiki/List_of_World_Championships_medalists_in_weightlifting_(men)
world_weightlifting_championships,World Weightlifting Championships,2015,2015-12-31,weightlifting,Weightlifting,super-heavyweight,World Weightlifting Championships Men Super heavyweight total,men,Super heavyweight,2015 Houston,3,bronze,athlete,Gor Minasyan,Armenia,ARM,https://en.wikipedia.org/wiki/List_of_World_Championships_medalists_in_weightlifting_(men)
world_weightlifting_championships,World Weightlifting Championships,2015,2015-12-31,weightlifting,Weightlifting,bantamweight,World Weightlifting Championships Women Bantamweight total,women,Bantamweight,2015 Houston,1,gold,athlete,Jiang Huihua,China,CHN,https://en.wikipedia.org/wiki/List_of_World_Championships_medalists_in_weightlifting_(women)
world_weightlifting_championships,World Weightlifting Championships,2015,2015-12-31,weightlifting,Weightlifting,bantamweight,World Weightlifting Championships Women Bantamweight total,women,Bantamweight,2015 Houston,2,silver,athlete,Vương Thị Huyền,Vietnam,VIE,https://en.wikipedia.org/wiki/List_of_World_Championships_medalists_in_weightlifting_(women)
world_weightlifting_championships,World Weightlifting Championships,2015,2015-12-31,weightlifting,Weightlifting,bantamweight,World Weightlifting Championships Women Bantamweight total,women,Bantamweight,2015 Houston,3,bronze,athlete,Hiromi Miyake,Japan,JPN,https://en.wikipedia.org/wiki/List_of_World_Championships_medalists_in_weightlifting_(women)
world_weightlifting_championships,World Weightlifting Championships,2015,2015-12-31,weightlifting,Weightlifting,featherweight,World Weightlifting Championships Women Featherweight total,women,Featherweight,2015 Houston,1,gold,athlete,Hsu Shu-ching,Chinese Taipei,TPE,https://en.wikipedia.org/wiki/List_of_World_Championships_medalists_in_weightlifting_(women)
world_weightlifting_championships,World Weightlifting Championships,2015,2015-12-31,weightlifting,Weightlifting,featherweight,World Weightlifting Championships Women Featherweight total,women,Featherweight,2015 Houston,2,silver,athlete,Chen Xiaoting,China,CHN,https://en.wikipedia.org/wiki/List_of_World_Championships_medalists_in_weightlifting_(women)
world_weightlifting_championships,World Weightlifting Championships,2015,2015-12-31,weightlifting,Weightlifting,featherweight,World Weightlifting Championships Women Featherweight total,women,Featherweight,2015 Houston,3,bronze,athlete,Hidilyn Diaz,Philippines,PHI,https://en.wikipedia.org/wiki/List_of_World_Championships_medalists_in_weightlifting_(women)
world_weightlifting_championships,World Weightlifting Championships,2015,2015-12-31,weightlifting,Weightlifting,light-heavyweight,World Weightlifting Championships Women Light heavyweight total,women,Light heavyweight,2015 Houston,1,gold,athlete,Xiang Yanmei,China,CHN,https://en.wikipedia.org/wiki/List_of_World_Championships_medalists_in_weightlifting_(women)
world_weightlifting_championships,World Weightlifting Championships,2015,2015-12-31,weightlifting,Weightlifting,light-heavyweight,World Weightlifting Championships Women Light heavyweight total,women,Light heavyweight,2015 Houston,2,silver,athlete,Zhazira Zhapparkul,Kazakhstan,KAZ,https://en.wikipedia.org/wiki/List_of_World_Championships_medalists_in_weightlifting_(women)
world_weightlifting_championships,World Weightlifting Championships,2015,2015-12-31,weightlifting,Weightlifting,light-heavyweight,World Weightlifting Championships Women Light heavyweight total,women,Light heavyweight,2015 Houston,3,bronze,athlete,Anastasia Romanova,Russia,RUS,https://en.wikipedia.org/wiki/List_of_World_Championships_medalists_in_weightlifting_(women)
world_weightlifting_championships,World Weightlifting Championships,2015,2015-12-31,weightlifting,Weightlifting,lightweight,World Weightlifting Championships Women Lightweight total,women,Lightweight,2015 Houston,1,gold,athlete,Boyanka Kostova,Azerbaijan,AZE,https://en.wikipedia.org/wiki/List_of_World_Championships_medalists_in_weightlifting_(women)
world_weightlifting_championships,World Weightlifting Championships,2015,2015-12-31,weightlifting,Weightlifting,lightweight,World Weightlifting Championships Women Lightweight total,women,Lightweight,2015 Houston,2,silver,athlete,Deng Mengrong,China,CHN,https://en.wikipedia.org/wiki/List_of_World_Championships_medalists_in_weightlifting_(women)
world_weightlifting_championships,World Weightlifting Championships,2015,2015-12-31,weightlifting,Weightlifting,lightweight,World Weightlifting Championships Women Lightweight total,women,Lightweight,2015 Houston,3,bronze,athlete,Kuo Hsing-chun,Chinese Taipei,TPE,https://en.wikipedia.org/wiki/List_of_World_Championships_medalists_in_weightlifting_(women)
world_weightlifting_championships,World Weightlifting Championships,2015,2015-12-31,weightlifting,Weightlifting,middle-heavyweight,World Weightlifting Championships Women Middle heavyweight total,women,Middle heavyweight,2015 Houston,1,gold,athlete,Kang Yue,China,CHN,https://en.wikipedia.org/wiki/List_of_World_Championships_medalists_in_weightlifting_(women)
world_weightlifting_championships,World Weightlifting Championships,2015,2015-12-31,weightlifting,Weightlifting,middle-heavyweight,World Weightlifting Championships Women Middle heavyweight total,women,Middle heavyweight,2015 Houston,2,silver,athlete,Rim Jong-sim,North Korea,PRK,https://en.wikipedia.org/wiki/List_of_World_Championships_medalists_in_weightlifting_(women)
world_weightlifting_championships,World Weightlifting Championships,2015,2015-12-31,weightlifting,Weightlifting,middle-heavyweight,World Weightlifting Championships Women Middle heavyweight total,women,Middle heavyweight,2015 Houston,3,bronze,athlete,Svetlana Podobedova,Kazakhstan,KAZ,https://en.wikipedia.org/wiki/List_of_World_Championships_medalists_in_weightlifting_(women)
world_weightlifting_championships,World Weightlifting Championships,2015,2015-12-31,weightlifting,Weightlifting,middleweight,World Weightlifting Championships Women Middleweight total,women,Middleweight,2015 Houston,1,gold,athlete,Deng Wei,China,CHN,https://en.wikipedia.org/wiki/List_of_World_Championships_medalists_in_weightlifting_(women)
world_weightlifting_championships,World Weightlifting Championships,2015,2015-12-31,weightlifting,Weightlifting,middleweight,World Weightlifting Championships Women Middleweight total,women,Middleweight,2015 Houston,2,silver,athlete,Tima Turieva,Russia,RUS,https://en.wikipedia.org/wiki/List_of_World_Championships_medalists_in_weightlifting_(women)
world_weightlifting_championships,World Weightlifting Championships,2015,2015-12-31,weightlifting,Weightlifting,middleweight,World Weightlifting Championships Women Middleweight total,women,Middleweight,2015 Houston,3,bronze,athlete,Choe Hyo-sim,North Korea,PRK,https://en.wikipedia.org/wiki/List_of_World_Championships_medalists_in_weightlifting_(women)
world_weightlifting_championships,World Weightlifting Championships,2015,2015-12-31,weightlifting,Weightlifting,super-heavyweight,World Weightlifting Championships Women Super heavyweight total,women,Super heavyweight,2015 Houston,1,gold,athlete,Tatiana Kashirina,Russia,RUS,https://en.wikipedia.org/wiki/List_of_World_Championships_medalists_in_weightlifting_(women)
world_weightlifting_championships,World Weightlifting Championships,2015,2015-12-31,weightlifting,Weightlifting,super-heavyweight,World Weightlifting Championships Women Super heavyweight total,women,Super heavyweight,2015 Houston,2,silver,athlete,Meng Suping,China,CHN,https://en.wikipedia.org/wiki/List_of_World_Championships_medalists_in_weightlifting_(women)
world_weightlifting_championships,World Weightlifting Championships,2015,2015-12-31,weightlifting,Weightlifting,super-heavyweight,World Weightlifting Championships Women Super heavyweight total,women,Super heavyweight,2015 Houston,3,bronze,athlete,Kim Kuk-hyang,North Korea,PRK,https://en.wikipedia.org/wiki/List_of_World_Championships_medalists_in_weightlifting_(women)
world_weightlifting_championships,World Weightlifting Championships,2017,2017-12-31,weightlifting,Weightlifting,bantamweight,World Weightlifting Championships Men Bantamweight total,men,Bantamweight,2017 Anaheim,1,gold,athlete,Thạch Kim Tuấn,Vietnam,VIE,https://en.wikipedia.org/wiki/List_of_World_Championships_medalists_in_weightlifting_(men)
world_weightlifting_championships,World Weightlifting Championships,2017,2017-12-31,weightlifting,Weightlifting,bantamweight,World Weightlifting Championships Men Bantamweight total,men,Bantamweight,2017 Anaheim,2,silver,athlete,Trần Lê Quốc Toàn,Vietnam,VIE,https://en.wikipedia.org/wiki/List_of_World_Championships_medalists_in_weightlifting_(men)
world_weightlifting_championships,World Weightlifting Championships,2017,2017-12-31,weightlifting,Weightlifting,bantamweight,World Weightlifting Championships Men Bantamweight total,men,Bantamweight,2017 Anaheim,3,bronze,athlete,Carlos Berna,Colombia,COL,https://en.wikipedia.org/wiki/List_of_World_Championships_medalists_in_weightlifting_(men)
world_weightlifting_championships,World Weightlifting Championships,2017,2017-12-31,weightlifting,Weightlifting,featherweight,World Weightlifting Championships Men Featherweight total,men,Featherweight,2017 Anaheim,1,gold,athlete,Francisco Mosquera,Colombia,COL,https://en.wikipedia.org/wiki/List_of_World_Championships_medalists_in_weightlifting_(men)
world_weightlifting_championships,World Weightlifting Championships,2017,2017-12-31,weightlifting,Weightlifting,featherweight,World Weightlifting Championships Men Featherweight total,men,Featherweight,2017 Anaheim,2,silver,athlete,Yoichi Itokazu,Japan,JPN,https://en.wikipedia.org/wiki/List_of_World_Championships_medalists_in_weightlifting_(men)
world_weightlifting_championships,World Weightlifting Championships,2017,2017-12-31,weightlifting,Weightlifting,featherweight,World Weightlifting Championships Men Featherweight total,men,Featherweight,2017 Anaheim,3,bronze,athlete,Shota Mishvelidze,Georgia,GEO,https://en.wikipedia.org/wiki/List_of_World_Championships_medalists_in_weightlifting_(men)
world_weightlifting_championships,World Weightlifting Championships,2017,2017-12-31,weightlifting,Weightlifting,heavyweight,World Weightlifting Championships Men Heavyweight total,men,Heavyweight,2017 Anaheim,1,gold,athlete,Ali Hashemi,Iran,IRI,https://en.wikipedia.org/wiki/List_of_World_Championships_medalists_in_weightlifting_(men)
world_weightlifting_championships,World Weightlifting Championships,2017,2017-12-31,weightlifting,Weightlifting,heavyweight,World Weightlifting Championships Men Heavyweight total,men,Heavyweight,2017 Anaheim,2,silver,athlete,Artūrs Plēsnieks,Latvia,LAT,https://en.wikipedia.org/wiki/List_of_World_Championships_medalists_in_weightlifting_(men)
world_weightlifting_championships,World Weightlifting Championships,2017,2017-12-31,weightlifting,Weightlifting,heavyweight,World Weightlifting Championships Men Heavyweight total,men,Heavyweight,2017 Anaheim,3,bronze,athlete,Ivan Efremov,Uzbekistan,UZB,https://en.wikipedia.org/wiki/List_of_World_Championships_medalists_in_weightlifting_(men)
world_weightlifting_championships,World Weightlifting Championships,2017,2017-12-31,weightlifting,Weightlifting,light-heavyweight,World Weightlifting Championships Men Light heavyweight total,men,Light heavyweight,2017 Anaheim,1,gold,athlete,Arley Méndez,Chile,CHI,https://en.wikipedia.org/wiki/List_of_World_Championships_medalists_in_weightlifting_(men)
world_weightlifting_championships,World Weightlifting Championships,2017,2017-12-31,weightlifting,Weightlifting,light-heavyweight,World Weightlifting Championships Men Light heavyweight total,men,Light heavyweight,2017 Anaheim,2,silver,athlete,Krzysztof Zwarycz,Poland,POL,https://en.wikipedia.org/wiki/List_of_World_Championships_medalists_in_weightlifting_(men)
world_weightlifting_championships,World Weightlifting Championships,2017,2017-12-31,weightlifting,Weightlifting,light-heavyweight,World Weightlifting Championships Men Light heavyweight total,men,Light heavyweight,2017 Anaheim,3,bronze,athlete,Antonino Pizzolato,Italy,ITA,https://en.wikipedia.org/wiki/List_of_World_Championships_medalists_in_weightlifting_(men)
world_weightlifting_championships,World Weightlifting Championships,2017,2017-12-31,weightlifting,Weightlifting,lightweight,World Weightlifting Championships Men Lightweight total,men,Lightweight,2017 Anaheim,1,gold,athlete,Won Jeong-sik,South Korea,KOR,https://en.wikipedia.org/wiki/List_of_World_Championships_medalists_in_weightlifting_(men)
world_weightlifting_championships,World Weightlifting Championships,2017,2017-12-31,weightlifting,Weightlifting,lightweight,World Weightlifting Championships Men Lightweight total,men,Lightweight,2017 Anaheim,2,silver,athlete,Tairat Bunsuk,Thailand,THA,https://en.wikipedia.org/wiki/List_of_World_Championships_medalists_in_weightlifting_(men)
world_weightlifting_championships,World Weightlifting Championships,2017,2017-12-31,weightlifting,Weightlifting,lightweight,World Weightlifting Championships Men Lightweight total,men,Lightweight,2017 Anaheim,3,bronze,athlete,Bernardin Matam,France,FRA,https://en.wikipedia.org/wiki/List_of_World_Championships_medalists_in_weightlifting_(men)
world_weightlifting_championships,World Weightlifting Championships,2017,2017-12-31,weightlifting,Weightlifting,middle-heavyweight,World Weightlifting Championships Men Middle heavyweight total,men,Middle heavyweight,2017 Anaheim,1,gold,athlete,Sohrab Moradi,Iran,IRI,https://en.wikipedia.org/wiki/List_of_World_Championships_medalists_in_weightlifting_(men)
world_weightlifting_championships,World Weightlifting Championships,2017,2017-12-31,weightlifting,Weightlifting,middle-heavyweight,World Weightlifting Championships Men Middle heavyweight total,men,Middle heavyweight,2017 Anaheim,2,silver,athlete,Ayoub Mousavi,Iran,IRI,https://en.wikipedia.org/wiki/List_of_World_Championships_medalists_in_weightlifting_(men)
world_weightlifting_championships,World Weightlifting Championships,2017,2017-12-31,weightlifting,Weightlifting,middle-heavyweight,World Weightlifting Championships Men Middle heavyweight total,men,Middle heavyweight,2017 Anaheim,3,bronze,athlete,Fares El-Bakh,Qatar,QAT,https://en.wikipedia.org/wiki/List_of_World_Championships_medalists_in_weightlifting_(men)
world_weightlifting_championships,World Weightlifting Championships,2017,2017-12-31,weightlifting,Weightlifting,middleweight,World Weightlifting Championships Men Middleweight total,men,Middleweight,2017 Anaheim,1,gold,athlete,Mohamed Ehab,Egypt,EGY,https://en.wikipedia.org/wiki/List_of_World_Championships_medalists_in_weightlifting_(men)
world_weightlifting_championships,World Weightlifting Championships,2017,2017-12-31,weightlifting,Weightlifting,middleweight,World Weightlifting Championships Men Middleweight total,men,Middleweight,2017 Anaheim,2,silver,athlete,Rejepbaý Rejepow,Turkmenistan,TKM,https://en.wikipedia.org/wiki/List_of_World_Championships_medalists_in_weightlifting_(men)
world_weightlifting_championships,World Weightlifting Championships,2017,2017-12-31,weightlifting,Weightlifting,middleweight,World Weightlifting Championships Men Middleweight total,men,Middleweight,2017 Anaheim,3,bronze,athlete,Harrison Maurus,United States,USA,https://en.wikipedia.org/wiki/List_of_World_Championships_medalists_in_weightlifting_(men)
world_weightlifting_championships,World Weightlifting Championships,2017,2017-12-31,weightlifting,Weightlifting,super-heavyweight,World Weightlifting Championships Men Super heavyweight total,men,Super heavyweight,2017 Anaheim,1,gold,athlete,Lasha Talakhadze,Georgia,GEO,https://en.wikipedia.org/wiki/List_of_World_Championships_medalists_in_weightlifting_(men)
world_weightlifting_championships,World Weightlifting Championships,2017,2017-12-31,weightlifting,Weightlifting,super-heavyweight,World Weightlifting Championships Men Super heavyweight total,men,Super heavyweight,2017 Anaheim,2,silver,athlete,Saeid Alihosseini,Iran,IRI,https://en.wikipedia.org/wiki/List_of_World_Championships_medalists_in_weightlifting_(men)
world_weightlifting_championships,World Weightlifting Championships,2017,2017-12-31,weightlifting,Weightlifting,super-heavyweight,World Weightlifting Championships Men Super heavyweight total,men,Super heavyweight,2017 Anaheim,3,bronze,athlete,Behdad Salimi,Iran,IRI,https://en.wikipedia.org/wiki/List_of_World_Championships_medalists_in_weightlifting_(men)
world_weightlifting_championships,World Weightlifting Championships,2017,2017-12-31,weightlifting,Weightlifting,bantamweight,World Weightlifting Championships Women Bantamweight total,women,Bantamweight,2017 Anaheim,1,gold,athlete,Mirabai Chanu,India,IND,https://en.wikipedia.org/wiki/List_of_World_Championships_medalists_in_weightlifting_(women)
world_weightlifting_championships,World Weightlifting Championships,2017,2017-12-31,weightlifting,Weightlifting,bantamweight,World Weightlifting Championships Women Bantamweight total,women,Bantamweight,2017 Anaheim,2,silver,athlete,Thunya Sukcharoen,Thailand,THA,https://en.wikipedia.org/wiki/List_of_World_Championships_medalists_in_weightlifting_(women)
world_weightlifting_championships,World Weightlifting Championships,2017,2017-12-31,weightlifting,Weightlifting,bantamweight,World Weightlifting Championships Women Bantamweight total,women,Bantamweight,2017 Anaheim,3,bronze,athlete,Ana Segura,Colombia,COL,https://en.wikipedia.org/wiki/List_of_World_Championships_medalists_in_weightlifting_(women)
world_weightlifting_championships,World Weightlifting Championships,2017,2017-12-31,weightlifting,Weightlifting,featherweight,World Weightlifting Championships Women Featherweight total,women,Featherweight,2017 Anaheim,1,gold,athlete,Sopita Tanasan,Thailand,THA,https://en.wikipedia.org/wiki/List_of_World_Championships_medalists_in_weightlifting_(women)
world_weightlifting_championships,World Weightlifting Championships,2017,2017-12-31,weightlifting,Weightlifting,featherweight,World Weightlifting Championships Women Featherweight total,women,Featherweight,2017 Anaheim,2,silver,athlete,Kristina Şermetowa,Turkmenistan,TKM,https://en.wikipedia.org/wiki/List_of_World_Championships_medalists_in_weightlifting_(women)
world_weightlifting_championships,World Weightlifting Championships,2017,2017-12-31,weightlifting,Weightlifting,featherweight,World Weightlifting Championships Women Featherweight total,women,Featherweight,2017 Anaheim,3,bronze,athlete,Hidilyn Diaz,Philippines,PHI,https://en.wikipedia.org/wiki/List_of_World_Championships_medalists_in_weightlifting_(women)
world_weightlifting_championships,World Weightlifting Championships,2017,2017-12-31,weightlifting,Weightlifting,heavyweight,World Weightlifting Championships Women Heavyweight total,women,Heavyweight,2017 Anaheim,1,gold,athlete,Anastasiia Hotfrid,Georgia,GEO,https://en.wikipedia.org/wiki/List_of_World_Championships_medalists_in_weightlifting_(women)
world_weightlifting_championships,World Weightlifting Championships,2017,2017-12-31,weightlifting,Weightlifting,heavyweight,World Weightlifting Championships Women Heavyweight total,women,Heavyweight,2017 Anaheim,2,silver,athlete,María Fernanda Valdés,Chile,CHI,https://en.wikipedia.org/wiki/List_of_World_Championships_medalists_in_weightlifting_(women)
world_weightlifting_championships,World Weightlifting Championships,2017,2017-12-31,weightlifting,Weightlifting,heavyweight,World Weightlifting Championships Women Heavyweight total,women,Heavyweight,2017 Anaheim,3,bronze,athlete,Crismery Santana,Dominican Republic,DOM,https://en.wikipedia.org/wiki/List_of_World_Championships_medalists_in_weightlifting_(women)
world_weightlifting_championships,World Weightlifting Championships,2017,2017-12-31,weightlifting,Weightlifting,light-heavyweight,World Weightlifting Championships Women Light heavyweight total,women,Light heavyweight,2017 Anaheim,1,gold,athlete,Leydi Solís,Colombia,COL,https://en.wikipedia.org/wiki/List_of_World_Championships_medalists_in_weightlifting_(women)
world_weightlifting_championships,World Weightlifting Championships,2017,2017-12-31,weightlifting,Weightlifting,light-heavyweight,World Weightlifting Championships Women Light heavyweight total,women,Light heavyweight,2017 Anaheim,2,silver,athlete,Mattie Rogers,United States,USA,https://en.wikipedia.org/wiki/List_of_World_Championships_medalists_in_weightlifting_(women)
world_weightlifting_championships,World Weightlifting Championships,2017,2017-12-31,weightlifting,Weightlifting,light-heavyweight,World Weightlifting Championships Women Light heavyweight total,women,Light heavyweight,2017 Anaheim,3,bronze,athlete,Miyareth Mendoza,Colombia,COL,https://en.wikipedia.org/wiki/List_of_World_Championships_medalists_in_weightlifting_(women)
world_weightlifting_championships,World Weightlifting Championships,2017,2017-12-31,weightlifting,Weightlifting,lightweight,World Weightlifting Championships Women Lightweight total,women,Lightweight,2017 Anaheim,1,gold,athlete,Kuo Hsing-chun,Chinese Taipei,TPE,https://en.wikipedia.org/wiki/List_of_World_Championships_medalists_in_weightlifting_(women)
world_weightlifting_championships,World Weightlifting Championships,2017,2017-12-31,weightlifting,Weightlifting,lightweight,World Weightlifting Championships Women Lightweight total,women,Lightweight,2017 Anaheim,2,silver,athlete,Sukanya Srisurat,Thailand,THA,https://en.wikipedia.org/wiki/List_of_World_Championships_medalists_in_weightlifting_(women)
world_weightlifting_championships,World Weightlifting Championships,2017,2017-12-31,weightlifting,Weightlifting,lightweight,World Weightlifting Championships Women Lightweight total,women,Lightweight,2017 Anaheim,3,bronze,athlete,Rebeka Koha,Latvia,LAT,https://en.wikipedia.org/wiki/List_of_World_Championships_medalists_in_weightlifting_(women)
world_weightlifting_championships,World Weightlifting Championships,2017,2017-12-31,weightlifting,Weightlifting,middle-heavyweight,World Weightlifting Championships Women Middle heavyweight total,women,Middle heavyweight,2017 Anaheim,1,gold,athlete,Lydia Valentín,Spain,ESP,https://en.wikipedia.org/wiki/List_of_World_Championships_medalists_in_weightlifting_(women)
world_weightlifting_championships,World Weightlifting Championships,2017,2017-12-31,weightlifting,Weightlifting,middle-heavyweight,World Weightlifting Championships Women Middle heavyweight total,women,Middle heavyweight,2017 Anaheim,2,silver,athlete,Neisi Dájomes,Ecuador,ECU,https://en.wikipedia.org/wiki/List_of_World_Championships_medalists_in_weightlifting_(women)
world_weightlifting_championships,World Weightlifting Championships,2017,2017-12-31,weightlifting,Weightlifting,middle-heavyweight,World Weightlifting Championships Women Middle heavyweight total,women,Middle heavyweight,2017 Anaheim,3,bronze,athlete,Gaëlle Nayo-Ketchanke,France,FRA,https://en.wikipedia.org/wiki/List_of_World_Championships_medalists_in_weightlifting_(women)
world_weightlifting_championships,World Weightlifting Championships,2017,2017-12-31,weightlifting,Weightlifting,middleweight,World Weightlifting Championships Women Middleweight total,women,Middleweight,2017 Anaheim,1,gold,athlete,Loredana Toma,Romania,ROU,https://en.wikipedia.org/wiki/List_of_World_Championships_medalists_in_weightlifting_(women)
world_weightlifting_championships,World Weightlifting Championships,2017,2017-12-31,weightlifting,Weightlifting,middleweight,World Weightlifting Championships Women Middleweight total,women,Middleweight,2017 Anaheim,2,silver,athlete,Lina Rivas,Colombia,COL,https://en.wikipedia.org/wiki/List_of_World_Championships_medalists_in_weightlifting_(women)
world_weightlifting_championships,World Weightlifting Championships,2017,2017-12-31,weightlifting,Weightlifting,middleweight,World Weightlifting Championships Women Middleweight total,women,Middleweight,2017 Anaheim,3,bronze,athlete,Mercedes Pérez,Colombia,COL,https://en.wikipedia.org/wiki/List_of_World_Championships_medalists_in_weightlifting_(women)
world_weightlifting_championships,World Weightlifting Championships,2017,2017-12-31,weightlifting,Weightlifting,super-heavyweight,World Weightlifting Championships Women Super heavyweight total,women,Super heavyweight,2017 Anaheim,1,gold,athlete,Sarah Robles,United States,USA,https://en.wikipedia.org/wiki/List_of_World_Championships_medalists_in_weightlifting_(women)
world_weightlifting_championships,World Weightlifting Championships,2017,2017-12-31,weightlifting,Weightlifting,super-heavyweight,World Weightlifting Championships Women Super heavyweight total,women,Super heavyweight,2017 Anaheim,2,silver,athlete,Laurel Hubbard,New Zealand,NZL,https://en.wikipedia.org/wiki/List_of_World_Championships_medalists_in_weightlifting_(women)
world_weightlifting_championships,World Weightlifting Championships,2017,2017-12-31,weightlifting,Weightlifting,super-heavyweight,World Weightlifting Championships Women Super heavyweight total,women,Super heavyweight,2017 Anaheim,3,bronze,athlete,Shaimaa Khalaf,Egypt,EGY,https://en.wikipedia.org/wiki/List_of_World_Championships_medalists_in_weightlifting_(women)
world_weightlifting_championships,World Weightlifting Championships,2018,2018-12-31,weightlifting,Weightlifting,bantamweight,World Weightlifting Championships Men Bantamweight total,men,Bantamweight,2018 Ashgabat,1,gold,athlete,Eko Yuli Irawan,Indonesia,INA,https://en.wikipedia.org/wiki/List_of_World_Championships_medalists_in_weightlifting_(men)
world_weightlifting_championships,World Weightlifting Championships,2018,2018-12-31,weightlifting,Weightlifting,bantamweight,World Weightlifting Championships Men Bantamweight total,men,Bantamweight,2018 Ashgabat,2,silver,athlete,Li Fabin,China,CHN,https://en.wikipedia.org/wiki/List_of_World_Championships_medalists_in_weightlifting_(men)
world_weightlifting_championships,World Weightlifting Championships,2018,2018-12-31,weightlifting,Weightlifting,bantamweight,World Weightlifting Championships Men Bantamweight total,men,Bantamweight,2018 Ashgabat,3,bronze,athlete,Qin Fulin,China,CHN,https://en.wikipedia.org/wiki/List_of_World_Championships_medalists_in_weightlifting_(men)
world_weightlifting_championships,World Weightlifting Championships,2018,2018-12-31,weightlifting,Weightlifting,featherweight,World Weightlifting Championships Men Featherweight total,men,Featherweight,2018 Ashgabat,1,gold,athlete,Chen Lijun,China,CHN,https://en.wikipedia.org/wiki/List_of_World_Championships_medalists_in_weightlifting_(men)
world_weightlifting_championships,World Weightlifting Championships,2018,2018-12-31,weightlifting,Weightlifting,featherweight,World Weightlifting Championships Men Featherweight total,men,Featherweight,2018 Ashgabat,2,silver,athlete,Huang Minhao,China,CHN,https://en.wikipedia.org/wiki/List_of_World_Championships_medalists_in_weightlifting_(men)
world_weightlifting_championships,World Weightlifting Championships,2018,2018-12-31,weightlifting,Weightlifting,featherweight,World Weightlifting Championships Men Featherweight total,men,Featherweight,2018 Ashgabat,3,bronze,athlete,Julio Mayora,"Venezuela, Bolivarian Republic of",VEN,https://en.wikipedia.org/wiki/List_of_World_Championships_medalists_in_weightlifting_(men)
world_weightlifting_championships,World Weightlifting Championships,2018,2018-12-31,weightlifting,Weightlifting,first-heavyweight,World Weightlifting Championships Men First heavyweight total,men,First heavyweight,2018 Ashgabat,1,gold,athlete,Ali Hashemi,Iran,IRI,https://en.wikipedia.org/wiki/List_of_World_Championships_medalists_in_weightlifting_(men)
world_weightlifting_championships,World Weightlifting Championships,2018,2018-12-31,weightlifting,Weightlifting,first-heavyweight,World Weightlifting Championships Men First heavyweight total,men,First heavyweight,2018 Ashgabat,2,silver,athlete,Dmytro Chumak,Ukraine,UKR,https://en.wikipedia.org/wiki/List_of_World_Championships_medalists_in_weightlifting_(men)
world_weightlifting_championships,World Weightlifting Championships,2018,2018-12-31,weightlifting,Weightlifting,first-heavyweight,World Weightlifting Championships Men First heavyweight total,men,First heavyweight,2018 Ashgabat,3,bronze,athlete,Reza Beiranvand,Iran,IRI,https://en.wikipedia.org/wiki/List_of_World_Championships_medalists_in_weightlifting_(men)
world_weightlifting_championships,World Weightlifting Championships,2018,2018-12-31,weightlifting,Weightlifting,flyweight,World Weightlifting Championships Men Flyweight total,men,Flyweight,2018 Ashgabat,1,gold,athlete,Om Yun-chol,North Korea,PRK,https://en.wikipedia.org/wiki/List_of_World_Championships_medalists_in_weightlifting_(men)
world_weightlifting_championships,World Weightlifting Championships,2018,2018-12-31,weightlifting,Weightlifting,flyweight,World Weightlifting Championships Men Flyweight total,men,Flyweight,2018 Ashgabat,2,silver,athlete,Arli Chontey,Kazakhstan,KAZ,https://en.wikipedia.org/wiki/List_of_World_Championships_medalists_in_weightlifting_(men)
world_weightlifting_championships,World Weightlifting Championships,2018,2018-12-31,weightlifting,Weightlifting,flyweight,World Weightlifting Championships Men Flyweight total,men,Flyweight,2018 Ashgabat,3,bronze,athlete,Mirco Scarantino,Italy,ITA,https://en.wikipedia.org/wiki/List_of_World_Championships_medalists_in_weightlifting_(men)
world_weightlifting_championships,World Weightlifting Championships,2018,2018-12-31,weightlifting,Weightlifting,heavyweight,World Weightlifting Championships Men Heavyweight total,men,Heavyweight,2018 Ashgabat,1,gold,athlete,Simon Martirosyan,Armenia,ARM,https://en.wikipedia.org/wiki/List_of_World_Championships_medalists_in_weightlifting_(men)
world_weightlifting_championships,World Weightlifting Championships,2018,2018-12-31,weightlifting,Weightlifting,heavyweight,World Weightlifting Championships Men Heavyweight total,men,Heavyweight,2018 Ashgabat,2,silver,athlete,Yang Zhe,China,CHN,https://en.wikipedia.org/wiki/List_of_World_Championships_medalists_in_weightlifting_(men)
world_weightlifting_championships,World Weightlifting Championships,2018,2018-12-31,weightlifting,Weightlifting,heavyweight,World Weightlifting Championships Men Heavyweight total,men,Heavyweight,2018 Ashgabat,3,bronze,athlete,Arkadiusz Michalski,Poland,POL,https://en.wikipedia.org/wiki/List_of_World_Championships_medalists_in_weightlifting_(men)
world_weightlifting_championships,World Weightlifting Championships,2018,2018-12-31,weightlifting,Weightlifting,light-heavyweight,World Weightlifting Championships Men Light heavyweight total,men,Light heavyweight,2018 Ashgabat,1,gold,athlete,Artem Okulov,Russia,RUS,https://en.wikipedia.org/wiki/List_of_World_Championships_medalists_in_weightlifting_(men)
world_weightlifting_championships,World Weightlifting Championships,2018,2018-12-31,weightlifting,Weightlifting,light-heavyweight,World Weightlifting Championships Men Light heavyweight total,men,Light heavyweight,2018 Ashgabat,2,silver,athlete,Pavel Khadasevich,Belarus,BLR,https://en.wikipedia.org/wiki/List_of_World_Championships_medalists_in_weightlifting_(men)
world_weightlifting_championships,World Weightlifting Championships,2018,2018-12-31,weightlifting,Weightlifting,light-heavyweight,World Weightlifting Championships Men Light heavyweight total,men,Light heavyweight,2018 Ashgabat,3,bronze,athlete,Revaz Davitadze,Georgia,GEO,https://en.wikipedia.org/wiki/List_of_World_Championships_medalists_in_weightlifting_(men)
world_weightlifting_championships,World Weightlifting Championships,2018,2018-12-31,weightlifting,Weightlifting,lightweight,World Weightlifting Championships Men Lightweight total,men,Lightweight,2018 Ashgabat,1,gold,athlete,Shi Zhiyong,China,CHN,https://en.wikipedia.org/wiki/List_of_World_Championships_medalists_in_weightlifting_(men)
world_weightlifting_championships,World Weightlifting Championships,2018,2018-12-31,weightlifting,Weightlifting,lightweight,World Weightlifting Championships Men Lightweight total,men,Lightweight,2018 Ashgabat,2,silver,athlete,Won Jeong-sik,South Korea,KOR,https://en.wikipedia.org/wiki/List_of_World_Championships_medalists_in_weightlifting_(men)
world_weightlifting_championships,World Weightlifting Championships,2018,2018-12-31,weightlifting,Weightlifting,lightweight,World Weightlifting Championships Men Lightweight total,men,Lightweight,2018 Ashgabat,3,bronze,athlete,Vadzim Likharad,Belarus,BLR,https://en.wikipedia.org/wiki/List_of_World_Championships_medalists_in_weightlifting_(men)
world_weightlifting_championships,World Weightlifting Championships,2018,2018-12-31,weightlifting,Weightlifting,middle-heavyweight,World Weightlifting Championships Men Middle heavyweight total,men,Middle heavyweight,2018 Ashgabat,1,gold,athlete,Sohrab Moradi,Iran,IRI,https://en.wikipedia.org/wiki/List_of_World_Championships_medalists_in_weightlifting_(men)
world_weightlifting_championships,World Weightlifting Championships,2018,2018-12-31,weightlifting,Weightlifting,middle-heavyweight,World Weightlifting Championships Men Middle heavyweight total,men,Middle heavyweight,2018 Ashgabat,2,silver,athlete,Tian Tao,China,CHN,https://en.wikipedia.org/wiki/List_of_World_Championships_medalists_in_weightlifting_(men)
world_weightlifting_championships,World Weightlifting Championships,2018,2018-12-31,weightlifting,Weightlifting,middle-heavyweight,World Weightlifting Championships Men Middle heavyweight total,men,Middle heavyweight,2018 Ashgabat,3,bronze,athlete,Nicolae Onică,Romania,ROU,https://en.wikipedia.org/wiki/List_of_World_Championships_medalists_in_weightlifting_(men)
world_weightlifting_championships,World Weightlifting Championships,2018,2018-12-31,weightlifting,Weightlifting,middleweight,World Weightlifting Championships Men Middleweight total,men,Middleweight,2018 Ashgabat,1,gold,athlete,Lü Xiaojun,China,CHN,https://en.wikipedia.org/wiki/List_of_World_Championships_medalists_in_weightlifting_(men)
world_weightlifting_championships,World Weightlifting Championships,2018,2018-12-31,weightlifting,Weightlifting,middleweight,World Weightlifting Championships Men Middleweight total,men,Middleweight,2018 Ashgabat,2,silver,athlete,Mohamed Ehab,Egypt,EGY,https://en.wikipedia.org/wiki/List_of_World_Championships_medalists_in_weightlifting_(men)
world_weightlifting_championships,World Weightlifting Championships,2018,2018-12-31,weightlifting,Weightlifting,middleweight,World Weightlifting Championships Men Middleweight total,men,Middleweight,2018 Ashgabat,3,bronze,athlete,Li Dayin,China,CHN,https://en.wikipedia.org/wiki/List_of_World_Championships_medalists_in_weightlifting_(men)
world_weightlifting_championships,World Weightlifting Championships,2018,2018-12-31,weightlifting,Weightlifting,super-heavyweight,World Weightlifting Championships Men Super heavyweight total,men,Super heavyweight,2018 Ashgabat,1,gold,athlete,Lasha Talakhadze,Georgia,GEO,https://en.wikipedia.org/wiki/List_of_World_Championships_medalists_in_weightlifting_(men)
world_weightlifting_championships,World Weightlifting Championships,2018,2018-12-31,weightlifting,Weightlifting,super-heavyweight,World Weightlifting Championships Men Super heavyweight total,men,Super heavyweight,2018 Ashgabat,2,silver,athlete,Gor Minasyan,Armenia,ARM,https://en.wikipedia.org/wiki/List_of_World_Championships_medalists_in_weightlifting_(men)
world_weightlifting_championships,World Weightlifting Championships,2018,2018-12-31,weightlifting,Weightlifting,super-heavyweight,World Weightlifting Championships Men Super heavyweight total,men,Super heavyweight,2018 Ashgabat,3,bronze,athlete,Fernando Reis,Brazil,BRA,https://en.wikipedia.org/wiki/List_of_World_Championships_medalists_in_weightlifting_(men)
world_weightlifting_championships,World Weightlifting Championships,2018,2018-12-31,weightlifting,Weightlifting,bantamweight,World Weightlifting Championships Women Bantamweight total,women,Bantamweight,2018 Ashgabat,1,gold,athlete,Hou Zhihui,China,CHN,https://en.wikipedia.org/wiki/List_of_World_Championships_medalists_in_weightlifting_(women)
world_weightlifting_championships,World Weightlifting Championships,2018,2018-12-31,weightlifting,Weightlifting,bantamweight,World Weightlifting Championships Women Bantamweight total,women,Bantamweight,2018 Ashgabat,2,silver,athlete,Jiang Huihua,China,CHN,https://en.wikipedia.org/wiki/List_of_World_Championships_medalists_in_weightlifting_(women)
world_weightlifting_championships,World Weightlifting Championships,2018,2018-12-31,weightlifting,Weightlifting,bantamweight,World Weightlifting Championships Women Bantamweight total,women,Bantamweight,2018 Ashgabat,3,bronze,athlete,Elena Andrieș,Romania,ROU,https://en.wikipedia.org/wiki/List_of_World_Championships_medalists_in_weightlifting_(women)
world_weightlifting_championships,World Weightlifting Championships,2018,2018-12-31,weightlifting,Weightlifting,featherweight,World Weightlifting Championships Women Featherweight total,women,Featherweight,2018 Ashgabat,1,gold,athlete,Li Yajun,China,CHN,https://en.wikipedia.org/wiki/List_of_World_Championships_medalists_in_weightlifting_(women)
world_weightlifting_championships,World Weightlifting Championships,2018,2018-12-31,weightlifting,Weightlifting,featherweight,World Weightlifting Championships Women Featherweight total,women,Featherweight,2018 Ashgabat,2,silver,athlete,Zhang Wanqiong,China,CHN,https://en.wikipedia.org/wiki/List_of_World_Championships_medalists_in_weightlifting_(women)
world_weightlifting_championships,World Weightlifting Championships,2018,2018-12-31,weightlifting,Weightlifting,featherweight,World Weightlifting Championships Women Featherweight total,women,Featherweight,2018 Ashgabat,3,bronze,athlete,Zulfiya Chinshanlo,Kazakhstan,KAZ,https://en.wikipedia.org/wiki/List_of_World_Championships_medalists_in_weightlifting_(women)
world_weightlifting_championships,World Weightlifting Championships,2018,2018-12-31,weightlifting,Weightlifting,first-heavyweight,World Weightlifting Championships Women First heavyweight total,women,First heavyweight,2018 Ashgabat,1,gold,athlete,Lydia Valentín,Spain,ESP,https://en.wikipedia.org/wiki/List_of_World_Championships_medalists_in_weightlifting_(women)
world_weightlifting_championships,World Weightlifting Championships,2018,2018-12-31,weightlifting,Weightlifting,first-heavyweight,World Weightlifting Championships Women First heavyweight total,women,First heavyweight,2018 Ashgabat,2,silver,athlete,Darya Naumava,Belarus,BLR,https://en.wikipedia.org/wiki/List_of_World_Championships_medalists_in_weightlifting_(women)
world_weightlifting_championships,World Weightlifting Championships,2018,2018-12-31,weightlifting,Weightlifting,first-heavyweight,World Weightlifting Championships Women First heavyweight total,women,First heavyweight,2018 Ashgabat,3,bronze,athlete,Tamara Salazar,Ecuador,ECU,https://en.wikipedia.org/wiki/List_of_World_Championships_medalists_in_weightlifting_(women)
world_weightlifting_championships,World Weightlifting Championships,2018,2018-12-31,weightlifting,Weightlifting,flyweight,World Weightlifting Championships Women Flyweight total,women,Flyweight,2018 Ashgabat,1,gold,athlete,Ýulduz Jumabaýewa,Turkmenistan,TKM,https://en.wikipedia.org/wiki/List_of_World_Championships_medalists_in_weightlifting_(women)
world_weightlifting_championships,World Weightlifting Championships,2018,2018-12-31,weightlifting,Weightlifting,flyweight,World Weightlifting Championships Women Flyweight total,women,Flyweight,2018 Ashgabat,2,silver,athlete,Chiraphan Nanthawong,Thailand,THA,https://en.wikipedia.org/wiki/List_of_World_Championships_medalists_in_weightlifting_(women)
world_weightlifting_championships,World Weightlifting Championships,2018,2018-12-31,weightlifting,Weightlifting,flyweight,World Weightlifting Championships Women Flyweight total,women,Flyweight,2018 Ashgabat,3,bronze,athlete,Katherin Echandía,"Venezuela, Bolivarian Republic of",VEN,https://en.wikipedia.org/wiki/List_of_World_Championships_medalists_in_weightlifting_(women)
world_weightlifting_championships,World Weightlifting Championships,2018,2018-12-31,weightlifting,Weightlifting,heavyweight,World Weightlifting Championships Women Heavyweight total,women,Heavyweight,2018 Ashgabat,1,gold,athlete,Ao Hui,China,CHN,https://en.wikipedia.org/wiki/List_of_World_Championships_medalists_in_weightlifting_(women)
world_weightlifting_championships,World Weightlifting Championships,2018,2018-12-31,weightlifting,Weightlifting,heavyweight,World Weightlifting Championships Women Heavyweight total,women,Heavyweight,2018 Ashgabat,2,silver,athlete,Kim Un-ju,North Korea,PRK,https://en.wikipedia.org/wiki/List_of_World_Championships_medalists_in_weightlifting_(women)
world_weightlifting_championships,World Weightlifting Championships,2018,2018-12-31,weightlifting,Weightlifting,heavyweight,World Weightlifting Championships Women Heavyweight total,women,Heavyweight,2018 Ashgabat,3,bronze,athlete,Crismery Santana,Dominican Republic,DOM,https://en.wikipedia.org/wiki/List_of_World_Championships_medalists_in_weightlifting_(women)
world_weightlifting_championships,World Weightlifting Championships,2018,2018-12-31,weightlifting,Weightlifting,light-heavyweight,World Weightlifting Championships Women Light heavyweight total,women,Light heavyweight,2018 Ashgabat,1,gold,athlete,Zhang Wangli,China,CHN,https://en.wikipedia.org/wiki/List_of_World_Championships_medalists_in_weightlifting_(women)
world_weightlifting_championships,World Weightlifting Championships,2018,2018-12-31,weightlifting,Weightlifting,light-heavyweight,World Weightlifting Championships Women Light heavyweight total,women,Light heavyweight,2018 Ashgabat,2,silver,athlete,Sara Ahmed,Egypt,EGY,https://en.wikipedia.org/wiki/List_of_World_Championships_medalists_in_weightlifting_(women)
world_weightlifting_championships,World Weightlifting Championships,2018,2018-12-31,weightlifting,Weightlifting,light-heavyweight,World Weightlifting Championships Women Light heavyweight total,women,Light heavyweight,2018 Ashgabat,3,bronze,athlete,Nadezda Likhacheva,Kazakhstan,KAZ,https://en.wikipedia.org/wiki/List_of_World_Championships_medalists_in_weightlifting_(women)
world_weightlifting_championships,World Weightlifting Championships,2018,2018-12-31,weightlifting,Weightlifting,lightweight,World Weightlifting Championships Women Lightweight total,women,Lightweight,2018 Ashgabat,1,gold,athlete,Kuo Hsing-chun,Chinese Taipei,TPE,https://en.wikipedia.org/wiki/List_of_World_Championships_medalists_in_weightlifting_(women)
world_weightlifting_championships,World Weightlifting Championships,2018,2018-12-31,weightlifting,Weightlifting,lightweight,World Weightlifting Championships Women Lightweight total,women,Lightweight,2018 Ashgabat,2,silver,athlete,Chen Guiming,China,CHN,https://en.wikipedia.org/wiki/List_of_World_Championships_medalists_in_weightlifting_(women)
world_weightlifting_championships,World Weightlifting Championships,2018,2018-12-31,weightlifting,Weightlifting,lightweight,World Weightlifting Championships Women Lightweight total,women,Lightweight,2018 Ashgabat,3,bronze,athlete,Rebeka Koha,Latvia,LAT,https://en.wikipedia.org/wiki/List_of_World_Championships_medalists_in_weightlifting_(women)
world_weightlifting_championships,World Weightlifting Championships,2018,2018-12-31,weightlifting,Weightlifting,middle-heavyweight,World Weightlifting Championships Women Middle heavyweight total,women,Middle heavyweight,2018 Ashgabat,1,gold,athlete,Wang Zhouyu,China,CHN,https://en.wikipedia.org/wiki/List_of_World_Championships_medalists_in_weightlifting_(women)
world_weightlifting_championships,World Weightlifting Championships,2018,2018-12-31,weightlifting,Weightlifting,middle-heavyweight,World Weightlifting Championships Women Middle heavyweight total,women,Middle heavyweight,2018 Ashgabat,2,silver,athlete,Rim Jong-sim,North Korea,PRK,https://en.wikipedia.org/wiki/List_of_World_Championships_medalists_in_weightlifting_(women)
world_weightlifting_championships,World Weightlifting Championships,2018,2018-12-31,weightlifting,Weightlifting,middle-heavyweight,World Weightlifting Championships Women Middle heavyweight total,women,Middle heavyweight,2018 Ashgabat,3,bronze,athlete,Neisi Dájomes,Ecuador,ECU,https://en.wikipedia.org/wiki/List_of_World_Championships_medalists_in_weightlifting_(women)
world_weightlifting_championships,World Weightlifting Championships,2018,2018-12-31,weightlifting,Weightlifting,middleweight,World Weightlifting Championships Women Middleweight total,women,Middleweight,2018 Ashgabat,1,gold,athlete,Deng Wei,China,CHN,https://en.wikipedia.org/wiki/List_of_World_Championships_medalists_in_weightlifting_(women)
world_weightlifting_championships,World Weightlifting Championships,2018,2018-12-31,weightlifting,Weightlifting,middleweight,World Weightlifting Championships Women Middleweight total,women,Middleweight,2018 Ashgabat,2,silver,athlete,Rim Un-sim,North Korea,PRK,https://en.wikipedia.org/wiki/List_of_World_Championships_medalists_in_weightlifting_(women)
world_weightlifting_championships,World Weightlifting Championships,2018,2018-12-31,weightlifting,Weightlifting,middleweight,World Weightlifting Championships Women Middleweight total,women,Middleweight,2018 Ashgabat,3,bronze,athlete,Loredana Toma,Romania,ROU,https://en.wikipedia.org/wiki/List_of_World_Championships_medalists_in_weightlifting_(women)
world_weightlifting_championships,World Weightlifting Championships,2018,2018-12-31,weightlifting,Weightlifting,super-heavyweight,World Weightlifting Championships Women Super heavyweight total,women,Super heavyweight,2018 Ashgabat,1,gold,athlete,Tatiana Kashirina,Russia,RUS,https://en.wikipedia.org/wiki/List_of_World_Championships_medalists_in_weightlifting_(women)
world_weightlifting_championships,World Weightlifting Championships,2018,2018-12-31,weightlifting,Weightlifting,super-heavyweight,World Weightlifting Championships Women Super heavyweight total,women,Super heavyweight,2018 Ashgabat,2,silver,athlete,Meng Suping,China,CHN,https://en.wikipedia.org/wiki/List_of_World_Championships_medalists_in_weightlifting_(women)
world_weightlifting_championships,World Weightlifting Championships,2018,2018-12-31,weightlifting,Weightlifting,super-heavyweight,World Weightlifting Championships Women Super heavyweight total,women,Super heavyweight,2018 Ashgabat,3,bronze,athlete,Kim Kuk-hyang,North Korea,PRK,https://en.wikipedia.org/wiki/List_of_World_Championships_medalists_in_weightlifting_(women)
world_weightlifting_championships,World Weightlifting Championships,2019,2019-12-31,weightlifting,Weightlifting,bantamweight,World Weightlifting Championships Men Bantamweight total,men,Bantamweight,2019 Pattaya,1,gold,athlete,Li Fabin,China,CHN,https://en.wikipedia.org/wiki/List_of_World_Championships_medalists_in_weightlifting_(men)
world_weightlifting_championships,World Weightlifting Championships,2019,2019-12-31,weightlifting,Weightlifting,bantamweight,World Weightlifting Championships Men Bantamweight total,men,Bantamweight,2019 Pattaya,2,silver,athlete,Eko Yuli Irawan,Indonesia,INA,https://en.wikipedia.org/wiki/List_of_World_Championships_medalists_in_weightlifting_(men)
world_weightlifting_championships,World Weightlifting Championships,2019,2019-12-31,weightlifting,Weightlifting,bantamweight,World Weightlifting Championships Men Bantamweight total,men,Bantamweight,2019 Pattaya,3,bronze,athlete,Francisco Mosquera,Colombia,COL,https://en.wikipedia.org/wiki/List_of_World_Championships_medalists_in_weightlifting_(men)
world_weightlifting_championships,World Weightlifting Championships,2019,2019-12-31,weightlifting,Weightlifting,featherweight,World Weightlifting Championships Men Featherweight total,men,Featherweight,2019 Pattaya,1,gold,athlete,Chen Lijun,China,CHN,https://en.wikipedia.org/wiki/List_of_World_Championships_medalists_in_weightlifting_(men)
world_weightlifting_championships,World Weightlifting Championships,2019,2019-12-31,weightlifting,Weightlifting,featherweight,World Weightlifting Championships Men Featherweight total,men,Featherweight,2019 Pattaya,2,silver,athlete,Feng Lüdong,China,CHN,https://en.wikipedia.org/wiki/List_of_World_Championships_medalists_in_weightlifting_(men)
world_weightlifting_championships,World Weightlifting Championships,2019,2019-12-31,weightlifting,Weightlifting,featherweight,World Weightlifting Championships Men Featherweight total,men,Featherweight,2019 Pattaya,3,bronze,athlete,Pak Jong-ju,North Korea,PRK,https://en.wikipedia.org/wiki/List_of_World_Championships_medalists_in_weightlifting_(men)
world_weightlifting_championships,World Weightlifting Championships,2019,2019-12-31,weightlifting,Weightlifting,first-heavyweight,World Weightlifting Championships Men First heavyweight total,men,First heavyweight,2019 Pattaya,1,gold,athlete,Yauheni Tsikhantsou,Belarus,BLR,https://en.wikipedia.org/wiki/List_of_World_Championships_medalists_in_weightlifting_(men)
world_weightlifting_championships,World Weightlifting Championships,2019,2019-12-31,weightlifting,Weightlifting,first-heavyweight,World Weightlifting Championships Men First heavyweight total,men,First heavyweight,2019 Pattaya,2,silver,athlete,Jin Yun-seong,South Korea,KOR,https://en.wikipedia.org/wiki/List_of_World_Championships_medalists_in_weightlifting_(men)
world_weightlifting_championships,World Weightlifting Championships,2019,2019-12-31,weightlifting,Weightlifting,first-heavyweight,World Weightlifting Championships Men First heavyweight total,men,First heavyweight,2019 Pattaya,3,bronze,athlete,Reza Dehdar,Iran,IRI,https://en.wikipedia.org/wiki/List_of_World_Championships_medalists_in_weightlifting_(men)
world_weightlifting_championships,World Weightlifting Championships,2019,2019-12-31,weightlifting,Weightlifting,flyweight,World Weightlifting Championships Men Flyweight total,men,Flyweight,2019 Pattaya,1,gold,athlete,Om Yun-chol,North Korea,PRK,https://en.wikipedia.org/wiki/List_of_World_Championships_medalists_in_weightlifting_(men)
world_weightlifting_championships,World Weightlifting Championships,2019,2019-12-31,weightlifting,Weightlifting,flyweight,World Weightlifting Championships Men Flyweight total,men,Flyweight,2019 Pattaya,2,silver,athlete,Igor Son,Kazakhstan,KAZ,https://en.wikipedia.org/wiki/List_of_World_Championships_medalists_in_weightlifting_(men)
world_weightlifting_championships,World Weightlifting Championships,2019,2019-12-31,weightlifting,Weightlifting,flyweight,World Weightlifting Championships Men Flyweight total,men,Flyweight,2019 Pattaya,3,bronze,athlete,Mansour Al-Saleem,Saudi Arabia,KSA,https://en.wikipedia.org/wiki/List_of_World_Championships_medalists_in_weightlifting_(men)
world_weightlifting_championships,World Weightlifting Championships,2019,2019-12-31,weightlifting,Weightlifting,heavyweight,World Weightlifting Championships Men Heavyweight total,men,Heavyweight,2019 Pattaya,1,gold,athlete,Simon Martirosyan,Armenia,ARM,https://en.wikipedia.org/wiki/List_of_World_Championships_medalists_in_weightlifting_(men)
world_weightlifting_championships,World Weightlifting Championships,2019,2019-12-31,weightlifting,Weightlifting,heavyweight,World Weightlifting Championships Men Heavyweight total,men,Heavyweight,2019 Pattaya,2,silver,athlete,Andrei Aramnau,Belarus,BLR,https://en.wikipedia.org/wiki/List_of_World_Championships_medalists_in_weightlifting_(men)
world_weightlifting_championships,World Weightlifting Championships,2019,2019-12-31,weightlifting,Weightlifting,heavyweight,World Weightlifting Championships Men Heavyweight total,men,Heavyweight,2019 Pattaya,3,bronze,athlete,Yang Zhe,China,CHN,https://en.wikipedia.org/wiki/List_of_World_Championships_medalists_in_weightlifting_(men)
world_weightlifting_championships,World Weightlifting Championships,2019,2019-12-31,weightlifting,Weightlifting,light-heavyweight,World Weightlifting Championships Men Light heavyweight total,men,Light heavyweight,2019 Pattaya,1,gold,athlete,Hakob Mkrtchyan,Armenia,ARM,https://en.wikipedia.org/wiki/List_of_World_Championships_medalists_in_weightlifting_(men)
world_weightlifting_championships,World Weightlifting Championships,2019,2019-12-31,weightlifting,Weightlifting,light-heavyweight,World Weightlifting Championships Men Light heavyweight total,men,Light heavyweight,2019 Pattaya,2,silver,athlete,Ali Miri,Iran,IRI,https://en.wikipedia.org/wiki/List_of_World_Championships_medalists_in_weightlifting_(men)
world_weightlifting_championships,World Weightlifting Championships,2019,2019-12-31,weightlifting,Weightlifting,light-heavyweight,World Weightlifting Championships Men Light heavyweight total,men,Light heavyweight,2019 Pattaya,3,bronze,athlete,Revaz Davitadze,Georgia,GEO,https://en.wikipedia.org/wiki/List_of_World_Championships_medalists_in_weightlifting_(men)
world_weightlifting_championships,World Weightlifting Championships,2019,2019-12-31,weightlifting,Weightlifting,lightweight,World Weightlifting Championships Men Lightweight total,men,Lightweight,2019 Pattaya,1,gold,athlete,Shi Zhiyong,China,CHN,https://en.wikipedia.org/wiki/List_of_World_Championships_medalists_in_weightlifting_(men)
world_weightlifting_championships,World Weightlifting Championships,2019,2019-12-31,weightlifting,Weightlifting,lightweight,World Weightlifting Championships Men Lightweight total,men,Lightweight,2019 Pattaya,2,silver,athlete,O Kang-chol,North Korea,PRK,https://en.wikipedia.org/wiki/List_of_World_Championships_medalists_in_weightlifting_(men)
world_weightlifting_championships,World Weightlifting Championships,2019,2019-12-31,weightlifting,Weightlifting,lightweight,World Weightlifting Championships Men Lightweight total,men,Lightweight,2019 Pattaya,3,bronze,athlete,Bozhidar Andreev,Bulgaria,BUL,https://en.wikipedia.org/wiki/List_of_World_Championships_medalists_in_weightlifting_(men)
world_weightlifting_championships,World Weightlifting Championships,2019,2019-12-31,weightlifting,Weightlifting,middle-heavyweight,World Weightlifting Championships Men Middle heavyweight total,men,Middle heavyweight,2019 Pattaya,1,gold,athlete,Tian Tao,China,CHN,https://en.wikipedia.org/wiki/List_of_World_Championships_medalists_in_weightlifting_(men)
world_weightlifting_championships,World Weightlifting Championships,2019,2019-12-31,weightlifting,Weightlifting,middle-heavyweight,World Weightlifting Championships Men Middle heavyweight total,men,Middle heavyweight,2019 Pattaya,2,silver,athlete,Fares El-Bakh,Qatar,QAT,https://en.wikipedia.org/wiki/List_of_World_Championships_medalists_in_weightlifting_(men)
world_weightlifting_championships,World Weightlifting Championships,2019,2019-12-31,weightlifting,Weightlifting,middle-heavyweight,World Weightlifting Championships Men Middle heavyweight total,men,Middle heavyweight,2019 Pattaya,3,bronze,athlete,Anton Pliesnoi,Georgia,GEO,https://en.wikipedia.org/wiki/List_of_World_Championships_medalists_in_weightlifting_(men)
world_weightlifting_championships,World Weightlifting Championships,2019,2019-12-31,weightlifting,Weightlifting,middleweight,World Weightlifting Championships Men Middleweight total,men,Middleweight,2019 Pattaya,1,gold,athlete,Lü Xiaojun,China,CHN,https://en.wikipedia.org/wiki/List_of_World_Championships_medalists_in_weightlifting_(men)
world_weightlifting_championships,World Weightlifting Championships,2019,2019-12-31,weightlifting,Weightlifting,middleweight,World Weightlifting Championships Men Middleweight total,men,Middleweight,2019 Pattaya,2,silver,athlete,Li Dayin,China,CHN,https://en.wikipedia.org/wiki/List_of_World_Championships_medalists_in_weightlifting_(men)
world_weightlifting_championships,World Weightlifting Championships,2019,2019-12-31,weightlifting,Weightlifting,middleweight,World Weightlifting Championships Men Middleweight total,men,Middleweight,2019 Pattaya,3,bronze,athlete,Brayan Rodallegas,Colombia,COL,https://en.wikipedia.org/wiki/List_of_World_Championships_medalists_in_weightlifting_(men)
world_weightlifting_championships,World Weightlifting Championships,2019,2019-12-31,weightlifting,Weightlifting,super-heavyweight,World Weightlifting Championships Men Super heavyweight total,men,Super heavyweight,2019 Pattaya,1,gold,athlete,Lasha Talakhadze,Georgia,GEO,https://en.wikipedia.org/wiki/List_of_World_Championships_medalists_in_weightlifting_(men)
world_weightlifting_championships,World Weightlifting Championships,2019,2019-12-31,weightlifting,Weightlifting,super-heavyweight,World Weightlifting Championships Men Super heavyweight total,men,Super heavyweight,2019 Pattaya,2,silver,athlete,Gor Minasyan,Armenia,ARM,https://en.wikipedia.org/wiki/List_of_World_Championships_medalists_in_weightlifting_(men)
world_weightlifting_championships,World Weightlifting Championships,2019,2019-12-31,weightlifting,Weightlifting,super-heavyweight,World Weightlifting Championships Men Super heavyweight total,men,Super heavyweight,2019 Pattaya,3,bronze,athlete,Ruben Aleksanyan,Armenia,ARM,https://en.wikipedia.org/wiki/List_of_World_Championships_medalists_in_weightlifting_(men)
world_weightlifting_championships,World Weightlifting Championships,2019,2019-12-31,weightlifting,Weightlifting,bantamweight,World Weightlifting Championships Women Bantamweight total,women,Bantamweight,2019 Pattaya,1,gold,athlete,Jiang Huihua,China,CHN,https://en.wikipedia.org/wiki/List_of_World_Championships_medalists_in_weightlifting_(women)
world_weightlifting_championships,World Weightlifting Championships,2019,2019-12-31,weightlifting,Weightlifting,bantamweight,World Weightlifting Championships Women Bantamweight total,women,Bantamweight,2019 Pattaya,2,silver,athlete,Hou Zhihui,China,CHN,https://en.wikipedia.org/wiki/List_of_World_Championships_medalists_in_weightlifting_(women)
world_weightlifting_championships,World Weightlifting Championships,2019,2019-12-31,weightlifting,Weightlifting,bantamweight,World Weightlifting Championships Women Bantamweight total,women,Bantamweight,2019 Pattaya,3,bronze,athlete,Ri Song-gum,North Korea,PRK,https://en.wikipedia.org/wiki/List_of_World_Championships_medalists_in_weightlifting_(women)
world_weightlifting_championships,World Weightlifting Championships,2019,2019-12-31,weightlifting,Weightlifting,featherweight,World Weightlifting Championships Women Featherweight total,women,Featherweight,2019 Pattaya,1,gold,athlete,Liao Qiuyun,China,CHN,https://en.wikipedia.org/wiki/List_of_World_Championships_medalists_in_weightlifting_(women)
world_weightlifting_championships,World Weightlifting Championships,2019,2019-12-31,weightlifting,Weightlifting,featherweight,World Weightlifting Championships Women Featherweight total,women,Featherweight,2019 Pattaya,2,silver,athlete,Zhang Wanqiong,China,CHN,https://en.wikipedia.org/wiki/List_of_World_Championships_medalists_in_weightlifting_(women)
world_weightlifting_championships,World Weightlifting Championships,2019,2019-12-31,weightlifting,Weightlifting,featherweight,World Weightlifting Championships Women Featherweight total,women,Featherweight,2019 Pattaya,3,bronze,athlete,Hidilyn Diaz,Philippines,PHI,https://en.wikipedia.org/wiki/List_of_World_Championships_medalists_in_weightlifting_(women)
world_weightlifting_championships,World Weightlifting Championships,2019,2019-12-31,weightlifting,Weightlifting,first-heavyweight,World Weightlifting Championships Women First heavyweight total,women,First heavyweight,2019 Pattaya,1,gold,athlete,Leydi Solís,Colombia,COL,https://en.wikipedia.org/wiki/List_of_World_Championships_medalists_in_weightlifting_(women)
world_weightlifting_championships,World Weightlifting Championships,2019,2019-12-31,weightlifting,Weightlifting,first-heavyweight,World Weightlifting Championships Women First heavyweight total,women,First heavyweight,2019 Pattaya,2,silver,athlete,Lydia Valentín,Spain,ESP,https://en.wikipedia.org/wiki/List_of_World_Championships_medalists_in_weightlifting_(women)
world_weightlifting_championships,World Weightlifting Championships,2019,2019-12-31,weightlifting,Weightlifting,first-heavyweight,World Weightlifting Championships Women First heavyweight total,women,First heavyweight,2019 Pattaya,3,bronze,athlete,Jenny Arthur,United States,USA,https://en.wikipedia.org/wiki/List_of_World_Championships_medalists_in_weightlifting_(women)
world_weightlifting_championships,World Weightlifting Championships,2019,2019-12-31,weightlifting,Weightlifting,flyweight,World Weightlifting Championships Women Flyweight total,women,Flyweight,2019 Pattaya,1,gold,athlete,Şaziye Erdoğan,Türkiye,TUR,https://en.wikipedia.org/wiki/List_of_World_Championships_medalists_in_weightlifting_(women)
world_weightlifting_championships,World Weightlifting Championships,2019,2019-12-31,weightlifting,Weightlifting,flyweight,World Weightlifting Championships Women Flyweight total,women,Flyweight,2019 Pattaya,2,silver,athlete,Ludia Montero,Cuba,CUB,https://en.wikipedia.org/wiki/List_of_World_Championships_medalists_in_weightlifting_(women)
world_weightlifting_championships,World Weightlifting Championships,2019,2019-12-31,weightlifting,Weightlifting,flyweight,World Weightlifting Championships Women Flyweight total,women,Flyweight,2019 Pattaya,3,bronze,athlete,Lisa Setiawati,Indonesia,INA,https://en.wikipedia.org/wiki/List_of_World_Championships_medalists_in_weightlifting_(women)
world_weightlifting_championships,World Weightlifting Championships,2019,2019-12-31,weightlifting,Weightlifting,heavyweight,World Weightlifting Championships Women Heavyweight total,women,Heavyweight,2019 Pattaya,1,gold,athlete,Wang Zhouyu,China,CHN,https://en.wikipedia.org/wiki/List_of_World_Championships_medalists_in_weightlifting_(women)
world_weightlifting_championships,World Weightlifting Championships,2019,2019-12-31,weightlifting,Weightlifting,heavyweight,World Weightlifting Championships Women Heavyweight total,women,Heavyweight,2019 Pattaya,2,silver,athlete,Kim Un-ju,North Korea,PRK,https://en.wikipedia.org/wiki/List_of_World_Championships_medalists_in_weightlifting_(women)
world_weightlifting_championships,World Weightlifting Championships,2019,2019-12-31,weightlifting,Weightlifting,heavyweight,World Weightlifting Championships Women Heavyweight total,women,Heavyweight,2019 Pattaya,3,bronze,athlete,Tamara Salazar,Ecuador,ECU,https://en.wikipedia.org/wiki/List_of_World_Championships_medalists_in_weightlifting_(women)
world_weightlifting_championships,World Weightlifting Championships,2019,2019-12-31,weightlifting,Weightlifting,light-heavyweight,World Weightlifting Championships Women Light heavyweight total,women,Light heavyweight,2019 Pattaya,1,gold,athlete,Katherine Nye,United States,USA,https://en.wikipedia.org/wiki/List_of_World_Championships_medalists_in_weightlifting_(women)
world_weightlifting_championships,World Weightlifting Championships,2019,2019-12-31,weightlifting,Weightlifting,light-heavyweight,World Weightlifting Championships Women Light heavyweight total,women,Light heavyweight,2019 Pattaya,2,silver,athlete,Mattie Rogers,United States,USA,https://en.wikipedia.org/wiki/List_of_World_Championships_medalists_in_weightlifting_(women)
world_weightlifting_championships,World Weightlifting Championships,2019,2019-12-31,weightlifting,Weightlifting,light-heavyweight,World Weightlifting Championships Women Light heavyweight total,women,Light heavyweight,2019 Pattaya,3,bronze,athlete,Kim Hyo-sim,North Korea,PRK,https://en.wikipedia.org/wiki/List_of_World_Championships_medalists_in_weightlifting_(women)
world_weightlifting_championships,World Weightlifting Championships,2019,2019-12-31,weightlifting,Weightlifting,lightweight,World Weightlifting Championships Women Lightweight total,women,Lightweight,2019 Pattaya,1,gold,athlete,Kuo Hsing-chun,Chinese Taipei,TPE,https://en.wikipedia.org/wiki/List_of_World_Championships_medalists_in_weightlifting_(women)
world_weightlifting_championships,World Weightlifting Championships,2019,2019-12-31,weightlifting,Weightlifting,lightweight,World Weightlifting Championships Women Lightweight total,women,Lightweight,2019 Pattaya,2,silver,athlete,Choe Hyo-sim,North Korea,PRK,https://en.wikipedia.org/wiki/List_of_World_Championships_medalists_in_weightlifting_(women)
world_weightlifting_championships,World Weightlifting Championships,2019,2019-12-31,weightlifting,Weightlifting,lightweight,World Weightlifting Championships Women Lightweight total,women,Lightweight,2019 Pattaya,3,bronze,athlete,Chen Guiming,China,CHN,https://en.wikipedia.org/wiki/List_of_World_Championships_medalists_in_weightlifting_(women)
world_weightlifting_championships,World Weightlifting Championships,2019,2019-12-31,weightlifting,Weightlifting,middle-heavyweight,World Weightlifting Championships Women Middle heavyweight total,women,Middle heavyweight,2019 Pattaya,1,gold,athlete,Rim Jong-sim,North Korea,PRK,https://en.wikipedia.org/wiki/List_of_World_Championships_medalists_in_weightlifting_(women)
world_weightlifting_championships,World Weightlifting Championships,2019,2019-12-31,weightlifting,Weightlifting,middle-heavyweight,World Weightlifting Championships Women Middle heavyweight total,women,Middle heavyweight,2019 Pattaya,2,silver,athlete,Zhang Wangli,China,CHN,https://en.wikipedia.org/wiki/List_of_World_Championships_medalists_in_weightlifting_(women)
world_weightlifting_championships,World Weightlifting Championships,2019,2019-12-31,weightlifting,Weightlifting,middle-heavyweight,World Weightlifting Championships Women Middle heavyweight total,women,Middle heavyweight,2019 Pattaya,3,bronze,athlete,Neisi Dájomes,Ecuador,ECU,https://en.wikipedia.org/wiki/List_of_World_Championships_medalists_in_weightlifting_(women)
world_weightlifting_championships,World Weightlifting Championships,2019,2019-12-31,weightlifting,Weightlifting,middleweight,World Weightlifting Championships Women Middleweight total,women,Middleweight,2019 Pattaya,1,gold,athlete,Deng Wei,China,CHN,https://en.wikipedia.org/wiki/List_of_World_Championships_medalists_in_weightlifting_(women)
world_weightlifting_championships,World Weightlifting Championships,2019,2019-12-31,weightlifting,Weightlifting,middleweight,World Weightlifting Championships Women Middleweight total,women,Middleweight,2019 Pattaya,2,silver,athlete,Rim Un-sim,North Korea,PRK,https://en.wikipedia.org/wiki/List_of_World_Championships_medalists_in_weightlifting_(women)
world_weightlifting_championships,World Weightlifting Championships,2019,2019-12-31,weightlifting,Weightlifting,middleweight,World Weightlifting Championships Women Middleweight total,women,Middleweight,2019 Pattaya,3,bronze,athlete,Loredana Toma,Romania,ROU,https://en.wikipedia.org/wiki/List_of_World_Championships_medalists_in_weightlifting_(women)
world_weightlifting_championships,World Weightlifting Championships,2019,2019-12-31,weightlifting,Weightlifting,super-heavyweight,World Weightlifting Championships Women Super heavyweight total,women,Super heavyweight,2019 Pattaya,1,gold,athlete,Li Wenwen,China,CHN,https://en.wikipedia.org/wiki/List_of_World_Championships_medalists_in_weightlifting_(women)
world_weightlifting_championships,World Weightlifting Championships,2019,2019-12-31,weightlifting,Weightlifting,super-heavyweight,World Weightlifting Championships Women Super heavyweight total,women,Super heavyweight,2019 Pattaya,2,silver,athlete,Tatiana Kashirina,Russia,RUS,https://en.wikipedia.org/wiki/List_of_World_Championships_medalists_in_weightlifting_(women)
world_weightlifting_championships,World Weightlifting Championships,2019,2019-12-31,weightlifting,Weightlifting,super-heavyweight,World Weightlifting Championships Women Super heavyweight total,women,Super heavyweight,2019 Pattaya,3,bronze,athlete,Meng Suping,China,CHN,https://en.wikipedia.org/wiki/List_of_World_Championships_medalists_in_weightlifting_(women)
world_weightlifting_championships,World Weightlifting Championships,2021,2021-12-31,weightlifting,Weightlifting,bantamweight,World Weightlifting Championships Men Bantamweight total,men,Bantamweight,2021 Tashkent,1,gold,athlete,Shin Rok,South Korea,KOR,https://en.wikipedia.org/wiki/List_of_World_Championships_medalists_in_weightlifting_(men)
world_weightlifting_championships,World Weightlifting Championships,2021,2021-12-31,weightlifting,Weightlifting,bantamweight,World Weightlifting Championships Men Bantamweight total,men,Bantamweight,2021 Tashkent,2,silver,athlete,Shota Mishvelidze,Georgia,GEO,https://en.wikipedia.org/wiki/List_of_World_Championships_medalists_in_weightlifting_(men)
world_weightlifting_championships,World Weightlifting Championships,2021,2021-12-31,weightlifting,Weightlifting,bantamweight,World Weightlifting Championships Men Bantamweight total,men,Bantamweight,2021 Tashkent,3,bronze,athlete,Seraj Al-Saleem,Saudi Arabia,KSA,https://en.wikipedia.org/wiki/List_of_World_Championships_medalists_in_weightlifting_(men)
world_weightlifting_championships,World Weightlifting Championships,2021,2021-12-31,weightlifting,Weightlifting,featherweight,World Weightlifting Championships Men Featherweight total,men,Featherweight,2021 Tashkent,1,gold,athlete,Doston Yokubov,Uzbekistan,UZB,https://en.wikipedia.org/wiki/List_of_World_Championships_medalists_in_weightlifting_(men)
world_weightlifting_championships,World Weightlifting Championships,2021,2021-12-31,weightlifting,Weightlifting,featherweight,World Weightlifting Championships Men Featherweight total,men,Featherweight,2021 Tashkent,2,silver,athlete,Francisco Mosquera,Colombia,COL,https://en.wikipedia.org/wiki/List_of_World_Championships_medalists_in_weightlifting_(men)
world_weightlifting_championships,World Weightlifting Championships,2021,2021-12-31,weightlifting,Weightlifting,featherweight,World Weightlifting Championships Men Featherweight total,men,Featherweight,2021 Tashkent,3,bronze,athlete,Zulfat Garaev,Refugee Weightlifting Team,RWF,https://en.wikipedia.org/wiki/List_of_World_Championships_medalists_in_weightlifting_(men)
world_weightlifting_championships,World Weightlifting Championships,2021,2021-12-31,weightlifting,Weightlifting,first-heavyweight,World Weightlifting Championships Men First heavyweight total,men,First heavyweight,2021 Tashkent,1,gold,athlete,Rasoul Motamedi,Iran,IRI,https://en.wikipedia.org/wiki/List_of_World_Championships_medalists_in_weightlifting_(men)
world_weightlifting_championships,World Weightlifting Championships,2021,2021-12-31,weightlifting,Weightlifting,first-heavyweight,World Weightlifting Championships Men First heavyweight total,men,First heavyweight,2021 Tashkent,2,silver,athlete,Jin Yun-seong,South Korea,KOR,https://en.wikipedia.org/wiki/List_of_World_Championships_medalists_in_weightlifting_(men)
world_weightlifting_championships,World Weightlifting Championships,2021,2021-12-31,weightlifting,Weightlifting,first-heavyweight,World Weightlifting Championships Men First heavyweight total,men,First heavyweight,2021 Tashkent,3,bronze,athlete,Amir Hoghoughi,Iran,IRI,https://en.wikipedia.org/wiki/List_of_World_Championships_medalists_in_weightlifting_(men)
world_weightlifting_championships,World Weightlifting Championships,2021,2021-12-31,weightlifting,Weightlifting,flyweight,World Weightlifting Championships Men Flyweight total,men,Flyweight,2021 Tashkent,1,gold,athlete,Arli Chontey,Kazakhstan,KAZ,https://en.wikipedia.org/wiki/List_of_World_Championships_medalists_in_weightlifting_(men)
world_weightlifting_championships,World Weightlifting Championships,2021,2021-12-31,weightlifting,Weightlifting,flyweight,World Weightlifting Championships Men Flyweight total,men,Flyweight,2021 Tashkent,2,silver,athlete,Thada Somboon-uan,Thailand,THA,https://en.wikipedia.org/wiki/List_of_World_Championships_medalists_in_weightlifting_(men)
world_weightlifting_championships,World Weightlifting Championships,2021,2021-12-31,weightlifting,Weightlifting,flyweight,World Weightlifting Championships Men Flyweight total,men,Flyweight,2021 Tashkent,3,bronze,athlete,Angel Rusev,Bulgaria,BUL,https://en.wikipedia.org/wiki/List_of_World_Championships_medalists_in_weightlifting_(men)
world_weightlifting_championships,World Weightlifting Championships,2021,2021-12-31,weightlifting,Weightlifting,heavyweight,World Weightlifting Championships Men Heavyweight total,men,Heavyweight,2021 Tashkent,1,gold,athlete,Akbar Djuraev,Uzbekistan,UZB,https://en.wikipedia.org/wiki/List_of_World_Championships_medalists_in_weightlifting_(men)
world_weightlifting_championships,World Weightlifting Championships,2021,2021-12-31,weightlifting,Weightlifting,heavyweight,World Weightlifting Championships Men Heavyweight total,men,Heavyweight,2021 Tashkent,2,silver,athlete,Ruslan Nurudinov,Uzbekistan,UZB,https://en.wikipedia.org/wiki/List_of_World_Championships_medalists_in_weightlifting_(men)
world_weightlifting_championships,World Weightlifting Championships,2021,2021-12-31,weightlifting,Weightlifting,heavyweight,World Weightlifting Championships Men Heavyweight total,men,Heavyweight,2021 Tashkent,3,bronze,athlete,Simon Martirosyan,Armenia,ARM,https://en.wikipedia.org/wiki/List_of_World_Championships_medalists_in_weightlifting_(men)
world_weightlifting_championships,World Weightlifting Championships,2021,2021-12-31,weightlifting,Weightlifting,light-heavyweight,World Weightlifting Championships Men Light heavyweight total,men,Light heavyweight,2021 Tashkent,1,gold,athlete,Yu Dong-ju,South Korea,KOR,https://en.wikipedia.org/wiki/List_of_World_Championships_medalists_in_weightlifting_(men)
world_weightlifting_championships,World Weightlifting Championships,2021,2021-12-31,weightlifting,Weightlifting,light-heavyweight,World Weightlifting Championships Men Light heavyweight total,men,Light heavyweight,2021 Tashkent,2,silver,athlete,Sarvarbek Zafarjonov,Uzbekistan,UZB,https://en.wikipedia.org/wiki/List_of_World_Championships_medalists_in_weightlifting_(men)
world_weightlifting_championships,World Weightlifting Championships,2021,2021-12-31,weightlifting,Weightlifting,light-heavyweight,World Weightlifting Championships Men Light heavyweight total,men,Light heavyweight,2021 Tashkent,3,bronze,athlete,Revaz Davitadze,Georgia,GEO,https://en.wikipedia.org/wiki/List_of_World_Championships_medalists_in_weightlifting_(men)
world_weightlifting_championships,World Weightlifting Championships,2021,2021-12-31,weightlifting,Weightlifting,lightweight,World Weightlifting Championships Men Lightweight total,men,Lightweight,2021 Tashkent,1,gold,athlete,Rahmat Erwin Abdullah,Indonesia,INA,https://en.wikipedia.org/wiki/List_of_World_Championships_medalists_in_weightlifting_(men)
world_weightlifting_championships,World Weightlifting Championships,2021,2021-12-31,weightlifting,Weightlifting,lightweight,World Weightlifting Championships Men Lightweight total,men,Lightweight,2021 Tashkent,2,silver,athlete,Briken Calja,Albania,ALB,https://en.wikipedia.org/wiki/List_of_World_Championships_medalists_in_weightlifting_(men)
world_weightlifting_championships,World Weightlifting Championships,2021,2021-12-31,weightlifting,Weightlifting,lightweight,World Weightlifting Championships Men Lightweight total,men,Lightweight,2021 Tashkent,3,bronze,athlete,Suttipong Jeeram,Thailand,THA,https://en.wikipedia.org/wiki/List_of_World_Championships_medalists_in_weightlifting_(men)
world_weightlifting_championships,World Weightlifting Championships,2021,2021-12-31,weightlifting,Weightlifting,middle-heavyweight,World Weightlifting Championships Men Middle heavyweight total,men,Middle heavyweight,2021 Tashkent,1,gold,athlete,Lesman Paredes,Colombia,COL,https://en.wikipedia.org/wiki/List_of_World_Championships_medalists_in_weightlifting_(men)
world_weightlifting_championships,World Weightlifting Championships,2021,2021-12-31,weightlifting,Weightlifting,middle-heavyweight,World Weightlifting Championships Men Middle heavyweight total,men,Middle heavyweight,2021 Tashkent,2,silver,athlete,Fares El-Bakh,Qatar,QAT,https://en.wikipedia.org/wiki/List_of_World_Championships_medalists_in_weightlifting_(men)
world_weightlifting_championships,World Weightlifting Championships,2021,2021-12-31,weightlifting,Weightlifting,middle-heavyweight,World Weightlifting Championships Men Middle heavyweight total,men,Middle heavyweight,2021 Tashkent,3,bronze,athlete,Keydomar Vallenilla,"Venezuela, Bolivarian Republic of",VEN,https://en.wikipedia.org/wiki/List_of_World_Championships_medalists_in_weightlifting_(men)
world_weightlifting_championships,World Weightlifting Championships,2021,2021-12-31,weightlifting,Weightlifting,middleweight,World Weightlifting Championships Men Middleweight total,men,Middleweight,2021 Tashkent,1,gold,athlete,Karlos Nasar,Bulgaria,BUL,https://en.wikipedia.org/wiki/List_of_World_Championships_medalists_in_weightlifting_(men)
world_weightlifting_championships,World Weightlifting Championships,2021,2021-12-31,weightlifting,Weightlifting,middleweight,World Weightlifting Championships Men Middleweight total,men,Middleweight,2021 Tashkent,2,silver,athlete,Mirmostafa Javadi,Iran,IRI,https://en.wikipedia.org/wiki/List_of_World_Championships_medalists_in_weightlifting_(men)
world_weightlifting_championships,World Weightlifting Championships,2021,2021-12-31,weightlifting,Weightlifting,middleweight,World Weightlifting Championships Men Middleweight total,men,Middleweight,2021 Tashkent,3,bronze,athlete,Marin Robu,Moldova,MDA,https://en.wikipedia.org/wiki/List_of_World_Championships_medalists_in_weightlifting_(men)
world_weightlifting_championships,World Weightlifting Championships,2021,2021-12-31,weightlifting,Weightlifting,super-heavyweight,World Weightlifting Championships Men Super heavyweight total,men,Super heavyweight,2021 Tashkent,1,gold,athlete,Lasha Talakhadze,Georgia,GEO,https://en.wikipedia.org/wiki/List_of_World_Championships_medalists_in_weightlifting_(men)
world_weightlifting_championships,World Weightlifting Championships,2021,2021-12-31,weightlifting,Weightlifting,super-heavyweight,World Weightlifting Championships Men Super heavyweight total,men,Super heavyweight,2021 Tashkent,2,silver,athlete,Varazdat Lalayan,Armenia,ARM,https://en.wikipedia.org/wiki/List_of_World_Championships_medalists_in_weightlifting_(men)
world_weightlifting_championships,World Weightlifting Championships,2021,2021-12-31,weightlifting,Weightlifting,super-heavyweight,World Weightlifting Championships Men Super heavyweight total,men,Super heavyweight,2021 Tashkent,3,bronze,athlete,Gor Minasyan,Armenia,ARM,https://en.wikipedia.org/wiki/List_of_World_Championships_medalists_in_weightlifting_(men)
world_weightlifting_championships,World Weightlifting Championships,2021,2021-12-31,weightlifting,Weightlifting,bantamweight,World Weightlifting Championships Women Bantamweight total,women,Bantamweight,2021 Tashkent,1,gold,athlete,Surodchana Khambao,Thailand,THA,https://en.wikipedia.org/wiki/List_of_World_Championships_medalists_in_weightlifting_(women)
world_weightlifting_championships,World Weightlifting Championships,2021,2021-12-31,weightlifting,Weightlifting,bantamweight,World Weightlifting Championships Women Bantamweight total,women,Bantamweight,2021 Tashkent,2,silver,athlete,Rira Suzuki,Japan,JPN,https://en.wikipedia.org/wiki/List_of_World_Championships_medalists_in_weightlifting_(women)
world_weightlifting_championships,World Weightlifting Championships,2021,2021-12-31,weightlifting,Weightlifting,bantamweight,World Weightlifting Championships Women Bantamweight total,women,Bantamweight,2021 Tashkent,3,bronze,athlete,Ibuki Takahashi,Japan,JPN,https://en.wikipedia.org/wiki/List_of_World_Championships_medalists_in_weightlifting_(women)
world_weightlifting_championships,World Weightlifting Championships,2021,2021-12-31,weightlifting,Weightlifting,featherweight,World Weightlifting Championships Women Featherweight total,women,Featherweight,2021 Tashkent,1,gold,athlete,Ghofrane Belkhir,Tunisia,TUN,https://en.wikipedia.org/wiki/List_of_World_Championships_medalists_in_weightlifting_(women)
world_weightlifting_championships,World Weightlifting Championships,2021,2021-12-31,weightlifting,Weightlifting,featherweight,World Weightlifting Championships Women Featherweight total,women,Featherweight,2021 Tashkent,2,silver,athlete,Adijat Olarinoye,Nigeria,NGR,https://en.wikipedia.org/wiki/List_of_World_Championships_medalists_in_weightlifting_(women)
world_weightlifting_championships,World Weightlifting Championships,2021,2021-12-31,weightlifting,Weightlifting,featherweight,World Weightlifting Championships Women Featherweight total,women,Featherweight,2021 Tashkent,3,bronze,athlete,Svitlana Samuliak,Ukraine,UKR,https://en.wikipedia.org/wiki/List_of_World_Championships_medalists_in_weightlifting_(women)
world_weightlifting_championships,World Weightlifting Championships,2021,2021-12-31,weightlifting,Weightlifting,first-heavyweight,World Weightlifting Championships Women First heavyweight total,women,First heavyweight,2021 Tashkent,1,gold,athlete,Alina Marushchak,Ukraine,UKR,https://en.wikipedia.org/wiki/List_of_World_Championships_medalists_in_weightlifting_(women)
world_weightlifting_championships,World Weightlifting Championships,2021,2021-12-31,weightlifting,Weightlifting,first-heavyweight,World Weightlifting Championships Women First heavyweight total,women,First heavyweight,2021 Tashkent,2,silver,athlete,Valeria Rivas,Colombia,COL,https://en.wikipedia.org/wiki/List_of_World_Championships_medalists_in_weightlifting_(women)
world_weightlifting_championships,World Weightlifting Championships,2021,2021-12-31,weightlifting,Weightlifting,first-heavyweight,World Weightlifting Championships Women First heavyweight total,women,First heavyweight,2021 Tashkent,3,bronze,athlete,Kim I-seul,South Korea,KOR,https://en.wikipedia.org/wiki/List_of_World_Championships_medalists_in_weightlifting_(women)
world_weightlifting_championships,World Weightlifting Championships,2021,2021-12-31,weightlifting,Weightlifting,flyweight,World Weightlifting Championships Women Flyweight total,women,Flyweight,2021 Tashkent,1,gold,athlete,Thanyathon Sukcharoen,Thailand,THA,https://en.wikipedia.org/wiki/List_of_World_Championships_medalists_in_weightlifting_(women)
world_weightlifting_championships,World Weightlifting Championships,2021,2021-12-31,weightlifting,Weightlifting,flyweight,World Weightlifting Championships Women Flyweight total,women,Flyweight,2021 Tashkent,2,silver,athlete,Manuela Berrío,Colombia,COL,https://en.wikipedia.org/wiki/List_of_World_Championships_medalists_in_weightlifting_(women)
world_weightlifting_championships,World Weightlifting Championships,2021,2021-12-31,weightlifting,Weightlifting,flyweight,World Weightlifting Championships Women Flyweight total,women,Flyweight,2021 Tashkent,3,bronze,athlete,Şaziye Erdoğan,Türkiye,TUR,https://en.wikipedia.org/wiki/List_of_World_Championships_medalists_in_weightlifting_(women)
world_weightlifting_championships,World Weightlifting Championships,2021,2021-12-31,weightlifting,Weightlifting,heavyweight,World Weightlifting Championships Women Heavyweight total,women,Heavyweight,2021 Tashkent,1,gold,athlete,Mönkhjantsangiin Ankhtsetseg,Mongolia,MGL,https://en.wikipedia.org/wiki/List_of_World_Championships_medalists_in_weightlifting_(women)
world_weightlifting_championships,World Weightlifting Championships,2021,2021-12-31,weightlifting,Weightlifting,heavyweight,World Weightlifting Championships Women Heavyweight total,women,Heavyweight,2021 Tashkent,2,silver,athlete,Tursunoy Jabborova,Uzbekistan,UZB,https://en.wikipedia.org/wiki/List_of_World_Championships_medalists_in_weightlifting_(women)
world_weightlifting_championships,World Weightlifting Championships,2021,2021-12-31,weightlifting,Weightlifting,heavyweight,World Weightlifting Championships Women Heavyweight total,women,Heavyweight,2021 Tashkent,3,bronze,athlete,Solfrid Koanda,Norway,NOR,https://en.wikipedia.org/wiki/List_of_World_Championships_medalists_in_weightlifting_(women)
world_weightlifting_championships,World Weightlifting Championships,2021,2021-12-31,weightlifting,Weightlifting,light-heavyweight,World Weightlifting Championships Women Light heavyweight total,women,Light heavyweight,2021 Tashkent,1,gold,athlete,Meredith Alwine,United States,USA,https://en.wikipedia.org/wiki/List_of_World_Championships_medalists_in_weightlifting_(women)
world_weightlifting_championships,World Weightlifting Championships,2021,2021-12-31,weightlifting,Weightlifting,light-heavyweight,World Weightlifting Championships Women Light heavyweight total,women,Light heavyweight,2021 Tashkent,2,silver,athlete,Sarah Davies,Great Britain,GBR,https://en.wikipedia.org/wiki/List_of_World_Championships_medalists_in_weightlifting_(women)
world_weightlifting_championships,World Weightlifting Championships,2021,2021-12-31,weightlifting,Weightlifting,light-heavyweight,World Weightlifting Championships Women Light heavyweight total,women,Light heavyweight,2021 Tashkent,3,bronze,athlete,Patricia Strenius,Sweden,SWE,https://en.wikipedia.org/wiki/List_of_World_Championships_medalists_in_weightlifting_(women)
world_weightlifting_championships,World Weightlifting Championships,2021,2021-12-31,weightlifting,Weightlifting,lightweight,World Weightlifting Championships Women Lightweight total,women,Lightweight,2021 Tashkent,1,gold,athlete,Kuo Hsing-chun,Chinese Taipei,TPE,https://en.wikipedia.org/wiki/List_of_World_Championships_medalists_in_weightlifting_(women)
world_weightlifting_championships,World Weightlifting Championships,2021,2021-12-31,weightlifting,Weightlifting,lightweight,World Weightlifting Championships Women Lightweight total,women,Lightweight,2021 Tashkent,2,silver,athlete,Yenny Álvarez,Colombia,COL,https://en.wikipedia.org/wiki/List_of_World_Championships_medalists_in_weightlifting_(women)
world_weightlifting_championships,World Weightlifting Championships,2021,2021-12-31,weightlifting,Weightlifting,lightweight,World Weightlifting Championships Women Lightweight total,women,Lightweight,2021 Tashkent,3,bronze,athlete,Olga Te,Refugee Weightlifting Team,RWF,https://en.wikipedia.org/wiki/List_of_World_Championships_medalists_in_weightlifting_(women)
world_weightlifting_championships,World Weightlifting Championships,2021,2021-12-31,weightlifting,Weightlifting,middle-heavyweight,World Weightlifting Championships Women Middle heavyweight total,women,Middle heavyweight,2021 Tashkent,1,gold,athlete,Lee Min-ji,South Korea,KOR,https://en.wikipedia.org/wiki/List_of_World_Championships_medalists_in_weightlifting_(women)
world_weightlifting_championships,World Weightlifting Championships,2021,2021-12-31,weightlifting,Weightlifting,middle-heavyweight,World Weightlifting Championships Women Middle heavyweight total,women,Middle heavyweight,2021 Tashkent,2,silver,athlete,Mattie Rogers,United States,USA,https://en.wikipedia.org/wiki/List_of_World_Championships_medalists_in_weightlifting_(women)
world_weightlifting_championships,World Weightlifting Championships,2021,2021-12-31,weightlifting,Weightlifting,middle-heavyweight,World Weightlifting Championships Women Middle heavyweight total,women,Middle heavyweight,2021 Tashkent,3,bronze,athlete,Iana Sotieva,Refugee Weightlifting Team,RWF,https://en.wikipedia.org/wiki/List_of_World_Championships_medalists_in_weightlifting_(women)
world_weightlifting_championships,World Weightlifting Championships,2021,2021-12-31,weightlifting,Weightlifting,middleweight,World Weightlifting Championships Women Middleweight total,women,Middleweight,2021 Tashkent,1,gold,athlete,Neama Said,Egypt,EGY,https://en.wikipedia.org/wiki/List_of_World_Championships_medalists_in_weightlifting_(women)
world_weightlifting_championships,World Weightlifting Championships,2021,2021-12-31,weightlifting,Weightlifting,middleweight,World Weightlifting Championships Women Middleweight total,women,Middleweight,2021 Tashkent,2,silver,athlete,Chen Wen-huei,Chinese Taipei,TPE,https://en.wikipedia.org/wiki/List_of_World_Championships_medalists_in_weightlifting_(women)
world_weightlifting_championships,World Weightlifting Championships,2021,2021-12-31,weightlifting,Weightlifting,middleweight,World Weightlifting Championships Women Middleweight total,women,Middleweight,2021 Tashkent,3,bronze,athlete,Park Min-kyung,South Korea,KOR,https://en.wikipedia.org/wiki/List_of_World_Championships_medalists_in_weightlifting_(women)
world_weightlifting_championships,World Weightlifting Championships,2021,2021-12-31,weightlifting,Weightlifting,super-heavyweight,World Weightlifting Championships Women Super heavyweight total,women,Super heavyweight,2021 Tashkent,1,gold,athlete,Son Young-hee,South Korea,KOR,https://en.wikipedia.org/wiki/List_of_World_Championships_medalists_in_weightlifting_(women)
world_weightlifting_championships,World Weightlifting Championships,2021,2021-12-31,weightlifting,Weightlifting,super-heavyweight,World Weightlifting Championships Women Super heavyweight total,women,Super heavyweight,2021 Tashkent,2,silver,athlete,Duangaksorn Chaidee,Thailand,THA,https://en.wikipedia.org/wiki/List_of_World_Championships_medalists_in_weightlifting_(women)
world_weightlifting_championships,World Weightlifting Championships,2021,2021-12-31,weightlifting,Weightlifting,super-heavyweight,World Weightlifting Championships Women Super heavyweight total,women,Super heavyweight,2021 Tashkent,3,bronze,athlete,Emily Campbell,Great Britain,GBR,https://en.wikipedia.org/wiki/List_of_World_Championships_medalists_in_weightlifting_(women)
world_weightlifting_championships,World Weightlifting Championships,2022,2022-12-31,weightlifting,Weightlifting,bantamweight,World Weightlifting Championships Men Bantamweight total,men,Bantamweight,2022 Bogotá,1,gold,athlete,Li Fabin,China,CHN,https://en.wikipedia.org/wiki/List_of_World_Championships_medalists_in_weightlifting_(men)
world_weightlifting_championships,World Weightlifting Championships,2022,2022-12-31,weightlifting,Weightlifting,bantamweight,World Weightlifting Championships Men Bantamweight total,men,Bantamweight,2022 Bogotá,2,silver,athlete,Eko Yuli Irawan,Indonesia,INA,https://en.wikipedia.org/wiki/List_of_World_Championships_medalists_in_weightlifting_(men)
world_weightlifting_championships,World Weightlifting Championships,2022,2022-12-31,weightlifting,Weightlifting,bantamweight,World Weightlifting Championships Men Bantamweight total,men,Bantamweight,2022 Bogotá,3,bronze,athlete,He Yueji,China,CHN,https://en.wikipedia.org/wiki/List_of_World_Championships_medalists_in_weightlifting_(men)
world_weightlifting_championships,World Weightlifting Championships,2022,2022-12-31,weightlifting,Weightlifting,featherweight,World Weightlifting Championships Men Featherweight total,men,Featherweight,2022 Bogotá,1,gold,athlete,Francisco Mosquera,Colombia,COL,https://en.wikipedia.org/wiki/List_of_World_Championships_medalists_in_weightlifting_(men)
world_weightlifting_championships,World Weightlifting Championships,2022,2022-12-31,weightlifting,Weightlifting,featherweight,World Weightlifting Championships Men Featherweight total,men,Featherweight,2022 Bogotá,2,silver,athlete,Chen Lijun,China,CHN,https://en.wikipedia.org/wiki/List_of_World_Championships_medalists_in_weightlifting_(men)
world_weightlifting_championships,World Weightlifting Championships,2022,2022-12-31,weightlifting,Weightlifting,featherweight,World Weightlifting Championships Men Featherweight total,men,Featherweight,2022 Bogotá,3,bronze,athlete,Weeraphon Wichuma,Thailand,THA,https://en.wikipedia.org/wiki/List_of_World_Championships_medalists_in_weightlifting_(men)
world_weightlifting_championships,World Weightlifting Championships,2022,2022-12-31,weightlifting,Weightlifting,first-heavyweight,World Weightlifting Championships Men First heavyweight total,men,First heavyweight,2022 Bogotá,1,gold,athlete,Fares El-Bakh,Qatar,QAT,https://en.wikipedia.org/wiki/List_of_World_Championships_medalists_in_weightlifting_(men)
world_weightlifting_championships,World Weightlifting Championships,2022,2022-12-31,weightlifting,Weightlifting,first-heavyweight,World Weightlifting Championships Men First heavyweight total,men,First heavyweight,2022 Bogotá,2,silver,athlete,Reza Dehdar,Iran,IRI,https://en.wikipedia.org/wiki/List_of_World_Championships_medalists_in_weightlifting_(men)
world_weightlifting_championships,World Weightlifting Championships,2022,2022-12-31,weightlifting,Weightlifting,first-heavyweight,World Weightlifting Championships Men First heavyweight total,men,First heavyweight,2022 Bogotá,3,bronze,athlete,Samvel Gasparyan,Armenia,ARM,https://en.wikipedia.org/wiki/List_of_World_Championships_medalists_in_weightlifting_(men)
world_weightlifting_championships,World Weightlifting Championships,2022,2022-12-31,weightlifting,Weightlifting,flyweight,World Weightlifting Championships Men Flyweight total,men,Flyweight,2022 Bogotá,1,gold,athlete,Theerapong Silachai,Thailand,THA,https://en.wikipedia.org/wiki/List_of_World_Championships_medalists_in_weightlifting_(men)
world_weightlifting_championships,World Weightlifting Championships,2022,2022-12-31,weightlifting,Weightlifting,flyweight,World Weightlifting Championships Men Flyweight total,men,Flyweight,2022 Bogotá,2,silver,athlete,Ngô Sơn Đỉnh,Vietnam,VIE,https://en.wikipedia.org/wiki/List_of_World_Championships_medalists_in_weightlifting_(men)
world_weightlifting_championships,World Weightlifting Championships,2022,2022-12-31,weightlifting,Weightlifting,flyweight,World Weightlifting Championships Men Flyweight total,men,Flyweight,2022 Bogotá,3,bronze,athlete,Kim Yong-ho,South Korea,KOR,https://en.wikipedia.org/wiki/List_of_World_Championships_medalists_in_weightlifting_(men)
world_weightlifting_championships,World Weightlifting Championships,2022,2022-12-31,weightlifting,Weightlifting,heavyweight,World Weightlifting Championships Men Heavyweight total,men,Heavyweight,2022 Bogotá,1,gold,athlete,Ruslan Nurudinov,Uzbekistan,UZB,https://en.wikipedia.org/wiki/List_of_World_Championships_medalists_in_weightlifting_(men)
world_weightlifting_championships,World Weightlifting Championships,2022,2022-12-31,weightlifting,Weightlifting,heavyweight,World Weightlifting Championships Men Heavyweight total,men,Heavyweight,2022 Bogotá,2,silver,athlete,Giorgi Chkheidze,Georgia,GEO,https://en.wikipedia.org/wiki/List_of_World_Championships_medalists_in_weightlifting_(men)
world_weightlifting_championships,World Weightlifting Championships,2022,2022-12-31,weightlifting,Weightlifting,heavyweight,World Weightlifting Championships Men Heavyweight total,men,Heavyweight,2022 Bogotá,3,bronze,athlete,Rafael Cerro,Colombia,COL,https://en.wikipedia.org/wiki/List_of_World_Championships_medalists_in_weightlifting_(men)
world_weightlifting_championships,World Weightlifting Championships,2022,2022-12-31,weightlifting,Weightlifting,light-heavyweight,World Weightlifting Championships Men Light heavyweight total,men,Light heavyweight,2022 Bogotá,1,gold,athlete,Keydomar Vallenilla,"Venezuela, Bolivarian Republic of",VEN,https://en.wikipedia.org/wiki/List_of_World_Championships_medalists_in_weightlifting_(men)
world_weightlifting_championships,World Weightlifting Championships,2022,2022-12-31,weightlifting,Weightlifting,light-heavyweight,World Weightlifting Championships Men Light heavyweight total,men,Light heavyweight,2022 Bogotá,2,silver,athlete,Brayan Rodallegas,Colombia,COL,https://en.wikipedia.org/wiki/List_of_World_Championships_medalists_in_weightlifting_(men)
world_weightlifting_championships,World Weightlifting Championships,2022,2022-12-31,weightlifting,Weightlifting,light-heavyweight,World Weightlifting Championships Men Light heavyweight total,men,Light heavyweight,2022 Bogotá,3,bronze,athlete,Liu Huanhua,China,CHN,https://en.wikipedia.org/wiki/List_of_World_Championships_medalists_in_weightlifting_(men)
world_weightlifting_championships,World Weightlifting Championships,2022,2022-12-31,weightlifting,Weightlifting,lightweight,World Weightlifting Championships Men Lightweight total,men,Lightweight,2022 Bogotá,1,gold,athlete,Rahmat Erwin Abdullah,Indonesia,INA,https://en.wikipedia.org/wiki/List_of_World_Championships_medalists_in_weightlifting_(men)
world_weightlifting_championships,World Weightlifting Championships,2022,2022-12-31,weightlifting,Weightlifting,lightweight,World Weightlifting Championships Men Lightweight total,men,Lightweight,2022 Bogotá,2,silver,athlete,Rizki Juniansyah,Indonesia,INA,https://en.wikipedia.org/wiki/List_of_World_Championships_medalists_in_weightlifting_(men)
world_weightlifting_championships,World Weightlifting Championships,2022,2022-12-31,weightlifting,Weightlifting,lightweight,World Weightlifting Championships Men Lightweight total,men,Lightweight,2022 Bogotá,3,bronze,athlete,Alexey Churkin,Kazakhstan,KAZ,https://en.wikipedia.org/wiki/List_of_World_Championships_medalists_in_weightlifting_(men)
world_weightlifting_championships,World Weightlifting Championships,2022,2022-12-31,weightlifting,Weightlifting,middle-heavyweight,World Weightlifting Championships Men Middle heavyweight total,men,Middle heavyweight,2022 Bogotá,1,gold,athlete,Lesman Paredes,Bahrain,BRN,https://en.wikipedia.org/wiki/List_of_World_Championships_medalists_in_weightlifting_(men)
world_weightlifting_championships,World Weightlifting Championships,2022,2022-12-31,weightlifting,Weightlifting,middle-heavyweight,World Weightlifting Championships Men Middle heavyweight total,men,Middle heavyweight,2022 Bogotá,2,silver,athlete,Nurgissa Adiletuly,Kazakhstan,KAZ,https://en.wikipedia.org/wiki/List_of_World_Championships_medalists_in_weightlifting_(men)
world_weightlifting_championships,World Weightlifting Championships,2022,2022-12-31,weightlifting,Weightlifting,middle-heavyweight,World Weightlifting Championships Men Middle heavyweight total,men,Middle heavyweight,2022 Bogotá,3,bronze,athlete,Jhor Moreno,Colombia,COL,https://en.wikipedia.org/wiki/List_of_World_Championships_medalists_in_weightlifting_(men)
world_weightlifting_championships,World Weightlifting Championships,2022,2022-12-31,weightlifting,Weightlifting,middleweight,World Weightlifting Championships Men Middleweight total,men,Middleweight,2022 Bogotá,1,gold,athlete,Li Dayin,China,CHN,https://en.wikipedia.org/wiki/List_of_World_Championships_medalists_in_weightlifting_(men)
world_weightlifting_championships,World Weightlifting Championships,2022,2022-12-31,weightlifting,Weightlifting,middleweight,World Weightlifting Championships Men Middleweight total,men,Middleweight,2022 Bogotá,2,silver,athlete,Rejepbaý Rejepow,Turkmenistan,TKM,https://en.wikipedia.org/wiki/List_of_World_Championships_medalists_in_weightlifting_(men)
world_weightlifting_championships,World Weightlifting Championships,2022,2022-12-31,weightlifting,Weightlifting,middleweight,World Weightlifting Championships Men Middleweight total,men,Middleweight,2022 Bogotá,3,bronze,athlete,Kim Woo-jae,South Korea,KOR,https://en.wikipedia.org/wiki/List_of_World_Championships_medalists_in_weightlifting_(men)
world_weightlifting_championships,World Weightlifting Championships,2022,2022-12-31,weightlifting,Weightlifting,super-heavyweight,World Weightlifting Championships Men Super heavyweight total,men,Super heavyweight,2022 Bogotá,1,gold,athlete,Lasha Talakhadze,Georgia,GEO,https://en.wikipedia.org/wiki/List_of_World_Championships_medalists_in_weightlifting_(men)
world_weightlifting_championships,World Weightlifting Championships,2022,2022-12-31,weightlifting,Weightlifting,super-heavyweight,World Weightlifting Championships Men Super heavyweight total,men,Super heavyweight,2022 Bogotá,2,silver,athlete,Gor Minasyan,Bahrain,BRN,https://en.wikipedia.org/wiki/List_of_World_Championships_medalists_in_weightlifting_(men)
world_weightlifting_championships,World Weightlifting Championships,2022,2022-12-31,weightlifting,Weightlifting,super-heavyweight,World Weightlifting Championships Men Super heavyweight total,men,Super heavyweight,2022 Bogotá,3,bronze,athlete,Varazdat Lalayan,Armenia,ARM,https://en.wikipedia.org/wiki/List_of_World_Championships_medalists_in_weightlifting_(men)
world_weightlifting_championships,World Weightlifting Championships,2022,2022-12-31,weightlifting,Weightlifting,bantamweight,World Weightlifting Championships Women Bantamweight total,women,Bantamweight,2022 Bogotá,1,gold,athlete,Jiang Huihua,China,CHN,https://en.wikipedia.org/wiki/List_of_World_Championships_medalists_in_weightlifting_(women)
world_weightlifting_championships,World Weightlifting Championships,2022,2022-12-31,weightlifting,Weightlifting,bantamweight,World Weightlifting Championships Women Bantamweight total,women,Bantamweight,2022 Bogotá,2,silver,athlete,Mirabai Chanu,India,IND,https://en.wikipedia.org/wiki/List_of_World_Championships_medalists_in_weightlifting_(women)
world_weightlifting_championships,World Weightlifting Championships,2022,2022-12-31,weightlifting,Weightlifting,bantamweight,World Weightlifting Championships Women Bantamweight total,women,Bantamweight,2022 Bogotá,3,bronze,athlete,Hou Zhihui,China,CHN,https://en.wikipedia.org/wiki/List_of_World_Championships_medalists_in_weightlifting_(women)
world_weightlifting_championships,World Weightlifting Championships,2022,2022-12-31,weightlifting,Weightlifting,featherweight,World Weightlifting Championships Women Featherweight total,women,Featherweight,2022 Bogotá,1,gold,athlete,Hidilyn Diaz,Philippines,PHI,https://en.wikipedia.org/wiki/List_of_World_Championships_medalists_in_weightlifting_(women)
world_weightlifting_championships,World Weightlifting Championships,2022,2022-12-31,weightlifting,Weightlifting,featherweight,World Weightlifting Championships Women Featherweight total,women,Featherweight,2022 Bogotá,2,silver,athlete,Rosalba Morales,Colombia,COL,https://en.wikipedia.org/wiki/List_of_World_Championships_medalists_in_weightlifting_(women)
world_weightlifting_championships,World Weightlifting Championships,2022,2022-12-31,weightlifting,Weightlifting,featherweight,World Weightlifting Championships Women Featherweight total,women,Featherweight,2022 Bogotá,3,bronze,athlete,Ana Gabriela López,Mexico,MEX,https://en.wikipedia.org/wiki/List_of_World_Championships_medalists_in_weightlifting_(women)
world_weightlifting_championships,World Weightlifting Championships,2022,2022-12-31,weightlifting,Weightlifting,first-heavyweight,World Weightlifting Championships Women First heavyweight total,women,First heavyweight,2022 Bogotá,1,gold,athlete,Liang Xiaomei,China,CHN,https://en.wikipedia.org/wiki/List_of_World_Championships_medalists_in_weightlifting_(women)
world_weightlifting_championships,World Weightlifting Championships,2022,2022-12-31,weightlifting,Weightlifting,first-heavyweight,World Weightlifting Championships Women First heavyweight total,women,First heavyweight,2022 Bogotá,2,silver,athlete,Wang Zhouyu,China,CHN,https://en.wikipedia.org/wiki/List_of_World_Championships_medalists_in_weightlifting_(women)
world_weightlifting_championships,World Weightlifting Championships,2022,2022-12-31,weightlifting,Weightlifting,first-heavyweight,World Weightlifting Championships Women First heavyweight total,women,First heavyweight,2022 Bogotá,3,bronze,athlete,Tamara Salazar,Ecuador,ECU,https://en.wikipedia.org/wiki/List_of_World_Championships_medalists_in_weightlifting_(women)
world_weightlifting_championships,World Weightlifting Championships,2022,2022-12-31,weightlifting,Weightlifting,flyweight,World Weightlifting Championships Women Flyweight total,women,Flyweight,2022 Bogotá,1,gold,athlete,Thanyathon Sukcharoen,Thailand,THA,https://en.wikipedia.org/wiki/List_of_World_Championships_medalists_in_weightlifting_(women)
world_weightlifting_championships,World Weightlifting Championships,2022,2022-12-31,weightlifting,Weightlifting,flyweight,World Weightlifting Championships Women Flyweight total,women,Flyweight,2022 Bogotá,2,silver,athlete,Chayuttra Pramongkhol,Thailand,THA,https://en.wikipedia.org/wiki/List_of_World_Championships_medalists_in_weightlifting_(women)
world_weightlifting_championships,World Weightlifting Championships,2022,2022-12-31,weightlifting,Weightlifting,flyweight,World Weightlifting Championships Women Flyweight total,women,Flyweight,2022 Bogotá,3,bronze,athlete,Manuela Berrío,Colombia,COL,https://en.wikipedia.org/wiki/List_of_World_Championships_medalists_in_weightlifting_(women)
world_weightlifting_championships,World Weightlifting Championships,2022,2022-12-31,weightlifting,Weightlifting,heavyweight,World Weightlifting Championships Women Heavyweight total,women,Heavyweight,2022 Bogotá,1,gold,athlete,Solfrid Koanda,Norway,NOR,https://en.wikipedia.org/wiki/List_of_World_Championships_medalists_in_weightlifting_(women)
world_weightlifting_championships,World Weightlifting Championships,2022,2022-12-31,weightlifting,Weightlifting,heavyweight,World Weightlifting Championships Women Heavyweight total,women,Heavyweight,2022 Bogotá,2,silver,athlete,Eileen Cikamatana,Australia,AUS,https://en.wikipedia.org/wiki/List_of_World_Championships_medalists_in_weightlifting_(women)
world_weightlifting_championships,World Weightlifting Championships,2022,2022-12-31,weightlifting,Weightlifting,heavyweight,World Weightlifting Championships Women Heavyweight total,women,Heavyweight,2022 Bogotá,3,bronze,athlete,Tursunoy Jabborova,Uzbekistan,UZB,https://en.wikipedia.org/wiki/List_of_World_Championships_medalists_in_weightlifting_(women)
world_weightlifting_championships,World Weightlifting Championships,2022,2022-12-31,weightlifting,Weightlifting,light-heavyweight,World Weightlifting Championships Women Light heavyweight total,women,Light heavyweight,2022 Bogotá,1,gold,athlete,Loredana Toma,Romania,ROU,https://en.wikipedia.org/wiki/List_of_World_Championships_medalists_in_weightlifting_(women)
world_weightlifting_championships,World Weightlifting Championships,2022,2022-12-31,weightlifting,Weightlifting,light-heavyweight,World Weightlifting Championships Women Light heavyweight total,women,Light heavyweight,2022 Bogotá,2,silver,athlete,Zeng Tiantian,China,CHN,https://en.wikipedia.org/wiki/List_of_World_Championships_medalists_in_weightlifting_(women)
world_weightlifting_championships,World Weightlifting Championships,2022,2022-12-31,weightlifting,Weightlifting,light-heavyweight,World Weightlifting Championships Women Light heavyweight total,women,Light heavyweight,2022 Bogotá,3,bronze,athlete,Angie Palacios,Ecuador,ECU,https://en.wikipedia.org/wiki/List_of_World_Championships_medalists_in_weightlifting_(women)
world_weightlifting_championships,World Weightlifting Championships,2022,2022-12-31,weightlifting,Weightlifting,lightweight,World Weightlifting Championships Women Lightweight total,women,Lightweight,2022 Bogotá,1,gold,athlete,Yenny Álvarez,Colombia,COL,https://en.wikipedia.org/wiki/List_of_World_Championships_medalists_in_weightlifting_(women)
world_weightlifting_championships,World Weightlifting Championships,2022,2022-12-31,weightlifting,Weightlifting,lightweight,World Weightlifting Championships Women Lightweight total,women,Lightweight,2022 Bogotá,2,silver,athlete,Kuo Hsing-chun,Chinese Taipei,TPE,https://en.wikipedia.org/wiki/List_of_World_Championships_medalists_in_weightlifting_(women)
world_weightlifting_championships,World Weightlifting Championships,2022,2022-12-31,weightlifting,Weightlifting,lightweight,World Weightlifting Championships Women Lightweight total,women,Lightweight,2022 Bogotá,3,bronze,athlete,Maude Charron,Canada,CAN,https://en.wikipedia.org/wiki/List_of_World_Championships_medalists_in_weightlifting_(women)
world_weightlifting_championships,World Weightlifting Championships,2022,2022-12-31,weightlifting,Weightlifting,middle-heavyweight,World Weightlifting Championships Women Middle heavyweight total,women,Middle heavyweight,2022 Bogotá,1,gold,athlete,Sara Ahmed,Egypt,EGY,https://en.wikipedia.org/wiki/List_of_World_Championships_medalists_in_weightlifting_(women)
world_weightlifting_championships,World Weightlifting Championships,2022,2022-12-31,weightlifting,Weightlifting,middle-heavyweight,World Weightlifting Championships Women Middle heavyweight total,women,Middle heavyweight,2022 Bogotá,2,silver,athlete,Mattie Rogers,United States,USA,https://en.wikipedia.org/wiki/List_of_World_Championships_medalists_in_weightlifting_(women)
world_weightlifting_championships,World Weightlifting Championships,2022,2022-12-31,weightlifting,Weightlifting,middle-heavyweight,World Weightlifting Championships Women Middle heavyweight total,women,Middle heavyweight,2022 Bogotá,3,bronze,athlete,Kim Su-hyeon,South Korea,KOR,https://en.wikipedia.org/wiki/List_of_World_Championships_medalists_in_weightlifting_(women)
world_weightlifting_championships,World Weightlifting Championships,2022,2022-12-31,weightlifting,Weightlifting,middleweight,World Weightlifting Championships Women Middleweight total,women,Middleweight,2022 Bogotá,1,gold,athlete,Pei Xinyi,China,CHN,https://en.wikipedia.org/wiki/List_of_World_Championships_medalists_in_weightlifting_(women)
world_weightlifting_championships,World Weightlifting Championships,2022,2022-12-31,weightlifting,Weightlifting,middleweight,World Weightlifting Championships Women Middleweight total,women,Middleweight,2022 Bogotá,2,silver,athlete,Rattanawan Wamalun,Thailand,THA,https://en.wikipedia.org/wiki/List_of_World_Championships_medalists_in_weightlifting_(women)
world_weightlifting_championships,World Weightlifting Championships,2022,2022-12-31,weightlifting,Weightlifting,middleweight,World Weightlifting Championships Women Middleweight total,women,Middleweight,2022 Bogotá,3,bronze,athlete,Natalia Llamosa,Colombia,COL,https://en.wikipedia.org/wiki/List_of_World_Championships_medalists_in_weightlifting_(women)
world_weightlifting_championships,World Weightlifting Championships,2022,2022-12-31,weightlifting,Weightlifting,super-heavyweight,World Weightlifting Championships Women Super heavyweight total,women,Super heavyweight,2022 Bogotá,1,gold,athlete,Li Wenwen,China,CHN,https://en.wikipedia.org/wiki/List_of_World_Championships_medalists_in_weightlifting_(women)
world_weightlifting_championships,World Weightlifting Championships,2022,2022-12-31,weightlifting,Weightlifting,super-heavyweight,World Weightlifting Championships Women Super heavyweight total,women,Super heavyweight,2022 Bogotá,2,silver,athlete,Emily Campbell,Great Britain,GBR,https://en.wikipedia.org/wiki/List_of_World_Championships_medalists_in_weightlifting_(women)
world_weightlifting_championships,World Weightlifting Championships,2022,2022-12-31,weightlifting,Weightlifting,super-heavyweight,World Weightlifting Championships Women Super heavyweight total,women,Super heavyweight,2022 Bogotá,3,bronze,athlete,Duangaksorn Chaidee,Thailand,THA,https://en.wikipedia.org/wiki/List_of_World_Championships_medalists_in_weightlifting_(women)
world_weightlifting_championships,World Weightlifting Championships,2023,2023-12-31,weightlifting,Weightlifting,bantamweight,World Weightlifting Championships Men Bantamweight total,men,Bantamweight,2023 Riyadh,1,gold,athlete,Li Fabin,China,CHN,https://en.wikipedia.org/wiki/List_of_World_Championships_medalists_in_weightlifting_(men)
world_weightlifting_championships,World Weightlifting Championships,2023,2023-12-31,weightlifting,Weightlifting,bantamweight,World Weightlifting Championships Men Bantamweight total,men,Bantamweight,2023 Riyadh,2,silver,athlete,Sergio Massidda,Italy,ITA,https://en.wikipedia.org/wiki/List_of_World_Championships_medalists_in_weightlifting_(men)
world_weightlifting_championships,World Weightlifting Championships,2023,2023-12-31,weightlifting,Weightlifting,bantamweight,World Weightlifting Championships Men Bantamweight total,men,Bantamweight,2023 Riyadh,3,bronze,athlete,Ding Hongjie,China,CHN,https://en.wikipedia.org/wiki/List_of_World_Championships_medalists_in_weightlifting_(men)
world_weightlifting_championships,World Weightlifting Championships,2023,2023-12-31,weightlifting,Weightlifting,featherweight,World Weightlifting Championships Men Featherweight total,men,Featherweight,2023 Riyadh,1,gold,athlete,Chen Lijun,China,CHN,https://en.wikipedia.org/wiki/List_of_World_Championships_medalists_in_weightlifting_(men)
world_weightlifting_championships,World Weightlifting Championships,2023,2023-12-31,weightlifting,Weightlifting,featherweight,World Weightlifting Championships Men Featherweight total,men,Featherweight,2023 Riyadh,2,silver,athlete,Eko Yuli Irawan,Indonesia,INA,https://en.wikipedia.org/wiki/List_of_World_Championships_medalists_in_weightlifting_(men)
world_weightlifting_championships,World Weightlifting Championships,2023,2023-12-31,weightlifting,Weightlifting,featherweight,World Weightlifting Championships Men Featherweight total,men,Featherweight,2023 Riyadh,3,bronze,athlete,Gor Sahakyan,Armenia,ARM,https://en.wikipedia.org/wiki/List_of_World_Championships_medalists_in_weightlifting_(men)
world_weightlifting_championships,World Weightlifting Championships,2023,2023-12-31,weightlifting,Weightlifting,first-heavyweight,World Weightlifting Championships Men First heavyweight total,men,First heavyweight,2023 Riyadh,1,gold,athlete,Liu Huanhua,China,CHN,https://en.wikipedia.org/wiki/List_of_World_Championships_medalists_in_weightlifting_(men)
world_weightlifting_championships,World Weightlifting Championships,2023,2023-12-31,weightlifting,Weightlifting,first-heavyweight,World Weightlifting Championships Men First heavyweight total,men,First heavyweight,2023 Riyadh,2,silver,athlete,Jang Yeon-hak,South Korea,KOR,https://en.wikipedia.org/wiki/List_of_World_Championships_medalists_in_weightlifting_(men)
world_weightlifting_championships,World Weightlifting Championships,2023,2023-12-31,weightlifting,Weightlifting,first-heavyweight,World Weightlifting Championships Men First heavyweight total,men,First heavyweight,2023 Riyadh,3,bronze,athlete,Yauheni Tsikhantsou,Individual Neutral Athletes,AIN,https://en.wikipedia.org/wiki/List_of_World_Championships_medalists_in_weightlifting_(men)
world_weightlifting_championships,World Weightlifting Championships,2023,2023-12-31,weightlifting,Weightlifting,flyweight,World Weightlifting Championships Men Flyweight total,men,Flyweight,2023 Riyadh,1,gold,athlete,Lại Gia Thành,Vietnam,VIE,https://en.wikipedia.org/wiki/List_of_World_Championships_medalists_in_weightlifting_(men)
world_weightlifting_championships,World Weightlifting Championships,2023,2023-12-31,weightlifting,Weightlifting,flyweight,World Weightlifting Championships Men Flyweight total,men,Flyweight,2023 Riyadh,2,silver,athlete,Ngô Sơn Đỉnh,Vietnam,VIE,https://en.wikipedia.org/wiki/List_of_World_Championships_medalists_in_weightlifting_(men)
world_weightlifting_championships,World Weightlifting Championships,2023,2023-12-31,weightlifting,Weightlifting,flyweight,World Weightlifting Championships Men Flyweight total,men,Flyweight,2023 Riyadh,3,bronze,athlete,Natthawat Chomchuen,Thailand,THA,https://en.wikipedia.org/wiki/List_of_World_Championships_medalists_in_weightlifting_(men)
world_weightlifting_championships,World Weightlifting Championships,2023,2023-12-31,weightlifting,Weightlifting,heavyweight,World Weightlifting Championships Men Heavyweight total,men,Heavyweight,2023 Riyadh,1,gold,athlete,Akbar Djuraev,Uzbekistan,UZB,https://en.wikipedia.org/wiki/List_of_World_Championships_medalists_in_weightlifting_(men)
world_weightlifting_championships,World Weightlifting Championships,2023,2023-12-31,weightlifting,Weightlifting,heavyweight,World Weightlifting Championships Men Heavyweight total,men,Heavyweight,2023 Riyadh,2,silver,athlete,Ruslan Nurudinov,Uzbekistan,UZB,https://en.wikipedia.org/wiki/List_of_World_Championships_medalists_in_weightlifting_(men)
world_weightlifting_championships,World Weightlifting Championships,2023,2023-12-31,weightlifting,Weightlifting,heavyweight,World Weightlifting Championships Men Heavyweight total,men,Heavyweight,2023 Riyadh,3,bronze,athlete,Dadash Dadashbayli,Azerbaijan,AZE,https://en.wikipedia.org/wiki/List_of_World_Championships_medalists_in_weightlifting_(men)
world_weightlifting_championships,World Weightlifting Championships,2023,2023-12-31,weightlifting,Weightlifting,light-heavyweight,World Weightlifting Championships Men Light heavyweight total,men,Light heavyweight,2023 Riyadh,1,gold,athlete,Mirmostafa Javadi,Iran,IRI,https://en.wikipedia.org/wiki/List_of_World_Championships_medalists_in_weightlifting_(men)
world_weightlifting_championships,World Weightlifting Championships,2023,2023-12-31,weightlifting,Weightlifting,light-heavyweight,World Weightlifting Championships Men Light heavyweight total,men,Light heavyweight,2023 Riyadh,2,silver,athlete,Li Dayin,China,CHN,https://en.wikipedia.org/wiki/List_of_World_Championships_medalists_in_weightlifting_(men)
world_weightlifting_championships,World Weightlifting Championships,2023,2023-12-31,weightlifting,Weightlifting,light-heavyweight,World Weightlifting Championships Men Light heavyweight total,men,Light heavyweight,2023 Riyadh,3,bronze,athlete,Keydomar Vallenilla,"Venezuela, Bolivarian Republic of",VEN,https://en.wikipedia.org/wiki/List_of_World_Championships_medalists_in_weightlifting_(men)
world_weightlifting_championships,World Weightlifting Championships,2023,2023-12-31,weightlifting,Weightlifting,lightweight,World Weightlifting Championships Men Lightweight total,men,Lightweight,2023 Riyadh,1,gold,athlete,Weeraphon Wichuma,Thailand,THA,https://en.wikipedia.org/wiki/List_of_World_Championships_medalists_in_weightlifting_(men)
world_weightlifting_championships,World Weightlifting Championships,2023,2023-12-31,weightlifting,Weightlifting,lightweight,World Weightlifting Championships Men Lightweight total,men,Lightweight,2023 Riyadh,2,silver,athlete,Wei Yinting,China,CHN,https://en.wikipedia.org/wiki/List_of_World_Championships_medalists_in_weightlifting_(men)
world_weightlifting_championships,World Weightlifting Championships,2023,2023-12-31,weightlifting,Weightlifting,lightweight,World Weightlifting Championships Men Lightweight total,men,Lightweight,2023 Riyadh,3,bronze,athlete,Muhammed Furkan Özbek,Türkiye,TUR,https://en.wikipedia.org/wiki/List_of_World_Championships_medalists_in_weightlifting_(men)
world_weightlifting_championships,World Weightlifting Championships,2023,2023-12-31,weightlifting,Weightlifting,middle-heavyweight,World Weightlifting Championships Men Middle heavyweight total,men,Middle heavyweight,2023 Riyadh,1,gold,athlete,Karim Abokahla,Egypt,EGY,https://en.wikipedia.org/wiki/List_of_World_Championships_medalists_in_weightlifting_(men)
world_weightlifting_championships,World Weightlifting Championships,2023,2023-12-31,weightlifting,Weightlifting,middle-heavyweight,World Weightlifting Championships Men Middle heavyweight total,men,Middle heavyweight,2023 Riyadh,2,silver,athlete,Won Jong-beom,South Korea,KOR,https://en.wikipedia.org/wiki/List_of_World_Championships_medalists_in_weightlifting_(men)
world_weightlifting_championships,World Weightlifting Championships,2023,2023-12-31,weightlifting,Weightlifting,middle-heavyweight,World Weightlifting Championships Men Middle heavyweight total,men,Middle heavyweight,2023 Riyadh,3,bronze,athlete,Qasim Hasan,Iraq,IRQ,https://en.wikipedia.org/wiki/List_of_World_Championships_medalists_in_weightlifting_(men)
world_weightlifting_championships,World Weightlifting Championships,2023,2023-12-31,weightlifting,Weightlifting,middleweight,World Weightlifting Championships Men Middleweight total,men,Middleweight,2023 Riyadh,1,gold,athlete,Oscar Reyes,Italy,ITA,https://en.wikipedia.org/wiki/List_of_World_Championships_medalists_in_weightlifting_(men)
world_weightlifting_championships,World Weightlifting Championships,2023,2023-12-31,weightlifting,Weightlifting,middleweight,World Weightlifting Championships Men Middleweight total,men,Middleweight,2023 Riyadh,2,silver,athlete,Rahmat Erwin Abdullah,Indonesia,INA,https://en.wikipedia.org/wiki/List_of_World_Championships_medalists_in_weightlifting_(men)
world_weightlifting_championships,World Weightlifting Championships,2023,2023-12-31,weightlifting,Weightlifting,middleweight,World Weightlifting Championships Men Middleweight total,men,Middleweight,2023 Riyadh,3,bronze,athlete,Mukhammadkodir Toshtemirov,Uzbekistan,UZB,https://en.wikipedia.org/wiki/List_of_World_Championships_medalists_in_weightlifting_(men)
world_weightlifting_championships,World Weightlifting Championships,2023,2023-12-31,weightlifting,Weightlifting,super-heavyweight,World Weightlifting Championships Men Super heavyweight total,men,Super heavyweight,2023 Riyadh,1,gold,athlete,Lasha Talakhadze,Georgia,GEO,https://en.wikipedia.org/wiki/List_of_World_Championships_medalists_in_weightlifting_(men)
world_weightlifting_championships,World Weightlifting Championships,2023,2023-12-31,weightlifting,Weightlifting,super-heavyweight,World Weightlifting Championships Men Super heavyweight total,men,Super heavyweight,2023 Riyadh,2,silver,athlete,Varazdat Lalayan,Armenia,ARM,https://en.wikipedia.org/wiki/List_of_World_Championships_medalists_in_weightlifting_(men)
world_weightlifting_championships,World Weightlifting Championships,2023,2023-12-31,weightlifting,Weightlifting,super-heavyweight,World Weightlifting Championships Men Super heavyweight total,men,Super heavyweight,2023 Riyadh,3,bronze,athlete,Gor Minasyan,Bahrain,BRN,https://en.wikipedia.org/wiki/List_of_World_Championships_medalists_in_weightlifting_(men)
world_weightlifting_championships,World Weightlifting Championships,2023,2023-12-31,weightlifting,Weightlifting,bantamweight,World Weightlifting Championships Women Bantamweight total,women,Bantamweight,2023 Riyadh,1,gold,athlete,Jiang Huihua,China,CHN,https://en.wikipedia.org/wiki/List_of_World_Championships_medalists_in_weightlifting_(women)
world_weightlifting_championships,World Weightlifting Championships,2023,2023-12-31,weightlifting,Weightlifting,bantamweight,World Weightlifting Championships Women Bantamweight total,women,Bantamweight,2023 Riyadh,2,silver,athlete,Hou Zhihui,China,CHN,https://en.wikipedia.org/wiki/List_of_World_Championships_medalists_in_weightlifting_(women)
world_weightlifting_championships,World Weightlifting Championships,2023,2023-12-31,weightlifting,Weightlifting,bantamweight,World Weightlifting Championships Women Bantamweight total,women,Bantamweight,2023 Riyadh,3,bronze,athlete,Jourdan Delacruz,United States,USA,https://en.wikipedia.org/wiki/List_of_World_Championships_medalists_in_weightlifting_(women)
world_weightlifting_championships,World Weightlifting Championships,2023,2023-12-31,weightlifting,Weightlifting,featherweight,World Weightlifting Championships Women Featherweight total,women,Featherweight,2023 Riyadh,1,gold,athlete,Chen Guan-ling,Chinese Taipei,TPE,https://en.wikipedia.org/wiki/List_of_World_Championships_medalists_in_weightlifting_(women)
world_weightlifting_championships,World Weightlifting Championships,2023,2023-12-31,weightlifting,Weightlifting,featherweight,World Weightlifting Championships Women Featherweight total,women,Featherweight,2023 Riyadh,2,silver,athlete,Rohelys Galvis,Colombia,COL,https://en.wikipedia.org/wiki/List_of_World_Championships_medalists_in_weightlifting_(women)
world_weightlifting_championships,World Weightlifting Championships,2023,2023-12-31,weightlifting,Weightlifting,featherweight,World Weightlifting Championships Women Featherweight total,women,Featherweight,2023 Riyadh,3,bronze,athlete,Irene Borrego,Mexico,MEX,https://en.wikipedia.org/wiki/List_of_World_Championships_medalists_in_weightlifting_(women)
world_weightlifting_championships,World Weightlifting Championships,2023,2023-12-31,weightlifting,Weightlifting,first-heavyweight,World Weightlifting Championships Women First heavyweight total,women,First heavyweight,2023 Riyadh,1,gold,athlete,Liang Xiaomei,China,CHN,https://en.wikipedia.org/wiki/List_of_World_Championships_medalists_in_weightlifting_(women)
world_weightlifting_championships,World Weightlifting Championships,2023,2023-12-31,weightlifting,Weightlifting,first-heavyweight,World Weightlifting Championships Women First heavyweight total,women,First heavyweight,2023 Riyadh,2,silver,athlete,Wang Zhouyu,China,CHN,https://en.wikipedia.org/wiki/List_of_World_Championships_medalists_in_weightlifting_(women)
world_weightlifting_championships,World Weightlifting Championships,2023,2023-12-31,weightlifting,Weightlifting,first-heavyweight,World Weightlifting Championships Women First heavyweight total,women,First heavyweight,2023 Riyadh,3,bronze,athlete,Eileen Cikamatana,Australia,AUS,https://en.wikipedia.org/wiki/List_of_World_Championships_medalists_in_weightlifting_(women)
world_weightlifting_championships,World Weightlifting Championships,2023,2023-12-31,weightlifting,Weightlifting,flyweight,World Weightlifting Championships Women Flyweight total,women,Flyweight,2023 Riyadh,1,gold,athlete,Sirivimon Pramongkhol,Thailand,THA,https://en.wikipedia.org/wiki/List_of_World_Championships_medalists_in_weightlifting_(women)
world_weightlifting_championships,World Weightlifting Championships,2023,2023-12-31,weightlifting,Weightlifting,flyweight,World Weightlifting Championships Women Flyweight total,women,Flyweight,2023 Riyadh,2,silver,athlete,Rosina Randafiarison,Madagascar,MAD,https://en.wikipedia.org/wiki/List_of_World_Championships_medalists_in_weightlifting_(women)
world_weightlifting_championships,World Weightlifting Championships,2023,2023-12-31,weightlifting,Weightlifting,flyweight,World Weightlifting Championships Women Flyweight total,women,Flyweight,2023 Riyadh,3,bronze,athlete,Cansu Bektaş,Türkiye,TUR,https://en.wikipedia.org/wiki/List_of_World_Championships_medalists_in_weightlifting_(women)
world_weightlifting_championships,World Weightlifting Championships,2023,2023-12-31,weightlifting,Weightlifting,heavyweight,World Weightlifting Championships Women Heavyweight total,women,Heavyweight,2023 Riyadh,1,gold,athlete,Lo Ying-yuan,Chinese Taipei,TPE,https://en.wikipedia.org/wiki/List_of_World_Championships_medalists_in_weightlifting_(women)
world_weightlifting_championships,World Weightlifting Championships,2023,2023-12-31,weightlifting,Weightlifting,heavyweight,World Weightlifting Championships Women Heavyweight total,women,Heavyweight,2023 Riyadh,2,silver,athlete,Yeinny Geles,Colombia,COL,https://en.wikipedia.org/wiki/List_of_World_Championships_medalists_in_weightlifting_(women)
world_weightlifting_championships,World Weightlifting Championships,2023,2023-12-31,weightlifting,Weightlifting,heavyweight,World Weightlifting Championships Women Heavyweight total,women,Heavyweight,2023 Riyadh,3,bronze,athlete,Jung A-ram,South Korea,KOR,https://en.wikipedia.org/wiki/List_of_World_Championships_medalists_in_weightlifting_(women)
world_weightlifting_championships,World Weightlifting Championships,2023,2023-12-31,weightlifting,Weightlifting,light-heavyweight,World Weightlifting Championships Women Light heavyweight total,women,Light heavyweight,2023 Riyadh,1,gold,athlete,Liao Guifang,China,CHN,https://en.wikipedia.org/wiki/List_of_World_Championships_medalists_in_weightlifting_(women)
world_weightlifting_championships,World Weightlifting Championships,2023,2023-12-31,weightlifting,Weightlifting,light-heavyweight,World Weightlifting Championships Women Light heavyweight total,women,Light heavyweight,2023 Riyadh,2,silver,athlete,Angie Palacios,Ecuador,ECU,https://en.wikipedia.org/wiki/List_of_World_Championships_medalists_in_weightlifting_(women)
world_weightlifting_championships,World Weightlifting Championships,2023,2023-12-31,weightlifting,Weightlifting,light-heavyweight,World Weightlifting Championships Women Light heavyweight total,women,Light heavyweight,2023 Riyadh,3,bronze,athlete,Olivia Reeves,United States,USA,https://en.wikipedia.org/wiki/List_of_World_Championships_medalists_in_weightlifting_(women)
world_weightlifting_championships,World Weightlifting Championships,2023,2023-12-31,weightlifting,Weightlifting,lightweight,World Weightlifting Championships Women Lightweight total,women,Lightweight,2023 Riyadh,1,gold,athlete,Luo Shifang,China,CHN,https://en.wikipedia.org/wiki/List_of_World_Championships_medalists_in_weightlifting_(women)
world_weightlifting_championships,World Weightlifting Championships,2023,2023-12-31,weightlifting,Weightlifting,lightweight,World Weightlifting Championships Women Lightweight total,women,Lightweight,2023 Riyadh,2,silver,athlete,Kamila Konotop,Ukraine,UKR,https://en.wikipedia.org/wiki/List_of_World_Championships_medalists_in_weightlifting_(women)
world_weightlifting_championships,World Weightlifting Championships,2023,2023-12-31,weightlifting,Weightlifting,lightweight,World Weightlifting Championships Women Lightweight total,women,Lightweight,2023 Riyadh,3,bronze,athlete,Pei Xinyi,China,CHN,https://en.wikipedia.org/wiki/List_of_World_Championships_medalists_in_weightlifting_(women)
world_weightlifting_championships,World Weightlifting Championships,2023,2023-12-31,weightlifting,Weightlifting,middle-heavyweight,World Weightlifting Championships Women Middle heavyweight total,women,Middle heavyweight,2023 Riyadh,1,gold,athlete,Sara Ahmed,Egypt,EGY,https://en.wikipedia.org/wiki/List_of_World_Championships_medalists_in_weightlifting_(women)
world_weightlifting_championships,World Weightlifting Championships,2023,2023-12-31,weightlifting,Weightlifting,middle-heavyweight,World Weightlifting Championships Women Middle heavyweight total,women,Middle heavyweight,2023 Riyadh,2,silver,athlete,Hellen Escobar,Colombia,COL,https://en.wikipedia.org/wiki/List_of_World_Championships_medalists_in_weightlifting_(women)
world_weightlifting_championships,World Weightlifting Championships,2023,2023-12-31,weightlifting,Weightlifting,middle-heavyweight,World Weightlifting Championships Women Middle heavyweight total,women,Middle heavyweight,2023 Riyadh,3,bronze,athlete,Bella Paredes,Ecuador,ECU,https://en.wikipedia.org/wiki/List_of_World_Championships_medalists_in_weightlifting_(women)
world_weightlifting_championships,World Weightlifting Championships,2023,2023-12-31,weightlifting,Weightlifting,middleweight,World Weightlifting Championships Women Middleweight total,women,Middleweight,2023 Riyadh,1,gold,athlete,Natalia Llamosa,Colombia,COL,https://en.wikipedia.org/wiki/List_of_World_Championships_medalists_in_weightlifting_(women)
world_weightlifting_championships,World Weightlifting Championships,2023,2023-12-31,weightlifting,Weightlifting,middleweight,World Weightlifting Championships Women Middleweight total,women,Middleweight,2023 Riyadh,2,silver,athlete,Ruth Ayodele,Nigeria,NGR,https://en.wikipedia.org/wiki/List_of_World_Championships_medalists_in_weightlifting_(women)
world_weightlifting_championships,World Weightlifting Championships,2023,2023-12-31,weightlifting,Weightlifting,middleweight,World Weightlifting Championships Women Middleweight total,women,Middleweight,2023 Riyadh,3,bronze,athlete,Park Min-kyung,South Korea,KOR,https://en.wikipedia.org/wiki/List_of_World_Championships_medalists_in_weightlifting_(women)
world_weightlifting_championships,World Weightlifting Championships,2023,2023-12-31,weightlifting,Weightlifting,super-heavyweight,World Weightlifting Championships Women Super heavyweight total,women,Super heavyweight,2023 Riyadh,1,gold,athlete,Park Hye-jeong,South Korea,KOR,https://en.wikipedia.org/wiki/List_of_World_Championships_medalists_in_weightlifting_(women)
world_weightlifting_championships,World Weightlifting Championships,2023,2023-12-31,weightlifting,Weightlifting,super-heavyweight,World Weightlifting Championships Women Super heavyweight total,women,Super heavyweight,2023 Riyadh,2,silver,athlete,Mary Theisen-Lappen,United States,USA,https://en.wikipedia.org/wiki/List_of_World_Championships_medalists_in_weightlifting_(women)
world_weightlifting_championships,World Weightlifting Championships,2023,2023-12-31,weightlifting,Weightlifting,super-heavyweight,World Weightlifting Championships Women Super heavyweight total,women,Super heavyweight,2023 Riyadh,3,bronze,athlete,Lisseth Ayoví,Ecuador,ECU,https://en.wikipedia.org/wiki/List_of_World_Championships_medalists_in_weightlifting_(women)
world_weightlifting_championships,World Weightlifting Championships,2024,2024-12-31,weightlifting,Weightlifting,bantamweight,World Weightlifting Championships Men Bantamweight total,men,Bantamweight,2024 Manama,1,gold,athlete,Pak Myong-jin,North Korea,PRK,https://en.wikipedia.org/wiki/List_of_World_Championships_medalists_in_weightlifting_(men)
world_weightlifting_championships,World Weightlifting Championships,2024,2024-12-31,weightlifting,Weightlifting,bantamweight,World Weightlifting Championships Men Bantamweight total,men,Bantamweight,2024 Manama,2,silver,athlete,Aniq Kasdan,Malaysia,MAS,https://en.wikipedia.org/wiki/List_of_World_Championships_medalists_in_weightlifting_(men)
world_weightlifting_championships,World Weightlifting Championships,2024,2024-12-31,weightlifting,Weightlifting,bantamweight,World Weightlifting Championships Men Bantamweight total,men,Bantamweight,2024 Manama,3,bronze,athlete,Nguyễn Trần Anh Tuấn,Vietnam,VIE,https://en.wikipedia.org/wiki/List_of_World_Championships_medalists_in_weightlifting_(men)
world_weightlifting_championships,World Weightlifting Championships,2024,2024-12-31,weightlifting,Weightlifting,featherweight,World Weightlifting Championships Men Featherweight total,men,Featherweight,2024 Manama,1,gold,athlete,Ri Won-ju,North Korea,PRK,https://en.wikipedia.org/wiki/List_of_World_Championships_medalists_in_weightlifting_(men)
world_weightlifting_championships,World Weightlifting Championships,2024,2024-12-31,weightlifting,Weightlifting,featherweight,World Weightlifting Championships Men Featherweight total,men,Featherweight,2024 Manama,2,silver,athlete,Pak Pyol,North Korea,PRK,https://en.wikipedia.org/wiki/List_of_World_Championships_medalists_in_weightlifting_(men)
world_weightlifting_championships,World Weightlifting Championships,2024,2024-12-31,weightlifting,Weightlifting,featherweight,World Weightlifting Championships Men Featherweight total,men,Featherweight,2024 Manama,3,bronze,athlete,Yusuf Fehmi Genç,Türkiye,TUR,https://en.wikipedia.org/wiki/List_of_World_Championships_medalists_in_weightlifting_(men)
world_weightlifting_championships,World Weightlifting Championships,2024,2024-12-31,weightlifting,Weightlifting,first-heavyweight,World Weightlifting Championships Men First heavyweight total,men,First heavyweight,2024 Manama,1,gold,athlete,Artyom Antropov,Kazakhstan,KAZ,https://en.wikipedia.org/wiki/List_of_World_Championships_medalists_in_weightlifting_(men)
world_weightlifting_championships,World Weightlifting Championships,2024,2024-12-31,weightlifting,Weightlifting,first-heavyweight,World Weightlifting Championships Men First heavyweight total,men,First heavyweight,2024 Manama,2,silver,athlete,Fares El-Bakh,Qatar,QAT,https://en.wikipedia.org/wiki/List_of_World_Championships_medalists_in_weightlifting_(men)
world_weightlifting_championships,World Weightlifting Championships,2024,2024-12-31,weightlifting,Weightlifting,first-heavyweight,World Weightlifting Championships Men First heavyweight total,men,First heavyweight,2024 Manama,3,bronze,athlete,Marcos Ruiz,Spain,ESP,https://en.wikipedia.org/wiki/List_of_World_Championships_medalists_in_weightlifting_(men)
world_weightlifting_championships,World Weightlifting Championships,2024,2024-12-31,weightlifting,Weightlifting,flyweight,World Weightlifting Championships Men Flyweight total,men,Flyweight,2024 Manama,1,gold,athlete,Natthawat Chomchuen,Thailand,THA,https://en.wikipedia.org/wiki/List_of_World_Championships_medalists_in_weightlifting_(men)
world_weightlifting_championships,World Weightlifting Championships,2024,2024-12-31,weightlifting,Weightlifting,flyweight,World Weightlifting Championships Men Flyweight total,men,Flyweight,2024 Manama,2,silver,athlete,Thiago Silva,Brazil,BRA,https://en.wikipedia.org/wiki/List_of_World_Championships_medalists_in_weightlifting_(men)
world_weightlifting_championships,World Weightlifting Championships,2024,2024-12-31,weightlifting,Weightlifting,flyweight,World Weightlifting Championships Men Flyweight total,men,Flyweight,2024 Manama,3,bronze,athlete,Fernando Agad,Philippines,PHI,https://en.wikipedia.org/wiki/List_of_World_Championships_medalists_in_weightlifting_(men)
world_weightlifting_championships,World Weightlifting Championships,2024,2024-12-31,weightlifting,Weightlifting,heavyweight,World Weightlifting Championships Men Heavyweight total,men,Heavyweight,2024 Manama,1,gold,athlete,Ruslan Nurudinov,Uzbekistan,UZB,https://en.wikipedia.org/wiki/List_of_World_Championships_medalists_in_weightlifting_(men)
world_weightlifting_championships,World Weightlifting Championships,2024,2024-12-31,weightlifting,Weightlifting,heavyweight,World Weightlifting Championships Men Heavyweight total,men,Heavyweight,2024 Manama,2,silver,athlete,Dadash Dadashbayli,Azerbaijan,AZE,https://en.wikipedia.org/wiki/List_of_World_Championships_medalists_in_weightlifting_(men)
world_weightlifting_championships,World Weightlifting Championships,2024,2024-12-31,weightlifting,Weightlifting,heavyweight,World Weightlifting Championships Men Heavyweight total,men,Heavyweight,2024 Manama,3,bronze,athlete,Mehdi Karami,Iran,IRI,https://en.wikipedia.org/wiki/List_of_World_Championships_medalists_in_weightlifting_(men)
world_weightlifting_championships,World Weightlifting Championships,2024,2024-12-31,weightlifting,Weightlifting,light-heavyweight,World Weightlifting Championships Men Light heavyweight total,men,Light heavyweight,2024 Manama,1,gold,athlete,Karlos Nasar,Bulgaria,BUL,https://en.wikipedia.org/wiki/List_of_World_Championships_medalists_in_weightlifting_(men)
world_weightlifting_championships,World Weightlifting Championships,2024,2024-12-31,weightlifting,Weightlifting,light-heavyweight,World Weightlifting Championships Men Light heavyweight total,men,Light heavyweight,2024 Manama,2,silver,athlete,Ro Kwang-ryol,North Korea,PRK,https://en.wikipedia.org/wiki/List_of_World_Championships_medalists_in_weightlifting_(men)
world_weightlifting_championships,World Weightlifting Championships,2024,2024-12-31,weightlifting,Weightlifting,light-heavyweight,World Weightlifting Championships Men Light heavyweight total,men,Light heavyweight,2024 Manama,3,bronze,athlete,Marin Robu,Moldova,MDA,https://en.wikipedia.org/wiki/List_of_World_Championships_medalists_in_weightlifting_(men)
world_weightlifting_championships,World Weightlifting Championships,2024,2024-12-31,weightlifting,Weightlifting,lightweight,World Weightlifting Championships Men Lightweight total,men,Lightweight,2024 Manama,1,gold,athlete,Ri Ryong-hyon,North Korea,PRK,https://en.wikipedia.org/wiki/List_of_World_Championships_medalists_in_weightlifting_(men)
world_weightlifting_championships,World Weightlifting Championships,2024,2024-12-31,weightlifting,Weightlifting,lightweight,World Weightlifting Championships Men Lightweight total,men,Lightweight,2024 Manama,2,silver,athlete,Rizki Juniansyah,Indonesia,INA,https://en.wikipedia.org/wiki/List_of_World_Championships_medalists_in_weightlifting_(men)
world_weightlifting_championships,World Weightlifting Championships,2024,2024-12-31,weightlifting,Weightlifting,lightweight,World Weightlifting Championships Men Lightweight total,men,Lightweight,2024 Manama,3,bronze,athlete,Zhong Zhiguang,China,CHN,https://en.wikipedia.org/wiki/List_of_World_Championships_medalists_in_weightlifting_(men)
world_weightlifting_championships,World Weightlifting Championships,2024,2024-12-31,weightlifting,Weightlifting,middle-heavyweight,World Weightlifting Championships Men Middle heavyweight total,men,Middle heavyweight,2024 Manama,1,gold,athlete,Nurgissa Adiletuly,Kazakhstan,KAZ,https://en.wikipedia.org/wiki/List_of_World_Championships_medalists_in_weightlifting_(men)
world_weightlifting_championships,World Weightlifting Championships,2024,2024-12-31,weightlifting,Weightlifting,middle-heavyweight,World Weightlifting Championships Men Middle heavyweight total,men,Middle heavyweight,2024 Manama,2,silver,athlete,Revaz Davitadze,Georgia,GEO,https://en.wikipedia.org/wiki/List_of_World_Championships_medalists_in_weightlifting_(men)
world_weightlifting_championships,World Weightlifting Championships,2024,2024-12-31,weightlifting,Weightlifting,middle-heavyweight,World Weightlifting Championships Men Middle heavyweight total,men,Middle heavyweight,2024 Manama,3,bronze,athlete,Ali Alipour,Iran,IRI,https://en.wikipedia.org/wiki/List_of_World_Championships_medalists_in_weightlifting_(men)
world_weightlifting_championships,World Weightlifting Championships,2024,2024-12-31,weightlifting,Weightlifting,middleweight,World Weightlifting Championships Men Middleweight total,men,Middleweight,2024 Manama,1,gold,athlete,Ri Chong-song,North Korea,PRK,https://en.wikipedia.org/wiki/List_of_World_Championships_medalists_in_weightlifting_(men)
world_weightlifting_championships,World Weightlifting Championships,2024,2024-12-31,weightlifting,Weightlifting,middleweight,World Weightlifting Championships Men Middleweight total,men,Middleweight,2024 Manama,2,silver,athlete,Alexey Churkin,Kazakhstan,KAZ,https://en.wikipedia.org/wiki/List_of_World_Championships_medalists_in_weightlifting_(men)
world_weightlifting_championships,World Weightlifting Championships,2024,2024-12-31,weightlifting,Weightlifting,middleweight,World Weightlifting Championships Men Middleweight total,men,Middleweight,2024 Manama,3,bronze,athlete,Mukhammadkodir Toshtemirov,Uzbekistan,UZB,https://en.wikipedia.org/wiki/List_of_World_Championships_medalists_in_weightlifting_(men)
world_weightlifting_championships,World Weightlifting Championships,2024,2024-12-31,weightlifting,Weightlifting,super-heavyweight,World Weightlifting Championships Men Super heavyweight total,men,Super heavyweight,2024 Manama,1,gold,athlete,Varazdat Lalayan,Armenia,ARM,https://en.wikipedia.org/wiki/List_of_World_Championships_medalists_in_weightlifting_(men)
world_weightlifting_championships,World Weightlifting Championships,2024,2024-12-31,weightlifting,Weightlifting,super-heavyweight,World Weightlifting Championships Men Super heavyweight total,men,Super heavyweight,2024 Manama,2,silver,athlete,Ali Davoudi,Iran,IRI,https://en.wikipedia.org/wiki/List_of_World_Championships_medalists_in_weightlifting_(men)
world_weightlifting_championships,World Weightlifting Championships,2024,2024-12-31,weightlifting,Weightlifting,super-heavyweight,World Weightlifting Championships Men Super heavyweight total,men,Super heavyweight,2024 Manama,3,bronze,athlete,Alireza Yousefi,Iran,IRI,https://en.wikipedia.org/wiki/List_of_World_Championships_medalists_in_weightlifting_(men)
world_weightlifting_championships,World Weightlifting Championships,2024,2024-12-31,weightlifting,Weightlifting,bantamweight,World Weightlifting Championships Women Bantamweight total,women,Bantamweight,2024 Manama,1,gold,athlete,Ri Song-gum,North Korea,PRK,https://en.wikipedia.org/wiki/List_of_World_Championships_medalists_in_weightlifting_(women)
world_weightlifting_championships,World Weightlifting Championships,2024,2024-12-31,weightlifting,Weightlifting,bantamweight,World Weightlifting Championships Women Bantamweight total,women,Bantamweight,2024 Manama,2,silver,athlete,Xiang Linxiang,China,CHN,https://en.wikipedia.org/wiki/List_of_World_Championships_medalists_in_weightlifting_(women)
world_weightlifting_championships,World Weightlifting Championships,2024,2024-12-31,weightlifting,Weightlifting,bantamweight,World Weightlifting Championships Women Bantamweight total,women,Bantamweight,2024 Manama,3,bronze,athlete,Rosegie Ramos,Philippines,PHI,https://en.wikipedia.org/wiki/List_of_World_Championships_medalists_in_weightlifting_(women)
world_weightlifting_championships,World Weightlifting Championships,2024,2024-12-31,weightlifting,Weightlifting,featherweight,World Weightlifting Championships Women Featherweight total,women,Featherweight,2024 Manama,1,gold,athlete,Kang Hyon-gyong,North Korea,PRK,https://en.wikipedia.org/wiki/List_of_World_Championships_medalists_in_weightlifting_(women)
world_weightlifting_championships,World Weightlifting Championships,2024,2024-12-31,weightlifting,Weightlifting,featherweight,World Weightlifting Championships Women Featherweight total,women,Featherweight,2024 Manama,2,silver,athlete,Chen Guan-ling,Chinese Taipei,TPE,https://en.wikipedia.org/wiki/List_of_World_Championships_medalists_in_weightlifting_(women)
world_weightlifting_championships,World Weightlifting Championships,2024,2024-12-31,weightlifting,Weightlifting,featherweight,World Weightlifting Championships Women Featherweight total,women,Featherweight,2024 Manama,3,bronze,athlete,Aleksandra Grigoryan,Armenia,ARM,https://en.wikipedia.org/wiki/List_of_World_Championships_medalists_in_weightlifting_(women)
world_weightlifting_championships,World Weightlifting Championships,2024,2024-12-31,weightlifting,Weightlifting,first-heavyweight,World Weightlifting Championships Women First heavyweight total,women,First heavyweight,2024 Manama,1,gold,athlete,Liao Guifang,China,CHN,https://en.wikipedia.org/wiki/List_of_World_Championships_medalists_in_weightlifting_(women)
world_weightlifting_championships,World Weightlifting Championships,2024,2024-12-31,weightlifting,Weightlifting,first-heavyweight,World Weightlifting Championships Women First heavyweight total,women,First heavyweight,2024 Manama,2,silver,athlete,Sara Ahmed,Egypt,EGY,https://en.wikipedia.org/wiki/List_of_World_Championships_medalists_in_weightlifting_(women)
world_weightlifting_championships,World Weightlifting Championships,2024,2024-12-31,weightlifting,Weightlifting,first-heavyweight,World Weightlifting Championships Women First heavyweight total,women,First heavyweight,2024 Manama,3,bronze,athlete,Kim Kyong-ryong,North Korea,PRK,https://en.wikipedia.org/wiki/List_of_World_Championships_medalists_in_weightlifting_(women)
world_weightlifting_championships,World Weightlifting Championships,2024,2024-12-31,weightlifting,Weightlifting,flyweight,World Weightlifting Championships Women Flyweight total,women,Flyweight,2024 Manama,1,gold,athlete,Zhao Jinhong,China,CHN,https://en.wikipedia.org/wiki/List_of_World_Championships_medalists_in_weightlifting_(women)
world_weightlifting_championships,World Weightlifting Championships,2024,2024-12-31,weightlifting,Weightlifting,flyweight,World Weightlifting Championships Women Flyweight total,women,Flyweight,2024 Manama,2,silver,athlete,Won Hyon-sim,North Korea,PRK,https://en.wikipedia.org/wiki/List_of_World_Championships_medalists_in_weightlifting_(women)
world_weightlifting_championships,World Weightlifting Championships,2024,2024-12-31,weightlifting,Weightlifting,flyweight,World Weightlifting Championships Women Flyweight total,women,Flyweight,2024 Manama,3,bronze,athlete,Phạm Đình Thi,Vietnam,VIE,https://en.wikipedia.org/wiki/List_of_World_Championships_medalists_in_weightlifting_(women)
world_weightlifting_championships,World Weightlifting Championships,2024,2024-12-31,weightlifting,Weightlifting,heavyweight,World Weightlifting Championships Women Heavyweight total,women,Heavyweight,2024 Manama,1,gold,athlete,Wu Yan,China,CHN,https://en.wikipedia.org/wiki/List_of_World_Championships_medalists_in_weightlifting_(women)
world_weightlifting_championships,World Weightlifting Championships,2024,2024-12-31,weightlifting,Weightlifting,heavyweight,World Weightlifting Championships Women Heavyweight total,women,Heavyweight,2024 Manama,2,silver,athlete,Eileen Cikamatana,Australia,AUS,https://en.wikipedia.org/wiki/List_of_World_Championships_medalists_in_weightlifting_(women)
world_weightlifting_championships,World Weightlifting Championships,2024,2024-12-31,weightlifting,Weightlifting,heavyweight,World Weightlifting Championships Women Heavyweight total,women,Heavyweight,2024 Manama,3,bronze,athlete,Kim Yong-ju,North Korea,PRK,https://en.wikipedia.org/wiki/List_of_World_Championships_medalists_in_weightlifting_(women)
world_weightlifting_championships,World Weightlifting Championships,2024,2024-12-31,weightlifting,Weightlifting,light-heavyweight,World Weightlifting Championships Women Light heavyweight total,women,Light heavyweight,2024 Manama,1,gold,athlete,Olivia Reeves,United States,USA,https://en.wikipedia.org/wiki/List_of_World_Championships_medalists_in_weightlifting_(women)
world_weightlifting_championships,World Weightlifting Championships,2024,2024-12-31,weightlifting,Weightlifting,light-heavyweight,World Weightlifting Championships Women Light heavyweight total,women,Light heavyweight,2024 Manama,2,silver,athlete,Jong Chun-hui,North Korea,PRK,https://en.wikipedia.org/wiki/List_of_World_Championships_medalists_in_weightlifting_(women)
world_weightlifting_championships,World Weightlifting Championships,2024,2024-12-31,weightlifting,Weightlifting,light-heavyweight,World Weightlifting Championships Women Light heavyweight total,women,Light heavyweight,2024 Manama,3,bronze,athlete,Yang Qiuxia,China,CHN,https://en.wikipedia.org/wiki/List_of_World_Championships_medalists_in_weightlifting_(women)
world_weightlifting_championships,World Weightlifting Championships,2024,2024-12-31,weightlifting,Weightlifting,lightweight,World Weightlifting Championships Women Lightweight total,women,Lightweight,2024 Manama,1,gold,athlete,Kim Il-gyong,North Korea,PRK,https://en.wikipedia.org/wiki/List_of_World_Championships_medalists_in_weightlifting_(women)
world_weightlifting_championships,World Weightlifting Championships,2024,2024-12-31,weightlifting,Weightlifting,lightweight,World Weightlifting Championships Women Lightweight total,women,Lightweight,2024 Manama,2,silver,athlete,Pei Xinyi,China,CHN,https://en.wikipedia.org/wiki/List_of_World_Championships_medalists_in_weightlifting_(women)
world_weightlifting_championships,World Weightlifting Championships,2024,2024-12-31,weightlifting,Weightlifting,lightweight,World Weightlifting Championships Women Lightweight total,women,Lightweight,2024 Manama,3,bronze,athlete,Yenny Álvarez,Colombia,COL,https://en.wikipedia.org/wiki/List_of_World_Championships_medalists_in_weightlifting_(women)
world_weightlifting_championships,World Weightlifting Championships,2024,2024-12-31,weightlifting,Weightlifting,middle-heavyweight,World Weightlifting Championships Women Middle heavyweight total,women,Middle heavyweight,2024 Manama,1,gold,athlete,Song Kuk-hyang,North Korea,PRK,https://en.wikipedia.org/wiki/List_of_World_Championships_medalists_in_weightlifting_(women)
world_weightlifting_championships,World Weightlifting Championships,2024,2024-12-31,weightlifting,Weightlifting,middle-heavyweight,World Weightlifting Championships Women Middle heavyweight total,women,Middle heavyweight,2024 Manama,2,silver,athlete,Miyareth Mendoza,Colombia,COL,https://en.wikipedia.org/wiki/List_of_World_Championships_medalists_in_weightlifting_(women)
world_weightlifting_championships,World Weightlifting Championships,2024,2024-12-31,weightlifting,Weightlifting,middle-heavyweight,World Weightlifting Championships Women Middle heavyweight total,women,Middle heavyweight,2024 Manama,3,bronze,athlete,Sarah Matthew,Nigeria,NGR,https://en.wikipedia.org/wiki/List_of_World_Championships_medalists_in_weightlifting_(women)
world_weightlifting_championships,World Weightlifting Championships,2024,2024-12-31,weightlifting,Weightlifting,middleweight,World Weightlifting Championships Women Middleweight total,women,Middleweight,2024 Manama,1,gold,athlete,Ri Suk,North Korea,PRK,https://en.wikipedia.org/wiki/List_of_World_Championships_medalists_in_weightlifting_(women)
world_weightlifting_championships,World Weightlifting Championships,2024,2024-12-31,weightlifting,Weightlifting,middleweight,World Weightlifting Championships Women Middleweight total,women,Middleweight,2024 Manama,2,silver,athlete,Rim Un-sim,North Korea,PRK,https://en.wikipedia.org/wiki/List_of_World_Championships_medalists_in_weightlifting_(women)
world_weightlifting_championships,World Weightlifting Championships,2024,2024-12-31,weightlifting,Weightlifting,middleweight,World Weightlifting Championships Women Middleweight total,women,Middleweight,2024 Manama,3,bronze,athlete,Li Shuang,China,CHN,https://en.wikipedia.org/wiki/List_of_World_Championships_medalists_in_weightlifting_(women)
world_weightlifting_championships,World Weightlifting Championships,2024,2024-12-31,weightlifting,Weightlifting,super-heavyweight,World Weightlifting Championships Women Super heavyweight total,women,Super heavyweight,2024 Manama,1,gold,athlete,Li Yan,China,CHN,https://en.wikipedia.org/wiki/List_of_World_Championships_medalists_in_weightlifting_(women)
world_weightlifting_championships,World Weightlifting Championships,2024,2024-12-31,weightlifting,Weightlifting,super-heavyweight,World Weightlifting Championships Women Super heavyweight total,women,Super heavyweight,2024 Manama,2,silver,athlete,Park Hye-jeong,South Korea,KOR,https://en.wikipedia.org/wiki/List_of_World_Championships_medalists_in_weightlifting_(women)
world_weightlifting_championships,World Weightlifting Championships,2024,2024-12-31,weightlifting,Weightlifting,super-heavyweight,World Weightlifting Championships Women Super heavyweight total,women,Super heavyweight,2024 Manama,3,bronze,athlete,Son Young-hee,South Korea,KOR,https://en.wikipedia.org/wiki/List_of_World_Championships_medalists_in_weightlifting_(women)
world_weightlifting_championships,World Weightlifting Championships,2025,2025-12-31,weightlifting,Weightlifting,bantamweight,World Weightlifting Championships Men Bantamweight total,men,Bantamweight,2025 Førde,1,gold,athlete,Wang Hao,China,CHN,https://en.wikipedia.org/wiki/List_of_World_Championships_medalists_in_weightlifting_(men)
world_weightlifting_championships,World Weightlifting Championships,2025,2025-12-31,weightlifting,Weightlifting,bantamweight,World Weightlifting Championships Men Bantamweight total,men,Bantamweight,2025 Førde,2,silver,athlete,Theerapong Silachai,Thailand,THA,https://en.wikipedia.org/wiki/List_of_World_Championships_medalists_in_weightlifting_(men)
world_weightlifting_championships,World Weightlifting Championships,2025,2025-12-31,weightlifting,Weightlifting,bantamweight,World Weightlifting Championships Men Bantamweight total,men,Bantamweight,2025 Førde,3,bronze,athlete,Pang Un-chol,North Korea,PRK,https://en.wikipedia.org/wiki/List_of_World_Championships_medalists_in_weightlifting_(men)
world_weightlifting_championships,World Weightlifting Championships,2025,2025-12-31,weightlifting,Weightlifting,featherweight,World Weightlifting Championships Men Featherweight total,men,Featherweight,2025 Førde,1,gold,athlete,Muhammed Furkan Özbek,Türkiye,TUR,https://en.wikipedia.org/wiki/List_of_World_Championships_medalists_in_weightlifting_(men)
world_weightlifting_championships,World Weightlifting Championships,2025,2025-12-31,weightlifting,Weightlifting,featherweight,World Weightlifting Championships Men Featherweight total,men,Featherweight,2025 Førde,2,silver,athlete,Pak Myong-jin,North Korea,PRK,https://en.wikipedia.org/wiki/List_of_World_Championships_medalists_in_weightlifting_(men)
world_weightlifting_championships,World Weightlifting Championships,2025,2025-12-31,weightlifting,Weightlifting,featherweight,World Weightlifting Championships Men Featherweight total,men,Featherweight,2025 Førde,3,bronze,athlete,Hampton Morris,United States,USA,https://en.wikipedia.org/wiki/List_of_World_Championships_medalists_in_weightlifting_(men)
world_weightlifting_championships,World Weightlifting Championships,2025,2025-12-31,weightlifting,Weightlifting,heavyweight,World Weightlifting Championships Men Heavyweight total,men,Heavyweight,2025 Førde,1,gold,athlete,Akbar Djuraev,Uzbekistan,UZB,https://en.wikipedia.org/wiki/List_of_World_Championships_medalists_in_weightlifting_(men)
world_weightlifting_championships,World Weightlifting Championships,2025,2025-12-31,weightlifting,Weightlifting,heavyweight,World Weightlifting Championships Men Heavyweight total,men,Heavyweight,2025 Førde,2,silver,athlete,Alireza Nassiri,Iran,IRI,https://en.wikipedia.org/wiki/List_of_World_Championships_medalists_in_weightlifting_(men)
world_weightlifting_championships,World Weightlifting Championships,2025,2025-12-31,weightlifting,Weightlifting,heavyweight,World Weightlifting Championships Men Heavyweight total,men,Heavyweight,2025 Førde,3,bronze,athlete,Ruslan Nurudinov,Uzbekistan,UZB,https://en.wikipedia.org/wiki/List_of_World_Championships_medalists_in_weightlifting_(men)
world_weightlifting_championships,World Weightlifting Championships,2025,2025-12-31,weightlifting,Weightlifting,light-heavyweight,World Weightlifting Championships Men Light heavyweight total,men,Light heavyweight,2025 Førde,1,gold,athlete,Yeison López,Colombia,COL,https://en.wikipedia.org/wiki/List_of_World_Championships_medalists_in_weightlifting_(men)
world_weightlifting_championships,World Weightlifting Championships,2025,2025-12-31,weightlifting,Weightlifting,light-heavyweight,World Weightlifting Championships Men Light heavyweight total,men,Light heavyweight,2025 Førde,2,silver,athlete,Ro Kwang-ryol,North Korea,PRK,https://en.wikipedia.org/wiki/List_of_World_Championships_medalists_in_weightlifting_(men)
world_weightlifting_championships,World Weightlifting Championships,2025,2025-12-31,weightlifting,Weightlifting,light-heavyweight,World Weightlifting Championships Men Light heavyweight total,men,Light heavyweight,2025 Førde,3,bronze,athlete,Marin Robu,Moldova,MDA,https://en.wikipedia.org/wiki/List_of_World_Championships_medalists_in_weightlifting_(men)
world_weightlifting_championships,World Weightlifting Championships,2025,2025-12-31,weightlifting,Weightlifting,lightweight,World Weightlifting Championships Men Lightweight total,men,Lightweight,2025 Førde,1,gold,athlete,Weeraphon Wichuma,Thailand,THA,https://en.wikipedia.org/wiki/List_of_World_Championships_medalists_in_weightlifting_(men)
world_weightlifting_championships,World Weightlifting Championships,2025,2025-12-31,weightlifting,Weightlifting,lightweight,World Weightlifting Championships Men Lightweight total,men,Lightweight,2025 Førde,2,silver,athlete,Masanori Miyamoto,Japan,JPN,https://en.wikipedia.org/wiki/List_of_World_Championships_medalists_in_weightlifting_(men)
world_weightlifting_championships,World Weightlifting Championships,2025,2025-12-31,weightlifting,Weightlifting,lightweight,World Weightlifting Championships Men Lightweight total,men,Lightweight,2025 Førde,3,bronze,athlete,He Yueji,China,CHN,https://en.wikipedia.org/wiki/List_of_World_Championships_medalists_in_weightlifting_(men)
world_weightlifting_championships,World Weightlifting Championships,2025,2025-12-31,weightlifting,Weightlifting,middle-heavyweight,World Weightlifting Championships Men Middle heavyweight total,men,Middle heavyweight,2025 Førde,1,gold,athlete,Karlos Nasar,Bulgaria,BUL,https://en.wikipedia.org/wiki/List_of_World_Championships_medalists_in_weightlifting_(men)
world_weightlifting_championships,World Weightlifting Championships,2025,2025-12-31,weightlifting,Weightlifting,middle-heavyweight,World Weightlifting Championships Men Middle heavyweight total,men,Middle heavyweight,2025 Førde,2,silver,athlete,Alireza Moeini,Iran,IRI,https://en.wikipedia.org/wiki/List_of_World_Championships_medalists_in_weightlifting_(men)
world_weightlifting_championships,World Weightlifting Championships,2025,2025-12-31,weightlifting,Weightlifting,middle-heavyweight,World Weightlifting Championships Men Middle heavyweight total,men,Middle heavyweight,2025 Førde,3,bronze,athlete,Jokser Albornoz,Colombia,COL,https://en.wikipedia.org/wiki/List_of_World_Championships_medalists_in_weightlifting_(men)
world_weightlifting_championships,World Weightlifting Championships,2025,2025-12-31,weightlifting,Weightlifting,middleweight,World Weightlifting Championships Men Middleweight total,men,Middleweight,2025 Førde,1,gold,athlete,Rizki Juniansyah,Indonesia,INA,https://en.wikipedia.org/wiki/List_of_World_Championships_medalists_in_weightlifting_(men)
world_weightlifting_championships,World Weightlifting Championships,2025,2025-12-31,weightlifting,Weightlifting,middleweight,World Weightlifting Championships Men Middleweight total,men,Middleweight,2025 Førde,2,silver,athlete,Ri Chong-song,North Korea,PRK,https://en.wikipedia.org/wiki/List_of_World_Championships_medalists_in_weightlifting_(men)
world_weightlifting_championships,World Weightlifting Championships,2025,2025-12-31,weightlifting,Weightlifting,middleweight,World Weightlifting Championships Men Middleweight total,men,Middleweight,2025 Førde,3,bronze,athlete,Abdelrahman Younes,Egypt,EGY,https://en.wikipedia.org/wiki/List_of_World_Championships_medalists_in_weightlifting_(men)
world_weightlifting_championships,World Weightlifting Championships,2025,2025-12-31,weightlifting,Weightlifting,super-heavyweight,World Weightlifting Championships Men Super heavyweight total,men,Super heavyweight,2025 Førde,1,gold,athlete,Varazdat Lalayan,Armenia,ARM,https://en.wikipedia.org/wiki/List_of_World_Championships_medalists_in_weightlifting_(men)
world_weightlifting_championships,World Weightlifting Championships,2025,2025-12-31,weightlifting,Weightlifting,super-heavyweight,World Weightlifting Championships Men Super heavyweight total,men,Super heavyweight,2025 Førde,2,silver,athlete,Gor Minasyan,Bahrain,BRN,https://en.wikipedia.org/wiki/List_of_World_Championships_medalists_in_weightlifting_(men)
world_weightlifting_championships,World Weightlifting Championships,2025,2025-12-31,weightlifting,Weightlifting,super-heavyweight,World Weightlifting Championships Men Super heavyweight total,men,Super heavyweight,2025 Førde,3,bronze,athlete,Song Yeong-hwan,South Korea,KOR,https://en.wikipedia.org/wiki/List_of_World_Championships_medalists_in_weightlifting_(men)
world_weightlifting_championships,World Weightlifting Championships,2025,2025-12-31,weightlifting,Weightlifting,bantamweight,World Weightlifting Championships Women Bantamweight total,women,Bantamweight,2025 Førde,1,gold,athlete,Ri Song-gum,North Korea,PRK,https://en.wikipedia.org/wiki/List_of_World_Championships_medalists_in_weightlifting_(women)
world_weightlifting_championships,World Weightlifting Championships,2025,2025-12-31,weightlifting,Weightlifting,bantamweight,World Weightlifting Championships Women Bantamweight total,women,Bantamweight,2025 Førde,2,silver,athlete,Mirabai Chanu,India,IND,https://en.wikipedia.org/wiki/List_of_World_Championships_medalists_in_weightlifting_(women)
world_weightlifting_championships,World Weightlifting Championships,2025,2025-12-31,weightlifting,Weightlifting,bantamweight,World Weightlifting Championships Women Bantamweight total,women,Bantamweight,2025 Førde,3,bronze,athlete,Thanyathon Sukcharoen,Thailand,THA,https://en.wikipedia.org/wiki/List_of_World_Championships_medalists_in_weightlifting_(women)
world_weightlifting_championships,World Weightlifting Championships,2025,2025-12-31,weightlifting,Weightlifting,featherweight,World Weightlifting Championships Women Featherweight total,women,Featherweight,2025 Førde,1,gold,athlete,Kang Hyon-gyong,North Korea,PRK,https://en.wikipedia.org/wiki/List_of_World_Championships_medalists_in_weightlifting_(women)
world_weightlifting_championships,World Weightlifting Championships,2025,2025-12-31,weightlifting,Weightlifting,featherweight,World Weightlifting Championships Women Featherweight total,women,Featherweight,2025 Førde,2,silver,athlete,Mihaela Cambei,Romania,ROU,https://en.wikipedia.org/wiki/List_of_World_Championships_medalists_in_weightlifting_(women)
world_weightlifting_championships,World Weightlifting Championships,2025,2025-12-31,weightlifting,Weightlifting,featherweight,World Weightlifting Championships Women Featherweight total,women,Featherweight,2025 Førde,3,bronze,athlete,Surodchana Khambao,Thailand,THA,https://en.wikipedia.org/wiki/List_of_World_Championships_medalists_in_weightlifting_(women)
world_weightlifting_championships,World Weightlifting Championships,2025,2025-12-31,weightlifting,Weightlifting,heavyweight,World Weightlifting Championships Women Heavyweight total,women,Heavyweight,2025 Førde,1,gold,athlete,Solfrid Koanda,Norway,NOR,https://en.wikipedia.org/wiki/List_of_World_Championships_medalists_in_weightlifting_(women)
world_weightlifting_championships,World Weightlifting Championships,2025,2025-12-31,weightlifting,Weightlifting,heavyweight,World Weightlifting Championships Women Heavyweight total,women,Heavyweight,2025 Førde,2,silver,athlete,Yudelina Mejía,Dominican Republic,DOM,https://en.wikipedia.org/wiki/List_of_World_Championships_medalists_in_weightlifting_(women)
world_weightlifting_championships,World Weightlifting Championships,2025,2025-12-31,weightlifting,Weightlifting,heavyweight,World Weightlifting Championships Women Heavyweight total,women,Heavyweight,2025 Førde,3,bronze,athlete,Eileen Cikamatana,Australia,AUS,https://en.wikipedia.org/wiki/List_of_World_Championships_medalists_in_weightlifting_(women)
world_weightlifting_championships,World Weightlifting Championships,2025,2025-12-31,weightlifting,Weightlifting,light-heavyweight,World Weightlifting Championships Women Light heavyweight total,women,Light heavyweight,2025 Førde,1,gold,athlete,Song Kuk-hyang,North Korea,PRK,https://en.wikipedia.org/wiki/List_of_World_Championships_medalists_in_weightlifting_(women)
world_weightlifting_championships,World Weightlifting Championships,2025,2025-12-31,weightlifting,Weightlifting,light-heavyweight,World Weightlifting Championships Women Light heavyweight total,women,Light heavyweight,2025 Førde,2,silver,athlete,Julieth Rodríguez,Colombia,COL,https://en.wikipedia.org/wiki/List_of_World_Championships_medalists_in_weightlifting_(women)
world_weightlifting_championships,World Weightlifting Championships,2025,2025-12-31,weightlifting,Weightlifting,light-heavyweight,World Weightlifting Championships Women Light heavyweight total,women,Light heavyweight,2025 Førde,3,bronze,athlete,Ingrid Segura,Bahrain,BRN,https://en.wikipedia.org/wiki/List_of_World_Championships_medalists_in_weightlifting_(women)
world_weightlifting_championships,World Weightlifting Championships,2025,2025-12-31,weightlifting,Weightlifting,lightweight,World Weightlifting Championships Women Lightweight total,women,Lightweight,2025 Førde,1,gold,athlete,Kim Il-gyong,North Korea,PRK,https://en.wikipedia.org/wiki/List_of_World_Championships_medalists_in_weightlifting_(women)
world_weightlifting_championships,World Weightlifting Championships,2025,2025-12-31,weightlifting,Weightlifting,lightweight,World Weightlifting Championships Women Lightweight total,women,Lightweight,2025 Førde,2,silver,athlete,Rafiatu Lawal,Nigeria,NGR,https://en.wikipedia.org/wiki/List_of_World_Championships_medalists_in_weightlifting_(women)
world_weightlifting_championships,World Weightlifting Championships,2025,2025-12-31,weightlifting,Weightlifting,lightweight,World Weightlifting Championships Women Lightweight total,women,Lightweight,2025 Førde,3,bronze,athlete,Kuo Hsing-chun,Chinese Taipei,TPE,https://en.wikipedia.org/wiki/List_of_World_Championships_medalists_in_weightlifting_(women)
world_weightlifting_championships,World Weightlifting Championships,2025,2025-12-31,weightlifting,Weightlifting,middle-heavyweight,World Weightlifting Championships Women Middle heavyweight total,women,Middle heavyweight,2025 Førde,1,gold,athlete,Olivia Reeves,United States,USA,https://en.wikipedia.org/wiki/List_of_World_Championships_medalists_in_weightlifting_(women)
world_weightlifting_championships,World Weightlifting Championships,2025,2025-12-31,weightlifting,Weightlifting,middle-heavyweight,World Weightlifting Championships Women Middle heavyweight total,women,Middle heavyweight,2025 Førde,2,silver,athlete,Sara Ahmed,Egypt,EGY,https://en.wikipedia.org/wiki/List_of_World_Championships_medalists_in_weightlifting_(women)
world_weightlifting_championships,World Weightlifting Championships,2025,2025-12-31,weightlifting,Weightlifting,middle-heavyweight,World Weightlifting Championships Women Middle heavyweight total,women,Middle heavyweight,2025 Førde,3,bronze,athlete,Mari Sánchez,Colombia,COL,https://en.wikipedia.org/wiki/List_of_World_Championships_medalists_in_weightlifting_(women)
world_weightlifting_championships,World Weightlifting Championships,2025,2025-12-31,weightlifting,Weightlifting,middleweight,World Weightlifting Championships Women Middleweight total,women,Middleweight,2025 Førde,1,gold,athlete,Ri Suk,North Korea,PRK,https://en.wikipedia.org/wiki/List_of_World_Championships_medalists_in_weightlifting_(women)
world_weightlifting_championships,World Weightlifting Championships,2025,2025-12-31,weightlifting,Weightlifting,middleweight,World Weightlifting Championships Women Middleweight total,women,Middleweight,2025 Førde,2,silver,athlete,Maude Charron,Canada,CAN,https://en.wikipedia.org/wiki/List_of_World_Championships_medalists_in_weightlifting_(women)
world_weightlifting_championships,World Weightlifting Championships,2025,2025-12-31,weightlifting,Weightlifting,middleweight,World Weightlifting Championships Women Middleweight total,women,Middleweight,2025 Førde,3,bronze,athlete,Yenny Sinisterra,Colombia,COL,https://en.wikipedia.org/wiki/List_of_World_Championships_medalists_in_weightlifting_(women)
world_weightlifting_championships,World Weightlifting Championships,2025,2025-12-31,weightlifting,Weightlifting,super-heavyweight,World Weightlifting Championships Women Super heavyweight total,women,Super heavyweight,2025 Førde,1,gold,athlete,Park Hye-jeong,South Korea,KOR,https://en.wikipedia.org/wiki/List_of_World_Championships_medalists_in_weightlifting_(women)
world_weightlifting_championships,World Weightlifting Championships,2025,2025-12-31,weightlifting,Weightlifting,super-heavyweight,World Weightlifting Championships Women Super heavyweight total,women,Super heavyweight,2025 Førde,2,silver,athlete,Marifélix Sarría,Cuba,CUB,https://en.wikipedia.org/wiki/List_of_World_Championships_medalists_in_weightlifting_(women)
world_weightlifting_championships,World Weightlifting Championships,2025,2025-12-31,weightlifting,Weightlifting,super-heavyweight,World Weightlifting Championships Women Super heavyweight total,women,Super heavyweight,2025 Førde,3,bronze,athlete,Mary Theisen-Lappen,United States,USA,https://en.wikipedia.org/wiki/List_of_World_Championships_medalists_in_weightlifting_(women)
