event_id,participant_id,rank,medal,score_raw,points_awarded
iba_mens_world_boxing_championships_2001_men_bantamweight-54-kilograms,world_boxing_athlete_Guillermo_Rigondeaux_CUB,1,gold,discipline=Boxing;event=IBA Men's World Boxing Championships Men Bantamweight ( – 54 kilograms);event_label=Bantamweight ( – 54 kilograms);source_text=Guillermo Rigondeaux Cuba;entry_country=CUB;source_url=https://en.wikipedia.org/wiki/2001_World_Amateur_Boxing_Championships,10.0
iba_mens_world_boxing_championships_2001_men_bantamweight-54-kilograms,world_boxing_athlete_Agasi_Agaguloglu_TUR,2,silver,discipline=Boxing;event=IBA Men's World Boxing Championships Men Bantamweight ( – 54 kilograms);event_label=Bantamweight ( – 54 kilograms);source_text=Agasi Agaguloglu Turkey;entry_country=TUR;source_url=https://en.wikipedia.org/wiki/2001_World_Amateur_Boxing_Championships,7.0
iba_mens_world_boxing_championships_2001_men_bantamweight-54-kilograms,world_boxing_athlete_Elio_Rojas_DOM,3,bronze,discipline=Boxing;event=IBA Men's World Boxing Championships Men Bantamweight ( – 54 kilograms);event_label=Bantamweight ( – 54 kilograms);source_text=Serhiy Danylchenko Ukraine Elio Rojas Dominican Republic;entry_country=DOM;source_url=https://en.wikipedia.org/wiki/2001_World_Amateur_Boxing_Championships,5.0
iba_mens_world_boxing_championships_2001_men_bantamweight-54-kilograms,world_boxing_athlete_Serhiy_Danylchenko_UKR,3,bronze,discipline=Boxing;event=IBA Men's World Boxing Championships Men Bantamweight ( – 54 kilograms);event_label=Bantamweight ( – 54 kilograms);source_text=Serhiy Danylchenko Ukraine Elio Rojas Dominican Republic;entry_country=UKR;source_url=https://en.wikipedia.org/wiki/2001_World_Amateur_Boxing_Championships,5.0
iba_mens_world_boxing_championships_2001_men_featherweight-57-kilograms,world_boxing_athlete_Ramaz_Paliani_TUR,1,gold,discipline=Boxing;event=IBA Men's World Boxing Championships Men Featherweight ( – 57 kilograms);event_label=Featherweight ( – 57 kilograms);source_text=Ramaz Paliani Turkey;entry_country=TUR;source_url=https://en.wikipedia.org/wiki/2001_World_Amateur_Boxing_Championships,10.0
iba_mens_world_boxing_championships_2001_men_featherweight-57-kilograms,world_boxing_athlete_Galib_Jafarov_KAZ,2,silver,discipline=Boxing;event=IBA Men's World Boxing Championships Men Featherweight ( – 57 kilograms);event_label=Featherweight ( – 57 kilograms);source_text=Galib Jafarov Kazakhstan;entry_country=KAZ;source_url=https://en.wikipedia.org/wiki/2001_World_Amateur_Boxing_Championships,7.0
iba_mens_world_boxing_championships_2001_men_featherweight-57-kilograms,world_boxing_athlete_Joni_Turunen_FIN,3,bronze,discipline=Boxing;event=IBA Men's World Boxing Championships Men Featherweight ( – 57 kilograms);event_label=Featherweight ( – 57 kilograms);source_text=Majid Jelili Sweden Joni Turunen Finland;entry_country=FIN;source_url=https://en.wikipedia.org/wiki/2001_World_Amateur_Boxing_Championships,5.0
iba_mens_world_boxing_championships_2001_men_featherweight-57-kilograms,world_boxing_athlete_Majid_Jelili_SWE,3,bronze,discipline=Boxing;event=IBA Men's World Boxing Championships Men Featherweight ( – 57 kilograms);event_label=Featherweight ( – 57 kilograms);source_text=Majid Jelili Sweden Joni Turunen Finland;entry_country=SWE;source_url=https://en.wikipedia.org/wiki/2001_World_Amateur_Boxing_Championships,5.0
iba_mens_world_boxing_championships_2001_men_flyweight-51-kilograms,world_boxing_athlete_Jérôme_Thomas_FRA,1,gold,discipline=Boxing;event=IBA Men's World Boxing Championships Men Flyweight ( – 51 kilograms);event_label=Flyweight ( – 51 kilograms);source_text=Jérôme Thomas France;entry_country=FRA;source_url=https://en.wikipedia.org/wiki/2001_World_Amateur_Boxing_Championships,10.0
iba_mens_world_boxing_championships_2001_men_flyweight-51-kilograms,world_boxing_athlete_Volodymyr_Sydorenko_UKR,2,silver,discipline=Boxing;event=IBA Men's World Boxing Championships Men Flyweight ( – 51 kilograms);event_label=Flyweight ( – 51 kilograms);source_text=Volodymyr Sydorenko Ukraine;entry_country=UKR;source_url=https://en.wikipedia.org/wiki/2001_World_Amateur_Boxing_Championships,7.0
iba_mens_world_boxing_championships_2001_men_flyweight-51-kilograms,world_boxing_athlete_Alexandar_Alexandrov_BGR,3,bronze,discipline=Boxing;event=IBA Men's World Boxing Championships Men Flyweight ( – 51 kilograms);event_label=Flyweight ( – 51 kilograms);source_text=Alexandar Alexandrov Bulgaria Georgy Balakshin Russia;entry_country=BGR;source_url=https://en.wikipedia.org/wiki/2001_World_Amateur_Boxing_Championships,5.0
iba_mens_world_boxing_championships_2001_men_flyweight-51-kilograms,world_boxing_athlete_Georgy_Balakshin_RUS,3,bronze,discipline=Boxing;event=IBA Men's World Boxing Championships Men Flyweight ( – 51 kilograms);event_label=Flyweight ( – 51 kilograms);source_text=Alexandar Alexandrov Bulgaria Georgy Balakshin Russia;entry_country=RUS;source_url=https://en.wikipedia.org/wiki/2001_World_Amateur_Boxing_Championships,5.0
iba_mens_world_boxing_championships_2001_men_heavyweight-91-kilograms,world_boxing_athlete_Odlanier_Solis_CUB,1,gold,discipline=Boxing;event=IBA Men's World Boxing Championships Men Heavyweight ( – 91 kilograms);event_label=Heavyweight ( – 91 kilograms);source_text=Odlanier Solis Cuba;entry_country=CUB;source_url=https://en.wikipedia.org/wiki/2001_World_Amateur_Boxing_Championships,10.0
iba_mens_world_boxing_championships_2001_men_heavyweight-91-kilograms,world_boxing_athlete_David_Haye_ENG,2,silver,discipline=Boxing;event=IBA Men's World Boxing Championships Men Heavyweight ( – 91 kilograms);event_label=Heavyweight ( – 91 kilograms);source_text=David Haye England;entry_country=ENG;source_url=https://en.wikipedia.org/wiki/2001_World_Amateur_Boxing_Championships,7.0
iba_mens_world_boxing_championships_2001_men_heavyweight-91-kilograms,world_boxing_athlete_Sultanachmed_Ibragimov_RUS,3,bronze,discipline=Boxing;event=IBA Men's World Boxing Championships Men Heavyweight ( – 91 kilograms);event_label=Heavyweight ( – 91 kilograms);source_text=Sultanachmed Ibragimov Russia Vyacheslav Uselkov Ukraine;entry_country=RUS;source_url=https://en.wikipedia.org/wiki/2001_World_Amateur_Boxing_Championships,5.0
iba_mens_world_boxing_championships_2001_men_heavyweight-91-kilograms,world_boxing_athlete_Vyacheslav_Uselkov_UKR,3,bronze,discipline=Boxing;event=IBA Men's World Boxing Championships Men Heavyweight ( – 91 kilograms);event_label=Heavyweight ( – 91 kilograms);source_text=Sultanachmed Ibragimov Russia Vyacheslav Uselkov Ukraine;entry_country=UKR;source_url=https://en.wikipedia.org/wiki/2001_World_Amateur_Boxing_Championships,5.0
iba_mens_world_boxing_championships_2001_men_light-flyweight-48-kilograms,world_boxing_athlete_Yan_Bartelemí_CUB,1,gold,discipline=Boxing;event=IBA Men's World Boxing Championships Men Light Flyweight ( – 48 kilograms);event_label=Light Flyweight ( – 48 kilograms);source_text=Yan Bartelemí Cuba;entry_country=CUB;source_url=https://en.wikipedia.org/wiki/2001_World_Amateur_Boxing_Championships,10.0
iba_mens_world_boxing_championships_2001_men_light-flyweight-48-kilograms,world_boxing_athlete_Marian_Velicu_ROU,2,silver,discipline=Boxing;event=IBA Men's World Boxing Championships Men Light Flyweight ( – 48 kilograms);event_label=Light Flyweight ( – 48 kilograms);source_text=Marian Velicu Romania;entry_country=ROU;source_url=https://en.wikipedia.org/wiki/2001_World_Amateur_Boxing_Championships,7.0
iba_mens_world_boxing_championships_2001_men_light-flyweight-48-kilograms,world_boxing_athlete_Harry_Tañamor_PHL,3,bronze,discipline=Boxing;event=IBA Men's World Boxing Championships Men Light Flyweight ( – 48 kilograms);event_label=Light Flyweight ( – 48 kilograms);source_text=Ronald Siler United States Harry Tañamor Philippines;entry_country=PHL;source_url=https://en.wikipedia.org/wiki/2001_World_Amateur_Boxing_Championships,5.0
iba_mens_world_boxing_championships_2001_men_light-flyweight-48-kilograms,world_boxing_athlete_Ronald_Siler_USA,3,bronze,discipline=Boxing;event=IBA Men's World Boxing Championships Men Light Flyweight ( – 48 kilograms);event_label=Light Flyweight ( – 48 kilograms);source_text=Ronald Siler United States Harry Tañamor Philippines;entry_country=USA;source_url=https://en.wikipedia.org/wiki/2001_World_Amateur_Boxing_Championships,5.0
iba_mens_world_boxing_championships_2001_men_light-heavyweight-81-kilograms,world_boxing_athlete_Yevgeniy_Makarenko_RUS,1,gold,discipline=Boxing;event=IBA Men's World Boxing Championships Men Light Heavyweight ( – 81 kilograms);event_label=Light Heavyweight ( – 81 kilograms);source_text=Yevgeniy Makarenko Russia;entry_country=RUS;source_url=https://en.wikipedia.org/wiki/2001_World_Amateur_Boxing_Championships,10.0
iba_mens_world_boxing_championships_2001_men_light-heavyweight-81-kilograms,world_boxing_athlete_Viktor_Perun_UKR,2,silver,discipline=Boxing;event=IBA Men's World Boxing Championships Men Light Heavyweight ( – 81 kilograms);event_label=Light Heavyweight ( – 81 kilograms);source_text=Viktor Perun Ukraine;entry_country=UKR;source_url=https://en.wikipedia.org/wiki/2001_World_Amateur_Boxing_Championships,7.0
iba_mens_world_boxing_championships_2001_men_light-heavyweight-81-kilograms,world_boxing_athlete_John_Dovi_FRA,3,bronze,discipline=Boxing;event=IBA Men's World Boxing Championships Men Light Heavyweight ( – 81 kilograms);event_label=Light Heavyweight ( – 81 kilograms);source_text=John Dovi France Claudio Rasco Romania;entry_country=FRA;source_url=https://en.wikipedia.org/wiki/2001_World_Amateur_Boxing_Championships,5.0
iba_mens_world_boxing_championships_2001_men_light-heavyweight-81-kilograms,world_boxing_athlete_Claudio_Rasco_ROU,3,bronze,discipline=Boxing;event=IBA Men's World Boxing Championships Men Light Heavyweight ( – 81 kilograms);event_label=Light Heavyweight ( – 81 kilograms);source_text=John Dovi France Claudio Rasco Romania;entry_country=ROU;source_url=https://en.wikipedia.org/wiki/2001_World_Amateur_Boxing_Championships,5.0
iba_mens_world_boxing_championships_2001_men_light-middleweight-71-kilograms,world_boxing_athlete_Damián_Austín_CUB,1,gold,discipline=Boxing;event=IBA Men's World Boxing Championships Men Light Middleweight ( – 71 kilograms);event_label=Light Middleweight ( – 71 kilograms);source_text=Damián Austín Cuba;entry_country=CUB;source_url=https://en.wikipedia.org/wiki/2001_World_Amateur_Boxing_Championships,10.0
iba_mens_world_boxing_championships_2001_men_light-middleweight-71-kilograms,world_boxing_athlete_Marian_Simion_ROU,2,silver,discipline=Boxing;event=IBA Men's World Boxing Championships Men Light Middleweight ( – 71 kilograms);event_label=Light Middleweight ( – 71 kilograms);source_text=Marian Simion Romania;entry_country=ROU;source_url=https://en.wikipedia.org/wiki/2001_World_Amateur_Boxing_Championships,7.0
iba_mens_world_boxing_championships_2001_men_light-middleweight-71-kilograms,world_boxing_athlete_Ciro_Di_Corcia_ITA,3,bronze,discipline=Boxing;event=IBA Men's World Boxing Championships Men Light Middleweight ( – 71 kilograms);event_label=Light Middleweight ( – 71 kilograms);source_text=Ciro Di Corcia Italy Bülent Ulusoy Turkey;entry_country=ITA;source_url=https://en.wikipedia.org/wiki/2001_World_Amateur_Boxing_Championships,5.0
iba_mens_world_boxing_championships_2001_men_light-middleweight-71-kilograms,world_boxing_athlete_Bülent_Ulusoy_TUR,3,bronze,discipline=Boxing;event=IBA Men's World Boxing Championships Men Light Middleweight ( – 71 kilograms);event_label=Light Middleweight ( – 71 kilograms);source_text=Ciro Di Corcia Italy Bülent Ulusoy Turkey;entry_country=TUR;source_url=https://en.wikipedia.org/wiki/2001_World_Amateur_Boxing_Championships,5.0
iba_mens_world_boxing_championships_2001_men_light-welterweight-63-5-kilograms,world_boxing_athlete_Diógenes_Luna_CUB,1,gold,"discipline=Boxing;event=IBA Men's World Boxing Championships Men Light Welterweight ( – 63,5 kilograms);event_label=Light Welterweight ( – 63,5 kilograms);source_text=Diógenes Luna Cuba;entry_country=CUB;source_url=https://en.wikipedia.org/wiki/2001_World_Amateur_Boxing_Championships",10.0
iba_mens_world_boxing_championships_2001_men_light-welterweight-63-5-kilograms,world_boxing_athlete_Dimitar_Shtilianov_BGR,2,silver,"discipline=Boxing;event=IBA Men's World Boxing Championships Men Light Welterweight ( – 63,5 kilograms);event_label=Light Welterweight ( – 63,5 kilograms);source_text=Dimitar Shtilianov Bulgaria;entry_country=BGR;source_url=https://en.wikipedia.org/wiki/2001_World_Amateur_Boxing_Championships",7.0
iba_mens_world_boxing_championships_2001_men_light-welterweight-63-5-kilograms,world_boxing_athlete_Willy_Blain_FRA,3,bronze,"discipline=Boxing;event=IBA Men's World Boxing Championships Men Light Welterweight ( – 63,5 kilograms);event_label=Light Welterweight ( – 63,5 kilograms);source_text=Willy Blain France Yuriy Solotov Ukraine;entry_country=FRA;source_url=https://en.wikipedia.org/wiki/2001_World_Amateur_Boxing_Championships",5.0
iba_mens_world_boxing_championships_2001_men_light-welterweight-63-5-kilograms,world_boxing_athlete_Yuriy_Solotov_UKR,3,bronze,"discipline=Boxing;event=IBA Men's World Boxing Championships Men Light Welterweight ( – 63,5 kilograms);event_label=Light Welterweight ( – 63,5 kilograms);source_text=Willy Blain France Yuriy Solotov Ukraine;entry_country=UKR;source_url=https://en.wikipedia.org/wiki/2001_World_Amateur_Boxing_Championships",5.0
iba_mens_world_boxing_championships_2001_men_lightweight-60-kilograms,world_boxing_athlete_Mario_Kindelán_CUB,1,gold,discipline=Boxing;event=IBA Men's World Boxing Championships Men Lightweight ( – 60 kilograms);event_label=Lightweight ( – 60 kilograms);source_text=Mario Kindelán Cuba;entry_country=CUB;source_url=https://en.wikipedia.org/wiki/2001_World_Amateur_Boxing_Championships,10.0
iba_mens_world_boxing_championships_2001_men_lightweight-60-kilograms,world_boxing_athlete_Volodymyr_Kolesnyk_UKR,2,silver,discipline=Boxing;event=IBA Men's World Boxing Championships Men Lightweight ( – 60 kilograms);event_label=Lightweight ( – 60 kilograms);source_text=Volodymyr Kolesnyk Ukraine;entry_country=UKR;source_url=https://en.wikipedia.org/wiki/2001_World_Amateur_Boxing_Championships,7.0
iba_mens_world_boxing_championships_2001_men_lightweight-60-kilograms,world_boxing_athlete_Filip_Pali_HRV,3,bronze,discipline=Boxing;event=IBA Men's World Boxing Championships Men Lightweight ( – 60 kilograms);event_label=Lightweight ( – 60 kilograms);source_text=Alexandr Maletin Russia Filip Palić Croatia;entry_country=HRV;source_url=https://en.wikipedia.org/wiki/2001_World_Amateur_Boxing_Championships,5.0
iba_mens_world_boxing_championships_2001_men_lightweight-60-kilograms,world_boxing_athlete_Alexandr_Maletin_RUS,3,bronze,discipline=Boxing;event=IBA Men's World Boxing Championships Men Lightweight ( – 60 kilograms);event_label=Lightweight ( – 60 kilograms);source_text=Alexandr Maletin Russia Filip Palić Croatia;entry_country=RUS;source_url=https://en.wikipedia.org/wiki/2001_World_Amateur_Boxing_Championships,5.0
iba_mens_world_boxing_championships_2001_men_middleweight-75-kilograms,world_boxing_athlete_Andrey_Gogolev_RUS,1,gold,discipline=Boxing;event=IBA Men's World Boxing Championships Men Middleweight ( – 75 kilograms);event_label=Middleweight ( – 75 kilograms);source_text=Andrey Gogolev Russia;entry_country=RUS;source_url=https://en.wikipedia.org/wiki/2001_World_Amateur_Boxing_Championships,10.0
iba_mens_world_boxing_championships_2001_men_middleweight-75-kilograms,world_boxing_athlete_Utkirbek_Haydarov_UZB,2,silver,discipline=Boxing;event=IBA Men's World Boxing Championships Men Middleweight ( – 75 kilograms);event_label=Middleweight ( – 75 kilograms);source_text=Utkirbek Haydarov Uzbekistan;entry_country=UZB;source_url=https://en.wikipedia.org/wiki/2001_World_Amateur_Boxing_Championships,7.0
iba_mens_world_boxing_championships_2001_men_middleweight-75-kilograms,world_boxing_athlete_Yordanis_Despaigne_CUB,3,bronze,discipline=Boxing;event=IBA Men's World Boxing Championships Men Middleweight ( – 75 kilograms);event_label=Middleweight ( – 75 kilograms);source_text=Yordanis Despaigne Cuba Carl Froch England;entry_country=CUB;source_url=https://en.wikipedia.org/wiki/2001_World_Amateur_Boxing_Championships,5.0
iba_mens_world_boxing_championships_2001_men_middleweight-75-kilograms,world_boxing_athlete_Carl_Froch_ENG,3,bronze,discipline=Boxing;event=IBA Men's World Boxing Championships Men Middleweight ( – 75 kilograms);event_label=Middleweight ( – 75 kilograms);source_text=Yordanis Despaigne Cuba Carl Froch England;entry_country=ENG;source_url=https://en.wikipedia.org/wiki/2001_World_Amateur_Boxing_Championships,5.0
iba_mens_world_boxing_championships_2001_men_super-heavyweight-plus-91-kilograms,world_boxing_athlete_Ruslan_Chagaev_UZB,1,gold,discipline=Boxing;event=IBA Men's World Boxing Championships Men Super Heavyweight (+ 91 kilograms);event_label=Super Heavyweight (+ 91 kilograms);source_text=Ruslan Chagaev Uzbekistan;entry_country=UZB;source_url=https://en.wikipedia.org/wiki/2001_World_Amateur_Boxing_Championships,10.0
iba_mens_world_boxing_championships_2001_men_super-heavyweight-plus-91-kilograms,world_boxing_athlete_Aleksey_Masikin_UKR,2,silver,discipline=Boxing;event=IBA Men's World Boxing Championships Men Super Heavyweight (+ 91 kilograms);event_label=Super Heavyweight (+ 91 kilograms);source_text=Aleksey Masikin Ukraine;entry_country=UKR;source_url=https://en.wikipedia.org/wiki/2001_World_Amateur_Boxing_Championships,7.0
iba_mens_world_boxing_championships_2001_men_super-heavyweight-plus-91-kilograms,world_boxing_athlete_Pedro_Carrión_CUB,3,bronze,discipline=Boxing;event=IBA Men's World Boxing Championships Men Super Heavyweight (+ 91 kilograms);event_label=Super Heavyweight (+ 91 kilograms);source_text=Vitali Boot Germany Pedro Carrión Cuba;entry_country=CUB;source_url=https://en.wikipedia.org/wiki/2001_World_Amateur_Boxing_Championships,5.0
iba_mens_world_boxing_championships_2001_men_super-heavyweight-plus-91-kilograms,world_boxing_athlete_Vitali_Boot_DEU,3,bronze,discipline=Boxing;event=IBA Men's World Boxing Championships Men Super Heavyweight (+ 91 kilograms);event_label=Super Heavyweight (+ 91 kilograms);source_text=Vitali Boot Germany Pedro Carrión Cuba;entry_country=DEU;source_url=https://en.wikipedia.org/wiki/2001_World_Amateur_Boxing_Championships,5.0
iba_mens_world_boxing_championships_2001_men_welterweight-67-kilograms,world_boxing_athlete_Lorenzo_Aragón_CUB,1,gold,discipline=Boxing;event=IBA Men's World Boxing Championships Men Welterweight ( – 67 kilograms);event_label=Welterweight ( – 67 kilograms);source_text=Lorenzo Aragón Cuba;entry_country=CUB;source_url=https://en.wikipedia.org/wiki/2001_World_Amateur_Boxing_Championships,10.0
iba_mens_world_boxing_championships_2001_men_welterweight-67-kilograms,world_boxing_athlete_Anthony_Thompson_USA,2,silver,discipline=Boxing;event=IBA Men's World Boxing Championships Men Welterweight ( – 67 kilograms);event_label=Welterweight ( – 67 kilograms);source_text=Anthony Thompson United States;entry_country=USA;source_url=https://en.wikipedia.org/wiki/2001_World_Amateur_Boxing_Championships,7.0
iba_mens_world_boxing_championships_2001_men_welterweight-67-kilograms,world_boxing_athlete_James_Moore_IRL,3,bronze,discipline=Boxing;event=IBA Men's World Boxing Championships Men Welterweight ( – 67 kilograms);event_label=Welterweight ( – 67 kilograms);source_text=Sherzod Husanov Uzbekistan James Moore Ireland;entry_country=IRL;source_url=https://en.wikipedia.org/wiki/2001_World_Amateur_Boxing_Championships,5.0
iba_mens_world_boxing_championships_2001_men_welterweight-67-kilograms,world_boxing_athlete_Sherzod_Husanov_UZB,3,bronze,discipline=Boxing;event=IBA Men's World Boxing Championships Men Welterweight ( – 67 kilograms);event_label=Welterweight ( – 67 kilograms);source_text=Sherzod Husanov Uzbekistan James Moore Ireland;entry_country=UZB;source_url=https://en.wikipedia.org/wiki/2001_World_Amateur_Boxing_Championships,5.0
iba_mens_world_boxing_championships_2003_men_bantamweight-54-kilograms,world_boxing_athlete_Aghasi_Mammadov_AZE,1,gold,discipline=Boxing;event=IBA Men's World Boxing Championships Men Bantamweight (–54 kilograms);event_label=Bantamweight (–54 kilograms);source_text=Aghasi Mammadov Azerbaijan;entry_country=AZE;source_url=https://en.wikipedia.org/wiki/2003_World_Amateur_Boxing_Championships,10.0
iba_mens_world_boxing_championships_2003_men_bantamweight-54-kilograms,world_boxing_athlete_Gennadiy_Kovalev_RUS,2,silver,discipline=Boxing;event=IBA Men's World Boxing Championships Men Bantamweight (–54 kilograms);event_label=Bantamweight (–54 kilograms);source_text=Gennadiy Kovalev Russia;entry_country=RUS;source_url=https://en.wikipedia.org/wiki/2003_World_Amateur_Boxing_Championships,7.0
iba_mens_world_boxing_championships_2003_men_bantamweight-54-kilograms,world_boxing_athlete_Detelin_Dalakliev_BGR,3,bronze,discipline=Boxing;event=IBA Men's World Boxing Championships Men Bantamweight (–54 kilograms);event_label=Bantamweight (–54 kilograms);source_text=Detelin Dalakliev Bulgaria Bahodirjon Sultonov Uzbekistan;entry_country=BGR;source_url=https://en.wikipedia.org/wiki/2003_World_Amateur_Boxing_Championships,5.0
iba_mens_world_boxing_championships_2003_men_bantamweight-54-kilograms,world_boxing_athlete_Bahodirjon_Sultonov_UZB,3,bronze,discipline=Boxing;event=IBA Men's World Boxing Championships Men Bantamweight (–54 kilograms);event_label=Bantamweight (–54 kilograms);source_text=Detelin Dalakliev Bulgaria Bahodirjon Sultonov Uzbekistan;entry_country=UZB;source_url=https://en.wikipedia.org/wiki/2003_World_Amateur_Boxing_Championships,5.0
iba_mens_world_boxing_championships_2003_men_featherweight-57-kilograms,world_boxing_athlete_Galib_Jafarov_KAZ,1,gold,discipline=Boxing;event=IBA Men's World Boxing Championships Men Featherweight (–57 kilograms);event_label=Featherweight (–57 kilograms);source_text=Galib Jafarov Kazakhstan;entry_country=KAZ;source_url=https://en.wikipedia.org/wiki/2003_World_Amateur_Boxing_Championships,10.0
iba_mens_world_boxing_championships_2003_men_featherweight-57-kilograms,world_boxing_athlete_Vitali_Tajbert_DEU,2,silver,discipline=Boxing;event=IBA Men's World Boxing Championships Men Featherweight (–57 kilograms);event_label=Featherweight (–57 kilograms);source_text=Vitali Tajbert Germany;entry_country=DEU;source_url=https://en.wikipedia.org/wiki/2003_World_Amateur_Boxing_Championships,7.0
iba_mens_world_boxing_championships_2003_men_featherweight-57-kilograms,world_boxing_athlete_Cho_Seok-Hwan_KOR,3,bronze,discipline=Boxing;event=IBA Men's World Boxing Championships Men Featherweight (–57 kilograms);event_label=Featherweight (–57 kilograms);source_text=Abdusalom Khasanov Tajikistan Cho Seok-Hwan South Korea;entry_country=KOR;source_url=https://en.wikipedia.org/wiki/2003_World_Amateur_Boxing_Championships,5.0
iba_mens_world_boxing_championships_2003_men_featherweight-57-kilograms,world_boxing_athlete_Abdusalom_Khasanov_TJK,3,bronze,discipline=Boxing;event=IBA Men's World Boxing Championships Men Featherweight (–57 kilograms);event_label=Featherweight (–57 kilograms);source_text=Abdusalom Khasanov Tajikistan Cho Seok-Hwan South Korea;entry_country=TJK;source_url=https://en.wikipedia.org/wiki/2003_World_Amateur_Boxing_Championships,5.0
iba_mens_world_boxing_championships_2003_men_flyweight-51-kilograms,world_boxing_athlete_Somjit_Jongjohor_THA,1,gold,discipline=Boxing;event=IBA Men's World Boxing Championships Men Flyweight (–51 kilograms);event_label=Flyweight (–51 kilograms);source_text=Somjit Jongjohor Thailand;entry_country=THA;source_url=https://en.wikipedia.org/wiki/2003_World_Amateur_Boxing_Championships,10.0
iba_mens_world_boxing_championships_2003_men_flyweight-51-kilograms,world_boxing_athlete_Jérôme_Thomas_FRA,2,silver,discipline=Boxing;event=IBA Men's World Boxing Championships Men Flyweight (–51 kilograms);event_label=Flyweight (–51 kilograms);source_text=Jérôme Thomas France;entry_country=FRA;source_url=https://en.wikipedia.org/wiki/2003_World_Amateur_Boxing_Championships,7.0
iba_mens_world_boxing_championships_2003_men_flyweight-51-kilograms,world_boxing_athlete_Alexandar_Alexandrov_BGR,3,bronze,discipline=Boxing;event=IBA Men's World Boxing Championships Men Flyweight (–51 kilograms);event_label=Flyweight (–51 kilograms);source_text=Alexandar Alexandrov Bulgaria Rustamhodza Rahimov Germany;entry_country=BGR;source_url=https://en.wikipedia.org/wiki/2003_World_Amateur_Boxing_Championships,5.0
iba_mens_world_boxing_championships_2003_men_flyweight-51-kilograms,world_boxing_athlete_Rustamhodza_Rahimov_DEU,3,bronze,discipline=Boxing;event=IBA Men's World Boxing Championships Men Flyweight (–51 kilograms);event_label=Flyweight (–51 kilograms);source_text=Alexandar Alexandrov Bulgaria Rustamhodza Rahimov Germany;entry_country=DEU;source_url=https://en.wikipedia.org/wiki/2003_World_Amateur_Boxing_Championships,5.0
iba_mens_world_boxing_championships_2003_men_heavyweight-91-kilograms,world_boxing_athlete_Odlanier_Solis_CUB,1,gold,discipline=Boxing;event=IBA Men's World Boxing Championships Men Heavyweight (–91 kilograms);event_label=Heavyweight (–91 kilograms);source_text=Odlanier Solis Cuba;entry_country=CUB;source_url=https://en.wikipedia.org/wiki/2003_World_Amateur_Boxing_Championships,10.0
iba_mens_world_boxing_championships_2003_men_heavyweight-91-kilograms,world_boxing_athlete_Aleksandr_Alekseyev_RUS,2,silver,discipline=Boxing;event=IBA Men's World Boxing Championships Men Heavyweight (–91 kilograms);event_label=Heavyweight (–91 kilograms);source_text=Aleksandr Alekseyev Russia;entry_country=RUS;source_url=https://en.wikipedia.org/wiki/2003_World_Amateur_Boxing_Championships,7.0
iba_mens_world_boxing_championships_2003_men_heavyweight-91-kilograms,world_boxing_athlete_Viktor_Zuyev_BLR,3,bronze,discipline=Boxing;event=IBA Men's World Boxing Championships Men Heavyweight (–91 kilograms);event_label=Heavyweight (–91 kilograms);source_text=Steffen Kretschmann Germany Viktor Zuyev Belarus;entry_country=BLR;source_url=https://en.wikipedia.org/wiki/2003_World_Amateur_Boxing_Championships,5.0
iba_mens_world_boxing_championships_2003_men_heavyweight-91-kilograms,world_boxing_athlete_Steffen_Kretschmann_DEU,3,bronze,discipline=Boxing;event=IBA Men's World Boxing Championships Men Heavyweight (–91 kilograms);event_label=Heavyweight (–91 kilograms);source_text=Steffen Kretschmann Germany Viktor Zuyev Belarus;entry_country=DEU;source_url=https://en.wikipedia.org/wiki/2003_World_Amateur_Boxing_Championships,5.0
iba_mens_world_boxing_championships_2003_men_light-flyweight-48-kilograms,world_boxing_athlete_Sergey_Kazakov_RUS,1,gold,discipline=Boxing;event=IBA Men's World Boxing Championships Men Light flyweight (–48 kilograms);event_label=Light flyweight (–48 kilograms);source_text=Sergey Kazakov Russia;entry_country=RUS;source_url=https://en.wikipedia.org/wiki/2003_World_Amateur_Boxing_Championships,10.0
iba_mens_world_boxing_championships_2003_men_light-flyweight-48-kilograms,world_boxing_athlete_Zou_Shiming_CHN,2,silver,discipline=Boxing;event=IBA Men's World Boxing Championships Men Light flyweight (–48 kilograms);event_label=Light flyweight (–48 kilograms);source_text=Zou Shiming People's Republic of China;entry_country=CHN;source_url=https://en.wikipedia.org/wiki/2003_World_Amateur_Boxing_Championships,7.0
iba_mens_world_boxing_championships_2003_men_light-flyweight-48-kilograms,world_boxing_athlete_Nauman_Karim_PAK,3,bronze,discipline=Boxing;event=IBA Men's World Boxing Championships Men Light flyweight (–48 kilograms);event_label=Light flyweight (–48 kilograms);source_text=Nauman Karim Pakistan Harry Tañamor Philippines;entry_country=PAK;source_url=https://en.wikipedia.org/wiki/2003_World_Amateur_Boxing_Championships,5.0
iba_mens_world_boxing_championships_2003_men_light-flyweight-48-kilograms,world_boxing_athlete_Harry_Tañamor_PHL,3,bronze,discipline=Boxing;event=IBA Men's World Boxing Championships Men Light flyweight (–48 kilograms);event_label=Light flyweight (–48 kilograms);source_text=Nauman Karim Pakistan Harry Tañamor Philippines;entry_country=PHL;source_url=https://en.wikipedia.org/wiki/2003_World_Amateur_Boxing_Championships,5.0
iba_mens_world_boxing_championships_2003_men_light-heavyweight-81-kilograms,world_boxing_athlete_Yevgeniy_Makarenko_RUS,1,gold,discipline=Boxing;event=IBA Men's World Boxing Championships Men Light heavyweight (–81 kilograms);event_label=Light heavyweight (–81 kilograms);source_text=Yevgeniy Makarenko Russia;entry_country=RUS;source_url=https://en.wikipedia.org/wiki/2003_World_Amateur_Boxing_Championships,10.0
iba_mens_world_boxing_championships_2003_men_light-heavyweight-81-kilograms,world_boxing_athlete_Magomed_Aripgadjiev_BLR,2,silver,discipline=Boxing;event=IBA Men's World Boxing Championships Men Light heavyweight (–81 kilograms);event_label=Light heavyweight (–81 kilograms);source_text=Magomed Aripgadjiev Belarus;entry_country=BLR;source_url=https://en.wikipedia.org/wiki/2003_World_Amateur_Boxing_Championships,7.0
iba_mens_world_boxing_championships_2003_men_light-heavyweight-81-kilograms,world_boxing_athlete_Rudolf_Kraj_CZE,3,bronze,discipline=Boxing;event=IBA Men's World Boxing Championships Men Light heavyweight (–81 kilograms);event_label=Light heavyweight (–81 kilograms);source_text=Rudolf Kraj Czech Republic Aleksy Kuziemski Poland;entry_country=CZE;source_url=https://en.wikipedia.org/wiki/2003_World_Amateur_Boxing_Championships,5.0
iba_mens_world_boxing_championships_2003_men_light-heavyweight-81-kilograms,world_boxing_athlete_Aleksy_Kuziemski_POL,3,bronze,discipline=Boxing;event=IBA Men's World Boxing Championships Men Light heavyweight (–81 kilograms);event_label=Light heavyweight (–81 kilograms);source_text=Rudolf Kraj Czech Republic Aleksy Kuziemski Poland;entry_country=POL;source_url=https://en.wikipedia.org/wiki/2003_World_Amateur_Boxing_Championships,5.0
iba_mens_world_boxing_championships_2003_men_light-welterweight-64-kilograms,world_boxing_athlete_Willy_Blain_FRA,1,gold,discipline=Boxing;event=IBA Men's World Boxing Championships Men Light welterweight (–64 kilograms);event_label=Light welterweight (–64 kilograms);source_text=Willy Blain France;entry_country=FRA;source_url=https://en.wikipedia.org/wiki/2003_World_Amateur_Boxing_Championships,10.0
iba_mens_world_boxing_championships_2003_men_light-welterweight-64-kilograms,world_boxing_athlete_Alexandr_Maletin_RUS,2,silver,discipline=Boxing;event=IBA Men's World Boxing Championships Men Light welterweight (–64 kilograms);event_label=Light welterweight (–64 kilograms);source_text=Alexandr Maletin Russia;entry_country=RUS;source_url=https://en.wikipedia.org/wiki/2003_World_Amateur_Boxing_Championships,7.0
iba_mens_world_boxing_championships_2003_men_light-welterweight-64-kilograms,world_boxing_athlete_Tofik_Ahmadov_AZE,3,bronze,discipline=Boxing;event=IBA Men's World Boxing Championships Men Light welterweight (–64 kilograms);event_label=Light welterweight (–64 kilograms);source_text=Manus Boonjumnong Thailand Tofik Ahmadov Azerbaijan;entry_country=AZE;source_url=https://en.wikipedia.org/wiki/2003_World_Amateur_Boxing_Championships,5.0
iba_mens_world_boxing_championships_2003_men_light-welterweight-64-kilograms,world_boxing_athlete_Manus_Boonjumnong_THA,3,bronze,discipline=Boxing;event=IBA Men's World Boxing Championships Men Light welterweight (–64 kilograms);event_label=Light welterweight (–64 kilograms);source_text=Manus Boonjumnong Thailand Tofik Ahmadov Azerbaijan;entry_country=THA;source_url=https://en.wikipedia.org/wiki/2003_World_Amateur_Boxing_Championships,5.0
iba_mens_world_boxing_championships_2003_men_lightweight-60-kilograms,world_boxing_athlete_Mario_Kindelán_CUB,1,gold,discipline=Boxing;event=IBA Men's World Boxing Championships Men Lightweight (–60 kilograms);event_label=Lightweight (–60 kilograms);source_text=Mario Kindelán Cuba;entry_country=CUB;source_url=https://en.wikipedia.org/wiki/2003_World_Amateur_Boxing_Championships,10.0
iba_mens_world_boxing_championships_2003_men_lightweight-60-kilograms,world_boxing_athlete_Pichai_Sayotha_THA,2,silver,discipline=Boxing;event=IBA Men's World Boxing Championships Men Lightweight (–60 kilograms);event_label=Lightweight (–60 kilograms);source_text=Pichai Sayotha Thailand;entry_country=THA;source_url=https://en.wikipedia.org/wiki/2003_World_Amateur_Boxing_Championships,7.0
iba_mens_world_boxing_championships_2003_men_lightweight-60-kilograms,world_boxing_athlete_Martin_Dressen_DEU,3,bronze,discipline=Boxing;event=IBA Men's World Boxing Championships Men Lightweight (–60 kilograms);event_label=Lightweight (–60 kilograms);source_text=Martin Dressen Germany Gyula Kate Hungary;entry_country=DEU;source_url=https://en.wikipedia.org/wiki/2003_World_Amateur_Boxing_Championships,5.0
iba_mens_world_boxing_championships_2003_men_lightweight-60-kilograms,world_boxing_athlete_Gyula_Kate_HUN,3,bronze,discipline=Boxing;event=IBA Men's World Boxing Championships Men Lightweight (–60 kilograms);event_label=Lightweight (–60 kilograms);source_text=Martin Dressen Germany Gyula Kate Hungary;entry_country=HUN;source_url=https://en.wikipedia.org/wiki/2003_World_Amateur_Boxing_Championships,5.0
iba_mens_world_boxing_championships_2003_men_middleweight-75-kilograms,world_boxing_athlete_Gennady_Golovkin_KAZ,1,gold,discipline=Boxing;event=IBA Men's World Boxing Championships Men Middleweight (–75 kilograms);event_label=Middleweight (–75 kilograms);source_text=Gennady Golovkin Kazakhstan;entry_country=KAZ;source_url=https://en.wikipedia.org/wiki/2003_World_Amateur_Boxing_Championships,10.0
iba_mens_world_boxing_championships_2003_men_middleweight-75-kilograms,world_boxing_athlete_Oleg_Mashkin_UKR,2,silver,discipline=Boxing;event=IBA Men's World Boxing Championships Men Middleweight (–75 kilograms);event_label=Middleweight (–75 kilograms);source_text=Oleg Mashkin Ukraine;entry_country=UKR;source_url=https://en.wikipedia.org/wiki/2003_World_Amateur_Boxing_Championships,7.0
iba_mens_world_boxing_championships_2003_men_middleweight-75-kilograms,world_boxing_athlete_Yordanis_Despaigne_CUB,3,bronze,discipline=Boxing;event=IBA Men's World Boxing Championships Men Middleweight (–75 kilograms);event_label=Middleweight (–75 kilograms);source_text=Yordanis Despaigne Cuba Nikola Sjekloća Serbia and Montenegro;entry_country=CUB;source_url=https://en.wikipedia.org/wiki/2003_World_Amateur_Boxing_Championships,5.0
iba_mens_world_boxing_championships_2003_men_middleweight-75-kilograms,world_boxing_athlete_Nikola_Sjekloa_SCG,3,bronze,discipline=Boxing;event=IBA Men's World Boxing Championships Men Middleweight (–75 kilograms);event_label=Middleweight (–75 kilograms);source_text=Yordanis Despaigne Cuba Nikola Sjekloća Serbia and Montenegro;entry_country=SCG;source_url=https://en.wikipedia.org/wiki/2003_World_Amateur_Boxing_Championships,5.0
iba_mens_world_boxing_championships_2003_men_super-heavyweight-plus91-kilograms,world_boxing_athlete_Alexander_Povetkin_RUS,1,gold,discipline=Boxing;event=IBA Men's World Boxing Championships Men Super heavyweight (+91 kilograms);event_label=Super heavyweight (+91 kilograms);source_text=Alexander Povetkin Russia;entry_country=RUS;source_url=https://en.wikipedia.org/wiki/2003_World_Amateur_Boxing_Championships,10.0
iba_mens_world_boxing_championships_2003_men_super-heavyweight-plus91-kilograms,world_boxing_athlete_Pedro_Carrión_CUB,2,silver,discipline=Boxing;event=IBA Men's World Boxing Championships Men Super heavyweight (+91 kilograms);event_label=Super heavyweight (+91 kilograms);source_text=Pedro Carrión Cuba;entry_country=CUB;source_url=https://en.wikipedia.org/wiki/2003_World_Amateur_Boxing_Championships,7.0
iba_mens_world_boxing_championships_2003_men_super-heavyweight-plus91-kilograms,world_boxing_athlete_Sebastian_Köber_DEU,3,bronze,discipline=Boxing;event=IBA Men's World Boxing Championships Men Super heavyweight (+91 kilograms);event_label=Super heavyweight (+91 kilograms);source_text=Sebastian Köber Germany Rustam Saidov Uzbekistan;entry_country=DEU;source_url=https://en.wikipedia.org/wiki/2003_World_Amateur_Boxing_Championships,5.0
iba_mens_world_boxing_championships_2003_men_super-heavyweight-plus91-kilograms,world_boxing_athlete_Rustam_Saidov_UZB,3,bronze,discipline=Boxing;event=IBA Men's World Boxing Championships Men Super heavyweight (+91 kilograms);event_label=Super heavyweight (+91 kilograms);source_text=Sebastian Köber Germany Rustam Saidov Uzbekistan;entry_country=UZB;source_url=https://en.wikipedia.org/wiki/2003_World_Amateur_Boxing_Championships,5.0
iba_mens_world_boxing_championships_2003_men_welterweight-69-kilograms,world_boxing_athlete_Lorenzo_Aragón_CUB,1,gold,discipline=Boxing;event=IBA Men's World Boxing Championships Men Welterweight (–69 kilograms);event_label=Welterweight (–69 kilograms);source_text=Lorenzo Aragón Cuba;entry_country=CUB;source_url=https://en.wikipedia.org/wiki/2003_World_Amateur_Boxing_Championships,10.0
iba_mens_world_boxing_championships_2003_men_welterweight-69-kilograms,world_boxing_athlete_Sherzod_Husanov_UZB,2,silver,discipline=Boxing;event=IBA Men's World Boxing Championships Men Welterweight (–69 kilograms);event_label=Welterweight (–69 kilograms);source_text=Sherzod Husanov Uzbekistan;entry_country=UZB;source_url=https://en.wikipedia.org/wiki/2003_World_Amateur_Boxing_Championships,7.0
iba_mens_world_boxing_championships_2003_men_welterweight-69-kilograms,world_boxing_athlete_Ruslan_Khairov_AZE,3,bronze,discipline=Boxing;event=IBA Men's World Boxing Championships Men Welterweight (–69 kilograms);event_label=Welterweight (–69 kilograms);source_text=Andre Berto United States Ruslan Khairov Azerbaijan;entry_country=AZE;source_url=https://en.wikipedia.org/wiki/2003_World_Amateur_Boxing_Championships,5.0
iba_mens_world_boxing_championships_2003_men_welterweight-69-kilograms,world_boxing_athlete_Andre_Berto_USA,3,bronze,discipline=Boxing;event=IBA Men's World Boxing Championships Men Welterweight (–69 kilograms);event_label=Welterweight (–69 kilograms);source_text=Andre Berto United States Ruslan Khairov Azerbaijan;entry_country=USA;source_url=https://en.wikipedia.org/wiki/2003_World_Amateur_Boxing_Championships,5.0
iba_mens_world_boxing_championships_2005_men_bantamweight-54-kilograms,world_boxing_athlete_Guillermo_Rigondeaux_CUB,1,gold,discipline=Boxing;event=IBA Men's World Boxing Championships Men Bantamweight (–54 kilograms);event_label=Bantamweight (–54 kilograms);source_text=Guillermo Rigondeaux Cuba;entry_country=CUB;source_url=https://en.wikipedia.org/wiki/2005_World_Amateur_Boxing_Championships,10.0
iba_mens_world_boxing_championships_2005_men_bantamweight-54-kilograms,world_boxing_athlete_Rustamhodza_Rahimov_DEU,2,silver,discipline=Boxing;event=IBA Men's World Boxing Championships Men Bantamweight (–54 kilograms);event_label=Bantamweight (–54 kilograms);source_text=Rustamhodza Rahimov Germany;entry_country=DEU;source_url=https://en.wikipedia.org/wiki/2005_World_Amateur_Boxing_Championships,7.0
iba_mens_world_boxing_championships_2005_men_bantamweight-54-kilograms,world_boxing_athlete_Ali_Hallab_FRA,3,bronze,"discipline=Boxing;event=IBA Men's World Boxing Championships Men Bantamweight (–54 kilograms);event_label=Bantamweight (–54 kilograms);source_text=Ali Hallab France Gary Russell, Jr. United States;entry_country=FRA;source_url=https://en.wikipedia.org/wiki/2005_World_Amateur_Boxing_Championships",5.0
iba_mens_world_boxing_championships_2005_men_bantamweight-54-kilograms,world_boxing_athlete_Gary_Russell_Jr_USA,3,bronze,"discipline=Boxing;event=IBA Men's World Boxing Championships Men Bantamweight (–54 kilograms);event_label=Bantamweight (–54 kilograms);source_text=Ali Hallab France Gary Russell, Jr. United States;entry_country=USA;source_url=https://en.wikipedia.org/wiki/2005_World_Amateur_Boxing_Championships",5.0
iba_mens_world_boxing_championships_2005_men_featherweight-57-kilograms,world_boxing_athlete_Alexei_Tichtchenko_RUS,1,gold,discipline=Boxing;event=IBA Men's World Boxing Championships Men Featherweight (–57 kilograms);event_label=Featherweight (–57 kilograms);source_text=Alexei Tichtchenko Russia;entry_country=RUS;source_url=https://en.wikipedia.org/wiki/2005_World_Amateur_Boxing_Championships,10.0
iba_mens_world_boxing_championships_2005_men_featherweight-57-kilograms,world_boxing_athlete_Alexei_Shajdulin_BGR,2,silver,discipline=Boxing;event=IBA Men's World Boxing Championships Men Featherweight (–57 kilograms);event_label=Featherweight (–57 kilograms);source_text=Alexei Shajdulin Bulgaria;entry_country=BGR;source_url=https://en.wikipedia.org/wiki/2005_World_Amateur_Boxing_Championships,7.0
iba_mens_world_boxing_championships_2005_men_featherweight-57-kilograms,world_boxing_athlete_Yuriorkis_Gamboa_CUB,3,bronze,discipline=Boxing;event=IBA Men's World Boxing Championships Men Featherweight (–57 kilograms);event_label=Featherweight (–57 kilograms);source_text=Yuriorkis Gamboa Cuba Viorel Simion Romania;entry_country=CUB;source_url=https://en.wikipedia.org/wiki/2005_World_Amateur_Boxing_Championships,5.0
iba_mens_world_boxing_championships_2005_men_featherweight-57-kilograms,world_boxing_athlete_Viorel_Simion_ROU,3,bronze,discipline=Boxing;event=IBA Men's World Boxing Championships Men Featherweight (–57 kilograms);event_label=Featherweight (–57 kilograms);source_text=Yuriorkis Gamboa Cuba Viorel Simion Romania;entry_country=ROU;source_url=https://en.wikipedia.org/wiki/2005_World_Amateur_Boxing_Championships,5.0
iba_mens_world_boxing_championships_2005_men_flyweight-51-kilograms,world_boxing_athlete_Lee_Ok-Sung_KOR,1,gold,discipline=Boxing;event=IBA Men's World Boxing Championships Men Flyweight (–51 kilograms);event_label=Flyweight (–51 kilograms);source_text=Lee Ok-Sung South Korea;entry_country=KOR;source_url=https://en.wikipedia.org/wiki/2005_World_Amateur_Boxing_Championships,10.0
iba_mens_world_boxing_championships_2005_men_flyweight-51-kilograms,world_boxing_athlete_Andry_Laffita_CUB,2,silver,discipline=Boxing;event=IBA Men's World Boxing Championships Men Flyweight (–51 kilograms);event_label=Flyweight (–51 kilograms);source_text=Andry Laffita Cuba;entry_country=CUB;source_url=https://en.wikipedia.org/wiki/2005_World_Amateur_Boxing_Championships,7.0
iba_mens_world_boxing_championships_2005_men_flyweight-51-kilograms,world_boxing_athlete_Mirat_Sarsembayev_KAZ,3,bronze,discipline=Boxing;event=IBA Men's World Boxing Championships Men Flyweight (–51 kilograms);event_label=Flyweight (–51 kilograms);source_text=Rau'shee Warren United States Mirat Sarsembayev Kazakhstan;entry_country=KAZ;source_url=https://en.wikipedia.org/wiki/2005_World_Amateur_Boxing_Championships,5.0
iba_mens_world_boxing_championships_2005_men_flyweight-51-kilograms,world_boxing_athlete_Raushee_Warren_USA,3,bronze,discipline=Boxing;event=IBA Men's World Boxing Championships Men Flyweight (–51 kilograms);event_label=Flyweight (–51 kilograms);source_text=Rau'shee Warren United States Mirat Sarsembayev Kazakhstan;entry_country=USA;source_url=https://en.wikipedia.org/wiki/2005_World_Amateur_Boxing_Championships,5.0
iba_mens_world_boxing_championships_2005_men_heavyweight-91-kilograms,world_boxing_athlete_Aleksandr_Alekseyev_RUS,1,gold,discipline=Boxing;event=IBA Men's World Boxing Championships Men Heavyweight (–91 kilograms);event_label=Heavyweight (–91 kilograms);source_text=Aleksandr Alekseyev Russia;entry_country=RUS;source_url=https://en.wikipedia.org/wiki/2005_World_Amateur_Boxing_Championships,10.0
iba_mens_world_boxing_championships_2005_men_heavyweight-91-kilograms,world_boxing_athlete_Elchin_Alizade_AZE,2,silver,discipline=Boxing;event=IBA Men's World Boxing Championships Men Heavyweight (–91 kilograms);event_label=Heavyweight (–91 kilograms);source_text=Elchin Alizade Azerbaijan;entry_country=AZE;source_url=https://en.wikipedia.org/wiki/2005_World_Amateur_Boxing_Championships,7.0
iba_mens_world_boxing_championships_2005_men_heavyweight-91-kilograms,world_boxing_athlete_Alexander_Povernov_DEU,3,bronze,discipline=Boxing;event=IBA Men's World Boxing Championships Men Heavyweight (–91 kilograms);event_label=Heavyweight (–91 kilograms);source_text=Jasur Mazhanov Uzbekistan Alexander Povernov Germany;entry_country=DEU;source_url=https://en.wikipedia.org/wiki/2005_World_Amateur_Boxing_Championships,5.0
iba_mens_world_boxing_championships_2005_men_heavyweight-91-kilograms,world_boxing_athlete_Jasur_Mazhanov_UZB,3,bronze,discipline=Boxing;event=IBA Men's World Boxing Championships Men Heavyweight (–91 kilograms);event_label=Heavyweight (–91 kilograms);source_text=Jasur Mazhanov Uzbekistan Alexander Povernov Germany;entry_country=UZB;source_url=https://en.wikipedia.org/wiki/2005_World_Amateur_Boxing_Championships,5.0
iba_mens_world_boxing_championships_2005_men_light-flyweight-48-kilograms,world_boxing_athlete_Zou_Chiming_CHN,1,gold,discipline=Boxing;event=IBA Men's World Boxing Championships Men Light flyweight (–48 kilograms);event_label=Light flyweight (–48 kilograms);source_text=Zou Chiming China;entry_country=CHN;source_url=https://en.wikipedia.org/wiki/2005_World_Amateur_Boxing_Championships,10.0
iba_mens_world_boxing_championships_2005_men_light-flyweight-48-kilograms,world_boxing_athlete_Bedak_Pál_HUN,2,silver,discipline=Boxing;event=IBA Men's World Boxing Championships Men Light flyweight (–48 kilograms);event_label=Light flyweight (–48 kilograms);source_text=Bedak Pál Hungary;entry_country=HUN;source_url=https://en.wikipedia.org/wiki/2005_World_Amateur_Boxing_Championships,7.0
iba_mens_world_boxing_championships_2005_men_light-flyweight-48-kilograms,world_boxing_athlete_Birzhan_Zhakypov_KAZ,3,bronze,discipline=Boxing;event=IBA Men's World Boxing Championships Men Light flyweight (–48 kilograms);event_label=Light flyweight (–48 kilograms);source_text=Sherali Dostiev Tajikistan Birzhan Zhakypov Kazakhstan;entry_country=KAZ;source_url=https://en.wikipedia.org/wiki/2005_World_Amateur_Boxing_Championships,5.0
iba_mens_world_boxing_championships_2005_men_light-flyweight-48-kilograms,world_boxing_athlete_Sherali_Dostiev_TJK,3,bronze,discipline=Boxing;event=IBA Men's World Boxing Championships Men Light flyweight (–48 kilograms);event_label=Light flyweight (–48 kilograms);source_text=Sherali Dostiev Tajikistan Birzhan Zhakypov Kazakhstan;entry_country=TJK;source_url=https://en.wikipedia.org/wiki/2005_World_Amateur_Boxing_Championships,5.0
iba_mens_world_boxing_championships_2005_men_light-heavyweight-81-kilograms,world_boxing_athlete_Yerdos_Dzhanabergenov_KAZ,1,gold,discipline=Boxing;event=IBA Men's World Boxing Championships Men Light heavyweight (–81 kilograms);event_label=Light heavyweight (–81 kilograms);source_text=Yerdos Dzhanabergenov Kazakhstan;entry_country=KAZ;source_url=https://en.wikipedia.org/wiki/2005_World_Amateur_Boxing_Championships,10.0
iba_mens_world_boxing_championships_2005_men_light-heavyweight-81-kilograms,world_boxing_athlete_Marijo_ivolija_HRV,2,silver,discipline=Boxing;event=IBA Men's World Boxing Championships Men Light heavyweight (–81 kilograms);event_label=Light heavyweight (–81 kilograms);source_text=Marijo Šivolija Croatia;entry_country=HRV;source_url=https://en.wikipedia.org/wiki/2005_World_Amateur_Boxing_Championships,7.0
iba_mens_world_boxing_championships_2005_men_light-heavyweight-81-kilograms,world_boxing_athlete_Artak_Malumyan_ARM,3,bronze,discipline=Boxing;event=IBA Men's World Boxing Championships Men Light heavyweight (–81 kilograms);event_label=Light heavyweight (–81 kilograms);source_text=Utkirbek Haydarov Uzbekistan Artak Malumyan Armenia;entry_country=ARM;source_url=https://en.wikipedia.org/wiki/2005_World_Amateur_Boxing_Championships,5.0
iba_mens_world_boxing_championships_2005_men_light-heavyweight-81-kilograms,world_boxing_athlete_Utkirbek_Haydarov_UZB,3,bronze,discipline=Boxing;event=IBA Men's World Boxing Championships Men Light heavyweight (–81 kilograms);event_label=Light heavyweight (–81 kilograms);source_text=Utkirbek Haydarov Uzbekistan Artak Malumyan Armenia;entry_country=UZB;source_url=https://en.wikipedia.org/wiki/2005_World_Amateur_Boxing_Championships,5.0
iba_mens_world_boxing_championships_2005_men_light-welterweight-64-kilograms,world_boxing_athlete_Serik_Sapiyev_KAZ,1,gold,discipline=Boxing;event=IBA Men's World Boxing Championships Men Light welterweight (–64 kilograms);event_label=Light welterweight (–64 kilograms);source_text=Serik Sapiyev Kazakhstan;entry_country=KAZ;source_url=https://en.wikipedia.org/wiki/2005_World_Amateur_Boxing_Championships,10.0
iba_mens_world_boxing_championships_2005_men_light-welterweight-64-kilograms,world_boxing_athlete_Dilshod_Mahmudov_UZB,2,silver,discipline=Boxing;event=IBA Men's World Boxing Championships Men Light welterweight (–64 kilograms);event_label=Light welterweight (–64 kilograms);source_text=Dilshod Mahmudov Uzbekistan;entry_country=UZB;source_url=https://en.wikipedia.org/wiki/2005_World_Amateur_Boxing_Championships,7.0
iba_mens_world_boxing_championships_2005_men_light-welterweight-64-kilograms,world_boxing_athlete_Emil_Maharramov_AZE,3,bronze,discipline=Boxing;event=IBA Men's World Boxing Championships Men Light welterweight (–64 kilograms);event_label=Light welterweight (–64 kilograms);source_text=Inocente Fiss Cuba Emil Maharramov Azerbaijan;entry_country=AZE;source_url=https://en.wikipedia.org/wiki/2005_World_Amateur_Boxing_Championships,5.0
iba_mens_world_boxing_championships_2005_men_light-welterweight-64-kilograms,world_boxing_athlete_Inocente_Fiss_CUB,3,bronze,discipline=Boxing;event=IBA Men's World Boxing Championships Men Light welterweight (–64 kilograms);event_label=Light welterweight (–64 kilograms);source_text=Inocente Fiss Cuba Emil Maharramov Azerbaijan;entry_country=CUB;source_url=https://en.wikipedia.org/wiki/2005_World_Amateur_Boxing_Championships,5.0
iba_mens_world_boxing_championships_2005_men_lightweight-60-kilograms,world_boxing_athlete_Yordenis_Ugás_CUB,1,gold,discipline=Boxing;event=IBA Men's World Boxing Championships Men Lightweight (–60 kilograms);event_label=Lightweight (–60 kilograms);source_text=Yordenis Ugás Cuba;entry_country=CUB;source_url=https://en.wikipedia.org/wiki/2005_World_Amateur_Boxing_Championships,10.0
iba_mens_world_boxing_championships_2005_men_lightweight-60-kilograms,world_boxing_athlete_Romal_Amanov_AZE,2,silver,discipline=Boxing;event=IBA Men's World Boxing Championships Men Lightweight (–60 kilograms);event_label=Lightweight (–60 kilograms);source_text=Romal Amanov Azerbaijan;entry_country=AZE;source_url=https://en.wikipedia.org/wiki/2005_World_Amateur_Boxing_Championships,7.0
iba_mens_world_boxing_championships_2005_men_lightweight-60-kilograms,world_boxing_athlete_Domenico_Valentino_ITA,3,bronze,discipline=Boxing;event=IBA Men's World Boxing Championships Men Lightweight (–60 kilograms);event_label=Lightweight (–60 kilograms);source_text=Khabib Allakhverdiyev Russia Domenico Valentino Italy;entry_country=ITA;source_url=https://en.wikipedia.org/wiki/2005_World_Amateur_Boxing_Championships,5.0
iba_mens_world_boxing_championships_2005_men_lightweight-60-kilograms,world_boxing_athlete_Khabib_Allakhverdiyev_RUS,3,bronze,discipline=Boxing;event=IBA Men's World Boxing Championships Men Lightweight (–60 kilograms);event_label=Lightweight (–60 kilograms);source_text=Khabib Allakhverdiyev Russia Domenico Valentino Italy;entry_country=RUS;source_url=https://en.wikipedia.org/wiki/2005_World_Amateur_Boxing_Championships,5.0
iba_mens_world_boxing_championships_2005_men_middleweight-75-kilograms,world_boxing_athlete_Matvey_Korobov_RUS,1,gold,discipline=Boxing;event=IBA Men's World Boxing Championships Men Middleweight (–75 kilograms);event_label=Middleweight (–75 kilograms);source_text=Matvey Korobov Russia;entry_country=RUS;source_url=https://en.wikipedia.org/wiki/2005_World_Amateur_Boxing_Championships,10.0
iba_mens_world_boxing_championships_2005_men_middleweight-75-kilograms,world_boxing_athlete_Ismayl_Sillakh_UKR,2,silver,discipline=Boxing;event=IBA Men's World Boxing Championships Men Middleweight (–75 kilograms);event_label=Middleweight (–75 kilograms);source_text=Ismayl Sillakh Ukraine;entry_country=UKR;source_url=https://en.wikipedia.org/wiki/2005_World_Amateur_Boxing_Championships,7.0
iba_mens_world_boxing_championships_2005_men_middleweight-75-kilograms,world_boxing_athlete_Emilio_Correa_CUB,3,bronze,discipline=Boxing;event=IBA Men's World Boxing Championships Men Middleweight (–75 kilograms);event_label=Middleweight (–75 kilograms);source_text=Emilio Correa Cuba Mohammed Hikal Egypt;entry_country=CUB;source_url=https://en.wikipedia.org/wiki/2005_World_Amateur_Boxing_Championships,5.0
iba_mens_world_boxing_championships_2005_men_middleweight-75-kilograms,world_boxing_athlete_Mohammed_Hikal_EGY,3,bronze,discipline=Boxing;event=IBA Men's World Boxing Championships Men Middleweight (–75 kilograms);event_label=Middleweight (–75 kilograms);source_text=Emilio Correa Cuba Mohammed Hikal Egypt;entry_country=EGY;source_url=https://en.wikipedia.org/wiki/2005_World_Amateur_Boxing_Championships,5.0
iba_mens_world_boxing_championships_2005_men_super-heavyweight-plus91-kilograms,world_boxing_athlete_Odlanier_Solís_CUB,1,gold,discipline=Boxing;event=IBA Men's World Boxing Championships Men Super heavyweight (+91 kilograms);event_label=Super heavyweight (+91 kilograms);source_text=Odlanier Solís Cuba;entry_country=CUB;source_url=https://en.wikipedia.org/wiki/2005_World_Amateur_Boxing_Championships,10.0
iba_mens_world_boxing_championships_2005_men_super-heavyweight-plus91-kilograms,world_boxing_athlete_Roman_Romanchuk_RUS,2,silver,discipline=Boxing;event=IBA Men's World Boxing Championships Men Super heavyweight (+91 kilograms);event_label=Super heavyweight (+91 kilograms);source_text=Roman Romanchuk Russia;entry_country=RUS;source_url=https://en.wikipedia.org/wiki/2005_World_Amateur_Boxing_Championships,7.0
iba_mens_world_boxing_championships_2005_men_super-heavyweight-plus91-kilograms,world_boxing_athlete_Kubrat_Pulev_BGR,3,bronze,discipline=Boxing;event=IBA Men's World Boxing Championships Men Super heavyweight (+91 kilograms);event_label=Super heavyweight (+91 kilograms);source_text=Roberto Cammarelle Italy Kubrat Pulev Bulgaria;entry_country=BGR;source_url=https://en.wikipedia.org/wiki/2005_World_Amateur_Boxing_Championships,5.0
iba_mens_world_boxing_championships_2005_men_super-heavyweight-plus91-kilograms,world_boxing_athlete_Roberto_Cammarelle_ITA,3,bronze,discipline=Boxing;event=IBA Men's World Boxing Championships Men Super heavyweight (+91 kilograms);event_label=Super heavyweight (+91 kilograms);source_text=Roberto Cammarelle Italy Kubrat Pulev Bulgaria;entry_country=ITA;source_url=https://en.wikipedia.org/wiki/2005_World_Amateur_Boxing_Championships,5.0
iba_mens_world_boxing_championships_2005_men_welterweight-69-kilograms,world_boxing_athlete_Erislandy_Lara_CUB,1,gold,discipline=Boxing;event=IBA Men's World Boxing Championships Men Welterweight (–69 kilograms);event_label=Welterweight (–69 kilograms);source_text=Erislandy Lara Cuba;entry_country=CUB;source_url=https://en.wikipedia.org/wiki/2005_World_Amateur_Boxing_Championships,10.0
iba_mens_world_boxing_championships_2005_men_welterweight-69-kilograms,world_boxing_athlete_Magomed_Nurutdinov_BLR,2,silver,discipline=Boxing;event=IBA Men's World Boxing Championships Men Welterweight (–69 kilograms);event_label=Welterweight (–69 kilograms);source_text=Magomed Nurutdinov Belarus;entry_country=BLR;source_url=https://en.wikipedia.org/wiki/2005_World_Amateur_Boxing_Championships,7.0
iba_mens_world_boxing_championships_2005_men_welterweight-69-kilograms,world_boxing_athlete_Neil_Perkins_ENG,3,bronze,discipline=Boxing;event=IBA Men's World Boxing Championships Men Welterweight (–69 kilograms);event_label=Welterweight (–69 kilograms);source_text=Bakhtiyar Artayev Kazakhstan Neil Perkins England;entry_country=ENG;source_url=https://en.wikipedia.org/wiki/2005_World_Amateur_Boxing_Championships,5.0
iba_mens_world_boxing_championships_2005_men_welterweight-69-kilograms,world_boxing_athlete_Bakhtiyar_Artayev_KAZ,3,bronze,discipline=Boxing;event=IBA Men's World Boxing Championships Men Welterweight (–69 kilograms);event_label=Welterweight (–69 kilograms);source_text=Bakhtiyar Artayev Kazakhstan Neil Perkins England;entry_country=KAZ;source_url=https://en.wikipedia.org/wiki/2005_World_Amateur_Boxing_Championships,5.0
iba_mens_world_boxing_championships_2007_men_bantamweight-54-kg,world_boxing_athlete_Sergey_Vodopyanov_RUS,1,gold,discipline=Boxing;event=IBA Men's World Boxing Championships Men Bantamweight (–54 kg);event_label=Bantamweight (–54 kg);source_text=Sergey Vodopyanov Russia;entry_country=RUS;source_url=https://en.wikipedia.org/wiki/2007_AIBA_World_Boxing_Championships,10.0
iba_mens_world_boxing_championships_2007_men_bantamweight-54-kg,world_boxing_athlete_Enkhbatyn_Badar-Uugan_MNG,2,silver,discipline=Boxing;event=IBA Men's World Boxing Championships Men Bantamweight (–54 kg);event_label=Bantamweight (–54 kg);source_text=Enkhbatyn Badar-Uugan Mongolia;entry_country=MNG;source_url=https://en.wikipedia.org/wiki/2007_AIBA_World_Boxing_Championships,7.0
iba_mens_world_boxing_championships_2007_men_bantamweight-54-kg,world_boxing_athlete_Joseph_Murray_ENG,3,bronze,discipline=Boxing;event=IBA Men's World Boxing Championships Men Bantamweight (–54 kg);event_label=Bantamweight (–54 kg);source_text=McJoe Arroyo Puerto Rico Joseph Murray England;entry_country=ENG;source_url=https://en.wikipedia.org/wiki/2007_AIBA_World_Boxing_Championships,5.0
iba_mens_world_boxing_championships_2007_men_bantamweight-54-kg,world_boxing_athlete_McJoe_Arroyo_PRI,3,bronze,discipline=Boxing;event=IBA Men's World Boxing Championships Men Bantamweight (–54 kg);event_label=Bantamweight (–54 kg);source_text=McJoe Arroyo Puerto Rico Joseph Murray England;entry_country=PRI;source_url=https://en.wikipedia.org/wiki/2007_AIBA_World_Boxing_Championships,5.0
iba_mens_world_boxing_championships_2007_men_featherweight-57-kg,world_boxing_athlete_Albert_Selimov_RUS,1,gold,discipline=Boxing;event=IBA Men's World Boxing Championships Men Featherweight (–57 kg);event_label=Featherweight (–57 kg);source_text=Albert Selimov Russia;entry_country=RUS;source_url=https://en.wikipedia.org/wiki/2007_AIBA_World_Boxing_Championships,10.0
iba_mens_world_boxing_championships_2007_men_featherweight-57-kg,world_boxing_athlete_Vasyl_Lomachenko_UKR,2,silver,discipline=Boxing;event=IBA Men's World Boxing Championships Men Featherweight (–57 kg);event_label=Featherweight (–57 kg);source_text=Vasyl Lomachenko Ukraine;entry_country=UKR;source_url=https://en.wikipedia.org/wiki/2007_AIBA_World_Boxing_Championships,7.0
iba_mens_world_boxing_championships_2007_men_featherweight-57-kg,world_boxing_athlete_Li_Yang_CHN,3,bronze,discipline=Boxing;event=IBA Men's World Boxing Championships Men Featherweight (–57 kg);event_label=Featherweight (–57 kg);source_text=Yakup Kılıç Turkey Li Yang China;entry_country=CHN;source_url=https://en.wikipedia.org/wiki/2007_AIBA_World_Boxing_Championships,5.0
iba_mens_world_boxing_championships_2007_men_featherweight-57-kg,world_boxing_athlete_Yakup_Klç_TUR,3,bronze,discipline=Boxing;event=IBA Men's World Boxing Championships Men Featherweight (–57 kg);event_label=Featherweight (–57 kg);source_text=Yakup Kılıç Turkey Li Yang China;entry_country=TUR;source_url=https://en.wikipedia.org/wiki/2007_AIBA_World_Boxing_Championships,5.0
iba_mens_world_boxing_championships_2007_men_flyweight-51-kg,world_boxing_athlete_Raushee_Warren_USA,1,gold,discipline=Boxing;event=IBA Men's World Boxing Championships Men Flyweight (–51 kg);event_label=Flyweight (–51 kg);source_text=Raushee Warren United States;entry_country=USA;source_url=https://en.wikipedia.org/wiki/2007_AIBA_World_Boxing_Championships,10.0
iba_mens_world_boxing_championships_2007_men_flyweight-51-kg,world_boxing_athlete_Somjit_Jongjohor_THA,2,silver,discipline=Boxing;event=IBA Men's World Boxing Championships Men Flyweight (–51 kg);event_label=Flyweight (–51 kg);source_text=Somjit Jongjohor Thailand;entry_country=THA;source_url=https://en.wikipedia.org/wiki/2007_AIBA_World_Boxing_Championships,7.0
iba_mens_world_boxing_championships_2007_men_flyweight-51-kg,world_boxing_athlete_Samir_Mammadov_AZE,3,bronze,discipline=Boxing;event=IBA Men's World Boxing Championships Men Flyweight (–51 kg);event_label=Flyweight (–51 kg);source_text=Samir Mammadov Azerbaijan Vincenzo Picardi Italy;entry_country=AZE;source_url=https://en.wikipedia.org/wiki/2007_AIBA_World_Boxing_Championships,5.0
iba_mens_world_boxing_championships_2007_men_flyweight-51-kg,world_boxing_athlete_Vincenzo_Picardi_ITA,3,bronze,discipline=Boxing;event=IBA Men's World Boxing Championships Men Flyweight (–51 kg);event_label=Flyweight (–51 kg);source_text=Samir Mammadov Azerbaijan Vincenzo Picardi Italy;entry_country=ITA;source_url=https://en.wikipedia.org/wiki/2007_AIBA_World_Boxing_Championships,5.0
iba_mens_world_boxing_championships_2007_men_heavyweight-91-kg,world_boxing_athlete_Clemente_Russo_ITA,1,gold,discipline=Boxing;event=IBA Men's World Boxing Championships Men Heavyweight (–91 kg);event_label=Heavyweight (–91 kg);source_text=Clemente Russo Italy;entry_country=ITA;source_url=https://en.wikipedia.org/wiki/2007_AIBA_World_Boxing_Championships,10.0
iba_mens_world_boxing_championships_2007_men_heavyweight-91-kg,world_boxing_athlete_Rakhim_Chakhkeiv_RUS,2,silver,discipline=Boxing;event=IBA Men's World Boxing Championships Men Heavyweight (–91 kg);event_label=Heavyweight (–91 kg);source_text=Rakhim Chakhkeiv Russia;entry_country=RUS;source_url=https://en.wikipedia.org/wiki/2007_AIBA_World_Boxing_Championships,7.0
iba_mens_world_boxing_championships_2007_men_heavyweight-91-kg,world_boxing_athlete_Yushan_Nijiati_CHN,3,bronze,discipline=Boxing;event=IBA Men's World Boxing Championships Men Heavyweight (–91 kg);event_label=Heavyweight (–91 kg);source_text=Yushan Nijiati China John M'Bumba France;entry_country=CHN;source_url=https://en.wikipedia.org/wiki/2007_AIBA_World_Boxing_Championships,5.0
iba_mens_world_boxing_championships_2007_men_heavyweight-91-kg,world_boxing_athlete_John_MBumba_FRA,3,bronze,discipline=Boxing;event=IBA Men's World Boxing Championships Men Heavyweight (–91 kg);event_label=Heavyweight (–91 kg);source_text=Yushan Nijiati China John M'Bumba France;entry_country=FRA;source_url=https://en.wikipedia.org/wiki/2007_AIBA_World_Boxing_Championships,5.0
iba_mens_world_boxing_championships_2007_men_light-flyweight-48-kg,world_boxing_athlete_Zou_Shiming_CHN,1,gold,discipline=Boxing;event=IBA Men's World Boxing Championships Men Light flyweight (–48 kg);event_label=Light flyweight (–48 kg);source_text=Zou Shiming China;entry_country=CHN;source_url=https://en.wikipedia.org/wiki/2007_AIBA_World_Boxing_Championships,10.0
iba_mens_world_boxing_championships_2007_men_light-flyweight-48-kg,world_boxing_athlete_Harry_Tañamor_PHL,2,silver,discipline=Boxing;event=IBA Men's World Boxing Championships Men Light flyweight (–48 kg);event_label=Light flyweight (–48 kg);source_text=Harry Tañamor Philippines;entry_country=PHL;source_url=https://en.wikipedia.org/wiki/2007_AIBA_World_Boxing_Championships,7.0
iba_mens_world_boxing_championships_2007_men_light-flyweight-48-kg,world_boxing_athlete_Nordine_Oubaali_FRA,3,bronze,discipline=Boxing;event=IBA Men's World Boxing Championships Men Light flyweight (–48 kg);event_label=Light flyweight (–48 kg);source_text=Nordine Oubaali France Amnat Ruanroeng Thailand;entry_country=FRA;source_url=https://en.wikipedia.org/wiki/2007_AIBA_World_Boxing_Championships,5.0
iba_mens_world_boxing_championships_2007_men_light-flyweight-48-kg,world_boxing_athlete_Amnat_Ruanroeng_THA,3,bronze,discipline=Boxing;event=IBA Men's World Boxing Championships Men Light flyweight (–48 kg);event_label=Light flyweight (–48 kg);source_text=Nordine Oubaali France Amnat Ruanroeng Thailand;entry_country=THA;source_url=https://en.wikipedia.org/wiki/2007_AIBA_World_Boxing_Championships,5.0
iba_mens_world_boxing_championships_2007_men_light-heavyweight-81-kg,world_boxing_athlete_Abbos_Atoev_UZB,1,gold,discipline=Boxing;event=IBA Men's World Boxing Championships Men Light heavyweight (–81 kg);event_label=Light heavyweight (–81 kg);source_text=Abbos Atoev Uzbekistan;entry_country=UZB;source_url=https://en.wikipedia.org/wiki/2007_AIBA_World_Boxing_Championships,10.0
iba_mens_world_boxing_championships_2007_men_light-heavyweight-81-kg,world_boxing_athlete_Artur_Beterbiev_RUS,2,silver,discipline=Boxing;event=IBA Men's World Boxing Championships Men Light heavyweight (–81 kg);event_label=Light heavyweight (–81 kg);source_text=Artur Beterbiev Russia;entry_country=RUS;source_url=https://en.wikipedia.org/wiki/2007_AIBA_World_Boxing_Championships,7.0
iba_mens_world_boxing_championships_2007_men_light-heavyweight-81-kg,world_boxing_athlete_Yerkebuian_Shynaliyev_KAZ,3,bronze,discipline=Boxing;event=IBA Men's World Boxing Championships Men Light heavyweight (–81 kg);event_label=Light heavyweight (–81 kg);source_text=Yerkebuian Shynaliyev Kazakhstan Daugirdas Šemiotas Lithuania;entry_country=KAZ;source_url=https://en.wikipedia.org/wiki/2007_AIBA_World_Boxing_Championships,5.0
iba_mens_world_boxing_championships_2007_men_light-heavyweight-81-kg,world_boxing_athlete_Daugirdas_emiotas_LTU,3,bronze,discipline=Boxing;event=IBA Men's World Boxing Championships Men Light heavyweight (–81 kg);event_label=Light heavyweight (–81 kg);source_text=Yerkebuian Shynaliyev Kazakhstan Daugirdas Šemiotas Lithuania;entry_country=LTU;source_url=https://en.wikipedia.org/wiki/2007_AIBA_World_Boxing_Championships,5.0
iba_mens_world_boxing_championships_2007_men_light-welterweight-64-kg,world_boxing_athlete_Serik_Sapiyev_KAZ,1,gold,discipline=Boxing;event=IBA Men's World Boxing Championships Men Light welterweight (–64 kg);event_label=Light welterweight (–64 kg);source_text=Serik Sapiyev Kazakhstan;entry_country=KAZ;source_url=https://en.wikipedia.org/wiki/2007_AIBA_World_Boxing_Championships,10.0
iba_mens_world_boxing_championships_2007_men_light-welterweight-64-kg,world_boxing_athlete_Gennady_Kovalev_RUS,2,silver,discipline=Boxing;event=IBA Men's World Boxing Championships Men Light welterweight (–64 kg);event_label=Light welterweight (–64 kg);source_text=Gennady Kovalev Russia;entry_country=RUS;source_url=https://en.wikipedia.org/wiki/2007_AIBA_World_Boxing_Championships,7.0
iba_mens_world_boxing_championships_2007_men_light-welterweight-64-kg,world_boxing_athlete_Bradley_Saunders_ENG,3,bronze,discipline=Boxing;event=IBA Men's World Boxing Championships Men Light welterweight (–64 kg);event_label=Light welterweight (–64 kg);source_text=Masatsugu Kawachi Japan Bradley Saunders England;entry_country=ENG;source_url=https://en.wikipedia.org/wiki/2007_AIBA_World_Boxing_Championships,5.0
iba_mens_world_boxing_championships_2007_men_light-welterweight-64-kg,world_boxing_athlete_Masatsugu_Kawachi_JPN,3,bronze,discipline=Boxing;event=IBA Men's World Boxing Championships Men Light welterweight (–64 kg);event_label=Light welterweight (–64 kg);source_text=Masatsugu Kawachi Japan Bradley Saunders England;entry_country=JPN;source_url=https://en.wikipedia.org/wiki/2007_AIBA_World_Boxing_Championships,5.0
iba_mens_world_boxing_championships_2007_men_lightweight-60-kg,world_boxing_athlete_Frankie_Gavin_ENG,1,gold,discipline=Boxing;event=IBA Men's World Boxing Championships Men Lightweight (–60 kg);event_label=Lightweight (–60 kg);source_text=Frankie Gavin England;entry_country=ENG;source_url=https://en.wikipedia.org/wiki/2007_AIBA_World_Boxing_Championships,10.0
iba_mens_world_boxing_championships_2007_men_lightweight-60-kg,world_boxing_athlete_Domenico_Valentino_ITA,2,silver,discipline=Boxing;event=IBA Men's World Boxing Championships Men Lightweight (–60 kg);event_label=Lightweight (–60 kg);source_text=Domenico Valentino Italy;entry_country=ITA;source_url=https://en.wikipedia.org/wiki/2007_AIBA_World_Boxing_Championships,7.0
iba_mens_world_boxing_championships_2007_men_lightweight-60-kg,world_boxing_athlete_Kim_Song-guk_PRK,3,bronze,discipline=Boxing;event=IBA Men's World Boxing Championships Men Lightweight (–60 kg);event_label=Lightweight (–60 kg);source_text=Alexey Tishchenko Russia Kim Song-guk North Korea;entry_country=PRK;source_url=https://en.wikipedia.org/wiki/2007_AIBA_World_Boxing_Championships,5.0
iba_mens_world_boxing_championships_2007_men_lightweight-60-kg,world_boxing_athlete_Alexey_Tishchenko_RUS,3,bronze,discipline=Boxing;event=IBA Men's World Boxing Championships Men Lightweight (–60 kg);event_label=Lightweight (–60 kg);source_text=Alexey Tishchenko Russia Kim Song-guk North Korea;entry_country=RUS;source_url=https://en.wikipedia.org/wiki/2007_AIBA_World_Boxing_Championships,5.0
iba_mens_world_boxing_championships_2007_men_middleweight-75-kg,world_boxing_athlete_Matvey_Korobov_RUS,1,gold,discipline=Boxing;event=IBA Men's World Boxing Championships Men Middleweight (–75 kg);event_label=Middleweight (–75 kg);source_text=Matvey Korobov Russia;entry_country=RUS;source_url=https://en.wikipedia.org/wiki/2007_AIBA_World_Boxing_Championships,10.0
iba_mens_world_boxing_championships_2007_men_middleweight-75-kg,world_boxing_athlete_Alfonso_Blanco_VEN,2,silver,discipline=Boxing;event=IBA Men's World Boxing Championships Men Middleweight (–75 kg);event_label=Middleweight (–75 kg);source_text=Alfonso Blanco Venezuela;entry_country=VEN;source_url=https://en.wikipedia.org/wiki/2007_AIBA_World_Boxing_Championships,7.0
iba_mens_world_boxing_championships_2007_men_middleweight-75-kg,world_boxing_athlete_Bakhtiyar_Artayev_KAZ,3,bronze,discipline=Boxing;event=IBA Men's World Boxing Championships Men Middleweight (–75 kg);event_label=Middleweight (–75 kg);source_text=Sergiy Derevyanchenko Ukraine Bakhtiyar Artayev Kazakhstan;entry_country=KAZ;source_url=https://en.wikipedia.org/wiki/2007_AIBA_World_Boxing_Championships,5.0
iba_mens_world_boxing_championships_2007_men_middleweight-75-kg,world_boxing_athlete_Sergiy_Derevyanchenko_UKR,3,bronze,discipline=Boxing;event=IBA Men's World Boxing Championships Men Middleweight (–75 kg);event_label=Middleweight (–75 kg);source_text=Sergiy Derevyanchenko Ukraine Bakhtiyar Artayev Kazakhstan;entry_country=UKR;source_url=https://en.wikipedia.org/wiki/2007_AIBA_World_Boxing_Championships,5.0
iba_mens_world_boxing_championships_2007_men_super-heavyweight-plus91-kg,world_boxing_athlete_Roberto_Cammarelle_ITA,1,gold,discipline=Boxing;event=IBA Men's World Boxing Championships Men Super heavyweight (+91 kg);event_label=Super heavyweight (+91 kg);source_text=Roberto Cammarelle Italy;entry_country=ITA;source_url=https://en.wikipedia.org/wiki/2007_AIBA_World_Boxing_Championships,10.0
iba_mens_world_boxing_championships_2007_men_super-heavyweight-plus91-kg,world_boxing_athlete_Vyacheslav_Glazkov_UKR,2,silver,discipline=Boxing;event=IBA Men's World Boxing Championships Men Super heavyweight (+91 kg);event_label=Super heavyweight (+91 kg);source_text=Vyacheslav Glazkov Ukraine;entry_country=UKR;source_url=https://en.wikipedia.org/wiki/2007_AIBA_World_Boxing_Championships,7.0
iba_mens_world_boxing_championships_2007_men_super-heavyweight-plus91-kg,world_boxing_athlete_Zhang_Zhilei_CHN,3,bronze,discipline=Boxing;event=IBA Men's World Boxing Championships Men Super heavyweight (+91 kg);event_label=Super heavyweight (+91 kg);source_text=Islam Timurziev Russia Zhang Zhilei China;entry_country=CHN;source_url=https://en.wikipedia.org/wiki/2007_AIBA_World_Boxing_Championships,5.0
iba_mens_world_boxing_championships_2007_men_super-heavyweight-plus91-kg,world_boxing_athlete_Islam_Timurziev_RUS,3,bronze,discipline=Boxing;event=IBA Men's World Boxing Championships Men Super heavyweight (+91 kg);event_label=Super heavyweight (+91 kg);source_text=Islam Timurziev Russia Zhang Zhilei China;entry_country=RUS;source_url=https://en.wikipedia.org/wiki/2007_AIBA_World_Boxing_Championships,5.0
iba_mens_world_boxing_championships_2007_men_welterweight-69-kg,world_boxing_athlete_Demetrius_Andrade_USA,1,gold,discipline=Boxing;event=IBA Men's World Boxing Championships Men Welterweight (–69 kg);event_label=Welterweight (–69 kg);source_text=Demetrius Andrade United States;entry_country=USA;source_url=https://en.wikipedia.org/wiki/2007_AIBA_World_Boxing_Championships,10.0
iba_mens_world_boxing_championships_2007_men_welterweight-69-kg,world_boxing_athlete_Non_Boonjumnong_THA,2,silver,discipline=Boxing;event=IBA Men's World Boxing Championships Men Welterweight (–69 kg);event_label=Welterweight (–69 kg);source_text=Non Boonjumnong Thailand;entry_country=THA;source_url=https://en.wikipedia.org/wiki/2007_AIBA_World_Boxing_Championships,7.0
iba_mens_world_boxing_championships_2007_men_welterweight-69-kg,world_boxing_athlete_Hanati_Silamu_CHN,3,bronze,discipline=Boxing;event=IBA Men's World Boxing Championships Men Welterweight (–69 kg);event_label=Welterweight (–69 kg);source_text=Adem Kılıçcı Turkey Hanati Silamu China;entry_country=CHN;source_url=https://en.wikipedia.org/wiki/2007_AIBA_World_Boxing_Championships,5.0
iba_mens_world_boxing_championships_2007_men_welterweight-69-kg,world_boxing_athlete_Adem_Klçc_TUR,3,bronze,discipline=Boxing;event=IBA Men's World Boxing Championships Men Welterweight (–69 kg);event_label=Welterweight (–69 kg);source_text=Adem Kılıçcı Turkey Hanati Silamu China;entry_country=TUR;source_url=https://en.wikipedia.org/wiki/2007_AIBA_World_Boxing_Championships,5.0
iba_mens_world_boxing_championships_2009_men_bantamweight,world_boxing_athlete_Detelin_Dalakliev_BUL,1,gold,discipline=Boxing;event=IBA Men's World Boxing Championships Men Bantamweight;event_label=Bantamweight;source_text=Detelin Dalakliev ( BUL );entry_country=BUL;source_url=https://en.wikipedia.org/wiki/2009_AIBA_World_Boxing_Championships,10.0
iba_mens_world_boxing_championships_2009_men_bantamweight,world_boxing_athlete_Eduard_Abzalimov_RUS,2,silver,discipline=Boxing;event=IBA Men's World Boxing Championships Men Bantamweight;event_label=Bantamweight;source_text=Eduard Abzalimov ( RUS );entry_country=RUS;source_url=https://en.wikipedia.org/wiki/2009_AIBA_World_Boxing_Championships,7.0
iba_mens_world_boxing_championships_2009_men_bantamweight,world_boxing_athlete_Yankiel_Leon_Alarcon_CUB,3,bronze,discipline=Boxing;event=IBA Men's World Boxing Championships Men Bantamweight;event_label=Bantamweight;source_text=Yankiel Leon Alarcon ( CUB );entry_country=CUB;source_url=https://en.wikipedia.org/wiki/2009_AIBA_World_Boxing_Championships,5.0
iba_mens_world_boxing_championships_2009_men_bantamweight,world_boxing_athlete_John_Nevin_IRL,3,bronze,discipline=Boxing;event=IBA Men's World Boxing Championships Men Bantamweight;event_label=Bantamweight;source_text=John Nevin ( IRL );entry_country=IRL;source_url=https://en.wikipedia.org/wiki/2009_AIBA_World_Boxing_Championships,5.0
iba_mens_world_boxing_championships_2009_men_featherweight,world_boxing_athlete_Vasyl_Lomachenko_UKR,1,gold,discipline=Boxing;event=IBA Men's World Boxing Championships Men Featherweight;event_label=Featherweight;source_text=Vasyl Lomachenko ( UKR );entry_country=UKR;source_url=https://en.wikipedia.org/wiki/2009_AIBA_World_Boxing_Championships,10.0
iba_mens_world_boxing_championships_2009_men_featherweight,world_boxing_athlete_Sergey_Vodopyanov_RUS,2,silver,discipline=Boxing;event=IBA Men's World Boxing Championships Men Featherweight;event_label=Featherweight;source_text=Sergey Vodopyanov ( RUS );entry_country=RUS;source_url=https://en.wikipedia.org/wiki/2009_AIBA_World_Boxing_Championships,7.0
iba_mens_world_boxing_championships_2009_men_featherweight,world_boxing_athlete_Oscar_Valdez_MEX,3,bronze,discipline=Boxing;event=IBA Men's World Boxing Championships Men Featherweight;event_label=Featherweight;source_text=Oscar Valdez ( MEX );entry_country=MEX;source_url=https://en.wikipedia.org/wiki/2009_AIBA_World_Boxing_Championships,5.0
iba_mens_world_boxing_championships_2009_men_featherweight,world_boxing_athlete_Bahodirjon_Sooltonov_UZB,3,bronze,discipline=Boxing;event=IBA Men's World Boxing Championships Men Featherweight;event_label=Featherweight;source_text=Bahodirjon Sooltonov ( UZB );entry_country=UZB;source_url=https://en.wikipedia.org/wiki/2009_AIBA_World_Boxing_Championships,5.0
iba_mens_world_boxing_championships_2009_men_flyweight,world_boxing_athlete_McWilliams_Arroyo_PUR,1,gold,discipline=Boxing;event=IBA Men's World Boxing Championships Men Flyweight;event_label=Flyweight;source_text=McWilliams Arroyo ( PUR );entry_country=PUR;source_url=https://en.wikipedia.org/wiki/2009_AIBA_World_Boxing_Championships,10.0
iba_mens_world_boxing_championships_2009_men_flyweight,world_boxing_athlete_Tugstsogt_Nyambayar_MGL,2,silver,discipline=Boxing;event=IBA Men's World Boxing Championships Men Flyweight;event_label=Flyweight;source_text=Tugstsogt Nyambayar ( MGL );entry_country=MGL;source_url=https://en.wikipedia.org/wiki/2009_AIBA_World_Boxing_Championships,7.0
iba_mens_world_boxing_championships_2009_men_flyweight,world_boxing_athlete_Ronny_Beblik_GER,3,bronze,discipline=Boxing;event=IBA Men's World Boxing Championships Men Flyweight;event_label=Flyweight;source_text=Ronny Beblik ( GER );entry_country=GER;source_url=https://en.wikipedia.org/wiki/2009_AIBA_World_Boxing_Championships,5.0
iba_mens_world_boxing_championships_2009_men_flyweight,world_boxing_athlete_Misha_Aloyan_RUS,3,bronze,discipline=Boxing;event=IBA Men's World Boxing Championships Men Flyweight;event_label=Flyweight;source_text=Misha Aloyan ( RUS );entry_country=RUS;source_url=https://en.wikipedia.org/wiki/2009_AIBA_World_Boxing_Championships,5.0
iba_mens_world_boxing_championships_2009_men_heavyweight,world_boxing_athlete_Egor_Mekhontsev_RUS,1,gold,discipline=Boxing;event=IBA Men's World Boxing Championships Men Heavyweight;event_label=Heavyweight;source_text=Egor Mekhontsev ( RUS );entry_country=RUS;source_url=https://en.wikipedia.org/wiki/2009_AIBA_World_Boxing_Championships,10.0
iba_mens_world_boxing_championships_2009_men_heavyweight,world_boxing_athlete_Osmai_Acosta_CUB,2,silver,discipline=Boxing;event=IBA Men's World Boxing Championships Men Heavyweight;event_label=Heavyweight;source_text=Osmai Acosta ( CUB );entry_country=CUB;source_url=https://en.wikipedia.org/wiki/2009_AIBA_World_Boxing_Championships,7.0
iba_mens_world_boxing_championships_2009_men_heavyweight,world_boxing_athlete_John_MBumba_FRA,3,bronze,discipline=Boxing;event=IBA Men's World Boxing Championships Men Heavyweight;event_label=Heavyweight;source_text=John M'Bumba ( FRA );entry_country=FRA;source_url=https://en.wikipedia.org/wiki/2009_AIBA_World_Boxing_Championships,5.0
iba_mens_world_boxing_championships_2009_men_heavyweight,world_boxing_athlete_Oleksandr_Usyk_UKR,3,bronze,discipline=Boxing;event=IBA Men's World Boxing Championships Men Heavyweight;event_label=Heavyweight;source_text=Oleksandr Usyk ( UKR );entry_country=UKR;source_url=https://en.wikipedia.org/wiki/2009_AIBA_World_Boxing_Championships,5.0
iba_mens_world_boxing_championships_2009_men_light-flyweight,world_boxing_athlete_Serdamba_Purevdorj_MGL,1,gold,discipline=Boxing;event=IBA Men's World Boxing Championships Men Light flyweight;event_label=Light flyweight;source_text=Serdamba Purevdorj ( MGL );entry_country=MGL;source_url=https://en.wikipedia.org/wiki/2009_AIBA_World_Boxing_Championships,10.0
iba_mens_world_boxing_championships_2009_men_light-flyweight,world_boxing_athlete_David_Ayrapetyan_RUS,2,silver,discipline=Boxing;event=IBA Men's World Boxing Championships Men Light flyweight;event_label=Light flyweight;source_text=David Ayrapetyan ( RUS );entry_country=RUS;source_url=https://en.wikipedia.org/wiki/2009_AIBA_World_Boxing_Championships,7.0
iba_mens_world_boxing_championships_2009_men_light-flyweight,world_boxing_athlete_Li_Jiazhao_CHN,3,bronze,discipline=Boxing;event=IBA Men's World Boxing Championships Men Light flyweight;event_label=Light flyweight;source_text=Li Jiazhao ( CHN );entry_country=CHN;source_url=https://en.wikipedia.org/wiki/2009_AIBA_World_Boxing_Championships,5.0
iba_mens_world_boxing_championships_2009_men_light-flyweight,world_boxing_athlete_Shin_Jong-Hun_KOR,3,bronze,discipline=Boxing;event=IBA Men's World Boxing Championships Men Light flyweight;event_label=Light flyweight;source_text=Shin Jong-Hun ( KOR );entry_country=KOR;source_url=https://en.wikipedia.org/wiki/2009_AIBA_World_Boxing_Championships,5.0
iba_mens_world_boxing_championships_2009_men_light-heavyweight,world_boxing_athlete_Artur_Beterbiyev_RUS,1,gold,discipline=Boxing;event=IBA Men's World Boxing Championships Men Light heavyweight;event_label=Light heavyweight;source_text=Artur Beterbiyev ( RUS );entry_country=RUS;source_url=https://en.wikipedia.org/wiki/2009_AIBA_World_Boxing_Championships,10.0
iba_mens_world_boxing_championships_2009_men_light-heavyweight,world_boxing_athlete_Elshod_Rasulov_UZB,2,silver,discipline=Boxing;event=IBA Men's World Boxing Championships Men Light heavyweight;event_label=Light heavyweight;source_text=Elshod Rasulov ( UZB );entry_country=UZB;source_url=https://en.wikipedia.org/wiki/2009_AIBA_World_Boxing_Championships,7.0
iba_mens_world_boxing_championships_2009_men_light-heavyweight,world_boxing_athlete_Jose_Larduet_CUB,3,bronze,discipline=Boxing;event=IBA Men's World Boxing Championships Men Light heavyweight;event_label=Light heavyweight;source_text=Jose Larduet ( CUB );entry_country=CUB;source_url=https://en.wikipedia.org/wiki/2009_AIBA_World_Boxing_Championships,5.0
iba_mens_world_boxing_championships_2009_men_light-heavyweight,world_boxing_athlete_Abdelkader_Bouhenia_FRA,3,bronze,discipline=Boxing;event=IBA Men's World Boxing Championships Men Light heavyweight;event_label=Light heavyweight;source_text=Abdelkader Bouhenia ( FRA );entry_country=FRA;source_url=https://en.wikipedia.org/wiki/2009_AIBA_World_Boxing_Championships,5.0
iba_mens_world_boxing_championships_2009_men_light-welterweight,world_boxing_athlete_Roniel_Iglesias_CUB,1,gold,discipline=Boxing;event=IBA Men's World Boxing Championships Men Light welterweight;event_label=Light welterweight;source_text=Roniel Iglesias ( CUB );entry_country=CUB;source_url=https://en.wikipedia.org/wiki/2009_AIBA_World_Boxing_Championships,10.0
iba_mens_world_boxing_championships_2009_men_light-welterweight,world_boxing_athlete_Frankie_Gomez_USA,2,silver,discipline=Boxing;event=IBA Men's World Boxing Championships Men Light welterweight;event_label=Light welterweight;source_text=Frankie Gomez ( USA );entry_country=USA;source_url=https://en.wikipedia.org/wiki/2009_AIBA_World_Boxing_Championships,7.0
iba_mens_world_boxing_championships_2009_men_light-welterweight,world_boxing_athlete_Gyula_Káté_HUN,3,bronze,discipline=Boxing;event=IBA Men's World Boxing Championships Men Light welterweight;event_label=Light welterweight;source_text=Gyula Káté ( HUN );entry_country=HUN;source_url=https://en.wikipedia.org/wiki/2009_AIBA_World_Boxing_Championships,5.0
iba_mens_world_boxing_championships_2009_men_light-welterweight,world_boxing_athlete_Uranchimegiin_Mönkh_MGL,3,bronze,discipline=Boxing;event=IBA Men's World Boxing Championships Men Light welterweight;event_label=Light welterweight;source_text=Uranchimegiin Mönkh ( MGL );entry_country=MGL;source_url=https://en.wikipedia.org/wiki/2009_AIBA_World_Boxing_Championships,5.0
iba_mens_world_boxing_championships_2009_men_lightweight,world_boxing_athlete_Domenico_Valentino_ITA,1,gold,discipline=Boxing;event=IBA Men's World Boxing Championships Men Lightweight;event_label=Lightweight;source_text=Domenico Valentino ( ITA );entry_country=ITA;source_url=https://en.wikipedia.org/wiki/2009_AIBA_World_Boxing_Championships,10.0
iba_mens_world_boxing_championships_2009_men_lightweight,world_boxing_athlete_Jose_Pedraza_PUR,2,silver,discipline=Boxing;event=IBA Men's World Boxing Championships Men Lightweight;event_label=Lightweight;source_text=Jose Pedraza ( PUR );entry_country=PUR;source_url=https://en.wikipedia.org/wiki/2009_AIBA_World_Boxing_Championships,7.0
iba_mens_world_boxing_championships_2009_men_lightweight,world_boxing_athlete_Koba_Pkhakadze_GEO,3,bronze,discipline=Boxing;event=IBA Men's World Boxing Championships Men Lightweight;event_label=Lightweight;source_text=Koba Pkhakadze ( GEO );entry_country=GEO;source_url=https://en.wikipedia.org/wiki/2009_AIBA_World_Boxing_Championships,5.0
iba_mens_world_boxing_championships_2009_men_lightweight,world_boxing_athlete_Albert_Selimov_RUS,3,bronze,discipline=Boxing;event=IBA Men's World Boxing Championships Men Lightweight;event_label=Lightweight;source_text=Albert Selimov ( RUS );entry_country=RUS;source_url=https://en.wikipedia.org/wiki/2009_AIBA_World_Boxing_Championships,5.0
iba_mens_world_boxing_championships_2009_men_middleweight,world_boxing_athlete_Abbos_Atoev_UZB,1,gold,discipline=Boxing;event=IBA Men's World Boxing Championships Men Middleweight;event_label=Middleweight;source_text=Abbos Atoev ( UZB );entry_country=UZB;source_url=https://en.wikipedia.org/wiki/2009_AIBA_World_Boxing_Championships,10.0
iba_mens_world_boxing_championships_2009_men_middleweight,world_boxing_athlete_Andranik_Hakobyan_ARM,2,silver,discipline=Boxing;event=IBA Men's World Boxing Championships Men Middleweight;event_label=Middleweight;source_text=Andranik Hakobyan ( ARM );entry_country=ARM;source_url=https://en.wikipedia.org/wiki/2009_AIBA_World_Boxing_Championships,7.0
iba_mens_world_boxing_championships_2009_men_middleweight,world_boxing_athlete_Vijender_Singh_IND,3,bronze,discipline=Boxing;event=IBA Men's World Boxing Championships Men Middleweight;event_label=Middleweight;source_text=Vijender Singh ( IND );entry_country=IND;source_url=https://en.wikipedia.org/wiki/2009_AIBA_World_Boxing_Championships,5.0
iba_mens_world_boxing_championships_2009_men_middleweight,world_boxing_athlete_Alfonso_Blanco_VEN,3,bronze,discipline=Boxing;event=IBA Men's World Boxing Championships Men Middleweight;event_label=Middleweight;source_text=Alfonso Blanco ( VEN );entry_country=VEN;source_url=https://en.wikipedia.org/wiki/2009_AIBA_World_Boxing_Championships,5.0
iba_mens_world_boxing_championships_2009_men_super-heavyweight,world_boxing_athlete_Roberto_Cammarelle_ITA,1,gold,discipline=Boxing;event=IBA Men's World Boxing Championships Men Super heavyweight;event_label=Super heavyweight;source_text=Roberto Cammarelle ( ITA );entry_country=ITA;source_url=https://en.wikipedia.org/wiki/2009_AIBA_World_Boxing_Championships,10.0
iba_mens_world_boxing_championships_2009_men_super-heavyweight,world_boxing_athlete_Roman_Kapitanenko_UKR,2,silver,discipline=Boxing;event=IBA Men's World Boxing Championships Men Super heavyweight;event_label=Super heavyweight;source_text=Roman Kapitanenko ( UKR );entry_country=UKR;source_url=https://en.wikipedia.org/wiki/2009_AIBA_World_Boxing_Championships,7.0
iba_mens_world_boxing_championships_2009_men_super-heavyweight,world_boxing_athlete_Viktar_Zuyeu_BLR,3,bronze,discipline=Boxing;event=IBA Men's World Boxing Championships Men Super heavyweight;event_label=Super heavyweight;source_text=Viktar Zuyeu ( BLR );entry_country=BLR;source_url=https://en.wikipedia.org/wiki/2009_AIBA_World_Boxing_Championships,5.0
iba_mens_world_boxing_championships_2009_men_super-heavyweight,world_boxing_athlete_Zhang_Zhilei_CHN,3,bronze,discipline=Boxing;event=IBA Men's World Boxing Championships Men Super heavyweight;event_label=Super heavyweight;source_text=Zhang Zhilei ( CHN );entry_country=CHN;source_url=https://en.wikipedia.org/wiki/2009_AIBA_World_Boxing_Championships,5.0
iba_mens_world_boxing_championships_2009_men_welterweight,world_boxing_athlete_Jack_Culcay-Keth_GER,1,gold,discipline=Boxing;event=IBA Men's World Boxing Championships Men Welterweight;event_label=Welterweight;source_text=Jack Culcay-Keth ( GER );entry_country=GER;source_url=https://en.wikipedia.org/wiki/2009_AIBA_World_Boxing_Championships,10.0
iba_mens_world_boxing_championships_2009_men_welterweight,world_boxing_athlete_Andrey_Zamkovoy_RUS,2,silver,discipline=Boxing;event=IBA Men's World Boxing Championships Men Welterweight;event_label=Welterweight;source_text=Andrey Zamkovoy ( RUS );entry_country=RUS;source_url=https://en.wikipedia.org/wiki/2009_AIBA_World_Boxing_Championships,7.0
iba_mens_world_boxing_championships_2009_men_welterweight,world_boxing_athlete_Serik_Sapiyev_KAZ,3,bronze,discipline=Boxing;event=IBA Men's World Boxing Championships Men Welterweight;event_label=Welterweight;source_text=Serik Sapiyev ( KAZ );entry_country=KAZ;source_url=https://en.wikipedia.org/wiki/2009_AIBA_World_Boxing_Championships,5.0
iba_mens_world_boxing_championships_2009_men_welterweight,world_boxing_athlete_Botirjon_Makhmudov_UZB,3,bronze,discipline=Boxing;event=IBA Men's World Boxing Championships Men Welterweight;event_label=Welterweight;source_text=Botirjon Makhmudov ( UZB );entry_country=UZB;source_url=https://en.wikipedia.org/wiki/2009_AIBA_World_Boxing_Championships,5.0
iba_mens_world_boxing_championships_2011_men_bantamweight,world_boxing_athlete_Lázaro_Álvarez_CUB,1,gold,discipline=Boxing;event=IBA Men's World Boxing Championships Men Bantamweight;event_label=Bantamweight;source_text=Lázaro Álvarez Cuba;entry_country=CUB;source_url=https://en.wikipedia.org/wiki/2011_AIBA_World_Boxing_Championships,10.0
iba_mens_world_boxing_championships_2011_men_bantamweight,world_boxing_athlete_Luke_Campbell_ENG,2,silver,discipline=Boxing;event=IBA Men's World Boxing Championships Men Bantamweight;event_label=Bantamweight;source_text=Luke Campbell England;entry_country=ENG;source_url=https://en.wikipedia.org/wiki/2011_AIBA_World_Boxing_Championships,7.0
iba_mens_world_boxing_championships_2011_men_bantamweight,world_boxing_athlete_John_Joe_Nevin_IRL,3,bronze,discipline=Boxing;event=IBA Men's World Boxing Championships Men Bantamweight;event_label=Bantamweight;source_text=John Joe Nevin Ireland;entry_country=IRL;source_url=https://en.wikipedia.org/wiki/2011_AIBA_World_Boxing_Championships,5.0
iba_mens_world_boxing_championships_2011_men_bantamweight,world_boxing_athlete_Anvar_Yunusov_TJK,3,bronze,discipline=Boxing;event=IBA Men's World Boxing Championships Men Bantamweight;event_label=Bantamweight;source_text=Anvar Yunusov Tajikistan;entry_country=TJK;source_url=https://en.wikipedia.org/wiki/2011_AIBA_World_Boxing_Championships,5.0
iba_mens_world_boxing_championships_2011_men_flyweight,world_boxing_athlete_Misha_Aloyan_RUS,1,gold,discipline=Boxing;event=IBA Men's World Boxing Championships Men Flyweight;event_label=Flyweight;source_text=Misha Aloyan Russia;entry_country=RUS;source_url=https://en.wikipedia.org/wiki/2011_AIBA_World_Boxing_Championships,10.0
iba_mens_world_boxing_championships_2011_men_flyweight,world_boxing_athlete_Andrew_Selby_WAL,2,silver,discipline=Boxing;event=IBA Men's World Boxing Championships Men Flyweight;event_label=Flyweight;source_text=Andrew Selby Wales;entry_country=WAL;source_url=https://en.wikipedia.org/wiki/2011_AIBA_World_Boxing_Championships,7.0
iba_mens_world_boxing_championships_2011_men_flyweight,world_boxing_athlete_Raushee_Warren_USA,3,bronze,discipline=Boxing;event=IBA Men's World Boxing Championships Men Flyweight;event_label=Flyweight;source_text=Rau'shee Warren United States;entry_country=USA;source_url=https://en.wikipedia.org/wiki/2011_AIBA_World_Boxing_Championships,5.0
iba_mens_world_boxing_championships_2011_men_flyweight,world_boxing_athlete_Jasurbek_Latipov_UZB,3,bronze,discipline=Boxing;event=IBA Men's World Boxing Championships Men Flyweight;event_label=Flyweight;source_text=Jasurbek Latipov Uzbekistan;entry_country=UZB;source_url=https://en.wikipedia.org/wiki/2011_AIBA_World_Boxing_Championships,5.0
iba_mens_world_boxing_championships_2011_men_heavyweight,world_boxing_athlete_Oleksandr_Usyk_UKR,1,gold,discipline=Boxing;event=IBA Men's World Boxing Championships Men Heavyweight;event_label=Heavyweight;source_text=Oleksandr Usyk Ukraine;entry_country=UKR;source_url=https://en.wikipedia.org/wiki/2011_AIBA_World_Boxing_Championships,10.0
iba_mens_world_boxing_championships_2011_men_heavyweight,world_boxing_athlete_Teymur_Mammadov_AZE,2,silver,discipline=Boxing;event=IBA Men's World Boxing Championships Men Heavyweight;event_label=Heavyweight;source_text=Teymur Mammadov Azerbaijan;entry_country=AZE;source_url=https://en.wikipedia.org/wiki/2011_AIBA_World_Boxing_Championships,7.0
iba_mens_world_boxing_championships_2011_men_heavyweight,world_boxing_athlete_Siarhei_Karneyeu_BLR,3,bronze,discipline=Boxing;event=IBA Men's World Boxing Championships Men Heavyweight;event_label=Heavyweight;source_text=Siarhei Karneyeu Belarus;entry_country=BLR;source_url=https://en.wikipedia.org/wiki/2011_AIBA_World_Boxing_Championships,5.0
iba_mens_world_boxing_championships_2011_men_heavyweight,world_boxing_athlete_Wang_Xuanxuan_CHN,3,bronze,discipline=Boxing;event=IBA Men's World Boxing Championships Men Heavyweight;event_label=Heavyweight;source_text=Wang Xuanxuan China;entry_country=CHN;source_url=https://en.wikipedia.org/wiki/2011_AIBA_World_Boxing_Championships,5.0
iba_mens_world_boxing_championships_2011_men_light-flyweight,world_boxing_athlete_Zou_Shiming_CHN,1,gold,discipline=Boxing;event=IBA Men's World Boxing Championships Men Light flyweight;event_label=Light flyweight;source_text=Zou Shiming China;entry_country=CHN;source_url=https://en.wikipedia.org/wiki/2011_AIBA_World_Boxing_Championships,10.0
iba_mens_world_boxing_championships_2011_men_light-flyweight,world_boxing_athlete_Shin_Jong-Hun_KOR,2,silver,discipline=Boxing;event=IBA Men's World Boxing Championships Men Light flyweight;event_label=Light flyweight;source_text=Shin Jong-Hun South Korea;entry_country=KOR;source_url=https://en.wikipedia.org/wiki/2011_AIBA_World_Boxing_Championships,7.0
iba_mens_world_boxing_championships_2011_men_light-flyweight,world_boxing_athlete_Pürevdorjiin_Serdamba_MNG,3,bronze,discipline=Boxing;event=IBA Men's World Boxing Championships Men Light flyweight;event_label=Light flyweight;source_text=Pürevdorjiin Serdamba Mongolia;entry_country=MNG;source_url=https://en.wikipedia.org/wiki/2011_AIBA_World_Boxing_Championships,5.0
iba_mens_world_boxing_championships_2011_men_light-flyweight,world_boxing_athlete_David_Ayrapetyan_RUS,3,bronze,discipline=Boxing;event=IBA Men's World Boxing Championships Men Light flyweight;event_label=Light flyweight;source_text=David Ayrapetyan Russia;entry_country=RUS;source_url=https://en.wikipedia.org/wiki/2011_AIBA_World_Boxing_Championships,5.0
iba_mens_world_boxing_championships_2011_men_light-heavyweight,world_boxing_athlete_Julio_César_la_Cruz_CUB,1,gold,discipline=Boxing;event=IBA Men's World Boxing Championships Men Light heavyweight;event_label=Light heavyweight;source_text=Julio César la Cruz Cuba;entry_country=CUB;source_url=https://en.wikipedia.org/wiki/2011_AIBA_World_Boxing_Championships,10.0
iba_mens_world_boxing_championships_2011_men_light-heavyweight,world_boxing_athlete_Adilbek_Niyazymbetov_KAZ,2,silver,discipline=Boxing;event=IBA Men's World Boxing Championships Men Light heavyweight;event_label=Light heavyweight;source_text=Adilbek Niyazymbetov Kazakhstan;entry_country=KAZ;source_url=https://en.wikipedia.org/wiki/2011_AIBA_World_Boxing_Championships,7.0
iba_mens_world_boxing_championships_2011_men_light-heavyweight,world_boxing_athlete_Egor_Mekhontsev_RUS,3,bronze,discipline=Boxing;event=IBA Men's World Boxing Championships Men Light heavyweight;event_label=Light heavyweight;source_text=Egor Mekhontsev Russia;entry_country=RUS;source_url=https://en.wikipedia.org/wiki/2011_AIBA_World_Boxing_Championships,5.0
iba_mens_world_boxing_championships_2011_men_light-heavyweight,world_boxing_athlete_Elshod_Rasulov_UZB,3,bronze,discipline=Boxing;event=IBA Men's World Boxing Championships Men Light heavyweight;event_label=Light heavyweight;source_text=Elshod Rasulov Uzbekistan;entry_country=UZB;source_url=https://en.wikipedia.org/wiki/2011_AIBA_World_Boxing_Championships,5.0
iba_mens_world_boxing_championships_2011_men_light-welterweight,world_boxing_athlete_Éverton_Lopes_BRA,1,gold,discipline=Boxing;event=IBA Men's World Boxing Championships Men Light welterweight;event_label=Light welterweight;source_text=Éverton Lopes Brazil;entry_country=BRA;source_url=https://en.wikipedia.org/wiki/2011_AIBA_World_Boxing_Championships,10.0
iba_mens_world_boxing_championships_2011_men_light-welterweight,world_boxing_athlete_Denys_Berinchyk_UKR,2,silver,discipline=Boxing;event=IBA Men's World Boxing Championships Men Light welterweight;event_label=Light welterweight;source_text=Denys Berinchyk Ukraine;entry_country=UKR;source_url=https://en.wikipedia.org/wiki/2011_AIBA_World_Boxing_Championships,7.0
iba_mens_world_boxing_championships_2011_men_light-welterweight,world_boxing_athlete_Tom_Stalker_ENG,3,bronze,discipline=Boxing;event=IBA Men's World Boxing Championships Men Light welterweight;event_label=Light welterweight;source_text=Tom Stalker England;entry_country=ENG;source_url=https://en.wikipedia.org/wiki/2011_AIBA_World_Boxing_Championships,5.0
iba_mens_world_boxing_championships_2011_men_light-welterweight,world_boxing_athlete_Vincenzo_Mangiacapre_ITA,3,bronze,discipline=Boxing;event=IBA Men's World Boxing Championships Men Light welterweight;event_label=Light welterweight;source_text=Vincenzo Mangiacapre Italy;entry_country=ITA;source_url=https://en.wikipedia.org/wiki/2011_AIBA_World_Boxing_Championships,5.0
iba_mens_world_boxing_championships_2011_men_lightweight,world_boxing_athlete_Vasyl_Lomachenko_UKR,1,gold,discipline=Boxing;event=IBA Men's World Boxing Championships Men Lightweight;event_label=Lightweight;source_text=Vasyl Lomachenko Ukraine;entry_country=UKR;source_url=https://en.wikipedia.org/wiki/2011_AIBA_World_Boxing_Championships,10.0
iba_mens_world_boxing_championships_2011_men_lightweight,world_boxing_athlete_Yasniel_Toledo_CUB,2,silver,discipline=Boxing;event=IBA Men's World Boxing Championships Men Lightweight;event_label=Lightweight;source_text=Yasniel Toledo Cuba;entry_country=CUB;source_url=https://en.wikipedia.org/wiki/2011_AIBA_World_Boxing_Championships,7.0
iba_mens_world_boxing_championships_2011_men_lightweight,world_boxing_athlete_Domenico_Valentino_ITA,3,bronze,discipline=Boxing;event=IBA Men's World Boxing Championships Men Lightweight;event_label=Lightweight;source_text=Domenico Valentino Italy;entry_country=ITA;source_url=https://en.wikipedia.org/wiki/2011_AIBA_World_Boxing_Championships,5.0
iba_mens_world_boxing_championships_2011_men_lightweight,world_boxing_athlete_Gani_Zhailauov_KAZ,3,bronze,discipline=Boxing;event=IBA Men's World Boxing Championships Men Lightweight;event_label=Lightweight;source_text=Gani Zhailauov Kazakhstan;entry_country=KAZ;source_url=https://en.wikipedia.org/wiki/2011_AIBA_World_Boxing_Championships,5.0
iba_mens_world_boxing_championships_2011_men_middleweight,world_boxing_athlete_Evhen_Khytrov_UKR,1,gold,discipline=Boxing;event=IBA Men's World Boxing Championships Men Middleweight;event_label=Middleweight;source_text=Evhen Khytrov Ukraine;entry_country=UKR;source_url=https://en.wikipedia.org/wiki/2011_AIBA_World_Boxing_Championships,10.0
iba_mens_world_boxing_championships_2011_men_middleweight,world_boxing_athlete_Ryota_Murata_JPN,2,silver,discipline=Boxing;event=IBA Men's World Boxing Championships Men Middleweight;event_label=Middleweight;source_text=Ryota Murata Japan;entry_country=JPN;source_url=https://en.wikipedia.org/wiki/2011_AIBA_World_Boxing_Championships,7.0
iba_mens_world_boxing_championships_2011_men_middleweight,world_boxing_athlete_Esquiva_Falcão_BRA,3,bronze,discipline=Boxing;event=IBA Men's World Boxing Championships Men Middleweight;event_label=Middleweight;source_text=Esquiva Falcão Brazil;entry_country=BRA;source_url=https://en.wikipedia.org/wiki/2011_AIBA_World_Boxing_Championships,5.0
iba_mens_world_boxing_championships_2011_men_middleweight,world_boxing_athlete_Bogdan_Juratoni_ROU,3,bronze,discipline=Boxing;event=IBA Men's World Boxing Championships Men Middleweight;event_label=Middleweight;source_text=Bogdan Juratoni Romania;entry_country=ROU;source_url=https://en.wikipedia.org/wiki/2011_AIBA_World_Boxing_Championships,5.0
iba_mens_world_boxing_championships_2011_men_super-heavyweight,world_boxing_athlete_Magomedrasul_Majidov_AZE,1,gold,discipline=Boxing;event=IBA Men's World Boxing Championships Men Super Heavyweight;event_label=Super Heavyweight;source_text=Magomedrasul Majidov Azerbaijan;entry_country=AZE;source_url=https://en.wikipedia.org/wiki/2011_AIBA_World_Boxing_Championships,10.0
iba_mens_world_boxing_championships_2011_men_super-heavyweight,world_boxing_athlete_Anthony_Joshua_ENG,2,silver,discipline=Boxing;event=IBA Men's World Boxing Championships Men Super Heavyweight;event_label=Super Heavyweight;source_text=Anthony Joshua England;entry_country=ENG;source_url=https://en.wikipedia.org/wiki/2011_AIBA_World_Boxing_Championships,7.0
iba_mens_world_boxing_championships_2011_men_super-heavyweight,world_boxing_athlete_Erik_Pfeifer_DEU,3,bronze,discipline=Boxing;event=IBA Men's World Boxing Championships Men Super Heavyweight;event_label=Super Heavyweight;source_text=Erik Pfeifer Germany;entry_country=DEU;source_url=https://en.wikipedia.org/wiki/2011_AIBA_World_Boxing_Championships,5.0
iba_mens_world_boxing_championships_2011_men_super-heavyweight,world_boxing_athlete_Ivan_Dychko_KAZ,3,bronze,discipline=Boxing;event=IBA Men's World Boxing Championships Men Super Heavyweight;event_label=Super Heavyweight;source_text=Ivan Dychko Kazakhstan;entry_country=KAZ;source_url=https://en.wikipedia.org/wiki/2011_AIBA_World_Boxing_Championships,5.0
iba_mens_world_boxing_championships_2011_men_welterweight,world_boxing_athlete_Taras_Shelestyuk_UKR,1,gold,discipline=Boxing;event=IBA Men's World Boxing Championships Men Welterweight;event_label=Welterweight;source_text=Taras Shelestyuk Ukraine;entry_country=UKR;source_url=https://en.wikipedia.org/wiki/2011_AIBA_World_Boxing_Championships,10.0
iba_mens_world_boxing_championships_2011_men_welterweight,world_boxing_athlete_Serik_Sapiyev_KAZ,2,silver,discipline=Boxing;event=IBA Men's World Boxing Championships Men Welterweight;event_label=Welterweight;source_text=Serik Sapiyev Kazakhstan;entry_country=KAZ;source_url=https://en.wikipedia.org/wiki/2011_AIBA_World_Boxing_Championships,7.0
iba_mens_world_boxing_championships_2011_men_welterweight,world_boxing_athlete_Vikas_Krishan_Yadav_IND,3,bronze,discipline=Boxing;event=IBA Men's World Boxing Championships Men Welterweight;event_label=Welterweight;source_text=Vikas Krishan Yadav India;entry_country=IND;source_url=https://en.wikipedia.org/wiki/2011_AIBA_World_Boxing_Championships,5.0
iba_mens_world_boxing_championships_2011_men_welterweight,world_boxing_athlete_Egidijus_Kavaliauskas_LTU,3,bronze,discipline=Boxing;event=IBA Men's World Boxing Championships Men Welterweight;event_label=Welterweight;source_text=Egidijus Kavaliauskas Lithuania;entry_country=LTU;source_url=https://en.wikipedia.org/wiki/2011_AIBA_World_Boxing_Championships,5.0
iba_mens_world_boxing_championships_2013_men_bantamweight,world_boxing_athlete_Javid_Chalabiyev_AZE,1,gold,discipline=Boxing;event=IBA Men's World Boxing Championships Men Bantamweight;event_label=Bantamweight;source_text=Javid Chalabiyev Azerbaijan;entry_country=AZE;source_url=https://en.wikipedia.org/wiki/2013_AIBA_World_Boxing_Championships,10.0
iba_mens_world_boxing_championships_2013_men_bantamweight,world_boxing_athlete_Vladimir_Nikitin_RUS,2,silver,discipline=Boxing;event=IBA Men's World Boxing Championships Men Bantamweight;event_label=Bantamweight;source_text=Vladimir Nikitin Russia;entry_country=RUS;source_url=https://en.wikipedia.org/wiki/2013_AIBA_World_Boxing_Championships,7.0
iba_mens_world_boxing_championships_2013_men_bantamweight,world_boxing_athlete_Kairat_Yeraliyev_KAZ,3,bronze,discipline=Boxing;event=IBA Men's World Boxing Championships Men Bantamweight;event_label=Bantamweight;source_text=Kairat Yeraliyev Kazakhstan;entry_country=KAZ;source_url=https://en.wikipedia.org/wiki/2013_AIBA_World_Boxing_Championships,5.0
iba_mens_world_boxing_championships_2013_men_bantamweight,world_boxing_athlete_Mykola_Butsenko_UKR,3,bronze,discipline=Boxing;event=IBA Men's World Boxing Championships Men Bantamweight;event_label=Bantamweight;source_text=Mykola Butsenko Ukraine;entry_country=UKR;source_url=https://en.wikipedia.org/wiki/2013_AIBA_World_Boxing_Championships,5.0
iba_mens_world_boxing_championships_2013_men_flyweight,world_boxing_athlete_Misha_Aloyan_RUS,1,gold,discipline=Boxing;event=IBA Men's World Boxing Championships Men Flyweight;event_label=Flyweight;source_text=Misha Aloyan Russia;entry_country=RUS;source_url=https://en.wikipedia.org/wiki/2013_AIBA_World_Boxing_Championships,10.0
iba_mens_world_boxing_championships_2013_men_flyweight,world_boxing_athlete_Jasurbek_Latipov_UZB,2,silver,discipline=Boxing;event=IBA Men's World Boxing Championships Men Flyweight;event_label=Flyweight;source_text=Jasurbek Latipov Uzbekistan;entry_country=UZB;source_url=https://en.wikipedia.org/wiki/2013_AIBA_World_Boxing_Championships,7.0
iba_mens_world_boxing_championships_2013_men_flyweight,world_boxing_athlete_Chatchai_Butdee_THA,3,bronze,discipline=Boxing;event=IBA Men's World Boxing Championships Men Flyweight;event_label=Flyweight;source_text=Chatchai Butdee Thailand;entry_country=THA;source_url=https://en.wikipedia.org/wiki/2013_AIBA_World_Boxing_Championships,5.0
iba_mens_world_boxing_championships_2013_men_flyweight,world_boxing_athlete_Andrew_Selby_WAL,3,bronze,discipline=Boxing;event=IBA Men's World Boxing Championships Men Flyweight;event_label=Flyweight;source_text=Andrew Selby Wales;entry_country=WAL;source_url=https://en.wikipedia.org/wiki/2013_AIBA_World_Boxing_Championships,5.0
iba_mens_world_boxing_championships_2013_men_heavyweight,world_boxing_athlete_Clemente_Russo_ITA,1,gold,discipline=Boxing;event=IBA Men's World Boxing Championships Men Heavyweight;event_label=Heavyweight;source_text=Clemente Russo Italy;entry_country=ITA;source_url=https://en.wikipedia.org/wiki/2013_AIBA_World_Boxing_Championships,10.0
iba_mens_world_boxing_championships_2013_men_heavyweight,world_boxing_athlete_Evgeny_Tishchenko_RUS,2,silver,discipline=Boxing;event=IBA Men's World Boxing Championships Men Heavyweight;event_label=Heavyweight;source_text=Evgeny Tishchenko Russia;entry_country=RUS;source_url=https://en.wikipedia.org/wiki/2013_AIBA_World_Boxing_Championships,7.0
iba_mens_world_boxing_championships_2013_men_heavyweight,world_boxing_athlete_Yamil_Peralta_ARG,3,bronze,discipline=Boxing;event=IBA Men's World Boxing Championships Men Heavyweight;event_label=Heavyweight;source_text=Yamil Peralta Argentina;entry_country=ARG;source_url=https://en.wikipedia.org/wiki/2013_AIBA_World_Boxing_Championships,5.0
iba_mens_world_boxing_championships_2013_men_heavyweight,world_boxing_athlete_Teymur_Mammadov_AZE,3,bronze,discipline=Boxing;event=IBA Men's World Boxing Championships Men Heavyweight;event_label=Heavyweight;source_text=Teymur Mammadov Azerbaijan;entry_country=AZE;source_url=https://en.wikipedia.org/wiki/2013_AIBA_World_Boxing_Championships,5.0
iba_mens_world_boxing_championships_2013_men_light-flyweight,world_boxing_athlete_Birzhan_Zhakypov_KAZ,1,gold,discipline=Boxing;event=IBA Men's World Boxing Championships Men Light flyweight;event_label=Light flyweight;source_text=Birzhan Zhakypov Kazakhstan;entry_country=KAZ;source_url=https://en.wikipedia.org/wiki/2013_AIBA_World_Boxing_Championships,10.0
iba_mens_world_boxing_championships_2013_men_light-flyweight,world_boxing_athlete_Mohamed_Flissi_DZA,2,silver,discipline=Boxing;event=IBA Men's World Boxing Championships Men Light flyweight;event_label=Light flyweight;source_text=Mohamed Flissi Algeria;entry_country=DZA;source_url=https://en.wikipedia.org/wiki/2013_AIBA_World_Boxing_Championships,7.0
iba_mens_world_boxing_championships_2013_men_light-flyweight,world_boxing_athlete_David_Jimenez_CRI,3,bronze,discipline=Boxing;event=IBA Men's World Boxing Championships Men Light flyweight;event_label=Light flyweight;source_text=David Jimenez Costa Rica;entry_country=CRI;source_url=https://en.wikipedia.org/wiki/2013_AIBA_World_Boxing_Championships,5.0
iba_mens_world_boxing_championships_2013_men_light-flyweight,world_boxing_athlete_Yosvany_Veitía_CUB,3,bronze,discipline=Boxing;event=IBA Men's World Boxing Championships Men Light flyweight;event_label=Light flyweight;source_text=Yosvany Veitía Cuba;entry_country=CUB;source_url=https://en.wikipedia.org/wiki/2013_AIBA_World_Boxing_Championships,5.0
iba_mens_world_boxing_championships_2013_men_light-heavyweight,world_boxing_athlete_Julio_César_la_Cruz_CUB,1,gold,discipline=Boxing;event=IBA Men's World Boxing Championships Men Light heavyweight;event_label=Light heavyweight;source_text=Julio César la Cruz Cuba;entry_country=CUB;source_url=https://en.wikipedia.org/wiki/2013_AIBA_World_Boxing_Championships,10.0
iba_mens_world_boxing_championships_2013_men_light-heavyweight,world_boxing_athlete_Adilbek_Niyazymbetov_KAZ,2,silver,discipline=Boxing;event=IBA Men's World Boxing Championships Men Light heavyweight;event_label=Light heavyweight;source_text=Adilbek Niyazymbetov Kazakhstan;entry_country=KAZ;source_url=https://en.wikipedia.org/wiki/2013_AIBA_World_Boxing_Championships,7.0
iba_mens_world_boxing_championships_2013_men_light-heavyweight,world_boxing_athlete_Joe_Ward_IRL,3,bronze,discipline=Boxing;event=IBA Men's World Boxing Championships Men Light heavyweight;event_label=Light heavyweight;source_text=Joe Ward Ireland;entry_country=IRL;source_url=https://en.wikipedia.org/wiki/2013_AIBA_World_Boxing_Championships,5.0
iba_mens_world_boxing_championships_2013_men_light-heavyweight,world_boxing_athlete_Oybek_Mamazulunov_UZB,3,bronze,discipline=Boxing;event=IBA Men's World Boxing Championships Men Light heavyweight;event_label=Light heavyweight;source_text=Oybek Mamazulunov Uzbekistan;entry_country=UZB;source_url=https://en.wikipedia.org/wiki/2013_AIBA_World_Boxing_Championships,5.0
iba_mens_world_boxing_championships_2013_men_light-welterweight,world_boxing_athlete_Merey_Akshalov_KAZ,1,gold,discipline=Boxing;event=IBA Men's World Boxing Championships Men Light welterweight;event_label=Light welterweight;source_text=Merey Akshalov Kazakhstan;entry_country=KAZ;source_url=https://en.wikipedia.org/wiki/2013_AIBA_World_Boxing_Championships,10.0
iba_mens_world_boxing_championships_2013_men_light-welterweight,world_boxing_athlete_Yasniel_Toledo_CUB,2,silver,discipline=Boxing;event=IBA Men's World Boxing Championships Men Light welterweight;event_label=Light welterweight;source_text=Yasniel Toledo Cuba;entry_country=CUB;source_url=https://en.wikipedia.org/wiki/2013_AIBA_World_Boxing_Championships,7.0
iba_mens_world_boxing_championships_2013_men_light-welterweight,world_boxing_athlete_Éverton_Lopes_BRA,3,bronze,discipline=Boxing;event=IBA Men's World Boxing Championships Men Light welterweight;event_label=Light welterweight;source_text=Éverton Lopes Brazil;entry_country=BRA;source_url=https://en.wikipedia.org/wiki/2013_AIBA_World_Boxing_Championships,5.0
iba_mens_world_boxing_championships_2013_men_light-welterweight,world_boxing_athlete_Uranchimegiin_Mönkh-Erdene_MNG,3,bronze,discipline=Boxing;event=IBA Men's World Boxing Championships Men Light welterweight;event_label=Light welterweight;source_text=Uranchimegiin Mönkh-Erdene Mongolia;entry_country=MNG;source_url=https://en.wikipedia.org/wiki/2013_AIBA_World_Boxing_Championships,5.0
iba_mens_world_boxing_championships_2013_men_lightweight,world_boxing_athlete_Lázaro_Álvarez_CUB,1,gold,discipline=Boxing;event=IBA Men's World Boxing Championships Men Lightweight;event_label=Lightweight;source_text=Lázaro Álvarez Cuba;entry_country=CUB;source_url=https://en.wikipedia.org/wiki/2013_AIBA_World_Boxing_Championships,10.0
iba_mens_world_boxing_championships_2013_men_lightweight,world_boxing_athlete_Robson_Conceição_BRA,2,silver,discipline=Boxing;event=IBA Men's World Boxing Championships Men Lightweight;event_label=Lightweight;source_text=Robson Conceição Brazil;entry_country=BRA;source_url=https://en.wikipedia.org/wiki/2013_AIBA_World_Boxing_Championships,7.0
iba_mens_world_boxing_championships_2013_men_lightweight,world_boxing_athlete_Domenico_Valentino_ITA,3,bronze,discipline=Boxing;event=IBA Men's World Boxing Championships Men Lightweight;event_label=Lightweight;source_text=Domenico Valentino Italy;entry_country=ITA;source_url=https://en.wikipedia.org/wiki/2013_AIBA_World_Boxing_Championships,5.0
iba_mens_world_boxing_championships_2013_men_lightweight,world_boxing_athlete_Berik_Abdrakhmanov_KAZ,3,bronze,discipline=Boxing;event=IBA Men's World Boxing Championships Men Lightweight;event_label=Lightweight;source_text=Berik Abdrakhmanov Kazakhstan;entry_country=KAZ;source_url=https://en.wikipedia.org/wiki/2013_AIBA_World_Boxing_Championships,5.0
iba_mens_world_boxing_championships_2013_men_middleweight,world_boxing_athlete_Zhanibek_Alimkhanuly_KAZ,1,gold,discipline=Boxing;event=IBA Men's World Boxing Championships Men Middleweight;event_label=Middleweight;source_text=Zhanibek Alimkhanuly Kazakhstan;entry_country=KAZ;source_url=https://en.wikipedia.org/wiki/2013_AIBA_World_Boxing_Championships,10.0
iba_mens_world_boxing_championships_2013_men_middleweight,world_boxing_athlete_Jason_Quigley_IRL,2,silver,discipline=Boxing;event=IBA Men's World Boxing Championships Men Middleweight;event_label=Middleweight;source_text=Jason Quigley Ireland;entry_country=IRL;source_url=https://en.wikipedia.org/wiki/2013_AIBA_World_Boxing_Championships,7.0
iba_mens_world_boxing_championships_2013_men_middleweight,world_boxing_athlete_Antony_Fowler_ENG,3,bronze,discipline=Boxing;event=IBA Men's World Boxing Championships Men Middleweight;event_label=Middleweight;source_text=Antony Fowler England;entry_country=ENG;source_url=https://en.wikipedia.org/wiki/2013_AIBA_World_Boxing_Championships,5.0
iba_mens_world_boxing_championships_2013_men_middleweight,world_boxing_athlete_Artem_Chebotarev_RUS,3,bronze,discipline=Boxing;event=IBA Men's World Boxing Championships Men Middleweight;event_label=Middleweight;source_text=Artem Chebotarev Russia;entry_country=RUS;source_url=https://en.wikipedia.org/wiki/2013_AIBA_World_Boxing_Championships,5.0
iba_mens_world_boxing_championships_2013_men_super-heavyweight,world_boxing_athlete_Magomedrasul_Majidov_AZE,1,gold,discipline=Boxing;event=IBA Men's World Boxing Championships Men Super heavyweight;event_label=Super heavyweight;source_text=Magomedrasul Majidov Azerbaijan;entry_country=AZE;source_url=https://en.wikipedia.org/wiki/2013_AIBA_World_Boxing_Championships,10.0
iba_mens_world_boxing_championships_2013_men_super-heavyweight,world_boxing_athlete_Ivan_Dychko_KAZ,2,silver,discipline=Boxing;event=IBA Men's World Boxing Championships Men Super heavyweight;event_label=Super heavyweight;source_text=Ivan Dychko Kazakhstan;entry_country=KAZ;source_url=https://en.wikipedia.org/wiki/2013_AIBA_World_Boxing_Championships,7.0
iba_mens_world_boxing_championships_2013_men_super-heavyweight,world_boxing_athlete_Erik_Pfeifer_DEU,3,bronze,discipline=Boxing;event=IBA Men's World Boxing Championships Men Super heavyweight;event_label=Super heavyweight;source_text=Erik Pfeifer Germany;entry_country=DEU;source_url=https://en.wikipedia.org/wiki/2013_AIBA_World_Boxing_Championships,5.0
iba_mens_world_boxing_championships_2013_men_super-heavyweight,world_boxing_athlete_Roberto_Cammarelle_ITA,3,bronze,discipline=Boxing;event=IBA Men's World Boxing Championships Men Super heavyweight;event_label=Super heavyweight;source_text=Roberto Cammarelle Italy;entry_country=ITA;source_url=https://en.wikipedia.org/wiki/2013_AIBA_World_Boxing_Championships,5.0
iba_mens_world_boxing_championships_2013_men_welterweight,world_boxing_athlete_Daniyar_Yeleussinov_KAZ,1,gold,discipline=Boxing;event=IBA Men's World Boxing Championships Men Welterweight;event_label=Welterweight;source_text=Daniyar Yeleussinov Kazakhstan;entry_country=KAZ;source_url=https://en.wikipedia.org/wiki/2013_AIBA_World_Boxing_Championships,10.0
iba_mens_world_boxing_championships_2013_men_welterweight,world_boxing_athlete_Arisnoidys_Despaigne_CUB,2,silver,discipline=Boxing;event=IBA Men's World Boxing Championships Men Welterweight;event_label=Welterweight;source_text=Arisnoidys Despaigne Cuba;entry_country=CUB;source_url=https://en.wikipedia.org/wiki/2013_AIBA_World_Boxing_Championships,7.0
iba_mens_world_boxing_championships_2013_men_welterweight,world_boxing_athlete_Arajik_Marutjan_DEU,3,bronze,discipline=Boxing;event=IBA Men's World Boxing Championships Men Welterweight;event_label=Welterweight;source_text=Arajik Marutjan Germany;entry_country=DEU;source_url=https://en.wikipedia.org/wiki/2013_AIBA_World_Boxing_Championships,5.0
iba_mens_world_boxing_championships_2013_men_welterweight,world_boxing_athlete_Gabriel_Maestre_VEN,3,bronze,discipline=Boxing;event=IBA Men's World Boxing Championships Men Welterweight;event_label=Welterweight;source_text=Gabriel Maestre Venezuela;entry_country=VEN;source_url=https://en.wikipedia.org/wiki/2013_AIBA_World_Boxing_Championships,5.0
iba_mens_world_boxing_championships_2015_men_bantamweight,world_boxing_athlete_Michael_Conlan_IRL,1,gold,discipline=Boxing;event=IBA Men's World Boxing Championships Men Bantamweight;event_label=Bantamweight;source_text=Michael Conlan Ireland;entry_country=IRL;source_url=https://en.wikipedia.org/wiki/2015_AIBA_World_Boxing_Championships,10.0
iba_mens_world_boxing_championships_2015_men_bantamweight,world_boxing_athlete_Murodjon_Akhmadaliev_UZB,2,silver,discipline=Boxing;event=IBA Men's World Boxing Championships Men Bantamweight;event_label=Bantamweight;source_text=Murodjon Akhmadaliev Uzbekistan;entry_country=UZB;source_url=https://en.wikipedia.org/wiki/2015_AIBA_World_Boxing_Championships,7.0
iba_mens_world_boxing_championships_2015_men_bantamweight,world_boxing_athlete_Dzmitry_Asanau_BLR,3,bronze,discipline=Boxing;event=IBA Men's World Boxing Championships Men Bantamweight;event_label=Bantamweight;source_text=Dzmitry Asanau Belarus;entry_country=BLR;source_url=https://en.wikipedia.org/wiki/2015_AIBA_World_Boxing_Championships,5.0
iba_mens_world_boxing_championships_2015_men_bantamweight,world_boxing_athlete_Shiva_Thapa_IND,3,bronze,discipline=Boxing;event=IBA Men's World Boxing Championships Men Bantamweight;event_label=Bantamweight;source_text=Shiva Thapa India;entry_country=IND;source_url=https://en.wikipedia.org/wiki/2015_AIBA_World_Boxing_Championships,5.0
iba_mens_world_boxing_championships_2015_men_flyweight,world_boxing_athlete_Elvin_Mamishzada_AZE,1,gold,discipline=Boxing;event=IBA Men's World Boxing Championships Men Flyweight;event_label=Flyweight;source_text=Elvin Mamishzada Azerbaijan;entry_country=AZE;source_url=https://en.wikipedia.org/wiki/2015_AIBA_World_Boxing_Championships,10.0
iba_mens_world_boxing_championships_2015_men_flyweight,world_boxing_athlete_Yosvany_Veitía_CUB,2,silver,discipline=Boxing;event=IBA Men's World Boxing Championships Men Flyweight;event_label=Flyweight;source_text=Yosvany Veitía Cuba;entry_country=CUB;source_url=https://en.wikipedia.org/wiki/2015_AIBA_World_Boxing_Championships,7.0
iba_mens_world_boxing_championships_2015_men_flyweight,world_boxing_athlete_Hu_Jianguan_CHN,3,bronze,discipline=Boxing;event=IBA Men's World Boxing Championships Men Flyweight;event_label=Flyweight;source_text=Hu Jianguan China;entry_country=CHN;source_url=https://en.wikipedia.org/wiki/2015_AIBA_World_Boxing_Championships,5.0
iba_mens_world_boxing_championships_2015_men_flyweight,world_boxing_athlete_Mohamed_Flissi_DZA,3,bronze,discipline=Boxing;event=IBA Men's World Boxing Championships Men Flyweight;event_label=Flyweight;source_text=Mohamed Flissi Algeria;entry_country=DZA;source_url=https://en.wikipedia.org/wiki/2015_AIBA_World_Boxing_Championships,5.0
iba_mens_world_boxing_championships_2015_men_heavyweight,world_boxing_athlete_Evgeny_Tishchenko_RUS,1,gold,discipline=Boxing;event=IBA Men's World Boxing Championships Men Heavyweight;event_label=Heavyweight;source_text=Evgeny Tishchenko Russia;entry_country=RUS;source_url=https://en.wikipedia.org/wiki/2015_AIBA_World_Boxing_Championships,10.0
iba_mens_world_boxing_championships_2015_men_heavyweight,world_boxing_athlete_Erislandy_Savón_CUB,2,silver,discipline=Boxing;event=IBA Men's World Boxing Championships Men Heavyweight;event_label=Heavyweight;source_text=Erislandy Savón Cuba;entry_country=CUB;source_url=https://en.wikipedia.org/wiki/2015_AIBA_World_Boxing_Championships,7.0
iba_mens_world_boxing_championships_2015_men_heavyweight,world_boxing_athlete_Abdulkadir_Abdullayev_AZE,3,bronze,discipline=Boxing;event=IBA Men's World Boxing Championships Men Heavyweight;event_label=Heavyweight;source_text=Abdulkadir Abdullayev Azerbaijan;entry_country=AZE;source_url=https://en.wikipedia.org/wiki/2015_AIBA_World_Boxing_Championships,5.0
iba_mens_world_boxing_championships_2015_men_heavyweight,world_boxing_athlete_Gevorg_Manukian_UKR,3,bronze,discipline=Boxing;event=IBA Men's World Boxing Championships Men Heavyweight;event_label=Heavyweight;source_text=Gevorg Manukian Ukraine;entry_country=UKR;source_url=https://en.wikipedia.org/wiki/2015_AIBA_World_Boxing_Championships,5.0
iba_mens_world_boxing_championships_2015_men_light-flyweight,world_boxing_athlete_Joahnys_Argilagos_CUB,1,gold,discipline=Boxing;event=IBA Men's World Boxing Championships Men Light flyweight;event_label=Light flyweight;source_text=Joahnys Argilagos Cuba;entry_country=CUB;source_url=https://en.wikipedia.org/wiki/2015_AIBA_World_Boxing_Championships,10.0
iba_mens_world_boxing_championships_2015_men_light-flyweight,world_boxing_athlete_Vasilii_Egorov_RUS,2,silver,discipline=Boxing;event=IBA Men's World Boxing Championships Men Light flyweight;event_label=Light flyweight;source_text=Vasilii Egorov Russia;entry_country=RUS;source_url=https://en.wikipedia.org/wiki/2015_AIBA_World_Boxing_Championships,7.0
iba_mens_world_boxing_championships_2015_men_light-flyweight,world_boxing_athlete_Rogen_Ladon_PHL,3,bronze,discipline=Boxing;event=IBA Men's World Boxing Championships Men Light flyweight;event_label=Light flyweight;source_text=Rogen Ladon Philippines;entry_country=PHL;source_url=https://en.wikipedia.org/wiki/2015_AIBA_World_Boxing_Championships,5.0
iba_mens_world_boxing_championships_2015_men_light-flyweight,world_boxing_athlete_Dmytro_Zamotayev_UKR,3,bronze,discipline=Boxing;event=IBA Men's World Boxing Championships Men Light flyweight;event_label=Light flyweight;source_text=Dmytro Zamotayev Ukraine;entry_country=UKR;source_url=https://en.wikipedia.org/wiki/2015_AIBA_World_Boxing_Championships,5.0
iba_mens_world_boxing_championships_2015_men_light-heavyweight,world_boxing_athlete_Julio_César_La_Cruz_CUB,1,gold,discipline=Boxing;event=IBA Men's World Boxing Championships Men Light heavyweight;event_label=Light heavyweight;source_text=Julio César La Cruz Cuba;entry_country=CUB;source_url=https://en.wikipedia.org/wiki/2015_AIBA_World_Boxing_Championships,10.0
iba_mens_world_boxing_championships_2015_men_light-heavyweight,world_boxing_athlete_Joe_Ward_IRL,2,silver,discipline=Boxing;event=IBA Men's World Boxing Championships Men Light heavyweight;event_label=Light heavyweight;source_text=Joe Ward Ireland;entry_country=IRL;source_url=https://en.wikipedia.org/wiki/2015_AIBA_World_Boxing_Championships,7.0
iba_mens_world_boxing_championships_2015_men_light-heavyweight,world_boxing_athlete_Pavel_Silyagin_RUS,3,bronze,discipline=Boxing;event=IBA Men's World Boxing Championships Men Light heavyweight;event_label=Light heavyweight;source_text=Pavel Silyagin Russia;entry_country=RUS;source_url=https://en.wikipedia.org/wiki/2015_AIBA_World_Boxing_Championships,5.0
iba_mens_world_boxing_championships_2015_men_light-heavyweight,world_boxing_athlete_Elshod_Rasulov_UZB,3,bronze,discipline=Boxing;event=IBA Men's World Boxing Championships Men Light heavyweight;event_label=Light heavyweight;source_text=Elshod Rasulov Uzbekistan;entry_country=UZB;source_url=https://en.wikipedia.org/wiki/2015_AIBA_World_Boxing_Championships,5.0
iba_mens_world_boxing_championships_2015_men_light-welterweight,world_boxing_athlete_Vitaly_Dunaytsev_RUS,1,gold,discipline=Boxing;event=IBA Men's World Boxing Championships Men Light welterweight;event_label=Light welterweight;source_text=Vitaly Dunaytsev Russia;entry_country=RUS;source_url=https://en.wikipedia.org/wiki/2015_AIBA_World_Boxing_Championships,10.0
iba_mens_world_boxing_championships_2015_men_light-welterweight,world_boxing_athlete_Fazliddin_Gaibnazarov_UZB,2,silver,discipline=Boxing;event=IBA Men's World Boxing Championships Men Light welterweight;event_label=Light welterweight;source_text=Fazliddin Gaibnazarov Uzbekistan;entry_country=UZB;source_url=https://en.wikipedia.org/wiki/2015_AIBA_World_Boxing_Championships,7.0
iba_mens_world_boxing_championships_2015_men_light-welterweight,world_boxing_athlete_Yasniel_Toledo_CUB,3,bronze,discipline=Boxing;event=IBA Men's World Boxing Championships Men Light welterweight;event_label=Light welterweight;source_text=Yasniel Toledo Cuba;entry_country=CUB;source_url=https://en.wikipedia.org/wiki/2015_AIBA_World_Boxing_Championships,5.0
iba_mens_world_boxing_championships_2015_men_light-welterweight,world_boxing_athlete_Wuttichai_Masuk_THA,3,bronze,discipline=Boxing;event=IBA Men's World Boxing Championships Men Light welterweight;event_label=Light welterweight;source_text=Wuttichai Masuk Thailand;entry_country=THA;source_url=https://en.wikipedia.org/wiki/2015_AIBA_World_Boxing_Championships,5.0
iba_mens_world_boxing_championships_2015_men_lightweight,world_boxing_athlete_Lázaro_Álvarez_CUB,1,gold,discipline=Boxing;event=IBA Men's World Boxing Championships Men Lightweight;event_label=Lightweight;source_text=Lázaro Álvarez Cuba;entry_country=CUB;source_url=https://en.wikipedia.org/wiki/2015_AIBA_World_Boxing_Championships,10.0
iba_mens_world_boxing_championships_2015_men_lightweight,world_boxing_athlete_Albert_Selimov_AZE,2,silver,discipline=Boxing;event=IBA Men's World Boxing Championships Men Lightweight;event_label=Lightweight;source_text=Albert Selimov Azerbaijan;entry_country=AZE;source_url=https://en.wikipedia.org/wiki/2015_AIBA_World_Boxing_Championships,7.0
iba_mens_world_boxing_championships_2015_men_lightweight,world_boxing_athlete_Robson_Conceição_BRA,3,bronze,discipline=Boxing;event=IBA Men's World Boxing Championships Men Lightweight;event_label=Lightweight;source_text=Robson Conceição Brazil;entry_country=BRA;source_url=https://en.wikipedia.org/wiki/2015_AIBA_World_Boxing_Championships,5.0
iba_mens_world_boxing_championships_2015_men_lightweight,world_boxing_athlete_Elnur_Abduraimov_UZB,3,bronze,discipline=Boxing;event=IBA Men's World Boxing Championships Men Lightweight;event_label=Lightweight;source_text=Elnur Abduraimov Uzbekistan;entry_country=UZB;source_url=https://en.wikipedia.org/wiki/2015_AIBA_World_Boxing_Championships,5.0
iba_mens_world_boxing_championships_2015_men_middleweight,world_boxing_athlete_Arlen_López_CUB,1,gold,discipline=Boxing;event=IBA Men's World Boxing Championships Men Middleweight;event_label=Middleweight;source_text=Arlen López Cuba;entry_country=CUB;source_url=https://en.wikipedia.org/wiki/2015_AIBA_World_Boxing_Championships,10.0
iba_mens_world_boxing_championships_2015_men_middleweight,world_boxing_athlete_Bektemir_Melikuziev_UZB,2,silver,discipline=Boxing;event=IBA Men's World Boxing Championships Men Middleweight;event_label=Middleweight;source_text=Bektemir Melikuziev Uzbekistan;entry_country=UZB;source_url=https://en.wikipedia.org/wiki/2015_AIBA_World_Boxing_Championships,7.0
iba_mens_world_boxing_championships_2015_men_middleweight,world_boxing_athlete_Hosam_Abdin_EGY,3,bronze,discipline=Boxing;event=IBA Men's World Boxing Championships Men Middleweight;event_label=Middleweight;source_text=Hosam Abdin Egypt;entry_country=EGY;source_url=https://en.wikipedia.org/wiki/2015_AIBA_World_Boxing_Championships,5.0
iba_mens_world_boxing_championships_2015_men_middleweight,world_boxing_athlete_Michael_OReilly_IRL,3,bronze,discipline=Boxing;event=IBA Men's World Boxing Championships Men Middleweight;event_label=Middleweight;source_text=Michael O'Reilly Ireland;entry_country=IRL;source_url=https://en.wikipedia.org/wiki/2015_AIBA_World_Boxing_Championships,5.0
iba_mens_world_boxing_championships_2015_men_super-heavyweight,world_boxing_athlete_Tony_Yoka_FRA,1,gold,discipline=Boxing;event=IBA Men's World Boxing Championships Men Super heavyweight;event_label=Super heavyweight;source_text=Tony Yoka France;entry_country=FRA;source_url=https://en.wikipedia.org/wiki/2015_AIBA_World_Boxing_Championships,10.0
iba_mens_world_boxing_championships_2015_men_super-heavyweight,world_boxing_athlete_Ivan_Dychko_KAZ,2,silver,discipline=Boxing;event=IBA Men's World Boxing Championships Men Super heavyweight;event_label=Super heavyweight;source_text=Ivan Dychko Kazakhstan;entry_country=KAZ;source_url=https://en.wikipedia.org/wiki/2015_AIBA_World_Boxing_Championships,7.0
iba_mens_world_boxing_championships_2015_men_super-heavyweight,world_boxing_athlete_Joseph_Joyce_GBR,3,bronze,discipline=Boxing;event=IBA Men's World Boxing Championships Men Super heavyweight;event_label=Super heavyweight;source_text=Joseph Joyce Great Britain;entry_country=GBR;source_url=https://en.wikipedia.org/wiki/2015_AIBA_World_Boxing_Championships,5.0
iba_mens_world_boxing_championships_2015_men_super-heavyweight,world_boxing_athlete_Bakhodir_Jalolov_UZB,3,bronze,discipline=Boxing;event=IBA Men's World Boxing Championships Men Super heavyweight;event_label=Super heavyweight;source_text=Bakhodir Jalolov Uzbekistan;entry_country=UZB;source_url=https://en.wikipedia.org/wiki/2015_AIBA_World_Boxing_Championships,5.0
iba_mens_world_boxing_championships_2015_men_welterweight,world_boxing_athlete_Mohammed_Rabii_MAR,1,gold,discipline=Boxing;event=IBA Men's World Boxing Championships Men Welterweight;event_label=Welterweight;source_text=Mohammed Rabii Morocco;entry_country=MAR;source_url=https://en.wikipedia.org/wiki/2015_AIBA_World_Boxing_Championships,10.0
iba_mens_world_boxing_championships_2015_men_welterweight,world_boxing_athlete_Daniyar_Yeleussinov_KAZ,2,silver,discipline=Boxing;event=IBA Men's World Boxing Championships Men Welterweight;event_label=Welterweight;source_text=Daniyar Yeleussinov Kazakhstan;entry_country=KAZ;source_url=https://en.wikipedia.org/wiki/2015_AIBA_World_Boxing_Championships,7.0
iba_mens_world_boxing_championships_2015_men_welterweight,world_boxing_athlete_Parviz_Baghirov_AZE,3,bronze,discipline=Boxing;event=IBA Men's World Boxing Championships Men Welterweight;event_label=Welterweight;source_text=Parviz Baghirov Azerbaijan;entry_country=AZE;source_url=https://en.wikipedia.org/wiki/2015_AIBA_World_Boxing_Championships,5.0
iba_mens_world_boxing_championships_2015_men_welterweight,world_boxing_athlete_Liu_Wei_CHN,3,bronze,discipline=Boxing;event=IBA Men's World Boxing Championships Men Welterweight;event_label=Welterweight;source_text=Liu Wei China;entry_country=CHN;source_url=https://en.wikipedia.org/wiki/2015_AIBA_World_Boxing_Championships,5.0
iba_mens_world_boxing_championships_2017_men_bantamweight,world_boxing_athlete_Kairat_Yeraliyev_KAZ,1,gold,discipline=Boxing;event=IBA Men's World Boxing Championships Men Bantamweight;event_label=Bantamweight;source_text=Kairat Yeraliyev;entry_country=KAZ;source_url=https://en.wikipedia.org/wiki/2017_AIBA_World_Boxing_Championships,10.0
iba_mens_world_boxing_championships_2017_men_bantamweight,world_boxing_athlete_Duke_Ragan_USA,2,silver,discipline=Boxing;event=IBA Men's World Boxing Championships Men Bantamweight;event_label=Bantamweight;source_text=Duke Ragan;entry_country=USA;source_url=https://en.wikipedia.org/wiki/2017_AIBA_World_Boxing_Championships,7.0
iba_mens_world_boxing_championships_2017_men_bantamweight,world_boxing_athlete_Peter_McGrail_ENG,3,bronze,discipline=Boxing;event=IBA Men's World Boxing Championships Men Bantamweight;event_label=Bantamweight;source_text=Peter McGrail;entry_country=ENG;source_url=https://en.wikipedia.org/wiki/2017_AIBA_World_Boxing_Championships,5.0
iba_mens_world_boxing_championships_2017_men_bantamweight,world_boxing_athlete_Gaurav_Bidhuri_IND,3,bronze,discipline=Boxing;event=IBA Men's World Boxing Championships Men Bantamweight;event_label=Bantamweight;source_text=Gaurav Bidhuri;entry_country=IND;source_url=https://en.wikipedia.org/wiki/2017_AIBA_World_Boxing_Championships,5.0
iba_mens_world_boxing_championships_2017_men_flyweight,world_boxing_athlete_Yosvany_Veitía_CUB,1,gold,discipline=Boxing;event=IBA Men's World Boxing Championships Men Flyweight;event_label=Flyweight;source_text=Yosvany Veitía;entry_country=CUB;source_url=https://en.wikipedia.org/wiki/2017_AIBA_World_Boxing_Championships,10.0
iba_mens_world_boxing_championships_2017_men_flyweight,world_boxing_athlete_Jasurbek_Latipov_UZB,2,silver,discipline=Boxing;event=IBA Men's World Boxing Championships Men Flyweight;event_label=Flyweight;source_text=Jasurbek Latipov;entry_country=UZB;source_url=https://en.wikipedia.org/wiki/2017_AIBA_World_Boxing_Championships,7.0
iba_mens_world_boxing_championships_2017_men_flyweight,world_boxing_athlete_Kim_In-kyu_KOR,3,bronze,discipline=Boxing;event=IBA Men's World Boxing Championships Men Flyweight;event_label=Flyweight;source_text=Kim In-kyu;entry_country=KOR;source_url=https://en.wikipedia.org/wiki/2017_AIBA_World_Boxing_Championships,5.0
iba_mens_world_boxing_championships_2017_men_flyweight,world_boxing_athlete_Tamir_Galanov_RUS,3,bronze,discipline=Boxing;event=IBA Men's World Boxing Championships Men Flyweight;event_label=Flyweight;source_text=Tamir Galanov;entry_country=RUS;source_url=https://en.wikipedia.org/wiki/2017_AIBA_World_Boxing_Championships,5.0
iba_mens_world_boxing_championships_2017_men_heavyweight,world_boxing_athlete_Erislandy_Savón_CUB,1,gold,discipline=Boxing;event=IBA Men's World Boxing Championships Men Heavyweight;event_label=Heavyweight;source_text=Erislandy Savón;entry_country=CUB;source_url=https://en.wikipedia.org/wiki/2017_AIBA_World_Boxing_Championships,10.0
iba_mens_world_boxing_championships_2017_men_heavyweight,world_boxing_athlete_Evgeny_Tishchenko_RUS,2,silver,discipline=Boxing;event=IBA Men's World Boxing Championships Men Heavyweight;event_label=Heavyweight;source_text=Evgeny Tishchenko;entry_country=RUS;source_url=https://en.wikipedia.org/wiki/2017_AIBA_World_Boxing_Championships,7.0
iba_mens_world_boxing_championships_2017_men_heavyweight,world_boxing_athlete_Vasily_Levit_KAZ,3,bronze,discipline=Boxing;event=IBA Men's World Boxing Championships Men Heavyweight;event_label=Heavyweight;source_text=Vasily Levit;entry_country=KAZ;source_url=https://en.wikipedia.org/wiki/2017_AIBA_World_Boxing_Championships,5.0
iba_mens_world_boxing_championships_2017_men_heavyweight,world_boxing_athlete_Sanjar_Tursunov_UZB,3,bronze,discipline=Boxing;event=IBA Men's World Boxing Championships Men Heavyweight;event_label=Heavyweight;source_text=Sanjar Tursunov;entry_country=UZB;source_url=https://en.wikipedia.org/wiki/2017_AIBA_World_Boxing_Championships,5.0
iba_mens_world_boxing_championships_2017_men_light-flyweight,world_boxing_athlete_Joahnys_Argilagos_CUB,1,gold,discipline=Boxing;event=IBA Men's World Boxing Championships Men Light flyweight;event_label=Light flyweight;source_text=Joahnys Argilagos;entry_country=CUB;source_url=https://en.wikipedia.org/wiki/2017_AIBA_World_Boxing_Championships,10.0
iba_mens_world_boxing_championships_2017_men_light-flyweight,world_boxing_athlete_Hasanboy_Dusmatov_UZB,2,silver,discipline=Boxing;event=IBA Men's World Boxing Championships Men Light flyweight;event_label=Light flyweight;source_text=Hasanboy Dusmatov;entry_country=UZB;source_url=https://en.wikipedia.org/wiki/2017_AIBA_World_Boxing_Championships,7.0
iba_mens_world_boxing_championships_2017_men_light-flyweight,world_boxing_athlete_Yuberjen_Martínez_COL,3,bronze,discipline=Boxing;event=IBA Men's World Boxing Championships Men Light flyweight;event_label=Light flyweight;source_text=Yuberjen Martínez;entry_country=COL;source_url=https://en.wikipedia.org/wiki/2017_AIBA_World_Boxing_Championships,5.0
iba_mens_world_boxing_championships_2017_men_light-flyweight,world_boxing_athlete_Zhomart_Yerzhan_KAZ,3,bronze,discipline=Boxing;event=IBA Men's World Boxing Championships Men Light flyweight;event_label=Light flyweight;source_text=Zhomart Yerzhan;entry_country=KAZ;source_url=https://en.wikipedia.org/wiki/2017_AIBA_World_Boxing_Championships,5.0
iba_mens_world_boxing_championships_2017_men_light-heavyweight,world_boxing_athlete_Julio_César_La_Cruz_CUB,1,gold,discipline=Boxing;event=IBA Men's World Boxing Championships Men Light heavyweight;event_label=Light heavyweight;source_text=Julio César La Cruz;entry_country=CUB;source_url=https://en.wikipedia.org/wiki/2017_AIBA_World_Boxing_Championships,10.0
iba_mens_world_boxing_championships_2017_men_light-heavyweight,world_boxing_athlete_Joe_Ward_IRL,2,silver,discipline=Boxing;event=IBA Men's World Boxing Championships Men Light heavyweight;event_label=Light heavyweight;source_text=Joe Ward;entry_country=IRL;source_url=https://en.wikipedia.org/wiki/2017_AIBA_World_Boxing_Championships,7.0
iba_mens_world_boxing_championships_2017_men_light-heavyweight,world_boxing_athlete_Carlos_Andrés_Mina_ECU,3,bronze,discipline=Boxing;event=IBA Men's World Boxing Championships Men Light heavyweight;event_label=Light heavyweight;source_text=Carlos Andrés Mina;entry_country=ECU;source_url=https://en.wikipedia.org/wiki/2017_AIBA_World_Boxing_Championships,5.0
iba_mens_world_boxing_championships_2017_men_light-heavyweight,world_boxing_athlete_Bektemir_Melikuziev_UZB,3,bronze,discipline=Boxing;event=IBA Men's World Boxing Championships Men Light heavyweight;event_label=Light heavyweight;source_text=Bektemir Melikuziev;entry_country=UZB;source_url=https://en.wikipedia.org/wiki/2017_AIBA_World_Boxing_Championships,5.0
iba_mens_world_boxing_championships_2017_men_light-welterweight,world_boxing_athlete_Andy_Cruz_Gómez_CUB,1,gold,discipline=Boxing;event=IBA Men's World Boxing Championships Men Light welterweight;event_label=Light welterweight;source_text=Andy Cruz Gómez;entry_country=CUB;source_url=https://en.wikipedia.org/wiki/2017_AIBA_World_Boxing_Championships,10.0
iba_mens_world_boxing_championships_2017_men_light-welterweight,world_boxing_athlete_Ikboljon_Kholdarov_UZB,2,silver,discipline=Boxing;event=IBA Men's World Boxing Championships Men Light welterweight;event_label=Light welterweight;source_text=Ikboljon Kholdarov;entry_country=UZB;source_url=https://en.wikipedia.org/wiki/2017_AIBA_World_Boxing_Championships,7.0
iba_mens_world_boxing_championships_2017_men_light-welterweight,world_boxing_athlete_Hovhannes_Bachkov_ARM,3,bronze,discipline=Boxing;event=IBA Men's World Boxing Championships Men Light welterweight;event_label=Light welterweight;source_text=Hovhannes Bachkov;entry_country=ARM;source_url=https://en.wikipedia.org/wiki/2017_AIBA_World_Boxing_Championships,5.0
iba_mens_world_boxing_championships_2017_men_light-welterweight,world_boxing_athlete_Freudis_Rojas_USA,3,bronze,discipline=Boxing;event=IBA Men's World Boxing Championships Men Light welterweight;event_label=Light welterweight;source_text=Freudis Rojas;entry_country=USA;source_url=https://en.wikipedia.org/wiki/2017_AIBA_World_Boxing_Championships,5.0
iba_mens_world_boxing_championships_2017_men_lightweight,world_boxing_athlete_Sofiane_Oumiha_FRA,1,gold,discipline=Boxing;event=IBA Men's World Boxing Championships Men Lightweight;event_label=Lightweight;source_text=Sofiane Oumiha;entry_country=FRA;source_url=https://en.wikipedia.org/wiki/2017_AIBA_World_Boxing_Championships,10.0
iba_mens_world_boxing_championships_2017_men_lightweight,world_boxing_athlete_Lázaro_Álvarez_CUB,2,silver,discipline=Boxing;event=IBA Men's World Boxing Championships Men Lightweight;event_label=Lightweight;source_text=Lázaro Álvarez;entry_country=CUB;source_url=https://en.wikipedia.org/wiki/2017_AIBA_World_Boxing_Championships,7.0
iba_mens_world_boxing_championships_2017_men_lightweight,world_boxing_athlete_Otar_Eranosyan_GEO,3,bronze,discipline=Boxing;event=IBA Men's World Boxing Championships Men Lightweight;event_label=Lightweight;source_text=Otar Eranosyan;entry_country=GEO;source_url=https://en.wikipedia.org/wiki/2017_AIBA_World_Boxing_Championships,5.0
iba_mens_world_boxing_championships_2017_men_lightweight,world_boxing_athlete_Dorjnyambuugiin_Otgondalai_MNG,3,bronze,discipline=Boxing;event=IBA Men's World Boxing Championships Men Lightweight;event_label=Lightweight;source_text=Dorjnyambuugiin Otgondalai;entry_country=MNG;source_url=https://en.wikipedia.org/wiki/2017_AIBA_World_Boxing_Championships,5.0
iba_mens_world_boxing_championships_2017_men_middleweight,world_boxing_athlete_Oleksandr_Khyzhniak_UKR,1,gold,discipline=Boxing;event=IBA Men's World Boxing Championships Men Middleweight;event_label=Middleweight;source_text=Oleksandr Khyzhniak;entry_country=UKR;source_url=https://en.wikipedia.org/wiki/2017_AIBA_World_Boxing_Championships,10.0
iba_mens_world_boxing_championships_2017_men_middleweight,world_boxing_athlete_Abilkhan_Amankul_KAZ,2,silver,discipline=Boxing;event=IBA Men's World Boxing Championships Men Middleweight;event_label=Middleweight;source_text=Abilkhan Amankul;entry_country=KAZ;source_url=https://en.wikipedia.org/wiki/2017_AIBA_World_Boxing_Championships,7.0
iba_mens_world_boxing_championships_2017_men_middleweight,world_boxing_athlete_Kamran_Shakhsuvarly_AZE,3,bronze,discipline=Boxing;event=IBA Men's World Boxing Championships Men Middleweight;event_label=Middleweight;source_text=Kamran Shakhsuvarly;entry_country=AZE;source_url=https://en.wikipedia.org/wiki/2017_AIBA_World_Boxing_Championships,5.0
iba_mens_world_boxing_championships_2017_men_middleweight,world_boxing_athlete_Troy_Isley_USA,3,bronze,discipline=Boxing;event=IBA Men's World Boxing Championships Men Middleweight;event_label=Middleweight;source_text=Troy Isley;entry_country=USA;source_url=https://en.wikipedia.org/wiki/2017_AIBA_World_Boxing_Championships,5.0
iba_mens_world_boxing_championships_2017_men_super-heavyweight,world_boxing_athlete_Magomedrasul_Majidov_AZE,1,gold,discipline=Boxing;event=IBA Men's World Boxing Championships Men Super heavyweight;event_label=Super heavyweight;source_text=Magomedrasul Majidov;entry_country=AZE;source_url=https://en.wikipedia.org/wiki/2017_AIBA_World_Boxing_Championships,10.0
iba_mens_world_boxing_championships_2017_men_super-heavyweight,world_boxing_athlete_Kamshybek_Kunkabayev_KAZ,2,silver,discipline=Boxing;event=IBA Men's World Boxing Championships Men Super heavyweight;event_label=Super heavyweight;source_text=Kamshybek Kunkabayev;entry_country=KAZ;source_url=https://en.wikipedia.org/wiki/2017_AIBA_World_Boxing_Championships,7.0
iba_mens_world_boxing_championships_2017_men_super-heavyweight,world_boxing_athlete_Joseph_Goodall_AUS,3,bronze,discipline=Boxing;event=IBA Men's World Boxing Championships Men Super heavyweight;event_label=Super heavyweight;source_text=Joseph Goodall;entry_country=AUS;source_url=https://en.wikipedia.org/wiki/2017_AIBA_World_Boxing_Championships,5.0
iba_mens_world_boxing_championships_2017_men_super-heavyweight,world_boxing_athlete_Arsène_Fokou_Fosso_CMR,3,bronze,discipline=Boxing;event=IBA Men's World Boxing Championships Men Super heavyweight;event_label=Super heavyweight;source_text=Arsène Fokou Fosso;entry_country=CMR;source_url=https://en.wikipedia.org/wiki/2017_AIBA_World_Boxing_Championships,5.0
iba_mens_world_boxing_championships_2017_men_welterweight,world_boxing_athlete_Shakhram_Giyasov_UZB,1,gold,discipline=Boxing;event=IBA Men's World Boxing Championships Men Welterweight;event_label=Welterweight;source_text=Shakhram Giyasov;entry_country=UZB;source_url=https://en.wikipedia.org/wiki/2017_AIBA_World_Boxing_Championships,10.0
iba_mens_world_boxing_championships_2017_men_welterweight,world_boxing_athlete_Roniel_Iglesias_CUB,2,silver,discipline=Boxing;event=IBA Men's World Boxing Championships Men Welterweight;event_label=Welterweight;source_text=Roniel Iglesias;entry_country=CUB;source_url=https://en.wikipedia.org/wiki/2017_AIBA_World_Boxing_Championships,7.0
iba_mens_world_boxing_championships_2017_men_welterweight,world_boxing_athlete_Abass_Baraou_DEU,3,bronze,discipline=Boxing;event=IBA Men's World Boxing Championships Men Welterweight;event_label=Welterweight;source_text=Abass Baraou;entry_country=DEU;source_url=https://en.wikipedia.org/wiki/2017_AIBA_World_Boxing_Championships,5.0
iba_mens_world_boxing_championships_2017_men_welterweight,world_boxing_athlete_Ablaikhan_Zhussupov_KAZ,3,bronze,discipline=Boxing;event=IBA Men's World Boxing Championships Men Welterweight;event_label=Welterweight;source_text=Ablaikhan Zhussupov;entry_country=KAZ;source_url=https://en.wikipedia.org/wiki/2017_AIBA_World_Boxing_Championships,5.0
iba_mens_world_boxing_championships_2019_men_featherweight,world_boxing_athlete_Mirazizbek_Mirzakhalilov_UZB,1,gold,discipline=Boxing;event=IBA Men's World Boxing Championships Men Featherweight;event_label=Featherweight;source_text=Mirazizbek Mirzakhalilov Uzbekistan;entry_country=UZB;source_url=https://en.wikipedia.org/wiki/2019_AIBA_World_Boxing_Championships,10.0
iba_mens_world_boxing_championships_2019_men_featherweight,world_boxing_athlete_Lázaro_Álvarez_CUB,2,silver,discipline=Boxing;event=IBA Men's World Boxing Championships Men Featherweight;event_label=Featherweight;source_text=Lázaro Álvarez Cuba;entry_country=CUB;source_url=https://en.wikipedia.org/wiki/2019_AIBA_World_Boxing_Championships,7.0
iba_mens_world_boxing_championships_2019_men_featherweight,world_boxing_athlete_Peter_McGrail_ENG,3,bronze,discipline=Boxing;event=IBA Men's World Boxing Championships Men Featherweight;event_label=Featherweight;source_text=Peter McGrail England;entry_country=ENG;source_url=https://en.wikipedia.org/wiki/2019_AIBA_World_Boxing_Championships,5.0
iba_mens_world_boxing_championships_2019_men_featherweight,world_boxing_athlete_Erdenebatyn_Tsendbaatar_MNG,3,bronze,discipline=Boxing;event=IBA Men's World Boxing Championships Men Featherweight;event_label=Featherweight;source_text=Erdenebatyn Tsendbaatar Mongolia;entry_country=MNG;source_url=https://en.wikipedia.org/wiki/2019_AIBA_World_Boxing_Championships,5.0
iba_mens_world_boxing_championships_2019_men_flyweight,world_boxing_athlete_Shakhobidin_Zoirov_UZB,1,gold,discipline=Boxing;event=IBA Men's World Boxing Championships Men Flyweight;event_label=Flyweight;source_text=Shakhobidin Zoirov Uzbekistan;entry_country=UZB;source_url=https://en.wikipedia.org/wiki/2019_AIBA_World_Boxing_Championships,10.0
iba_mens_world_boxing_championships_2019_men_flyweight,world_boxing_athlete_Amit_Panghal_IND,2,silver,discipline=Boxing;event=IBA Men's World Boxing Championships Men Flyweight;event_label=Flyweight;source_text=Amit Panghal India;entry_country=IND;source_url=https://en.wikipedia.org/wiki/2019_AIBA_World_Boxing_Championships,7.0
iba_mens_world_boxing_championships_2019_men_flyweight,world_boxing_athlete_Billal_Bennama_FRA,3,bronze,discipline=Boxing;event=IBA Men's World Boxing Championships Men Flyweight;event_label=Flyweight;source_text=Billal Bennama France;entry_country=FRA;source_url=https://en.wikipedia.org/wiki/2019_AIBA_World_Boxing_Championships,5.0
iba_mens_world_boxing_championships_2019_men_flyweight,world_boxing_athlete_Saken_Bibossinov_KAZ,3,bronze,discipline=Boxing;event=IBA Men's World Boxing Championships Men Flyweight;event_label=Flyweight;source_text=Saken Bibossinov Kazakhstan;entry_country=KAZ;source_url=https://en.wikipedia.org/wiki/2019_AIBA_World_Boxing_Championships,5.0
iba_mens_world_boxing_championships_2019_men_heavyweight,world_boxing_athlete_Muslim_Gadzhimagomedov_RUS,1,gold,discipline=Boxing;event=IBA Men's World Boxing Championships Men Heavyweight;event_label=Heavyweight;source_text=Muslim Gadzhimagomedov Russia;entry_country=RUS;source_url=https://en.wikipedia.org/wiki/2019_AIBA_World_Boxing_Championships,10.0
iba_mens_world_boxing_championships_2019_men_heavyweight,world_boxing_athlete_Julio_Castillo_ECU,2,silver,discipline=Boxing;event=IBA Men's World Boxing Championships Men Heavyweight;event_label=Heavyweight;source_text=Julio Castillo Ecuador;entry_country=ECU;source_url=https://en.wikipedia.org/wiki/2019_AIBA_World_Boxing_Championships,7.0
iba_mens_world_boxing_championships_2019_men_heavyweight,world_boxing_athlete_Radoslav_Pantaleev_BGR,3,bronze,discipline=Boxing;event=IBA Men's World Boxing Championships Men Heavyweight;event_label=Heavyweight;source_text=Radoslav Pantaleev Bulgaria;entry_country=BGR;source_url=https://en.wikipedia.org/wiki/2019_AIBA_World_Boxing_Championships,5.0
iba_mens_world_boxing_championships_2019_men_heavyweight,world_boxing_athlete_Vassiliy_Levit_KAZ,3,bronze,discipline=Boxing;event=IBA Men's World Boxing Championships Men Heavyweight;event_label=Heavyweight;source_text=Vassiliy Levit Kazakhstan;entry_country=KAZ;source_url=https://en.wikipedia.org/wiki/2019_AIBA_World_Boxing_Championships,5.0
iba_mens_world_boxing_championships_2019_men_light-heavyweight,world_boxing_athlete_Bekzad_Nurdauletov_KAZ,1,gold,discipline=Boxing;event=IBA Men's World Boxing Championships Men Light heavyweight;event_label=Light heavyweight;source_text=Bekzad Nurdauletov Kazakhstan;entry_country=KAZ;source_url=https://en.wikipedia.org/wiki/2019_AIBA_World_Boxing_Championships,10.0
iba_mens_world_boxing_championships_2019_men_light-heavyweight,world_boxing_athlete_Dilshodbek_Ruzmetov_UZB,2,silver,discipline=Boxing;event=IBA Men's World Boxing Championships Men Light heavyweight;event_label=Light heavyweight;source_text=Dilshodbek Ruzmetov Uzbekistan;entry_country=UZB;source_url=https://en.wikipedia.org/wiki/2019_AIBA_World_Boxing_Championships,7.0
iba_mens_world_boxing_championships_2019_men_light-heavyweight,world_boxing_athlete_Julio_César_La_Cruz_CUB,3,bronze,discipline=Boxing;event=IBA Men's World Boxing Championships Men Light heavyweight;event_label=Light heavyweight;source_text=Julio César La Cruz Cuba;entry_country=CUB;source_url=https://en.wikipedia.org/wiki/2019_AIBA_World_Boxing_Championships,5.0
iba_mens_world_boxing_championships_2019_men_light-heavyweight,world_boxing_athlete_Benjamin_Whittaker_ENG,3,bronze,discipline=Boxing;event=IBA Men's World Boxing Championships Men Light heavyweight;event_label=Light heavyweight;source_text=Benjamin Whittaker England;entry_country=ENG;source_url=https://en.wikipedia.org/wiki/2019_AIBA_World_Boxing_Championships,5.0
iba_mens_world_boxing_championships_2019_men_light-welterweight,world_boxing_athlete_Andy_Cruz_CUB,1,gold,discipline=Boxing;event=IBA Men's World Boxing Championships Men Light welterweight;event_label=Light welterweight;source_text=Andy Cruz Cuba;entry_country=CUB;source_url=https://en.wikipedia.org/wiki/2019_AIBA_World_Boxing_Championships,10.0
iba_mens_world_boxing_championships_2019_men_light-welterweight,world_boxing_athlete_Keyshawn_Davis_USA,2,silver,discipline=Boxing;event=IBA Men's World Boxing Championships Men Light welterweight;event_label=Light welterweight;source_text=Keyshawn Davis United States;entry_country=USA;source_url=https://en.wikipedia.org/wiki/2019_AIBA_World_Boxing_Championships,7.0
iba_mens_world_boxing_championships_2019_men_light-welterweight,world_boxing_athlete_Hovhannes_Bachkov_ARM,3,bronze,discipline=Boxing;event=IBA Men's World Boxing Championships Men Light welterweight;event_label=Light welterweight;source_text=Hovhannes Bachkov Armenia;entry_country=ARM;source_url=https://en.wikipedia.org/wiki/2019_AIBA_World_Boxing_Championships,5.0
iba_mens_world_boxing_championships_2019_men_light-welterweight,world_boxing_athlete_Manish_Kaushik_IND,3,bronze,discipline=Boxing;event=IBA Men's World Boxing Championships Men Light welterweight;event_label=Light welterweight;source_text=Manish Kaushik India;entry_country=IND;source_url=https://en.wikipedia.org/wiki/2019_AIBA_World_Boxing_Championships,5.0
iba_mens_world_boxing_championships_2019_men_middleweight,world_boxing_athlete_Gleb_Bakshi_RUS,1,gold,discipline=Boxing;event=IBA Men's World Boxing Championships Men Middleweight;event_label=Middleweight;source_text=Gleb Bakshi Russia;entry_country=RUS;source_url=https://en.wikipedia.org/wiki/2019_AIBA_World_Boxing_Championships,10.0
iba_mens_world_boxing_championships_2019_men_middleweight,world_boxing_athlete_Eumir_Marcial_PHL,2,silver,discipline=Boxing;event=IBA Men's World Boxing Championships Men Middleweight;event_label=Middleweight;source_text=Eumir Marcial Philippines;entry_country=PHL;source_url=https://en.wikipedia.org/wiki/2019_AIBA_World_Boxing_Championships,7.0
iba_mens_world_boxing_championships_2019_men_middleweight,world_boxing_athlete_Hebert_Conceição_BRA,3,bronze,discipline=Boxing;event=IBA Men's World Boxing Championships Men Middleweight;event_label=Middleweight;source_text=Hebert Conceição Brazil;entry_country=BRA;source_url=https://en.wikipedia.org/wiki/2019_AIBA_World_Boxing_Championships,5.0
iba_mens_world_boxing_championships_2019_men_middleweight,world_boxing_athlete_Tursynbay_Kulakhmet_KAZ,3,bronze,discipline=Boxing;event=IBA Men's World Boxing Championships Men Middleweight;event_label=Middleweight;source_text=Tursynbay Kulakhmet Kazakhstan;entry_country=KAZ;source_url=https://en.wikipedia.org/wiki/2019_AIBA_World_Boxing_Championships,5.0
iba_mens_world_boxing_championships_2019_men_super-heavyweight,world_boxing_athlete_Bakhodir_Jalolov_UZB,1,gold,discipline=Boxing;event=IBA Men's World Boxing Championships Men Super heavyweight;event_label=Super heavyweight;source_text=Bakhodir Jalolov Uzbekistan;entry_country=UZB;source_url=https://en.wikipedia.org/wiki/2019_AIBA_World_Boxing_Championships,10.0
iba_mens_world_boxing_championships_2019_men_super-heavyweight,world_boxing_athlete_Kamshybek_Kunkabayev_KAZ,2,silver,discipline=Boxing;event=IBA Men's World Boxing Championships Men Super heavyweight;event_label=Super heavyweight;source_text=Kamshybek Kunkabayev Kazakhstan;entry_country=KAZ;source_url=https://en.wikipedia.org/wiki/2019_AIBA_World_Boxing_Championships,7.0
iba_mens_world_boxing_championships_2019_men_super-heavyweight,world_boxing_athlete_Justis_Huni_AUS,3,bronze,discipline=Boxing;event=IBA Men's World Boxing Championships Men Super heavyweight;event_label=Super heavyweight;source_text=Justis Huni Australia;entry_country=AUS;source_url=https://en.wikipedia.org/wiki/2019_AIBA_World_Boxing_Championships,5.0
iba_mens_world_boxing_championships_2019_men_super-heavyweight,world_boxing_athlete_Maksim_Babanin_RUS,3,bronze,discipline=Boxing;event=IBA Men's World Boxing Championships Men Super heavyweight;event_label=Super heavyweight;source_text=Maksim Babanin Russia;entry_country=RUS;source_url=https://en.wikipedia.org/wiki/2019_AIBA_World_Boxing_Championships,5.0
iba_mens_world_boxing_championships_2019_men_welterweight,world_boxing_athlete_Andrey_Zamkovoy_RUS,1,gold,discipline=Boxing;event=IBA Men's World Boxing Championships Men Welterweight;event_label=Welterweight;source_text=Andrey Zamkovoy Russia;entry_country=RUS;source_url=https://en.wikipedia.org/wiki/2019_AIBA_World_Boxing_Championships,10.0
iba_mens_world_boxing_championships_2019_men_welterweight,world_boxing_athlete_Pat_McCormack_ENG,2,silver,discipline=Boxing;event=IBA Men's World Boxing Championships Men Welterweight;event_label=Welterweight;source_text=Pat McCormack England;entry_country=ENG;source_url=https://en.wikipedia.org/wiki/2019_AIBA_World_Boxing_Championships,7.0
iba_mens_world_boxing_championships_2019_men_welterweight,world_boxing_athlete_Ablaikhan_Zhussupov_KAZ,3,bronze,discipline=Boxing;event=IBA Men's World Boxing Championships Men Welterweight;event_label=Welterweight;source_text=Ablaikhan Zhussupov Kazakhstan;entry_country=KAZ;source_url=https://en.wikipedia.org/wiki/2019_AIBA_World_Boxing_Championships,5.0
iba_mens_world_boxing_championships_2019_men_welterweight,world_boxing_athlete_Bobo-Usmon_Baturov_UZB,3,bronze,discipline=Boxing;event=IBA Men's World Boxing Championships Men Welterweight;event_label=Welterweight;source_text=Bobo-Usmon Baturov Uzbekistan;entry_country=UZB;source_url=https://en.wikipedia.org/wiki/2019_AIBA_World_Boxing_Championships,5.0
iba_mens_world_boxing_championships_2021_men_bantamweight,world_boxing_athlete_Tomoya_Tsuboi_JPN,1,gold,discipline=Boxing;event=IBA Men's World Boxing Championships Men Bantamweight;event_label=Bantamweight;source_text=Tomoya Tsuboi Japan;entry_country=JPN;source_url=https://en.wikipedia.org/wiki/2021_AIBA_World_Boxing_Championships,10.0
iba_mens_world_boxing_championships_2021_men_bantamweight,world_boxing_athlete_Makhmud_Sabyrkhan_KAZ,2,silver,discipline=Boxing;event=IBA Men's World Boxing Championships Men Bantamweight;event_label=Bantamweight;source_text=Makhmud Sabyrkhan Kazakhstan;entry_country=KAZ;source_url=https://en.wikipedia.org/wiki/2021_AIBA_World_Boxing_Championships,7.0
iba_mens_world_boxing_championships_2021_men_bantamweight,world_boxing_athlete_Billal_Bennama_FRA,3,bronze,discipline=Boxing;event=IBA Men's World Boxing Championships Men Bantamweight;event_label=Bantamweight;source_text=Billal Bennama France;entry_country=FRA;source_url=https://en.wikipedia.org/wiki/2021_AIBA_World_Boxing_Championships,5.0
iba_mens_world_boxing_championships_2021_men_bantamweight,world_boxing_athlete_Akash_Kumar_IND,3,bronze,discipline=Boxing;event=IBA Men's World Boxing Championships Men Bantamweight;event_label=Bantamweight;source_text=Akash Kumar India;entry_country=IND;source_url=https://en.wikipedia.org/wiki/2021_AIBA_World_Boxing_Championships,5.0
iba_mens_world_boxing_championships_2021_men_cruiserweight,world_boxing_athlete_Loren_Alfonso_AZE,1,gold,discipline=Boxing;event=IBA Men's World Boxing Championships Men Cruiserweight;event_label=Cruiserweight;source_text=Loren Alfonso Azerbaijan;entry_country=AZE;source_url=https://en.wikipedia.org/wiki/2021_AIBA_World_Boxing_Championships,10.0
iba_mens_world_boxing_championships_2021_men_cruiserweight,world_boxing_athlete_Keno_Machado_BRA,2,silver,discipline=Boxing;event=IBA Men's World Boxing Championships Men Cruiserweight;event_label=Cruiserweight;source_text=Keno Machado Brazil;entry_country=BRA;source_url=https://en.wikipedia.org/wiki/2021_AIBA_World_Boxing_Championships,7.0
iba_mens_world_boxing_championships_2021_men_cruiserweight,world_boxing_athlete_Victor_Schelstraete_BEL,3,bronze,discipline=Boxing;event=IBA Men's World Boxing Championships Men Cruiserweight;event_label=Cruiserweight;source_text=Victor Schelstraete Belgium;entry_country=BEL;source_url=https://en.wikipedia.org/wiki/2021_AIBA_World_Boxing_Championships,5.0
iba_mens_world_boxing_championships_2021_men_cruiserweight,world_boxing_athlete_Herich_Ruiz_CUB,3,bronze,discipline=Boxing;event=IBA Men's World Boxing Championships Men Cruiserweight;event_label=Cruiserweight;source_text=Herich Ruiz Cuba;entry_country=CUB;source_url=https://en.wikipedia.org/wiki/2021_AIBA_World_Boxing_Championships,5.0
iba_mens_world_boxing_championships_2021_men_featherweight,world_boxing_athlete_Jahmal_Harvey_USA,1,gold,discipline=Boxing;event=IBA Men's World Boxing Championships Men Featherweight;event_label=Featherweight;source_text=Jahmal Harvey United States;entry_country=USA;source_url=https://en.wikipedia.org/wiki/2021_AIBA_World_Boxing_Championships,10.0
iba_mens_world_boxing_championships_2021_men_featherweight,world_boxing_athlete_Serik_Temirzhanov_KAZ,2,silver,discipline=Boxing;event=IBA Men's World Boxing Championships Men Featherweight;event_label=Featherweight;source_text=Serik Temirzhanov Kazakhstan;entry_country=KAZ;source_url=https://en.wikipedia.org/wiki/2021_AIBA_World_Boxing_Championships,7.0
iba_mens_world_boxing_championships_2021_men_featherweight,world_boxing_athlete_Osvel_Caballero_CUB,3,bronze,discipline=Boxing;event=IBA Men's World Boxing Championships Men Featherweight;event_label=Featherweight;source_text=Osvel Caballero Cuba;entry_country=CUB;source_url=https://en.wikipedia.org/wiki/2021_AIBA_World_Boxing_Championships,5.0
iba_mens_world_boxing_championships_2021_men_featherweight,world_boxing_athlete_Samuel_Kistohurry_FRA,3,bronze,discipline=Boxing;event=IBA Men's World Boxing Championships Men Featherweight;event_label=Featherweight;source_text=Samuel Kistohurry France;entry_country=FRA;source_url=https://en.wikipedia.org/wiki/2021_AIBA_World_Boxing_Championships,5.0
iba_mens_world_boxing_championships_2021_men_flyweight,world_boxing_athlete_Saken_Bibossinov_KAZ,1,gold,discipline=Boxing;event=IBA Men's World Boxing Championships Men Flyweight;event_label=Flyweight;source_text=Saken Bibossinov Kazakhstan;entry_country=KAZ;source_url=https://en.wikipedia.org/wiki/2021_AIBA_World_Boxing_Championships,10.0
iba_mens_world_boxing_championships_2021_men_flyweight,world_boxing_athlete_Roscoe_Hill_USA,2,silver,discipline=Boxing;event=IBA Men's World Boxing Championships Men Flyweight;event_label=Flyweight;source_text=Roscoe Hill United States;entry_country=USA;source_url=https://en.wikipedia.org/wiki/2021_AIBA_World_Boxing_Championships,7.0
iba_mens_world_boxing_championships_2021_men_flyweight,world_boxing_athlete_Akhtem_Zakirov_RUS,3,bronze,discipline=Boxing;event=IBA Men's World Boxing Championships Men Flyweight;event_label=Flyweight;source_text=Akhtem Zakirov Russian Boxing Federation;entry_country=RUS;source_url=https://en.wikipedia.org/wiki/2021_AIBA_World_Boxing_Championships,5.0
iba_mens_world_boxing_championships_2021_men_flyweight,world_boxing_athlete_Thanarat_Saengphet_TBF,3,bronze,discipline=Boxing;event=IBA Men's World Boxing Championships Men Flyweight;event_label=Flyweight;source_text=Thanarat Saengphet Thailand Boxing Federation;entry_country=TBF;source_url=https://en.wikipedia.org/wiki/2021_AIBA_World_Boxing_Championships,5.0
iba_mens_world_boxing_championships_2021_men_heavyweight,world_boxing_athlete_Julio_César_La_Cruz_CUB,1,gold,discipline=Boxing;event=IBA Men's World Boxing Championships Men Heavyweight;event_label=Heavyweight;source_text=Julio César La Cruz Cuba;entry_country=CUB;source_url=https://en.wikipedia.org/wiki/2021_AIBA_World_Boxing_Championships,10.0
iba_mens_world_boxing_championships_2021_men_heavyweight,world_boxing_athlete_Aziz_Abbes_Mouhiidine_ITA,2,silver,discipline=Boxing;event=IBA Men's World Boxing Championships Men Heavyweight;event_label=Heavyweight;source_text=Aziz Abbes Mouhiidine Italy;entry_country=ITA;source_url=https://en.wikipedia.org/wiki/2021_AIBA_World_Boxing_Championships,7.0
iba_mens_world_boxing_championships_2021_men_heavyweight,world_boxing_athlete_Enmanuel_Reyes_ESP,3,bronze,discipline=Boxing;event=IBA Men's World Boxing Championships Men Heavyweight;event_label=Heavyweight;source_text=Enmanuel Reyes Spain;entry_country=ESP;source_url=https://en.wikipedia.org/wiki/2021_AIBA_World_Boxing_Championships,5.0
iba_mens_world_boxing_championships_2021_men_heavyweight,world_boxing_athlete_Madiyar_Saydrakhimov_UZB,3,bronze,discipline=Boxing;event=IBA Men's World Boxing Championships Men Heavyweight;event_label=Heavyweight;source_text=Madiyar Saydrakhimov Uzbekistan;entry_country=UZB;source_url=https://en.wikipedia.org/wiki/2021_AIBA_World_Boxing_Championships,5.0
iba_mens_world_boxing_championships_2021_men_light-heavyweight,world_boxing_athlete_Robby_Gonzales_USA,1,gold,discipline=Boxing;event=IBA Men's World Boxing Championships Men Light heavyweight;event_label=Light heavyweight;source_text=Robby Gonzales United States;entry_country=USA;source_url=https://en.wikipedia.org/wiki/2021_AIBA_World_Boxing_Championships,10.0
iba_mens_world_boxing_championships_2021_men_light-heavyweight,world_boxing_athlete_Aliaksei_Alfiorau_BLR,2,silver,discipline=Boxing;event=IBA Men's World Boxing Championships Men Light heavyweight;event_label=Light heavyweight;source_text=Aliaksei Alfiorau Belarus;entry_country=BLR;source_url=https://en.wikipedia.org/wiki/2021_AIBA_World_Boxing_Championships,7.0
iba_mens_world_boxing_championships_2021_men_light-heavyweight,world_boxing_athlete_Savelii_Sadoma_RUS,3,bronze,discipline=Boxing;event=IBA Men's World Boxing Championships Men Light heavyweight;event_label=Light heavyweight;source_text=Savelii Sadoma Russian Boxing Federation;entry_country=RUS;source_url=https://en.wikipedia.org/wiki/2021_AIBA_World_Boxing_Championships,5.0
iba_mens_world_boxing_championships_2021_men_light-heavyweight,world_boxing_athlete_Vladimir_Mironchikov_SRB,3,bronze,discipline=Boxing;event=IBA Men's World Boxing Championships Men Light heavyweight;event_label=Light heavyweight;source_text=Vladimir Mironchikov Serbia;entry_country=SRB;source_url=https://en.wikipedia.org/wiki/2021_AIBA_World_Boxing_Championships,5.0
iba_mens_world_boxing_championships_2021_men_light-middleweight,world_boxing_athlete_Yurii_Zakharieiev_UKR,1,gold,discipline=Boxing;event=IBA Men's World Boxing Championships Men Light middleweight;event_label=Light middleweight;source_text=Yurii Zakharieiev Ukraine;entry_country=UKR;source_url=https://en.wikipedia.org/wiki/2021_AIBA_World_Boxing_Championships,10.0
iba_mens_world_boxing_championships_2021_men_light-middleweight,world_boxing_athlete_Vadim_Musaev_RUS,2,silver,discipline=Boxing;event=IBA Men's World Boxing Championships Men Light middleweight;event_label=Light middleweight;source_text=Vadim Musaev Russian Boxing Federation;entry_country=RUS;source_url=https://en.wikipedia.org/wiki/2021_AIBA_World_Boxing_Championships,7.0
iba_mens_world_boxing_championships_2021_men_light-middleweight,world_boxing_athlete_Alban_Beqiri_ALB,3,bronze,discipline=Boxing;event=IBA Men's World Boxing Championships Men Light middleweight;event_label=Light middleweight;source_text=Alban Beqiri Albania;entry_country=ALB;source_url=https://en.wikipedia.org/wiki/2021_AIBA_World_Boxing_Championships,5.0
iba_mens_world_boxing_championships_2021_men_light-middleweight,world_boxing_athlete_Sarkhan_Aliyev_AZE,3,bronze,discipline=Boxing;event=IBA Men's World Boxing Championships Men Light middleweight;event_label=Light middleweight;source_text=Sarkhan Aliyev Azerbaijan;entry_country=AZE;source_url=https://en.wikipedia.org/wiki/2021_AIBA_World_Boxing_Championships,5.0
iba_mens_world_boxing_championships_2021_men_light-welterweight,world_boxing_athlete_Andy_Cruz_CUB,1,gold,discipline=Boxing;event=IBA Men's World Boxing Championships Men Light welterweight;event_label=Light welterweight;source_text=Andy Cruz Cuba;entry_country=CUB;source_url=https://en.wikipedia.org/wiki/2021_AIBA_World_Boxing_Championships,10.0
iba_mens_world_boxing_championships_2021_men_light-welterweight,world_boxing_athlete_Kerem_Özmen_TUR,2,silver,discipline=Boxing;event=IBA Men's World Boxing Championships Men Light welterweight;event_label=Light welterweight;source_text=Kerem Özmen Turkey;entry_country=TUR;source_url=https://en.wikipedia.org/wiki/2021_AIBA_World_Boxing_Championships,7.0
iba_mens_world_boxing_championships_2021_men_light-welterweight,world_boxing_athlete_Hovhannes_Bachkov_ARM,3,bronze,discipline=Boxing;event=IBA Men's World Boxing Championships Men Light welterweight;event_label=Light welterweight;source_text=Hovhannes Bachkov Armenia;entry_country=ARM;source_url=https://en.wikipedia.org/wiki/2021_AIBA_World_Boxing_Championships,5.0
iba_mens_world_boxing_championships_2021_men_light-welterweight,world_boxing_athlete_Reese_Lynch_SCO,3,bronze,discipline=Boxing;event=IBA Men's World Boxing Championships Men Light welterweight;event_label=Light welterweight;source_text=Reese Lynch Scotland;entry_country=SCO;source_url=https://en.wikipedia.org/wiki/2021_AIBA_World_Boxing_Championships,5.0
iba_mens_world_boxing_championships_2021_men_lightweight,world_boxing_athlete_Sofiane_Oumiha_FRA,1,gold,discipline=Boxing;event=IBA Men's World Boxing Championships Men Lightweight;event_label=Lightweight;source_text=Sofiane Oumiha France;entry_country=FRA;source_url=https://en.wikipedia.org/wiki/2021_AIBA_World_Boxing_Championships,10.0
iba_mens_world_boxing_championships_2021_men_lightweight,world_boxing_athlete_Abdumalik_Khalokov_UZB,2,silver,discipline=Boxing;event=IBA Men's World Boxing Championships Men Lightweight;event_label=Lightweight;source_text=Abdumalik Khalokov Uzbekistan;entry_country=UZB;source_url=https://en.wikipedia.org/wiki/2021_AIBA_World_Boxing_Championships,7.0
iba_mens_world_boxing_championships_2021_men_lightweight,world_boxing_athlete_Alexy_de_la_Cruz_DOM,3,bronze,discipline=Boxing;event=IBA Men's World Boxing Championships Men Lightweight;event_label=Lightweight;source_text=Alexy de la Cruz Dominican Republic;entry_country=DOM;source_url=https://en.wikipedia.org/wiki/2021_AIBA_World_Boxing_Championships,5.0
iba_mens_world_boxing_championships_2021_men_lightweight,world_boxing_athlete_Danial_Shahbakhsh_IRI,3,bronze,discipline=Boxing;event=IBA Men's World Boxing Championships Men Lightweight;event_label=Lightweight;source_text=Danial Shahbakhsh Iran;entry_country=IRI;source_url=https://en.wikipedia.org/wiki/2021_AIBA_World_Boxing_Championships,5.0
iba_mens_world_boxing_championships_2021_men_middleweight,world_boxing_athlete_Yoenlis_Hernández_CUB,1,gold,discipline=Boxing;event=IBA Men's World Boxing Championships Men Middleweight;event_label=Middleweight;source_text=Yoenlis Hernández Cuba;entry_country=CUB;source_url=https://en.wikipedia.org/wiki/2021_AIBA_World_Boxing_Championships,10.0
iba_mens_world_boxing_championships_2021_men_middleweight,world_boxing_athlete_Dzhambulat_Bizhamov_RUS,2,silver,discipline=Boxing;event=IBA Men's World Boxing Championships Men Middleweight;event_label=Middleweight;source_text=Dzhambulat Bizhamov Russian Boxing Federation;entry_country=RUS;source_url=https://en.wikipedia.org/wiki/2021_AIBA_World_Boxing_Championships,7.0
iba_mens_world_boxing_championships_2021_men_middleweight,world_boxing_athlete_Salvatore_Cavallaro_ITA,3,bronze,discipline=Boxing;event=IBA Men's World Boxing Championships Men Middleweight;event_label=Middleweight;source_text=Salvatore Cavallaro Italy;entry_country=ITA;source_url=https://en.wikipedia.org/wiki/2021_AIBA_World_Boxing_Championships,5.0
iba_mens_world_boxing_championships_2021_men_middleweight,world_boxing_athlete_Weerapon_Jongjoho_TBF,3,bronze,discipline=Boxing;event=IBA Men's World Boxing Championships Men Middleweight;event_label=Middleweight;source_text=Weerapon Jongjoho Thailand Boxing Federation;entry_country=TBF;source_url=https://en.wikipedia.org/wiki/2021_AIBA_World_Boxing_Championships,5.0
iba_mens_world_boxing_championships_2021_men_minimumweight,world_boxing_athlete_Temirtas_Zhussupov_KAZ,1,gold,discipline=Boxing;event=IBA Men's World Boxing Championships Men Minimumweight;event_label=Minimumweight;source_text=Temirtas Zhussupov Kazakhstan;entry_country=KAZ;source_url=https://en.wikipedia.org/wiki/2021_AIBA_World_Boxing_Championships,10.0
iba_mens_world_boxing_championships_2021_men_minimumweight,world_boxing_athlete_Wuttichai_Yurachai_TBF,2,silver,discipline=Boxing;event=IBA Men's World Boxing Championships Men Minimumweight;event_label=Minimumweight;source_text=Wuttichai Yurachai Thailand Boxing Federation;entry_country=TBF;source_url=https://en.wikipedia.org/wiki/2021_AIBA_World_Boxing_Championships,7.0
iba_mens_world_boxing_championships_2021_men_minimumweight,world_boxing_athlete_Yauheni_Karmilchyk_BLR,3,bronze,discipline=Boxing;event=IBA Men's World Boxing Championships Men Minimumweight;event_label=Minimumweight;source_text=Yauheni Karmilchyk Belarus;entry_country=BLR;source_url=https://en.wikipedia.org/wiki/2021_AIBA_World_Boxing_Championships,5.0
iba_mens_world_boxing_championships_2021_men_minimumweight,world_boxing_athlete_Sakhil_Alakhverdovi_GEO,3,bronze,discipline=Boxing;event=IBA Men's World Boxing Championships Men Minimumweight;event_label=Minimumweight;source_text=Sakhil Alakhverdovi Georgia;entry_country=GEO;source_url=https://en.wikipedia.org/wiki/2021_AIBA_World_Boxing_Championships,5.0
iba_mens_world_boxing_championships_2021_men_super-heavyweight,world_boxing_athlete_Mark_Petrovskii_RUS,1,gold,discipline=Boxing;event=IBA Men's World Boxing Championships Men Super heavyweight;event_label=Super heavyweight;source_text=Mark Petrovskii Russian Boxing Federation;entry_country=RUS;source_url=https://en.wikipedia.org/wiki/2021_AIBA_World_Boxing_Championships,10.0
iba_mens_world_boxing_championships_2021_men_super-heavyweight,world_boxing_athlete_Davit_Chaloyan_ARM,2,silver,discipline=Boxing;event=IBA Men's World Boxing Championships Men Super heavyweight;event_label=Super heavyweight;source_text=Davit Chaloyan Armenia;entry_country=ARM;source_url=https://en.wikipedia.org/wiki/2021_AIBA_World_Boxing_Championships,7.0
iba_mens_world_boxing_championships_2021_men_super-heavyweight,world_boxing_athlete_Mahammad_Abdullayev_AZE,3,bronze,discipline=Boxing;event=IBA Men's World Boxing Championships Men Super heavyweight;event_label=Super heavyweight;source_text=Mahammad Abdullayev Azerbaijan;entry_country=AZE;source_url=https://en.wikipedia.org/wiki/2021_AIBA_World_Boxing_Championships,5.0
iba_mens_world_boxing_championships_2021_men_super-heavyweight,world_boxing_athlete_Nigel_Paul_TTO,3,bronze,discipline=Boxing;event=IBA Men's World Boxing Championships Men Super heavyweight;event_label=Super heavyweight;source_text=Nigel Paul Trinidad and Tobago;entry_country=TTO;source_url=https://en.wikipedia.org/wiki/2021_AIBA_World_Boxing_Championships,5.0
iba_mens_world_boxing_championships_2021_men_welterweight,world_boxing_athlete_Sewon_Okazawa_JPN,1,gold,discipline=Boxing;event=IBA Men's World Boxing Championships Men Welterweight;event_label=Welterweight;source_text=Sewon Okazawa Japan;entry_country=JPN;source_url=https://en.wikipedia.org/wiki/2021_AIBA_World_Boxing_Championships,10.0
iba_mens_world_boxing_championships_2021_men_welterweight,world_boxing_athlete_Omari_Jones_USA,2,silver,discipline=Boxing;event=IBA Men's World Boxing Championships Men Welterweight;event_label=Welterweight;source_text=Omari Jones United States;entry_country=USA;source_url=https://en.wikipedia.org/wiki/2021_AIBA_World_Boxing_Championships,7.0
iba_mens_world_boxing_championships_2021_men_welterweight,world_boxing_athlete_Lasha_Guruli_GEO,3,bronze,discipline=Boxing;event=IBA Men's World Boxing Championships Men Welterweight;event_label=Welterweight;source_text=Lasha Guruli Georgia;entry_country=GEO;source_url=https://en.wikipedia.org/wiki/2021_AIBA_World_Boxing_Championships,5.0
iba_mens_world_boxing_championships_2021_men_welterweight,world_boxing_athlete_Ablaikhan_Zhussupov_KAZ,3,bronze,discipline=Boxing;event=IBA Men's World Boxing Championships Men Welterweight;event_label=Welterweight;source_text=Ablaikhan Zhussupov Kazakhstan;entry_country=KAZ;source_url=https://en.wikipedia.org/wiki/2021_AIBA_World_Boxing_Championships,5.0
iba_mens_world_boxing_championships_2023_men_bantamweight,world_boxing_athlete_Makhmud_Sabyrkhan_KAZ,1,gold,discipline=Boxing;event=IBA Men's World Boxing Championships Men Bantamweight;event_label=Bantamweight;source_text=Makhmud Sabyrkhan Kazakhstan;entry_country=KAZ;source_url=https://en.wikipedia.org/wiki/2023_IBA_Men's_World_Boxing_Championships,10.0
iba_mens_world_boxing_championships_2023_men_bantamweight,world_boxing_athlete_Oybek_Juraev_UZB,2,silver,discipline=Boxing;event=IBA Men's World Boxing Championships Men Bantamweight;event_label=Bantamweight;source_text=Oybek Juraev Uzbekistan;entry_country=UZB;source_url=https://en.wikipedia.org/wiki/2023_IBA_Men's_World_Boxing_Championships,7.0
iba_mens_world_boxing_championships_2023_men_bantamweight,world_boxing_athlete_Yosvany_Veitia_CUB,3,bronze,discipline=Boxing;event=IBA Men's World Boxing Championships Men Bantamweight;event_label=Bantamweight;source_text=Yosvany Veitia Cuba;entry_country=CUB;source_url=https://en.wikipedia.org/wiki/2023_IBA_Men's_World_Boxing_Championships,5.0
iba_mens_world_boxing_championships_2023_men_bantamweight,world_boxing_athlete_Dmitry_Dvali_RUS,3,bronze,discipline=Boxing;event=IBA Men's World Boxing Championships Men Bantamweight;event_label=Bantamweight;source_text=Dmitry Dvali Russia;entry_country=RUS;source_url=https://en.wikipedia.org/wiki/2023_IBA_Men's_World_Boxing_Championships,5.0
iba_mens_world_boxing_championships_2023_men_cruiserweight,world_boxing_athlete_Sharabutdin_Ataev_RUS,1,gold,discipline=Boxing;event=IBA Men's World Boxing Championships Men Cruiserweight;event_label=Cruiserweight;source_text=Sharabutdin Ataev Russia;entry_country=RUS;source_url=https://en.wikipedia.org/wiki/2023_IBA_Men's_World_Boxing_Championships,10.0
iba_mens_world_boxing_championships_2023_men_cruiserweight,world_boxing_athlete_Loren_Alfonso_AZE,2,silver,discipline=Boxing;event=IBA Men's World Boxing Championships Men Cruiserweight;event_label=Cruiserweight;source_text=Loren Alfonso Azerbaijan;entry_country=AZE;source_url=https://en.wikipedia.org/wiki/2023_IBA_Men's_World_Boxing_Championships,7.0
iba_mens_world_boxing_championships_2023_men_cruiserweight,world_boxing_athlete_Georgii_Kushitashvili_GEO,3,bronze,discipline=Boxing;event=IBA Men's World Boxing Championships Men Cruiserweight;event_label=Cruiserweight;source_text=Georgii Kushitashvili Georgia;entry_country=GEO;source_url=https://en.wikipedia.org/wiki/2023_IBA_Men's_World_Boxing_Championships,5.0
iba_mens_world_boxing_championships_2023_men_cruiserweight,world_boxing_athlete_Rogelio_Romero_MEX,3,bronze,discipline=Boxing;event=IBA Men's World Boxing Championships Men Cruiserweight;event_label=Cruiserweight;source_text=Rogelio Romero Mexico;entry_country=MEX;source_url=https://en.wikipedia.org/wiki/2023_IBA_Men's_World_Boxing_Championships,5.0
iba_mens_world_boxing_championships_2023_men_featherweight,world_boxing_athlete_Abdumalik_Khalokov_UZB,1,gold,discipline=Boxing;event=IBA Men's World Boxing Championships Men Featherweight;event_label=Featherweight;source_text=Abdumalik Khalokov Uzbekistan;entry_country=UZB;source_url=https://en.wikipedia.org/wiki/2023_IBA_Men's_World_Boxing_Championships,10.0
iba_mens_world_boxing_championships_2023_men_featherweight,world_boxing_athlete_Saidel_Horta_CUB,2,silver,discipline=Boxing;event=IBA Men's World Boxing Championships Men Featherweight;event_label=Featherweight;source_text=Saidel Horta Cuba;entry_country=CUB;source_url=https://en.wikipedia.org/wiki/2023_IBA_Men's_World_Boxing_Championships,7.0
iba_mens_world_boxing_championships_2023_men_featherweight,world_boxing_athlete_Mohammad_Hussamuddin_IND,3,bronze,discipline=Boxing;event=IBA Men's World Boxing Championships Men Featherweight;event_label=Featherweight;source_text=Mohammad Hussamuddin India;entry_country=IND;source_url=https://en.wikipedia.org/wiki/2023_IBA_Men's_World_Boxing_Championships,5.0
iba_mens_world_boxing_championships_2023_men_featherweight,world_boxing_athlete_Munarbek_Seitbek_Uulu_KGZ,3,bronze,discipline=Boxing;event=IBA Men's World Boxing Championships Men Featherweight;event_label=Featherweight;source_text=Munarbek Seitbek Uulu Kyrgyzstan;entry_country=KGZ;source_url=https://en.wikipedia.org/wiki/2023_IBA_Men's_World_Boxing_Championships,5.0
iba_mens_world_boxing_championships_2023_men_flyweight,world_boxing_athlete_Hasanboy_Dusmatov_UZB,1,gold,discipline=Boxing;event=IBA Men's World Boxing Championships Men Flyweight;event_label=Flyweight;source_text=Hasanboy Dusmatov Uzbekistan;entry_country=UZB;source_url=https://en.wikipedia.org/wiki/2023_IBA_Men's_World_Boxing_Championships,10.0
iba_mens_world_boxing_championships_2023_men_flyweight,world_boxing_athlete_Billal_Bennama_FRA,2,silver,discipline=Boxing;event=IBA Men's World Boxing Championships Men Flyweight;event_label=Flyweight;source_text=Billal Bennama France;entry_country=FRA;source_url=https://en.wikipedia.org/wiki/2023_IBA_Men's_World_Boxing_Championships,7.0
iba_mens_world_boxing_championships_2023_men_flyweight,world_boxing_athlete_Martín_Molina_ESP,3,bronze,discipline=Boxing;event=IBA Men's World Boxing Championships Men Flyweight;event_label=Flyweight;source_text=Martín Molina Spain;entry_country=ESP;source_url=https://en.wikipedia.org/wiki/2023_IBA_Men's_World_Boxing_Championships,5.0
iba_mens_world_boxing_championships_2023_men_flyweight,world_boxing_athlete_Deepak_Bhoria_IND,3,bronze,discipline=Boxing;event=IBA Men's World Boxing Championships Men Flyweight;event_label=Flyweight;source_text=Deepak Bhoria India;entry_country=IND;source_url=https://en.wikipedia.org/wiki/2023_IBA_Men's_World_Boxing_Championships,5.0
iba_mens_world_boxing_championships_2023_men_heavyweight,world_boxing_athlete_Muslim_Gadzhimagomedov_RUS,1,gold,discipline=Boxing;event=IBA Men's World Boxing Championships Men Heavyweight;event_label=Heavyweight;source_text=Muslim Gadzhimagomedov Russia;entry_country=RUS;source_url=https://en.wikipedia.org/wiki/2023_IBA_Men's_World_Boxing_Championships,10.0
iba_mens_world_boxing_championships_2023_men_heavyweight,world_boxing_athlete_Aziz_Abbes_Mouhiidine_ITA,2,silver,discipline=Boxing;event=IBA Men's World Boxing Championships Men Heavyweight;event_label=Heavyweight;source_text=Aziz Abbes Mouhiidine Italy;entry_country=ITA;source_url=https://en.wikipedia.org/wiki/2023_IBA_Men's_World_Boxing_Championships,7.0
iba_mens_world_boxing_championships_2023_men_heavyweight,world_boxing_athlete_Narek_Manasyan_ARM,3,bronze,discipline=Boxing;event=IBA Men's World Boxing Championships Men Heavyweight;event_label=Heavyweight;source_text=Narek Manasyan Armenia;entry_country=ARM;source_url=https://en.wikipedia.org/wiki/2023_IBA_Men's_World_Boxing_Championships,5.0
iba_mens_world_boxing_championships_2023_men_heavyweight,world_boxing_athlete_Lazizbek_Mullojonov_UZB,3,bronze,discipline=Boxing;event=IBA Men's World Boxing Championships Men Heavyweight;event_label=Heavyweight;source_text=Lazizbek Mullojonov Uzbekistan;entry_country=UZB;source_url=https://en.wikipedia.org/wiki/2023_IBA_Men's_World_Boxing_Championships,5.0
iba_mens_world_boxing_championships_2023_men_light-heavyweight,world_boxing_athlete_Nurbek_Oralbay_KAZ,1,gold,discipline=Boxing;event=IBA Men's World Boxing Championships Men Light heavyweight;event_label=Light heavyweight;source_text=Nurbek Oralbay Kazakhstan;entry_country=KAZ;source_url=https://en.wikipedia.org/wiki/2023_IBA_Men's_World_Boxing_Championships,10.0
iba_mens_world_boxing_championships_2023_men_light-heavyweight,world_boxing_athlete_Tuohetaerbieke_Tanglatihan_CHN,2,silver,discipline=Boxing;event=IBA Men's World Boxing Championships Men Light heavyweight;event_label=Light heavyweight;source_text=Tuohetaerbieke Tanglatihan China;entry_country=CHN;source_url=https://en.wikipedia.org/wiki/2023_IBA_Men's_World_Boxing_Championships,7.0
iba_mens_world_boxing_championships_2023_men_light-heavyweight,world_boxing_athlete_Gazimagomed_Jalidov_ESP,3,bronze,discipline=Boxing;event=IBA Men's World Boxing Championships Men Light heavyweight;event_label=Light heavyweight;source_text=Gazimagomed Jalidov Spain;entry_country=ESP;source_url=https://en.wikipedia.org/wiki/2023_IBA_Men's_World_Boxing_Championships,5.0
iba_mens_world_boxing_championships_2023_men_light-heavyweight,world_boxing_athlete_Imam_Khataev_RUS,3,bronze,discipline=Boxing;event=IBA Men's World Boxing Championships Men Light heavyweight;event_label=Light heavyweight;source_text=Imam Khataev Russia;entry_country=RUS;source_url=https://en.wikipedia.org/wiki/2023_IBA_Men's_World_Boxing_Championships,5.0
iba_mens_world_boxing_championships_2023_men_light-middleweight,world_boxing_athlete_Aslanbek_Shymbergenov_KAZ,1,gold,discipline=Boxing;event=IBA Men's World Boxing Championships Men Light middleweight;event_label=Light middleweight;source_text=Aslanbek Shymbergenov Kazakhstan;entry_country=KAZ;source_url=https://en.wikipedia.org/wiki/2023_IBA_Men's_World_Boxing_Championships,10.0
iba_mens_world_boxing_championships_2023_men_light-middleweight,world_boxing_athlete_Saidjamshid_Jafarov_UZB,2,silver,discipline=Boxing;event=IBA Men's World Boxing Championships Men Light middleweight;event_label=Light middleweight;source_text=Saidjamshid Jafarov Uzbekistan;entry_country=UZB;source_url=https://en.wikipedia.org/wiki/2023_IBA_Men's_World_Boxing_Championships,7.0
iba_mens_world_boxing_championships_2023_men_light-middleweight,world_boxing_athlete_Wanderson_de_Oliveira_BRA,3,bronze,discipline=Boxing;event=IBA Men's World Boxing Championships Men Light middleweight;event_label=Light middleweight;source_text=Wanderson de Oliveira Brazil;entry_country=BRA;source_url=https://en.wikipedia.org/wiki/2023_IBA_Men's_World_Boxing_Championships,5.0
iba_mens_world_boxing_championships_2023_men_light-middleweight,world_boxing_athlete_Nishant_Dev_IND,3,bronze,discipline=Boxing;event=IBA Men's World Boxing Championships Men Light middleweight;event_label=Light middleweight;source_text=Nishant Dev India;entry_country=IND;source_url=https://en.wikipedia.org/wiki/2023_IBA_Men's_World_Boxing_Championships,5.0
iba_mens_world_boxing_championships_2023_men_light-welterweight,world_boxing_athlete_Ruslan_Abdullaev_UZB,1,gold,discipline=Boxing;event=IBA Men's World Boxing Championships Men Light welterweight;event_label=Light welterweight;source_text=Ruslan Abdullaev Uzbekistan;entry_country=UZB;source_url=https://en.wikipedia.org/wiki/2023_IBA_Men's_World_Boxing_Championships,10.0
iba_mens_world_boxing_championships_2023_men_light-welterweight,world_boxing_athlete_Baatarsükhiin_Chinzorig_MNG,2,silver,discipline=Boxing;event=IBA Men's World Boxing Championships Men Light welterweight;event_label=Light welterweight;source_text=Baatarsükhiin Chinzorig Mongolia;entry_country=MNG;source_url=https://en.wikipedia.org/wiki/2023_IBA_Men's_World_Boxing_Championships,7.0
iba_mens_world_boxing_championships_2023_men_light-welterweight,world_boxing_athlete_Hovhannes_Bachkov_ARM,3,bronze,discipline=Boxing;event=IBA Men's World Boxing Championships Men Light welterweight;event_label=Light welterweight;source_text=Hovhannes Bachkov Armenia;entry_country=ARM;source_url=https://en.wikipedia.org/wiki/2023_IBA_Men's_World_Boxing_Championships,5.0
iba_mens_world_boxing_championships_2023_men_light-welterweight,world_boxing_athlete_Bakhodur_Usmonov_TJK,3,bronze,discipline=Boxing;event=IBA Men's World Boxing Championships Men Light welterweight;event_label=Light welterweight;source_text=Bakhodur Usmonov Tajikistan;entry_country=TJK;source_url=https://en.wikipedia.org/wiki/2023_IBA_Men's_World_Boxing_Championships,5.0
iba_mens_world_boxing_championships_2023_men_lightweight,world_boxing_athlete_Sofiane_Oumiha_FRA,1,gold,discipline=Boxing;event=IBA Men's World Boxing Championships Men Lightweight;event_label=Lightweight;source_text=Sofiane Oumiha France;entry_country=FRA;source_url=https://en.wikipedia.org/wiki/2023_IBA_Men's_World_Boxing_Championships,10.0
iba_mens_world_boxing_championships_2023_men_lightweight,world_boxing_athlete_Erislandy_Álvarez_CUB,2,silver,discipline=Boxing;event=IBA Men's World Boxing Championships Men Lightweight;event_label=Lightweight;source_text=Erislandy Álvarez Cuba;entry_country=CUB;source_url=https://en.wikipedia.org/wiki/2023_IBA_Men's_World_Boxing_Championships,7.0
iba_mens_world_boxing_championships_2023_men_lightweight,world_boxing_athlete_Mohammad_Abu_Jajeh_JOR,3,bronze,discipline=Boxing;event=IBA Men's World Boxing Championships Men Lightweight;event_label=Lightweight;source_text=Mohammad Abu Jajeh Jordan;entry_country=JOR;source_url=https://en.wikipedia.org/wiki/2023_IBA_Men's_World_Boxing_Championships,5.0
iba_mens_world_boxing_championships_2023_men_lightweight,world_boxing_athlete_Vsevolod_Shumkov_RUS,3,bronze,discipline=Boxing;event=IBA Men's World Boxing Championships Men Lightweight;event_label=Lightweight;source_text=Vsevolod Shumkov Russia;entry_country=RUS;source_url=https://en.wikipedia.org/wiki/2023_IBA_Men's_World_Boxing_Championships,5.0
iba_mens_world_boxing_championships_2023_men_middleweight,world_boxing_athlete_Yoenlis_Hernández_CUB,1,gold,discipline=Boxing;event=IBA Men's World Boxing Championships Men Middleweight;event_label=Middleweight;source_text=Yoenlis Hernández Cuba;entry_country=CUB;source_url=https://en.wikipedia.org/wiki/2023_IBA_Men's_World_Boxing_Championships,10.0
iba_mens_world_boxing_championships_2023_men_middleweight,world_boxing_athlete_Wanderley_Pereira_BRA,2,silver,discipline=Boxing;event=IBA Men's World Boxing Championships Men Middleweight;event_label=Middleweight;source_text=Wanderley Pereira Brazil;entry_country=BRA;source_url=https://en.wikipedia.org/wiki/2023_IBA_Men's_World_Boxing_Championships,7.0
iba_mens_world_boxing_championships_2023_men_middleweight,world_boxing_athlete_Moreno_Fendero_FRA,3,bronze,discipline=Boxing;event=IBA Men's World Boxing Championships Men Middleweight;event_label=Middleweight;source_text=Moreno Fendero France;entry_country=FRA;source_url=https://en.wikipedia.org/wiki/2023_IBA_Men's_World_Boxing_Championships,5.0
iba_mens_world_boxing_championships_2023_men_middleweight,world_boxing_athlete_Alokhon_Abdullaev_UZB,3,bronze,discipline=Boxing;event=IBA Men's World Boxing Championships Men Middleweight;event_label=Middleweight;source_text=Alokhon Abdullaev Uzbekistan;entry_country=UZB;source_url=https://en.wikipedia.org/wiki/2023_IBA_Men's_World_Boxing_Championships,5.0
iba_mens_world_boxing_championships_2023_men_minimumweight,world_boxing_athlete_Sanzhar_Tashkenbay_KAZ,1,gold,discipline=Boxing;event=IBA Men's World Boxing Championships Men Minimumweight;event_label=Minimumweight;source_text=Sanzhar Tashkenbay Kazakhstan;entry_country=KAZ;source_url=https://en.wikipedia.org/wiki/2023_IBA_Men's_World_Boxing_Championships,10.0
iba_mens_world_boxing_championships_2023_men_minimumweight,world_boxing_athlete_Sakhil_Alakhverdovi_GEO,2,silver,discipline=Boxing;event=IBA Men's World Boxing Championships Men Minimumweight;event_label=Minimumweight;source_text=Sakhil Alakhverdovi Georgia;entry_country=GEO;source_url=https://en.wikipedia.org/wiki/2023_IBA_Men's_World_Boxing_Championships,7.0
iba_mens_world_boxing_championships_2023_men_minimumweight,world_boxing_athlete_Alejandro_Claro_CUB,3,bronze,discipline=Boxing;event=IBA Men's World Boxing Championships Men Minimumweight;event_label=Minimumweight;source_text=Alejandro Claro Cuba;entry_country=CUB;source_url=https://en.wikipedia.org/wiki/2023_IBA_Men's_World_Boxing_Championships,5.0
iba_mens_world_boxing_championships_2023_men_minimumweight,world_boxing_athlete_Edmond_Khudoyan_RUS,3,bronze,discipline=Boxing;event=IBA Men's World Boxing Championships Men Minimumweight;event_label=Minimumweight;source_text=Edmond Khudoyan Russia;entry_country=RUS;source_url=https://en.wikipedia.org/wiki/2023_IBA_Men's_World_Boxing_Championships,5.0
iba_mens_world_boxing_championships_2023_men_super-heavyweight,world_boxing_athlete_Bakhodir_Jalolov_UZB,1,gold,discipline=Boxing;event=IBA Men's World Boxing Championships Men Super heavyweight;event_label=Super heavyweight;source_text=Bakhodir Jalolov Uzbekistan;entry_country=UZB;source_url=https://en.wikipedia.org/wiki/2023_IBA_Men's_World_Boxing_Championships,10.0
iba_mens_world_boxing_championships_2023_men_super-heavyweight,world_boxing_athlete_Fernando_Arzola_CUB,2,silver,discipline=Boxing;event=IBA Men's World Boxing Championships Men Super heavyweight;event_label=Super heavyweight;source_text=Fernando Arzola Cuba;entry_country=CUB;source_url=https://en.wikipedia.org/wiki/2023_IBA_Men's_World_Boxing_Championships,7.0
iba_mens_world_boxing_championships_2023_men_super-heavyweight,world_boxing_athlete_Mahammad_Abdullayev_AZE,3,bronze,discipline=Boxing;event=IBA Men's World Boxing Championships Men Super heavyweight;event_label=Super heavyweight;source_text=Mahammad Abdullayev Azerbaijan;entry_country=AZE;source_url=https://en.wikipedia.org/wiki/2023_IBA_Men's_World_Boxing_Championships,5.0
iba_mens_world_boxing_championships_2023_men_super-heavyweight,world_boxing_athlete_Ayoub_Ghadfa_ESP,3,bronze,discipline=Boxing;event=IBA Men's World Boxing Championships Men Super heavyweight;event_label=Super heavyweight;source_text=Ayoub Ghadfa Spain;entry_country=ESP;source_url=https://en.wikipedia.org/wiki/2023_IBA_Men's_World_Boxing_Championships,5.0
iba_mens_world_boxing_championships_2023_men_welterweight,world_boxing_athlete_Asadkhuja_Muydinkhujaev_UZB,1,gold,discipline=Boxing;event=IBA Men's World Boxing Championships Men Welterweight;event_label=Welterweight;source_text=Asadkhuja Muydinkhujaev Uzbekistan;entry_country=UZB;source_url=https://en.wikipedia.org/wiki/2023_IBA_Men's_World_Boxing_Championships,10.0
iba_mens_world_boxing_championships_2023_men_welterweight,world_boxing_athlete_Dulat_Bekbauov_KAZ,2,silver,discipline=Boxing;event=IBA Men's World Boxing Championships Men Welterweight;event_label=Welterweight;source_text=Dulat Bekbauov Kazakhstan;entry_country=KAZ;source_url=https://en.wikipedia.org/wiki/2023_IBA_Men's_World_Boxing_Championships,7.0
iba_mens_world_boxing_championships_2023_men_welterweight,world_boxing_athlete_Lasha_Guruli_GEO,3,bronze,discipline=Boxing;event=IBA Men's World Boxing Championships Men Welterweight;event_label=Welterweight;source_text=Lasha Guruli Georgia;entry_country=GEO;source_url=https://en.wikipedia.org/wiki/2023_IBA_Men's_World_Boxing_Championships,5.0
iba_mens_world_boxing_championships_2023_men_welterweight,world_boxing_athlete_Battömöriin_Misheelt_MNG,3,bronze,discipline=Boxing;event=IBA Men's World Boxing Championships Men Welterweight;event_label=Welterweight;source_text=Battömöriin Misheelt Mongolia;entry_country=MNG;source_url=https://en.wikipedia.org/wiki/2023_IBA_Men's_World_Boxing_Championships,5.0
iba_mens_world_boxing_championships_2025_men_bantamweight,world_boxing_athlete_Saken_Bibossinov_KAZ,1,gold,discipline=Boxing;event=IBA Men's World Boxing Championships Men Bantamweight;event_label=Bantamweight;source_text=Saken Bibossinov Kazakhstan;entry_country=KAZ;source_url=https://en.wikipedia.org/wiki/2025_IBA_Men's_World_Boxing_Championships,10.0
iba_mens_world_boxing_championships_2025_men_bantamweight,world_boxing_athlete_Viacheslav_Rogozin_RUS,2,silver,discipline=Boxing;event=IBA Men's World Boxing Championships Men Bantamweight;event_label=Bantamweight;source_text=Viacheslav Rogozin Russia;entry_country=RUS;source_url=https://en.wikipedia.org/wiki/2025_IBA_Men's_World_Boxing_Championships,7.0
iba_mens_world_boxing_championships_2025_men_bantamweight,world_boxing_athlete_Chandra_Bahadur_Thapa_NPL,3,bronze,discipline=Boxing;event=IBA Men's World Boxing Championships Men Bantamweight;event_label=Bantamweight;source_text=Chandra Bahadur Thapa Nepal;entry_country=NPL;source_url=https://en.wikipedia.org/wiki/2025_IBA_Men's_World_Boxing_Championships,5.0
iba_mens_world_boxing_championships_2025_men_bantamweight,world_boxing_athlete_Asilbek_Jalilov_UZB,3,bronze,discipline=Boxing;event=IBA Men's World Boxing Championships Men Bantamweight;event_label=Bantamweight;source_text=Asilbek Jalilov Uzbekistan;entry_country=UZB;source_url=https://en.wikipedia.org/wiki/2025_IBA_Men's_World_Boxing_Championships,5.0
iba_mens_world_boxing_championships_2025_men_cruiserweight,world_boxing_athlete_Sharabutdin_Ataev_RUS,1,gold,discipline=Boxing;event=IBA Men's World Boxing Championships Men Cruiserweight;event_label=Cruiserweight;source_text=Sharabutdin Ataev Russia;entry_country=RUS;source_url=https://en.wikipedia.org/wiki/2025_IBA_Men's_World_Boxing_Championships,10.0
iba_mens_world_boxing_championships_2025_men_cruiserweight,world_boxing_athlete_Aliaksei_Alfiorau_BLR,2,silver,discipline=Boxing;event=IBA Men's World Boxing Championships Men Cruiserweight;event_label=Cruiserweight;source_text=Aliaksei Alfiorau Belarus;entry_country=BLR;source_url=https://en.wikipedia.org/wiki/2025_IBA_Men's_World_Boxing_Championships,7.0
iba_mens_world_boxing_championships_2025_men_cruiserweight,world_boxing_athlete_Rafayel_Hovhannisyan_ARM,3,bronze,discipline=Boxing;event=IBA Men's World Boxing Championships Men Cruiserweight;event_label=Cruiserweight;source_text=Rafayel Hovhannisyan Armenia;entry_country=ARM;source_url=https://en.wikipedia.org/wiki/2025_IBA_Men's_World_Boxing_Championships,5.0
iba_mens_world_boxing_championships_2025_men_cruiserweight,world_boxing_athlete_Georgii_Kushitashvili_GEO,3,bronze,discipline=Boxing;event=IBA Men's World Boxing Championships Men Cruiserweight;event_label=Cruiserweight;source_text=Georgii Kushitashvili Georgia;entry_country=GEO;source_url=https://en.wikipedia.org/wiki/2025_IBA_Men's_World_Boxing_Championships,5.0
iba_mens_world_boxing_championships_2025_men_featherweight,world_boxing_athlete_Orazbek_Assylkulov_KAZ,1,gold,discipline=Boxing;event=IBA Men's World Boxing Championships Men Featherweight;event_label=Featherweight;source_text=Orazbek Assylkulov Kazakhstan;entry_country=KAZ;source_url=https://en.wikipedia.org/wiki/2025_IBA_Men's_World_Boxing_Championships,10.0
iba_mens_world_boxing_championships_2025_men_featherweight,world_boxing_athlete_Khusravkhon_Rakhimov_TJK,2,silver,discipline=Boxing;event=IBA Men's World Boxing Championships Men Featherweight;event_label=Featherweight;source_text=Khusravkhon Rakhimov Tajikistan;entry_country=TJK;source_url=https://en.wikipedia.org/wiki/2025_IBA_Men's_World_Boxing_Championships,7.0
iba_mens_world_boxing_championships_2025_men_featherweight,world_boxing_athlete_Andrei_Peglivanian_RUS,3,bronze,discipline=Boxing;event=IBA Men's World Boxing Championships Men Featherweight;event_label=Featherweight;source_text=Andrei Peglivanian Russia;entry_country=RUS;source_url=https://en.wikipedia.org/wiki/2025_IBA_Men's_World_Boxing_Championships,5.0
iba_mens_world_boxing_championships_2025_men_featherweight,world_boxing_athlete_Khujanazar_Nortojiev_UZB,3,bronze,discipline=Boxing;event=IBA Men's World Boxing Championships Men Featherweight;event_label=Featherweight;source_text=Khujanazar Nortojiev Uzbekistan;entry_country=UZB;source_url=https://en.wikipedia.org/wiki/2025_IBA_Men's_World_Boxing_Championships,5.0
iba_mens_world_boxing_championships_2025_men_flyweight,world_boxing_athlete_Hasanboy_Dusmatov_UZB,1,gold,discipline=Boxing;event=IBA Men's World Boxing Championships Men Flyweight;event_label=Flyweight;source_text=Hasanboy Dusmatov Uzbekistan;entry_country=UZB;source_url=https://en.wikipedia.org/wiki/2025_IBA_Men's_World_Boxing_Championships,10.0
iba_mens_world_boxing_championships_2025_men_flyweight,world_boxing_athlete_Bair_Batlaev_RUS,2,silver,discipline=Boxing;event=IBA Men's World Boxing Championships Men Flyweight;event_label=Flyweight;source_text=Bair Batlaev Russia;entry_country=RUS;source_url=https://en.wikipedia.org/wiki/2025_IBA_Men's_World_Boxing_Championships,7.0
iba_mens_world_boxing_championships_2025_men_flyweight,world_boxing_athlete_Rudolf_Garboyan_ARM,3,bronze,discipline=Boxing;event=IBA Men's World Boxing Championships Men Flyweight;event_label=Flyweight;source_text=Rudolf Garboyan Armenia;entry_country=ARM;source_url=https://en.wikipedia.org/wiki/2025_IBA_Men's_World_Boxing_Championships,5.0
iba_mens_world_boxing_championships_2025_men_flyweight,world_boxing_athlete_Patrick_Chinyemba_ZMB,3,bronze,discipline=Boxing;event=IBA Men's World Boxing Championships Men Flyweight;event_label=Flyweight;source_text=Patrick Chinyemba Zambia;entry_country=ZMB;source_url=https://en.wikipedia.org/wiki/2025_IBA_Men's_World_Boxing_Championships,5.0
iba_mens_world_boxing_championships_2025_men_heavyweight,world_boxing_athlete_Muslim_Gadzhimagomedov_RUS,1,gold,discipline=Boxing;event=IBA Men's World Boxing Championships Men Heavyweight;event_label=Heavyweight;source_text=Muslim Gadzhimagomedov Russia;entry_country=RUS;source_url=https://en.wikipedia.org/wiki/2025_IBA_Men's_World_Boxing_Championships,10.0
iba_mens_world_boxing_championships_2025_men_heavyweight,world_boxing_athlete_Turabek_Khabibullaev_UZB,2,silver,discipline=Boxing;event=IBA Men's World Boxing Championships Men Heavyweight;event_label=Heavyweight;source_text=Turabek Khabibullaev Uzbekistan;entry_country=UZB;source_url=https://en.wikipedia.org/wiki/2025_IBA_Men's_World_Boxing_Championships,7.0
iba_mens_world_boxing_championships_2025_men_heavyweight,world_boxing_athlete_Loren_Alfonso_AZE,3,bronze,discipline=Boxing;event=IBA Men's World Boxing Championships Men Heavyweight;event_label=Heavyweight;source_text=Loren Alfonso Azerbaijan;entry_country=AZE;source_url=https://en.wikipedia.org/wiki/2025_IBA_Men's_World_Boxing_Championships,5.0
iba_mens_world_boxing_championships_2025_men_heavyweight,world_boxing_athlete_Enmanuel_Reyes_ESP,3,bronze,discipline=Boxing;event=IBA Men's World Boxing Championships Men Heavyweight;event_label=Heavyweight;source_text=Enmanuel Reyes Spain;entry_country=ESP;source_url=https://en.wikipedia.org/wiki/2025_IBA_Men's_World_Boxing_Championships,5.0
iba_mens_world_boxing_championships_2025_men_light-heavyweight,world_boxing_athlete_Dzhambulat_Bizhamov_RUS,1,gold,discipline=Boxing;event=IBA Men's World Boxing Championships Men Light heavyweight;event_label=Light heavyweight;source_text=Dzhambulat Bizhamov Russia;entry_country=RUS;source_url=https://en.wikipedia.org/wiki/2025_IBA_Men's_World_Boxing_Championships,10.0
iba_mens_world_boxing_championships_2025_men_light-heavyweight,world_boxing_athlete_Javokhir_Ummataliev_UZB,2,silver,discipline=Boxing;event=IBA Men's World Boxing Championships Men Light heavyweight;event_label=Light heavyweight;source_text=Javokhir Ummataliev Uzbekistan;entry_country=UZB;source_url=https://en.wikipedia.org/wiki/2025_IBA_Men's_World_Boxing_Championships,7.0
iba_mens_world_boxing_championships_2025_men_light-heavyweight,world_boxing_athlete_Arlen_López_CUB,3,bronze,discipline=Boxing;event=IBA Men's World Boxing Championships Men Light heavyweight;event_label=Light heavyweight;source_text=Arlen López Cuba;entry_country=CUB;source_url=https://en.wikipedia.org/wiki/2025_IBA_Men's_World_Boxing_Championships,5.0
iba_mens_world_boxing_championships_2025_men_light-heavyweight,world_boxing_athlete_Gazimagomed_Jalidov_ESP,3,bronze,discipline=Boxing;event=IBA Men's World Boxing Championships Men Light heavyweight;event_label=Light heavyweight;source_text=Gazimagomed Jalidov Spain;entry_country=ESP;source_url=https://en.wikipedia.org/wiki/2025_IBA_Men's_World_Boxing_Championships,5.0
iba_mens_world_boxing_championships_2025_men_light-middleweight,world_boxing_athlete_Ablaikhan_Zhussupov_KAZ,1,gold,discipline=Boxing;event=IBA Men's World Boxing Championships Men Light middleweight;event_label=Light middleweight;source_text=Ablaikhan Zhussupov Kazakhstan;entry_country=KAZ;source_url=https://en.wikipedia.org/wiki/2025_IBA_Men's_World_Boxing_Championships,10.0
iba_mens_world_boxing_championships_2025_men_light-middleweight,world_boxing_athlete_Sergei_Koldenkov_RUS,2,silver,discipline=Boxing;event=IBA Men's World Boxing Championships Men Light middleweight;event_label=Light middleweight;source_text=Sergei Koldenkov Russia;entry_country=RUS;source_url=https://en.wikipedia.org/wiki/2025_IBA_Men's_World_Boxing_Championships,7.0
iba_mens_world_boxing_championships_2025_men_light-middleweight,world_boxing_athlete_Ikhtiar_Nishonov_KGZ,3,bronze,discipline=Boxing;event=IBA Men's World Boxing Championships Men Light middleweight;event_label=Light middleweight;source_text=Ikhtiar Nishonov Kyrgyzstan;entry_country=KGZ;source_url=https://en.wikipedia.org/wiki/2025_IBA_Men's_World_Boxing_Championships,5.0
iba_mens_world_boxing_championships_2025_men_light-middleweight,world_boxing_athlete_Baýramdurdy_Nurmuhammedow_TKM,3,bronze,discipline=Boxing;event=IBA Men's World Boxing Championships Men Light middleweight;event_label=Light middleweight;source_text=Baýramdurdy Nurmuhammedow Turkmenistan;entry_country=TKM;source_url=https://en.wikipedia.org/wiki/2025_IBA_Men's_World_Boxing_Championships,5.0
iba_mens_world_boxing_championships_2025_men_light-welterweight,world_boxing_athlete_Ilya_Popov_RUS,1,gold,discipline=Boxing;event=IBA Men's World Boxing Championships Men Light welterweight;event_label=Light welterweight;source_text=Ilya Popov Russia;entry_country=RUS;source_url=https://en.wikipedia.org/wiki/2025_IBA_Men's_World_Boxing_Championships,10.0
iba_mens_world_boxing_championships_2025_men_light-welterweight,world_boxing_athlete_Omar_Livaza_KGZ,2,silver,discipline=Boxing;event=IBA Men's World Boxing Championships Men Light welterweight;event_label=Light welterweight;source_text=Omar Livaza Kyrgyzstan;entry_country=KGZ;source_url=https://en.wikipedia.org/wiki/2025_IBA_Men's_World_Boxing_Championships,7.0
iba_mens_world_boxing_championships_2025_men_light-welterweight,world_boxing_athlete_Yertugan_Zeinulinov_KAZ,3,bronze,discipline=Boxing;event=IBA Men's World Boxing Championships Men Light welterweight;event_label=Light welterweight;source_text=Yertugan Zeinulinov Kazakhstan;entry_country=KAZ;source_url=https://en.wikipedia.org/wiki/2025_IBA_Men's_World_Boxing_Championships,5.0
iba_mens_world_boxing_championships_2025_men_light-welterweight,world_boxing_athlete_Emmanuel_Katema_ZMB,3,bronze,discipline=Boxing;event=IBA Men's World Boxing Championships Men Light welterweight;event_label=Light welterweight;source_text=Emmanuel Katema Zambia;entry_country=ZMB;source_url=https://en.wikipedia.org/wiki/2025_IBA_Men's_World_Boxing_Championships,5.0
iba_mens_world_boxing_championships_2025_men_lightweight,world_boxing_athlete_Vsevolod_Shumkov_RUS,1,gold,discipline=Boxing;event=IBA Men's World Boxing Championships Men Lightweight;event_label=Lightweight;source_text=Vsevolod Shumkov Russia;entry_country=RUS;source_url=https://en.wikipedia.org/wiki/2025_IBA_Men's_World_Boxing_Championships,10.0
iba_mens_world_boxing_championships_2025_men_lightweight,world_boxing_athlete_Abdumalik_Khalokov_UZB,2,silver,discipline=Boxing;event=IBA Men's World Boxing Championships Men Lightweight;event_label=Lightweight;source_text=Abdumalik Khalokov Uzbekistan;entry_country=UZB;source_url=https://en.wikipedia.org/wiki/2025_IBA_Men's_World_Boxing_Championships,7.0
iba_mens_world_boxing_championships_2025_men_lightweight,world_boxing_athlete_Artur_Bazeyan_ARM,3,bronze,discipline=Boxing;event=IBA Men's World Boxing Championships Men Lightweight;event_label=Lightweight;source_text=Artur Bazeyan Armenia;entry_country=ARM;source_url=https://en.wikipedia.org/wiki/2025_IBA_Men's_World_Boxing_Championships,5.0
iba_mens_world_boxing_championships_2025_men_lightweight,world_boxing_athlete_Akmal_Ubaidov_TJK,3,bronze,discipline=Boxing;event=IBA Men's World Boxing Championships Men Lightweight;event_label=Lightweight;source_text=Akmal Ubaidov Tajikistan;entry_country=TJK;source_url=https://en.wikipedia.org/wiki/2025_IBA_Men's_World_Boxing_Championships,5.0
iba_mens_world_boxing_championships_2025_men_middleweight,world_boxing_athlete_Ismail_Mutsolgov_RUS,1,gold,discipline=Boxing;event=IBA Men's World Boxing Championships Men Middleweight;event_label=Middleweight;source_text=Ismail Mutsolgov Russia;entry_country=RUS;source_url=https://en.wikipedia.org/wiki/2025_IBA_Men's_World_Boxing_Championships,10.0
iba_mens_world_boxing_championships_2025_men_middleweight,world_boxing_athlete_Sabirzhan_Akkalykov_KAZ,2,silver,discipline=Boxing;event=IBA Men's World Boxing Championships Men Middleweight;event_label=Middleweight;source_text=Sabirzhan Akkalykov Kazakhstan;entry_country=KAZ;source_url=https://en.wikipedia.org/wiki/2025_IBA_Men's_World_Boxing_Championships,7.0
iba_mens_world_boxing_championships_2025_men_middleweight,world_boxing_athlete_Djibril_Traoré_MLI,3,bronze,discipline=Boxing;event=IBA Men's World Boxing Championships Men Middleweight;event_label=Middleweight;source_text=Djibril Traoré Mali;entry_country=MLI;source_url=https://en.wikipedia.org/wiki/2025_IBA_Men's_World_Boxing_Championships,5.0
iba_mens_world_boxing_championships_2025_men_middleweight,world_boxing_athlete_Fazliddin_Erkinboev_UZB,3,bronze,discipline=Boxing;event=IBA Men's World Boxing Championships Men Middleweight;event_label=Middleweight;source_text=Fazliddin Erkinboev Uzbekistan;entry_country=UZB;source_url=https://en.wikipedia.org/wiki/2025_IBA_Men's_World_Boxing_Championships,5.0
iba_mens_world_boxing_championships_2025_men_minimumweight,world_boxing_athlete_Subhan_Mamedov_AZE,1,gold,discipline=Boxing;event=IBA Men's World Boxing Championships Men Minimumweight;event_label=Minimumweight;source_text=Subhan Mamedov Azerbaijan;entry_country=AZE;source_url=https://en.wikipedia.org/wiki/2025_IBA_Men's_World_Boxing_Championships,10.0
iba_mens_world_boxing_championships_2025_men_minimumweight,world_boxing_athlete_Edmond_Khudoyan_RUS,2,silver,discipline=Boxing;event=IBA Men's World Boxing Championships Men Minimumweight;event_label=Minimumweight;source_text=Edmond Khudoyan Russia;entry_country=RUS;source_url=https://en.wikipedia.org/wiki/2025_IBA_Men's_World_Boxing_Championships,7.0
iba_mens_world_boxing_championships_2025_men_minimumweight,world_boxing_athlete_Sakhil_Alakhverdovi_GEO,3,bronze,discipline=Boxing;event=IBA Men's World Boxing Championships Men Minimumweight;event_label=Minimumweight;source_text=Sakhil Alakhverdovi Georgia;entry_country=GEO;source_url=https://en.wikipedia.org/wiki/2025_IBA_Men's_World_Boxing_Championships,5.0
iba_mens_world_boxing_championships_2025_men_minimumweight,world_boxing_athlete_Temirtas_Zhussupov_KAZ,3,bronze,discipline=Boxing;event=IBA Men's World Boxing Championships Men Minimumweight;event_label=Minimumweight;source_text=Temirtas Zhussupov Kazakhstan;entry_country=KAZ;source_url=https://en.wikipedia.org/wiki/2025_IBA_Men's_World_Boxing_Championships,5.0
iba_mens_world_boxing_championships_2025_men_super-heavyweight,world_boxing_athlete_David_Surov_RUS,1,gold,discipline=Boxing;event=IBA Men's World Boxing Championships Men Super heavyweight;event_label=Super heavyweight;source_text=David Surov Russia;entry_country=RUS;source_url=https://en.wikipedia.org/wiki/2025_IBA_Men's_World_Boxing_Championships,10.0
iba_mens_world_boxing_championships_2025_men_super-heavyweight,world_boxing_athlete_Arman_Makhanov_UZB,2,silver,discipline=Boxing;event=IBA Men's World Boxing Championships Men Super heavyweight;event_label=Super heavyweight;source_text=Arman Makhanov Uzbekistan;entry_country=UZB;source_url=https://en.wikipedia.org/wiki/2025_IBA_Men's_World_Boxing_Championships,7.0
iba_mens_world_boxing_championships_2025_men_super-heavyweight,world_boxing_athlete_Davit_Chaloyan_ARM,3,bronze,discipline=Boxing;event=IBA Men's World Boxing Championships Men Super heavyweight;event_label=Super heavyweight;source_text=Davit Chaloyan Armenia;entry_country=ARM;source_url=https://en.wikipedia.org/wiki/2025_IBA_Men's_World_Boxing_Championships,5.0
iba_mens_world_boxing_championships_2025_men_super-heavyweight,world_boxing_athlete_Mahammad_Abdullayev_AZE,3,bronze,discipline=Boxing;event=IBA Men's World Boxing Championships Men Super heavyweight;event_label=Super heavyweight;source_text=Mahammad Abdullayev Azerbaijan;entry_country=AZE;source_url=https://en.wikipedia.org/wiki/2025_IBA_Men's_World_Boxing_Championships,5.0
iba_mens_world_boxing_championships_2025_men_welterweight,world_boxing_athlete_Asadkhuja_Muydinkhujaev_UZB,1,gold,discipline=Boxing;event=IBA Men's World Boxing Championships Men Welterweight;event_label=Welterweight;source_text=Asadkhuja Muydinkhujaev Uzbekistan;entry_country=UZB;source_url=https://en.wikipedia.org/wiki/2025_IBA_Men's_World_Boxing_Championships,10.0
iba_mens_world_boxing_championships_2025_men_welterweight,world_boxing_athlete_Evgenii_Kool_RUS,2,silver,discipline=Boxing;event=IBA Men's World Boxing Championships Men Welterweight;event_label=Welterweight;source_text=Evgenii Kool Russia;entry_country=RUS;source_url=https://en.wikipedia.org/wiki/2025_IBA_Men's_World_Boxing_Championships,7.0
iba_mens_world_boxing_championships_2025_men_welterweight,world_boxing_athlete_Hovhannes_Bachkov_ARM,3,bronze,discipline=Boxing;event=IBA Men's World Boxing Championships Men Welterweight;event_label=Welterweight;source_text=Hovhannes Bachkov Armenia;entry_country=ARM;source_url=https://en.wikipedia.org/wiki/2025_IBA_Men's_World_Boxing_Championships,5.0
iba_mens_world_boxing_championships_2025_men_welterweight,world_boxing_athlete_Alexandru_Paraschiv_Moldova_MDA,3,bronze,discipline=Boxing;event=IBA Men's World Boxing Championships Men Welterweight;event_label=Welterweight;source_text=Alexandru Paraschiv Moldova;entry_country=MDA;source_url=https://en.wikipedia.org/wiki/2025_IBA_Men's_World_Boxing_Championships,5.0
iba_womens_world_boxing_championships_2008_women_bantamweight-54-kg,world_boxing_athlete_Karolina_Michalczuk_POL,1,gold,discipline=Boxing;event=IBA Women's World Boxing Championships Women Bantamweight (–54 kg);event_label=Bantamweight (–54 kg);source_text=Karolina Michalczuk Poland;entry_country=POL;source_url=https://en.wikipedia.org/wiki/2008_AIBA_Women's_World_Boxing_Championships,10.0
iba_womens_world_boxing_championships_2008_women_bantamweight-54-kg,world_boxing_athlete_Nicola_Adams_ENG,2,silver,discipline=Boxing;event=IBA Women's World Boxing Championships Women Bantamweight (–54 kg);event_label=Bantamweight (–54 kg);source_text=Nicola Adams England;entry_country=ENG;source_url=https://en.wikipedia.org/wiki/2008_AIBA_Women's_World_Boxing_Championships,7.0
iba_womens_world_boxing_championships_2008_women_bantamweight-54-kg,world_boxing_athlete_Zhang_Qin_CHN,3,bronze,discipline=Boxing;event=IBA Women's World Boxing Championships Women Bantamweight (–54 kg);event_label=Bantamweight (–54 kg);source_text=Zhang Qin China Cynthia Moreno United States;entry_country=CHN;source_url=https://en.wikipedia.org/wiki/2008_AIBA_Women's_World_Boxing_Championships,5.0
iba_womens_world_boxing_championships_2008_women_bantamweight-54-kg,world_boxing_athlete_Cynthia_Moreno_USA,3,bronze,discipline=Boxing;event=IBA Women's World Boxing Championships Women Bantamweight (–54 kg);event_label=Bantamweight (–54 kg);source_text=Zhang Qin China Cynthia Moreno United States;entry_country=USA;source_url=https://en.wikipedia.org/wiki/2008_AIBA_Women's_World_Boxing_Championships,5.0
iba_womens_world_boxing_championships_2008_women_featherweight-57-kg,world_boxing_athlete_Qin_Jian_CHN,1,gold,discipline=Boxing;event=IBA Women's World Boxing Championships Women Featherweight (–57 kg);event_label=Featherweight (–57 kg);source_text=Qin Jian China;entry_country=CHN;source_url=https://en.wikipedia.org/wiki/2008_AIBA_Women's_World_Boxing_Championships,10.0
iba_womens_world_boxing_championships_2008_women_featherweight-57-kg,world_boxing_athlete_Usha_Nagisetty_IND,2,silver,discipline=Boxing;event=IBA Women's World Boxing Championships Women Featherweight (–57 kg);event_label=Featherweight (–57 kg);source_text=Usha Nagisetty India;entry_country=IND;source_url=https://en.wikipedia.org/wiki/2008_AIBA_Women's_World_Boxing_Championships,7.0
iba_womens_world_boxing_championships_2008_women_featherweight-57-kg,world_boxing_athlete_Edina_Pezdány_HUN,3,bronze,discipline=Boxing;event=IBA Women's World Boxing Championships Women Featherweight (–57 kg);event_label=Featherweight (–57 kg);source_text=Sofya Ochigava Russia Edina Pezdány Hungary;entry_country=HUN;source_url=https://en.wikipedia.org/wiki/2008_AIBA_Women's_World_Boxing_Championships,5.0
iba_womens_world_boxing_championships_2008_women_featherweight-57-kg,world_boxing_athlete_Sofya_Ochigava_RUS,3,bronze,discipline=Boxing;event=IBA Women's World Boxing Championships Women Featherweight (–57 kg);event_label=Featherweight (–57 kg);source_text=Sofya Ochigava Russia Edina Pezdány Hungary;entry_country=RUS;source_url=https://en.wikipedia.org/wiki/2008_AIBA_Women's_World_Boxing_Championships,5.0
iba_womens_world_boxing_championships_2008_women_flyweight-50-kg,world_boxing_athlete_Kim_Hyang-ok_PRK,1,gold,discipline=Boxing;event=IBA Women's World Boxing Championships Women Flyweight (–50 kg);event_label=Flyweight (–50 kg);source_text=Kim Hyang-ok North Korea;entry_country=PRK;source_url=https://en.wikipedia.org/wiki/2008_AIBA_Women's_World_Boxing_Championships,10.0
iba_womens_world_boxing_championships_2008_women_flyweight-50-kg,world_boxing_athlete_Elena_Savelyeva_RUS,2,silver,discipline=Boxing;event=IBA Women's World Boxing Championships Women Flyweight (–50 kg);event_label=Flyweight (–50 kg);source_text=Elena Savelyeva Russia;entry_country=RUS;source_url=https://en.wikipedia.org/wiki/2008_AIBA_Women's_World_Boxing_Championships,7.0
iba_womens_world_boxing_championships_2008_women_flyweight-50-kg,world_boxing_athlete_Chhotu_Loura_IND,3,bronze,discipline=Boxing;event=IBA Women's World Boxing Championships Women Flyweight (–50 kg);event_label=Flyweight (–50 kg);source_text=Analisa Cruz Philippines Chhotu Loura India;entry_country=IND;source_url=https://en.wikipedia.org/wiki/2008_AIBA_Women's_World_Boxing_Championships,5.0
iba_womens_world_boxing_championships_2008_women_flyweight-50-kg,world_boxing_athlete_Analisa_Cruz_PHL,3,bronze,discipline=Boxing;event=IBA Women's World Boxing Championships Women Flyweight (–50 kg);event_label=Flyweight (–50 kg);source_text=Analisa Cruz Philippines Chhotu Loura India;entry_country=PHL;source_url=https://en.wikipedia.org/wiki/2008_AIBA_Women's_World_Boxing_Championships,5.0
iba_womens_world_boxing_championships_2008_women_heavyweight-86-kg,world_boxing_athlete_emsi_Yaral_TUR,1,gold,discipline=Boxing;event=IBA Women's World Boxing Championships Women Heavyweight (–86 kg);event_label=Heavyweight (–86 kg);source_text=Şemsi Yaralı Turkey;entry_country=TUR;source_url=https://en.wikipedia.org/wiki/2008_AIBA_Women's_World_Boxing_Championships,10.0
iba_womens_world_boxing_championships_2008_women_heavyweight-86-kg,world_boxing_athlete_Adriana_Hosu_ROU,2,silver,discipline=Boxing;event=IBA Women's World Boxing Championships Women Heavyweight (–86 kg);event_label=Heavyweight (–86 kg);source_text=Adriana Hosu Romania;entry_country=ROU;source_url=https://en.wikipedia.org/wiki/2008_AIBA_Women's_World_Boxing_Championships,7.0
iba_womens_world_boxing_championships_2008_women_heavyweight-86-kg,world_boxing_athlete_Zhang_Lina_CHN,3,bronze,discipline=Boxing;event=IBA Women's World Boxing Championships Women Heavyweight (–86 kg);event_label=Heavyweight (–86 kg);source_text=Tiffanie Hearn United States Zhang Lina China;entry_country=CHN;source_url=https://en.wikipedia.org/wiki/2008_AIBA_Women's_World_Boxing_Championships,5.0
iba_womens_world_boxing_championships_2008_women_heavyweight-86-kg,world_boxing_athlete_Tiffanie_Hearn_USA,3,bronze,discipline=Boxing;event=IBA Women's World Boxing Championships Women Heavyweight (–86 kg);event_label=Heavyweight (–86 kg);source_text=Tiffanie Hearn United States Zhang Lina China;entry_country=USA;source_url=https://en.wikipedia.org/wiki/2008_AIBA_Women's_World_Boxing_Championships,5.0
iba_womens_world_boxing_championships_2008_women_light-bantamweight-52-kg,world_boxing_athlete_Ren_Cancan_CHN,1,gold,discipline=Boxing;event=IBA Women's World Boxing Championships Women Light bantamweight (–52 kg);event_label=Light bantamweight (–52 kg);source_text=Ren Cancan China;entry_country=CHN;source_url=https://en.wikipedia.org/wiki/2008_AIBA_Women's_World_Boxing_Championships,10.0
iba_womens_world_boxing_championships_2008_women_light-bantamweight-52-kg,world_boxing_athlete_Annie_Albania_PHL,2,silver,discipline=Boxing;event=IBA Women's World Boxing Championships Women Light bantamweight (–52 kg);event_label=Light bantamweight (–52 kg);source_text=Annie Albania Philippines;entry_country=PHL;source_url=https://en.wikipedia.org/wiki/2008_AIBA_Women's_World_Boxing_Championships,7.0
iba_womens_world_boxing_championships_2008_women_light-bantamweight-52-kg,world_boxing_athlete_Sarita_Devi_IND,3,bronze,discipline=Boxing;event=IBA Women's World Boxing Championships Women Light bantamweight (–52 kg);event_label=Light bantamweight (–52 kg);source_text=Viktoria Rudenko Ukraine Sarita Devi India;entry_country=IND;source_url=https://en.wikipedia.org/wiki/2008_AIBA_Women's_World_Boxing_Championships,5.0
iba_womens_world_boxing_championships_2008_women_light-bantamweight-52-kg,world_boxing_athlete_Viktoria_Rudenko_UKR,3,bronze,discipline=Boxing;event=IBA Women's World Boxing Championships Women Light bantamweight (–52 kg);event_label=Light bantamweight (–52 kg);source_text=Viktoria Rudenko Ukraine Sarita Devi India;entry_country=UKR;source_url=https://en.wikipedia.org/wiki/2008_AIBA_Women's_World_Boxing_Championships,5.0
iba_womens_world_boxing_championships_2008_women_light-flyweight-48-kg,world_boxing_athlete_Sarah_Ourahmoune_FRA,1,gold,discipline=Boxing;event=IBA Women's World Boxing Championships Women Light flyweight (–48 kg);event_label=Light flyweight (–48 kg);source_text=Sarah Ourahmoune 1 France;entry_country=FRA;source_url=https://en.wikipedia.org/wiki/2008_AIBA_Women's_World_Boxing_Championships,10.0
iba_womens_world_boxing_championships_2008_women_light-flyweight-48-kg,world_boxing_athlete_Alexandra_Kuleshova_RUS,2,silver,discipline=Boxing;event=IBA Women's World Boxing Championships Women Light flyweight (–48 kg);event_label=Light flyweight (–48 kg);source_text=Alexandra Kuleshova Russia;entry_country=RUS;source_url=https://en.wikipedia.org/wiki/2008_AIBA_Women's_World_Boxing_Championships,7.0
iba_womens_world_boxing_championships_2008_women_light-flyweight-48-kg,world_boxing_athlete_Jenny_Haedingz_SWE,3,bronze,discipline=Boxing;event=IBA Women's World Boxing Championships Women Light flyweight (–48 kg);event_label=Light flyweight (–48 kg);source_text=Jenny Haedingz Sweden;entry_country=SWE;source_url=https://en.wikipedia.org/wiki/2008_AIBA_Women's_World_Boxing_Championships,5.0
iba_womens_world_boxing_championships_2008_women_light-heavyweight-80-kg,world_boxing_athlete_Tang_Jieli_CHN,1,gold,discipline=Boxing;event=IBA Women's World Boxing Championships Women Light heavyweight (–80 kg);event_label=Light heavyweight (–80 kg);source_text=Tang Jieli China;entry_country=CHN;source_url=https://en.wikipedia.org/wiki/2008_AIBA_Women's_World_Boxing_Championships,10.0
iba_womens_world_boxing_championships_2008_women_light-heavyweight-80-kg,world_boxing_athlete_Mioshia_Wagoner_USA,2,silver,discipline=Boxing;event=IBA Women's World Boxing Championships Women Light heavyweight (–80 kg);event_label=Light heavyweight (–80 kg);source_text=Mioshia Wagoner United States;entry_country=USA;source_url=https://en.wikipedia.org/wiki/2008_AIBA_Women's_World_Boxing_Championships,7.0
iba_womens_world_boxing_championships_2008_women_light-heavyweight-80-kg,world_boxing_athlete_Fetti_Paraschiva_ROU,3,bronze,discipline=Boxing;event=IBA Women's World Boxing Championships Women Light heavyweight (–80 kg);event_label=Light heavyweight (–80 kg);source_text=Selma Yağcı Turkey Fetti Paraschiva Romania;entry_country=ROU;source_url=https://en.wikipedia.org/wiki/2008_AIBA_Women's_World_Boxing_Championships,5.0
iba_womens_world_boxing_championships_2008_women_light-heavyweight-80-kg,world_boxing_athlete_Selma_Yac_TUR,3,bronze,discipline=Boxing;event=IBA Women's World Boxing Championships Women Light heavyweight (–80 kg);event_label=Light heavyweight (–80 kg);source_text=Selma Yağcı Turkey Fetti Paraschiva Romania;entry_country=TUR;source_url=https://en.wikipedia.org/wiki/2008_AIBA_Women's_World_Boxing_Championships,5.0
iba_womens_world_boxing_championships_2008_women_light-middleweight-70-kg,world_boxing_athlete_Ariane_Fortin_CAN,1,gold,discipline=Boxing;event=IBA Women's World Boxing Championships Women Light middleweight (–70 kg);event_label=Light middleweight (–70 kg);source_text=Ariane Fortin Canada;entry_country=CAN;source_url=https://en.wikipedia.org/wiki/2008_AIBA_Women's_World_Boxing_Championships,10.0
iba_womens_world_boxing_championships_2008_women_light-middleweight-70-kg,world_boxing_athlete_Yang_Tingting_CHN,2,silver,discipline=Boxing;event=IBA Women's World Boxing Championships Women Light middleweight (–70 kg);event_label=Light middleweight (–70 kg);source_text=Yang Tingting China;entry_country=CHN;source_url=https://en.wikipedia.org/wiki/2008_AIBA_Women's_World_Boxing_Championships,7.0
iba_womens_world_boxing_championships_2008_women_light-middleweight-70-kg,world_boxing_athlete_Yelena_Koltsova_KAZ,3,bronze,discipline=Boxing;event=IBA Women's World Boxing Championships Women Light middleweight (–70 kg);event_label=Light middleweight (–70 kg);source_text=Nurcan Çarkçı Turkey Yelena Koltsova Kazakhstan;entry_country=KAZ;source_url=https://en.wikipedia.org/wiki/2008_AIBA_Women's_World_Boxing_Championships,5.0
iba_womens_world_boxing_championships_2008_women_light-middleweight-70-kg,world_boxing_athlete_Nurcan_Çarkç_TUR,3,bronze,discipline=Boxing;event=IBA Women's World Boxing Championships Women Light middleweight (–70 kg);event_label=Light middleweight (–70 kg);source_text=Nurcan Çarkçı Turkey Yelena Koltsova Kazakhstan;entry_country=TUR;source_url=https://en.wikipedia.org/wiki/2008_AIBA_Women's_World_Boxing_Championships,5.0
iba_womens_world_boxing_championships_2008_women_light-welterweight-63-kg,world_boxing_athlete_Gülsüm_Tatar_TUR,1,gold,discipline=Boxing;event=IBA Women's World Boxing Championships Women Light welterweight (–63 kg);event_label=Light welterweight (–63 kg);source_text=Gülsüm Tatar Turkey;entry_country=TUR;source_url=https://en.wikipedia.org/wiki/2008_AIBA_Women's_World_Boxing_Championships,10.0
iba_womens_world_boxing_championships_2008_women_light-welterweight-63-kg,world_boxing_athlete_Liubov_Lopatina_RUS,2,silver,discipline=Boxing;event=IBA Women's World Boxing Championships Women Light welterweight (–63 kg);event_label=Light welterweight (–63 kg);source_text=Liubov Lopatina Russia;entry_country=RUS;source_url=https://en.wikipedia.org/wiki/2008_AIBA_Women's_World_Boxing_Championships,7.0
iba_womens_world_boxing_championships_2008_women_light-welterweight-63-kg,world_boxing_athlete_Ma_Jianxia_CHN,3,bronze,discipline=Boxing;event=IBA Women's World Boxing Championships Women Light welterweight (–63 kg);event_label=Light welterweight (–63 kg);source_text=Ma Jianxia China Klara Svensson Sweden;entry_country=CHN;source_url=https://en.wikipedia.org/wiki/2008_AIBA_Women's_World_Boxing_Championships,5.0
iba_womens_world_boxing_championships_2008_women_light-welterweight-63-kg,world_boxing_athlete_Klara_Svensson_SWE,3,bronze,discipline=Boxing;event=IBA Women's World Boxing Championships Women Light welterweight (–63 kg);event_label=Light welterweight (–63 kg);source_text=Ma Jianxia China Klara Svensson Sweden;entry_country=SWE;source_url=https://en.wikipedia.org/wiki/2008_AIBA_Women's_World_Boxing_Championships,5.0
iba_womens_world_boxing_championships_2008_women_lightweight-60-kg,world_boxing_athlete_Katie_Taylor_IRL,1,gold,discipline=Boxing;event=IBA Women's World Boxing Championships Women Lightweight (–60 kg);event_label=Lightweight (–60 kg);source_text=Katie Taylor Ireland;entry_country=IRL;source_url=https://en.wikipedia.org/wiki/2008_AIBA_Women's_World_Boxing_Championships,10.0
iba_womens_world_boxing_championships_2008_women_lightweight-60-kg,world_boxing_athlete_Dong_Cheng_CHN,2,silver,discipline=Boxing;event=IBA Women's World Boxing Championships Women Lightweight (–60 kg);event_label=Lightweight (–60 kg);source_text=Dong Cheng China;entry_country=CHN;source_url=https://en.wikipedia.org/wiki/2008_AIBA_Women's_World_Boxing_Championships,7.0
iba_womens_world_boxing_championships_2008_women_lightweight-60-kg,world_boxing_athlete_Cindy_Orain_FRA,3,bronze,discipline=Boxing;event=IBA Women's World Boxing Championships Women Lightweight (–60 kg);event_label=Lightweight (–60 kg);source_text=Ayzanat Gadzhieva Russia Cindy Orain France;entry_country=FRA;source_url=https://en.wikipedia.org/wiki/2008_AIBA_Women's_World_Boxing_Championships,5.0
iba_womens_world_boxing_championships_2008_women_lightweight-60-kg,world_boxing_athlete_Ayzanat_Gadzhieva_RUS,3,bronze,discipline=Boxing;event=IBA Women's World Boxing Championships Women Lightweight (–60 kg);event_label=Lightweight (–60 kg);source_text=Ayzanat Gadzhieva Russia Cindy Orain France;entry_country=RUS;source_url=https://en.wikipedia.org/wiki/2008_AIBA_Women's_World_Boxing_Championships,5.0
iba_womens_world_boxing_championships_2008_women_middleweight-75-kg,world_boxing_athlete_Li_Jinzi_CHN,1,gold,discipline=Boxing;event=IBA Women's World Boxing Championships Women Middleweight (–75 kg);event_label=Middleweight (–75 kg);source_text=Li Jinzi China;entry_country=CHN;source_url=https://en.wikipedia.org/wiki/2008_AIBA_Women's_World_Boxing_Championships,10.0
iba_womens_world_boxing_championships_2008_women_middleweight-75-kg,world_boxing_athlete_Anna_Laurell_SWE,2,silver,discipline=Boxing;event=IBA Women's World Boxing Championships Women Middleweight (–75 kg);event_label=Middleweight (–75 kg);source_text=Anna Laurell Sweden;entry_country=SWE;source_url=https://en.wikipedia.org/wiki/2008_AIBA_Women's_World_Boxing_Championships,7.0
iba_womens_world_boxing_championships_2008_women_middleweight-75-kg,world_boxing_athlete_Amber_Konikow_CAN,3,bronze,discipline=Boxing;event=IBA Women's World Boxing Championships Women Middleweight (–75 kg);event_label=Middleweight (–75 kg);source_text=Amber Konikow Canada Anita Ducza Hungary;entry_country=CAN;source_url=https://en.wikipedia.org/wiki/2008_AIBA_Women's_World_Boxing_Championships,5.0
iba_womens_world_boxing_championships_2008_women_middleweight-75-kg,world_boxing_athlete_Anita_Ducza_HUN,3,bronze,discipline=Boxing;event=IBA Women's World Boxing Championships Women Middleweight (–75 kg);event_label=Middleweight (–75 kg);source_text=Amber Konikow Canada Anita Ducza Hungary;entry_country=HUN;source_url=https://en.wikipedia.org/wiki/2008_AIBA_Women's_World_Boxing_Championships,5.0
iba_womens_world_boxing_championships_2008_women_pinweight-46-kg,world_boxing_athlete_Mary_Kom_IND,1,gold,discipline=Boxing;event=IBA Women's World Boxing Championships Women Pinweight (–46 kg);event_label=Pinweight (–46 kg);source_text=Mary Kom India;entry_country=IND;source_url=https://en.wikipedia.org/wiki/2008_AIBA_Women's_World_Boxing_Championships,10.0
iba_womens_world_boxing_championships_2008_women_pinweight-46-kg,world_boxing_athlete_Stelua_Du_ROU,2,silver,discipline=Boxing;event=IBA Women's World Boxing Championships Women Pinweight (–46 kg);event_label=Pinweight (–46 kg);source_text=Steluța Duță Romania;entry_country=ROU;source_url=https://en.wikipedia.org/wiki/2008_AIBA_Women's_World_Boxing_Championships,7.0
iba_womens_world_boxing_championships_2008_women_pinweight-46-kg,world_boxing_athlete_Josie_Gabuco_PHL,3,bronze,discipline=Boxing;event=IBA Women's World Boxing Championships Women Pinweight (–46 kg);event_label=Pinweight (–46 kg);source_text=Jong Ok North Korea Josie Gabuco Philippines;entry_country=PHL;source_url=https://en.wikipedia.org/wiki/2008_AIBA_Women's_World_Boxing_Championships,5.0
iba_womens_world_boxing_championships_2008_women_pinweight-46-kg,world_boxing_athlete_Jong_Ok_PRK,3,bronze,discipline=Boxing;event=IBA Women's World Boxing Championships Women Pinweight (–46 kg);event_label=Pinweight (–46 kg);source_text=Jong Ok North Korea Josie Gabuco Philippines;entry_country=PRK;source_url=https://en.wikipedia.org/wiki/2008_AIBA_Women's_World_Boxing_Championships,5.0
iba_womens_world_boxing_championships_2008_women_welterweight-66-kg,world_boxing_athlete_Mary_Spencer_CAN,1,gold,discipline=Boxing;event=IBA Women's World Boxing Championships Women Welterweight (–66 kg);event_label=Welterweight (–66 kg);source_text=Mary Spencer Canada;entry_country=CAN;source_url=https://en.wikipedia.org/wiki/2008_AIBA_Women's_World_Boxing_Championships,10.0
iba_womens_world_boxing_championships_2008_women_welterweight-66-kg,world_boxing_athlete_Vanessa_Jackson_USA,2,silver,discipline=Boxing;event=IBA Women's World Boxing Championships Women Welterweight (–66 kg);event_label=Welterweight (–66 kg);source_text=Vanessa Jackson United States;entry_country=USA;source_url=https://en.wikipedia.org/wiki/2008_AIBA_Women's_World_Boxing_Championships,7.0
iba_womens_world_boxing_championships_2008_women_welterweight-66-kg,world_boxing_athlete_Wang_Qian_CHN,3,bronze,discipline=Boxing;event=IBA Women's World Boxing Championships Women Welterweight (–66 kg);event_label=Welterweight (–66 kg);source_text=Ri Suk-yong North Korea Wang Qian China;entry_country=CHN;source_url=https://en.wikipedia.org/wiki/2008_AIBA_Women's_World_Boxing_Championships,5.0
iba_womens_world_boxing_championships_2008_women_welterweight-66-kg,world_boxing_athlete_Ri_Suk-yong_PRK,3,bronze,discipline=Boxing;event=IBA Women's World Boxing Championships Women Welterweight (–66 kg);event_label=Welterweight (–66 kg);source_text=Ri Suk-yong North Korea Wang Qian China;entry_country=PRK;source_url=https://en.wikipedia.org/wiki/2008_AIBA_Women's_World_Boxing_Championships,5.0
iba_womens_world_boxing_championships_2012_women_bantamweight-54-kg,world_boxing_athlete_Aleksandra_Kuleshova_RUS,1,gold,discipline=Boxing;event=IBA Women's World Boxing Championships Women Bantamweight (54 kg);event_label=Bantamweight (54 kg);source_text=Aleksandra Kuleshova Russia;entry_country=RUS;source_url=https://en.wikipedia.org/wiki/2012_AIBA_Women's_World_Boxing_Championships,10.0
iba_womens_world_boxing_championships_2012_women_bantamweight-54-kg,world_boxing_athlete_Terry_Gordini_ITA,2,silver,discipline=Boxing;event=IBA Women's World Boxing Championships Women Bantamweight (54 kg);event_label=Bantamweight (54 kg);source_text=Terry Gordini Italy;entry_country=ITA;source_url=https://en.wikipedia.org/wiki/2012_AIBA_Women's_World_Boxing_Championships,7.0
iba_womens_world_boxing_championships_2012_women_bantamweight-54-kg,world_boxing_athlete_Liu_Kejia_CHN,3,bronze,discipline=Boxing;event=IBA Women's World Boxing Championships Women Bantamweight (54 kg);event_label=Bantamweight (54 kg);source_text=Liu Kejia China;entry_country=CHN;source_url=https://en.wikipedia.org/wiki/2012_AIBA_Women's_World_Boxing_Championships,5.0
iba_womens_world_boxing_championships_2012_women_bantamweight-54-kg,world_boxing_athlete_Christina_Cruz_USA,3,bronze,discipline=Boxing;event=IBA Women's World Boxing Championships Women Bantamweight (54 kg);event_label=Bantamweight (54 kg);source_text=Christina Cruz United States;entry_country=USA;source_url=https://en.wikipedia.org/wiki/2012_AIBA_Women's_World_Boxing_Championships,5.0
iba_womens_world_boxing_championships_2012_women_featherweight-57-kg,world_boxing_athlete_Tiara_Brown_USA,1,gold,discipline=Boxing;event=IBA Women's World Boxing Championships Women Featherweight (57 kg);event_label=Featherweight (57 kg);source_text=Tiara Brown United States;entry_country=USA;source_url=https://en.wikipedia.org/wiki/2012_AIBA_Women's_World_Boxing_Championships,10.0
iba_womens_world_boxing_championships_2012_women_featherweight-57-kg,world_boxing_athlete_Sandra_Kruk_POL,2,silver,discipline=Boxing;event=IBA Women's World Boxing Championships Women Featherweight (57 kg);event_label=Featherweight (57 kg);source_text=Sandra Kruk Poland;entry_country=POL;source_url=https://en.wikipedia.org/wiki/2012_AIBA_Women's_World_Boxing_Championships,7.0
iba_womens_world_boxing_championships_2012_women_featherweight-57-kg,world_boxing_athlete_Svetlana_Staneva_BGR,3,bronze,discipline=Boxing;event=IBA Women's World Boxing Championships Women Featherweight (57 kg);event_label=Featherweight (57 kg);source_text=Svetlana Staneva Bulgaria;entry_country=BGR;source_url=https://en.wikipedia.org/wiki/2012_AIBA_Women's_World_Boxing_Championships,5.0
iba_womens_world_boxing_championships_2012_women_featherweight-57-kg,world_boxing_athlete_Lisa_Whiteside_ENG,3,bronze,discipline=Boxing;event=IBA Women's World Boxing Championships Women Featherweight (57 kg);event_label=Featherweight (57 kg);source_text=Lisa Whiteside England;entry_country=ENG;source_url=https://en.wikipedia.org/wiki/2012_AIBA_Women's_World_Boxing_Championships,5.0
iba_womens_world_boxing_championships_2012_women_flyweight-51-kg,world_boxing_athlete_Ren_Cancan_CHN,1,gold,discipline=Boxing;event=IBA Women's World Boxing Championships Women Flyweight (51 kg);event_label=Flyweight (51 kg);source_text=Ren Cancan China;entry_country=CHN;source_url=https://en.wikipedia.org/wiki/2012_AIBA_Women's_World_Boxing_Championships,10.0
iba_womens_world_boxing_championships_2012_women_flyweight-51-kg,world_boxing_athlete_Nicola_Adams_ENG,2,silver,discipline=Boxing;event=IBA Women's World Boxing Championships Women Flyweight (51 kg);event_label=Flyweight (51 kg);source_text=Nicola Adams England;entry_country=ENG;source_url=https://en.wikipedia.org/wiki/2012_AIBA_Women's_World_Boxing_Championships,7.0
iba_womens_world_boxing_championships_2012_women_flyweight-51-kg,world_boxing_athlete_Karolina_Michalczuk_POL,3,bronze,discipline=Boxing;event=IBA Women's World Boxing Championships Women Flyweight (51 kg);event_label=Flyweight (51 kg);source_text=Karolina Michalczuk Poland;entry_country=POL;source_url=https://en.wikipedia.org/wiki/2012_AIBA_Women's_World_Boxing_Championships,5.0
iba_womens_world_boxing_championships_2012_women_flyweight-51-kg,world_boxing_athlete_Elena_Savelyeva_RUS,3,bronze,discipline=Boxing;event=IBA Women's World Boxing Championships Women Flyweight (51 kg);event_label=Flyweight (51 kg);source_text=Elena Savelyeva Russia;entry_country=RUS;source_url=https://en.wikipedia.org/wiki/2012_AIBA_Women's_World_Boxing_Championships,5.0
iba_womens_world_boxing_championships_2012_women_heavyweight-plus81-kg,world_boxing_athlete_Li_Yunfei_CHN,1,gold,discipline=Boxing;event=IBA Women's World Boxing Championships Women Heavyweight (+81 kg);event_label=Heavyweight (+81 kg);source_text=Li Yunfei China;entry_country=CHN;source_url=https://en.wikipedia.org/wiki/2012_AIBA_Women's_World_Boxing_Championships,10.0
iba_womens_world_boxing_championships_2012_women_heavyweight-plus81-kg,world_boxing_athlete_Yulduz_Mamatkulova_KAZ,2,silver,discipline=Boxing;event=IBA Women's World Boxing Championships Women Heavyweight (+81 kg);event_label=Heavyweight (+81 kg);source_text=Yulduz Mamatkulova Kazakhstan;entry_country=KAZ;source_url=https://en.wikipedia.org/wiki/2012_AIBA_Women's_World_Boxing_Championships,7.0
iba_womens_world_boxing_championships_2012_women_heavyweight-plus81-kg,world_boxing_athlete_Kavita_Chahal_IND,3,bronze,discipline=Boxing;event=IBA Women's World Boxing Championships Women Heavyweight (+81 kg);event_label=Heavyweight (+81 kg);source_text=Kavita Chahal India;entry_country=IND;source_url=https://en.wikipedia.org/wiki/2012_AIBA_Women's_World_Boxing_Championships,5.0
iba_womens_world_boxing_championships_2012_women_heavyweight-plus81-kg,world_boxing_athlete_Irina_Sinetskaya_RUS,3,bronze,discipline=Boxing;event=IBA Women's World Boxing Championships Women Heavyweight (+81 kg);event_label=Heavyweight (+81 kg);source_text=Irina Sinetskaya Russia;entry_country=RUS;source_url=https://en.wikipedia.org/wiki/2012_AIBA_Women's_World_Boxing_Championships,5.0
iba_womens_world_boxing_championships_2012_women_light-flyweight-48-kg,world_boxing_athlete_Josie_Gabuco_PHL,1,gold,discipline=Boxing;event=IBA Women's World Boxing Championships Women Light flyweight (48 kg);event_label=Light flyweight (48 kg);source_text=Josie Gabuco Philippines;entry_country=PHL;source_url=https://en.wikipedia.org/wiki/2012_AIBA_Women's_World_Boxing_Championships,10.0
iba_womens_world_boxing_championships_2012_women_light-flyweight-48-kg,world_boxing_athlete_Xu_Shiqi_CHN,2,silver,discipline=Boxing;event=IBA Women's World Boxing Championships Women Light flyweight (48 kg);event_label=Light flyweight (48 kg);source_text=Xu Shiqi China;entry_country=CHN;source_url=https://en.wikipedia.org/wiki/2012_AIBA_Women's_World_Boxing_Championships,7.0
iba_womens_world_boxing_championships_2012_women_light-flyweight-48-kg,world_boxing_athlete_Nazym_Kyzaibay_KAZ,3,bronze,discipline=Boxing;event=IBA Women's World Boxing Championships Women Light flyweight (48 kg);event_label=Light flyweight (48 kg);source_text=Nazym Kyzaibay Kazakhstan;entry_country=KAZ;source_url=https://en.wikipedia.org/wiki/2012_AIBA_Women's_World_Boxing_Championships,5.0
iba_womens_world_boxing_championships_2012_women_light-flyweight-48-kg,world_boxing_athlete_Svetlana_Gnevanova_RUS,3,bronze,discipline=Boxing;event=IBA Women's World Boxing Championships Women Light flyweight (48 kg);event_label=Light flyweight (48 kg);source_text=Svetlana Gnevanova Russia;entry_country=RUS;source_url=https://en.wikipedia.org/wiki/2012_AIBA_Women's_World_Boxing_Championships,5.0
iba_womens_world_boxing_championships_2012_women_light-heavyweight-81-kg,world_boxing_athlete_Yuan_Meiqing_CHN,1,gold,discipline=Boxing;event=IBA Women's World Boxing Championships Women Light heavyweight (81 kg);event_label=Light heavyweight (81 kg);source_text=Yuan Meiqing China;entry_country=CHN;source_url=https://en.wikipedia.org/wiki/2012_AIBA_Women's_World_Boxing_Championships,10.0
iba_womens_world_boxing_championships_2012_women_light-heavyweight-81-kg,world_boxing_athlete_Franchon_Crews_USA,2,silver,discipline=Boxing;event=IBA Women's World Boxing Championships Women Light heavyweight (81 kg);event_label=Light heavyweight (81 kg);source_text=Franchon Crews United States;entry_country=USA;source_url=https://en.wikipedia.org/wiki/2012_AIBA_Women's_World_Boxing_Championships,7.0
iba_womens_world_boxing_championships_2012_women_light-heavyweight-81-kg,world_boxing_athlete_Tímea_Nagy_HUN,3,bronze,discipline=Boxing;event=IBA Women's World Boxing Championships Women Light heavyweight (81 kg);event_label=Light heavyweight (81 kg);source_text=Tímea Nagy Hungary;entry_country=HUN;source_url=https://en.wikipedia.org/wiki/2012_AIBA_Women's_World_Boxing_Championships,5.0
iba_womens_world_boxing_championships_2012_women_light-heavyweight-81-kg,world_boxing_athlete_Svetlana_Kosova_RUS,3,bronze,discipline=Boxing;event=IBA Women's World Boxing Championships Women Light heavyweight (81 kg);event_label=Light heavyweight (81 kg);source_text=Svetlana Kosova Russia;entry_country=RUS;source_url=https://en.wikipedia.org/wiki/2012_AIBA_Women's_World_Boxing_Championships,5.0
iba_womens_world_boxing_championships_2012_women_light-welterweight-64-kg,world_boxing_athlete_Pak_Kyong-ok_PRK,1,gold,discipline=Boxing;event=IBA Women's World Boxing Championships Women Light welterweight (64 kg);event_label=Light welterweight (64 kg);source_text=Pak Kyong-ok North Korea;entry_country=PRK;source_url=https://en.wikipedia.org/wiki/2012_AIBA_Women's_World_Boxing_Championships,10.0
iba_womens_world_boxing_championships_2012_women_light-welterweight-64-kg,world_boxing_athlete_Magdalena_Stelmach_POL,2,silver,discipline=Boxing;event=IBA Women's World Boxing Championships Women Light welterweight (64 kg);event_label=Light welterweight (64 kg);source_text=Magdalena Stelmach Poland;entry_country=POL;source_url=https://en.wikipedia.org/wiki/2012_AIBA_Women's_World_Boxing_Championships,7.0
iba_womens_world_boxing_championships_2012_women_light-welterweight-64-kg,world_boxing_athlete_Daria_Abramova_RUS,3,bronze,discipline=Boxing;event=IBA Women's World Boxing Championships Women Light welterweight (64 kg);event_label=Light welterweight (64 kg);source_text=Daria Abramova Russia;entry_country=RUS;source_url=https://en.wikipedia.org/wiki/2012_AIBA_Women's_World_Boxing_Championships,5.0
iba_womens_world_boxing_championships_2012_women_light-welterweight-64-kg,world_boxing_athlete_Mikaela_Mayer_USA,3,bronze,discipline=Boxing;event=IBA Women's World Boxing Championships Women Light welterweight (64 kg);event_label=Light welterweight (64 kg);source_text=Mikaela Mayer United States;entry_country=USA;source_url=https://en.wikipedia.org/wiki/2012_AIBA_Women's_World_Boxing_Championships,5.0
iba_womens_world_boxing_championships_2012_women_lightweight-60-kg,world_boxing_athlete_Katie_Taylor_IRL,1,gold,discipline=Boxing;event=IBA Women's World Boxing Championships Women Lightweight (60 kg);event_label=Lightweight (60 kg);source_text=Katie Taylor Ireland;entry_country=IRL;source_url=https://en.wikipedia.org/wiki/2012_AIBA_Women's_World_Boxing_Championships,10.0
iba_womens_world_boxing_championships_2012_women_lightweight-60-kg,world_boxing_athlete_Sofya_Ochigava_RUS,2,silver,discipline=Boxing;event=IBA Women's World Boxing Championships Women Lightweight (60 kg);event_label=Lightweight (60 kg);source_text=Sofya Ochigava Russia;entry_country=RUS;source_url=https://en.wikipedia.org/wiki/2012_AIBA_Women's_World_Boxing_Championships,7.0
iba_womens_world_boxing_championships_2012_women_lightweight-60-kg,world_boxing_athlete_Natasha_Jonas_ENG,3,bronze,discipline=Boxing;event=IBA Women's World Boxing Championships Women Lightweight (60 kg);event_label=Lightweight (60 kg);source_text=Natasha Jonas England;entry_country=ENG;source_url=https://en.wikipedia.org/wiki/2012_AIBA_Women's_World_Boxing_Championships,5.0
iba_womens_world_boxing_championships_2012_women_lightweight-60-kg,world_boxing_athlete_Mavzuna_Chorieva_TJK,3,bronze,discipline=Boxing;event=IBA Women's World Boxing Championships Women Lightweight (60 kg);event_label=Lightweight (60 kg);source_text=Mavzuna Chorieva Tajikistan;entry_country=TJK;source_url=https://en.wikipedia.org/wiki/2012_AIBA_Women's_World_Boxing_Championships,5.0
iba_womens_world_boxing_championships_2012_women_middleweight-75-kg,world_boxing_athlete_Savannah_Marshall_ENG,1,gold,discipline=Boxing;event=IBA Women's World Boxing Championships Women Middleweight (75 kg);event_label=Middleweight (75 kg);source_text=Savannah Marshall England;entry_country=ENG;source_url=https://en.wikipedia.org/wiki/2012_AIBA_Women's_World_Boxing_Championships,10.0
iba_womens_world_boxing_championships_2012_women_middleweight-75-kg,world_boxing_athlete_Elena_Vystropova_AZE,2,silver,discipline=Boxing;event=IBA Women's World Boxing Championships Women Middleweight (75 kg);event_label=Middleweight (75 kg);source_text=Elena Vystropova Azerbaijan;entry_country=AZE;source_url=https://en.wikipedia.org/wiki/2012_AIBA_Women's_World_Boxing_Championships,7.0
iba_womens_world_boxing_championships_2012_women_middleweight-75-kg,world_boxing_athlete_Nadezda_Torlopova_RUS,3,bronze,discipline=Boxing;event=IBA Women's World Boxing Championships Women Middleweight (75 kg);event_label=Middleweight (75 kg);source_text=Nadezda Torlopova Russia;entry_country=RUS;source_url=https://en.wikipedia.org/wiki/2012_AIBA_Women's_World_Boxing_Championships,5.0
iba_womens_world_boxing_championships_2012_women_middleweight-75-kg,world_boxing_athlete_Anna_Laurell_SWE,3,bronze,discipline=Boxing;event=IBA Women's World Boxing Championships Women Middleweight (75 kg);event_label=Middleweight (75 kg);source_text=Anna Laurell Sweden;entry_country=SWE;source_url=https://en.wikipedia.org/wiki/2012_AIBA_Women's_World_Boxing_Championships,5.0
iba_womens_world_boxing_championships_2012_women_welterweight-69-kg,world_boxing_athlete_Mariia_Badulina_UKR,1,gold,discipline=Boxing;event=IBA Women's World Boxing Championships Women Welterweight (69 kg);event_label=Welterweight (69 kg);source_text=Mariia Badulina Ukraine;entry_country=UKR;source_url=https://en.wikipedia.org/wiki/2012_AIBA_Women's_World_Boxing_Championships,10.0
iba_womens_world_boxing_championships_2012_women_welterweight-69-kg,world_boxing_athlete_Raquel_Miller_USA,2,silver,discipline=Boxing;event=IBA Women's World Boxing Championships Women Welterweight (69 kg);event_label=Welterweight (69 kg);source_text=Raquel Miller United States;entry_country=USA;source_url=https://en.wikipedia.org/wiki/2012_AIBA_Women's_World_Boxing_Championships,7.0
iba_womens_world_boxing_championships_2012_women_welterweight-69-kg,world_boxing_athlete_Marichelle_de_Jong_NLD,3,bronze,discipline=Boxing;event=IBA Women's World Boxing Championships Women Welterweight (69 kg);event_label=Welterweight (69 kg);source_text=Marichelle de Jong Netherlands;entry_country=NLD;source_url=https://en.wikipedia.org/wiki/2012_AIBA_Women's_World_Boxing_Championships,5.0
iba_womens_world_boxing_championships_2012_women_welterweight-69-kg,world_boxing_athlete_Irina_Poteyeva_RUS,3,bronze,discipline=Boxing;event=IBA Women's World Boxing Championships Women Welterweight (69 kg);event_label=Welterweight (69 kg);source_text=Irina Poteyeva Russia;entry_country=RUS;source_url=https://en.wikipedia.org/wiki/2012_AIBA_Women's_World_Boxing_Championships,5.0
iba_womens_world_boxing_championships_2014_women_bantamweight-54-kg,world_boxing_athlete_Stanimira_Petrova_BUL,1,gold,discipline=Boxing;event=IBA Women's World Boxing Championships Women Bantamweight (54 kg);event_label=Bantamweight (54 kg);source_text=Stanimira Petrova ( BUL );entry_country=BUL;source_url=https://en.wikipedia.org/wiki/2014_AIBA_Women's_World_Boxing_Championships,10.0
iba_womens_world_boxing_championships_2014_women_bantamweight-54-kg,world_boxing_athlete_Marzia_Davide_ITA,2,silver,discipline=Boxing;event=IBA Women's World Boxing Championships Women Bantamweight (54 kg);event_label=Bantamweight (54 kg);source_text=Marzia Davide ( ITA );entry_country=ITA;source_url=https://en.wikipedia.org/wiki/2014_AIBA_Women's_World_Boxing_Championships,7.0
iba_womens_world_boxing_championships_2014_women_bantamweight-54-kg,world_boxing_athlete_Elena_Savelyeva_RUS,3,bronze,discipline=Boxing;event=IBA Women's World Boxing Championships Women Bantamweight (54 kg);event_label=Bantamweight (54 kg);source_text=Elena Savelyeva ( RUS );entry_country=RUS;source_url=https://en.wikipedia.org/wiki/2014_AIBA_Women's_World_Boxing_Championships,5.0
iba_womens_world_boxing_championships_2014_women_bantamweight-54-kg,world_boxing_athlete_Aye_Ta_TUR,3,bronze,discipline=Boxing;event=IBA Women's World Boxing Championships Women Bantamweight (54 kg);event_label=Bantamweight (54 kg);source_text=Ayşe Taş ( TUR );entry_country=TUR;source_url=https://en.wikipedia.org/wiki/2014_AIBA_Women's_World_Boxing_Championships,5.0
iba_womens_world_boxing_championships_2014_women_featherweight-57-kg,world_boxing_athlete_Zinaida_Dobrynina_RUS,1,gold,discipline=Boxing;event=IBA Women's World Boxing Championships Women Featherweight (57 kg);event_label=Featherweight (57 kg);source_text=Zinaida Dobrynina ( RUS );entry_country=RUS;source_url=https://en.wikipedia.org/wiki/2014_AIBA_Women's_World_Boxing_Championships,10.0
iba_womens_world_boxing_championships_2014_women_featherweight-57-kg,world_boxing_athlete_Nesthy_Petecio_PHI,2,silver,discipline=Boxing;event=IBA Women's World Boxing Championships Women Featherweight (57 kg);event_label=Featherweight (57 kg);source_text=Nesthy Petecio ( PHI );entry_country=PHI;source_url=https://en.wikipedia.org/wiki/2014_AIBA_Women's_World_Boxing_Championships,7.0
iba_womens_world_boxing_championships_2014_women_featherweight-57-kg,world_boxing_athlete_Alessia_Mesiano_ITA,3,bronze,discipline=Boxing;event=IBA Women's World Boxing Championships Women Featherweight (57 kg);event_label=Featherweight (57 kg);source_text=Alessia Mesiano ( ITA );entry_country=ITA;source_url=https://en.wikipedia.org/wiki/2014_AIBA_Women's_World_Boxing_Championships,5.0
iba_womens_world_boxing_championships_2014_women_featherweight-57-kg,world_boxing_athlete_Tiara_Brown_USA,3,bronze,discipline=Boxing;event=IBA Women's World Boxing Championships Women Featherweight (57 kg);event_label=Featherweight (57 kg);source_text=Tiara Brown ( USA );entry_country=USA;source_url=https://en.wikipedia.org/wiki/2014_AIBA_Women's_World_Boxing_Championships,5.0
iba_womens_world_boxing_championships_2014_women_flyweight-51-kg,world_boxing_athlete_Marlen_Esparza_USA,1,gold,discipline=Boxing;event=IBA Women's World Boxing Championships Women Flyweight (51 kg);event_label=Flyweight (51 kg);source_text=Marlen Esparza ( USA );entry_country=USA;source_url=https://en.wikipedia.org/wiki/2014_AIBA_Women's_World_Boxing_Championships,10.0
iba_womens_world_boxing_championships_2014_women_flyweight-51-kg,world_boxing_athlete_Lisa_Whiteside_ENG,2,silver,discipline=Boxing;event=IBA Women's World Boxing Championships Women Flyweight (51 kg);event_label=Flyweight (51 kg);source_text=Lisa Whiteside ( ENG );entry_country=ENG;source_url=https://en.wikipedia.org/wiki/2014_AIBA_Women's_World_Boxing_Championships,7.0
iba_womens_world_boxing_championships_2014_women_flyweight-51-kg,world_boxing_athlete_Clelia_Marques_BRA,3,bronze,discipline=Boxing;event=IBA Women's World Boxing Championships Women Flyweight (51 kg);event_label=Flyweight (51 kg);source_text=Clelia Marques ( BRA );entry_country=BRA;source_url=https://en.wikipedia.org/wiki/2014_AIBA_Women's_World_Boxing_Championships,5.0
iba_womens_world_boxing_championships_2014_women_flyweight-51-kg,world_boxing_athlete_Terry_Gordini_ITA,3,bronze,discipline=Boxing;event=IBA Women's World Boxing Championships Women Flyweight (51 kg);event_label=Flyweight (51 kg);source_text=Terry Gordini ( ITA );entry_country=ITA;source_url=https://en.wikipedia.org/wiki/2014_AIBA_Women's_World_Boxing_Championships,5.0
iba_womens_world_boxing_championships_2014_women_heavyweight-plus81-kg,world_boxing_athlete_Zenfira_Magomedalieva_RUS,1,gold,discipline=Boxing;event=IBA Women's World Boxing Championships Women Heavyweight (+81 kg);event_label=Heavyweight (+81 kg);source_text=Zenfira Magomedalieva ( RUS );entry_country=RUS;source_url=https://en.wikipedia.org/wiki/2014_AIBA_Women's_World_Boxing_Championships,10.0
iba_womens_world_boxing_championships_2014_women_heavyweight-plus81-kg,world_boxing_athlete_Lazzat_Kungeibayeva_KAZ,2,silver,discipline=Boxing;event=IBA Women's World Boxing Championships Women Heavyweight (+81 kg);event_label=Heavyweight (+81 kg);source_text=Lazzat Kungeibayeva ( KAZ );entry_country=KAZ;source_url=https://en.wikipedia.org/wiki/2014_AIBA_Women's_World_Boxing_Championships,7.0
iba_womens_world_boxing_championships_2014_women_heavyweight-plus81-kg,world_boxing_athlete_Wang_Shijin_CHN,3,bronze,discipline=Boxing;event=IBA Women's World Boxing Championships Women Heavyweight (+81 kg);event_label=Heavyweight (+81 kg);source_text=Wang Shijin ( CHN );entry_country=CHN;source_url=https://en.wikipedia.org/wiki/2014_AIBA_Women's_World_Boxing_Championships,5.0
iba_womens_world_boxing_championships_2014_women_heavyweight-plus81-kg,world_boxing_athlete_Emine_Bozduman_TUR,3,bronze,discipline=Boxing;event=IBA Women's World Boxing Championships Women Heavyweight (+81 kg);event_label=Heavyweight (+81 kg);source_text=Emine Bozduman ( TUR );entry_country=TUR;source_url=https://en.wikipedia.org/wiki/2014_AIBA_Women's_World_Boxing_Championships,5.0
iba_womens_world_boxing_championships_2014_women_light-flyweight-45-48-kg,world_boxing_athlete_Nazym_Kyzaibay_KAZ,1,gold,discipline=Boxing;event=IBA Women's World Boxing Championships Women Light flyweight (45–48 kg);event_label=Light flyweight (45–48 kg);source_text=Nazym Kyzaibay ( KAZ );entry_country=KAZ;source_url=https://en.wikipedia.org/wiki/2014_AIBA_Women's_World_Boxing_Championships,10.0
iba_womens_world_boxing_championships_2014_women_light-flyweight-45-48-kg,world_boxing_athlete_Sarjubala_Devi_IND,2,silver,discipline=Boxing;event=IBA Women's World Boxing Championships Women Light flyweight (45–48 kg);event_label=Light flyweight (45–48 kg);source_text=Sarjubala Devi ( IND );entry_country=IND;source_url=https://en.wikipedia.org/wiki/2014_AIBA_Women's_World_Boxing_Championships,7.0
iba_womens_world_boxing_championships_2014_women_light-flyweight-45-48-kg,world_boxing_athlete_Madoka_Wada_JPN,3,bronze,discipline=Boxing;event=IBA Women's World Boxing Championships Women Light flyweight (45–48 kg);event_label=Light flyweight (45–48 kg);source_text=Madoka Wada ( JPN );entry_country=JPN;source_url=https://en.wikipedia.org/wiki/2014_AIBA_Women's_World_Boxing_Championships,5.0
iba_womens_world_boxing_championships_2014_women_light-flyweight-45-48-kg,world_boxing_athlete_Chuthamat_Raksat_THA,3,bronze,discipline=Boxing;event=IBA Women's World Boxing Championships Women Light flyweight (45–48 kg);event_label=Light flyweight (45–48 kg);source_text=Chuthamat Raksat ( THA );entry_country=THA;source_url=https://en.wikipedia.org/wiki/2014_AIBA_Women's_World_Boxing_Championships,5.0
iba_womens_world_boxing_championships_2014_women_light-heavyweight-81-kg,world_boxing_athlete_Yang_Xiaoli_CHN,1,gold,discipline=Boxing;event=IBA Women's World Boxing Championships Women Light heavyweight (81 kg);event_label=Light heavyweight (81 kg);source_text=Yang Xiaoli ( CHN );entry_country=CHN;source_url=https://en.wikipedia.org/wiki/2014_AIBA_Women's_World_Boxing_Championships,10.0
iba_womens_world_boxing_championships_2014_women_light-heavyweight-81-kg,world_boxing_athlete_Saweety_IND,2,silver,discipline=Boxing;event=IBA Women's World Boxing Championships Women Light heavyweight (81 kg);event_label=Light heavyweight (81 kg);source_text=Saweety ( IND );entry_country=IND;source_url=https://en.wikipedia.org/wiki/2014_AIBA_Women's_World_Boxing_Championships,7.0
iba_womens_world_boxing_championships_2014_women_light-heavyweight-81-kg,world_boxing_athlete_Elif_Güneri_TUR,3,bronze,discipline=Boxing;event=IBA Women's World Boxing Championships Women Light heavyweight (81 kg);event_label=Light heavyweight (81 kg);source_text=Elif Güneri ( TUR );entry_country=TUR;source_url=https://en.wikipedia.org/wiki/2014_AIBA_Women's_World_Boxing_Championships,5.0
iba_womens_world_boxing_championships_2014_women_light-heavyweight-81-kg,world_boxing_athlete_Anastasiia_Chernokolenko_UKR,3,bronze,discipline=Boxing;event=IBA Women's World Boxing Championships Women Light heavyweight (81 kg);event_label=Light heavyweight (81 kg);source_text=Anastasiia Chernokolenko ( UKR );entry_country=UKR;source_url=https://en.wikipedia.org/wiki/2014_AIBA_Women's_World_Boxing_Championships,5.0
iba_womens_world_boxing_championships_2014_women_light-welterweight-64-kg,world_boxing_athlete_Anastasiia_Beliakova_RUS,1,gold,discipline=Boxing;event=IBA Women's World Boxing Championships Women Light welterweight (64 kg);event_label=Light welterweight (64 kg);source_text=Anastasiia Beliakova ( RUS );entry_country=RUS;source_url=https://en.wikipedia.org/wiki/2014_AIBA_Women's_World_Boxing_Championships,10.0
iba_womens_world_boxing_championships_2014_women_light-welterweight-64-kg,world_boxing_athlete_Sandy_Ryan_ENG,2,silver,discipline=Boxing;event=IBA Women's World Boxing Championships Women Light welterweight (64 kg);event_label=Light welterweight (64 kg);source_text=Sandy Ryan ( ENG );entry_country=ENG;source_url=https://en.wikipedia.org/wiki/2014_AIBA_Women's_World_Boxing_Championships,7.0
iba_womens_world_boxing_championships_2014_women_light-welterweight-64-kg,world_boxing_athlete_Shim_Hee-jung_KOR,3,bronze,discipline=Boxing;event=IBA Women's World Boxing Championships Women Light welterweight (64 kg);event_label=Light welterweight (64 kg);source_text=Shim Hee-jung ( KOR );entry_country=KOR;source_url=https://en.wikipedia.org/wiki/2014_AIBA_Women's_World_Boxing_Championships,5.0
iba_womens_world_boxing_championships_2014_women_light-welterweight-64-kg,world_boxing_athlete_Sudaporn_Seesondee_THA,3,bronze,discipline=Boxing;event=IBA Women's World Boxing Championships Women Light welterweight (64 kg);event_label=Light welterweight (64 kg);source_text=Sudaporn Seesondee ( THA );entry_country=THA;source_url=https://en.wikipedia.org/wiki/2014_AIBA_Women's_World_Boxing_Championships,5.0
iba_womens_world_boxing_championships_2014_women_lightweight-60-kg,world_boxing_athlete_Katie_Taylor_IRL,1,gold,discipline=Boxing;event=IBA Women's World Boxing Championships Women Lightweight (60 kg);event_label=Lightweight (60 kg);source_text=Katie Taylor ( IRL );entry_country=IRL;source_url=https://en.wikipedia.org/wiki/2014_AIBA_Women's_World_Boxing_Championships,10.0
iba_womens_world_boxing_championships_2014_women_lightweight-60-kg,world_boxing_athlete_Yana_Alekseevna_AZE,2,silver,discipline=Boxing;event=IBA Women's World Boxing Championships Women Lightweight (60 kg);event_label=Lightweight (60 kg);source_text=Yana Alekseevna ( AZE );entry_country=AZE;source_url=https://en.wikipedia.org/wiki/2014_AIBA_Women's_World_Boxing_Championships,7.0
iba_womens_world_boxing_championships_2014_women_lightweight-60-kg,world_boxing_athlete_Yin_Junhua_CHN,3,bronze,discipline=Boxing;event=IBA Women's World Boxing Championships Women Lightweight (60 kg);event_label=Lightweight (60 kg);source_text=Yin Junhua ( CHN );entry_country=CHN;source_url=https://en.wikipedia.org/wiki/2014_AIBA_Women's_World_Boxing_Championships,5.0
iba_womens_world_boxing_championships_2014_women_lightweight-60-kg,world_boxing_athlete_Estelle_Mossely_FRA,3,bronze,discipline=Boxing;event=IBA Women's World Boxing Championships Women Lightweight (60 kg);event_label=Lightweight (60 kg);source_text=Estelle Mossely ( FRA );entry_country=FRA;source_url=https://en.wikipedia.org/wiki/2014_AIBA_Women's_World_Boxing_Championships,5.0
iba_womens_world_boxing_championships_2014_women_middleweight-75-kg,world_boxing_athlete_Claressa_Shields_USA,1,gold,discipline=Boxing;event=IBA Women's World Boxing Championships Women Middleweight (75 kg);event_label=Middleweight (75 kg);source_text=Claressa Shields ( USA );entry_country=USA;source_url=https://en.wikipedia.org/wiki/2014_AIBA_Women's_World_Boxing_Championships,10.0
iba_womens_world_boxing_championships_2014_women_middleweight-75-kg,world_boxing_athlete_Li_Qian_CHN,2,silver,discipline=Boxing;event=IBA Women's World Boxing Championships Women Middleweight (75 kg);event_label=Middleweight (75 kg);source_text=Li Qian ( CHN );entry_country=CHN;source_url=https://en.wikipedia.org/wiki/2014_AIBA_Women's_World_Boxing_Championships,7.0
iba_womens_world_boxing_championships_2014_women_middleweight-75-kg,world_boxing_athlete_Ariane_Fortin_CAN,3,bronze,discipline=Boxing;event=IBA Women's World Boxing Championships Women Middleweight (75 kg);event_label=Middleweight (75 kg);source_text=Ariane Fortin ( CAN );entry_country=CAN;source_url=https://en.wikipedia.org/wiki/2014_AIBA_Women's_World_Boxing_Championships,5.0
iba_womens_world_boxing_championships_2014_women_middleweight-75-kg,world_boxing_athlete_Nouchka_Fontijn_NED,3,bronze,discipline=Boxing;event=IBA Women's World Boxing Championships Women Middleweight (75 kg);event_label=Middleweight (75 kg);source_text=Nouchka Fontijn ( NED );entry_country=NED;source_url=https://en.wikipedia.org/wiki/2014_AIBA_Women's_World_Boxing_Championships,5.0
iba_womens_world_boxing_championships_2014_women_welterweight-69-kg,world_boxing_athlete_Atheyna_Bylon_PAN,1,gold,discipline=Boxing;event=IBA Women's World Boxing Championships Women Welterweight (69 kg);event_label=Welterweight (69 kg);source_text=Atheyna Bylon ( PAN );entry_country=PAN;source_url=https://en.wikipedia.org/wiki/2014_AIBA_Women's_World_Boxing_Championships,10.0
iba_womens_world_boxing_championships_2014_women_welterweight-69-kg,world_boxing_athlete_Saadat_Abdulaeva_RUS,2,silver,discipline=Boxing;event=IBA Women's World Boxing Championships Women Welterweight (69 kg);event_label=Welterweight (69 kg);source_text=Saadat Abdulaeva ( RUS );entry_country=RUS;source_url=https://en.wikipedia.org/wiki/2014_AIBA_Women's_World_Boxing_Championships,7.0
iba_womens_world_boxing_championships_2014_women_welterweight-69-kg,world_boxing_athlete_Elena_Vystropova_AZE,3,bronze,discipline=Boxing;event=IBA Women's World Boxing Championships Women Welterweight (69 kg);event_label=Welterweight (69 kg);source_text=Elena Vystropova ( AZE );entry_country=AZE;source_url=https://en.wikipedia.org/wiki/2014_AIBA_Women's_World_Boxing_Championships,5.0
iba_womens_world_boxing_championships_2014_women_welterweight-69-kg,world_boxing_athlete_Erika_Guerrier_FRA,3,bronze,discipline=Boxing;event=IBA Women's World Boxing Championships Women Welterweight (69 kg);event_label=Welterweight (69 kg);source_text=Erika Guerrier ( FRA );entry_country=FRA;source_url=https://en.wikipedia.org/wiki/2014_AIBA_Women's_World_Boxing_Championships,5.0
iba_womens_world_boxing_championships_2016_women_bantamweight-54-kg,world_boxing_athlete_Dina_Zholaman_KAZ,1,gold,discipline=Boxing;event=IBA Women's World Boxing Championships Women Bantamweight (54 kg);event_label=Bantamweight (54 kg);source_text=Dina Zholaman ( KAZ );entry_country=KAZ;source_url=https://en.wikipedia.org/wiki/2016_AIBA_Women's_World_Boxing_Championships,10.0
iba_womens_world_boxing_championships_2016_women_bantamweight-54-kg,world_boxing_athlete_Stoyka_Petrova_BUL,2,silver,discipline=Boxing;event=IBA Women's World Boxing Championships Women Bantamweight (54 kg);event_label=Bantamweight (54 kg);source_text=Stoyka Petrova ( BUL );entry_country=BUL;source_url=https://en.wikipedia.org/wiki/2016_AIBA_Women's_World_Boxing_Championships,7.0
iba_womens_world_boxing_championships_2016_women_bantamweight-54-kg,world_boxing_athlete_Liu_Piaopiao_CHN,3,bronze,discipline=Boxing;event=IBA Women's World Boxing Championships Women Bantamweight (54 kg);event_label=Bantamweight (54 kg);source_text=Liu Piaopiao ( CHN );entry_country=CHN;source_url=https://en.wikipedia.org/wiki/2016_AIBA_Women's_World_Boxing_Championships,5.0
iba_womens_world_boxing_championships_2016_women_bantamweight-54-kg,world_boxing_athlete_Christina_Cruz_USA,3,bronze,discipline=Boxing;event=IBA Women's World Boxing Championships Women Bantamweight (54 kg);event_label=Bantamweight (54 kg);source_text=Christina Cruz ( USA );entry_country=USA;source_url=https://en.wikipedia.org/wiki/2016_AIBA_Women's_World_Boxing_Championships,5.0
iba_womens_world_boxing_championships_2016_women_featherweight-57-kg,world_boxing_athlete_Alessia_Mesiano_ITA,1,gold,discipline=Boxing;event=IBA Women's World Boxing Championships Women Featherweight (57 kg);event_label=Featherweight (57 kg);source_text=Alessia Mesiano ( ITA );entry_country=ITA;source_url=https://en.wikipedia.org/wiki/2016_AIBA_Women's_World_Boxing_Championships,10.0
iba_womens_world_boxing_championships_2016_women_featherweight-57-kg,world_boxing_athlete_Sonia_Lather_IND,2,silver,discipline=Boxing;event=IBA Women's World Boxing Championships Women Featherweight (57 kg);event_label=Featherweight (57 kg);source_text=Sonia Lather ( IND );entry_country=IND;source_url=https://en.wikipedia.org/wiki/2016_AIBA_Women's_World_Boxing_Championships,7.0
iba_womens_world_boxing_championships_2016_women_featherweight-57-kg,world_boxing_athlete_Denitsa_Eliseeva_BUL,3,bronze,discipline=Boxing;event=IBA Women's World Boxing Championships Women Featherweight (57 kg);event_label=Featherweight (57 kg);source_text=Denitsa Eliseeva ( BUL );entry_country=BUL;source_url=https://en.wikipedia.org/wiki/2016_AIBA_Women's_World_Boxing_Championships,5.0
iba_womens_world_boxing_championships_2016_women_featherweight-57-kg,world_boxing_athlete_Aizhan_Khojabekova_KAZ,3,bronze,discipline=Boxing;event=IBA Women's World Boxing Championships Women Featherweight (57 kg);event_label=Featherweight (57 kg);source_text=Aizhan Khojabekova ( KAZ );entry_country=KAZ;source_url=https://en.wikipedia.org/wiki/2016_AIBA_Women's_World_Boxing_Championships,5.0
iba_womens_world_boxing_championships_2016_women_flyweight-51-kg,world_boxing_athlete_Nicola_Adams_ENG,1,gold,discipline=Boxing;event=IBA Women's World Boxing Championships Women Flyweight (51 kg);event_label=Flyweight (51 kg);source_text=Nicola Adams ( ENG );entry_country=ENG;source_url=https://en.wikipedia.org/wiki/2016_AIBA_Women's_World_Boxing_Championships,10.0
iba_womens_world_boxing_championships_2016_women_flyweight-51-kg,world_boxing_athlete_Peamwilai_Laopeam_THA,2,silver,discipline=Boxing;event=IBA Women's World Boxing Championships Women Flyweight (51 kg);event_label=Flyweight (51 kg);source_text=Peamwilai Laopeam ( THA );entry_country=THA;source_url=https://en.wikipedia.org/wiki/2016_AIBA_Women's_World_Boxing_Championships,7.0
iba_womens_world_boxing_championships_2016_women_flyweight-51-kg,world_boxing_athlete_Sarah_Ourahmoune_FRA,3,bronze,discipline=Boxing;event=IBA Women's World Boxing Championships Women Flyweight (51 kg);event_label=Flyweight (51 kg);source_text=Sarah Ourahmoune ( FRA );entry_country=FRA;source_url=https://en.wikipedia.org/wiki/2016_AIBA_Women's_World_Boxing_Championships,5.0
iba_womens_world_boxing_championships_2016_women_flyweight-51-kg,world_boxing_athlete_Zhaina_Shekerbekova_KAZ,3,bronze,discipline=Boxing;event=IBA Women's World Boxing Championships Women Flyweight (51 kg);event_label=Flyweight (51 kg);source_text=Zhaina Shekerbekova ( KAZ );entry_country=KAZ;source_url=https://en.wikipedia.org/wiki/2016_AIBA_Women's_World_Boxing_Championships,5.0
iba_womens_world_boxing_championships_2016_women_heavyweight-plus81-kg,world_boxing_athlete_Lazzat_Kungeibayeva_KAZ,1,gold,discipline=Boxing;event=IBA Women's World Boxing Championships Women Heavyweight (+81 kg);event_label=Heavyweight (+81 kg);source_text=Lazzat Kungeibayeva ( KAZ );entry_country=KAZ;source_url=https://en.wikipedia.org/wiki/2016_AIBA_Women's_World_Boxing_Championships,10.0
iba_womens_world_boxing_championships_2016_women_heavyweight-plus81-kg,world_boxing_athlete_Shadasia_Green_USA,2,silver,discipline=Boxing;event=IBA Women's World Boxing Championships Women Heavyweight (+81 kg);event_label=Heavyweight (+81 kg);source_text=Shadasia Green ( USA );entry_country=USA;source_url=https://en.wikipedia.org/wiki/2016_AIBA_Women's_World_Boxing_Championships,7.0
iba_womens_world_boxing_championships_2016_women_heavyweight-plus81-kg,world_boxing_athlete_Wang_Shijin_CHN,3,bronze,discipline=Boxing;event=IBA Women's World Boxing Championships Women Heavyweight (+81 kg);event_label=Heavyweight (+81 kg);source_text=Wang Shijin ( CHN );entry_country=CHN;source_url=https://en.wikipedia.org/wiki/2016_AIBA_Women's_World_Boxing_Championships,5.0
iba_womens_world_boxing_championships_2016_women_heavyweight-plus81-kg,world_boxing_athlete_ennur_Demir_TUR,3,bronze,discipline=Boxing;event=IBA Women's World Boxing Championships Women Heavyweight (+81 kg);event_label=Heavyweight (+81 kg);source_text=Şennur Demir ( TUR );entry_country=TUR;source_url=https://en.wikipedia.org/wiki/2016_AIBA_Women's_World_Boxing_Championships,5.0
iba_womens_world_boxing_championships_2016_women_light-flyweight-45-48-kg,world_boxing_athlete_Nazym_Kyzaibay_KAZ,1,gold,discipline=Boxing;event=IBA Women's World Boxing Championships Women Light flyweight (45–48 kg);event_label=Light flyweight (45–48 kg);source_text=Nazym Kyzaibay ( KAZ );entry_country=KAZ;source_url=https://en.wikipedia.org/wiki/2016_AIBA_Women's_World_Boxing_Championships,10.0
iba_womens_world_boxing_championships_2016_women_light-flyweight-45-48-kg,world_boxing_athlete_Wang_Yuyan_CHN,2,silver,discipline=Boxing;event=IBA Women's World Boxing Championships Women Light flyweight (45–48 kg);event_label=Light flyweight (45–48 kg);source_text=Wang Yuyan ( CHN );entry_country=CHN;source_url=https://en.wikipedia.org/wiki/2016_AIBA_Women's_World_Boxing_Championships,7.0
iba_womens_world_boxing_championships_2016_women_light-flyweight-45-48-kg,world_boxing_athlete_U_Yong-gum_PRK,3,bronze,discipline=Boxing;event=IBA Women's World Boxing Championships Women Light flyweight (45–48 kg);event_label=Light flyweight (45–48 kg);source_text=U Yong-gum ( PRK );entry_country=PRK;source_url=https://en.wikipedia.org/wiki/2016_AIBA_Women's_World_Boxing_Championships,5.0
iba_womens_world_boxing_championships_2016_women_light-flyweight-45-48-kg,world_boxing_athlete_Marlen_Esparza_USA,3,bronze,discipline=Boxing;event=IBA Women's World Boxing Championships Women Light flyweight (45–48 kg);event_label=Light flyweight (45–48 kg);source_text=Marlen Esparza ( USA );entry_country=USA;source_url=https://en.wikipedia.org/wiki/2016_AIBA_Women's_World_Boxing_Championships,5.0
iba_womens_world_boxing_championships_2016_women_light-heavyweight-81-kg,world_boxing_athlete_Yang_Xiaoli_CHN,1,gold,discipline=Boxing;event=IBA Women's World Boxing Championships Women Light heavyweight (81 kg);event_label=Light heavyweight (81 kg);source_text=Yang Xiaoli ( CHN );entry_country=CHN;source_url=https://en.wikipedia.org/wiki/2016_AIBA_Women's_World_Boxing_Championships,10.0
iba_womens_world_boxing_championships_2016_women_light-heavyweight-81-kg,world_boxing_athlete_Kaye_Scott_AUS,2,silver,discipline=Boxing;event=IBA Women's World Boxing Championships Women Light heavyweight (81 kg);event_label=Light heavyweight (81 kg);source_text=Kaye Scott ( AUS );entry_country=AUS;source_url=https://en.wikipedia.org/wiki/2016_AIBA_Women's_World_Boxing_Championships,7.0
iba_womens_world_boxing_championships_2016_women_light-heavyweight-81-kg,world_boxing_athlete_Elif_Güneri_TUR,3,bronze,discipline=Boxing;event=IBA Women's World Boxing Championships Women Light heavyweight (81 kg);event_label=Light heavyweight (81 kg);source_text=Elif Güneri ( TUR );entry_country=TUR;source_url=https://en.wikipedia.org/wiki/2016_AIBA_Women's_World_Boxing_Championships,5.0
iba_womens_world_boxing_championships_2016_women_light-heavyweight-81-kg,world_boxing_athlete_Franchon_Crews_USA,3,bronze,discipline=Boxing;event=IBA Women's World Boxing Championships Women Light heavyweight (81 kg);event_label=Light heavyweight (81 kg);source_text=Franchon Crews ( USA );entry_country=USA;source_url=https://en.wikipedia.org/wiki/2016_AIBA_Women's_World_Boxing_Championships,5.0
iba_womens_world_boxing_championships_2016_women_light-welterweight-64-kg,world_boxing_athlete_Yang_Wenlu_CHN,1,gold,discipline=Boxing;event=IBA Women's World Boxing Championships Women Light welterweight (64 kg);event_label=Light welterweight (64 kg);source_text=Yang Wenlu ( CHN );entry_country=CHN;source_url=https://en.wikipedia.org/wiki/2016_AIBA_Women's_World_Boxing_Championships,10.0
iba_womens_world_boxing_championships_2016_women_light-welterweight-64-kg,world_boxing_athlete_Kellie_Harrington_IRL,2,silver,discipline=Boxing;event=IBA Women's World Boxing Championships Women Light welterweight (64 kg);event_label=Light welterweight (64 kg);source_text=Kellie Harrington ( IRL );entry_country=IRL;source_url=https://en.wikipedia.org/wiki/2016_AIBA_Women's_World_Boxing_Championships,7.0
iba_womens_world_boxing_championships_2016_women_light-welterweight-64-kg,world_boxing_athlete_Skye_Nicolson_AUS,3,bronze,discipline=Boxing;event=IBA Women's World Boxing Championships Women Light welterweight (64 kg);event_label=Light welterweight (64 kg);source_text=Skye Nicolson ( AUS );entry_country=AUS;source_url=https://en.wikipedia.org/wiki/2016_AIBA_Women's_World_Boxing_Championships,5.0
iba_womens_world_boxing_championships_2016_women_light-welterweight-64-kg,world_boxing_athlete_Sara_Kali_CAN,3,bronze,discipline=Boxing;event=IBA Women's World Boxing Championships Women Light welterweight (64 kg);event_label=Light welterweight (64 kg);source_text=Sara Kali ( CAN );entry_country=CAN;source_url=https://en.wikipedia.org/wiki/2016_AIBA_Women's_World_Boxing_Championships,5.0
iba_womens_world_boxing_championships_2016_women_lightweight-60-kg,world_boxing_athlete_Estelle_Mossely_FRA,1,gold,discipline=Boxing;event=IBA Women's World Boxing Championships Women Lightweight (60 kg);event_label=Lightweight (60 kg);source_text=Estelle Mossely ( FRA );entry_country=FRA;source_url=https://en.wikipedia.org/wiki/2016_AIBA_Women's_World_Boxing_Championships,10.0
iba_womens_world_boxing_championships_2016_women_lightweight-60-kg,world_boxing_athlete_Anastasiia_Beliakova_RUS,2,silver,discipline=Boxing;event=IBA Women's World Boxing Championships Women Lightweight (60 kg);event_label=Lightweight (60 kg);source_text=Anastasiia Beliakova ( RUS );entry_country=RUS;source_url=https://en.wikipedia.org/wiki/2016_AIBA_Women's_World_Boxing_Championships,7.0
iba_womens_world_boxing_championships_2016_women_lightweight-60-kg,world_boxing_athlete_Mira_Potkonen_FIN,3,bronze,discipline=Boxing;event=IBA Women's World Boxing Championships Women Lightweight (60 kg);event_label=Lightweight (60 kg);source_text=Mira Potkonen ( FIN );entry_country=FIN;source_url=https://en.wikipedia.org/wiki/2016_AIBA_Women's_World_Boxing_Championships,5.0
iba_womens_world_boxing_championships_2016_women_lightweight-60-kg,world_boxing_athlete_Katie_Taylor_IRL,3,bronze,discipline=Boxing;event=IBA Women's World Boxing Championships Women Lightweight (60 kg);event_label=Lightweight (60 kg);source_text=Katie Taylor ( IRL );entry_country=IRL;source_url=https://en.wikipedia.org/wiki/2016_AIBA_Women's_World_Boxing_Championships,5.0
iba_womens_world_boxing_championships_2016_women_middleweight-75-kg,world_boxing_athlete_Claressa_Shields_USA,1,gold,discipline=Boxing;event=IBA Women's World Boxing Championships Women Middleweight (75 kg);event_label=Middleweight (75 kg);source_text=Claressa Shields ( USA );entry_country=USA;source_url=https://en.wikipedia.org/wiki/2016_AIBA_Women's_World_Boxing_Championships,10.0
iba_womens_world_boxing_championships_2016_women_middleweight-75-kg,world_boxing_athlete_Nouchka_Fontijn_NED,2,silver,discipline=Boxing;event=IBA Women's World Boxing Championships Women Middleweight (75 kg);event_label=Middleweight (75 kg);source_text=Nouchka Fontijn ( NED );entry_country=NED;source_url=https://en.wikipedia.org/wiki/2016_AIBA_Women's_World_Boxing_Championships,7.0
iba_womens_world_boxing_championships_2016_women_middleweight-75-kg,world_boxing_athlete_Savannah_Marshall_ENG,3,bronze,discipline=Boxing;event=IBA Women's World Boxing Championships Women Middleweight (75 kg);event_label=Middleweight (75 kg);source_text=Savannah Marshall ( ENG );entry_country=ENG;source_url=https://en.wikipedia.org/wiki/2016_AIBA_Women's_World_Boxing_Championships,5.0
iba_womens_world_boxing_championships_2016_women_middleweight-75-kg,world_boxing_athlete_Chen_Nien-chin_TPE,3,bronze,discipline=Boxing;event=IBA Women's World Boxing Championships Women Middleweight (75 kg);event_label=Middleweight (75 kg);source_text=Chen Nien-chin ( TPE );entry_country=TPE;source_url=https://en.wikipedia.org/wiki/2016_AIBA_Women's_World_Boxing_Championships,5.0
iba_womens_world_boxing_championships_2016_women_welterweight-69-kg,world_boxing_athlete_Valentina_Khalzova_KAZ,1,gold,discipline=Boxing;event=IBA Women's World Boxing Championships Women Welterweight (69 kg);event_label=Welterweight (69 kg);source_text=Valentina Khalzova ( KAZ );entry_country=KAZ;source_url=https://en.wikipedia.org/wiki/2016_AIBA_Women's_World_Boxing_Championships,10.0
iba_womens_world_boxing_championships_2016_women_welterweight-69-kg,world_boxing_athlete_Gu_Hong_CHN,2,silver,discipline=Boxing;event=IBA Women's World Boxing Championships Women Welterweight (69 kg);event_label=Welterweight (69 kg);source_text=Gu Hong ( CHN );entry_country=CHN;source_url=https://en.wikipedia.org/wiki/2016_AIBA_Women's_World_Boxing_Championships,7.0
iba_womens_world_boxing_championships_2016_women_welterweight-69-kg,world_boxing_athlete_Elina_Gustafsson_FIN,3,bronze,discipline=Boxing;event=IBA Women's World Boxing Championships Women Welterweight (69 kg);event_label=Welterweight (69 kg);source_text=Elina Gustafsson ( FIN );entry_country=FIN;source_url=https://en.wikipedia.org/wiki/2016_AIBA_Women's_World_Boxing_Championships,5.0
iba_womens_world_boxing_championships_2016_women_welterweight-69-kg,world_boxing_athlete_Nadine_Apetz_GER,3,bronze,discipline=Boxing;event=IBA Women's World Boxing Championships Women Welterweight (69 kg);event_label=Welterweight (69 kg);source_text=Nadine Apetz ( GER );entry_country=GER;source_url=https://en.wikipedia.org/wiki/2016_AIBA_Women's_World_Boxing_Championships,5.0
iba_womens_world_boxing_championships_2018_women_bantamweight-54-kg,world_boxing_athlete_Lin_Yu-ting_TPE,1,gold,discipline=Boxing;event=IBA Women's World Boxing Championships Women Bantamweight (54 kg);event_label=Bantamweight (54 kg);source_text=Lin Yu-ting ( TPE );entry_country=TPE;source_url=https://en.wikipedia.org/wiki/2018_AIBA_Women's_World_Boxing_Championships,10.0
iba_womens_world_boxing_championships_2018_women_bantamweight-54-kg,world_boxing_athlete_Stoyka_Petrova_BUL,2,silver,discipline=Boxing;event=IBA Women's World Boxing Championships Women Bantamweight (54 kg);event_label=Bantamweight (54 kg);source_text=Stoyka Petrova ( BUL );entry_country=BUL;source_url=https://en.wikipedia.org/wiki/2018_AIBA_Women's_World_Boxing_Championships,7.0
iba_womens_world_boxing_championships_2018_women_bantamweight-54-kg,world_boxing_athlete_Kristy_Harris_AUS,3,bronze,discipline=Boxing;event=IBA Women's World Boxing Championships Women Bantamweight (54 kg);event_label=Bantamweight (54 kg);source_text=Kristy Harris ( AUS );entry_country=AUS;source_url=https://en.wikipedia.org/wiki/2018_AIBA_Women's_World_Boxing_Championships,5.0
iba_womens_world_boxing_championships_2018_women_bantamweight-54-kg,world_boxing_athlete_Myagmardulamyn_Nandintsetseg_MGL,3,bronze,discipline=Boxing;event=IBA Women's World Boxing Championships Women Bantamweight (54 kg);event_label=Bantamweight (54 kg);source_text=Myagmardulamyn Nandintsetseg ( MGL );entry_country=MGL;source_url=https://en.wikipedia.org/wiki/2018_AIBA_Women's_World_Boxing_Championships,5.0
iba_womens_world_boxing_championships_2018_women_featherweight-57-kg,world_boxing_athlete_Ornella_Wahner_GER,1,gold,discipline=Boxing;event=IBA Women's World Boxing Championships Women Featherweight (57 kg);event_label=Featherweight (57 kg);source_text=Ornella Wahner ( GER );entry_country=GER;source_url=https://en.wikipedia.org/wiki/2018_AIBA_Women's_World_Boxing_Championships,10.0
iba_womens_world_boxing_championships_2018_women_featherweight-57-kg,world_boxing_athlete_Sonia_Chahal_IND,2,silver,discipline=Boxing;event=IBA Women's World Boxing Championships Women Featherweight (57 kg);event_label=Featherweight (57 kg);source_text=Sonia Chahal ( IND );entry_country=IND;source_url=https://en.wikipedia.org/wiki/2018_AIBA_Women's_World_Boxing_Championships,7.0
iba_womens_world_boxing_championships_2018_women_featherweight-57-kg,world_boxing_athlete_Jemyma_Betrian_NED,3,bronze,discipline=Boxing;event=IBA Women's World Boxing Championships Women Featherweight (57 kg);event_label=Featherweight (57 kg);source_text=Jemyma Betrian ( NED );entry_country=NED;source_url=https://en.wikipedia.org/wiki/2018_AIBA_Women's_World_Boxing_Championships,5.0
iba_womens_world_boxing_championships_2018_women_featherweight-57-kg,world_boxing_athlete_Jo_Son-hwa_PRK,3,bronze,discipline=Boxing;event=IBA Women's World Boxing Championships Women Featherweight (57 kg);event_label=Featherweight (57 kg);source_text=Jo Son-hwa ( PRK );entry_country=PRK;source_url=https://en.wikipedia.org/wiki/2018_AIBA_Women's_World_Boxing_Championships,5.0
iba_womens_world_boxing_championships_2018_women_flyweight-51-kg,world_boxing_athlete_Pang_Chol-mi_PRK,1,gold,discipline=Boxing;event=IBA Women's World Boxing Championships Women Flyweight (51 kg);event_label=Flyweight (51 kg);source_text=Pang Chol-mi ( PRK );entry_country=PRK;source_url=https://en.wikipedia.org/wiki/2018_AIBA_Women's_World_Boxing_Championships,10.0
iba_womens_world_boxing_championships_2018_women_flyweight-51-kg,world_boxing_athlete_Zhaina_Shekerbekova_KAZ,2,silver,discipline=Boxing;event=IBA Women's World Boxing Championships Women Flyweight (51 kg);event_label=Flyweight (51 kg);source_text=Zhaina Shekerbekova ( KAZ );entry_country=KAZ;source_url=https://en.wikipedia.org/wiki/2018_AIBA_Women's_World_Boxing_Championships,7.0
iba_womens_world_boxing_championships_2018_women_flyweight-51-kg,world_boxing_athlete_Tsukimi_Namiki_JPN,3,bronze,discipline=Boxing;event=IBA Women's World Boxing Championships Women Flyweight (51 kg);event_label=Flyweight (51 kg);source_text=Tsukimi Namiki ( JPN );entry_country=JPN;source_url=https://en.wikipedia.org/wiki/2018_AIBA_Women's_World_Boxing_Championships,5.0
iba_womens_world_boxing_championships_2018_women_flyweight-51-kg,world_boxing_athlete_Virginia_Fuchs_USA,3,bronze,discipline=Boxing;event=IBA Women's World Boxing Championships Women Flyweight (51 kg);event_label=Flyweight (51 kg);source_text=Virginia Fuchs ( USA );entry_country=USA;source_url=https://en.wikipedia.org/wiki/2018_AIBA_Women's_World_Boxing_Championships,5.0
iba_womens_world_boxing_championships_2018_women_heavyweight-plus81-kg,world_boxing_athlete_Yang_Xiaoli_CHN,1,gold,discipline=Boxing;event=IBA Women's World Boxing Championships Women Heavyweight (+81 kg);event_label=Heavyweight (+81 kg);source_text=Yang Xiaoli ( CHN );entry_country=CHN;source_url=https://en.wikipedia.org/wiki/2018_AIBA_Women's_World_Boxing_Championships,10.0
iba_womens_world_boxing_championships_2018_women_heavyweight-plus81-kg,world_boxing_athlete_ennur_Demir_TUR,2,silver,discipline=Boxing;event=IBA Women's World Boxing Championships Women Heavyweight (+81 kg);event_label=Heavyweight (+81 kg);source_text=Şennur Demir ( TUR );entry_country=TUR;source_url=https://en.wikipedia.org/wiki/2018_AIBA_Women's_World_Boxing_Championships,7.0
iba_womens_world_boxing_championships_2018_women_heavyweight-plus81-kg,world_boxing_athlete_Kristina_Tkacheva_RUS,3,bronze,discipline=Boxing;event=IBA Women's World Boxing Championships Women Heavyweight (+81 kg);event_label=Heavyweight (+81 kg);source_text=Kristina Tkacheva ( RUS );entry_country=RUS;source_url=https://en.wikipedia.org/wiki/2018_AIBA_Women's_World_Boxing_Championships,5.0
iba_womens_world_boxing_championships_2018_women_heavyweight-plus81-kg,world_boxing_athlete_Danielle_Perkins_USA,3,bronze,discipline=Boxing;event=IBA Women's World Boxing Championships Women Heavyweight (+81 kg);event_label=Heavyweight (+81 kg);source_text=Danielle Perkins ( USA );entry_country=USA;source_url=https://en.wikipedia.org/wiki/2018_AIBA_Women's_World_Boxing_Championships,5.0
iba_womens_world_boxing_championships_2018_women_light-flyweight-45-48-kg,world_boxing_athlete_Mary_Kom_IND,1,gold,discipline=Boxing;event=IBA Women's World Boxing Championships Women Light flyweight (45–48 kg);event_label=Light flyweight (45–48 kg);source_text=Mary Kom ( IND );entry_country=IND;source_url=https://en.wikipedia.org/wiki/2018_AIBA_Women's_World_Boxing_Championships,10.0
iba_womens_world_boxing_championships_2018_women_light-flyweight-45-48-kg,world_boxing_athlete_Hanna_Okhota_UKR,2,silver,discipline=Boxing;event=IBA Women's World Boxing Championships Women Light flyweight (45–48 kg);event_label=Light flyweight (45–48 kg);source_text=Hanna Okhota ( UKR );entry_country=UKR;source_url=https://en.wikipedia.org/wiki/2018_AIBA_Women's_World_Boxing_Championships,7.0
iba_womens_world_boxing_championships_2018_women_light-flyweight-45-48-kg,world_boxing_athlete_Madoka_Wada_JPN,3,bronze,discipline=Boxing;event=IBA Women's World Boxing Championships Women Light flyweight (45–48 kg);event_label=Light flyweight (45–48 kg);source_text=Madoka Wada ( JPN );entry_country=JPN;source_url=https://en.wikipedia.org/wiki/2018_AIBA_Women's_World_Boxing_Championships,5.0
iba_womens_world_boxing_championships_2018_women_light-flyweight-45-48-kg,world_boxing_athlete_Kim_Hyang-mi_PRK,3,bronze,discipline=Boxing;event=IBA Women's World Boxing Championships Women Light flyweight (45–48 kg);event_label=Light flyweight (45–48 kg);source_text=Kim Hyang-mi ( PRK );entry_country=PRK;source_url=https://en.wikipedia.org/wiki/2018_AIBA_Women's_World_Boxing_Championships,5.0
iba_womens_world_boxing_championships_2018_women_light-heavyweight-81-kg,world_boxing_athlete_Wang_Lina_CHN,1,gold,discipline=Boxing;event=IBA Women's World Boxing Championships Women Light heavyweight (81 kg);event_label=Light heavyweight (81 kg);source_text=Wang Lina ( CHN );entry_country=CHN;source_url=https://en.wikipedia.org/wiki/2018_AIBA_Women's_World_Boxing_Championships,10.0
iba_womens_world_boxing_championships_2018_women_light-heavyweight-81-kg,world_boxing_athlete_Jessica_Caicedo_COL,2,silver,discipline=Boxing;event=IBA Women's World Boxing Championships Women Light heavyweight (81 kg);event_label=Light heavyweight (81 kg);source_text=Jessica Caicedo ( COL );entry_country=COL;source_url=https://en.wikipedia.org/wiki/2018_AIBA_Women's_World_Boxing_Championships,7.0
iba_womens_world_boxing_championships_2018_women_light-heavyweight-81-kg,world_boxing_athlete_Viktoria_Kebikava_BLR,3,bronze,discipline=Boxing;event=IBA Women's World Boxing Championships Women Light heavyweight (81 kg);event_label=Light heavyweight (81 kg);source_text=Viktoria Kebikava ( BLR );entry_country=BLR;source_url=https://en.wikipedia.org/wiki/2018_AIBA_Women's_World_Boxing_Championships,5.0
iba_womens_world_boxing_championships_2018_women_light-heavyweight-81-kg,world_boxing_athlete_Elif_Güneri_TUR,3,bronze,discipline=Boxing;event=IBA Women's World Boxing Championships Women Light heavyweight (81 kg);event_label=Light heavyweight (81 kg);source_text=Elif Güneri ( TUR );entry_country=TUR;source_url=https://en.wikipedia.org/wiki/2018_AIBA_Women's_World_Boxing_Championships,5.0
iba_womens_world_boxing_championships_2018_women_light-welterweight-64-kg,world_boxing_athlete_Dou_Dan_CHN,1,gold,discipline=Boxing;event=IBA Women's World Boxing Championships Women Light welterweight (64 kg);event_label=Light welterweight (64 kg);source_text=Dou Dan ( CHN );entry_country=CHN;source_url=https://en.wikipedia.org/wiki/2018_AIBA_Women's_World_Boxing_Championships,10.0
iba_womens_world_boxing_championships_2018_women_light-welterweight-64-kg,world_boxing_athlete_Mariia_Bova_UKR,2,silver,discipline=Boxing;event=IBA Women's World Boxing Championships Women Light welterweight (64 kg);event_label=Light welterweight (64 kg);source_text=Mariia Bova ( UKR );entry_country=UKR;source_url=https://en.wikipedia.org/wiki/2018_AIBA_Women's_World_Boxing_Championships,7.0
iba_womens_world_boxing_championships_2018_women_light-welterweight-64-kg,world_boxing_athlete_Simranjit_Kaur_IND,3,bronze,discipline=Boxing;event=IBA Women's World Boxing Championships Women Light welterweight (64 kg);event_label=Light welterweight (64 kg);source_text=Simranjit Kaur ( IND );entry_country=IND;source_url=https://en.wikipedia.org/wiki/2018_AIBA_Women's_World_Boxing_Championships,5.0
iba_womens_world_boxing_championships_2018_women_light-welterweight-64-kg,world_boxing_athlete_Sema_Çalkan_TUR,3,bronze,discipline=Boxing;event=IBA Women's World Boxing Championships Women Light welterweight (64 kg);event_label=Light welterweight (64 kg);source_text=Sema Çalışkan ( TUR );entry_country=TUR;source_url=https://en.wikipedia.org/wiki/2018_AIBA_Women's_World_Boxing_Championships,5.0
iba_womens_world_boxing_championships_2018_women_lightweight-60-kg,world_boxing_athlete_Kellie_Harrington_IRL,1,gold,discipline=Boxing;event=IBA Women's World Boxing Championships Women Lightweight (60 kg);event_label=Lightweight (60 kg);source_text=Kellie Harrington ( IRL );entry_country=IRL;source_url=https://en.wikipedia.org/wiki/2018_AIBA_Women's_World_Boxing_Championships,10.0
iba_womens_world_boxing_championships_2018_women_lightweight-60-kg,world_boxing_athlete_Sudaporn_Seesondee_THA,2,silver,discipline=Boxing;event=IBA Women's World Boxing Championships Women Lightweight (60 kg);event_label=Lightweight (60 kg);source_text=Sudaporn Seesondee ( THA );entry_country=THA;source_url=https://en.wikipedia.org/wiki/2018_AIBA_Women's_World_Boxing_Championships,7.0
iba_womens_world_boxing_championships_2018_women_lightweight-60-kg,world_boxing_athlete_Karina_Ibragimova_KAZ,3,bronze,discipline=Boxing;event=IBA Women's World Boxing Championships Women Lightweight (60 kg);event_label=Lightweight (60 kg);source_text=Karina Ibragimova ( KAZ );entry_country=KAZ;source_url=https://en.wikipedia.org/wiki/2018_AIBA_Women's_World_Boxing_Championships,5.0
iba_womens_world_boxing_championships_2018_women_lightweight-60-kg,world_boxing_athlete_Oh_Yeon-ji_KOR,3,bronze,discipline=Boxing;event=IBA Women's World Boxing Championships Women Lightweight (60 kg);event_label=Lightweight (60 kg);source_text=Oh Yeon-ji ( KOR );entry_country=KOR;source_url=https://en.wikipedia.org/wiki/2018_AIBA_Women's_World_Boxing_Championships,5.0
iba_womens_world_boxing_championships_2018_women_middleweight-75-kg,world_boxing_athlete_Li_Qian_CHN,1,gold,discipline=Boxing;event=IBA Women's World Boxing Championships Women Middleweight (75 kg);event_label=Middleweight (75 kg);source_text=Li Qian ( CHN );entry_country=CHN;source_url=https://en.wikipedia.org/wiki/2018_AIBA_Women's_World_Boxing_Championships,10.0
iba_womens_world_boxing_championships_2018_women_middleweight-75-kg,world_boxing_athlete_Nouchka_Fontijn_NED,2,silver,discipline=Boxing;event=IBA Women's World Boxing Championships Women Middleweight (75 kg);event_label=Middleweight (75 kg);source_text=Nouchka Fontijn ( NED );entry_country=NED;source_url=https://en.wikipedia.org/wiki/2018_AIBA_Women's_World_Boxing_Championships,7.0
iba_womens_world_boxing_championships_2018_women_middleweight-75-kg,world_boxing_athlete_Naomi_Graham_USA,3,bronze,discipline=Boxing;event=IBA Women's World Boxing Championships Women Middleweight (75 kg);event_label=Middleweight (75 kg);source_text=Naomi Graham ( USA );entry_country=USA;source_url=https://en.wikipedia.org/wiki/2018_AIBA_Women's_World_Boxing_Championships,5.0
iba_womens_world_boxing_championships_2018_women_middleweight-75-kg,world_boxing_athlete_Lauren_Price_WAL,3,bronze,discipline=Boxing;event=IBA Women's World Boxing Championships Women Middleweight (75 kg);event_label=Middleweight (75 kg);source_text=Lauren Price ( WAL );entry_country=WAL;source_url=https://en.wikipedia.org/wiki/2018_AIBA_Women's_World_Boxing_Championships,5.0
iba_womens_world_boxing_championships_2018_women_welterweight-69-kg,world_boxing_athlete_Chen_Nien-chin_TPE,1,gold,discipline=Boxing;event=IBA Women's World Boxing Championships Women Welterweight (69 kg);event_label=Welterweight (69 kg);source_text=Chen Nien-chin ( TPE );entry_country=TPE;source_url=https://en.wikipedia.org/wiki/2018_AIBA_Women's_World_Boxing_Championships,10.0
iba_womens_world_boxing_championships_2018_women_welterweight-69-kg,world_boxing_athlete_Gu_Hong_CHN,2,silver,discipline=Boxing;event=IBA Women's World Boxing Championships Women Welterweight (69 kg);event_label=Welterweight (69 kg);source_text=Gu Hong ( CHN );entry_country=CHN;source_url=https://en.wikipedia.org/wiki/2018_AIBA_Women's_World_Boxing_Championships,7.0
iba_womens_world_boxing_championships_2018_women_welterweight-69-kg,world_boxing_athlete_Nadine_Apetz_GER,3,bronze,discipline=Boxing;event=IBA Women's World Boxing Championships Women Welterweight (69 kg);event_label=Welterweight (69 kg);source_text=Nadine Apetz ( GER );entry_country=GER;source_url=https://en.wikipedia.org/wiki/2018_AIBA_Women's_World_Boxing_Championships,5.0
iba_womens_world_boxing_championships_2018_women_welterweight-69-kg,world_boxing_athlete_Lovlina_Borgohain_IND,3,bronze,discipline=Boxing;event=IBA Women's World Boxing Championships Women Welterweight (69 kg);event_label=Welterweight (69 kg);source_text=Lovlina Borgohain ( IND );entry_country=IND;source_url=https://en.wikipedia.org/wiki/2018_AIBA_Women's_World_Boxing_Championships,5.0
iba_womens_world_boxing_championships_2019_women_bantamweight,world_boxing_athlete_Huang_Hsiao-wen_TPE,1,gold,discipline=Boxing;event=IBA Women's World Boxing Championships Women Bantamweight;event_label=Bantamweight;source_text=Huang Hsiao-wen Chinese Taipei;entry_country=TPE;source_url=https://en.wikipedia.org/wiki/2019_AIBA_Women's_World_Boxing_Championships,10.0
iba_womens_world_boxing_championships_2019_women_bantamweight,world_boxing_athlete_Caroline_Cruveillier_FRA,2,silver,discipline=Boxing;event=IBA Women's World Boxing Championships Women Bantamweight;event_label=Bantamweight;source_text=Caroline Cruveillier France;entry_country=FRA;source_url=https://en.wikipedia.org/wiki/2019_AIBA_Women's_World_Boxing_Championships,7.0
iba_womens_world_boxing_championships_2019_women_bantamweight,world_boxing_athlete_Jamuna_Boro_IND,3,bronze,discipline=Boxing;event=IBA Women's World Boxing Championships Women Bantamweight;event_label=Bantamweight;source_text=Jamuna Boro India;entry_country=IND;source_url=https://en.wikipedia.org/wiki/2019_AIBA_Women's_World_Boxing_Championships,5.0
iba_womens_world_boxing_championships_2019_women_bantamweight,world_boxing_athlete_Mikiah_Kreps_USA,3,bronze,discipline=Boxing;event=IBA Women's World Boxing Championships Women Bantamweight;event_label=Bantamweight;source_text=Mikiah Kreps United States;entry_country=USA;source_url=https://en.wikipedia.org/wiki/2019_AIBA_Women's_World_Boxing_Championships,5.0
iba_womens_world_boxing_championships_2019_women_featherweight,world_boxing_athlete_Nesthy_Petecio_PHL,1,gold,discipline=Boxing;event=IBA Women's World Boxing Championships Women Featherweight;event_label=Featherweight;source_text=Nesthy Petecio Philippines;entry_country=PHL;source_url=https://en.wikipedia.org/wiki/2019_AIBA_Women's_World_Boxing_Championships,10.0
iba_womens_world_boxing_championships_2019_women_featherweight,world_boxing_athlete_Liudmila_Vorontsova_RUS,2,silver,discipline=Boxing;event=IBA Women's World Boxing Championships Women Featherweight;event_label=Featherweight;source_text=Liudmila Vorontsova Russia;entry_country=RUS;source_url=https://en.wikipedia.org/wiki/2019_AIBA_Women's_World_Boxing_Championships,7.0
iba_womens_world_boxing_championships_2019_women_featherweight,world_boxing_athlete_Karriss_Artingstall_ENG,3,bronze,discipline=Boxing;event=IBA Women's World Boxing Championships Women Featherweight;event_label=Featherweight;source_text=Karriss Artingstall England;entry_country=ENG;source_url=https://en.wikipedia.org/wiki/2019_AIBA_Women's_World_Boxing_Championships,5.0
iba_womens_world_boxing_championships_2019_women_featherweight,world_boxing_athlete_Lin_Yu-ting_TPE,3,bronze,discipline=Boxing;event=IBA Women's World Boxing Championships Women Featherweight;event_label=Featherweight;source_text=Lin Yu-ting Chinese Taipei;entry_country=TPE;source_url=https://en.wikipedia.org/wiki/2019_AIBA_Women's_World_Boxing_Championships,5.0
iba_womens_world_boxing_championships_2019_women_flyweight,world_boxing_athlete_Liliya_Aetbaeva_RUS,1,gold,discipline=Boxing;event=IBA Women's World Boxing Championships Women Flyweight;event_label=Flyweight;source_text=Liliya Aetbaeva Russia;entry_country=RUS;source_url=https://en.wikipedia.org/wiki/2019_AIBA_Women's_World_Boxing_Championships,10.0
iba_womens_world_boxing_championships_2019_women_flyweight,world_boxing_athlete_Buse_Naz_Çakrolu_TUR,2,silver,discipline=Boxing;event=IBA Women's World Boxing Championships Women Flyweight;event_label=Flyweight;source_text=Buse Naz Çakıroğlu Turkey;entry_country=TUR;source_url=https://en.wikipedia.org/wiki/2019_AIBA_Women's_World_Boxing_Championships,7.0
iba_womens_world_boxing_championships_2019_women_flyweight,world_boxing_athlete_Mary_Kom_IND,3,bronze,discipline=Boxing;event=IBA Women's World Boxing Championships Women Flyweight;event_label=Flyweight;source_text=Mary Kom India;entry_country=IND;source_url=https://en.wikipedia.org/wiki/2019_AIBA_Women's_World_Boxing_Championships,5.0
iba_womens_world_boxing_championships_2019_women_flyweight,world_boxing_athlete_Pang_Chol-mi_PRK,3,bronze,discipline=Boxing;event=IBA Women's World Boxing Championships Women Flyweight;event_label=Flyweight;source_text=Pang Chol-mi North Korea;entry_country=PRK;source_url=https://en.wikipedia.org/wiki/2019_AIBA_Women's_World_Boxing_Championships,5.0
iba_womens_world_boxing_championships_2019_women_heavyweight,world_boxing_athlete_Danielle_Perkins_USA,1,gold,discipline=Boxing;event=IBA Women's World Boxing Championships Women Heavyweight;event_label=Heavyweight;source_text=Danielle Perkins United States;entry_country=USA;source_url=https://en.wikipedia.org/wiki/2019_AIBA_Women's_World_Boxing_Championships,10.0
iba_womens_world_boxing_championships_2019_women_heavyweight,world_boxing_athlete_Yang_Xiaoli_CHN,2,silver,discipline=Boxing;event=IBA Women's World Boxing Championships Women Heavyweight;event_label=Heavyweight;source_text=Yang Xiaoli China;entry_country=CHN;source_url=https://en.wikipedia.org/wiki/2019_AIBA_Women's_World_Boxing_Championships,7.0
iba_womens_world_boxing_championships_2019_women_heavyweight,world_boxing_athlete_Katsiaryna_Kavaleva_BLR,3,bronze,discipline=Boxing;event=IBA Women's World Boxing Championships Women Heavyweight;event_label=Heavyweight;source_text=Katsiaryna Kavaleva Belarus;entry_country=BLR;source_url=https://en.wikipedia.org/wiki/2019_AIBA_Women's_World_Boxing_Championships,5.0
iba_womens_world_boxing_championships_2019_women_heavyweight,world_boxing_athlete_Dina_Islambekova_KAZ,3,bronze,discipline=Boxing;event=IBA Women's World Boxing Championships Women Heavyweight;event_label=Heavyweight;source_text=Dina Islambekova Kazakhstan;entry_country=KAZ;source_url=https://en.wikipedia.org/wiki/2019_AIBA_Women's_World_Boxing_Championships,5.0
iba_womens_world_boxing_championships_2019_women_light-flyweight,world_boxing_athlete_Ekaterina_Paltceva_RUS,1,gold,discipline=Boxing;event=IBA Women's World Boxing Championships Women Light flyweight;event_label=Light flyweight;source_text=Ekaterina Paltceva Russia;entry_country=RUS;source_url=https://en.wikipedia.org/wiki/2019_AIBA_Women's_World_Boxing_Championships,10.0
iba_womens_world_boxing_championships_2019_women_light-flyweight,world_boxing_athlete_Manju_Rani_IND,2,silver,discipline=Boxing;event=IBA Women's World Boxing Championships Women Light flyweight;event_label=Light flyweight;source_text=Manju Rani India;entry_country=IND;source_url=https://en.wikipedia.org/wiki/2019_AIBA_Women's_World_Boxing_Championships,7.0
iba_womens_world_boxing_championships_2019_women_light-flyweight,world_boxing_athlete_Demie-Jade_Resztan_ENG,3,bronze,discipline=Boxing;event=IBA Women's World Boxing Championships Women Light flyweight;event_label=Light flyweight;source_text=Demie-Jade Resztan England;entry_country=ENG;source_url=https://en.wikipedia.org/wiki/2019_AIBA_Women's_World_Boxing_Championships,5.0
iba_womens_world_boxing_championships_2019_women_light-flyweight,world_boxing_athlete_Chuthamat_Raksat_THA,3,bronze,discipline=Boxing;event=IBA Women's World Boxing Championships Women Light flyweight;event_label=Light flyweight;source_text=Chuthamat Raksat Thailand;entry_country=THA;source_url=https://en.wikipedia.org/wiki/2019_AIBA_Women's_World_Boxing_Championships,5.0
iba_womens_world_boxing_championships_2019_women_light-heavyweight,world_boxing_athlete_Zemfira_Magomedalieva_RUS,1,gold,discipline=Boxing;event=IBA Women's World Boxing Championships Women Light heavyweight;event_label=Light heavyweight;source_text=Zemfira Magomedalieva Russia;entry_country=RUS;source_url=https://en.wikipedia.org/wiki/2019_AIBA_Women's_World_Boxing_Championships,10.0
iba_womens_world_boxing_championships_2019_women_light-heavyweight,world_boxing_athlete_Elif_Güneri_TUR,2,silver,discipline=Boxing;event=IBA Women's World Boxing Championships Women Light heavyweight;event_label=Light heavyweight;source_text=Elif Güneri Turkey;entry_country=TUR;source_url=https://en.wikipedia.org/wiki/2019_AIBA_Women's_World_Boxing_Championships,7.0
iba_womens_world_boxing_championships_2019_women_light-heavyweight,world_boxing_athlete_Wang_Lina_CHN,3,bronze,discipline=Boxing;event=IBA Women's World Boxing Championships Women Light heavyweight;event_label=Light heavyweight;source_text=Wang Lina China;entry_country=CHN;source_url=https://en.wikipedia.org/wiki/2019_AIBA_Women's_World_Boxing_Championships,5.0
iba_womens_world_boxing_championships_2019_women_light-heavyweight,world_boxing_athlete_Nguyn_Th_Hng_VIE,3,bronze,discipline=Boxing;event=IBA Women's World Boxing Championships Women Light heavyweight;event_label=Light heavyweight;source_text=Nguyễn Thị Hương Vietnam;entry_country=VIE;source_url=https://en.wikipedia.org/wiki/2019_AIBA_Women's_World_Boxing_Championships,5.0
iba_womens_world_boxing_championships_2019_women_light-welterweight,world_boxing_athlete_Dou_Dan_CHN,1,gold,discipline=Boxing;event=IBA Women's World Boxing Championships Women Light welterweight;event_label=Light welterweight;source_text=Dou Dan China;entry_country=CHN;source_url=https://en.wikipedia.org/wiki/2019_AIBA_Women's_World_Boxing_Championships,10.0
iba_womens_world_boxing_championships_2019_women_light-welterweight,world_boxing_athlete_Angela_Carini_ITA,2,silver,discipline=Boxing;event=IBA Women's World Boxing Championships Women Light welterweight;event_label=Light welterweight;source_text=Angela Carini Italy;entry_country=ITA;source_url=https://en.wikipedia.org/wiki/2019_AIBA_Women's_World_Boxing_Championships,7.0
iba_womens_world_boxing_championships_2019_women_light-welterweight,world_boxing_athlete_Milana_Safronova_KAZ,3,bronze,discipline=Boxing;event=IBA Women's World Boxing Championships Women Light welterweight;event_label=Light welterweight;source_text=Milana Safronova Kazakhstan;entry_country=KAZ;source_url=https://en.wikipedia.org/wiki/2019_AIBA_Women's_World_Boxing_Championships,5.0
iba_womens_world_boxing_championships_2019_women_light-welterweight,world_boxing_athlete_Ekaterina_Dynnik_RUS,3,bronze,discipline=Boxing;event=IBA Women's World Boxing Championships Women Light welterweight;event_label=Light welterweight;source_text=Ekaterina Dynnik Russia;entry_country=RUS;source_url=https://en.wikipedia.org/wiki/2019_AIBA_Women's_World_Boxing_Championships,5.0
iba_womens_world_boxing_championships_2019_women_lightweight,world_boxing_athlete_Beatriz_Ferreira_BRA,1,gold,discipline=Boxing;event=IBA Women's World Boxing Championships Women Lightweight;event_label=Lightweight;source_text=Beatriz Ferreira Brazil;entry_country=BRA;source_url=https://en.wikipedia.org/wiki/2019_AIBA_Women's_World_Boxing_Championships,10.0
iba_womens_world_boxing_championships_2019_women_lightweight,world_boxing_athlete_Wang_Cong_CHN,2,silver,discipline=Boxing;event=IBA Women's World Boxing Championships Women Lightweight;event_label=Lightweight;source_text=Wang Cong China;entry_country=CHN;source_url=https://en.wikipedia.org/wiki/2019_AIBA_Women's_World_Boxing_Championships,7.0
iba_womens_world_boxing_championships_2019_women_lightweight,world_boxing_athlete_Mira_Potkonen_FIN,3,bronze,discipline=Boxing;event=IBA Women's World Boxing Championships Women Lightweight;event_label=Lightweight;source_text=Mira Potkonen Finland;entry_country=FIN;source_url=https://en.wikipedia.org/wiki/2019_AIBA_Women's_World_Boxing_Championships,5.0
iba_womens_world_boxing_championships_2019_women_lightweight,world_boxing_athlete_Rashida_Ellis_USA,3,bronze,discipline=Boxing;event=IBA Women's World Boxing Championships Women Lightweight;event_label=Lightweight;source_text=Rashida Ellis United States;entry_country=USA;source_url=https://en.wikipedia.org/wiki/2019_AIBA_Women's_World_Boxing_Championships,5.0
iba_womens_world_boxing_championships_2019_women_middleweight,world_boxing_athlete_Lauren_Price_WAL,1,gold,discipline=Boxing;event=IBA Women's World Boxing Championships Women Middleweight;event_label=Middleweight;source_text=Lauren Price Wales;entry_country=WAL;source_url=https://en.wikipedia.org/wiki/2019_AIBA_Women's_World_Boxing_Championships,10.0
iba_womens_world_boxing_championships_2019_women_middleweight,world_boxing_athlete_Nouchka_Fontijn_NLD,2,silver,discipline=Boxing;event=IBA Women's World Boxing Championships Women Middleweight;event_label=Middleweight;source_text=Nouchka Fontijn Netherlands;entry_country=NLD;source_url=https://en.wikipedia.org/wiki/2019_AIBA_Women's_World_Boxing_Championships,7.0
iba_womens_world_boxing_championships_2019_women_middleweight,world_boxing_athlete_Tammara_Thibeault_CAN,3,bronze,discipline=Boxing;event=IBA Women's World Boxing Championships Women Middleweight;event_label=Middleweight;source_text=Tammara Thibeault Canada;entry_country=CAN;source_url=https://en.wikipedia.org/wiki/2019_AIBA_Women's_World_Boxing_Championships,5.0
iba_womens_world_boxing_championships_2019_women_middleweight,world_boxing_athlete_Khadija_El-Mardi_MAR,3,bronze,discipline=Boxing;event=IBA Women's World Boxing Championships Women Middleweight;event_label=Middleweight;source_text=Khadija El-Mardi Morocco;entry_country=MAR;source_url=https://en.wikipedia.org/wiki/2019_AIBA_Women's_World_Boxing_Championships,5.0
iba_womens_world_boxing_championships_2019_women_welterweight,world_boxing_athlete_Busenaz_Sürmeneli_TUR,1,gold,discipline=Boxing;event=IBA Women's World Boxing Championships Women Welterweight;event_label=Welterweight;source_text=Busenaz Sürmeneli Turkey;entry_country=TUR;source_url=https://en.wikipedia.org/wiki/2019_AIBA_Women's_World_Boxing_Championships,10.0
iba_womens_world_boxing_championships_2019_women_welterweight,world_boxing_athlete_Yang_Liu_CHN,2,silver,discipline=Boxing;event=IBA Women's World Boxing Championships Women Welterweight;event_label=Welterweight;source_text=Yang Liu China;entry_country=CHN;source_url=https://en.wikipedia.org/wiki/2019_AIBA_Women's_World_Boxing_Championships,7.0
iba_womens_world_boxing_championships_2019_women_welterweight,world_boxing_athlete_Lovlina_Borgohain_IND,3,bronze,discipline=Boxing;event=IBA Women's World Boxing Championships Women Welterweight;event_label=Welterweight;source_text=Lovlina Borgohain India;entry_country=IND;source_url=https://en.wikipedia.org/wiki/2019_AIBA_Women's_World_Boxing_Championships,5.0
iba_womens_world_boxing_championships_2019_women_welterweight,world_boxing_athlete_Saadat_Dalgatova_RUS,3,bronze,discipline=Boxing;event=IBA Women's World Boxing Championships Women Welterweight;event_label=Welterweight;source_text=Saadat Dalgatova Russia;entry_country=RUS;source_url=https://en.wikipedia.org/wiki/2019_AIBA_Women's_World_Boxing_Championships,5.0
iba_womens_world_boxing_championships_2022_women_bantamweight,world_boxing_athlete_Hatice_Akba_TUR,1,gold,discipline=Boxing;event=IBA Women's World Boxing Championships Women Bantamweight;event_label=Bantamweight;source_text=Hatice Akbaş Turkey;entry_country=TUR;source_url=https://en.wikipedia.org/wiki/2022_IBA_Women's_World_Boxing_Championships,10.0
iba_womens_world_boxing_championships_2022_women_bantamweight,world_boxing_athlete_Lcrmioara_Perijoc_ROU,2,silver,discipline=Boxing;event=IBA Women's World Boxing Championships Women Bantamweight;event_label=Bantamweight;source_text=Lăcrămioara Perijoc Romania;entry_country=ROU;source_url=https://en.wikipedia.org/wiki/2022_IBA_Women's_World_Boxing_Championships,7.0
iba_womens_world_boxing_championships_2022_women_bantamweight,world_boxing_athlete_Dina_Zholaman_KAZ,3,bronze,discipline=Boxing;event=IBA Women's World Boxing Championships Women Bantamweight;event_label=Bantamweight;source_text=Dina Zholaman Kazakhstan;entry_country=KAZ;source_url=https://en.wikipedia.org/wiki/2022_IBA_Women's_World_Boxing_Championships,5.0
iba_womens_world_boxing_championships_2022_women_bantamweight,world_boxing_athlete_Preedakamon_Tintabthai_THA,3,bronze,discipline=Boxing;event=IBA Women's World Boxing Championships Women Bantamweight;event_label=Bantamweight;source_text=Preedakamon Tintabthai Thailand;entry_country=THA;source_url=https://en.wikipedia.org/wiki/2022_IBA_Women's_World_Boxing_Championships,5.0
iba_womens_world_boxing_championships_2022_women_featherweight,world_boxing_athlete_Lin_Yu-ting_TPE,1,gold,discipline=Boxing;event=IBA Women's World Boxing Championships Women Featherweight;event_label=Featherweight;source_text=Lin Yu-ting Chinese Taipei;entry_country=TPE;source_url=https://en.wikipedia.org/wiki/2022_IBA_Women's_World_Boxing_Championships,10.0
iba_womens_world_boxing_championships_2022_women_featherweight,world_boxing_athlete_Irma_Testa_ITA,2,silver,discipline=Boxing;event=IBA Women's World Boxing Championships Women Featherweight;event_label=Featherweight;source_text=Irma Testa Italy;entry_country=ITA;source_url=https://en.wikipedia.org/wiki/2022_IBA_Women's_World_Boxing_Championships,7.0
iba_womens_world_boxing_championships_2022_women_featherweight,world_boxing_athlete_Manisha_Moun_IND,3,bronze,discipline=Boxing;event=IBA Women's World Boxing Championships Women Featherweight;event_label=Featherweight;source_text=Manisha Moun India;entry_country=IND;source_url=https://en.wikipedia.org/wiki/2022_IBA_Women's_World_Boxing_Championships,5.0
iba_womens_world_boxing_championships_2022_women_featherweight,world_boxing_athlete_Karina_Ibragimova_KAZ,3,bronze,discipline=Boxing;event=IBA Women's World Boxing Championships Women Featherweight;event_label=Featherweight;source_text=Karina Ibragimova Kazakhstan;entry_country=KAZ;source_url=https://en.wikipedia.org/wiki/2022_IBA_Women's_World_Boxing_Championships,5.0
iba_womens_world_boxing_championships_2022_women_flyweight,world_boxing_athlete_Nikhat_Zareen_IND,1,gold,discipline=Boxing;event=IBA Women's World Boxing Championships Women Flyweight;event_label=Flyweight;source_text=Nikhat Zareen India;entry_country=IND;source_url=https://en.wikipedia.org/wiki/2022_IBA_Women's_World_Boxing_Championships,10.0
iba_womens_world_boxing_championships_2022_women_flyweight,world_boxing_athlete_Jutamas_Jitpong_THA,2,silver,discipline=Boxing;event=IBA Women's World Boxing Championships Women Flyweight;event_label=Flyweight;source_text=Jutamas Jitpong Thailand;entry_country=THA;source_url=https://en.wikipedia.org/wiki/2022_IBA_Women's_World_Boxing_Championships,7.0
iba_womens_world_boxing_championships_2022_women_flyweight,world_boxing_athlete_Caroline_de_Almeida_BRA,3,bronze,discipline=Boxing;event=IBA Women's World Boxing Championships Women Flyweight;event_label=Flyweight;source_text=Caroline de Almeida Brazil;entry_country=BRA;source_url=https://en.wikipedia.org/wiki/2022_IBA_Women's_World_Boxing_Championships,5.0
iba_womens_world_boxing_championships_2022_women_flyweight,world_boxing_athlete_Zhaina_Shekerbekova_KAZ,3,bronze,discipline=Boxing;event=IBA Women's World Boxing Championships Women Flyweight;event_label=Flyweight;source_text=Zhaina Shekerbekova Kazakhstan;entry_country=KAZ;source_url=https://en.wikipedia.org/wiki/2022_IBA_Women's_World_Boxing_Championships,5.0
iba_womens_world_boxing_championships_2022_women_heavyweight,world_boxing_athlete_ennur_Demir_TUR,1,gold,discipline=Boxing;event=IBA Women's World Boxing Championships Women Heavyweight;event_label=Heavyweight;source_text=Şennur Demir Turkey;entry_country=TUR;source_url=https://en.wikipedia.org/wiki/2022_IBA_Women's_World_Boxing_Championships,10.0
iba_womens_world_boxing_championships_2022_women_heavyweight,world_boxing_athlete_Khadija_El-Mardi_MAR,2,silver,discipline=Boxing;event=IBA Women's World Boxing Championships Women Heavyweight;event_label=Heavyweight;source_text=Khadija El-Mardi Morocco;entry_country=MAR;source_url=https://en.wikipedia.org/wiki/2022_IBA_Women's_World_Boxing_Championships,7.0
iba_womens_world_boxing_championships_2022_women_heavyweight,world_boxing_athlete_Lidia_Fidura_POL,3,bronze,discipline=Boxing;event=IBA Women's World Boxing Championships Women Heavyweight;event_label=Heavyweight;source_text=Lidia Fidura Poland;entry_country=POL;source_url=https://en.wikipedia.org/wiki/2022_IBA_Women's_World_Boxing_Championships,5.0
iba_womens_world_boxing_championships_2022_women_heavyweight,world_boxing_athlete_Mokhira_Abdullaeva_UZB,3,bronze,discipline=Boxing;event=IBA Women's World Boxing Championships Women Heavyweight;event_label=Heavyweight;source_text=Mokhira Abdullaeva Uzbekistan;entry_country=UZB;source_url=https://en.wikipedia.org/wiki/2022_IBA_Women's_World_Boxing_Championships,5.0
iba_womens_world_boxing_championships_2022_women_light-flyweight,world_boxing_athlete_Buse_Naz_Çakrolu_TUR,1,gold,discipline=Boxing;event=IBA Women's World Boxing Championships Women Light flyweight;event_label=Light flyweight;source_text=Buse Naz Çakıroğlu Turkey;entry_country=TUR;source_url=https://en.wikipedia.org/wiki/2022_IBA_Women's_World_Boxing_Championships,10.0
iba_womens_world_boxing_championships_2022_women_light-flyweight,world_boxing_athlete_Ingrit_Valencia_COL,2,silver,discipline=Boxing;event=IBA Women's World Boxing Championships Women Light flyweight;event_label=Light flyweight;source_text=Ingrit Valencia Colombia;entry_country=COL;source_url=https://en.wikipedia.org/wiki/2022_IBA_Women's_World_Boxing_Championships,7.0
iba_womens_world_boxing_championships_2022_women_light-flyweight,world_boxing_athlete_Laura_Fuertes_ESP,3,bronze,discipline=Boxing;event=IBA Women's World Boxing Championships Women Light flyweight;event_label=Light flyweight;source_text=Laura Fuertes Spain;entry_country=ESP;source_url=https://en.wikipedia.org/wiki/2022_IBA_Women's_World_Boxing_Championships,5.0
iba_womens_world_boxing_championships_2022_women_light-flyweight,world_boxing_athlete_Aziza_Yokubova_UZB,3,bronze,discipline=Boxing;event=IBA Women's World Boxing Championships Women Light flyweight;event_label=Light flyweight;source_text=Aziza Yokubova Uzbekistan;entry_country=UZB;source_url=https://en.wikipedia.org/wiki/2022_IBA_Women's_World_Boxing_Championships,5.0
iba_womens_world_boxing_championships_2022_women_light-heavyweight,world_boxing_athlete_Gabriel_Stonkut_LTU,1,gold,discipline=Boxing;event=IBA Women's World Boxing Championships Women Light heavyweight;event_label=Light heavyweight;source_text=Gabrielė Stonkutė Lithuania;entry_country=LTU;source_url=https://en.wikipedia.org/wiki/2022_IBA_Women's_World_Boxing_Championships,10.0
iba_womens_world_boxing_championships_2022_women_light-heavyweight,world_boxing_athlete_Oliwia_Toborek_POL,2,silver,discipline=Boxing;event=IBA Women's World Boxing Championships Women Light heavyweight;event_label=Light heavyweight;source_text=Oliwia Toborek Poland;entry_country=POL;source_url=https://en.wikipedia.org/wiki/2022_IBA_Women's_World_Boxing_Championships,7.0
iba_womens_world_boxing_championships_2022_women_light-heavyweight,world_boxing_athlete_Jessica_Bagley_AUS,3,bronze,discipline=Boxing;event=IBA Women's World Boxing Championships Women Light heavyweight;event_label=Light heavyweight;source_text=Jessica Bagley Australia;entry_country=AUS;source_url=https://en.wikipedia.org/wiki/2022_IBA_Women's_World_Boxing_Championships,5.0
iba_womens_world_boxing_championships_2022_women_light-heavyweight,world_boxing_athlete_Elif_Güneri_TUR,3,bronze,discipline=Boxing;event=IBA Women's World Boxing Championships Women Light heavyweight;event_label=Light heavyweight;source_text=Elif Güneri Turkey;entry_country=TUR;source_url=https://en.wikipedia.org/wiki/2022_IBA_Women's_World_Boxing_Championships,5.0
iba_womens_world_boxing_championships_2022_women_light-middleweight,world_boxing_athlete_Lisa_ORourke_IRL,1,gold,discipline=Boxing;event=IBA Women's World Boxing Championships Women Light middleweight;event_label=Light middleweight;source_text=Lisa O'Rourke Ireland;entry_country=IRL;source_url=https://en.wikipedia.org/wiki/2022_IBA_Women's_World_Boxing_Championships,10.0
iba_womens_world_boxing_championships_2022_women_light-middleweight,world_boxing_athlete_Alcinda_Panguana_MOZ,2,silver,discipline=Boxing;event=IBA Women's World Boxing Championships Women Light middleweight;event_label=Light middleweight;source_text=Alcinda Panguana Mozambique;entry_country=MOZ;source_url=https://en.wikipedia.org/wiki/2022_IBA_Women's_World_Boxing_Championships,7.0
iba_womens_world_boxing_championships_2022_women_light-middleweight,world_boxing_athlete_Valentina_Khalzova_KAZ,3,bronze,discipline=Boxing;event=IBA Women's World Boxing Championships Women Light middleweight;event_label=Light middleweight;source_text=Valentina Khalzova Kazakhstan;entry_country=KAZ;source_url=https://en.wikipedia.org/wiki/2022_IBA_Women's_World_Boxing_Championships,5.0
iba_womens_world_boxing_championships_2022_women_light-middleweight,world_boxing_athlete_Sema_Çalkan_TUR,3,bronze,discipline=Boxing;event=IBA Women's World Boxing Championships Women Light middleweight;event_label=Light middleweight;source_text=Sema Çalışkan Turkey;entry_country=TUR;source_url=https://en.wikipedia.org/wiki/2022_IBA_Women's_World_Boxing_Championships,5.0
iba_womens_world_boxing_championships_2022_women_light-welterweight,world_boxing_athlete_Amy_Broadhurst_IRL,1,gold,discipline=Boxing;event=IBA Women's World Boxing Championships Women Light welterweight;event_label=Light welterweight;source_text=Amy Broadhurst Ireland;entry_country=IRL;source_url=https://en.wikipedia.org/wiki/2022_IBA_Women's_World_Boxing_Championships,10.0
iba_womens_world_boxing_championships_2022_women_light-welterweight,world_boxing_athlete_Imane_Khelif_DZA,2,silver,discipline=Boxing;event=IBA Women's World Boxing Championships Women Light welterweight;event_label=Light welterweight;source_text=Imane Khelif Algeria;entry_country=DZA;source_url=https://en.wikipedia.org/wiki/2022_IBA_Women's_World_Boxing_Championships,7.0
iba_womens_world_boxing_championships_2022_women_light-welterweight,world_boxing_athlete_Parveen_Hooda_IND,3,bronze,discipline=Boxing;event=IBA Women's World Boxing Championships Women Light welterweight;event_label=Light welterweight;source_text=Parveen Hooda India;entry_country=IND;source_url=https://en.wikipedia.org/wiki/2022_IBA_Women's_World_Boxing_Championships,5.0
iba_womens_world_boxing_championships_2022_women_light-welterweight,world_boxing_athlete_Chelsey_Heijnen_NLD,3,bronze,discipline=Boxing;event=IBA Women's World Boxing Championships Women Light welterweight;event_label=Light welterweight;source_text=Chelsey Heijnen Netherlands;entry_country=NLD;source_url=https://en.wikipedia.org/wiki/2022_IBA_Women's_World_Boxing_Championships,5.0
iba_womens_world_boxing_championships_2022_women_lightweight,world_boxing_athlete_Rashida_Ellis_USA,1,gold,discipline=Boxing;event=IBA Women's World Boxing Championships Women Lightweight;event_label=Lightweight;source_text=Rashida Ellis United States;entry_country=USA;source_url=https://en.wikipedia.org/wiki/2022_IBA_Women's_World_Boxing_Championships,10.0
iba_womens_world_boxing_championships_2022_women_lightweight,world_boxing_athlete_Beatriz_Ferreira_BRA,2,silver,discipline=Boxing;event=IBA Women's World Boxing Championships Women Lightweight;event_label=Lightweight;source_text=Beatriz Ferreira Brazil;entry_country=BRA;source_url=https://en.wikipedia.org/wiki/2022_IBA_Women's_World_Boxing_Championships,7.0
iba_womens_world_boxing_championships_2022_women_lightweight,world_boxing_athlete_Alessia_Mesiano_ITA,3,bronze,discipline=Boxing;event=IBA Women's World Boxing Championships Women Lightweight;event_label=Lightweight;source_text=Alessia Mesiano Italy;entry_country=ITA;source_url=https://en.wikipedia.org/wiki/2022_IBA_Women's_World_Boxing_Championships,5.0
iba_womens_world_boxing_championships_2022_women_lightweight,world_boxing_athlete_Donjeta_Sadiku_KOS,3,bronze,discipline=Boxing;event=IBA Women's World Boxing Championships Women Lightweight;event_label=Lightweight;source_text=Donjeta Sadiku Kosovo;entry_country=KOS;source_url=https://en.wikipedia.org/wiki/2022_IBA_Women's_World_Boxing_Championships,5.0
iba_womens_world_boxing_championships_2022_women_middleweight,world_boxing_athlete_Tammara_Thibeault_CAN,1,gold,discipline=Boxing;event=IBA Women's World Boxing Championships Women Middleweight;event_label=Middleweight;source_text=Tammara Thibeault Canada;entry_country=CAN;source_url=https://en.wikipedia.org/wiki/2022_IBA_Women's_World_Boxing_Championships,10.0
iba_womens_world_boxing_championships_2022_women_middleweight,world_boxing_athlete_Atheyna_Bylon_PAN,2,silver,discipline=Boxing;event=IBA Women's World Boxing Championships Women Middleweight;event_label=Middleweight;source_text=Atheyna Bylon Panama;entry_country=PAN;source_url=https://en.wikipedia.org/wiki/2022_IBA_Women's_World_Boxing_Championships,7.0
iba_womens_world_boxing_championships_2022_women_middleweight,world_boxing_athlete_Davina_Michel_FRA,3,bronze,discipline=Boxing;event=IBA Women's World Boxing Championships Women Middleweight;event_label=Middleweight;source_text=Davina Michel France;entry_country=FRA;source_url=https://en.wikipedia.org/wiki/2022_IBA_Women's_World_Boxing_Championships,5.0
iba_womens_world_boxing_championships_2022_women_middleweight,world_boxing_athlete_Rady_Gramane_MOZ,3,bronze,discipline=Boxing;event=IBA Women's World Boxing Championships Women Middleweight;event_label=Middleweight;source_text=Rady Gramane Mozambique;entry_country=MOZ;source_url=https://en.wikipedia.org/wiki/2022_IBA_Women's_World_Boxing_Championships,5.0
iba_womens_world_boxing_championships_2022_women_minimumweight,world_boxing_athlete_Aye_Çarr_TUR,1,gold,discipline=Boxing;event=IBA Women's World Boxing Championships Women Minimumweight;event_label=Minimumweight;source_text=Ayşe Çağırır Turkey;entry_country=TUR;source_url=https://en.wikipedia.org/wiki/2022_IBA_Women's_World_Boxing_Championships,10.0
iba_womens_world_boxing_championships_2022_women_minimumweight,world_boxing_athlete_Alua_Balkibekova_KAZ,2,silver,discipline=Boxing;event=IBA Women's World Boxing Championships Women Minimumweight;event_label=Minimumweight;source_text=Alua Balkibekova Kazakhstan;entry_country=KAZ;source_url=https://en.wikipedia.org/wiki/2022_IBA_Women's_World_Boxing_Championships,7.0
iba_womens_world_boxing_championships_2022_women_minimumweight,world_boxing_athlete_Aldana_López_ARG,3,bronze,discipline=Boxing;event=IBA Women's World Boxing Championships Women Minimumweight;event_label=Minimumweight;source_text=Aldana López Argentina;entry_country=ARG;source_url=https://en.wikipedia.org/wiki/2022_IBA_Women's_World_Boxing_Championships,5.0
iba_womens_world_boxing_championships_2022_women_minimumweight,world_boxing_athlete_Sevda_Asenova_BGR,3,bronze,discipline=Boxing;event=IBA Women's World Boxing Championships Women Minimumweight;event_label=Minimumweight;source_text=Sevda Asenova Bulgaria;entry_country=BGR;source_url=https://en.wikipedia.org/wiki/2022_IBA_Women's_World_Boxing_Championships,5.0
iba_womens_world_boxing_championships_2022_women_welterweight,world_boxing_athlete_Busenaz_Sürmeneli_TUR,1,gold,discipline=Boxing;event=IBA Women's World Boxing Championships Women Welterweight;event_label=Welterweight;source_text=Busenaz Sürmeneli Turkey;entry_country=TUR;source_url=https://en.wikipedia.org/wiki/2022_IBA_Women's_World_Boxing_Championships,10.0
iba_womens_world_boxing_championships_2022_women_welterweight,world_boxing_athlete_Charlie_Cavanagh_CAN,2,silver,discipline=Boxing;event=IBA Women's World Boxing Championships Women Welterweight;event_label=Welterweight;source_text=Charlie Cavanagh Canada;entry_country=CAN;source_url=https://en.wikipedia.org/wiki/2022_IBA_Women's_World_Boxing_Championships,7.0
iba_womens_world_boxing_championships_2022_women_welterweight,world_boxing_athlete_Ichrak_Chaib_DZA,3,bronze,discipline=Boxing;event=IBA Women's World Boxing Championships Women Welterweight;event_label=Welterweight;source_text=Ichrak Chaib Algeria;entry_country=DZA;source_url=https://en.wikipedia.org/wiki/2022_IBA_Women's_World_Boxing_Championships,5.0
iba_womens_world_boxing_championships_2022_women_welterweight,world_boxing_athlete_Janjaem_Suwannapheng_THA,3,bronze,discipline=Boxing;event=IBA Women's World Boxing Championships Women Welterweight;event_label=Welterweight;source_text=Janjaem Suwannapheng Thailand;entry_country=THA;source_url=https://en.wikipedia.org/wiki/2022_IBA_Women's_World_Boxing_Championships,5.0
iba_womens_world_boxing_championships_2023_women_bantamweight,world_boxing_athlete_Huang_Hsiao-wen_TPE,1,gold,discipline=Boxing;event=IBA Women's World Boxing Championships Women Bantamweight;event_label=Bantamweight;source_text=Huang Hsiao-wen Chinese Taipei;entry_country=TPE;source_url=https://en.wikipedia.org/wiki/2023_IBA_Women's_World_Boxing_Championships,10.0
iba_womens_world_boxing_championships_2023_women_bantamweight,world_boxing_athlete_Yeni_Arias_COL,2,silver,discipline=Boxing;event=IBA Women's World Boxing Championships Women Bantamweight;event_label=Bantamweight;source_text=Yeni Arias Colombia;entry_country=COL;source_url=https://en.wikipedia.org/wiki/2023_IBA_Women's_World_Boxing_Championships,7.0
iba_womens_world_boxing_championships_2023_women_bantamweight,world_boxing_athlete_Möngöntsetsegiin_Enkhjargal_MNG,3,bronze,discipline=Boxing;event=IBA Women's World Boxing Championships Women Bantamweight;event_label=Bantamweight;source_text=Möngöntsetsegiin Enkhjargal Mongolia;entry_country=MNG;source_url=https://en.wikipedia.org/wiki/2023_IBA_Women's_World_Boxing_Championships,5.0
iba_womens_world_boxing_championships_2023_women_bantamweight,world_boxing_athlete_Jutamas_Jitpong_THA,3,bronze,discipline=Boxing;event=IBA Women's World Boxing Championships Women Bantamweight;event_label=Bantamweight;source_text=Jutamas Jitpong Thailand;entry_country=THA;source_url=https://en.wikipedia.org/wiki/2023_IBA_Women's_World_Boxing_Championships,5.0
iba_womens_world_boxing_championships_2023_women_featherweight,world_boxing_athlete_Irma_Testa_ITA,1,gold,discipline=Boxing;event=IBA Women's World Boxing Championships Women Featherweight;event_label=Featherweight;source_text=Irma Testa Italy;entry_country=ITA;source_url=https://en.wikipedia.org/wiki/2023_IBA_Women's_World_Boxing_Championships,10.0
iba_womens_world_boxing_championships_2023_women_featherweight,world_boxing_athlete_Karina_Ibragimova_KAZ,2,silver,discipline=Boxing;event=IBA Women's World Boxing Championships Women Featherweight;event_label=Featherweight;source_text=Karina Ibragimova Kazakhstan;entry_country=KAZ;source_url=https://en.wikipedia.org/wiki/2023_IBA_Women's_World_Boxing_Championships,7.0
iba_womens_world_boxing_championships_2023_women_featherweight,world_boxing_athlete_Svetlana_Staneva_BGR,3,bronze,discipline=Boxing;event=IBA Women's World Boxing Championships Women Featherweight;event_label=Featherweight;source_text=Svetlana Staneva Bulgaria;entry_country=BGR;source_url=https://en.wikipedia.org/wiki/2023_IBA_Women's_World_Boxing_Championships,5.0
iba_womens_world_boxing_championships_2023_women_featherweight,world_boxing_athlete_Amina_Zidani_FRA,3,bronze,discipline=Boxing;event=IBA Women's World Boxing Championships Women Featherweight;event_label=Featherweight;source_text=Amina Zidani France;entry_country=FRA;source_url=https://en.wikipedia.org/wiki/2023_IBA_Women's_World_Boxing_Championships,5.0
iba_womens_world_boxing_championships_2023_women_flyweight,world_boxing_athlete_Wu_Yu_CHN,1,gold,discipline=Boxing;event=IBA Women's World Boxing Championships Women Flyweight;event_label=Flyweight;source_text=Wu Yu China;entry_country=CHN;source_url=https://en.wikipedia.org/wiki/2023_IBA_Women's_World_Boxing_Championships,10.0
iba_womens_world_boxing_championships_2023_women_flyweight,world_boxing_athlete_Sirine_Charaabi_ITA,2,silver,discipline=Boxing;event=IBA Women's World Boxing Championships Women Flyweight;event_label=Flyweight;source_text=Sirine Charaabi Italy;entry_country=ITA;source_url=https://en.wikipedia.org/wiki/2023_IBA_Women's_World_Boxing_Championships,7.0
iba_womens_world_boxing_championships_2023_women_flyweight,world_boxing_athlete_Yuliya_Apanasovich_BLR,3,bronze,discipline=Boxing;event=IBA Women's World Boxing Championships Women Flyweight;event_label=Flyweight;source_text=Yuliya Apanasovich Belarus;entry_country=BLR;source_url=https://en.wikipedia.org/wiki/2023_IBA_Women's_World_Boxing_Championships,5.0
iba_womens_world_boxing_championships_2023_women_flyweight,world_boxing_athlete_Rinka_Kinoshita_JPN,3,bronze,discipline=Boxing;event=IBA Women's World Boxing Championships Women Flyweight;event_label=Flyweight;source_text=Rinka Kinoshita Japan;entry_country=JPN;source_url=https://en.wikipedia.org/wiki/2023_IBA_Women's_World_Boxing_Championships,5.0
iba_womens_world_boxing_championships_2023_women_heavyweight,world_boxing_athlete_Khadija_El-Mardi_MAR,1,gold,discipline=Boxing;event=IBA Women's World Boxing Championships Women Heavyweight;event_label=Heavyweight;source_text=Khadija El-Mardi Morocco;entry_country=MAR;source_url=https://en.wikipedia.org/wiki/2023_IBA_Women's_World_Boxing_Championships,10.0
iba_womens_world_boxing_championships_2023_women_heavyweight,world_boxing_athlete_Lazzat_Kungeibayeva_KAZ,2,silver,discipline=Boxing;event=IBA Women's World Boxing Championships Women Heavyweight;event_label=Heavyweight;source_text=Lazzat Kungeibayeva Kazakhstan;entry_country=KAZ;source_url=https://en.wikipedia.org/wiki/2023_IBA_Women's_World_Boxing_Championships,7.0
iba_womens_world_boxing_championships_2023_women_heavyweight,world_boxing_athlete_Aynur_Rzayeva_AZE,3,bronze,discipline=Boxing;event=IBA Women's World Boxing Championships Women Heavyweight;event_label=Heavyweight;source_text=Aynur Rzayeva Azerbaijan;entry_country=AZE;source_url=https://en.wikipedia.org/wiki/2023_IBA_Women's_World_Boxing_Championships,5.0
iba_womens_world_boxing_championships_2023_women_heavyweight,world_boxing_athlete_Diana_Pyatak_RUS,3,bronze,discipline=Boxing;event=IBA Women's World Boxing Championships Women Heavyweight;event_label=Heavyweight;source_text=Diana Pyatak Russia;entry_country=RUS;source_url=https://en.wikipedia.org/wiki/2023_IBA_Women's_World_Boxing_Championships,5.0
iba_womens_world_boxing_championships_2023_women_light-flyweight,world_boxing_athlete_Nikhat_Zareen_IND,1,gold,discipline=Boxing;event=IBA Women's World Boxing Championships Women Light flyweight;event_label=Light flyweight;source_text=Nikhat Zareen India;entry_country=IND;source_url=https://en.wikipedia.org/wiki/2023_IBA_Women's_World_Boxing_Championships,10.0
iba_womens_world_boxing_championships_2023_women_light-flyweight,world_boxing_athlete_Nguyn_Th_Tâm_VIE,2,silver,discipline=Boxing;event=IBA Women's World Boxing Championships Women Light flyweight;event_label=Light flyweight;source_text=Nguyễn Thị Tâm Vietnam;entry_country=VIE;source_url=https://en.wikipedia.org/wiki/2023_IBA_Women's_World_Boxing_Championships,7.0
iba_womens_world_boxing_championships_2023_women_light-flyweight,world_boxing_athlete_Ingrit_Valencia_COL,3,bronze,discipline=Boxing;event=IBA Women's World Boxing Championships Women Light flyweight;event_label=Light flyweight;source_text=Ingrit Valencia Colombia;entry_country=COL;source_url=https://en.wikipedia.org/wiki/2023_IBA_Women's_World_Boxing_Championships,5.0
iba_womens_world_boxing_championships_2023_women_light-flyweight,world_boxing_athlete_Wassila_Lkhadiri_FRA,3,bronze,discipline=Boxing;event=IBA Women's World Boxing Championships Women Light flyweight;event_label=Light flyweight;source_text=Wassila Lkhadiri France;entry_country=FRA;source_url=https://en.wikipedia.org/wiki/2023_IBA_Women's_World_Boxing_Championships,5.0
iba_womens_world_boxing_championships_2023_women_light-heavyweight,world_boxing_athlete_Saweety_Boora_IND,1,gold,discipline=Boxing;event=IBA Women's World Boxing Championships Women Light heavyweight;event_label=Light heavyweight;source_text=Saweety Boora India;entry_country=IND;source_url=https://en.wikipedia.org/wiki/2023_IBA_Women's_World_Boxing_Championships,10.0
iba_womens_world_boxing_championships_2023_women_light-heavyweight,world_boxing_athlete_Wang_Lina_CHN,2,silver,discipline=Boxing;event=IBA Women's World Boxing Championships Women Light heavyweight;event_label=Light heavyweight;source_text=Wang Lina China;entry_country=CHN;source_url=https://en.wikipedia.org/wiki/2023_IBA_Women's_World_Boxing_Championships,7.0
iba_womens_world_boxing_championships_2023_women_light-heavyweight,world_boxing_athlete_Emma-Sue_Greentree_AUS,3,bronze,discipline=Boxing;event=IBA Women's World Boxing Championships Women Light heavyweight;event_label=Light heavyweight;source_text=Emma-Sue Greentree Australia;entry_country=AUS;source_url=https://en.wikipedia.org/wiki/2023_IBA_Women's_World_Boxing_Championships,5.0
iba_womens_world_boxing_championships_2023_women_light-heavyweight,world_boxing_athlete_Fariza_Sholtay_KAZ,3,bronze,discipline=Boxing;event=IBA Women's World Boxing Championships Women Light heavyweight;event_label=Light heavyweight;source_text=Fariza Sholtay Kazakhstan;entry_country=KAZ;source_url=https://en.wikipedia.org/wiki/2023_IBA_Women's_World_Boxing_Championships,5.0
iba_womens_world_boxing_championships_2023_women_light-middleweight,world_boxing_athlete_Anastasiia_Demurchian_RUS,1,gold,discipline=Boxing;event=IBA Women's World Boxing Championships Women Light middleweight;event_label=Light middleweight;source_text=Anastasiia Demurchian Russia;entry_country=RUS;source_url=https://en.wikipedia.org/wiki/2023_IBA_Women's_World_Boxing_Championships,10.0
iba_womens_world_boxing_championships_2023_women_light-middleweight,world_boxing_athlete_Kaye_Scott_AUS,2,silver,discipline=Boxing;event=IBA Women's World Boxing Championships Women Light middleweight;event_label=Light middleweight;source_text=Kaye Scott Australia;entry_country=AUS;source_url=https://en.wikipedia.org/wiki/2023_IBA_Women's_World_Boxing_Championships,7.0
iba_womens_world_boxing_championships_2023_women_light-middleweight,world_boxing_athlete_Bárbara_Santos_BRA,3,bronze,discipline=Boxing;event=IBA Women's World Boxing Championships Women Light middleweight;event_label=Light middleweight;source_text=Bárbara Santos Brazil;entry_country=BRA;source_url=https://en.wikipedia.org/wiki/2023_IBA_Women's_World_Boxing_Championships,5.0
iba_womens_world_boxing_championships_2023_women_light-middleweight,world_boxing_athlete_Zhou_Pan_CHN,3,bronze,discipline=Boxing;event=IBA Women's World Boxing Championships Women Light middleweight;event_label=Light middleweight;source_text=Zhou Pan China;entry_country=CHN;source_url=https://en.wikipedia.org/wiki/2023_IBA_Women's_World_Boxing_Championships,5.0
iba_womens_world_boxing_championships_2023_women_light-welterweight,world_boxing_athlete_Yang_Chengyu_CHN,1,gold,discipline=Boxing;event=IBA Women's World Boxing Championships Women Light welterweight;event_label=Light welterweight;source_text=Yang Chengyu China;entry_country=CHN;source_url=https://en.wikipedia.org/wiki/2023_IBA_Women's_World_Boxing_Championships,10.0
iba_womens_world_boxing_championships_2023_women_light-welterweight,world_boxing_athlete_Nataliya_Sychugova_RUS,2,silver,discipline=Boxing;event=IBA Women's World Boxing Championships Women Light welterweight;event_label=Light welterweight;source_text=Nataliya Sychugova Russia;entry_country=RUS;source_url=https://en.wikipedia.org/wiki/2023_IBA_Women's_World_Boxing_Championships,7.0
iba_womens_world_boxing_championships_2023_women_light-welterweight,world_boxing_athlete_Camila_Camilo_COL,3,bronze,discipline=Boxing;event=IBA Women's World Boxing Championships Women Light welterweight;event_label=Light welterweight;source_text=Camila Camilo Colombia;entry_country=COL;source_url=https://en.wikipedia.org/wiki/2023_IBA_Women's_World_Boxing_Championships,5.0
iba_womens_world_boxing_championships_2023_women_light-welterweight,world_boxing_athlete_Fatia_Benmessahel_FRA,3,bronze,discipline=Boxing;event=IBA Women's World Boxing Championships Women Light welterweight;event_label=Light welterweight;source_text=Fatia Benmessahel France;entry_country=FRA;source_url=https://en.wikipedia.org/wiki/2023_IBA_Women's_World_Boxing_Championships,5.0
iba_womens_world_boxing_championships_2023_women_lightweight,world_boxing_athlete_Beatriz_Ferreira_BRA,1,gold,discipline=Boxing;event=IBA Women's World Boxing Championships Women Lightweight;event_label=Lightweight;source_text=Beatriz Ferreira Brazil;entry_country=BRA;source_url=https://en.wikipedia.org/wiki/2023_IBA_Women's_World_Boxing_Championships,10.0
iba_womens_world_boxing_championships_2023_women_lightweight,world_boxing_athlete_Angie_Valdés_COL,2,silver,discipline=Boxing;event=IBA Women's World Boxing Championships Women Lightweight;event_label=Lightweight;source_text=Angie Valdés Colombia;entry_country=COL;source_url=https://en.wikipedia.org/wiki/2023_IBA_Women's_World_Boxing_Championships,7.0
iba_womens_world_boxing_championships_2023_women_lightweight,world_boxing_athlete_Yang_Wenlu_CHN,3,bronze,discipline=Boxing;event=IBA Women's World Boxing Championships Women Lightweight;event_label=Lightweight;source_text=Yang Wenlu China;entry_country=CHN;source_url=https://en.wikipedia.org/wiki/2023_IBA_Women's_World_Boxing_Championships,5.0
iba_womens_world_boxing_championships_2023_women_lightweight,world_boxing_athlete_Oh_Yeon-ji_KOR,3,bronze,discipline=Boxing;event=IBA Women's World Boxing Championships Women Lightweight;event_label=Lightweight;source_text=Oh Yeon-ji South Korea;entry_country=KOR;source_url=https://en.wikipedia.org/wiki/2023_IBA_Women's_World_Boxing_Championships,5.0
iba_womens_world_boxing_championships_2023_women_middleweight,world_boxing_athlete_Lovlina_Borgohain_IND,1,gold,discipline=Boxing;event=IBA Women's World Boxing Championships Women Middleweight;event_label=Middleweight;source_text=Lovlina Borgohain India;entry_country=IND;source_url=https://en.wikipedia.org/wiki/2023_IBA_Women's_World_Boxing_Championships,10.0
iba_womens_world_boxing_championships_2023_women_middleweight,world_boxing_athlete_Caitlin_Parker_AUS,2,silver,discipline=Boxing;event=IBA Women's World Boxing Championships Women Middleweight;event_label=Middleweight;source_text=Caitlin Parker Australia;entry_country=AUS;source_url=https://en.wikipedia.org/wiki/2023_IBA_Women's_World_Boxing_Championships,7.0
iba_womens_world_boxing_championships_2023_women_middleweight,world_boxing_athlete_Li_Qian_CHN,3,bronze,discipline=Boxing;event=IBA Women's World Boxing Championships Women Middleweight;event_label=Middleweight;source_text=Li Qian China;entry_country=CHN;source_url=https://en.wikipedia.org/wiki/2023_IBA_Women's_World_Boxing_Championships,5.0
iba_womens_world_boxing_championships_2023_women_middleweight,world_boxing_athlete_Valentina_Khalzova_KAZ,3,bronze,discipline=Boxing;event=IBA Women's World Boxing Championships Women Middleweight;event_label=Middleweight;source_text=Valentina Khalzova Kazakhstan;entry_country=KAZ;source_url=https://en.wikipedia.org/wiki/2023_IBA_Women's_World_Boxing_Championships,5.0
iba_womens_world_boxing_championships_2023_women_minimumweight,world_boxing_athlete_Nitu_Ghanghas_IND,1,gold,discipline=Boxing;event=IBA Women's World Boxing Championships Women Minimumweight;event_label=Minimumweight;source_text=Nitu Ghanghas India;entry_country=IND;source_url=https://en.wikipedia.org/wiki/2023_IBA_Women's_World_Boxing_Championships,10.0
iba_womens_world_boxing_championships_2023_women_minimumweight,world_boxing_athlete_Lutsaikhany_Altantsetseg_MNG,2,silver,discipline=Boxing;event=IBA Women's World Boxing Championships Women Minimumweight;event_label=Minimumweight;source_text=Lutsaikhany Altantsetseg Mongolia;entry_country=MNG;source_url=https://en.wikipedia.org/wiki/2023_IBA_Women's_World_Boxing_Championships,7.0
iba_womens_world_boxing_championships_2023_women_minimumweight,world_boxing_athlete_Alua_Balkibekova_KAZ,3,bronze,discipline=Boxing;event=IBA Women's World Boxing Championships Women Minimumweight;event_label=Minimumweight;source_text=Alua Balkibekova Kazakhstan;entry_country=KAZ;source_url=https://en.wikipedia.org/wiki/2023_IBA_Women's_World_Boxing_Championships,5.0
iba_womens_world_boxing_championships_2023_women_minimumweight,world_boxing_athlete_Yasmine_Moutaqui_MAR,3,bronze,discipline=Boxing;event=IBA Women's World Boxing Championships Women Minimumweight;event_label=Minimumweight;source_text=Yasmine Moutaqui Morocco;entry_country=MAR;source_url=https://en.wikipedia.org/wiki/2023_IBA_Women's_World_Boxing_Championships,5.0
iba_womens_world_boxing_championships_2023_women_welterweight,world_boxing_athlete_Yang_Liu_CHN,1,gold,discipline=Boxing;event=IBA Women's World Boxing Championships Women Welterweight;event_label=Welterweight;source_text=Yang Liu China;entry_country=CHN;source_url=https://en.wikipedia.org/wiki/2023_IBA_Women's_World_Boxing_Championships,10.0
iba_womens_world_boxing_championships_2023_women_welterweight,world_boxing_athlete_Janjaem_Suwannapheng_THA,2,silver,discipline=Boxing;event=IBA Women's World Boxing Championships Women Welterweight;event_label=Welterweight;source_text=Janjaem Suwannapheng Thailand;entry_country=THA;source_url=https://en.wikipedia.org/wiki/2023_IBA_Women's_World_Boxing_Championships,7.0
iba_womens_world_boxing_championships_2023_women_welterweight,world_boxing_athlete_Nadezhda_Ryabets_KAZ,3,bronze,discipline=Boxing;event=IBA Women's World Boxing Championships Women Welterweight;event_label=Welterweight;source_text=Nadezhda Ryabets Kazakhstan;entry_country=KAZ;source_url=https://en.wikipedia.org/wiki/2023_IBA_Women's_World_Boxing_Championships,5.0
iba_womens_world_boxing_championships_2023_women_welterweight,world_boxing_athlete_Navbakhor_Khamidova_UZB,3,bronze,discipline=Boxing;event=IBA Women's World Boxing Championships Women Welterweight;event_label=Welterweight;source_text=Navbakhor Khamidova Uzbekistan;entry_country=UZB;source_url=https://en.wikipedia.org/wiki/2023_IBA_Women's_World_Boxing_Championships,5.0
iba_womens_world_boxing_championships_2025_women_bantamweight,world_boxing_athlete_Widad_Bertal_MAR,1,gold,discipline=Boxing;event=IBA Women's World Boxing Championships Women Bantamweight;event_label=Bantamweight;source_text=Widad Bertal Morocco;entry_country=MAR;source_url=https://en.wikipedia.org/wiki/2025_IBA_Women's_World_Boxing_Championships,10.0
iba_womens_world_boxing_championships_2025_women_bantamweight,world_boxing_athlete_Hatice_Akba_TUR,2,silver,discipline=Boxing;event=IBA Women's World Boxing Championships Women Bantamweight;event_label=Bantamweight;source_text=Hatice Akbaş Turkey;entry_country=TUR;source_url=https://en.wikipedia.org/wiki/2025_IBA_Women's_World_Boxing_Championships,7.0
iba_womens_world_boxing_championships_2025_women_bantamweight,world_boxing_athlete_Sara_irkovi_SRB,3,bronze,discipline=Boxing;event=IBA Women's World Boxing Championships Women Bantamweight;event_label=Bantamweight;source_text=Sara Ćirković Serbia;entry_country=SRB;source_url=https://en.wikipedia.org/wiki/2025_IBA_Women's_World_Boxing_Championships,5.0
iba_womens_world_boxing_championships_2025_women_bantamweight,world_boxing_athlete_Natnicha_Chongprongklang_THA,3,bronze,discipline=Boxing;event=IBA Women's World Boxing Championships Women Bantamweight;event_label=Bantamweight;source_text=Natnicha Chongprongklang Thailand;entry_country=THA;source_url=https://en.wikipedia.org/wiki/2025_IBA_Women's_World_Boxing_Championships,5.0
iba_womens_world_boxing_championships_2025_women_featherweight,world_boxing_athlete_Anela_Brankovi_SRB,1,gold,discipline=Boxing;event=IBA Women's World Boxing Championships Women Featherweight;event_label=Featherweight;source_text=Anđela Branković Serbia;entry_country=SRB;source_url=https://en.wikipedia.org/wiki/2025_IBA_Women's_World_Boxing_Championships,10.0
iba_womens_world_boxing_championships_2025_women_featherweight,world_boxing_athlete_Punrawee_Ruenros_THA,2,silver,discipline=Boxing;event=IBA Women's World Boxing Championships Women Featherweight;event_label=Featherweight;source_text=Punrawee Ruenros Thailand;entry_country=THA;source_url=https://en.wikipedia.org/wiki/2025_IBA_Women's_World_Boxing_Championships,7.0
iba_womens_world_boxing_championships_2025_women_featherweight,world_boxing_athlete_Cai_Yan_CHN,3,bronze,discipline=Boxing;event=IBA Women's World Boxing Championships Women Featherweight;event_label=Featherweight;source_text=Cai Yan China;entry_country=CHN;source_url=https://en.wikipedia.org/wiki/2025_IBA_Women's_World_Boxing_Championships,5.0
iba_womens_world_boxing_championships_2025_women_featherweight,world_boxing_athlete_Esra_Yldz_TUR,3,bronze,discipline=Boxing;event=IBA Women's World Boxing Championships Women Featherweight;event_label=Featherweight;source_text=Esra Yıldız Turkey;entry_country=TUR;source_url=https://en.wikipedia.org/wiki/2025_IBA_Women's_World_Boxing_Championships,5.0
iba_womens_world_boxing_championships_2025_women_flyweight,world_boxing_athlete_Pang_Chol-mi_PRK,1,gold,discipline=Boxing;event=IBA Women's World Boxing Championships Women Flyweight;event_label=Flyweight;source_text=Pang Chol-mi North Korea;entry_country=PRK;source_url=https://en.wikipedia.org/wiki/2025_IBA_Women's_World_Boxing_Championships,10.0
iba_womens_world_boxing_championships_2025_women_flyweight,world_boxing_athlete_Buse_Naz_Çakrolu_TUR,2,silver,discipline=Boxing;event=IBA Women's World Boxing Championships Women Flyweight;event_label=Flyweight;source_text=Buse Naz Çakıroğlu Turkey;entry_country=TUR;source_url=https://en.wikipedia.org/wiki/2025_IBA_Women's_World_Boxing_Championships,7.0
iba_womens_world_boxing_championships_2025_women_flyweight,world_boxing_athlete_Dragana_Jovanovi_SRB,3,bronze,discipline=Boxing;event=IBA Women's World Boxing Championships Women Flyweight;event_label=Flyweight;source_text=Dragana Jovanović Serbia;entry_country=SRB;source_url=https://en.wikipedia.org/wiki/2025_IBA_Women's_World_Boxing_Championships,5.0
iba_womens_world_boxing_championships_2025_women_flyweight,world_boxing_athlete_Feruza_Kazakova_UZB,3,bronze,discipline=Boxing;event=IBA Women's World Boxing Championships Women Flyweight;event_label=Flyweight;source_text=Feruza Kazakova Uzbekistan;entry_country=UZB;source_url=https://en.wikipedia.org/wiki/2025_IBA_Women's_World_Boxing_Championships,5.0
iba_womens_world_boxing_championships_2025_women_heavyweight,world_boxing_athlete_Zhan_Yilian_CHN,1,gold,discipline=Boxing;event=IBA Women's World Boxing Championships Women Heavyweight;event_label=Heavyweight;source_text=Zhan Yilian China;entry_country=CHN;source_url=https://en.wikipedia.org/wiki/2025_IBA_Women's_World_Boxing_Championships,10.0
iba_womens_world_boxing_championships_2025_women_heavyweight,world_boxing_athlete_Yeldana_Talipova_KAZ,2,silver,discipline=Boxing;event=IBA Women's World Boxing Championships Women Heavyweight;event_label=Heavyweight;source_text=Yeldana Talipova Kazakhstan;entry_country=KAZ;source_url=https://en.wikipedia.org/wiki/2025_IBA_Women's_World_Boxing_Championships,7.0
iba_womens_world_boxing_championships_2025_women_heavyweight,world_boxing_athlete_Daria_Sazonova_MDA,3,bronze,discipline=Boxing;event=IBA Women's World Boxing Championships Women Heavyweight;event_label=Heavyweight;source_text=Daria Sazonova Moldova;entry_country=MDA;source_url=https://en.wikipedia.org/wiki/2025_IBA_Women's_World_Boxing_Championships,5.0
iba_womens_world_boxing_championships_2025_women_heavyweight,world_boxing_athlete_Elif_Güneri_TUR,3,bronze,discipline=Boxing;event=IBA Women's World Boxing Championships Women Heavyweight;event_label=Heavyweight;source_text=Elif Güneri Turkey;entry_country=TUR;source_url=https://en.wikipedia.org/wiki/2025_IBA_Women's_World_Boxing_Championships,5.0
iba_womens_world_boxing_championships_2025_women_light-flyweight,world_boxing_athlete_Alua_Balkibekova_KAZ,1,gold,discipline=Boxing;event=IBA Women's World Boxing Championships Women Light flyweight;event_label=Light flyweight;source_text=Alua Balkibekova Kazakhstan;entry_country=KAZ;source_url=https://en.wikipedia.org/wiki/2025_IBA_Women's_World_Boxing_Championships,10.0
iba_womens_world_boxing_championships_2025_women_light-flyweight,world_boxing_athlete_Hu_Meiyi_CHN,2,silver,discipline=Boxing;event=IBA Women's World Boxing Championships Women Light flyweight;event_label=Light flyweight;source_text=Hu Meiyi China;entry_country=CHN;source_url=https://en.wikipedia.org/wiki/2025_IBA_Women's_World_Boxing_Championships,7.0
iba_womens_world_boxing_championships_2025_women_light-flyweight,world_boxing_athlete_An_Kum-byol_PRK,3,bronze,discipline=Boxing;event=IBA Women's World Boxing Championships Women Light flyweight;event_label=Light flyweight;source_text=An Kum-byol North Korea;entry_country=PRK;source_url=https://en.wikipedia.org/wiki/2025_IBA_Women's_World_Boxing_Championships,5.0
iba_womens_world_boxing_championships_2025_women_light-flyweight,world_boxing_athlete_Sabina_Bobokulova_UZB,3,bronze,discipline=Boxing;event=IBA Women's World Boxing Championships Women Light flyweight;event_label=Light flyweight;source_text=Sabina Bobokulova Uzbekistan;entry_country=UZB;source_url=https://en.wikipedia.org/wiki/2025_IBA_Women's_World_Boxing_Championships,5.0
iba_womens_world_boxing_championships_2025_women_light-heavyweight,world_boxing_athlete_Saltanat_Medenova_RUS,1,gold,discipline=Boxing;event=IBA Women's World Boxing Championships Women Light heavyweight;event_label=Light heavyweight;source_text=Saltanat Medenova Russia;entry_country=RUS;source_url=https://en.wikipedia.org/wiki/2025_IBA_Women's_World_Boxing_Championships,10.0
iba_womens_world_boxing_championships_2025_women_light-heavyweight,world_boxing_athlete_Büra_Ildar_TUR,2,silver,discipline=Boxing;event=IBA Women's World Boxing Championships Women Light heavyweight;event_label=Light heavyweight;source_text=Büşra Işıldar Turkey;entry_country=TUR;source_url=https://en.wikipedia.org/wiki/2025_IBA_Women's_World_Boxing_Championships,7.0
iba_womens_world_boxing_championships_2025_women_light-heavyweight,world_boxing_athlete_Wang_Xiaomeng_CHN,3,bronze,discipline=Boxing;event=IBA Women's World Boxing Championships Women Light heavyweight;event_label=Light heavyweight;source_text=Wang Xiaomeng China;entry_country=CHN;source_url=https://en.wikipedia.org/wiki/2025_IBA_Women's_World_Boxing_Championships,5.0
iba_womens_world_boxing_championships_2025_women_light-heavyweight,world_boxing_athlete_Hasna_Larti_MAR,3,bronze,discipline=Boxing;event=IBA Women's World Boxing Championships Women Light heavyweight;event_label=Light heavyweight;source_text=Hasna Larti Morocco;entry_country=MAR;source_url=https://en.wikipedia.org/wiki/2025_IBA_Women's_World_Boxing_Championships,5.0
iba_womens_world_boxing_championships_2025_women_light-middleweight,world_boxing_athlete_Elena_Gapeshina_RUS,1,gold,discipline=Boxing;event=IBA Women's World Boxing Championships Women Light middleweight;event_label=Light middleweight;source_text=Elena Gapeshina Russia;entry_country=RUS;source_url=https://en.wikipedia.org/wiki/2025_IBA_Women's_World_Boxing_Championships,10.0
iba_womens_world_boxing_championships_2025_women_light-middleweight,world_boxing_athlete_Lisa_ORourke_IRL,2,silver,discipline=Boxing;event=IBA Women's World Boxing Championships Women Light middleweight;event_label=Light middleweight;source_text=Lisa O'Rourke Ireland;entry_country=IRL;source_url=https://en.wikipedia.org/wiki/2025_IBA_Women's_World_Boxing_Championships,7.0
iba_womens_world_boxing_championships_2025_women_light-middleweight,world_boxing_athlete_Aryna_Danilchyk_BLR,3,bronze,discipline=Boxing;event=IBA Women's World Boxing Championships Women Light middleweight;event_label=Light middleweight;source_text=Aryna Danilchyk Belarus;entry_country=BLR;source_url=https://en.wikipedia.org/wiki/2025_IBA_Women's_World_Boxing_Championships,5.0
iba_womens_world_boxing_championships_2025_women_light-middleweight,world_boxing_athlete_Natalya_Bogdanova_KAZ,3,bronze,discipline=Boxing;event=IBA Women's World Boxing Championships Women Light middleweight;event_label=Light middleweight;source_text=Natalya Bogdanova Kazakhstan;entry_country=KAZ;source_url=https://en.wikipedia.org/wiki/2025_IBA_Women's_World_Boxing_Championships,5.0
iba_womens_world_boxing_championships_2025_women_light-welterweight,world_boxing_athlete_Aida_Abikeyeva_KAZ,1,gold,discipline=Boxing;event=IBA Women's World Boxing Championships Women Light welterweight;event_label=Light welterweight;source_text=Aida Abikeyeva Kazakhstan;entry_country=KAZ;source_url=https://en.wikipedia.org/wiki/2025_IBA_Women's_World_Boxing_Championships,10.0
iba_womens_world_boxing_championships_2025_women_light-welterweight,world_boxing_athlete_Thananya_Somnuek_THA,2,silver,discipline=Boxing;event=IBA Women's World Boxing Championships Women Light welterweight;event_label=Light welterweight;source_text=Thananya Somnuek Thailand;entry_country=THA;source_url=https://en.wikipedia.org/wiki/2025_IBA_Women's_World_Boxing_Championships,7.0
iba_womens_world_boxing_championships_2025_women_light-welterweight,world_boxing_athlete_Elena_Babicheva_RUS,3,bronze,discipline=Boxing;event=IBA Women's World Boxing Championships Women Light welterweight;event_label=Light welterweight;source_text=Elena Babicheva Russia;entry_country=RUS;source_url=https://en.wikipedia.org/wiki/2025_IBA_Women's_World_Boxing_Championships,5.0
iba_womens_world_boxing_championships_2025_women_light-welterweight,world_boxing_athlete_Hà_Th_Linh_VIE,3,bronze,discipline=Boxing;event=IBA Women's World Boxing Championships Women Light welterweight;event_label=Light welterweight;source_text=Hà Thị Linh Vietnam;entry_country=VIE;source_url=https://en.wikipedia.org/wiki/2025_IBA_Women's_World_Boxing_Championships,5.0
iba_womens_world_boxing_championships_2025_women_lightweight,world_boxing_athlete_Nune_Asatryan_RUS,1,gold,discipline=Boxing;event=IBA Women's World Boxing Championships Women Lightweight;event_label=Lightweight;source_text=Nune Asatryan Russia;entry_country=RUS;source_url=https://en.wikipedia.org/wiki/2025_IBA_Women's_World_Boxing_Championships,10.0
iba_womens_world_boxing_championships_2025_women_lightweight,world_boxing_athlete_Viktoriya_Grafeyeva_KAZ,2,silver,discipline=Boxing;event=IBA Women's World Boxing Championships Women Lightweight;event_label=Lightweight;source_text=Viktoriya Grafeyeva Kazakhstan;entry_country=KAZ;source_url=https://en.wikipedia.org/wiki/2025_IBA_Women's_World_Boxing_Championships,7.0
iba_womens_world_boxing_championships_2025_women_lightweight,world_boxing_athlete_Natalia_Shadrina_SRB,3,bronze,discipline=Boxing;event=IBA Women's World Boxing Championships Women Lightweight;event_label=Lightweight;source_text=Natalia Shadrina Serbia;entry_country=SRB;source_url=https://en.wikipedia.org/wiki/2025_IBA_Women's_World_Boxing_Championships,5.0
iba_womens_world_boxing_championships_2025_women_lightweight,world_boxing_athlete_Miroslava_Jedináková_SVK,3,bronze,discipline=Boxing;event=IBA Women's World Boxing Championships Women Lightweight;event_label=Lightweight;source_text=Miroslava Jedináková Slovakia;entry_country=SVK;source_url=https://en.wikipedia.org/wiki/2025_IBA_Women's_World_Boxing_Championships,5.0
iba_womens_world_boxing_championships_2025_women_middleweight,world_boxing_athlete_Anastasiia_Shamonova_RUS,1,gold,discipline=Boxing;event=IBA Women's World Boxing Championships Women Middleweight;event_label=Middleweight;source_text=Anastasiia Shamonova Russia;entry_country=RUS;source_url=https://en.wikipedia.org/wiki/2025_IBA_Women's_World_Boxing_Championships,10.0
iba_womens_world_boxing_championships_2025_women_middleweight,world_boxing_athlete_Aoife_ORourke_IRL,2,silver,discipline=Boxing;event=IBA Women's World Boxing Championships Women Middleweight;event_label=Middleweight;source_text=Aoife O'Rourke Ireland;entry_country=IRL;source_url=https://en.wikipedia.org/wiki/2025_IBA_Women's_World_Boxing_Championships,7.0
iba_womens_world_boxing_championships_2025_women_middleweight,world_boxing_athlete_Wang_Lina_CHN,3,bronze,discipline=Boxing;event=IBA Women's World Boxing Championships Women Middleweight;event_label=Middleweight;source_text=Wang Lina China;entry_country=CHN;source_url=https://en.wikipedia.org/wiki/2025_IBA_Women's_World_Boxing_Championships,5.0
iba_womens_world_boxing_championships_2025_women_middleweight,world_boxing_athlete_Nikolina_Gaji_SRB,3,bronze,discipline=Boxing;event=IBA Women's World Boxing Championships Women Middleweight;event_label=Middleweight;source_text=Nikolina Gajić Serbia;entry_country=SRB;source_url=https://en.wikipedia.org/wiki/2025_IBA_Women's_World_Boxing_Championships,5.0
iba_womens_world_boxing_championships_2025_women_minimumweight,world_boxing_athlete_Nazym_Kyzaibay_KAZ,1,gold,discipline=Boxing;event=IBA Women's World Boxing Championships Women Minimumweight;event_label=Minimumweight;source_text=Nazym Kyzaibay Kazakhstan;entry_country=KAZ;source_url=https://en.wikipedia.org/wiki/2025_IBA_Women's_World_Boxing_Championships,10.0
iba_womens_world_boxing_championships_2025_women_minimumweight,world_boxing_athlete_Iuliia_Chumgalakova_RUS,2,silver,discipline=Boxing;event=IBA Women's World Boxing Championships Women Minimumweight;event_label=Minimumweight;source_text=Iuliia Chumgalakova Russia;entry_country=RUS;source_url=https://en.wikipedia.org/wiki/2025_IBA_Women's_World_Boxing_Championships,7.0
iba_womens_world_boxing_championships_2025_women_minimumweight,world_boxing_athlete_Hong_Kyong-ryong_PRK,3,bronze,discipline=Boxing;event=IBA Women's World Boxing Championships Women Minimumweight;event_label=Minimumweight;source_text=Hong Kyong-ryong North Korea;entry_country=PRK;source_url=https://en.wikipedia.org/wiki/2025_IBA_Women's_World_Boxing_Championships,5.0
iba_womens_world_boxing_championships_2025_women_minimumweight,world_boxing_athlete_Farzona_Fozilova_UZB,3,bronze,discipline=Boxing;event=IBA Women's World Boxing Championships Women Minimumweight;event_label=Minimumweight;source_text=Farzona Fozilova Uzbekistan;entry_country=UZB;source_url=https://en.wikipedia.org/wiki/2025_IBA_Women's_World_Boxing_Championships,5.0
iba_womens_world_boxing_championships_2025_women_welterweight,world_boxing_athlete_Busenaz_Sürmeneli_TUR,1,gold,discipline=Boxing;event=IBA Women's World Boxing Championships Women Welterweight;event_label=Welterweight;source_text=Busenaz Sürmeneli Turkey;entry_country=TUR;source_url=https://en.wikipedia.org/wiki/2025_IBA_Women's_World_Boxing_Championships,10.0
iba_womens_world_boxing_championships_2025_women_welterweight,world_boxing_athlete_Navbakhor_Khamidova_UZB,2,silver,discipline=Boxing;event=IBA Women's World Boxing Championships Women Welterweight;event_label=Welterweight;source_text=Navbakhor Khamidova Uzbekistan;entry_country=UZB;source_url=https://en.wikipedia.org/wiki/2025_IBA_Women's_World_Boxing_Championships,7.0
iba_womens_world_boxing_championships_2025_women_welterweight,world_boxing_athlete_Albina_Moldazhanova_RUS,3,bronze,discipline=Boxing;event=IBA Women's World Boxing Championships Women Welterweight;event_label=Welterweight;source_text=Albina Moldazhanova Russia;entry_country=RUS;source_url=https://en.wikipedia.org/wiki/2025_IBA_Women's_World_Boxing_Championships,5.0
iba_womens_world_boxing_championships_2025_women_welterweight,world_boxing_athlete_Anastasija_Lukaji_SRB,3,bronze,discipline=Boxing;event=IBA Women's World Boxing Championships Women Welterweight;event_label=Welterweight;source_text=Anastasija Lukajić Serbia;entry_country=SRB;source_url=https://en.wikipedia.org/wiki/2025_IBA_Women's_World_Boxing_Championships,5.0
world_boxing_championships_2025_men_50-kg,world_boxing_athlete_Sanzhar_Tashkenbay_KAZ,1,gold,discipline=Boxing;event=World Boxing Championships Men 50 kg;event_label=50 kg;source_text=Sanzhar Tashkenbay Kazakhstan;entry_country=KAZ;source_url=https://en.wikipedia.org/wiki/2025_World_Boxing_Championships,10.0
world_boxing_championships_2025_men_50-kg,world_boxing_athlete_Aldarkhishigiin_Battulga_MNG,2,silver,discipline=Boxing;event=World Boxing Championships Men 50 kg;event_label=50 kg;source_text=Aldarkhishigiin Battulga Mongolia;entry_country=MNG;source_url=https://en.wikipedia.org/wiki/2025_World_Boxing_Championships,7.0
world_boxing_championships_2025_men_50-kg,world_boxing_athlete_Alejandro_Claro_CUB,3,bronze,discipline=Boxing;event=World Boxing Championships Men 50 kg;event_label=50 kg;source_text=Alejandro Claro Cuba;entry_country=CUB;source_url=https://en.wikipedia.org/wiki/2025_World_Boxing_Championships,5.0
world_boxing_championships_2025_men_50-kg,world_boxing_athlete_Soushi_Makino_JPN,3,bronze,discipline=Boxing;event=World Boxing Championships Men 50 kg;event_label=50 kg;source_text=Soushi Makino Japan;entry_country=JPN;source_url=https://en.wikipedia.org/wiki/2025_World_Boxing_Championships,5.0
world_boxing_championships_2025_men_55-kg,world_boxing_athlete_Makhmud_Sabyrkhan_KAZ,1,gold,discipline=Boxing;event=World Boxing Championships Men 55 kg;event_label=55 kg;source_text=Makhmud Sabyrkhan Kazakhstan;entry_country=KAZ;source_url=https://en.wikipedia.org/wiki/2025_World_Boxing_Championships,10.0
world_boxing_championships_2025_men_55-kg,world_boxing_athlete_Rafael_Lozano_ESP,2,silver,discipline=Boxing;event=World Boxing Championships Men 55 kg;event_label=55 kg;source_text=Rafael Lozano Spain;entry_country=ESP;source_url=https://en.wikipedia.org/wiki/2025_World_Boxing_Championships,7.0
world_boxing_championships_2025_men_55-kg,world_boxing_athlete_Liu_Chuang_CHN,3,bronze,discipline=Boxing;event=World Boxing Championships Men 55 kg;event_label=55 kg;source_text=Liu Chuang China;entry_country=CHN;source_url=https://en.wikipedia.org/wiki/2025_World_Boxing_Championships,5.0
world_boxing_championships_2025_men_55-kg,world_boxing_athlete_Patsy_Joyce_IRL,3,bronze,discipline=Boxing;event=World Boxing Championships Men 55 kg;event_label=55 kg;source_text=Patsy Joyce Ireland;entry_country=IRL;source_url=https://en.wikipedia.org/wiki/2025_World_Boxing_Championships,5.0
world_boxing_championships_2025_men_60-kg,world_boxing_athlete_Abdumalik_Khalokov_UZB,1,gold,discipline=Boxing;event=World Boxing Championships Men 60 kg;event_label=60 kg;source_text=Abdumalik Khalokov Uzbekistan;entry_country=UZB;source_url=https://en.wikipedia.org/wiki/2025_World_Boxing_Championships,10.0
world_boxing_championships_2025_men_60-kg,world_boxing_athlete_Luiz_Gabriel_Oliveira_BRA,2,silver,discipline=Boxing;event=World Boxing Championships Men 60 kg;event_label=60 kg;source_text=Luiz Gabriel Oliveira Brazil;entry_country=BRA;source_url=https://en.wikipedia.org/wiki/2025_World_Boxing_Championships,7.0
world_boxing_championships_2025_men_60-kg,world_boxing_athlete_Radoslav_Rosenov_BGR,3,bronze,discipline=Boxing;event=World Boxing Championships Men 60 kg;event_label=60 kg;source_text=Radoslav Rosenov Bulgaria;entry_country=BGR;source_url=https://en.wikipedia.org/wiki/2025_World_Boxing_Championships,5.0
world_boxing_championships_2025_men_60-kg,world_boxing_athlete_Shunsuke_Kitamoto_JPN,3,bronze,discipline=Boxing;event=World Boxing Championships Men 60 kg;event_label=60 kg;source_text=Shunsuke Kitamoto Japan;entry_country=JPN;source_url=https://en.wikipedia.org/wiki/2025_World_Boxing_Championships,5.0
world_boxing_championships_2025_men_65-kg,world_boxing_athlete_Asadkhuja_Muydinkhujaev_UZB,1,gold,discipline=Boxing;event=World Boxing Championships Men 65 kg;event_label=65 kg;source_text=Asadkhuja Muydinkhujaev Uzbekistan;entry_country=UZB;source_url=https://en.wikipedia.org/wiki/2025_World_Boxing_Championships,10.0
world_boxing_championships_2025_men_65-kg,world_boxing_athlete_Yuri_Falcão_BRA,2,silver,discipline=Boxing;event=World Boxing Championships Men 65 kg;event_label=65 kg;source_text=Yuri Falcão Brazil;entry_country=BRA;source_url=https://en.wikipedia.org/wiki/2025_World_Boxing_Championships,7.0
world_boxing_championships_2025_men_65-kg,world_boxing_athlete_Erislandy_Álvarez_CUB,3,bronze,discipline=Boxing;event=World Boxing Championships Men 65 kg;event_label=65 kg;source_text=Erislandy Álvarez Cuba;entry_country=CUB;source_url=https://en.wikipedia.org/wiki/2025_World_Boxing_Championships,5.0
world_boxing_championships_2025_men_65-kg,world_boxing_athlete_Lasha_Guruli_GEO,3,bronze,discipline=Boxing;event=World Boxing Championships Men 65 kg;event_label=65 kg;source_text=Lasha Guruli Georgia;entry_country=GEO;source_url=https://en.wikipedia.org/wiki/2025_World_Boxing_Championships,5.0
world_boxing_championships_2025_men_70-kg,world_boxing_athlete_Torekhan_Sabyrkhan_KAZ,1,gold,discipline=Boxing;event=World Boxing Championships Men 70 kg;event_label=70 kg;source_text=Torekhan Sabyrkhan Kazakhstan;entry_country=KAZ;source_url=https://en.wikipedia.org/wiki/2025_World_Boxing_Championships,10.0
world_boxing_championships_2025_men_70-kg,world_boxing_athlete_Sewon_Okazawa_JPN,2,silver,discipline=Boxing;event=World Boxing Championships Men 70 kg;event_label=70 kg;source_text=Sewon Okazawa Japan;entry_country=JPN;source_url=https://en.wikipedia.org/wiki/2025_World_Boxing_Championships,7.0
world_boxing_championships_2025_men_70-kg,world_boxing_athlete_Odel_Kamara_ENG,3,bronze,discipline=Boxing;event=World Boxing Championships Men 70 kg;event_label=70 kg;source_text=Odel Kamara England;entry_country=ENG;source_url=https://en.wikipedia.org/wiki/2025_World_Boxing_Championships,5.0
world_boxing_championships_2025_men_70-kg,world_boxing_athlete_Zeyad_Ishaish_JOR,3,bronze,discipline=Boxing;event=World Boxing Championships Men 70 kg;event_label=70 kg;source_text=Zeyad Ishaish Jordan;entry_country=JOR;source_url=https://en.wikipedia.org/wiki/2025_World_Boxing_Championships,5.0
world_boxing_championships_2025_men_75-kg,world_boxing_athlete_Fazliddin_Erkinboev_UZB,1,gold,discipline=Boxing;event=World Boxing Championships Men 75 kg;event_label=75 kg;source_text=Fazliddin Erkinboev Uzbekistan;entry_country=UZB;source_url=https://en.wikipedia.org/wiki/2025_World_Boxing_Championships,10.0
world_boxing_championships_2025_men_75-kg,world_boxing_athlete_Rami_Kiwan_BGR,2,silver,discipline=Boxing;event=World Boxing Championships Men 75 kg;event_label=75 kg;source_text=Rami Kiwan Bulgaria;entry_country=BGR;source_url=https://en.wikipedia.org/wiki/2025_World_Boxing_Championships,7.0
world_boxing_championships_2025_men_75-kg,world_boxing_athlete_Saidjamshid_Jafarov_AZE,3,bronze,discipline=Boxing;event=World Boxing Championships Men 75 kg;event_label=75 kg;source_text=Saidjamshid Jafarov Azerbaijan;entry_country=AZE;source_url=https://en.wikipedia.org/wiki/2025_World_Boxing_Championships,5.0
world_boxing_championships_2025_men_75-kg,world_boxing_athlete_Callum_Makin_ENG,3,bronze,discipline=Boxing;event=World Boxing Championships Men 75 kg;event_label=75 kg;source_text=Callum Makin England;entry_country=ENG;source_url=https://en.wikipedia.org/wiki/2025_World_Boxing_Championships,5.0
world_boxing_championships_2025_men_80-kg,world_boxing_athlete_Javokhir_Ummataliev_UZB,1,gold,discipline=Boxing;event=World Boxing Championships Men 80 kg;event_label=80 kg;source_text=Javokhir Ummataliev Uzbekistan;entry_country=UZB;source_url=https://en.wikipedia.org/wiki/2025_World_Boxing_Championships,10.0
world_boxing_championships_2025_men_80-kg,world_boxing_athlete_Yojerlin_César_FRA,2,silver,discipline=Boxing;event=World Boxing Championships Men 80 kg;event_label=80 kg;source_text=Yojerlin César France;entry_country=FRA;source_url=https://en.wikipedia.org/wiki/2025_World_Boxing_Championships,7.0
world_boxing_championships_2025_men_80-kg,world_boxing_athlete_Gabrijel_Veoi_HRV,3,bronze,discipline=Boxing;event=World Boxing Championships Men 80 kg;event_label=80 kg;source_text=Gabrijel Veočić Croatia;entry_country=HRV;source_url=https://en.wikipedia.org/wiki/2025_World_Boxing_Championships,5.0
world_boxing_championships_2025_men_80-kg,world_boxing_athlete_Pylyp_Akilov_HUN,3,bronze,discipline=Boxing;event=World Boxing Championships Men 80 kg;event_label=80 kg;source_text=Pylyp Akilov Hungary;entry_country=HUN;source_url=https://en.wikipedia.org/wiki/2025_World_Boxing_Championships,5.0
world_boxing_championships_2025_men_85-kg,world_boxing_athlete_Akmaljon_Isroilov_UZB,1,gold,discipline=Boxing;event=World Boxing Championships Men 85 kg;event_label=85 kg;source_text=Akmaljon Isroilov Uzbekistan;entry_country=UZB;source_url=https://en.wikipedia.org/wiki/2025_World_Boxing_Championships,10.0
world_boxing_championships_2025_men_85-kg,world_boxing_athlete_Teagn_Stott_ENG,2,silver,discipline=Boxing;event=World Boxing Championships Men 85 kg;event_label=85 kg;source_text=Teagn Stott England;entry_country=ENG;source_url=https://en.wikipedia.org/wiki/2025_World_Boxing_Championships,7.0
world_boxing_championships_2025_men_85-kg,world_boxing_athlete_Michael_Derouiche_AUT,3,bronze,discipline=Boxing;event=World Boxing Championships Men 85 kg;event_label=85 kg;source_text=Michael Derouiche Austria;entry_country=AUT;source_url=https://en.wikipedia.org/wiki/2025_World_Boxing_Championships,5.0
world_boxing_championships_2025_men_85-kg,world_boxing_athlete_Danylo_Zhasan_UKR,3,bronze,discipline=Boxing;event=World Boxing Championships Men 85 kg;event_label=85 kg;source_text=Danylo Zhasan Ukraine;entry_country=UKR;source_url=https://en.wikipedia.org/wiki/2025_World_Boxing_Championships,5.0
world_boxing_championships_2025_men_90-kg,world_boxing_athlete_Turabek_Khabibullaev_UZB,1,gold,discipline=Boxing;event=World Boxing Championships Men 90 kg;event_label=90 kg;source_text=Turabek Khabibullaev Uzbekistan;entry_country=UZB;source_url=https://en.wikipedia.org/wiki/2025_World_Boxing_Championships,10.0
world_boxing_championships_2025_men_90-kg,world_boxing_athlete_Isaías_Ribeiro_BRA,2,silver,discipline=Boxing;event=World Boxing Championships Men 90 kg;event_label=90 kg;source_text=Isaías Ribeiro Brazil;entry_country=BRA;source_url=https://en.wikipedia.org/wiki/2025_World_Boxing_Championships,7.0
world_boxing_championships_2025_men_90-kg,world_boxing_athlete_Loren_Alfonso_AZE,3,bronze,discipline=Boxing;event=World Boxing Championships Men 90 kg;event_label=90 kg;source_text=Loren Alfonso Azerbaijan;entry_country=AZE;source_url=https://en.wikipedia.org/wiki/2025_World_Boxing_Championships,5.0
world_boxing_championships_2025_men_90-kg,world_boxing_athlete_Enmanuel_Reyes_ESP,3,bronze,discipline=Boxing;event=World Boxing Championships Men 90 kg;event_label=90 kg;source_text=Enmanuel Reyes Spain;entry_country=ESP;source_url=https://en.wikipedia.org/wiki/2025_World_Boxing_Championships,5.0
world_boxing_championships_2025_men_plus90-kg,world_boxing_athlete_Aibek_Oralbay_KAZ,1,gold,discipline=Boxing;event=World Boxing Championships Men +90 kg;event_label=+90 kg;source_text=Aibek Oralbay Kazakhstan;entry_country=KAZ;source_url=https://en.wikipedia.org/wiki/2025_World_Boxing_Championships,10.0
world_boxing_championships_2025_men_plus90-kg,world_boxing_athlete_Jakhongir_Zokirov_UZB,2,silver,discipline=Boxing;event=World Boxing Championships Men +90 kg;event_label=+90 kg;source_text=Jakhongir Zokirov Uzbekistan;entry_country=UZB;source_url=https://en.wikipedia.org/wiki/2025_World_Boxing_Championships,7.0
world_boxing_championships_2025_men_plus90-kg,world_boxing_athlete_Bayikewuzi_Danabieke_CHN,3,bronze,discipline=Boxing;event=World Boxing Championships Men +90 kg;event_label=+90 kg;source_text=Bayikewuzi Danabieke China;entry_country=CHN;source_url=https://en.wikipedia.org/wiki/2025_World_Boxing_Championships,5.0
world_boxing_championships_2025_men_plus90-kg,world_boxing_athlete_Julio_César_La_Cruz_CUB,3,bronze,discipline=Boxing;event=World Boxing Championships Men +90 kg;event_label=+90 kg;source_text=Julio César La Cruz Cuba;entry_country=CUB;source_url=https://en.wikipedia.org/wiki/2025_World_Boxing_Championships,5.0
world_boxing_championships_2025_women_48-kg,world_boxing_athlete_Minakshi_Hooda_IND,1,gold,discipline=Boxing;event=World Boxing Championships Women 48 kg;event_label=48 kg;source_text=Minakshi Hooda India;entry_country=IND;source_url=https://en.wikipedia.org/wiki/2025_World_Boxing_Championships,10.0
world_boxing_championships_2025_women_48-kg,world_boxing_athlete_Nazym_Kyzaibay_KAZ,2,silver,discipline=Boxing;event=World Boxing Championships Women 48 kg;event_label=48 kg;source_text=Nazym Kyzaibay Kazakhstan;entry_country=KAZ;source_url=https://en.wikipedia.org/wiki/2025_World_Boxing_Championships,7.0
world_boxing_championships_2025_women_48-kg,world_boxing_athlete_Lutsaikhany_Altantsetseg_MNG,3,bronze,discipline=Boxing;event=World Boxing Championships Women 48 kg;event_label=48 kg;source_text=Lutsaikhany Altantsetseg Mongolia;entry_country=MNG;source_url=https://en.wikipedia.org/wiki/2025_World_Boxing_Championships,5.0
world_boxing_championships_2025_women_48-kg,world_boxing_athlete_Sabina_Bobokulova_UZB,3,bronze,discipline=Boxing;event=World Boxing Championships Women 48 kg;event_label=48 kg;source_text=Sabina Bobokulova Uzbekistan;entry_country=UZB;source_url=https://en.wikipedia.org/wiki/2025_World_Boxing_Championships,5.0
world_boxing_championships_2025_women_51-kg,world_boxing_athlete_Alua_Balkibekova_KAZ,1,gold,discipline=Boxing;event=World Boxing Championships Women 51 kg;event_label=51 kg;source_text=Alua Balkibekova Kazakhstan;entry_country=KAZ;source_url=https://en.wikipedia.org/wiki/2025_World_Boxing_Championships,10.0
world_boxing_championships_2025_women_51-kg,world_boxing_athlete_Buse_Naz_Çakrolu_TUR,2,silver,discipline=Boxing;event=World Boxing Championships Women 51 kg;event_label=51 kg;source_text=Buse Naz Çakıroğlu Turkey;entry_country=TUR;source_url=https://en.wikipedia.org/wiki/2025_World_Boxing_Championships,7.0
world_boxing_championships_2025_women_51-kg,world_boxing_athlete_Qi_Xinyu_CHN,3,bronze,discipline=Boxing;event=World Boxing Championships Women 51 kg;event_label=51 kg;source_text=Qi Xinyu China;entry_country=CHN;source_url=https://en.wikipedia.org/wiki/2025_World_Boxing_Championships,5.0
world_boxing_championships_2025_women_51-kg,world_boxing_athlete_Feruza_Kazakova_UZB,3,bronze,discipline=Boxing;event=World Boxing Championships Women 51 kg;event_label=51 kg;source_text=Feruza Kazakova Uzbekistan;entry_country=UZB;source_url=https://en.wikipedia.org/wiki/2025_World_Boxing_Championships,5.0
world_boxing_championships_2025_women_54-kg,world_boxing_athlete_Huang_Hsiao-wen_TPE,1,gold,discipline=Boxing;event=World Boxing Championships Women 54 kg;event_label=54 kg;source_text=Huang Hsiao-wen Chinese Taipei;entry_country=TPE;source_url=https://en.wikipedia.org/wiki/2025_World_Boxing_Championships,10.0
world_boxing_championships_2025_women_54-kg,world_boxing_athlete_Yoseline_Perez_USA,2,silver,discipline=Boxing;event=World Boxing Championships Women 54 kg;event_label=54 kg;source_text=Yoseline Perez United States;entry_country=USA;source_url=https://en.wikipedia.org/wiki/2025_World_Boxing_Championships,7.0
world_boxing_championships_2025_women_54-kg,world_boxing_athlete_Sirine_Charaabi_ITA,3,bronze,discipline=Boxing;event=World Boxing Championships Women 54 kg;event_label=54 kg;source_text=Sirine Charaabi Italy;entry_country=ITA;source_url=https://en.wikipedia.org/wiki/2025_World_Boxing_Championships,5.0
world_boxing_championships_2025_women_54-kg,world_boxing_athlete_Im_Ae-ji_KOR,3,bronze,discipline=Boxing;event=World Boxing Championships Women 54 kg;event_label=54 kg;source_text=Im Ae-ji South Korea;entry_country=KOR;source_url=https://en.wikipedia.org/wiki/2025_World_Boxing_Championships,5.0
world_boxing_championships_2025_women_57-kg,world_boxing_athlete_Jaismine_Lamboria_IND,1,gold,discipline=Boxing;event=World Boxing Championships Women 57 kg;event_label=57 kg;source_text=Jaismine Lamboria India;entry_country=IND;source_url=https://en.wikipedia.org/wiki/2025_World_Boxing_Championships,10.0
world_boxing_championships_2025_women_57-kg,world_boxing_athlete_Julia_Szeremeta_POL,2,silver,discipline=Boxing;event=World Boxing Championships Women 57 kg;event_label=57 kg;source_text=Julia Szeremeta Poland;entry_country=POL;source_url=https://en.wikipedia.org/wiki/2025_World_Boxing_Championships,7.0
world_boxing_championships_2025_women_57-kg,world_boxing_athlete_Valeria_Arboleda_COL,3,bronze,discipline=Boxing;event=World Boxing Championships Women 57 kg;event_label=57 kg;source_text=Valeria Arboleda Colombia;entry_country=COL;source_url=https://en.wikipedia.org/wiki/2025_World_Boxing_Championships,5.0
world_boxing_championships_2025_women_57-kg,world_boxing_athlete_Omailyn_Alcalá_VEN,3,bronze,discipline=Boxing;event=World Boxing Championships Women 57 kg;event_label=57 kg;source_text=Omailyn Alcalá Venezuela;entry_country=VEN;source_url=https://en.wikipedia.org/wiki/2025_World_Boxing_Championships,5.0
world_boxing_championships_2025_women_60-kg,world_boxing_athlete_Rebeca_Santos_BRA,1,gold,discipline=Boxing;event=World Boxing Championships Women 60 kg;event_label=60 kg;source_text=Rebeca Santos Brazil;entry_country=BRA;source_url=https://en.wikipedia.org/wiki/2025_World_Boxing_Championships,10.0
world_boxing_championships_2025_women_60-kg,world_boxing_athlete_Aneta_Rygielska_POL,2,silver,discipline=Boxing;event=World Boxing Championships Women 60 kg;event_label=60 kg;source_text=Aneta Rygielska Poland;entry_country=POL;source_url=https://en.wikipedia.org/wiki/2025_World_Boxing_Championships,7.0
world_boxing_championships_2025_women_60-kg,world_boxing_athlete_Yang_Chengyu_CHN,3,bronze,discipline=Boxing;event=World Boxing Championships Women 60 kg;event_label=60 kg;source_text=Yang Chengyu China;entry_country=CHN;source_url=https://en.wikipedia.org/wiki/2025_World_Boxing_Championships,5.0
world_boxing_championships_2025_women_60-kg,world_boxing_athlete_Viktoriya_Grafeyeva_KAZ,3,bronze,discipline=Boxing;event=World Boxing Championships Women 60 kg;event_label=60 kg;source_text=Viktoriya Grafeyeva Kazakhstan;entry_country=KAZ;source_url=https://en.wikipedia.org/wiki/2025_World_Boxing_Championships,5.0
world_boxing_championships_2025_women_65-kg,world_boxing_athlete_Aida_Abikeyeva_KAZ,1,gold,discipline=Boxing;event=World Boxing Championships Women 65 kg;event_label=65 kg;source_text=Aida Abikeyeva Kazakhstan;entry_country=KAZ;source_url=https://en.wikipedia.org/wiki/2025_World_Boxing_Championships,10.0
world_boxing_championships_2025_women_65-kg,world_boxing_athlete_Navbakhor_Khamidova_UZB,2,silver,discipline=Boxing;event=World Boxing Championships Women 65 kg;event_label=65 kg;source_text=Navbakhor Khamidova Uzbekistan;entry_country=UZB;source_url=https://en.wikipedia.org/wiki/2025_World_Boxing_Championships,7.0
world_boxing_championships_2025_women_65-kg,world_boxing_athlete_Gráinne_Walsh_IRL,3,bronze,discipline=Boxing;event=World Boxing Championships Women 65 kg;event_label=65 kg;source_text=Gráinne Walsh Ireland;entry_country=IRL;source_url=https://en.wikipedia.org/wiki/2025_World_Boxing_Championships,5.0
world_boxing_championships_2025_women_65-kg,world_boxing_athlete_Chen_Nien-chin_TPE,3,bronze,discipline=Boxing;event=World Boxing Championships Women 65 kg;event_label=65 kg;source_text=Chen Nien-chin Chinese Taipei;entry_country=TPE;source_url=https://en.wikipedia.org/wiki/2025_World_Boxing_Championships,5.0
world_boxing_championships_2025_women_70-kg,world_boxing_athlete_Natalya_Bogdanova_KAZ,1,gold,discipline=Boxing;event=World Boxing Championships Women 70 kg;event_label=70 kg;source_text=Natalya Bogdanova Kazakhstan;entry_country=KAZ;source_url=https://en.wikipedia.org/wiki/2025_World_Boxing_Championships,10.0
world_boxing_championships_2025_women_70-kg,world_boxing_athlete_Lekeisha_Pergoliti_AUS,2,silver,discipline=Boxing;event=World Boxing Championships Women 70 kg;event_label=70 kg;source_text=Lekeisha Pergoliti Australia;entry_country=AUS;source_url=https://en.wikipedia.org/wiki/2025_World_Boxing_Championships,7.0
world_boxing_championships_2025_women_70-kg,world_boxing_athlete_Chantelle_Reid_ENG,3,bronze,discipline=Boxing;event=World Boxing Championships Women 70 kg;event_label=70 kg;source_text=Chantelle Reid England;entry_country=ENG;source_url=https://en.wikipedia.org/wiki/2025_World_Boxing_Championships,5.0
world_boxing_championships_2025_women_70-kg,world_boxing_athlete_Aziza_Zokirova_UZB,3,bronze,discipline=Boxing;event=World Boxing Championships Women 70 kg;event_label=70 kg;source_text=Aziza Zokirova Uzbekistan;entry_country=UZB;source_url=https://en.wikipedia.org/wiki/2025_World_Boxing_Championships,5.0
world_boxing_championships_2025_women_75-kg,world_boxing_athlete_Aoife_ORourke_IRL,1,gold,discipline=Boxing;event=World Boxing Championships Women 75 kg;event_label=75 kg;source_text=Aoife O'Rourke Ireland;entry_country=IRL;source_url=https://en.wikipedia.org/wiki/2025_World_Boxing_Championships,10.0
world_boxing_championships_2025_women_75-kg,world_boxing_athlete_Büra_Ildar_TUR,2,silver,discipline=Boxing;event=World Boxing Championships Women 75 kg;event_label=75 kg;source_text=Büşra Işıldar Turkey;entry_country=TUR;source_url=https://en.wikipedia.org/wiki/2025_World_Boxing_Championships,7.0
world_boxing_championships_2025_women_75-kg,world_boxing_athlete_Emma-Sue_Greentree_AUS,3,bronze,discipline=Boxing;event=World Boxing Championships Women 75 kg;event_label=75 kg;source_text=Emma-Sue Greentree Australia;entry_country=AUS;source_url=https://en.wikipedia.org/wiki/2025_World_Boxing_Championships,5.0
world_boxing_championships_2025_women_75-kg,world_boxing_athlete_Wang_Lina_CHN,3,bronze,discipline=Boxing;event=World Boxing Championships Women 75 kg;event_label=75 kg;source_text=Wang Lina China;entry_country=CHN;source_url=https://en.wikipedia.org/wiki/2025_World_Boxing_Championships,5.0
world_boxing_championships_2025_women_80-kg,world_boxing_athlete_Eseta_Flint_AUS,1,gold,discipline=Boxing;event=World Boxing Championships Women 80 kg;event_label=80 kg;source_text=Eseta Flint Australia;entry_country=AUS;source_url=https://en.wikipedia.org/wiki/2025_World_Boxing_Championships,10.0
world_boxing_championships_2025_women_80-kg,world_boxing_athlete_Emily_Asquith_ENG,2,silver,discipline=Boxing;event=World Boxing Championships Women 80 kg;event_label=80 kg;source_text=Emily Asquith England;entry_country=ENG;source_url=https://en.wikipedia.org/wiki/2025_World_Boxing_Championships,7.0
world_boxing_championships_2025_women_80-kg,world_boxing_athlete_Viktoria_Penney_CAN,3,bronze,discipline=Boxing;event=World Boxing Championships Women 80 kg;event_label=80 kg;source_text=Viktoria Penney Canada;entry_country=CAN;source_url=https://en.wikipedia.org/wiki/2025_World_Boxing_Championships,5.0
world_boxing_championships_2025_women_80-kg,world_boxing_athlete_Pooja_Rani_IND,3,bronze,discipline=Boxing;event=World Boxing Championships Women 80 kg;event_label=80 kg;source_text=Pooja Rani India;entry_country=IND;source_url=https://en.wikipedia.org/wiki/2025_World_Boxing_Championships,5.0
world_boxing_championships_2025_women_plus80-kg,world_boxing_athlete_Agata_Kaczmarska_POL,1,gold,discipline=Boxing;event=World Boxing Championships Women +80 kg;event_label=+80 kg;source_text=Agata Kaczmarska Poland;entry_country=POL;source_url=https://en.wikipedia.org/wiki/2025_World_Boxing_Championships,10.0
world_boxing_championships_2025_women_plus80-kg,world_boxing_athlete_Nupur_Sheoran_IND,2,silver,discipline=Boxing;event=World Boxing Championships Women +80 kg;event_label=+80 kg;source_text=Nupur Sheoran India;entry_country=IND;source_url=https://en.wikipedia.org/wiki/2025_World_Boxing_Championships,7.0
world_boxing_championships_2025_women_plus80-kg,world_boxing_athlete_Yeldana_Talipova_KAZ,3,bronze,discipline=Boxing;event=World Boxing Championships Women +80 kg;event_label=+80 kg;source_text=Yeldana Talipova Kazakhstan;entry_country=KAZ;source_url=https://en.wikipedia.org/wiki/2025_World_Boxing_Championships,5.0
world_boxing_championships_2025_women_plus80-kg,world_boxing_athlete_eyma_Düzta_TUR,3,bronze,discipline=Boxing;event=World Boxing Championships Women +80 kg;event_label=+80 kg;source_text=Şeyma Düztaş Turkey;entry_country=TUR;source_url=https://en.wikipedia.org/wiki/2025_World_Boxing_Championships,5.0
