competition_id,competition_name,year,event_date,discipline_key,discipline_name,event_name,gender,rank,medal,participant_type,participant_name,country_name,country_code,source_url
fig_artistic_gymnastics_world_championships,FIG Artistic Gymnastics World Championships,2001,2001-12-31,floor-exercise,Artistic Gymnastics - Floor exercise,Floor exercise,men,1,gold,athlete,Yordan Yovchev,Bulgaria,BGR,https://en.wikipedia.org/wiki/2001_World_Artistic_Gymnastics_Championships
fig_artistic_gymnastics_world_championships,FIG Artistic Gymnastics World Championships,2001,2001-12-31,floor-exercise,Artistic Gymnastics - Floor exercise,Floor exercise,men,1,gold,athlete,Marian Drăgulescu,Romania,ROU,https://en.wikipedia.org/wiki/2001_World_Artistic_Gymnastics_Championships
fig_artistic_gymnastics_world_championships,FIG Artistic Gymnastics World Championships,2001,2001-12-31,floor-exercise,Artistic Gymnastics - Floor exercise,Floor exercise,men,3,bronze,athlete,Igors Vihrovs,Latvia,LVA,https://en.wikipedia.org/wiki/2001_World_Artistic_Gymnastics_Championships
fig_artistic_gymnastics_world_championships,FIG Artistic Gymnastics World Championships,2001,2001-12-31,horizontal-bar,Artistic Gymnastics - Horizontal bar,Horizontal bar,men,1,gold,athlete,Vlasios Maras,Greece,GRC,https://en.wikipedia.org/wiki/2001_World_Artistic_Gymnastics_Championships
fig_artistic_gymnastics_world_championships,FIG Artistic Gymnastics World Championships,2001,2001-12-31,horizontal-bar,Artistic Gymnastics - Horizontal bar,Horizontal bar,men,2,silver,athlete,Philippe Rizzo,Australia,AUS,https://en.wikipedia.org/wiki/2001_World_Artistic_Gymnastics_Championships
fig_artistic_gymnastics_world_championships,FIG Artistic Gymnastics World Championships,2001,2001-12-31,horizontal-bar,Artistic Gymnastics - Horizontal bar,Horizontal bar,men,2,silver,athlete,Alexander Beresh,Ukraine,UKR,https://en.wikipedia.org/wiki/2001_World_Artistic_Gymnastics_Championships
fig_artistic_gymnastics_world_championships,FIG Artistic Gymnastics World Championships,2001,2001-12-31,individual-all-around,Artistic Gymnastics - Individual all-around,Individual all-around,men,1,gold,athlete,Feng Jing,China,CHN,https://en.wikipedia.org/wiki/2001_World_Artistic_Gymnastics_Championships
fig_artistic_gymnastics_world_championships,FIG Artistic Gymnastics World Championships,2001,2001-12-31,individual-all-around,Artistic Gymnastics - Individual all-around,Individual all-around,men,2,silver,athlete,Ivan Ivankov,Belarus,BLR,https://en.wikipedia.org/wiki/2001_World_Artistic_Gymnastics_Championships
fig_artistic_gymnastics_world_championships,FIG Artistic Gymnastics World Championships,2001,2001-12-31,individual-all-around,Artistic Gymnastics - Individual all-around,Individual all-around,men,3,bronze,athlete,Yordan Yovchev,Bulgaria,BGR,https://en.wikipedia.org/wiki/2001_World_Artistic_Gymnastics_Championships
fig_artistic_gymnastics_world_championships,FIG Artistic Gymnastics World Championships,2001,2001-12-31,parallel-bars,Artistic Gymnastics - Parallel bars,Parallel bars,men,1,gold,athlete,Sean Townsend,United States,USA,https://en.wikipedia.org/wiki/2001_World_Artistic_Gymnastics_Championships
fig_artistic_gymnastics_world_championships,FIG Artistic Gymnastics World Championships,2001,2001-12-31,parallel-bars,Artistic Gymnastics - Parallel bars,Parallel bars,men,2,silver,athlete,Erick López,Cuba,CUB,https://en.wikipedia.org/wiki/2001_World_Artistic_Gymnastics_Championships
fig_artistic_gymnastics_world_championships,FIG Artistic Gymnastics World Championships,2001,2001-12-31,parallel-bars,Artistic Gymnastics - Parallel bars,Parallel bars,men,3,bronze,athlete,Ivan Ivankov,Belarus,BLR,https://en.wikipedia.org/wiki/2001_World_Artistic_Gymnastics_Championships
fig_artistic_gymnastics_world_championships,FIG Artistic Gymnastics World Championships,2001,2001-12-31,pommel-horse,Artistic Gymnastics - Pommel horse,Pommel horse,men,1,gold,athlete,Marius Urzică,Romania,ROU,https://en.wikipedia.org/wiki/2001_World_Artistic_Gymnastics_Championships
fig_artistic_gymnastics_world_championships,FIG Artistic Gymnastics World Championships,2001,2001-12-31,pommel-horse,Artistic Gymnastics - Pommel horse,Pommel horse,men,2,silver,athlete,Xiao Qin,China,CHN,https://en.wikipedia.org/wiki/2001_World_Artistic_Gymnastics_Championships
fig_artistic_gymnastics_world_championships,FIG Artistic Gymnastics World Championships,2001,2001-12-31,pommel-horse,Artistic Gymnastics - Pommel horse,Pommel horse,men,3,bronze,athlete,Alexander Beresh,Ukraine,UKR,https://en.wikipedia.org/wiki/2001_World_Artistic_Gymnastics_Championships
fig_artistic_gymnastics_world_championships,FIG Artistic Gymnastics World Championships,2001,2001-12-31,still-rings,Artistic Gymnastics - Still rings,Still rings,men,1,gold,athlete,Yordan Yovchev,Bulgaria,BGR,https://en.wikipedia.org/wiki/2001_World_Artistic_Gymnastics_Championships
fig_artistic_gymnastics_world_championships,FIG Artistic Gymnastics World Championships,2001,2001-12-31,still-rings,Artistic Gymnastics - Still rings,Still rings,men,2,silver,athlete,Szilveszter Csollány,Hungary,HUN,https://en.wikipedia.org/wiki/2001_World_Artistic_Gymnastics_Championships
fig_artistic_gymnastics_world_championships,FIG Artistic Gymnastics World Championships,2001,2001-12-31,still-rings,Artistic Gymnastics - Still rings,Still rings,men,3,bronze,athlete,Andrea Coppolino,Italy,ITA,https://en.wikipedia.org/wiki/2001_World_Artistic_Gymnastics_Championships
fig_artistic_gymnastics_world_championships,FIG Artistic Gymnastics World Championships,2001,2001-12-31,team,Artistic Gymnastics - Team,Team,men,1,gold,team,Belarus,Belarus,BLR,https://en.wikipedia.org/wiki/2001_World_Artistic_Gymnastics_Championships
fig_artistic_gymnastics_world_championships,FIG Artistic Gymnastics World Championships,2001,2001-12-31,team,Artistic Gymnastics - Team,Team,men,2,silver,team,United States,United States,USA,https://en.wikipedia.org/wiki/2001_World_Artistic_Gymnastics_Championships
fig_artistic_gymnastics_world_championships,FIG Artistic Gymnastics World Championships,2001,2001-12-31,team,Artistic Gymnastics - Team,Team,men,3,bronze,team,Ukraine,Ukraine,UKR,https://en.wikipedia.org/wiki/2001_World_Artistic_Gymnastics_Championships
fig_artistic_gymnastics_world_championships,FIG Artistic Gymnastics World Championships,2001,2001-12-31,vault,Artistic Gymnastics - Vault,Vault,men,1,gold,athlete,Marian Drăgulescu,Romania,ROU,https://en.wikipedia.org/wiki/2001_World_Artistic_Gymnastics_Championships
fig_artistic_gymnastics_world_championships,FIG Artistic Gymnastics World Championships,2001,2001-12-31,vault,Artistic Gymnastics - Vault,Vault,men,2,silver,athlete,Jevgēņijs Saproņenko,Latvia,LVA,https://en.wikipedia.org/wiki/2001_World_Artistic_Gymnastics_Championships
fig_artistic_gymnastics_world_championships,FIG Artistic Gymnastics World Championships,2001,2001-12-31,vault,Artistic Gymnastics - Vault,Vault,men,3,bronze,athlete,Charles Tamayo,Cuba,CUB,https://en.wikipedia.org/wiki/2001_World_Artistic_Gymnastics_Championships
fig_artistic_gymnastics_world_championships,FIG Artistic Gymnastics World Championships,2001,2001-12-31,balance-beam,Artistic Gymnastics - Balance beam,Balance beam,women,1,gold,athlete,Andreea Răducan,Romania,ROU,https://en.wikipedia.org/wiki/2001_World_Artistic_Gymnastics_Championships
fig_artistic_gymnastics_world_championships,FIG Artistic Gymnastics World Championships,2001,2001-12-31,balance-beam,Artistic Gymnastics - Balance beam,Balance beam,women,2,silver,athlete,Ludmila Ezhova,Russia,RUS,https://en.wikipedia.org/wiki/2001_World_Artistic_Gymnastics_Championships
fig_artistic_gymnastics_world_championships,FIG Artistic Gymnastics World Championships,2001,2001-12-31,balance-beam,Artistic Gymnastics - Balance beam,Balance beam,women,3,bronze,athlete,Sun Xiaojiao,China,CHN,https://en.wikipedia.org/wiki/2001_World_Artistic_Gymnastics_Championships
fig_artistic_gymnastics_world_championships,FIG Artistic Gymnastics World Championships,2001,2001-12-31,floor-exercise,Artistic Gymnastics - Floor exercise,Floor exercise,women,1,gold,athlete,Andreea Răducan,Romania,ROU,https://en.wikipedia.org/wiki/2001_World_Artistic_Gymnastics_Championships
fig_artistic_gymnastics_world_championships,FIG Artistic Gymnastics World Championships,2001,2001-12-31,floor-exercise,Artistic Gymnastics - Floor exercise,Floor exercise,women,2,silver,athlete,Daniele Hypólito,Brazil,BRA,https://en.wikipedia.org/wiki/2001_World_Artistic_Gymnastics_Championships
fig_artistic_gymnastics_world_championships,FIG Artistic Gymnastics World Championships,2001,2001-12-31,floor-exercise,Artistic Gymnastics - Floor exercise,Floor exercise,women,3,bronze,athlete,Svetlana Khorkina,Russia,RUS,https://en.wikipedia.org/wiki/2001_World_Artistic_Gymnastics_Championships
fig_artistic_gymnastics_world_championships,FIG Artistic Gymnastics World Championships,2001,2001-12-31,individual-all-around,Artistic Gymnastics - Individual all-around,Individual all-around,women,1,gold,athlete,Svetlana Khorkina,Russia,RUS,https://en.wikipedia.org/wiki/2001_World_Artistic_Gymnastics_Championships
fig_artistic_gymnastics_world_championships,FIG Artistic Gymnastics World Championships,2001,2001-12-31,individual-all-around,Artistic Gymnastics - Individual all-around,Individual all-around,women,2,silver,athlete,Natalia Ziganshina,Russia,RUS,https://en.wikipedia.org/wiki/2001_World_Artistic_Gymnastics_Championships
fig_artistic_gymnastics_world_championships,FIG Artistic Gymnastics World Championships,2001,2001-12-31,individual-all-around,Artistic Gymnastics - Individual all-around,Individual all-around,women,3,bronze,athlete,Andreea Răducan,Romania,ROU,https://en.wikipedia.org/wiki/2001_World_Artistic_Gymnastics_Championships
fig_artistic_gymnastics_world_championships,FIG Artistic Gymnastics World Championships,2001,2001-12-31,team,Artistic Gymnastics - Team,Team,women,1,gold,team,Romania,Romania,ROU,https://en.wikipedia.org/wiki/2001_World_Artistic_Gymnastics_Championships
fig_artistic_gymnastics_world_championships,FIG Artistic Gymnastics World Championships,2001,2001-12-31,team,Artistic Gymnastics - Team,Team,women,2,silver,team,Russia,Russia,RUS,https://en.wikipedia.org/wiki/2001_World_Artistic_Gymnastics_Championships
fig_artistic_gymnastics_world_championships,FIG Artistic Gymnastics World Championships,2001,2001-12-31,team,Artistic Gymnastics - Team,Team,women,3,bronze,team,United States,United States,USA,https://en.wikipedia.org/wiki/2001_World_Artistic_Gymnastics_Championships
fig_artistic_gymnastics_world_championships,FIG Artistic Gymnastics World Championships,2001,2001-12-31,uneven-bars,Artistic Gymnastics - Uneven bars,Uneven bars,women,1,gold,athlete,Svetlana Khorkina,Russia,RUS,https://en.wikipedia.org/wiki/2001_World_Artistic_Gymnastics_Championships
fig_artistic_gymnastics_world_championships,FIG Artistic Gymnastics World Championships,2001,2001-12-31,uneven-bars,Artistic Gymnastics - Uneven bars,Uneven bars,women,2,silver,athlete,Renske Endel,Netherlands,NLD,https://en.wikipedia.org/wiki/2001_World_Artistic_Gymnastics_Championships
fig_artistic_gymnastics_world_championships,FIG Artistic Gymnastics World Championships,2001,2001-12-31,uneven-bars,Artistic Gymnastics - Uneven bars,Uneven bars,women,3,bronze,athlete,Katie Heenan,United States,USA,https://en.wikipedia.org/wiki/2001_World_Artistic_Gymnastics_Championships
fig_artistic_gymnastics_world_championships,FIG Artistic Gymnastics World Championships,2001,2001-12-31,vault,Artistic Gymnastics - Vault,Vault,women,1,gold,athlete,Svetlana Khorkina,Russia,RUS,https://en.wikipedia.org/wiki/2001_World_Artistic_Gymnastics_Championships
fig_artistic_gymnastics_world_championships,FIG Artistic Gymnastics World Championships,2001,2001-12-31,vault,Artistic Gymnastics - Vault,Vault,women,2,silver,athlete,Oksana Chusovitina,Uzbekistan,UZB,https://en.wikipedia.org/wiki/2001_World_Artistic_Gymnastics_Championships
fig_artistic_gymnastics_world_championships,FIG Artistic Gymnastics World Championships,2001,2001-12-31,vault,Artistic Gymnastics - Vault,Vault,women,3,bronze,athlete,Andreea Răducan,Romania,ROU,https://en.wikipedia.org/wiki/2001_World_Artistic_Gymnastics_Championships
fig_artistic_gymnastics_world_championships,FIG Artistic Gymnastics World Championships,2002,2002-12-31,floor-exercise,Artistic Gymnastics - Floor exercise,Floor exercise,men,1,gold,athlete,Marian Drăgulescu,Romania,ROU,https://en.wikipedia.org/wiki/2002_World_Artistic_Gymnastics_Championships
fig_artistic_gymnastics_world_championships,FIG Artistic Gymnastics World Championships,2002,2002-12-31,floor-exercise,Artistic Gymnastics - Floor exercise,Floor exercise,men,2,silver,athlete,Yordan Yovchev,Bulgaria,BGR,https://en.wikipedia.org/wiki/2002_World_Artistic_Gymnastics_Championships
fig_artistic_gymnastics_world_championships,FIG Artistic Gymnastics World Championships,2002,2002-12-31,floor-exercise,Artistic Gymnastics - Floor exercise,Floor exercise,men,3,bronze,athlete,Paul Hamm,United States,USA,https://en.wikipedia.org/wiki/2002_World_Artistic_Gymnastics_Championships
fig_artistic_gymnastics_world_championships,FIG Artistic Gymnastics World Championships,2002,2002-12-31,horizontal-bar,Artistic Gymnastics - Horizontal bar,Horizontal bar,men,1,gold,athlete,Vlasios Maras,Greece,GRC,https://en.wikipedia.org/wiki/2002_World_Artistic_Gymnastics_Championships
fig_artistic_gymnastics_world_championships,FIG Artistic Gymnastics World Championships,2002,2002-12-31,horizontal-bar,Artistic Gymnastics - Horizontal bar,Horizontal bar,men,2,silver,athlete,Ivan Ivankov,Belarus,BLR,https://en.wikipedia.org/wiki/2002_World_Artistic_Gymnastics_Championships
fig_artistic_gymnastics_world_championships,FIG Artistic Gymnastics World Championships,2002,2002-12-31,horizontal-bar,Artistic Gymnastics - Horizontal bar,Horizontal bar,men,2,silver,athlete,Aljaž Pegan,Slovenia,SVN,https://en.wikipedia.org/wiki/2002_World_Artistic_Gymnastics_Championships
fig_artistic_gymnastics_world_championships,FIG Artistic Gymnastics World Championships,2002,2002-12-31,parallel-bars,Artistic Gymnastics - Parallel Bars,Parallel Bars,men,1,gold,athlete,Li Xiaopeng,China,CHN,https://en.wikipedia.org/wiki/2002_World_Artistic_Gymnastics_Championships
fig_artistic_gymnastics_world_championships,FIG Artistic Gymnastics World Championships,2002,2002-12-31,parallel-bars,Artistic Gymnastics - Parallel Bars,Parallel Bars,men,2,silver,athlete,Mitja Petkovšek,Slovenia,SVN,https://en.wikipedia.org/wiki/2002_World_Artistic_Gymnastics_Championships
fig_artistic_gymnastics_world_championships,FIG Artistic Gymnastics World Championships,2002,2002-12-31,parallel-bars,Artistic Gymnastics - Parallel Bars,Parallel Bars,men,3,bronze,athlete,Alexei Sinkevich,Belarus,BLR,https://en.wikipedia.org/wiki/2002_World_Artistic_Gymnastics_Championships
fig_artistic_gymnastics_world_championships,FIG Artistic Gymnastics World Championships,2002,2002-12-31,pommel-horse,Artistic Gymnastics - Pommel horse,Pommel horse,men,1,gold,athlete,Marius Urzică,Romania,ROU,https://en.wikipedia.org/wiki/2002_World_Artistic_Gymnastics_Championships
fig_artistic_gymnastics_world_championships,FIG Artistic Gymnastics World Championships,2002,2002-12-31,pommel-horse,Artistic Gymnastics - Pommel horse,Pommel horse,men,2,silver,athlete,Xiao Qin,China,CHN,https://en.wikipedia.org/wiki/2002_World_Artistic_Gymnastics_Championships
fig_artistic_gymnastics_world_championships,FIG Artistic Gymnastics World Championships,2002,2002-12-31,pommel-horse,Artistic Gymnastics - Pommel horse,Pommel horse,men,3,bronze,athlete,Takehiro Kashima,Japan,JPN,https://en.wikipedia.org/wiki/2002_World_Artistic_Gymnastics_Championships
fig_artistic_gymnastics_world_championships,FIG Artistic Gymnastics World Championships,2002,2002-12-31,still-rings,Artistic Gymnastics - Still rings,Still rings,men,1,gold,athlete,Szilveszter Csollány,Hungary,HUN,https://en.wikipedia.org/wiki/2002_World_Artistic_Gymnastics_Championships
fig_artistic_gymnastics_world_championships,FIG Artistic Gymnastics World Championships,2002,2002-12-31,still-rings,Artistic Gymnastics - Still rings,Still rings,men,2,silver,athlete,Yordan Yovchev,Bulgaria,BGR,https://en.wikipedia.org/wiki/2002_World_Artistic_Gymnastics_Championships
fig_artistic_gymnastics_world_championships,FIG Artistic Gymnastics World Championships,2002,2002-12-31,still-rings,Artistic Gymnastics - Still rings,Still rings,men,3,bronze,athlete,Matteo Morandi,Italy,ITA,https://en.wikipedia.org/wiki/2002_World_Artistic_Gymnastics_Championships
fig_artistic_gymnastics_world_championships,FIG Artistic Gymnastics World Championships,2002,2002-12-31,vault,Artistic Gymnastics - Vault,Vault,men,1,gold,athlete,Li Xiaopeng,China,CHN,https://en.wikipedia.org/wiki/2002_World_Artistic_Gymnastics_Championships
fig_artistic_gymnastics_world_championships,FIG Artistic Gymnastics World Championships,2002,2002-12-31,vault,Artistic Gymnastics - Vault,Vault,men,2,silver,athlete,Leszek Blanik,Poland,POL,https://en.wikipedia.org/wiki/2002_World_Artistic_Gymnastics_Championships
fig_artistic_gymnastics_world_championships,FIG Artistic Gymnastics World Championships,2002,2002-12-31,vault,Artistic Gymnastics - Vault,Vault,men,3,bronze,athlete,Yang Wei,China,CHN,https://en.wikipedia.org/wiki/2002_World_Artistic_Gymnastics_Championships
fig_artistic_gymnastics_world_championships,FIG Artistic Gymnastics World Championships,2002,2002-12-31,balance-beam,Artistic Gymnastics - Balance beam,Balance beam,women,1,gold,athlete,Ashley Postell,United States,USA,https://en.wikipedia.org/wiki/2002_World_Artistic_Gymnastics_Championships
fig_artistic_gymnastics_world_championships,FIG Artistic Gymnastics World Championships,2002,2002-12-31,balance-beam,Artistic Gymnastics - Balance beam,Balance beam,women,2,silver,athlete,Oana Ban,Romania,ROU,https://en.wikipedia.org/wiki/2002_World_Artistic_Gymnastics_Championships
fig_artistic_gymnastics_world_championships,FIG Artistic Gymnastics World Championships,2002,2002-12-31,balance-beam,Artistic Gymnastics - Balance beam,Balance beam,women,3,bronze,athlete,Irina Yarotska,Ukraine,UKR,https://en.wikipedia.org/wiki/2002_World_Artistic_Gymnastics_Championships
fig_artistic_gymnastics_world_championships,FIG Artistic Gymnastics World Championships,2002,2002-12-31,floor-exercise,Artistic Gymnastics - Floor exercise,Floor exercise,women,1,gold,athlete,Elena Gómez,Spain,ESP,https://en.wikipedia.org/wiki/2002_World_Artistic_Gymnastics_Championships
fig_artistic_gymnastics_world_championships,FIG Artistic Gymnastics World Championships,2002,2002-12-31,floor-exercise,Artistic Gymnastics - Floor exercise,Floor exercise,women,2,silver,athlete,Verona van de Leur,Netherlands,NLD,https://en.wikipedia.org/wiki/2002_World_Artistic_Gymnastics_Championships
fig_artistic_gymnastics_world_championships,FIG Artistic Gymnastics World Championships,2002,2002-12-31,floor-exercise,Artistic Gymnastics - Floor exercise,Floor exercise,women,3,bronze,athlete,Samantha Sheehan,United States,USA,https://en.wikipedia.org/wiki/2002_World_Artistic_Gymnastics_Championships
fig_artistic_gymnastics_world_championships,FIG Artistic Gymnastics World Championships,2002,2002-12-31,uneven-bars,Artistic Gymnastics - Uneven bars,Uneven bars,women,1,gold,athlete,Courtney Kupets,United States,USA,https://en.wikipedia.org/wiki/2002_World_Artistic_Gymnastics_Championships
fig_artistic_gymnastics_world_championships,FIG Artistic Gymnastics World Championships,2002,2002-12-31,uneven-bars,Artistic Gymnastics - Uneven bars,Uneven bars,women,2,silver,athlete,Oana Petrovschi,Romania,ROU,https://en.wikipedia.org/wiki/2002_World_Artistic_Gymnastics_Championships
fig_artistic_gymnastics_world_championships,FIG Artistic Gymnastics World Championships,2002,2002-12-31,uneven-bars,Artistic Gymnastics - Uneven bars,Uneven bars,women,3,bronze,athlete,Ludmila Ezhova,Russia,RUS,https://en.wikipedia.org/wiki/2002_World_Artistic_Gymnastics_Championships
fig_artistic_gymnastics_world_championships,FIG Artistic Gymnastics World Championships,2002,2002-12-31,vault,Artistic Gymnastics - Vault,Vault,women,1,gold,athlete,Elena Zamolodchikova,Russia,RUS,https://en.wikipedia.org/wiki/2002_World_Artistic_Gymnastics_Championships
fig_artistic_gymnastics_world_championships,FIG Artistic Gymnastics World Championships,2002,2002-12-31,vault,Artistic Gymnastics - Vault,Vault,women,2,silver,athlete,Natalia Ziganshina,Russia,RUS,https://en.wikipedia.org/wiki/2002_World_Artistic_Gymnastics_Championships
fig_artistic_gymnastics_world_championships,FIG Artistic Gymnastics World Championships,2002,2002-12-31,vault,Artistic Gymnastics - Vault,Vault,women,3,bronze,athlete,Oksana Chusovitina,Uzbekistan,UZB,https://en.wikipedia.org/wiki/2002_World_Artistic_Gymnastics_Championships
fig_artistic_gymnastics_world_championships,FIG Artistic Gymnastics World Championships,2003,2003-12-31,floor-exercise,Artistic Gymnastics - Floor exercise,Floor exercise,men,1,gold,athlete,Yordan Yovchev,Bulgaria,BGR,https://en.wikipedia.org/wiki/2003_World_Artistic_Gymnastics_Championships
fig_artistic_gymnastics_world_championships,FIG Artistic Gymnastics World Championships,2003,2003-12-31,floor-exercise,Artistic Gymnastics - Floor exercise,Floor exercise,men,1,gold,athlete,Paul Hamm,United States,USA,https://en.wikipedia.org/wiki/2003_World_Artistic_Gymnastics_Championships
fig_artistic_gymnastics_world_championships,FIG Artistic Gymnastics World Championships,2003,2003-12-31,floor-exercise,Artistic Gymnastics - Floor exercise,Floor exercise,men,3,bronze,athlete,Kyle Shewfelt,Canada,CAN,https://en.wikipedia.org/wiki/2003_World_Artistic_Gymnastics_Championships
fig_artistic_gymnastics_world_championships,FIG Artistic Gymnastics World Championships,2003,2003-12-31,horizontal-bar,Artistic Gymnastics - Horizontal bar,Horizontal bar,men,1,gold,athlete,Takehiro Kashima,Japan,JPN,https://en.wikipedia.org/wiki/2003_World_Artistic_Gymnastics_Championships
fig_artistic_gymnastics_world_championships,FIG Artistic Gymnastics World Championships,2003,2003-12-31,horizontal-bar,Artistic Gymnastics - Horizontal bar,Horizontal bar,men,2,silver,athlete,Igor Cassina,Italy,ITA,https://en.wikipedia.org/wiki/2003_World_Artistic_Gymnastics_Championships
fig_artistic_gymnastics_world_championships,FIG Artistic Gymnastics World Championships,2003,2003-12-31,horizontal-bar,Artistic Gymnastics - Horizontal bar,Horizontal bar,men,3,bronze,athlete,Alexei Nemov,Russia,RUS,https://en.wikipedia.org/wiki/2003_World_Artistic_Gymnastics_Championships
fig_artistic_gymnastics_world_championships,FIG Artistic Gymnastics World Championships,2003,2003-12-31,individual-all-around,Artistic Gymnastics - Individual all-around,Individual all-around,men,1,gold,athlete,Paul Hamm,United States,USA,https://en.wikipedia.org/wiki/2003_World_Artistic_Gymnastics_Championships
fig_artistic_gymnastics_world_championships,FIG Artistic Gymnastics World Championships,2003,2003-12-31,individual-all-around,Artistic Gymnastics - Individual all-around,Individual all-around,men,2,silver,athlete,Yang Wei,China,CHN,https://en.wikipedia.org/wiki/2003_World_Artistic_Gymnastics_Championships
fig_artistic_gymnastics_world_championships,FIG Artistic Gymnastics World Championships,2003,2003-12-31,individual-all-around,Artistic Gymnastics - Individual all-around,Individual all-around,men,3,bronze,athlete,Hiroyuki Tomita,Japan,JPN,https://en.wikipedia.org/wiki/2003_World_Artistic_Gymnastics_Championships
fig_artistic_gymnastics_world_championships,FIG Artistic Gymnastics World Championships,2003,2003-12-31,parallel-bars,Artistic Gymnastics - Parallel bars,Parallel bars,men,1,gold,athlete,Li Xiaopeng,China,CHN,https://en.wikipedia.org/wiki/2003_World_Artistic_Gymnastics_Championships
fig_artistic_gymnastics_world_championships,FIG Artistic Gymnastics World Championships,2003,2003-12-31,parallel-bars,Artistic Gymnastics - Parallel bars,Parallel bars,men,2,silver,athlete,Huang Xu,China,CHN,https://en.wikipedia.org/wiki/2003_World_Artistic_Gymnastics_Championships
fig_artistic_gymnastics_world_championships,FIG Artistic Gymnastics World Championships,2003,2003-12-31,parallel-bars,Artistic Gymnastics - Parallel bars,Parallel bars,men,2,silver,athlete,Alexei Nemov,Russia,RUS,https://en.wikipedia.org/wiki/2003_World_Artistic_Gymnastics_Championships
fig_artistic_gymnastics_world_championships,FIG Artistic Gymnastics World Championships,2003,2003-12-31,pommel-horse,Artistic Gymnastics - Pommel horse,Pommel horse,men,1,gold,athlete,Teng Haibin,China,CHN,https://en.wikipedia.org/wiki/2003_World_Artistic_Gymnastics_Championships
fig_artistic_gymnastics_world_championships,FIG Artistic Gymnastics World Championships,2003,2003-12-31,pommel-horse,Artistic Gymnastics - Pommel horse,Pommel horse,men,1,gold,athlete,Takehiro Kashima,Japan,JPN,https://en.wikipedia.org/wiki/2003_World_Artistic_Gymnastics_Championships
fig_artistic_gymnastics_world_championships,FIG Artistic Gymnastics World Championships,2003,2003-12-31,pommel-horse,Artistic Gymnastics - Pommel horse,Pommel horse,men,3,bronze,athlete,Nikolai Kryukov,Russia,RUS,https://en.wikipedia.org/wiki/2003_World_Artistic_Gymnastics_Championships
fig_artistic_gymnastics_world_championships,FIG Artistic Gymnastics World Championships,2003,2003-12-31,still-rings,Artistic Gymnastics - Still rings,Still rings,men,1,gold,athlete,Yordan Yovchev,Bulgaria,BGR,https://en.wikipedia.org/wiki/2003_World_Artistic_Gymnastics_Championships
fig_artistic_gymnastics_world_championships,FIG Artistic Gymnastics World Championships,2003,2003-12-31,still-rings,Artistic Gymnastics - Still rings,Still rings,men,1,gold,athlete,Demosthenes Tampakos,Greece,GRC,https://en.wikipedia.org/wiki/2003_World_Artistic_Gymnastics_Championships
fig_artistic_gymnastics_world_championships,FIG Artistic Gymnastics World Championships,2003,2003-12-31,still-rings,Artistic Gymnastics - Still rings,Still rings,men,3,bronze,athlete,Andrea Coppolino,Italy,ITA,https://en.wikipedia.org/wiki/2003_World_Artistic_Gymnastics_Championships
fig_artistic_gymnastics_world_championships,FIG Artistic Gymnastics World Championships,2003,2003-12-31,still-rings,Artistic Gymnastics - Still rings,Still rings,men,3,bronze,athlete,Matteo Morandi,Italy,ITA,https://en.wikipedia.org/wiki/2003_World_Artistic_Gymnastics_Championships
fig_artistic_gymnastics_world_championships,FIG Artistic Gymnastics World Championships,2003,2003-12-31,team,Artistic Gymnastics - Team,Team,men,1,gold,team,China,China,CHN,https://en.wikipedia.org/wiki/2003_World_Artistic_Gymnastics_Championships
fig_artistic_gymnastics_world_championships,FIG Artistic Gymnastics World Championships,2003,2003-12-31,team,Artistic Gymnastics - Team,Team,men,2,silver,team,United States,United States,USA,https://en.wikipedia.org/wiki/2003_World_Artistic_Gymnastics_Championships
fig_artistic_gymnastics_world_championships,FIG Artistic Gymnastics World Championships,2003,2003-12-31,team,Artistic Gymnastics - Team,Team,men,3,bronze,team,Japan,Japan,JPN,https://en.wikipedia.org/wiki/2003_World_Artistic_Gymnastics_Championships
fig_artistic_gymnastics_world_championships,FIG Artistic Gymnastics World Championships,2003,2003-12-31,vault,Artistic Gymnastics - Vault,Vault,men,1,gold,athlete,Li Xiaopeng,China,CHN,https://en.wikipedia.org/wiki/2003_World_Artistic_Gymnastics_Championships
fig_artistic_gymnastics_world_championships,FIG Artistic Gymnastics World Championships,2003,2003-12-31,vault,Artistic Gymnastics - Vault,Vault,men,2,silver,athlete,Marian Drăgulescu,Romania,ROU,https://en.wikipedia.org/wiki/2003_World_Artistic_Gymnastics_Championships
fig_artistic_gymnastics_world_championships,FIG Artistic Gymnastics World Championships,2003,2003-12-31,vault,Artistic Gymnastics - Vault,Vault,men,3,bronze,athlete,Kyle Shewfelt,Canada,CAN,https://en.wikipedia.org/wiki/2003_World_Artistic_Gymnastics_Championships
fig_artistic_gymnastics_world_championships,FIG Artistic Gymnastics World Championships,2003,2003-12-31,balance-beam,Artistic Gymnastics - Balance beam,Balance beam,women,1,gold,athlete,Fan Ye,China,CHN,https://en.wikipedia.org/wiki/2003_World_Artistic_Gymnastics_Championships
fig_artistic_gymnastics_world_championships,FIG Artistic Gymnastics World Championships,2003,2003-12-31,balance-beam,Artistic Gymnastics - Balance beam,Balance beam,women,2,silver,athlete,Cătălina Ponor,Romania,ROU,https://en.wikipedia.org/wiki/2003_World_Artistic_Gymnastics_Championships
fig_artistic_gymnastics_world_championships,FIG Artistic Gymnastics World Championships,2003,2003-12-31,balance-beam,Artistic Gymnastics - Balance beam,Balance beam,women,3,bronze,athlete,Ludmila Ezhova,Russia,RUS,https://en.wikipedia.org/wiki/2003_World_Artistic_Gymnastics_Championships
fig_artistic_gymnastics_world_championships,FIG Artistic Gymnastics World Championships,2003,2003-12-31,floor-exercise,Artistic Gymnastics - Floor exercise,Floor exercise,women,1,gold,athlete,Daiane dos Santos,Brazil,BRA,https://en.wikipedia.org/wiki/2003_World_Artistic_Gymnastics_Championships
fig_artistic_gymnastics_world_championships,FIG Artistic Gymnastics World Championships,2003,2003-12-31,floor-exercise,Artistic Gymnastics - Floor exercise,Floor exercise,women,2,silver,athlete,Cătălina Ponor,Romania,ROU,https://en.wikipedia.org/wiki/2003_World_Artistic_Gymnastics_Championships
fig_artistic_gymnastics_world_championships,FIG Artistic Gymnastics World Championships,2003,2003-12-31,floor-exercise,Artistic Gymnastics - Floor exercise,Floor exercise,women,3,bronze,athlete,Elena Gómez,Spain,ESP,https://en.wikipedia.org/wiki/2003_World_Artistic_Gymnastics_Championships
fig_artistic_gymnastics_world_championships,FIG Artistic Gymnastics World Championships,2003,2003-12-31,individual-all-around,Artistic Gymnastics - Individual all-around,Individual all-around,women,1,gold,athlete,Svetlana Khorkina,Russia,RUS,https://en.wikipedia.org/wiki/2003_World_Artistic_Gymnastics_Championships
fig_artistic_gymnastics_world_championships,FIG Artistic Gymnastics World Championships,2003,2003-12-31,individual-all-around,Artistic Gymnastics - Individual all-around,Individual all-around,women,2,silver,athlete,Carly Patterson,United States,USA,https://en.wikipedia.org/wiki/2003_World_Artistic_Gymnastics_Championships
fig_artistic_gymnastics_world_championships,FIG Artistic Gymnastics World Championships,2003,2003-12-31,individual-all-around,Artistic Gymnastics - Individual all-around,Individual all-around,women,3,bronze,athlete,Zhang Nan,China,CHN,https://en.wikipedia.org/wiki/2003_World_Artistic_Gymnastics_Championships
fig_artistic_gymnastics_world_championships,FIG Artistic Gymnastics World Championships,2003,2003-12-31,team,Artistic Gymnastics - Team,Team,women,1,gold,team,United States,United States,USA,https://en.wikipedia.org/wiki/2003_World_Artistic_Gymnastics_Championships
fig_artistic_gymnastics_world_championships,FIG Artistic Gymnastics World Championships,2003,2003-12-31,team,Artistic Gymnastics - Team,Team,women,2,silver,team,Romania,Romania,ROU,https://en.wikipedia.org/wiki/2003_World_Artistic_Gymnastics_Championships
fig_artistic_gymnastics_world_championships,FIG Artistic Gymnastics World Championships,2003,2003-12-31,team,Artistic Gymnastics - Team,Team,women,3,bronze,team,Australia,Australia,AUS,https://en.wikipedia.org/wiki/2003_World_Artistic_Gymnastics_Championships
fig_artistic_gymnastics_world_championships,FIG Artistic Gymnastics World Championships,2003,2003-12-31,uneven-bars,Artistic Gymnastics - Uneven bars,Uneven bars,women,1,gold,athlete,Chellsie Memmel,United States,USA,https://en.wikipedia.org/wiki/2003_World_Artistic_Gymnastics_Championships
fig_artistic_gymnastics_world_championships,FIG Artistic Gymnastics World Championships,2003,2003-12-31,uneven-bars,Artistic Gymnastics - Uneven bars,Uneven bars,women,1,gold,athlete,Hollie Vise,United States,USA,https://en.wikipedia.org/wiki/2003_World_Artistic_Gymnastics_Championships
fig_artistic_gymnastics_world_championships,FIG Artistic Gymnastics World Championships,2003,2003-12-31,uneven-bars,Artistic Gymnastics - Uneven bars,Uneven bars,women,3,bronze,athlete,Beth Tweddle,Great Britain,GBR,https://en.wikipedia.org/wiki/2003_World_Artistic_Gymnastics_Championships
fig_artistic_gymnastics_world_championships,FIG Artistic Gymnastics World Championships,2003,2003-12-31,vault,Artistic Gymnastics - Vault,Vault,women,1,gold,athlete,Oksana Chusovitina,Uzbekistan,UZB,https://en.wikipedia.org/wiki/2003_World_Artistic_Gymnastics_Championships
fig_artistic_gymnastics_world_championships,FIG Artistic Gymnastics World Championships,2003,2003-12-31,vault,Artistic Gymnastics - Vault,Vault,women,2,silver,athlete,Kang Yun Mi,North Korea,PRK,https://en.wikipedia.org/wiki/2003_World_Artistic_Gymnastics_Championships
fig_artistic_gymnastics_world_championships,FIG Artistic Gymnastics World Championships,2003,2003-12-31,vault,Artistic Gymnastics - Vault,Vault,women,2,silver,athlete,Elena Zamolodchikova,Russia,RUS,https://en.wikipedia.org/wiki/2003_World_Artistic_Gymnastics_Championships
fig_artistic_gymnastics_world_championships,FIG Artistic Gymnastics World Championships,2005,2005-12-31,floor-exercise,Artistic Gymnastics - Floor exercise,Floor exercise,men,1,gold,athlete,Diego Hypólito,Brazil,BRA,https://en.wikipedia.org/wiki/2005_World_Artistic_Gymnastics_Championships
fig_artistic_gymnastics_world_championships,FIG Artistic Gymnastics World Championships,2005,2005-12-31,floor-exercise,Artistic Gymnastics - Floor exercise,Floor exercise,men,2,silver,athlete,Brandon O'Neill,Canada,CAN,https://en.wikipedia.org/wiki/2005_World_Artistic_Gymnastics_Championships
fig_artistic_gymnastics_world_championships,FIG Artistic Gymnastics World Championships,2005,2005-12-31,floor-exercise,Artistic Gymnastics - Floor exercise,Floor exercise,men,3,bronze,athlete,Liang Fuliang,China,CHN,https://en.wikipedia.org/wiki/2005_World_Artistic_Gymnastics_Championships
fig_artistic_gymnastics_world_championships,FIG Artistic Gymnastics World Championships,2005,2005-12-31,floor-exercise,Artistic Gymnastics - Floor exercise,Floor exercise,men,3,bronze,athlete,Róbert Gál,Hungary,HUN,https://en.wikipedia.org/wiki/2005_World_Artistic_Gymnastics_Championships
fig_artistic_gymnastics_world_championships,FIG Artistic Gymnastics World Championships,2005,2005-12-31,horizontal-bar,Artistic Gymnastics - Horizontal bar,Horizontal bar,men,1,gold,athlete,Aljaž Pegan,Slovenia,SVN,https://en.wikipedia.org/wiki/2005_World_Artistic_Gymnastics_Championships
fig_artistic_gymnastics_world_championships,FIG Artistic Gymnastics World Championships,2005,2005-12-31,horizontal-bar,Artistic Gymnastics - Horizontal bar,Horizontal bar,men,2,silver,athlete,Yann Cucherat,France,FRA,https://en.wikipedia.org/wiki/2005_World_Artistic_Gymnastics_Championships
fig_artistic_gymnastics_world_championships,FIG Artistic Gymnastics World Championships,2005,2005-12-31,horizontal-bar,Artistic Gymnastics - Horizontal bar,Horizontal bar,men,3,bronze,athlete,Valeri Goncharov,Ukraine,UKR,https://en.wikipedia.org/wiki/2005_World_Artistic_Gymnastics_Championships
fig_artistic_gymnastics_world_championships,FIG Artistic Gymnastics World Championships,2005,2005-12-31,individual-all-around,Artistic Gymnastics - Individual all-around,Individual all-around,men,1,gold,athlete,Hiroyuki Tomita,Japan,JPN,https://en.wikipedia.org/wiki/2005_World_Artistic_Gymnastics_Championships
fig_artistic_gymnastics_world_championships,FIG Artistic Gymnastics World Championships,2005,2005-12-31,individual-all-around,Artistic Gymnastics - Individual all-around,Individual all-around,men,2,silver,athlete,Hisashi Mizutori,Japan,JPN,https://en.wikipedia.org/wiki/2005_World_Artistic_Gymnastics_Championships
fig_artistic_gymnastics_world_championships,FIG Artistic Gymnastics World Championships,2005,2005-12-31,individual-all-around,Artistic Gymnastics - Individual all-around,Individual all-around,men,3,bronze,athlete,Denis Savenkov,Belarus,BLR,https://en.wikipedia.org/wiki/2005_World_Artistic_Gymnastics_Championships
fig_artistic_gymnastics_world_championships,FIG Artistic Gymnastics World Championships,2005,2005-12-31,parallel-bars,Artistic Gymnastics - Parallel Bars,Parallel Bars,men,1,gold,athlete,Mitja Petkovšek,Slovenia,SVN,https://en.wikipedia.org/wiki/2005_World_Artistic_Gymnastics_Championships
fig_artistic_gymnastics_world_championships,FIG Artistic Gymnastics World Championships,2005,2005-12-31,parallel-bars,Artistic Gymnastics - Parallel Bars,Parallel Bars,men,2,silver,athlete,Li Xiaopeng,China,CHN,https://en.wikipedia.org/wiki/2005_World_Artistic_Gymnastics_Championships
fig_artistic_gymnastics_world_championships,FIG Artistic Gymnastics World Championships,2005,2005-12-31,parallel-bars,Artistic Gymnastics - Parallel Bars,Parallel Bars,men,3,bronze,athlete,Yann Cucherat,France,FRA,https://en.wikipedia.org/wiki/2005_World_Artistic_Gymnastics_Championships
fig_artistic_gymnastics_world_championships,FIG Artistic Gymnastics World Championships,2005,2005-12-31,pommel-horse,Artistic Gymnastics - Pommel horse,Pommel horse,men,1,gold,athlete,Xiao Qin,China,CHN,https://en.wikipedia.org/wiki/2005_World_Artistic_Gymnastics_Championships
fig_artistic_gymnastics_world_championships,FIG Artistic Gymnastics World Championships,2005,2005-12-31,pommel-horse,Artistic Gymnastics - Pommel horse,Pommel horse,men,2,silver,athlete,Ioan Suciu,Romania,ROU,https://en.wikipedia.org/wiki/2005_World_Artistic_Gymnastics_Championships
fig_artistic_gymnastics_world_championships,FIG Artistic Gymnastics World Championships,2005,2005-12-31,pommel-horse,Artistic Gymnastics - Pommel horse,Pommel horse,men,3,bronze,athlete,Takehiro Kashima,Japan,JPN,https://en.wikipedia.org/wiki/2005_World_Artistic_Gymnastics_Championships
fig_artistic_gymnastics_world_championships,FIG Artistic Gymnastics World Championships,2005,2005-12-31,still-rings,Artistic Gymnastics - Still rings,Still rings,men,1,gold,athlete,Yuri van Gelder,Netherlands,NLD,https://en.wikipedia.org/wiki/2005_World_Artistic_Gymnastics_Championships
fig_artistic_gymnastics_world_championships,FIG Artistic Gymnastics World Championships,2005,2005-12-31,still-rings,Artistic Gymnastics - Still rings,Still rings,men,2,silver,athlete,Alexander Safoshkin,Russia,RUS,https://en.wikipedia.org/wiki/2005_World_Artistic_Gymnastics_Championships
fig_artistic_gymnastics_world_championships,FIG Artistic Gymnastics World Championships,2005,2005-12-31,still-rings,Artistic Gymnastics - Still rings,Still rings,men,3,bronze,athlete,Matteo Morandi,Italy,ITA,https://en.wikipedia.org/wiki/2005_World_Artistic_Gymnastics_Championships
fig_artistic_gymnastics_world_championships,FIG Artistic Gymnastics World Championships,2005,2005-12-31,vault,Artistic Gymnastics - Vault,Vault,men,1,gold,athlete,Marian Drăgulescu,Romania,ROU,https://en.wikipedia.org/wiki/2005_World_Artistic_Gymnastics_Championships
fig_artistic_gymnastics_world_championships,FIG Artistic Gymnastics World Championships,2005,2005-12-31,vault,Artistic Gymnastics - Vault,Vault,men,2,silver,athlete,Leszek Blanik,Poland,POL,https://en.wikipedia.org/wiki/2005_World_Artistic_Gymnastics_Championships
fig_artistic_gymnastics_world_championships,FIG Artistic Gymnastics World Championships,2005,2005-12-31,vault,Artistic Gymnastics - Vault,Vault,men,3,bronze,athlete,Alin Jivan,Romania,ROU,https://en.wikipedia.org/wiki/2005_World_Artistic_Gymnastics_Championships
fig_artistic_gymnastics_world_championships,FIG Artistic Gymnastics World Championships,2005,2005-12-31,balance-beam,Artistic Gymnastics - Balance beam,Balance beam,women,1,gold,athlete,Nastia Liukin,United States,USA,https://en.wikipedia.org/wiki/2005_World_Artistic_Gymnastics_Championships
fig_artistic_gymnastics_world_championships,FIG Artistic Gymnastics World Championships,2005,2005-12-31,balance-beam,Artistic Gymnastics - Balance beam,Balance beam,women,2,silver,athlete,Chellsie Memmel,United States,USA,https://en.wikipedia.org/wiki/2005_World_Artistic_Gymnastics_Championships
fig_artistic_gymnastics_world_championships,FIG Artistic Gymnastics World Championships,2005,2005-12-31,balance-beam,Artistic Gymnastics - Balance beam,Balance beam,women,3,bronze,athlete,Cătălina Ponor,Romania,ROU,https://en.wikipedia.org/wiki/2005_World_Artistic_Gymnastics_Championships
fig_artistic_gymnastics_world_championships,FIG Artistic Gymnastics World Championships,2005,2005-12-31,floor-exercise,Artistic Gymnastics - Floor exercise,Floor exercise,women,1,gold,athlete,Alicia Sacramone,United States,USA,https://en.wikipedia.org/wiki/2005_World_Artistic_Gymnastics_Championships
fig_artistic_gymnastics_world_championships,FIG Artistic Gymnastics World Championships,2005,2005-12-31,floor-exercise,Artistic Gymnastics - Floor exercise,Floor exercise,women,2,silver,athlete,Nastia Liukin,United States,USA,https://en.wikipedia.org/wiki/2005_World_Artistic_Gymnastics_Championships
fig_artistic_gymnastics_world_championships,FIG Artistic Gymnastics World Championships,2005,2005-12-31,floor-exercise,Artistic Gymnastics - Floor exercise,Floor exercise,women,3,bronze,athlete,Suzanne Harmes,Netherlands,NLD,https://en.wikipedia.org/wiki/2005_World_Artistic_Gymnastics_Championships
fig_artistic_gymnastics_world_championships,FIG Artistic Gymnastics World Championships,2005,2005-12-31,individual-all-around,Artistic Gymnastics - Individual all-around,Individual all-around,women,1,gold,athlete,Chellsie Memmel,United States,USA,https://en.wikipedia.org/wiki/2005_World_Artistic_Gymnastics_Championships
fig_artistic_gymnastics_world_championships,FIG Artistic Gymnastics World Championships,2005,2005-12-31,individual-all-around,Artistic Gymnastics - Individual all-around,Individual all-around,women,2,silver,athlete,Nastia Liukin,United States,USA,https://en.wikipedia.org/wiki/2005_World_Artistic_Gymnastics_Championships
fig_artistic_gymnastics_world_championships,FIG Artistic Gymnastics World Championships,2005,2005-12-31,individual-all-around,Artistic Gymnastics - Individual all-around,Individual all-around,women,3,bronze,athlete,Monette Russo,Australia,AUS,https://en.wikipedia.org/wiki/2005_World_Artistic_Gymnastics_Championships
fig_artistic_gymnastics_world_championships,FIG Artistic Gymnastics World Championships,2005,2005-12-31,uneven-bars,Artistic Gymnastics - Uneven bars,Uneven bars,women,1,gold,athlete,Nastia Liukin,United States,USA,https://en.wikipedia.org/wiki/2005_World_Artistic_Gymnastics_Championships
fig_artistic_gymnastics_world_championships,FIG Artistic Gymnastics World Championships,2005,2005-12-31,uneven-bars,Artistic Gymnastics - Uneven bars,Uneven bars,women,2,silver,athlete,Chellsie Memmel,United States,USA,https://en.wikipedia.org/wiki/2005_World_Artistic_Gymnastics_Championships
fig_artistic_gymnastics_world_championships,FIG Artistic Gymnastics World Championships,2005,2005-12-31,uneven-bars,Artistic Gymnastics - Uneven bars,Uneven bars,women,3,bronze,athlete,Beth Tweddle,Great Britain,GBR,https://en.wikipedia.org/wiki/2005_World_Artistic_Gymnastics_Championships
fig_artistic_gymnastics_world_championships,FIG Artistic Gymnastics World Championships,2005,2005-12-31,vault,Artistic Gymnastics - Vault,Vault,women,1,gold,athlete,Cheng Fei,China,CHN,https://en.wikipedia.org/wiki/2005_World_Artistic_Gymnastics_Championships
fig_artistic_gymnastics_world_championships,FIG Artistic Gymnastics World Championships,2005,2005-12-31,vault,Artistic Gymnastics - Vault,Vault,women,2,silver,athlete,Oksana Chusovitina,Uzbekistan,UZB,https://en.wikipedia.org/wiki/2005_World_Artistic_Gymnastics_Championships
fig_artistic_gymnastics_world_championships,FIG Artistic Gymnastics World Championships,2005,2005-12-31,vault,Artistic Gymnastics - Vault,Vault,women,3,bronze,athlete,Alicia Sacramone,United States,USA,https://en.wikipedia.org/wiki/2005_World_Artistic_Gymnastics_Championships
fig_artistic_gymnastics_world_championships,FIG Artistic Gymnastics World Championships,2006,2006-12-31,floor-exercise,Artistic Gymnastics - Floor exercise,Floor exercise,men,1,gold,athlete,Marian Drăgulescu,Romania,ROU,https://en.wikipedia.org/wiki/2006_World_Artistic_Gymnastics_Championships
fig_artistic_gymnastics_world_championships,FIG Artistic Gymnastics World Championships,2006,2006-12-31,floor-exercise,Artistic Gymnastics - Floor exercise,Floor exercise,men,2,silver,athlete,Diego Hypólito,Brazil,BRA,https://en.wikipedia.org/wiki/2006_World_Artistic_Gymnastics_Championships
fig_artistic_gymnastics_world_championships,FIG Artistic Gymnastics World Championships,2006,2006-12-31,floor-exercise,Artistic Gymnastics - Floor exercise,Floor exercise,men,3,bronze,athlete,Kyle Shewfelt,Canada,CAN,https://en.wikipedia.org/wiki/2006_World_Artistic_Gymnastics_Championships
fig_artistic_gymnastics_world_championships,FIG Artistic Gymnastics World Championships,2006,2006-12-31,horizontal-bar,Artistic Gymnastics - Horizontal bar,Horizontal bar,men,1,gold,athlete,Philippe Rizzo,Australia,AUS,https://en.wikipedia.org/wiki/2006_World_Artistic_Gymnastics_Championships
fig_artistic_gymnastics_world_championships,FIG Artistic Gymnastics World Championships,2006,2006-12-31,horizontal-bar,Artistic Gymnastics - Horizontal bar,Horizontal bar,men,2,silver,athlete,Aljaž Pegan,Slovenia,SVN,https://en.wikipedia.org/wiki/2006_World_Artistic_Gymnastics_Championships
fig_artistic_gymnastics_world_championships,FIG Artistic Gymnastics World Championships,2006,2006-12-31,horizontal-bar,Artistic Gymnastics - Horizontal bar,Horizontal bar,men,3,bronze,athlete,Vlasios Maras,Greece,GRC,https://en.wikipedia.org/wiki/2006_World_Artistic_Gymnastics_Championships
fig_artistic_gymnastics_world_championships,FIG Artistic Gymnastics World Championships,2006,2006-12-31,individual-all-around,Artistic Gymnastics - Individual all-around,Individual all-around,men,1,gold,athlete,Yang Wei,China,CHN,https://en.wikipedia.org/wiki/2006_World_Artistic_Gymnastics_Championships
fig_artistic_gymnastics_world_championships,FIG Artistic Gymnastics World Championships,2006,2006-12-31,individual-all-around,Artistic Gymnastics - Individual all-around,Individual all-around,men,2,silver,athlete,Hiroyuki Tomita,Japan,JPN,https://en.wikipedia.org/wiki/2006_World_Artistic_Gymnastics_Championships
fig_artistic_gymnastics_world_championships,FIG Artistic Gymnastics World Championships,2006,2006-12-31,individual-all-around,Artistic Gymnastics - Individual all-around,Individual all-around,men,3,bronze,athlete,Fabian Hambüchen,Germany,DEU,https://en.wikipedia.org/wiki/2006_World_Artistic_Gymnastics_Championships
fig_artistic_gymnastics_world_championships,FIG Artistic Gymnastics World Championships,2006,2006-12-31,parallel-bars,Artistic Gymnastics - Parallel bars,Parallel bars,men,1,gold,athlete,Yang Wei,China,CHN,https://en.wikipedia.org/wiki/2006_World_Artistic_Gymnastics_Championships
fig_artistic_gymnastics_world_championships,FIG Artistic Gymnastics World Championships,2006,2006-12-31,parallel-bars,Artistic Gymnastics - Parallel bars,Parallel bars,men,2,silver,athlete,Hiroyuki Tomita,Japan,JPN,https://en.wikipedia.org/wiki/2006_World_Artistic_Gymnastics_Championships
fig_artistic_gymnastics_world_championships,FIG Artistic Gymnastics World Championships,2006,2006-12-31,parallel-bars,Artistic Gymnastics - Parallel bars,Parallel bars,men,2,silver,athlete,Yoo Won-chul,South Korea,KOR,https://en.wikipedia.org/wiki/2006_World_Artistic_Gymnastics_Championships
fig_artistic_gymnastics_world_championships,FIG Artistic Gymnastics World Championships,2006,2006-12-31,pommel-horse,Artistic Gymnastics - Pommel horse,Pommel horse,men,1,gold,athlete,Xiao Qin,China,CHN,https://en.wikipedia.org/wiki/2006_World_Artistic_Gymnastics_Championships
fig_artistic_gymnastics_world_championships,FIG Artistic Gymnastics World Championships,2006,2006-12-31,pommel-horse,Artistic Gymnastics - Pommel horse,Pommel horse,men,2,silver,athlete,Prashanth Sellathurai,Australia,AUS,https://en.wikipedia.org/wiki/2006_World_Artistic_Gymnastics_Championships
fig_artistic_gymnastics_world_championships,FIG Artistic Gymnastics World Championships,2006,2006-12-31,pommel-horse,Artistic Gymnastics - Pommel horse,Pommel horse,men,3,bronze,athlete,Alexander Artemev,United States,USA,https://en.wikipedia.org/wiki/2006_World_Artistic_Gymnastics_Championships
fig_artistic_gymnastics_world_championships,FIG Artistic Gymnastics World Championships,2006,2006-12-31,still-rings,Artistic Gymnastics - Still rings,Still rings,men,1,gold,athlete,Chen Yibing,China,CHN,https://en.wikipedia.org/wiki/2006_World_Artistic_Gymnastics_Championships
fig_artistic_gymnastics_world_championships,FIG Artistic Gymnastics World Championships,2006,2006-12-31,still-rings,Artistic Gymnastics - Still rings,Still rings,men,2,silver,athlete,Yordan Yovchev,Bulgaria,BGR,https://en.wikipedia.org/wiki/2006_World_Artistic_Gymnastics_Championships
fig_artistic_gymnastics_world_championships,FIG Artistic Gymnastics World Championships,2006,2006-12-31,still-rings,Artistic Gymnastics - Still rings,Still rings,men,3,bronze,athlete,Yuri van Gelder,Netherlands,NLD,https://en.wikipedia.org/wiki/2006_World_Artistic_Gymnastics_Championships
fig_artistic_gymnastics_world_championships,FIG Artistic Gymnastics World Championships,2006,2006-12-31,team,Artistic Gymnastics - Team,Team,men,1,gold,team,China,China,CHN,https://en.wikipedia.org/wiki/2006_World_Artistic_Gymnastics_Championships
fig_artistic_gymnastics_world_championships,FIG Artistic Gymnastics World Championships,2006,2006-12-31,team,Artistic Gymnastics - Team,Team,men,2,silver,team,Russia,Russia,RUS,https://en.wikipedia.org/wiki/2006_World_Artistic_Gymnastics_Championships
fig_artistic_gymnastics_world_championships,FIG Artistic Gymnastics World Championships,2006,2006-12-31,team,Artistic Gymnastics - Team,Team,men,3,bronze,team,Japan,Japan,JPN,https://en.wikipedia.org/wiki/2006_World_Artistic_Gymnastics_Championships
fig_artistic_gymnastics_world_championships,FIG Artistic Gymnastics World Championships,2006,2006-12-31,vault,Artistic Gymnastics - Vault,Vault,men,1,gold,athlete,Marian Drăgulescu,Romania,ROU,https://en.wikipedia.org/wiki/2006_World_Artistic_Gymnastics_Championships
fig_artistic_gymnastics_world_championships,FIG Artistic Gymnastics World Championships,2006,2006-12-31,vault,Artistic Gymnastics - Vault,Vault,men,2,silver,athlete,Dmitry Kasperovich,Belarus,BLR,https://en.wikipedia.org/wiki/2006_World_Artistic_Gymnastics_Championships
fig_artistic_gymnastics_world_championships,FIG Artistic Gymnastics World Championships,2006,2006-12-31,vault,Artistic Gymnastics - Vault,Vault,men,3,bronze,athlete,Fabian Hambüchen,Germany,DEU,https://en.wikipedia.org/wiki/2006_World_Artistic_Gymnastics_Championships
fig_artistic_gymnastics_world_championships,FIG Artistic Gymnastics World Championships,2006,2006-12-31,balance-beam,Artistic Gymnastics - Balance beam,Balance beam,women,1,gold,athlete,Iryna Krasnianska,Ukraine,UKR,https://en.wikipedia.org/wiki/2006_World_Artistic_Gymnastics_Championships
fig_artistic_gymnastics_world_championships,FIG Artistic Gymnastics World Championships,2006,2006-12-31,balance-beam,Artistic Gymnastics - Balance beam,Balance beam,women,2,silver,athlete,Sandra Izbașa,Romania,ROU,https://en.wikipedia.org/wiki/2006_World_Artistic_Gymnastics_Championships
fig_artistic_gymnastics_world_championships,FIG Artistic Gymnastics World Championships,2006,2006-12-31,balance-beam,Artistic Gymnastics - Balance beam,Balance beam,women,3,bronze,athlete,Elyse Hopfner-Hibbs,Canada,CAN,https://en.wikipedia.org/wiki/2006_World_Artistic_Gymnastics_Championships
fig_artistic_gymnastics_world_championships,FIG Artistic Gymnastics World Championships,2006,2006-12-31,floor-exercise,Artistic Gymnastics - Floor exercise,Floor exercise,women,1,gold,athlete,Cheng Fei,China,CHN,https://en.wikipedia.org/wiki/2006_World_Artistic_Gymnastics_Championships
fig_artistic_gymnastics_world_championships,FIG Artistic Gymnastics World Championships,2006,2006-12-31,floor-exercise,Artistic Gymnastics - Floor exercise,Floor exercise,women,2,silver,athlete,Jana Bieger,United States,USA,https://en.wikipedia.org/wiki/2006_World_Artistic_Gymnastics_Championships
fig_artistic_gymnastics_world_championships,FIG Artistic Gymnastics World Championships,2006,2006-12-31,floor-exercise,Artistic Gymnastics - Floor exercise,Floor exercise,women,3,bronze,athlete,Vanessa Ferrari,Italy,ITA,https://en.wikipedia.org/wiki/2006_World_Artistic_Gymnastics_Championships
fig_artistic_gymnastics_world_championships,FIG Artistic Gymnastics World Championships,2006,2006-12-31,individual-all-around,Artistic Gymnastics - Individual all-around,Individual all-around,women,1,gold,athlete,Vanessa Ferrari,Italy,ITA,https://en.wikipedia.org/wiki/2006_World_Artistic_Gymnastics_Championships
fig_artistic_gymnastics_world_championships,FIG Artistic Gymnastics World Championships,2006,2006-12-31,individual-all-around,Artistic Gymnastics - Individual all-around,Individual all-around,women,2,silver,athlete,Jana Bieger,United States,USA,https://en.wikipedia.org/wiki/2006_World_Artistic_Gymnastics_Championships
fig_artistic_gymnastics_world_championships,FIG Artistic Gymnastics World Championships,2006,2006-12-31,individual-all-around,Artistic Gymnastics - Individual all-around,Individual all-around,women,3,bronze,athlete,Sandra Izbașa,Romania,ROU,https://en.wikipedia.org/wiki/2006_World_Artistic_Gymnastics_Championships
fig_artistic_gymnastics_world_championships,FIG Artistic Gymnastics World Championships,2006,2006-12-31,team,Artistic Gymnastics - Team,Team,women,1,gold,team,China,China,CHN,https://en.wikipedia.org/wiki/2006_World_Artistic_Gymnastics_Championships
fig_artistic_gymnastics_world_championships,FIG Artistic Gymnastics World Championships,2006,2006-12-31,team,Artistic Gymnastics - Team,Team,women,2,silver,team,United States,United States,USA,https://en.wikipedia.org/wiki/2006_World_Artistic_Gymnastics_Championships
fig_artistic_gymnastics_world_championships,FIG Artistic Gymnastics World Championships,2006,2006-12-31,team,Artistic Gymnastics - Team,Team,women,3,bronze,team,Russia,Russia,RUS,https://en.wikipedia.org/wiki/2006_World_Artistic_Gymnastics_Championships
fig_artistic_gymnastics_world_championships,FIG Artistic Gymnastics World Championships,2006,2006-12-31,uneven-bars,Artistic Gymnastics - Uneven bars,Uneven bars,women,1,gold,athlete,Beth Tweddle,Great Britain,GBR,https://en.wikipedia.org/wiki/2006_World_Artistic_Gymnastics_Championships
fig_artistic_gymnastics_world_championships,FIG Artistic Gymnastics World Championships,2006,2006-12-31,uneven-bars,Artistic Gymnastics - Uneven bars,Uneven bars,women,2,silver,athlete,Nastia Liukin,United States,USA,https://en.wikipedia.org/wiki/2006_World_Artistic_Gymnastics_Championships
fig_artistic_gymnastics_world_championships,FIG Artistic Gymnastics World Championships,2006,2006-12-31,uneven-bars,Artistic Gymnastics - Uneven bars,Uneven bars,women,3,bronze,athlete,Vanessa Ferrari,Italy,ITA,https://en.wikipedia.org/wiki/2006_World_Artistic_Gymnastics_Championships
fig_artistic_gymnastics_world_championships,FIG Artistic Gymnastics World Championships,2006,2006-12-31,vault,Artistic Gymnastics - Vault,Vault,women,1,gold,athlete,Cheng Fei,China,CHN,https://en.wikipedia.org/wiki/2006_World_Artistic_Gymnastics_Championships
fig_artistic_gymnastics_world_championships,FIG Artistic Gymnastics World Championships,2006,2006-12-31,vault,Artistic Gymnastics - Vault,Vault,women,2,silver,athlete,Alicia Sacramone,United States,USA,https://en.wikipedia.org/wiki/2006_World_Artistic_Gymnastics_Championships
fig_artistic_gymnastics_world_championships,FIG Artistic Gymnastics World Championships,2006,2006-12-31,vault,Artistic Gymnastics - Vault,Vault,women,3,bronze,athlete,Oksana Chusovitina,Germany,DEU,https://en.wikipedia.org/wiki/2006_World_Artistic_Gymnastics_Championships
fig_artistic_gymnastics_world_championships,FIG Artistic Gymnastics World Championships,2007,2007-12-31,floor-exercise,Artistic Gymnastics - Floor exercise,Floor exercise,men,1,gold,athlete,Diego Hypólito,Brazil,BRA,https://en.wikipedia.org/wiki/2007_World_Artistic_Gymnastics_Championships
fig_artistic_gymnastics_world_championships,FIG Artistic Gymnastics World Championships,2007,2007-12-31,floor-exercise,Artistic Gymnastics - Floor exercise,Floor exercise,men,2,silver,athlete,Gervasio Deferr,Spain,ESP,https://en.wikipedia.org/wiki/2007_World_Artistic_Gymnastics_Championships
fig_artistic_gymnastics_world_championships,FIG Artistic Gymnastics World Championships,2007,2007-12-31,floor-exercise,Artistic Gymnastics - Floor exercise,Floor exercise,men,3,bronze,athlete,Hisashi Mizutori,Japan,JPN,https://en.wikipedia.org/wiki/2007_World_Artistic_Gymnastics_Championships
fig_artistic_gymnastics_world_championships,FIG Artistic Gymnastics World Championships,2007,2007-12-31,horizontal-bar,Artistic Gymnastics - Horizontal bar,Horizontal bar,men,1,gold,athlete,Fabian Hambüchen,Germany,DEU,https://en.wikipedia.org/wiki/2007_World_Artistic_Gymnastics_Championships
fig_artistic_gymnastics_world_championships,FIG Artistic Gymnastics World Championships,2007,2007-12-31,horizontal-bar,Artistic Gymnastics - Horizontal bar,Horizontal bar,men,2,silver,athlete,Aljaž Pegan,Slovenia,SVN,https://en.wikipedia.org/wiki/2007_World_Artistic_Gymnastics_Championships
fig_artistic_gymnastics_world_championships,FIG Artistic Gymnastics World Championships,2007,2007-12-31,horizontal-bar,Artistic Gymnastics - Horizontal bar,Horizontal bar,men,3,bronze,athlete,Hisashi Mizutori,Japan,JPN,https://en.wikipedia.org/wiki/2007_World_Artistic_Gymnastics_Championships
fig_artistic_gymnastics_world_championships,FIG Artistic Gymnastics World Championships,2007,2007-12-31,individual-all-around,Artistic Gymnastics - Individual all-around,Individual all-around,men,1,gold,athlete,Yang Wei,China,CHN,https://en.wikipedia.org/wiki/2007_World_Artistic_Gymnastics_Championships
fig_artistic_gymnastics_world_championships,FIG Artistic Gymnastics World Championships,2007,2007-12-31,individual-all-around,Artistic Gymnastics - Individual all-around,Individual all-around,men,2,silver,athlete,Fabian Hambüchen,Germany,DEU,https://en.wikipedia.org/wiki/2007_World_Artistic_Gymnastics_Championships
fig_artistic_gymnastics_world_championships,FIG Artistic Gymnastics World Championships,2007,2007-12-31,individual-all-around,Artistic Gymnastics - Individual all-around,Individual all-around,men,3,bronze,athlete,Hisashi Mizutori,Japan,JPN,https://en.wikipedia.org/wiki/2007_World_Artistic_Gymnastics_Championships
fig_artistic_gymnastics_world_championships,FIG Artistic Gymnastics World Championships,2007,2007-12-31,parallel-bars,Artistic Gymnastics - Parallel bars,Parallel bars,men,1,gold,athlete,Kim Dae-Eun,South Korea,KOR,https://en.wikipedia.org/wiki/2007_World_Artistic_Gymnastics_Championships
fig_artistic_gymnastics_world_championships,FIG Artistic Gymnastics World Championships,2007,2007-12-31,parallel-bars,Artistic Gymnastics - Parallel bars,Parallel bars,men,1,gold,athlete,Mitja Petkovšek,Slovenia,SVN,https://en.wikipedia.org/wiki/2007_World_Artistic_Gymnastics_Championships
fig_artistic_gymnastics_world_championships,FIG Artistic Gymnastics World Championships,2007,2007-12-31,parallel-bars,Artistic Gymnastics - Parallel bars,Parallel bars,men,3,bronze,athlete,Anton Fokin,Uzbekistan,UZB,https://en.wikipedia.org/wiki/2007_World_Artistic_Gymnastics_Championships
fig_artistic_gymnastics_world_championships,FIG Artistic Gymnastics World Championships,2007,2007-12-31,pommel-horse,Artistic Gymnastics - Pommel horse,Pommel horse,men,1,gold,athlete,Xiao Qin,China,CHN,https://en.wikipedia.org/wiki/2007_World_Artistic_Gymnastics_Championships
fig_artistic_gymnastics_world_championships,FIG Artistic Gymnastics World Championships,2007,2007-12-31,pommel-horse,Artistic Gymnastics - Pommel horse,Pommel horse,men,2,silver,athlete,Krisztián Berki,Hungary,HUN,https://en.wikipedia.org/wiki/2007_World_Artistic_Gymnastics_Championships
fig_artistic_gymnastics_world_championships,FIG Artistic Gymnastics World Championships,2007,2007-12-31,pommel-horse,Artistic Gymnastics - Pommel horse,Pommel horse,men,3,bronze,athlete,Louis Smith,Great Britain,GBR,https://en.wikipedia.org/wiki/2007_World_Artistic_Gymnastics_Championships
fig_artistic_gymnastics_world_championships,FIG Artistic Gymnastics World Championships,2007,2007-12-31,still-rings,Artistic Gymnastics - Still rings,Still rings,men,1,gold,athlete,Chen Yibing,China,CHN,https://en.wikipedia.org/wiki/2007_World_Artistic_Gymnastics_Championships
fig_artistic_gymnastics_world_championships,FIG Artistic Gymnastics World Championships,2007,2007-12-31,still-rings,Artistic Gymnastics - Still rings,Still rings,men,2,silver,athlete,Yuri van Gelder,Netherlands,NLD,https://en.wikipedia.org/wiki/2007_World_Artistic_Gymnastics_Championships
fig_artistic_gymnastics_world_championships,FIG Artistic Gymnastics World Championships,2007,2007-12-31,still-rings,Artistic Gymnastics - Still rings,Still rings,men,3,bronze,athlete,Yordan Yovchev,Bulgaria,BGR,https://en.wikipedia.org/wiki/2007_World_Artistic_Gymnastics_Championships
fig_artistic_gymnastics_world_championships,FIG Artistic Gymnastics World Championships,2007,2007-12-31,team,Artistic Gymnastics - Team,Team,men,1,gold,team,China,China,CHN,https://en.wikipedia.org/wiki/2007_World_Artistic_Gymnastics_Championships
fig_artistic_gymnastics_world_championships,FIG Artistic Gymnastics World Championships,2007,2007-12-31,team,Artistic Gymnastics - Team,Team,men,2,silver,team,Japan,Japan,JPN,https://en.wikipedia.org/wiki/2007_World_Artistic_Gymnastics_Championships
fig_artistic_gymnastics_world_championships,FIG Artistic Gymnastics World Championships,2007,2007-12-31,team,Artistic Gymnastics - Team,Team,men,3,bronze,team,Germany,Germany,DEU,https://en.wikipedia.org/wiki/2007_World_Artistic_Gymnastics_Championships
fig_artistic_gymnastics_world_championships,FIG Artistic Gymnastics World Championships,2007,2007-12-31,vault,Artistic Gymnastics - Vault,Vault,men,1,gold,athlete,Leszek Blanik,Poland,POL,https://en.wikipedia.org/wiki/2007_World_Artistic_Gymnastics_Championships
fig_artistic_gymnastics_world_championships,FIG Artistic Gymnastics World Championships,2007,2007-12-31,vault,Artistic Gymnastics - Vault,Vault,men,2,silver,athlete,Ilie Daniel Popescu,Romania,ROU,https://en.wikipedia.org/wiki/2007_World_Artistic_Gymnastics_Championships
fig_artistic_gymnastics_world_championships,FIG Artistic Gymnastics World Championships,2007,2007-12-31,vault,Artistic Gymnastics - Vault,Vault,men,3,bronze,athlete,Ri Se-Gwang,North Korea,PRK,https://en.wikipedia.org/wiki/2007_World_Artistic_Gymnastics_Championships
fig_artistic_gymnastics_world_championships,FIG Artistic Gymnastics World Championships,2007,2007-12-31,balance-beam,Artistic Gymnastics - Balance beam,Balance beam,women,1,gold,athlete,Nastia Liukin,United States,USA,https://en.wikipedia.org/wiki/2007_World_Artistic_Gymnastics_Championships
fig_artistic_gymnastics_world_championships,FIG Artistic Gymnastics World Championships,2007,2007-12-31,balance-beam,Artistic Gymnastics - Balance beam,Balance beam,women,2,silver,athlete,Li Shanshan,China,CHN,https://en.wikipedia.org/wiki/2007_World_Artistic_Gymnastics_Championships
fig_artistic_gymnastics_world_championships,FIG Artistic Gymnastics World Championships,2007,2007-12-31,balance-beam,Artistic Gymnastics - Balance beam,Balance beam,women,2,silver,athlete,Steliana Nistor,Romania,ROU,https://en.wikipedia.org/wiki/2007_World_Artistic_Gymnastics_Championships
fig_artistic_gymnastics_world_championships,FIG Artistic Gymnastics World Championships,2007,2007-12-31,floor-exercise,Artistic Gymnastics - Floor exercise,Floor exercise,women,1,gold,athlete,Shawn Johnson,United States,USA,https://en.wikipedia.org/wiki/2007_World_Artistic_Gymnastics_Championships
fig_artistic_gymnastics_world_championships,FIG Artistic Gymnastics World Championships,2007,2007-12-31,floor-exercise,Artistic Gymnastics - Floor exercise,Floor exercise,women,2,silver,athlete,Alicia Sacramone,United States,USA,https://en.wikipedia.org/wiki/2007_World_Artistic_Gymnastics_Championships
fig_artistic_gymnastics_world_championships,FIG Artistic Gymnastics World Championships,2007,2007-12-31,floor-exercise,Artistic Gymnastics - Floor exercise,Floor exercise,women,3,bronze,athlete,Cassy Vericel,France,FRA,https://en.wikipedia.org/wiki/2007_World_Artistic_Gymnastics_Championships
fig_artistic_gymnastics_world_championships,FIG Artistic Gymnastics World Championships,2007,2007-12-31,individual-all-around,Artistic Gymnastics - Individual all-around,Individual all-around,women,1,gold,athlete,Shawn Johnson,United States,USA,https://en.wikipedia.org/wiki/2007_World_Artistic_Gymnastics_Championships
fig_artistic_gymnastics_world_championships,FIG Artistic Gymnastics World Championships,2007,2007-12-31,individual-all-around,Artistic Gymnastics - Individual all-around,Individual all-around,women,2,silver,athlete,Steliana Nistor,Romania,ROU,https://en.wikipedia.org/wiki/2007_World_Artistic_Gymnastics_Championships
fig_artistic_gymnastics_world_championships,FIG Artistic Gymnastics World Championships,2007,2007-12-31,individual-all-around,Artistic Gymnastics - Individual all-around,Individual all-around,women,3,bronze,athlete,Jade Barbosa,Brazil,BRA,https://en.wikipedia.org/wiki/2007_World_Artistic_Gymnastics_Championships
fig_artistic_gymnastics_world_championships,FIG Artistic Gymnastics World Championships,2007,2007-12-31,individual-all-around,Artistic Gymnastics - Individual all-around,Individual all-around,women,3,bronze,athlete,Vanessa Ferrari,Italy,ITA,https://en.wikipedia.org/wiki/2007_World_Artistic_Gymnastics_Championships
fig_artistic_gymnastics_world_championships,FIG Artistic Gymnastics World Championships,2007,2007-12-31,team,Artistic Gymnastics - Team,Team,women,1,gold,team,United States,United States,USA,https://en.wikipedia.org/wiki/2007_World_Artistic_Gymnastics_Championships
fig_artistic_gymnastics_world_championships,FIG Artistic Gymnastics World Championships,2007,2007-12-31,team,Artistic Gymnastics - Team,Team,women,2,silver,team,China,China,CHN,https://en.wikipedia.org/wiki/2007_World_Artistic_Gymnastics_Championships
fig_artistic_gymnastics_world_championships,FIG Artistic Gymnastics World Championships,2007,2007-12-31,team,Artistic Gymnastics - Team,Team,women,3,bronze,team,Romania,Romania,ROU,https://en.wikipedia.org/wiki/2007_World_Artistic_Gymnastics_Championships
fig_artistic_gymnastics_world_championships,FIG Artistic Gymnastics World Championships,2007,2007-12-31,uneven-bars,Artistic Gymnastics - Uneven bars,Uneven bars,women,1,gold,athlete,Ksenia Semenova,Russia,RUS,https://en.wikipedia.org/wiki/2007_World_Artistic_Gymnastics_Championships
fig_artistic_gymnastics_world_championships,FIG Artistic Gymnastics World Championships,2007,2007-12-31,uneven-bars,Artistic Gymnastics - Uneven bars,Uneven bars,women,2,silver,athlete,Nastia Liukin,United States,USA,https://en.wikipedia.org/wiki/2007_World_Artistic_Gymnastics_Championships
fig_artistic_gymnastics_world_championships,FIG Artistic Gymnastics World Championships,2007,2007-12-31,uneven-bars,Artistic Gymnastics - Uneven bars,Uneven bars,women,3,bronze,athlete,Yang Yilin,China,CHN,https://en.wikipedia.org/wiki/2007_World_Artistic_Gymnastics_Championships
fig_artistic_gymnastics_world_championships,FIG Artistic Gymnastics World Championships,2007,2007-12-31,vault,Artistic Gymnastics - Vault,Vault,women,1,gold,athlete,Cheng Fei,China,CHN,https://en.wikipedia.org/wiki/2007_World_Artistic_Gymnastics_Championships
fig_artistic_gymnastics_world_championships,FIG Artistic Gymnastics World Championships,2007,2007-12-31,vault,Artistic Gymnastics - Vault,Vault,women,2,silver,athlete,Hong Su Jong,North Korea,PRK,https://en.wikipedia.org/wiki/2007_World_Artistic_Gymnastics_Championships
fig_artistic_gymnastics_world_championships,FIG Artistic Gymnastics World Championships,2007,2007-12-31,vault,Artistic Gymnastics - Vault,Vault,women,3,bronze,athlete,Alicia Sacramone,United States,USA,https://en.wikipedia.org/wiki/2007_World_Artistic_Gymnastics_Championships
fig_artistic_gymnastics_world_championships,FIG Artistic Gymnastics World Championships,2009,2009-12-31,floor-exercise,Artistic Gymnastics - Floor exercise,Floor exercise,men,1,gold,athlete,Marian Drăgulescu,Romania,ROU,https://en.wikipedia.org/wiki/2009_World_Artistic_Gymnastics_Championships
fig_artistic_gymnastics_world_championships,FIG Artistic Gymnastics World Championships,2009,2009-12-31,floor-exercise,Artistic Gymnastics - Floor exercise,Floor exercise,men,2,silver,athlete,Zou Kai,China,CHN,https://en.wikipedia.org/wiki/2009_World_Artistic_Gymnastics_Championships
fig_artistic_gymnastics_world_championships,FIG Artistic Gymnastics World Championships,2009,2009-12-31,floor-exercise,Artistic Gymnastics - Floor exercise,Floor exercise,men,3,bronze,athlete,Alexander Shatilov,Israel,ISR,https://en.wikipedia.org/wiki/2009_World_Artistic_Gymnastics_Championships
fig_artistic_gymnastics_world_championships,FIG Artistic Gymnastics World Championships,2009,2009-12-31,horizontal-bar,Artistic Gymnastics - Horizontal bar,Horizontal bar,men,1,gold,athlete,Zou Kai,China,CHN,https://en.wikipedia.org/wiki/2009_World_Artistic_Gymnastics_Championships
fig_artistic_gymnastics_world_championships,FIG Artistic Gymnastics World Championships,2009,2009-12-31,horizontal-bar,Artistic Gymnastics - Horizontal bar,Horizontal bar,men,2,silver,athlete,Epke Zonderland,Netherlands,NLD,https://en.wikipedia.org/wiki/2009_World_Artistic_Gymnastics_Championships
fig_artistic_gymnastics_world_championships,FIG Artistic Gymnastics World Championships,2009,2009-12-31,horizontal-bar,Artistic Gymnastics - Horizontal bar,Horizontal bar,men,3,bronze,athlete,Igor Cassina,Italy,ITA,https://en.wikipedia.org/wiki/2009_World_Artistic_Gymnastics_Championships
fig_artistic_gymnastics_world_championships,FIG Artistic Gymnastics World Championships,2009,2009-12-31,individual-all-around,Artistic Gymnastics - Individual all-around,Individual all-around,men,1,gold,athlete,Kōhei Uchimura,Japan,JPN,https://en.wikipedia.org/wiki/2009_World_Artistic_Gymnastics_Championships
fig_artistic_gymnastics_world_championships,FIG Artistic Gymnastics World Championships,2009,2009-12-31,individual-all-around,Artistic Gymnastics - Individual all-around,Individual all-around,men,2,silver,athlete,Daniel Keatings,Great Britain,GBR,https://en.wikipedia.org/wiki/2009_World_Artistic_Gymnastics_Championships
fig_artistic_gymnastics_world_championships,FIG Artistic Gymnastics World Championships,2009,2009-12-31,individual-all-around,Artistic Gymnastics - Individual all-around,Individual all-around,men,3,bronze,athlete,Yury Ryazanov,Russia,RUS,https://en.wikipedia.org/wiki/2009_World_Artistic_Gymnastics_Championships
fig_artistic_gymnastics_world_championships,FIG Artistic Gymnastics World Championships,2009,2009-12-31,parallel-bars,Artistic Gymnastics - Parallel bars,Parallel bars,men,1,gold,athlete,Wang Guanyin,China,CHN,https://en.wikipedia.org/wiki/2009_World_Artistic_Gymnastics_Championships
fig_artistic_gymnastics_world_championships,FIG Artistic Gymnastics World Championships,2009,2009-12-31,parallel-bars,Artistic Gymnastics - Parallel bars,Parallel bars,men,2,silver,athlete,Feng Zhe,China,CHN,https://en.wikipedia.org/wiki/2009_World_Artistic_Gymnastics_Championships
fig_artistic_gymnastics_world_championships,FIG Artistic Gymnastics World Championships,2009,2009-12-31,parallel-bars,Artistic Gymnastics - Parallel bars,Parallel bars,men,3,bronze,athlete,Kazuhito Tanaka,Japan,JPN,https://en.wikipedia.org/wiki/2009_World_Artistic_Gymnastics_Championships
fig_artistic_gymnastics_world_championships,FIG Artistic Gymnastics World Championships,2009,2009-12-31,pommel-horse,Artistic Gymnastics - Pommel horse,Pommel horse,men,1,gold,athlete,Zhang Hongtao,China,CHN,https://en.wikipedia.org/wiki/2009_World_Artistic_Gymnastics_Championships
fig_artistic_gymnastics_world_championships,FIG Artistic Gymnastics World Championships,2009,2009-12-31,pommel-horse,Artistic Gymnastics - Pommel horse,Pommel horse,men,2,silver,athlete,Krisztián Berki,Hungary,HUN,https://en.wikipedia.org/wiki/2009_World_Artistic_Gymnastics_Championships
fig_artistic_gymnastics_world_championships,FIG Artistic Gymnastics World Championships,2009,2009-12-31,pommel-horse,Artistic Gymnastics - Pommel horse,Pommel horse,men,3,bronze,athlete,Prashanth Sellathurai,Australia,AUS,https://en.wikipedia.org/wiki/2009_World_Artistic_Gymnastics_Championships
fig_artistic_gymnastics_world_championships,FIG Artistic Gymnastics World Championships,2009,2009-12-31,still-rings,Artistic Gymnastics - Still rings,Still rings,men,1,gold,athlete,Yan Mingyong,China,CHN,https://en.wikipedia.org/wiki/2009_World_Artistic_Gymnastics_Championships
fig_artistic_gymnastics_world_championships,FIG Artistic Gymnastics World Championships,2009,2009-12-31,still-rings,Artistic Gymnastics - Still rings,Still rings,men,2,silver,athlete,Yordan Yovchev,Bulgaria,BGR,https://en.wikipedia.org/wiki/2009_World_Artistic_Gymnastics_Championships
fig_artistic_gymnastics_world_championships,FIG Artistic Gymnastics World Championships,2009,2009-12-31,still-rings,Artistic Gymnastics - Still rings,Still rings,men,3,bronze,athlete,Oleksandr Vorobiov,Ukraine,UKR,https://en.wikipedia.org/wiki/2009_World_Artistic_Gymnastics_Championships
fig_artistic_gymnastics_world_championships,FIG Artistic Gymnastics World Championships,2009,2009-12-31,vault,Artistic Gymnastics - Vault,Vault,men,1,gold,athlete,Marian Drăgulescu,Romania,ROU,https://en.wikipedia.org/wiki/2009_World_Artistic_Gymnastics_Championships
fig_artistic_gymnastics_world_championships,FIG Artistic Gymnastics World Championships,2009,2009-12-31,vault,Artistic Gymnastics - Vault,Vault,men,2,silver,athlete,Flavius Koczi,Romania,ROU,https://en.wikipedia.org/wiki/2009_World_Artistic_Gymnastics_Championships
fig_artistic_gymnastics_world_championships,FIG Artistic Gymnastics World Championships,2009,2009-12-31,vault,Artistic Gymnastics - Vault,Vault,men,3,bronze,athlete,Anton Golotsutskov,Russia,RUS,https://en.wikipedia.org/wiki/2009_World_Artistic_Gymnastics_Championships
fig_artistic_gymnastics_world_championships,FIG Artistic Gymnastics World Championships,2009,2009-12-31,balance-beam,Artistic Gymnastics - Balance beam,Balance beam,women,1,gold,athlete,Deng Linlin,China,CHN,https://en.wikipedia.org/wiki/2009_World_Artistic_Gymnastics_Championships
fig_artistic_gymnastics_world_championships,FIG Artistic Gymnastics World Championships,2009,2009-12-31,balance-beam,Artistic Gymnastics - Balance beam,Balance beam,women,2,silver,athlete,Lauren Mitchell,Australia,AUS,https://en.wikipedia.org/wiki/2009_World_Artistic_Gymnastics_Championships
fig_artistic_gymnastics_world_championships,FIG Artistic Gymnastics World Championships,2009,2009-12-31,balance-beam,Artistic Gymnastics - Balance beam,Balance beam,women,3,bronze,athlete,Ivana Hong,United States,USA,https://en.wikipedia.org/wiki/2009_World_Artistic_Gymnastics_Championships
fig_artistic_gymnastics_world_championships,FIG Artistic Gymnastics World Championships,2009,2009-12-31,floor-exercise,Artistic Gymnastics - Floor exercise,Floor exercise,women,1,gold,athlete,Elizabeth Tweddle,Great Britain,GBR,https://en.wikipedia.org/wiki/2009_World_Artistic_Gymnastics_Championships
fig_artistic_gymnastics_world_championships,FIG Artistic Gymnastics World Championships,2009,2009-12-31,floor-exercise,Artistic Gymnastics - Floor exercise,Floor exercise,women,2,silver,athlete,Lauren Mitchell,Australia,AUS,https://en.wikipedia.org/wiki/2009_World_Artistic_Gymnastics_Championships
fig_artistic_gymnastics_world_championships,FIG Artistic Gymnastics World Championships,2009,2009-12-31,floor-exercise,Artistic Gymnastics - Floor exercise,Floor exercise,women,3,bronze,athlete,Sui Lu,China,CHN,https://en.wikipedia.org/wiki/2009_World_Artistic_Gymnastics_Championships
fig_artistic_gymnastics_world_championships,FIG Artistic Gymnastics World Championships,2009,2009-12-31,individual-all-around,Artistic Gymnastics - Individual all-around,Individual all-around,women,1,gold,athlete,Bridget Sloan,United States,USA,https://en.wikipedia.org/wiki/2009_World_Artistic_Gymnastics_Championships
fig_artistic_gymnastics_world_championships,FIG Artistic Gymnastics World Championships,2009,2009-12-31,individual-all-around,Artistic Gymnastics - Individual all-around,Individual all-around,women,2,silver,athlete,Rebecca Bross,United States,USA,https://en.wikipedia.org/wiki/2009_World_Artistic_Gymnastics_Championships
fig_artistic_gymnastics_world_championships,FIG Artistic Gymnastics World Championships,2009,2009-12-31,individual-all-around,Artistic Gymnastics - Individual all-around,Individual all-around,women,3,bronze,athlete,Koko Tsurumi,Japan,JPN,https://en.wikipedia.org/wiki/2009_World_Artistic_Gymnastics_Championships
fig_artistic_gymnastics_world_championships,FIG Artistic Gymnastics World Championships,2009,2009-12-31,uneven-bars,Artistic Gymnastics - Uneven bars,Uneven bars,women,1,gold,athlete,He Kexin,China,CHN,https://en.wikipedia.org/wiki/2009_World_Artistic_Gymnastics_Championships
fig_artistic_gymnastics_world_championships,FIG Artistic Gymnastics World Championships,2009,2009-12-31,uneven-bars,Artistic Gymnastics - Uneven bars,Uneven bars,women,2,silver,athlete,Koko Tsurumi,Japan,JPN,https://en.wikipedia.org/wiki/2009_World_Artistic_Gymnastics_Championships
fig_artistic_gymnastics_world_championships,FIG Artistic Gymnastics World Championships,2009,2009-12-31,uneven-bars,Artistic Gymnastics - Uneven bars,Uneven bars,women,3,bronze,athlete,Rebecca Bross,United States,USA,https://en.wikipedia.org/wiki/2009_World_Artistic_Gymnastics_Championships
fig_artistic_gymnastics_world_championships,FIG Artistic Gymnastics World Championships,2009,2009-12-31,vault,Artistic Gymnastics - Vault,Vault,women,1,gold,athlete,Kayla Williams,United States,USA,https://en.wikipedia.org/wiki/2009_World_Artistic_Gymnastics_Championships
fig_artistic_gymnastics_world_championships,FIG Artistic Gymnastics World Championships,2009,2009-12-31,vault,Artistic Gymnastics - Vault,Vault,women,2,silver,athlete,Ariella Käslin,Switzerland,CHE,https://en.wikipedia.org/wiki/2009_World_Artistic_Gymnastics_Championships
fig_artistic_gymnastics_world_championships,FIG Artistic Gymnastics World Championships,2009,2009-12-31,vault,Artistic Gymnastics - Vault,Vault,women,3,bronze,athlete,Youna Dufournet,France,FRA,https://en.wikipedia.org/wiki/2009_World_Artistic_Gymnastics_Championships
fig_artistic_gymnastics_world_championships,FIG Artistic Gymnastics World Championships,2010,2010-12-31,floor-exercise,Artistic Gymnastics - Floor exercise,Floor exercise,men,1,gold,athlete,Eleftherios Kosmidis,Greece,GRC,https://en.wikipedia.org/wiki/2010_World_Artistic_Gymnastics_Championships
fig_artistic_gymnastics_world_championships,FIG Artistic Gymnastics World Championships,2010,2010-12-31,floor-exercise,Artistic Gymnastics - Floor exercise,Floor exercise,men,2,silver,athlete,Kōhei Uchimura,Japan,JPN,https://en.wikipedia.org/wiki/2010_World_Artistic_Gymnastics_Championships
fig_artistic_gymnastics_world_championships,FIG Artistic Gymnastics World Championships,2010,2010-12-31,floor-exercise,Artistic Gymnastics - Floor exercise,Floor exercise,men,3,bronze,athlete,Daniel Purvis,Great Britain,GBR,https://en.wikipedia.org/wiki/2010_World_Artistic_Gymnastics_Championships
fig_artistic_gymnastics_world_championships,FIG Artistic Gymnastics World Championships,2010,2010-12-31,horizontal-bar,Artistic Gymnastics - Horizontal bar,Horizontal bar,men,1,gold,athlete,Zhang Chenglong,China,CHN,https://en.wikipedia.org/wiki/2010_World_Artistic_Gymnastics_Championships
fig_artistic_gymnastics_world_championships,FIG Artistic Gymnastics World Championships,2010,2010-12-31,horizontal-bar,Artistic Gymnastics - Horizontal bar,Horizontal bar,men,2,silver,athlete,Epke Zonderland,Netherlands,NLD,https://en.wikipedia.org/wiki/2010_World_Artistic_Gymnastics_Championships
fig_artistic_gymnastics_world_championships,FIG Artistic Gymnastics World Championships,2010,2010-12-31,horizontal-bar,Artistic Gymnastics - Horizontal bar,Horizontal bar,men,3,bronze,athlete,Fabian Hambüchen,Germany,DEU,https://en.wikipedia.org/wiki/2010_World_Artistic_Gymnastics_Championships
fig_artistic_gymnastics_world_championships,FIG Artistic Gymnastics World Championships,2010,2010-12-31,individual-all-around,Artistic Gymnastics - Individual all-around,Individual all-around,men,1,gold,athlete,Kōhei Uchimura,Japan,JPN,https://en.wikipedia.org/wiki/2010_World_Artistic_Gymnastics_Championships
fig_artistic_gymnastics_world_championships,FIG Artistic Gymnastics World Championships,2010,2010-12-31,individual-all-around,Artistic Gymnastics - Individual all-around,Individual all-around,men,2,silver,athlete,Philipp Boy,Germany,DEU,https://en.wikipedia.org/wiki/2010_World_Artistic_Gymnastics_Championships
fig_artistic_gymnastics_world_championships,FIG Artistic Gymnastics World Championships,2010,2010-12-31,individual-all-around,Artistic Gymnastics - Individual all-around,Individual all-around,men,3,bronze,athlete,Jonathan Horton,United States,USA,https://en.wikipedia.org/wiki/2010_World_Artistic_Gymnastics_Championships
fig_artistic_gymnastics_world_championships,FIG Artistic Gymnastics World Championships,2010,2010-12-31,parallel-bars,Artistic Gymnastics - Parallel bars,Parallel bars,men,1,gold,athlete,Feng Zhe,China,CHN,https://en.wikipedia.org/wiki/2010_World_Artistic_Gymnastics_Championships
fig_artistic_gymnastics_world_championships,FIG Artistic Gymnastics World Championships,2010,2010-12-31,parallel-bars,Artistic Gymnastics - Parallel bars,Parallel bars,men,2,silver,athlete,Teng Haibin,China,CHN,https://en.wikipedia.org/wiki/2010_World_Artistic_Gymnastics_Championships
fig_artistic_gymnastics_world_championships,FIG Artistic Gymnastics World Championships,2010,2010-12-31,parallel-bars,Artistic Gymnastics - Parallel bars,Parallel bars,men,3,bronze,athlete,Kōhei Uchimura,Japan,JPN,https://en.wikipedia.org/wiki/2010_World_Artistic_Gymnastics_Championships
fig_artistic_gymnastics_world_championships,FIG Artistic Gymnastics World Championships,2010,2010-12-31,pommel-horse,Artistic Gymnastics - Pommel horse,Pommel horse,men,1,gold,athlete,Krisztián Berki,Hungary,HUN,https://en.wikipedia.org/wiki/2010_World_Artistic_Gymnastics_Championships
fig_artistic_gymnastics_world_championships,FIG Artistic Gymnastics World Championships,2010,2010-12-31,pommel-horse,Artistic Gymnastics - Pommel horse,Pommel horse,men,2,silver,athlete,Louis Smith,Great Britain,GBR,https://en.wikipedia.org/wiki/2010_World_Artistic_Gymnastics_Championships
fig_artistic_gymnastics_world_championships,FIG Artistic Gymnastics World Championships,2010,2010-12-31,pommel-horse,Artistic Gymnastics - Pommel horse,Pommel horse,men,3,bronze,athlete,Prashanth Sellathurai,Australia,AUS,https://en.wikipedia.org/wiki/2010_World_Artistic_Gymnastics_Championships
fig_artistic_gymnastics_world_championships,FIG Artistic Gymnastics World Championships,2010,2010-12-31,still-rings,Artistic Gymnastics - Still rings,Still rings,men,1,gold,athlete,Chen Yibing,China,CHN,https://en.wikipedia.org/wiki/2010_World_Artistic_Gymnastics_Championships
fig_artistic_gymnastics_world_championships,FIG Artistic Gymnastics World Championships,2010,2010-12-31,still-rings,Artistic Gymnastics - Still rings,Still rings,men,2,silver,athlete,Yan Mingyong,China,CHN,https://en.wikipedia.org/wiki/2010_World_Artistic_Gymnastics_Championships
fig_artistic_gymnastics_world_championships,FIG Artistic Gymnastics World Championships,2010,2010-12-31,still-rings,Artistic Gymnastics - Still rings,Still rings,men,3,bronze,athlete,Matteo Morandi,Italy,ITA,https://en.wikipedia.org/wiki/2010_World_Artistic_Gymnastics_Championships
fig_artistic_gymnastics_world_championships,FIG Artistic Gymnastics World Championships,2010,2010-12-31,team,Artistic Gymnastics - Team,Team,men,1,gold,team,China,China,CHN,https://en.wikipedia.org/wiki/2010_World_Artistic_Gymnastics_Championships
fig_artistic_gymnastics_world_championships,FIG Artistic Gymnastics World Championships,2010,2010-12-31,team,Artistic Gymnastics - Team,Team,men,2,silver,team,Japan,Japan,JPN,https://en.wikipedia.org/wiki/2010_World_Artistic_Gymnastics_Championships
fig_artistic_gymnastics_world_championships,FIG Artistic Gymnastics World Championships,2010,2010-12-31,team,Artistic Gymnastics - Team,Team,men,3,bronze,team,Germany,Germany,DEU,https://en.wikipedia.org/wiki/2010_World_Artistic_Gymnastics_Championships
fig_artistic_gymnastics_world_championships,FIG Artistic Gymnastics World Championships,2010,2010-12-31,vault,Artistic Gymnastics - Vault,Vault,men,1,gold,athlete,Thomas Bouhail,France,FRA,https://en.wikipedia.org/wiki/2010_World_Artistic_Gymnastics_Championships
fig_artistic_gymnastics_world_championships,FIG Artistic Gymnastics World Championships,2010,2010-12-31,vault,Artistic Gymnastics - Vault,Vault,men,2,silver,athlete,Anton Golotsutskov,Russia,RUS,https://en.wikipedia.org/wiki/2010_World_Artistic_Gymnastics_Championships
fig_artistic_gymnastics_world_championships,FIG Artistic Gymnastics World Championships,2010,2010-12-31,vault,Artistic Gymnastics - Vault,Vault,men,3,bronze,athlete,Dzmitry Kaspiarovich,Belarus,BLR,https://en.wikipedia.org/wiki/2010_World_Artistic_Gymnastics_Championships
fig_artistic_gymnastics_world_championships,FIG Artistic Gymnastics World Championships,2010,2010-12-31,balance-beam,Artistic Gymnastics - Balance beam,Balance beam,women,1,gold,athlete,Ana Porgras,Romania,ROU,https://en.wikipedia.org/wiki/2010_World_Artistic_Gymnastics_Championships
fig_artistic_gymnastics_world_championships,FIG Artistic Gymnastics World Championships,2010,2010-12-31,balance-beam,Artistic Gymnastics - Balance beam,Balance beam,women,2,silver,athlete,Deng Linlin,China,CHN,https://en.wikipedia.org/wiki/2010_World_Artistic_Gymnastics_Championships
fig_artistic_gymnastics_world_championships,FIG Artistic Gymnastics World Championships,2010,2010-12-31,balance-beam,Artistic Gymnastics - Balance beam,Balance beam,women,2,silver,athlete,Rebecca Bross,United States,USA,https://en.wikipedia.org/wiki/2010_World_Artistic_Gymnastics_Championships
fig_artistic_gymnastics_world_championships,FIG Artistic Gymnastics World Championships,2010,2010-12-31,floor-exercise,Artistic Gymnastics - Floor exercise,Floor exercise,women,1,gold,athlete,Lauren Mitchell,Australia,AUS,https://en.wikipedia.org/wiki/2010_World_Artistic_Gymnastics_Championships
fig_artistic_gymnastics_world_championships,FIG Artistic Gymnastics World Championships,2010,2010-12-31,floor-exercise,Artistic Gymnastics - Floor exercise,Floor exercise,women,2,silver,athlete,Diana Chelaru,Romania,ROU,https://en.wikipedia.org/wiki/2010_World_Artistic_Gymnastics_Championships
fig_artistic_gymnastics_world_championships,FIG Artistic Gymnastics World Championships,2010,2010-12-31,floor-exercise,Artistic Gymnastics - Floor exercise,Floor exercise,women,2,silver,athlete,Aliya Mustafina,Russia,RUS,https://en.wikipedia.org/wiki/2010_World_Artistic_Gymnastics_Championships
fig_artistic_gymnastics_world_championships,FIG Artistic Gymnastics World Championships,2010,2010-12-31,individual-all-around,Artistic Gymnastics - Individual all-around,Individual all-around,women,1,gold,athlete,Aliya Mustafina,Russia,RUS,https://en.wikipedia.org/wiki/2010_World_Artistic_Gymnastics_Championships
fig_artistic_gymnastics_world_championships,FIG Artistic Gymnastics World Championships,2010,2010-12-31,individual-all-around,Artistic Gymnastics - Individual all-around,Individual all-around,women,2,silver,athlete,Jiang Yuyuan,China,CHN,https://en.wikipedia.org/wiki/2010_World_Artistic_Gymnastics_Championships
fig_artistic_gymnastics_world_championships,FIG Artistic Gymnastics World Championships,2010,2010-12-31,individual-all-around,Artistic Gymnastics - Individual all-around,Individual all-around,women,3,bronze,athlete,Rebecca Bross,United States,USA,https://en.wikipedia.org/wiki/2010_World_Artistic_Gymnastics_Championships
fig_artistic_gymnastics_world_championships,FIG Artistic Gymnastics World Championships,2010,2010-12-31,team,Artistic Gymnastics - Team,Team,women,1,gold,team,Russia,Russia,RUS,https://en.wikipedia.org/wiki/2010_World_Artistic_Gymnastics_Championships
fig_artistic_gymnastics_world_championships,FIG Artistic Gymnastics World Championships,2010,2010-12-31,team,Artistic Gymnastics - Team,Team,women,2,silver,team,United States,United States,USA,https://en.wikipedia.org/wiki/2010_World_Artistic_Gymnastics_Championships
fig_artistic_gymnastics_world_championships,FIG Artistic Gymnastics World Championships,2010,2010-12-31,team,Artistic Gymnastics - Team,Team,women,3,bronze,team,China,China,CHN,https://en.wikipedia.org/wiki/2010_World_Artistic_Gymnastics_Championships
fig_artistic_gymnastics_world_championships,FIG Artistic Gymnastics World Championships,2010,2010-12-31,uneven-bars,Artistic Gymnastics - Uneven bars,Uneven bars,women,1,gold,athlete,Beth Tweddle,Great Britain,GBR,https://en.wikipedia.org/wiki/2010_World_Artistic_Gymnastics_Championships
fig_artistic_gymnastics_world_championships,FIG Artistic Gymnastics World Championships,2010,2010-12-31,uneven-bars,Artistic Gymnastics - Uneven bars,Uneven bars,women,2,silver,athlete,Aliya Mustafina,Russia,RUS,https://en.wikipedia.org/wiki/2010_World_Artistic_Gymnastics_Championships
fig_artistic_gymnastics_world_championships,FIG Artistic Gymnastics World Championships,2010,2010-12-31,uneven-bars,Artistic Gymnastics - Uneven bars,Uneven bars,women,3,bronze,athlete,Rebecca Bross,United States,USA,https://en.wikipedia.org/wiki/2010_World_Artistic_Gymnastics_Championships
fig_artistic_gymnastics_world_championships,FIG Artistic Gymnastics World Championships,2010,2010-12-31,vault,Artistic Gymnastics - Vault,Vault,women,1,gold,athlete,Alicia Sacramone,United States,USA,https://en.wikipedia.org/wiki/2010_World_Artistic_Gymnastics_Championships
fig_artistic_gymnastics_world_championships,FIG Artistic Gymnastics World Championships,2010,2010-12-31,vault,Artistic Gymnastics - Vault,Vault,women,2,silver,athlete,Aliya Mustafina,Russia,RUS,https://en.wikipedia.org/wiki/2010_World_Artistic_Gymnastics_Championships
fig_artistic_gymnastics_world_championships,FIG Artistic Gymnastics World Championships,2010,2010-12-31,vault,Artistic Gymnastics - Vault,Vault,women,3,bronze,athlete,Jade Barbosa,Brazil,BRA,https://en.wikipedia.org/wiki/2010_World_Artistic_Gymnastics_Championships
fig_artistic_gymnastics_world_championships,FIG Artistic Gymnastics World Championships,2011,2011-12-31,floor-exercise,Artistic Gymnastics - Floor exercise,Floor exercise,men,1,gold,athlete,Kōhei Uchimura,Japan,JPN,https://en.wikipedia.org/wiki/2011_World_Artistic_Gymnastics_Championships
fig_artistic_gymnastics_world_championships,FIG Artistic Gymnastics World Championships,2011,2011-12-31,floor-exercise,Artistic Gymnastics - Floor exercise,Floor exercise,men,2,silver,athlete,Zou Kai,China,CHN,https://en.wikipedia.org/wiki/2011_World_Artistic_Gymnastics_Championships
fig_artistic_gymnastics_world_championships,FIG Artistic Gymnastics World Championships,2011,2011-12-31,floor-exercise,Artistic Gymnastics - Floor exercise,Floor exercise,men,3,bronze,athlete,Diego Hypólito,Brazil,BRA,https://en.wikipedia.org/wiki/2011_World_Artistic_Gymnastics_Championships
fig_artistic_gymnastics_world_championships,FIG Artistic Gymnastics World Championships,2011,2011-12-31,floor-exercise,Artistic Gymnastics - Floor exercise,Floor exercise,men,3,bronze,athlete,Alexander Shatilov,Israel,ISR,https://en.wikipedia.org/wiki/2011_World_Artistic_Gymnastics_Championships
fig_artistic_gymnastics_world_championships,FIG Artistic Gymnastics World Championships,2011,2011-12-31,horizontal-bar,Artistic Gymnastics - Horizontal bar,Horizontal bar,men,1,gold,athlete,Zou Kai,China,CHN,https://en.wikipedia.org/wiki/2011_World_Artistic_Gymnastics_Championships
fig_artistic_gymnastics_world_championships,FIG Artistic Gymnastics World Championships,2011,2011-12-31,horizontal-bar,Artistic Gymnastics - Horizontal bar,Horizontal bar,men,2,silver,athlete,Zhang Chenglong,China,CHN,https://en.wikipedia.org/wiki/2011_World_Artistic_Gymnastics_Championships
fig_artistic_gymnastics_world_championships,FIG Artistic Gymnastics World Championships,2011,2011-12-31,horizontal-bar,Artistic Gymnastics - Horizontal bar,Horizontal bar,men,3,bronze,athlete,Kōhei Uchimura,Japan,JPN,https://en.wikipedia.org/wiki/2011_World_Artistic_Gymnastics_Championships
fig_artistic_gymnastics_world_championships,FIG Artistic Gymnastics World Championships,2011,2011-12-31,individual-all-around,Artistic Gymnastics - Individual all-around,Individual all-around,men,1,gold,athlete,Kōhei Uchimura,Japan,JPN,https://en.wikipedia.org/wiki/2011_World_Artistic_Gymnastics_Championships
fig_artistic_gymnastics_world_championships,FIG Artistic Gymnastics World Championships,2011,2011-12-31,individual-all-around,Artistic Gymnastics - Individual all-around,Individual all-around,men,2,silver,athlete,Philipp Boy,Germany,DEU,https://en.wikipedia.org/wiki/2011_World_Artistic_Gymnastics_Championships
fig_artistic_gymnastics_world_championships,FIG Artistic Gymnastics World Championships,2011,2011-12-31,individual-all-around,Artistic Gymnastics - Individual all-around,Individual all-around,men,3,bronze,athlete,Koji Yamamuro,Japan,JPN,https://en.wikipedia.org/wiki/2011_World_Artistic_Gymnastics_Championships
fig_artistic_gymnastics_world_championships,FIG Artistic Gymnastics World Championships,2011,2011-12-31,parallel-bars,Artistic Gymnastics - Parallel bars,Parallel bars,men,1,gold,athlete,Danell Leyva,United States,USA,https://en.wikipedia.org/wiki/2011_World_Artistic_Gymnastics_Championships
fig_artistic_gymnastics_world_championships,FIG Artistic Gymnastics World Championships,2011,2011-12-31,parallel-bars,Artistic Gymnastics - Parallel bars,Parallel bars,men,2,silver,athlete,Zhang Chenglong,China,CHN,https://en.wikipedia.org/wiki/2011_World_Artistic_Gymnastics_Championships
fig_artistic_gymnastics_world_championships,FIG Artistic Gymnastics World Championships,2011,2011-12-31,parallel-bars,Artistic Gymnastics - Parallel bars,Parallel bars,men,2,silver,athlete,Vasileios Tsolakidis,Greece,GRC,https://en.wikipedia.org/wiki/2011_World_Artistic_Gymnastics_Championships
fig_artistic_gymnastics_world_championships,FIG Artistic Gymnastics World Championships,2011,2011-12-31,pommel-horse,Artistic Gymnastics - Pommel horse,Pommel horse,men,1,gold,athlete,Krisztián Berki,Hungary,HUN,https://en.wikipedia.org/wiki/2011_World_Artistic_Gymnastics_Championships
fig_artistic_gymnastics_world_championships,FIG Artistic Gymnastics World Championships,2011,2011-12-31,pommel-horse,Artistic Gymnastics - Pommel horse,Pommel horse,men,2,silver,athlete,Cyril Tommasone,France,FRA,https://en.wikipedia.org/wiki/2011_World_Artistic_Gymnastics_Championships
fig_artistic_gymnastics_world_championships,FIG Artistic Gymnastics World Championships,2011,2011-12-31,pommel-horse,Artistic Gymnastics - Pommel horse,Pommel horse,men,3,bronze,athlete,Louis Smith,Great Britain,GBR,https://en.wikipedia.org/wiki/2011_World_Artistic_Gymnastics_Championships
fig_artistic_gymnastics_world_championships,FIG Artistic Gymnastics World Championships,2011,2011-12-31,still-rings,Artistic Gymnastics - Still rings,Still rings,men,1,gold,athlete,Chen Yibing,China,CHN,https://en.wikipedia.org/wiki/2011_World_Artistic_Gymnastics_Championships
fig_artistic_gymnastics_world_championships,FIG Artistic Gymnastics World Championships,2011,2011-12-31,still-rings,Artistic Gymnastics - Still rings,Still rings,men,2,silver,athlete,Arthur Zanetti,Brazil,BRA,https://en.wikipedia.org/wiki/2011_World_Artistic_Gymnastics_Championships
fig_artistic_gymnastics_world_championships,FIG Artistic Gymnastics World Championships,2011,2011-12-31,still-rings,Artistic Gymnastics - Still rings,Still rings,men,3,bronze,athlete,Koji Yamamuro,Japan,JPN,https://en.wikipedia.org/wiki/2011_World_Artistic_Gymnastics_Championships
fig_artistic_gymnastics_world_championships,FIG Artistic Gymnastics World Championships,2011,2011-12-31,team,Artistic Gymnastics - Team,Team,men,1,gold,team,China,China,CHN,https://en.wikipedia.org/wiki/2011_World_Artistic_Gymnastics_Championships
fig_artistic_gymnastics_world_championships,FIG Artistic Gymnastics World Championships,2011,2011-12-31,team,Artistic Gymnastics - Team,Team,men,2,silver,team,Japan,Japan,JPN,https://en.wikipedia.org/wiki/2011_World_Artistic_Gymnastics_Championships
fig_artistic_gymnastics_world_championships,FIG Artistic Gymnastics World Championships,2011,2011-12-31,team,Artistic Gymnastics - Team,Team,men,3,bronze,team,United States,United States,USA,https://en.wikipedia.org/wiki/2011_World_Artistic_Gymnastics_Championships
fig_artistic_gymnastics_world_championships,FIG Artistic Gymnastics World Championships,2011,2011-12-31,vault,Artistic Gymnastics - Vault,Vault,men,1,gold,athlete,Yang Hak-Seon,South Korea,KOR,https://en.wikipedia.org/wiki/2011_World_Artistic_Gymnastics_Championships
fig_artistic_gymnastics_world_championships,FIG Artistic Gymnastics World Championships,2011,2011-12-31,vault,Artistic Gymnastics - Vault,Vault,men,2,silver,athlete,Anton Golotsutskov,Russia,RUS,https://en.wikipedia.org/wiki/2011_World_Artistic_Gymnastics_Championships
fig_artistic_gymnastics_world_championships,FIG Artistic Gymnastics World Championships,2011,2011-12-31,vault,Artistic Gymnastics - Vault,Vault,men,3,bronze,athlete,Makoto Okiguchi,Japan,JPN,https://en.wikipedia.org/wiki/2011_World_Artistic_Gymnastics_Championships
fig_artistic_gymnastics_world_championships,FIG Artistic Gymnastics World Championships,2011,2011-12-31,balance-beam,Artistic Gymnastics - Balance beam,Balance beam,women,1,gold,athlete,Sui Lu,China,CHN,https://en.wikipedia.org/wiki/2011_World_Artistic_Gymnastics_Championships
fig_artistic_gymnastics_world_championships,FIG Artistic Gymnastics World Championships,2011,2011-12-31,balance-beam,Artistic Gymnastics - Balance beam,Balance beam,women,2,silver,athlete,Yao Jinnan,China,CHN,https://en.wikipedia.org/wiki/2011_World_Artistic_Gymnastics_Championships
fig_artistic_gymnastics_world_championships,FIG Artistic Gymnastics World Championships,2011,2011-12-31,balance-beam,Artistic Gymnastics - Balance beam,Balance beam,women,3,bronze,athlete,Jordyn Wieber,United States,USA,https://en.wikipedia.org/wiki/2011_World_Artistic_Gymnastics_Championships
fig_artistic_gymnastics_world_championships,FIG Artistic Gymnastics World Championships,2011,2011-12-31,floor-exercise,Artistic Gymnastics - Floor exercise,Floor exercise,women,1,gold,athlete,Ksenia Afanasyeva,Russia,RUS,https://en.wikipedia.org/wiki/2011_World_Artistic_Gymnastics_Championships
fig_artistic_gymnastics_world_championships,FIG Artistic Gymnastics World Championships,2011,2011-12-31,floor-exercise,Artistic Gymnastics - Floor exercise,Floor exercise,women,2,silver,athlete,Sui Lu,China,CHN,https://en.wikipedia.org/wiki/2011_World_Artistic_Gymnastics_Championships
fig_artistic_gymnastics_world_championships,FIG Artistic Gymnastics World Championships,2011,2011-12-31,floor-exercise,Artistic Gymnastics - Floor exercise,Floor exercise,women,3,bronze,athlete,Aly Raisman,United States,USA,https://en.wikipedia.org/wiki/2011_World_Artistic_Gymnastics_Championships
fig_artistic_gymnastics_world_championships,FIG Artistic Gymnastics World Championships,2011,2011-12-31,individual-all-around,Artistic Gymnastics - Individual all-around,Individual all-around,women,1,gold,athlete,Jordyn Wieber,United States,USA,https://en.wikipedia.org/wiki/2011_World_Artistic_Gymnastics_Championships
fig_artistic_gymnastics_world_championships,FIG Artistic Gymnastics World Championships,2011,2011-12-31,individual-all-around,Artistic Gymnastics - Individual all-around,Individual all-around,women,2,silver,athlete,Viktoria Komova,Russia,RUS,https://en.wikipedia.org/wiki/2011_World_Artistic_Gymnastics_Championships
fig_artistic_gymnastics_world_championships,FIG Artistic Gymnastics World Championships,2011,2011-12-31,individual-all-around,Artistic Gymnastics - Individual all-around,Individual all-around,women,3,bronze,athlete,Yao Jinnan,China,CHN,https://en.wikipedia.org/wiki/2011_World_Artistic_Gymnastics_Championships
fig_artistic_gymnastics_world_championships,FIG Artistic Gymnastics World Championships,2011,2011-12-31,team,Artistic Gymnastics - Team,Team,women,1,gold,team,United States,United States,USA,https://en.wikipedia.org/wiki/2011_World_Artistic_Gymnastics_Championships
fig_artistic_gymnastics_world_championships,FIG Artistic Gymnastics World Championships,2011,2011-12-31,team,Artistic Gymnastics - Team,Team,women,2,silver,team,Russia,Russia,RUS,https://en.wikipedia.org/wiki/2011_World_Artistic_Gymnastics_Championships
fig_artistic_gymnastics_world_championships,FIG Artistic Gymnastics World Championships,2011,2011-12-31,team,Artistic Gymnastics - Team,Team,women,3,bronze,team,China,China,CHN,https://en.wikipedia.org/wiki/2011_World_Artistic_Gymnastics_Championships
fig_artistic_gymnastics_world_championships,FIG Artistic Gymnastics World Championships,2011,2011-12-31,uneven-bars,Artistic Gymnastics - Uneven bars,Uneven bars,women,1,gold,athlete,Viktoria Komova,Russia,RUS,https://en.wikipedia.org/wiki/2011_World_Artistic_Gymnastics_Championships
fig_artistic_gymnastics_world_championships,FIG Artistic Gymnastics World Championships,2011,2011-12-31,uneven-bars,Artistic Gymnastics - Uneven bars,Uneven bars,women,2,silver,athlete,Tatiana Nabieva,Russia,RUS,https://en.wikipedia.org/wiki/2011_World_Artistic_Gymnastics_Championships
fig_artistic_gymnastics_world_championships,FIG Artistic Gymnastics World Championships,2011,2011-12-31,uneven-bars,Artistic Gymnastics - Uneven bars,Uneven bars,women,3,bronze,athlete,Huang Qiushuang,China,CHN,https://en.wikipedia.org/wiki/2011_World_Artistic_Gymnastics_Championships
fig_artistic_gymnastics_world_championships,FIG Artistic Gymnastics World Championships,2011,2011-12-31,vault,Artistic Gymnastics - Vault,Vault,women,1,gold,athlete,McKayla Maroney,United States,USA,https://en.wikipedia.org/wiki/2011_World_Artistic_Gymnastics_Championships
fig_artistic_gymnastics_world_championships,FIG Artistic Gymnastics World Championships,2011,2011-12-31,vault,Artistic Gymnastics - Vault,Vault,women,2,silver,athlete,Oksana Chusovitina,Germany,DEU,https://en.wikipedia.org/wiki/2011_World_Artistic_Gymnastics_Championships
fig_artistic_gymnastics_world_championships,FIG Artistic Gymnastics World Championships,2011,2011-12-31,vault,Artistic Gymnastics - Vault,Vault,women,3,bronze,athlete,Phan Thị Hà Thanh,Vietnam,VIE,https://en.wikipedia.org/wiki/2011_World_Artistic_Gymnastics_Championships
fig_artistic_gymnastics_world_championships,FIG Artistic Gymnastics World Championships,2013,2013-12-31,floor-exercise,Artistic Gymnastics - Floor exercise,Floor exercise,men,1,gold,athlete,Kenzo Shirai,Japan,JPN,https://en.wikipedia.org/wiki/2013_World_Artistic_Gymnastics_Championships
fig_artistic_gymnastics_world_championships,FIG Artistic Gymnastics World Championships,2013,2013-12-31,floor-exercise,Artistic Gymnastics - Floor exercise,Floor exercise,men,2,silver,athlete,Jacob Dalton,United States,USA,https://en.wikipedia.org/wiki/2013_World_Artistic_Gymnastics_Championships
fig_artistic_gymnastics_world_championships,FIG Artistic Gymnastics World Championships,2013,2013-12-31,floor-exercise,Artistic Gymnastics - Floor exercise,Floor exercise,men,3,bronze,athlete,Kōhei Uchimura,Japan,JPN,https://en.wikipedia.org/wiki/2013_World_Artistic_Gymnastics_Championships
fig_artistic_gymnastics_world_championships,FIG Artistic Gymnastics World Championships,2013,2013-12-31,horizontal-bar,Artistic Gymnastics - Horizontal bar,Horizontal bar,men,1,gold,athlete,Epke Zonderland,Netherlands,NLD,https://en.wikipedia.org/wiki/2013_World_Artistic_Gymnastics_Championships
fig_artistic_gymnastics_world_championships,FIG Artistic Gymnastics World Championships,2013,2013-12-31,horizontal-bar,Artistic Gymnastics - Horizontal bar,Horizontal bar,men,2,silver,athlete,Fabian Hambüchen,Germany,DEU,https://en.wikipedia.org/wiki/2013_World_Artistic_Gymnastics_Championships
fig_artistic_gymnastics_world_championships,FIG Artistic Gymnastics World Championships,2013,2013-12-31,horizontal-bar,Artistic Gymnastics - Horizontal bar,Horizontal bar,men,3,bronze,athlete,Kōhei Uchimura,Japan,JPN,https://en.wikipedia.org/wiki/2013_World_Artistic_Gymnastics_Championships
fig_artistic_gymnastics_world_championships,FIG Artistic Gymnastics World Championships,2013,2013-12-31,individual-all-around,Artistic Gymnastics - Individual all-around,Individual all-around,men,1,gold,athlete,Kōhei Uchimura,Japan,JPN,https://en.wikipedia.org/wiki/2013_World_Artistic_Gymnastics_Championships
fig_artistic_gymnastics_world_championships,FIG Artistic Gymnastics World Championships,2013,2013-12-31,individual-all-around,Artistic Gymnastics - Individual all-around,Individual all-around,men,2,silver,athlete,Ryohei Kato,Japan,JPN,https://en.wikipedia.org/wiki/2013_World_Artistic_Gymnastics_Championships
fig_artistic_gymnastics_world_championships,FIG Artistic Gymnastics World Championships,2013,2013-12-31,individual-all-around,Artistic Gymnastics - Individual all-around,Individual all-around,men,3,bronze,athlete,Fabian Hambüchen,Germany,DEU,https://en.wikipedia.org/wiki/2013_World_Artistic_Gymnastics_Championships
fig_artistic_gymnastics_world_championships,FIG Artistic Gymnastics World Championships,2013,2013-12-31,parallel-bars,Artistic Gymnastics - Parallel bars,Parallel bars,men,1,gold,athlete,Lin Chaopan,China,CHN,https://en.wikipedia.org/wiki/2013_World_Artistic_Gymnastics_Championships
fig_artistic_gymnastics_world_championships,FIG Artistic Gymnastics World Championships,2013,2013-12-31,parallel-bars,Artistic Gymnastics - Parallel bars,Parallel bars,men,1,gold,athlete,Kōhei Uchimura,Japan,JPN,https://en.wikipedia.org/wiki/2013_World_Artistic_Gymnastics_Championships
fig_artistic_gymnastics_world_championships,FIG Artistic Gymnastics World Championships,2013,2013-12-31,parallel-bars,Artistic Gymnastics - Parallel bars,Parallel bars,men,3,bronze,athlete,John Orozco,United States,USA,https://en.wikipedia.org/wiki/2013_World_Artistic_Gymnastics_Championships
fig_artistic_gymnastics_world_championships,FIG Artistic Gymnastics World Championships,2013,2013-12-31,pommel-horse,Artistic Gymnastics - Pommel horse,Pommel horse,men,1,gold,athlete,Kohei Kameyama,Japan,JPN,https://en.wikipedia.org/wiki/2013_World_Artistic_Gymnastics_Championships
fig_artistic_gymnastics_world_championships,FIG Artistic Gymnastics World Championships,2013,2013-12-31,pommel-horse,Artistic Gymnastics - Pommel horse,Pommel horse,men,2,silver,athlete,Max Whitlock,Great Britain,GBR,https://en.wikipedia.org/wiki/2013_World_Artistic_Gymnastics_Championships
fig_artistic_gymnastics_world_championships,FIG Artistic Gymnastics World Championships,2013,2013-12-31,pommel-horse,Artistic Gymnastics - Pommel horse,Pommel horse,men,2,silver,athlete,Daniel Corral,Mexico,MEX,https://en.wikipedia.org/wiki/2013_World_Artistic_Gymnastics_Championships
fig_artistic_gymnastics_world_championships,FIG Artistic Gymnastics World Championships,2013,2013-12-31,still-rings,Artistic Gymnastics - Still rings,Still rings,men,1,gold,athlete,Arthur Zanetti,Brazil,BRA,https://en.wikipedia.org/wiki/2013_World_Artistic_Gymnastics_Championships
fig_artistic_gymnastics_world_championships,FIG Artistic Gymnastics World Championships,2013,2013-12-31,still-rings,Artistic Gymnastics - Still rings,Still rings,men,2,silver,athlete,Aleksandr Balandin,Russia,RUS,https://en.wikipedia.org/wiki/2013_World_Artistic_Gymnastics_Championships
fig_artistic_gymnastics_world_championships,FIG Artistic Gymnastics World Championships,2013,2013-12-31,still-rings,Artistic Gymnastics - Still rings,Still rings,men,3,bronze,athlete,Brandon Wynn,United States,USA,https://en.wikipedia.org/wiki/2013_World_Artistic_Gymnastics_Championships
fig_artistic_gymnastics_world_championships,FIG Artistic Gymnastics World Championships,2013,2013-12-31,vault,Artistic Gymnastics - Vault,Vault,men,1,gold,athlete,Yang Hak-Seon,South Korea,KOR,https://en.wikipedia.org/wiki/2013_World_Artistic_Gymnastics_Championships
fig_artistic_gymnastics_world_championships,FIG Artistic Gymnastics World Championships,2013,2013-12-31,vault,Artistic Gymnastics - Vault,Vault,men,2,silver,athlete,Steven Legendre,United States,USA,https://en.wikipedia.org/wiki/2013_World_Artistic_Gymnastics_Championships
fig_artistic_gymnastics_world_championships,FIG Artistic Gymnastics World Championships,2013,2013-12-31,vault,Artistic Gymnastics - Vault,Vault,men,3,bronze,athlete,Kristian Thomas,Great Britain,GBR,https://en.wikipedia.org/wiki/2013_World_Artistic_Gymnastics_Championships
fig_artistic_gymnastics_world_championships,FIG Artistic Gymnastics World Championships,2013,2013-12-31,balance-beam,Artistic Gymnastics - Balance beam,Balance beam,women,1,gold,athlete,Aliya Mustafina,Russia,RUS,https://en.wikipedia.org/wiki/2013_World_Artistic_Gymnastics_Championships
fig_artistic_gymnastics_world_championships,FIG Artistic Gymnastics World Championships,2013,2013-12-31,balance-beam,Artistic Gymnastics - Balance beam,Balance beam,women,2,silver,athlete,Kyla Ross,United States,USA,https://en.wikipedia.org/wiki/2013_World_Artistic_Gymnastics_Championships
fig_artistic_gymnastics_world_championships,FIG Artistic Gymnastics World Championships,2013,2013-12-31,balance-beam,Artistic Gymnastics - Balance beam,Balance beam,women,3,bronze,athlete,Simone Biles,United States,USA,https://en.wikipedia.org/wiki/2013_World_Artistic_Gymnastics_Championships
fig_artistic_gymnastics_world_championships,FIG Artistic Gymnastics World Championships,2013,2013-12-31,floor-exercise,Artistic Gymnastics - Floor exercise,Floor exercise,women,1,gold,athlete,Simone Biles,United States,USA,https://en.wikipedia.org/wiki/2013_World_Artistic_Gymnastics_Championships
fig_artistic_gymnastics_world_championships,FIG Artistic Gymnastics World Championships,2013,2013-12-31,floor-exercise,Artistic Gymnastics - Floor exercise,Floor exercise,women,2,silver,athlete,Vanessa Ferrari,Italy,ITA,https://en.wikipedia.org/wiki/2013_World_Artistic_Gymnastics_Championships
fig_artistic_gymnastics_world_championships,FIG Artistic Gymnastics World Championships,2013,2013-12-31,floor-exercise,Artistic Gymnastics - Floor exercise,Floor exercise,women,3,bronze,athlete,Larisa Iordache,Romania,ROU,https://en.wikipedia.org/wiki/2013_World_Artistic_Gymnastics_Championships
fig_artistic_gymnastics_world_championships,FIG Artistic Gymnastics World Championships,2013,2013-12-31,individual-all-around,Artistic Gymnastics - Individual all-around,Individual all-around,women,1,gold,athlete,Simone Biles,United States,USA,https://en.wikipedia.org/wiki/2013_World_Artistic_Gymnastics_Championships
fig_artistic_gymnastics_world_championships,FIG Artistic Gymnastics World Championships,2013,2013-12-31,individual-all-around,Artistic Gymnastics - Individual all-around,Individual all-around,women,2,silver,athlete,Kyla Ross,United States,USA,https://en.wikipedia.org/wiki/2013_World_Artistic_Gymnastics_Championships
fig_artistic_gymnastics_world_championships,FIG Artistic Gymnastics World Championships,2013,2013-12-31,individual-all-around,Artistic Gymnastics - Individual all-around,Individual all-around,women,3,bronze,athlete,Aliya Mustafina,Russia,RUS,https://en.wikipedia.org/wiki/2013_World_Artistic_Gymnastics_Championships
fig_artistic_gymnastics_world_championships,FIG Artistic Gymnastics World Championships,2013,2013-12-31,uneven-bars,Artistic Gymnastics - Uneven bars,Uneven bars,women,1,gold,athlete,Huang Huidan,China,CHN,https://en.wikipedia.org/wiki/2013_World_Artistic_Gymnastics_Championships
fig_artistic_gymnastics_world_championships,FIG Artistic Gymnastics World Championships,2013,2013-12-31,uneven-bars,Artistic Gymnastics - Uneven bars,Uneven bars,women,2,silver,athlete,Kyla Ross,United States,USA,https://en.wikipedia.org/wiki/2013_World_Artistic_Gymnastics_Championships
fig_artistic_gymnastics_world_championships,FIG Artistic Gymnastics World Championships,2013,2013-12-31,uneven-bars,Artistic Gymnastics - Uneven bars,Uneven bars,women,3,bronze,athlete,Aliya Mustafina,Russia,RUS,https://en.wikipedia.org/wiki/2013_World_Artistic_Gymnastics_Championships
fig_artistic_gymnastics_world_championships,FIG Artistic Gymnastics World Championships,2013,2013-12-31,vault,Artistic Gymnastics - Vault,Vault,women,1,gold,athlete,McKayla Maroney,United States,USA,https://en.wikipedia.org/wiki/2013_World_Artistic_Gymnastics_Championships
fig_artistic_gymnastics_world_championships,FIG Artistic Gymnastics World Championships,2013,2013-12-31,vault,Artistic Gymnastics - Vault,Vault,women,2,silver,athlete,Simone Biles,United States,USA,https://en.wikipedia.org/wiki/2013_World_Artistic_Gymnastics_Championships
fig_artistic_gymnastics_world_championships,FIG Artistic Gymnastics World Championships,2013,2013-12-31,vault,Artistic Gymnastics - Vault,Vault,women,3,bronze,athlete,Hong Un-Jong,North Korea,PRK,https://en.wikipedia.org/wiki/2013_World_Artistic_Gymnastics_Championships
fig_artistic_gymnastics_world_championships,FIG Artistic Gymnastics World Championships,2014,2014-12-31,floor-exercise,Artistic Gymnastics - Floor exercise,Floor exercise,men,1,gold,athlete,Denis Ablyazin,Russia,RUS,https://en.wikipedia.org/wiki/2014_World_Artistic_Gymnastics_Championships
fig_artistic_gymnastics_world_championships,FIG Artistic Gymnastics World Championships,2014,2014-12-31,floor-exercise,Artistic Gymnastics - Floor exercise,Floor exercise,men,2,silver,athlete,Kenzo Shirai,Japan,JPN,https://en.wikipedia.org/wiki/2014_World_Artistic_Gymnastics_Championships
fig_artistic_gymnastics_world_championships,FIG Artistic Gymnastics World Championships,2014,2014-12-31,floor-exercise,Artistic Gymnastics - Floor exercise,Floor exercise,men,3,bronze,athlete,Diego Hypólito,Brazil,BRA,https://en.wikipedia.org/wiki/2014_World_Artistic_Gymnastics_Championships
fig_artistic_gymnastics_world_championships,FIG Artistic Gymnastics World Championships,2014,2014-12-31,horizontal-bar,Artistic Gymnastics - Horizontal bar,Horizontal bar,men,1,gold,athlete,Epke Zonderland,Netherlands,NLD,https://en.wikipedia.org/wiki/2014_World_Artistic_Gymnastics_Championships
fig_artistic_gymnastics_world_championships,FIG Artistic Gymnastics World Championships,2014,2014-12-31,horizontal-bar,Artistic Gymnastics - Horizontal bar,Horizontal bar,men,2,silver,athlete,Kōhei Uchimura,Japan,JPN,https://en.wikipedia.org/wiki/2014_World_Artistic_Gymnastics_Championships
fig_artistic_gymnastics_world_championships,FIG Artistic Gymnastics World Championships,2014,2014-12-31,horizontal-bar,Artistic Gymnastics - Horizontal bar,Horizontal bar,men,3,bronze,athlete,Marijo Možnik,Croatia,HRV,https://en.wikipedia.org/wiki/2014_World_Artistic_Gymnastics_Championships
fig_artistic_gymnastics_world_championships,FIG Artistic Gymnastics World Championships,2014,2014-12-31,individual-all-around,Artistic Gymnastics - Individual all-around,Individual all-around,men,1,gold,athlete,Kōhei Uchimura,Japan,JPN,https://en.wikipedia.org/wiki/2014_World_Artistic_Gymnastics_Championships
fig_artistic_gymnastics_world_championships,FIG Artistic Gymnastics World Championships,2014,2014-12-31,individual-all-around,Artistic Gymnastics - Individual all-around,Individual all-around,men,2,silver,athlete,Max Whitlock,Great Britain,GBR,https://en.wikipedia.org/wiki/2014_World_Artistic_Gymnastics_Championships
fig_artistic_gymnastics_world_championships,FIG Artistic Gymnastics World Championships,2014,2014-12-31,individual-all-around,Artistic Gymnastics - Individual all-around,Individual all-around,men,3,bronze,athlete,Yusuke Tanaka,Japan,JPN,https://en.wikipedia.org/wiki/2014_World_Artistic_Gymnastics_Championships
fig_artistic_gymnastics_world_championships,FIG Artistic Gymnastics World Championships,2014,2014-12-31,parallel-bars,Artistic Gymnastics - Parallel bars,Parallel bars,men,1,gold,athlete,Oleg Verniaiev,Ukraine,UKR,https://en.wikipedia.org/wiki/2014_World_Artistic_Gymnastics_Championships
fig_artistic_gymnastics_world_championships,FIG Artistic Gymnastics World Championships,2014,2014-12-31,parallel-bars,Artistic Gymnastics - Parallel bars,Parallel bars,men,2,silver,athlete,Danell Leyva,United States,USA,https://en.wikipedia.org/wiki/2014_World_Artistic_Gymnastics_Championships
fig_artistic_gymnastics_world_championships,FIG Artistic Gymnastics World Championships,2014,2014-12-31,parallel-bars,Artistic Gymnastics - Parallel bars,Parallel bars,men,3,bronze,athlete,Ryohei Kato,Japan,JPN,https://en.wikipedia.org/wiki/2014_World_Artistic_Gymnastics_Championships
fig_artistic_gymnastics_world_championships,FIG Artistic Gymnastics World Championships,2014,2014-12-31,pommel-horse,Artistic Gymnastics - Pommel horse,Pommel horse,men,1,gold,athlete,Krisztián Berki,Hungary,HUN,https://en.wikipedia.org/wiki/2014_World_Artistic_Gymnastics_Championships
fig_artistic_gymnastics_world_championships,FIG Artistic Gymnastics World Championships,2014,2014-12-31,pommel-horse,Artistic Gymnastics - Pommel horse,Pommel horse,men,2,silver,athlete,Filip Ude,Croatia,HRV,https://en.wikipedia.org/wiki/2014_World_Artistic_Gymnastics_Championships
fig_artistic_gymnastics_world_championships,FIG Artistic Gymnastics World Championships,2014,2014-12-31,pommel-horse,Artistic Gymnastics - Pommel horse,Pommel horse,men,3,bronze,athlete,Cyril Tommasone,France,FRA,https://en.wikipedia.org/wiki/2014_World_Artistic_Gymnastics_Championships
fig_artistic_gymnastics_world_championships,FIG Artistic Gymnastics World Championships,2014,2014-12-31,still-rings,Artistic Gymnastics - Still rings,Still rings,men,1,gold,athlete,Liu Yang,China,CHN,https://en.wikipedia.org/wiki/2014_World_Artistic_Gymnastics_Championships
fig_artistic_gymnastics_world_championships,FIG Artistic Gymnastics World Championships,2014,2014-12-31,still-rings,Artistic Gymnastics - Still rings,Still rings,men,2,silver,athlete,Arthur Zanetti,Brazil,BRA,https://en.wikipedia.org/wiki/2014_World_Artistic_Gymnastics_Championships
fig_artistic_gymnastics_world_championships,FIG Artistic Gymnastics World Championships,2014,2014-12-31,still-rings,Artistic Gymnastics - Still rings,Still rings,men,3,bronze,athlete,You Hao,China,CHN,https://en.wikipedia.org/wiki/2014_World_Artistic_Gymnastics_Championships
fig_artistic_gymnastics_world_championships,FIG Artistic Gymnastics World Championships,2014,2014-12-31,still-rings,Artistic Gymnastics - Still rings,Still rings,men,3,bronze,athlete,Denis Ablyazin,Russia,RUS,https://en.wikipedia.org/wiki/2014_World_Artistic_Gymnastics_Championships
fig_artistic_gymnastics_world_championships,FIG Artistic Gymnastics World Championships,2014,2014-12-31,team,Artistic Gymnastics - Team,Team,men,1,gold,team,China,China,CHN,https://en.wikipedia.org/wiki/2014_World_Artistic_Gymnastics_Championships
fig_artistic_gymnastics_world_championships,FIG Artistic Gymnastics World Championships,2014,2014-12-31,team,Artistic Gymnastics - Team,Team,men,2,silver,team,Japan,Japan,JPN,https://en.wikipedia.org/wiki/2014_World_Artistic_Gymnastics_Championships
fig_artistic_gymnastics_world_championships,FIG Artistic Gymnastics World Championships,2014,2014-12-31,team,Artistic Gymnastics - Team,Team,men,3,bronze,team,United States,United States,USA,https://en.wikipedia.org/wiki/2014_World_Artistic_Gymnastics_Championships
fig_artistic_gymnastics_world_championships,FIG Artistic Gymnastics World Championships,2014,2014-12-31,vault,Artistic Gymnastics - Vault,Vault,men,1,gold,athlete,Ri Se-gwang,North Korea,PRK,https://en.wikipedia.org/wiki/2014_World_Artistic_Gymnastics_Championships
fig_artistic_gymnastics_world_championships,FIG Artistic Gymnastics World Championships,2014,2014-12-31,vault,Artistic Gymnastics - Vault,Vault,men,2,silver,athlete,Ihor Radivilov,Ukraine,UKR,https://en.wikipedia.org/wiki/2014_World_Artistic_Gymnastics_Championships
fig_artistic_gymnastics_world_championships,FIG Artistic Gymnastics World Championships,2014,2014-12-31,vault,Artistic Gymnastics - Vault,Vault,men,3,bronze,athlete,Jacob Dalton,United States,USA,https://en.wikipedia.org/wiki/2014_World_Artistic_Gymnastics_Championships
fig_artistic_gymnastics_world_championships,FIG Artistic Gymnastics World Championships,2014,2014-12-31,balance-beam,Artistic Gymnastics - Balance beam,Balance beam,women,1,gold,athlete,Simone Biles,United States,USA,https://en.wikipedia.org/wiki/2014_World_Artistic_Gymnastics_Championships
fig_artistic_gymnastics_world_championships,FIG Artistic Gymnastics World Championships,2014,2014-12-31,balance-beam,Artistic Gymnastics - Balance beam,Balance beam,women,2,silver,athlete,Bai Yawen,China,CHN,https://en.wikipedia.org/wiki/2014_World_Artistic_Gymnastics_Championships
fig_artistic_gymnastics_world_championships,FIG Artistic Gymnastics World Championships,2014,2014-12-31,balance-beam,Artistic Gymnastics - Balance beam,Balance beam,women,3,bronze,athlete,Aliya Mustafina,Russia,RUS,https://en.wikipedia.org/wiki/2014_World_Artistic_Gymnastics_Championships
fig_artistic_gymnastics_world_championships,FIG Artistic Gymnastics World Championships,2014,2014-12-31,floor-exercise,Artistic Gymnastics - Floor exercise,Floor exercise,women,1,gold,athlete,Simone Biles,United States,USA,https://en.wikipedia.org/wiki/2014_World_Artistic_Gymnastics_Championships
fig_artistic_gymnastics_world_championships,FIG Artistic Gymnastics World Championships,2014,2014-12-31,floor-exercise,Artistic Gymnastics - Floor exercise,Floor exercise,women,2,silver,athlete,Larisa Iordache,Romania,ROU,https://en.wikipedia.org/wiki/2014_World_Artistic_Gymnastics_Championships
fig_artistic_gymnastics_world_championships,FIG Artistic Gymnastics World Championships,2014,2014-12-31,floor-exercise,Artistic Gymnastics - Floor exercise,Floor exercise,women,3,bronze,athlete,Aliya Mustafina,Russia,RUS,https://en.wikipedia.org/wiki/2014_World_Artistic_Gymnastics_Championships
fig_artistic_gymnastics_world_championships,FIG Artistic Gymnastics World Championships,2014,2014-12-31,individual-all-around,Artistic Gymnastics - Individual all-around,Individual all-around,women,1,gold,athlete,Simone Biles,United States,USA,https://en.wikipedia.org/wiki/2014_World_Artistic_Gymnastics_Championships
fig_artistic_gymnastics_world_championships,FIG Artistic Gymnastics World Championships,2014,2014-12-31,individual-all-around,Artistic Gymnastics - Individual all-around,Individual all-around,women,2,silver,athlete,Larisa Iordache,Romania,ROU,https://en.wikipedia.org/wiki/2014_World_Artistic_Gymnastics_Championships
fig_artistic_gymnastics_world_championships,FIG Artistic Gymnastics World Championships,2014,2014-12-31,individual-all-around,Artistic Gymnastics - Individual all-around,Individual all-around,women,3,bronze,athlete,Kyla Ross,United States,USA,https://en.wikipedia.org/wiki/2014_World_Artistic_Gymnastics_Championships
fig_artistic_gymnastics_world_championships,FIG Artistic Gymnastics World Championships,2014,2014-12-31,team,Artistic Gymnastics - Team,Team,women,1,gold,team,United States,United States,USA,https://en.wikipedia.org/wiki/2014_World_Artistic_Gymnastics_Championships
fig_artistic_gymnastics_world_championships,FIG Artistic Gymnastics World Championships,2014,2014-12-31,team,Artistic Gymnastics - Team,Team,women,2,silver,team,China,China,CHN,https://en.wikipedia.org/wiki/2014_World_Artistic_Gymnastics_Championships
fig_artistic_gymnastics_world_championships,FIG Artistic Gymnastics World Championships,2014,2014-12-31,team,Artistic Gymnastics - Team,Team,women,3,bronze,team,Russia,Russia,RUS,https://en.wikipedia.org/wiki/2014_World_Artistic_Gymnastics_Championships
fig_artistic_gymnastics_world_championships,FIG Artistic Gymnastics World Championships,2014,2014-12-31,uneven-bars,Artistic Gymnastics - Uneven bars,Uneven bars,women,1,gold,athlete,Yao Jinnan,China,CHN,https://en.wikipedia.org/wiki/2014_World_Artistic_Gymnastics_Championships
fig_artistic_gymnastics_world_championships,FIG Artistic Gymnastics World Championships,2014,2014-12-31,uneven-bars,Artistic Gymnastics - Uneven bars,Uneven bars,women,2,silver,athlete,Huang Huidan,China,CHN,https://en.wikipedia.org/wiki/2014_World_Artistic_Gymnastics_Championships
fig_artistic_gymnastics_world_championships,FIG Artistic Gymnastics World Championships,2014,2014-12-31,uneven-bars,Artistic Gymnastics - Uneven bars,Uneven bars,women,3,bronze,athlete,Daria Spiridonova,Russia,RUS,https://en.wikipedia.org/wiki/2014_World_Artistic_Gymnastics_Championships
fig_artistic_gymnastics_world_championships,FIG Artistic Gymnastics World Championships,2014,2014-12-31,vault,Artistic Gymnastics - Vault,Vault,women,1,gold,athlete,Hong Un-jong,North Korea,PRK,https://en.wikipedia.org/wiki/2014_World_Artistic_Gymnastics_Championships
fig_artistic_gymnastics_world_championships,FIG Artistic Gymnastics World Championships,2014,2014-12-31,vault,Artistic Gymnastics - Vault,Vault,women,2,silver,athlete,Simone Biles,United States,USA,https://en.wikipedia.org/wiki/2014_World_Artistic_Gymnastics_Championships
fig_artistic_gymnastics_world_championships,FIG Artistic Gymnastics World Championships,2014,2014-12-31,vault,Artistic Gymnastics - Vault,Vault,women,3,bronze,athlete,Mykayla Skinner,United States,USA,https://en.wikipedia.org/wiki/2014_World_Artistic_Gymnastics_Championships
fig_artistic_gymnastics_world_championships,FIG Artistic Gymnastics World Championships,2015,2015-12-31,floor-exercise,Artistic Gymnastics - Floor exercise,Floor exercise,men,1,gold,athlete,Kenzō Shirai,Japan,JPN,https://en.wikipedia.org/wiki/2015_World_Artistic_Gymnastics_Championships
fig_artistic_gymnastics_world_championships,FIG Artistic Gymnastics World Championships,2015,2015-12-31,floor-exercise,Artistic Gymnastics - Floor exercise,Floor exercise,men,2,silver,athlete,Max Whitlock,Great Britain,GBR,https://en.wikipedia.org/wiki/2015_World_Artistic_Gymnastics_Championships
fig_artistic_gymnastics_world_championships,FIG Artistic Gymnastics World Championships,2015,2015-12-31,floor-exercise,Artistic Gymnastics - Floor exercise,Floor exercise,men,3,bronze,athlete,Rayderley Zapata,Spain,ESP,https://en.wikipedia.org/wiki/2015_World_Artistic_Gymnastics_Championships
fig_artistic_gymnastics_world_championships,FIG Artistic Gymnastics World Championships,2015,2015-12-31,horizontal-bar,Artistic Gymnastics - Horizontal bar,Horizontal bar,men,1,gold,athlete,Kōhei Uchimura,Japan,JPN,https://en.wikipedia.org/wiki/2015_World_Artistic_Gymnastics_Championships
fig_artistic_gymnastics_world_championships,FIG Artistic Gymnastics World Championships,2015,2015-12-31,horizontal-bar,Artistic Gymnastics - Horizontal bar,Horizontal bar,men,2,silver,athlete,Danell Leyva,United States,USA,https://en.wikipedia.org/wiki/2015_World_Artistic_Gymnastics_Championships
fig_artistic_gymnastics_world_championships,FIG Artistic Gymnastics World Championships,2015,2015-12-31,horizontal-bar,Artistic Gymnastics - Horizontal bar,Horizontal bar,men,3,bronze,athlete,Manrique Larduet,Cuba,CUB,https://en.wikipedia.org/wiki/2015_World_Artistic_Gymnastics_Championships
fig_artistic_gymnastics_world_championships,FIG Artistic Gymnastics World Championships,2015,2015-12-31,individual-all-around,Artistic Gymnastics - Individual all-around,Individual all-around,men,1,gold,athlete,Kōhei Uchimura,Japan,JPN,https://en.wikipedia.org/wiki/2015_World_Artistic_Gymnastics_Championships
fig_artistic_gymnastics_world_championships,FIG Artistic Gymnastics World Championships,2015,2015-12-31,individual-all-around,Artistic Gymnastics - Individual all-around,Individual all-around,men,2,silver,athlete,Manrique Larduet,Cuba,CUB,https://en.wikipedia.org/wiki/2015_World_Artistic_Gymnastics_Championships
fig_artistic_gymnastics_world_championships,FIG Artistic Gymnastics World Championships,2015,2015-12-31,individual-all-around,Artistic Gymnastics - Individual all-around,Individual all-around,men,3,bronze,athlete,Deng Shudi,China,CHN,https://en.wikipedia.org/wiki/2015_World_Artistic_Gymnastics_Championships
fig_artistic_gymnastics_world_championships,FIG Artistic Gymnastics World Championships,2015,2015-12-31,parallel-bars,Artistic Gymnastics - Parallel bars,Parallel bars,men,1,gold,athlete,You Hao,China,CHN,https://en.wikipedia.org/wiki/2015_World_Artistic_Gymnastics_Championships
fig_artistic_gymnastics_world_championships,FIG Artistic Gymnastics World Championships,2015,2015-12-31,parallel-bars,Artistic Gymnastics - Parallel bars,Parallel bars,men,2,silver,athlete,Oleg Verniaiev,Ukraine,UKR,https://en.wikipedia.org/wiki/2015_World_Artistic_Gymnastics_Championships
fig_artistic_gymnastics_world_championships,FIG Artistic Gymnastics World Championships,2015,2015-12-31,parallel-bars,Artistic Gymnastics - Parallel bars,Parallel bars,men,3,bronze,athlete,Oleg Stepko,Azerbaijan,AZE,https://en.wikipedia.org/wiki/2015_World_Artistic_Gymnastics_Championships
fig_artistic_gymnastics_world_championships,FIG Artistic Gymnastics World Championships,2015,2015-12-31,parallel-bars,Artistic Gymnastics - Parallel bars,Parallel bars,men,3,bronze,athlete,Deng Shudi,China,CHN,https://en.wikipedia.org/wiki/2015_World_Artistic_Gymnastics_Championships
fig_artistic_gymnastics_world_championships,FIG Artistic Gymnastics World Championships,2015,2015-12-31,pommel-horse,Artistic Gymnastics - Pommel horse,Pommel horse,men,1,gold,athlete,Max Whitlock,Great Britain,GBR,https://en.wikipedia.org/wiki/2015_World_Artistic_Gymnastics_Championships
fig_artistic_gymnastics_world_championships,FIG Artistic Gymnastics World Championships,2015,2015-12-31,pommel-horse,Artistic Gymnastics - Pommel horse,Pommel horse,men,2,silver,athlete,Louis Smith,Great Britain,GBR,https://en.wikipedia.org/wiki/2015_World_Artistic_Gymnastics_Championships
fig_artistic_gymnastics_world_championships,FIG Artistic Gymnastics World Championships,2015,2015-12-31,pommel-horse,Artistic Gymnastics - Pommel horse,Pommel horse,men,3,bronze,athlete,Harutyun Merdinyan,Armenia,ARM,https://en.wikipedia.org/wiki/2015_World_Artistic_Gymnastics_Championships
fig_artistic_gymnastics_world_championships,FIG Artistic Gymnastics World Championships,2015,2015-12-31,pommel-horse,Artistic Gymnastics - Pommel horse,Pommel horse,men,3,bronze,athlete,Kazuma Kaya,Japan,JPN,https://en.wikipedia.org/wiki/2015_World_Artistic_Gymnastics_Championships
fig_artistic_gymnastics_world_championships,FIG Artistic Gymnastics World Championships,2015,2015-12-31,still-rings,Artistic Gymnastics - Still rings,Still rings,men,1,gold,athlete,Eleftherios Petrounias,Greece,GRC,https://en.wikipedia.org/wiki/2015_World_Artistic_Gymnastics_Championships
fig_artistic_gymnastics_world_championships,FIG Artistic Gymnastics World Championships,2015,2015-12-31,still-rings,Artistic Gymnastics - Still rings,Still rings,men,2,silver,athlete,You Hao,China,CHN,https://en.wikipedia.org/wiki/2015_World_Artistic_Gymnastics_Championships
fig_artistic_gymnastics_world_championships,FIG Artistic Gymnastics World Championships,2015,2015-12-31,still-rings,Artistic Gymnastics - Still rings,Still rings,men,3,bronze,athlete,Liu Yang,China,CHN,https://en.wikipedia.org/wiki/2015_World_Artistic_Gymnastics_Championships
fig_artistic_gymnastics_world_championships,FIG Artistic Gymnastics World Championships,2015,2015-12-31,team,Artistic Gymnastics - Team,Team,men,1,gold,team,Japan,Japan,JPN,https://en.wikipedia.org/wiki/2015_World_Artistic_Gymnastics_Championships
fig_artistic_gymnastics_world_championships,FIG Artistic Gymnastics World Championships,2015,2015-12-31,team,Artistic Gymnastics - Team,Team,men,2,silver,team,Great Britain,Great Britain,GBR,https://en.wikipedia.org/wiki/2015_World_Artistic_Gymnastics_Championships
fig_artistic_gymnastics_world_championships,FIG Artistic Gymnastics World Championships,2015,2015-12-31,team,Artistic Gymnastics - Team,Team,men,3,bronze,team,China,China,CHN,https://en.wikipedia.org/wiki/2015_World_Artistic_Gymnastics_Championships
fig_artistic_gymnastics_world_championships,FIG Artistic Gymnastics World Championships,2015,2015-12-31,vault,Artistic Gymnastics - Vault,Vault,men,1,gold,athlete,Ri Se-gwang,North Korea,PRK,https://en.wikipedia.org/wiki/2015_World_Artistic_Gymnastics_Championships
fig_artistic_gymnastics_world_championships,FIG Artistic Gymnastics World Championships,2015,2015-12-31,vault,Artistic Gymnastics - Vault,Vault,men,2,silver,athlete,Marian Drăgulescu,Romania,ROU,https://en.wikipedia.org/wiki/2015_World_Artistic_Gymnastics_Championships
fig_artistic_gymnastics_world_championships,FIG Artistic Gymnastics World Championships,2015,2015-12-31,vault,Artistic Gymnastics - Vault,Vault,men,3,bronze,athlete,Donnell Whittenburg,United States,USA,https://en.wikipedia.org/wiki/2015_World_Artistic_Gymnastics_Championships
fig_artistic_gymnastics_world_championships,FIG Artistic Gymnastics World Championships,2015,2015-12-31,balance-beam,Artistic Gymnastics - Balance beam,Balance beam,women,1,gold,athlete,Simone Biles,United States,USA,https://en.wikipedia.org/wiki/2015_World_Artistic_Gymnastics_Championships
fig_artistic_gymnastics_world_championships,FIG Artistic Gymnastics World Championships,2015,2015-12-31,balance-beam,Artistic Gymnastics - Balance beam,Balance beam,women,2,silver,athlete,Sanne Wevers,Netherlands,NLD,https://en.wikipedia.org/wiki/2015_World_Artistic_Gymnastics_Championships
fig_artistic_gymnastics_world_championships,FIG Artistic Gymnastics World Championships,2015,2015-12-31,balance-beam,Artistic Gymnastics - Balance beam,Balance beam,women,3,bronze,athlete,Pauline Schäfer,Germany,DEU,https://en.wikipedia.org/wiki/2015_World_Artistic_Gymnastics_Championships
fig_artistic_gymnastics_world_championships,FIG Artistic Gymnastics World Championships,2015,2015-12-31,floor-exercise,Artistic Gymnastics - Floor exercise,Floor exercise,women,1,gold,athlete,Simone Biles,United States,USA,https://en.wikipedia.org/wiki/2015_World_Artistic_Gymnastics_Championships
fig_artistic_gymnastics_world_championships,FIG Artistic Gymnastics World Championships,2015,2015-12-31,floor-exercise,Artistic Gymnastics - Floor exercise,Floor exercise,women,2,silver,athlete,Ksenia Afanasyeva,Russia,RUS,https://en.wikipedia.org/wiki/2015_World_Artistic_Gymnastics_Championships
fig_artistic_gymnastics_world_championships,FIG Artistic Gymnastics World Championships,2015,2015-12-31,floor-exercise,Artistic Gymnastics - Floor exercise,Floor exercise,women,3,bronze,athlete,Maggie Nichols,United States,USA,https://en.wikipedia.org/wiki/2015_World_Artistic_Gymnastics_Championships
fig_artistic_gymnastics_world_championships,FIG Artistic Gymnastics World Championships,2015,2015-12-31,individual-all-around,Artistic Gymnastics - Individual all-around,Individual all-around,women,1,gold,athlete,Simone Biles,United States,USA,https://en.wikipedia.org/wiki/2015_World_Artistic_Gymnastics_Championships
fig_artistic_gymnastics_world_championships,FIG Artistic Gymnastics World Championships,2015,2015-12-31,individual-all-around,Artistic Gymnastics - Individual all-around,Individual all-around,women,2,silver,athlete,Gabby Douglas,United States,USA,https://en.wikipedia.org/wiki/2015_World_Artistic_Gymnastics_Championships
fig_artistic_gymnastics_world_championships,FIG Artistic Gymnastics World Championships,2015,2015-12-31,individual-all-around,Artistic Gymnastics - Individual all-around,Individual all-around,women,3,bronze,athlete,Larisa Iordache,Romania,ROU,https://en.wikipedia.org/wiki/2015_World_Artistic_Gymnastics_Championships
fig_artistic_gymnastics_world_championships,FIG Artistic Gymnastics World Championships,2015,2015-12-31,team,Artistic Gymnastics - Team,Team,women,1,gold,team,United States,United States,USA,https://en.wikipedia.org/wiki/2015_World_Artistic_Gymnastics_Championships
fig_artistic_gymnastics_world_championships,FIG Artistic Gymnastics World Championships,2015,2015-12-31,team,Artistic Gymnastics - Team,Team,women,2,silver,team,China,China,CHN,https://en.wikipedia.org/wiki/2015_World_Artistic_Gymnastics_Championships
fig_artistic_gymnastics_world_championships,FIG Artistic Gymnastics World Championships,2015,2015-12-31,team,Artistic Gymnastics - Team,Team,women,3,bronze,team,Great Britain,Great Britain,GBR,https://en.wikipedia.org/wiki/2015_World_Artistic_Gymnastics_Championships
fig_artistic_gymnastics_world_championships,FIG Artistic Gymnastics World Championships,2015,2015-12-31,uneven-bars,Artistic Gymnastics - Uneven bars,Uneven bars,women,1,gold,athlete,Fan Yilin,China,CHN,https://en.wikipedia.org/wiki/2015_World_Artistic_Gymnastics_Championships
fig_artistic_gymnastics_world_championships,FIG Artistic Gymnastics World Championships,2015,2015-12-31,uneven-bars,Artistic Gymnastics - Uneven bars,Uneven bars,women,1,gold,athlete,Daria Spiridonova,Russia,RUS,https://en.wikipedia.org/wiki/2015_World_Artistic_Gymnastics_Championships
fig_artistic_gymnastics_world_championships,FIG Artistic Gymnastics World Championships,2015,2015-12-31,uneven-bars,Artistic Gymnastics - Uneven bars,Uneven bars,women,1,gold,athlete,Viktoria Komova,Russia,RUS,https://en.wikipedia.org/wiki/2015_World_Artistic_Gymnastics_Championships
fig_artistic_gymnastics_world_championships,FIG Artistic Gymnastics World Championships,2015,2015-12-31,uneven-bars,Artistic Gymnastics - Uneven bars,Uneven bars,women,1,gold,athlete,Madison Kocian,United States,USA,https://en.wikipedia.org/wiki/2015_World_Artistic_Gymnastics_Championships
fig_artistic_gymnastics_world_championships,FIG Artistic Gymnastics World Championships,2015,2015-12-31,vault,Artistic Gymnastics - Vault,Vault,women,1,gold,athlete,Maria Paseka,Russia,RUS,https://en.wikipedia.org/wiki/2015_World_Artistic_Gymnastics_Championships
fig_artistic_gymnastics_world_championships,FIG Artistic Gymnastics World Championships,2015,2015-12-31,vault,Artistic Gymnastics - Vault,Vault,women,2,silver,athlete,Hong Un-jong,North Korea,PRK,https://en.wikipedia.org/wiki/2015_World_Artistic_Gymnastics_Championships
fig_artistic_gymnastics_world_championships,FIG Artistic Gymnastics World Championships,2015,2015-12-31,vault,Artistic Gymnastics - Vault,Vault,women,3,bronze,athlete,Simone Biles,United States,USA,https://en.wikipedia.org/wiki/2015_World_Artistic_Gymnastics_Championships
fig_artistic_gymnastics_world_championships,FIG Artistic Gymnastics World Championships,2017,2017-12-31,floor-exercise,Artistic Gymnastics - Floor exercise,Floor exercise,men,1,gold,athlete,Kenzō Shirai,Japan,JPN,https://en.wikipedia.org/wiki/2017_World_Artistic_Gymnastics_Championships
fig_artistic_gymnastics_world_championships,FIG Artistic Gymnastics World Championships,2017,2017-12-31,floor-exercise,Artistic Gymnastics - Floor exercise,Floor exercise,men,2,silver,athlete,Artem Dolgopyat,Israel,ISR,https://en.wikipedia.org/wiki/2017_World_Artistic_Gymnastics_Championships
fig_artistic_gymnastics_world_championships,FIG Artistic Gymnastics World Championships,2017,2017-12-31,floor-exercise,Artistic Gymnastics - Floor exercise,Floor exercise,men,3,bronze,athlete,Yul Moldauer,United States,USA,https://en.wikipedia.org/wiki/2017_World_Artistic_Gymnastics_Championships
fig_artistic_gymnastics_world_championships,FIG Artistic Gymnastics World Championships,2017,2017-12-31,horizontal-bar,Artistic Gymnastics - Horizontal bar,Horizontal bar,men,1,gold,athlete,Tin Srbić,Croatia,HRV,https://en.wikipedia.org/wiki/2017_World_Artistic_Gymnastics_Championships
fig_artistic_gymnastics_world_championships,FIG Artistic Gymnastics World Championships,2017,2017-12-31,horizontal-bar,Artistic Gymnastics - Horizontal bar,Horizontal bar,men,2,silver,athlete,Epke Zonderland,Netherlands,NLD,https://en.wikipedia.org/wiki/2017_World_Artistic_Gymnastics_Championships
fig_artistic_gymnastics_world_championships,FIG Artistic Gymnastics World Championships,2017,2017-12-31,horizontal-bar,Artistic Gymnastics - Horizontal bar,Horizontal bar,men,3,bronze,athlete,Bart Deurloo,Netherlands,NLD,https://en.wikipedia.org/wiki/2017_World_Artistic_Gymnastics_Championships
fig_artistic_gymnastics_world_championships,FIG Artistic Gymnastics World Championships,2017,2017-12-31,individual-all-around,Artistic Gymnastics - Individual all-around,Individual all-around,men,1,gold,athlete,Xiao Ruoteng,China,CHN,https://en.wikipedia.org/wiki/2017_World_Artistic_Gymnastics_Championships
fig_artistic_gymnastics_world_championships,FIG Artistic Gymnastics World Championships,2017,2017-12-31,individual-all-around,Artistic Gymnastics - Individual all-around,Individual all-around,men,2,silver,athlete,Lin Chaopan,China,CHN,https://en.wikipedia.org/wiki/2017_World_Artistic_Gymnastics_Championships
fig_artistic_gymnastics_world_championships,FIG Artistic Gymnastics World Championships,2017,2017-12-31,individual-all-around,Artistic Gymnastics - Individual all-around,Individual all-around,men,3,bronze,athlete,Kenzō Shirai,Japan,JPN,https://en.wikipedia.org/wiki/2017_World_Artistic_Gymnastics_Championships
fig_artistic_gymnastics_world_championships,FIG Artistic Gymnastics World Championships,2017,2017-12-31,parallel-bars,Artistic Gymnastics - Parallel bars,Parallel bars,men,1,gold,athlete,Zou Jingyuan,China,CHN,https://en.wikipedia.org/wiki/2017_World_Artistic_Gymnastics_Championships
fig_artistic_gymnastics_world_championships,FIG Artistic Gymnastics World Championships,2017,2017-12-31,parallel-bars,Artistic Gymnastics - Parallel bars,Parallel bars,men,2,silver,athlete,Oleg Verniaiev,Ukraine,UKR,https://en.wikipedia.org/wiki/2017_World_Artistic_Gymnastics_Championships
fig_artistic_gymnastics_world_championships,FIG Artistic Gymnastics World Championships,2017,2017-12-31,parallel-bars,Artistic Gymnastics - Parallel bars,Parallel bars,men,3,bronze,athlete,David Belyavskiy,Russia,RUS,https://en.wikipedia.org/wiki/2017_World_Artistic_Gymnastics_Championships
fig_artistic_gymnastics_world_championships,FIG Artistic Gymnastics World Championships,2017,2017-12-31,pommel-horse,Artistic Gymnastics - Pommel horse,Pommel horse,men,1,gold,athlete,Max Whitlock,Great Britain,GBR,https://en.wikipedia.org/wiki/2017_World_Artistic_Gymnastics_Championships
fig_artistic_gymnastics_world_championships,FIG Artistic Gymnastics World Championships,2017,2017-12-31,pommel-horse,Artistic Gymnastics - Pommel horse,Pommel horse,men,2,silver,athlete,David Belyavskiy,Russia,RUS,https://en.wikipedia.org/wiki/2017_World_Artistic_Gymnastics_Championships
fig_artistic_gymnastics_world_championships,FIG Artistic Gymnastics World Championships,2017,2017-12-31,pommel-horse,Artistic Gymnastics - Pommel horse,Pommel horse,men,3,bronze,athlete,Xiao Ruoteng,China,CHN,https://en.wikipedia.org/wiki/2017_World_Artistic_Gymnastics_Championships
fig_artistic_gymnastics_world_championships,FIG Artistic Gymnastics World Championships,2017,2017-12-31,still-rings,Artistic Gymnastics - Still rings,Still rings,men,1,gold,athlete,Eleftherios Petrounias,Greece,GRC,https://en.wikipedia.org/wiki/2017_World_Artistic_Gymnastics_Championships
fig_artistic_gymnastics_world_championships,FIG Artistic Gymnastics World Championships,2017,2017-12-31,still-rings,Artistic Gymnastics - Still rings,Still rings,men,2,silver,athlete,Denis Ablyazin,Russia,RUS,https://en.wikipedia.org/wiki/2017_World_Artistic_Gymnastics_Championships
fig_artistic_gymnastics_world_championships,FIG Artistic Gymnastics World Championships,2017,2017-12-31,still-rings,Artistic Gymnastics - Still rings,Still rings,men,3,bronze,athlete,Liu Yang,China,CHN,https://en.wikipedia.org/wiki/2017_World_Artistic_Gymnastics_Championships
fig_artistic_gymnastics_world_championships,FIG Artistic Gymnastics World Championships,2017,2017-12-31,vault,Artistic Gymnastics - Vault,Vault,men,1,gold,athlete,Kenzō Shirai,Japan,JPN,https://en.wikipedia.org/wiki/2017_World_Artistic_Gymnastics_Championships
fig_artistic_gymnastics_world_championships,FIG Artistic Gymnastics World Championships,2017,2017-12-31,vault,Artistic Gymnastics - Vault,Vault,men,2,silver,athlete,Igor Radivilov,Ukraine,UKR,https://en.wikipedia.org/wiki/2017_World_Artistic_Gymnastics_Championships
fig_artistic_gymnastics_world_championships,FIG Artistic Gymnastics World Championships,2017,2017-12-31,vault,Artistic Gymnastics - Vault,Vault,men,3,bronze,athlete,Kim Han-sol,South Korea,KOR,https://en.wikipedia.org/wiki/2017_World_Artistic_Gymnastics_Championships
fig_artistic_gymnastics_world_championships,FIG Artistic Gymnastics World Championships,2017,2017-12-31,balance-beam,Artistic Gymnastics - Balance beam,Balance beam,women,1,gold,athlete,Pauline Schäfer,Germany,DEU,https://en.wikipedia.org/wiki/2017_World_Artistic_Gymnastics_Championships
fig_artistic_gymnastics_world_championships,FIG Artistic Gymnastics World Championships,2017,2017-12-31,balance-beam,Artistic Gymnastics - Balance beam,Balance beam,women,2,silver,athlete,Morgan Hurd,United States,USA,https://en.wikipedia.org/wiki/2017_World_Artistic_Gymnastics_Championships
fig_artistic_gymnastics_world_championships,FIG Artistic Gymnastics World Championships,2017,2017-12-31,balance-beam,Artistic Gymnastics - Balance beam,Balance beam,women,3,bronze,athlete,Tabea Alt,Germany,DEU,https://en.wikipedia.org/wiki/2017_World_Artistic_Gymnastics_Championships
fig_artistic_gymnastics_world_championships,FIG Artistic Gymnastics World Championships,2017,2017-12-31,floor-exercise,Artistic Gymnastics - Floor exercise,Floor exercise,women,1,gold,athlete,Mai Murakami,Japan,JPN,https://en.wikipedia.org/wiki/2017_World_Artistic_Gymnastics_Championships
fig_artistic_gymnastics_world_championships,FIG Artistic Gymnastics World Championships,2017,2017-12-31,floor-exercise,Artistic Gymnastics - Floor exercise,Floor exercise,women,2,silver,athlete,Jade Carey,United States,USA,https://en.wikipedia.org/wiki/2017_World_Artistic_Gymnastics_Championships
fig_artistic_gymnastics_world_championships,FIG Artistic Gymnastics World Championships,2017,2017-12-31,floor-exercise,Artistic Gymnastics - Floor exercise,Floor exercise,women,3,bronze,athlete,Claudia Fragapane,Great Britain,GBR,https://en.wikipedia.org/wiki/2017_World_Artistic_Gymnastics_Championships
fig_artistic_gymnastics_world_championships,FIG Artistic Gymnastics World Championships,2017,2017-12-31,individual-all-around,Artistic Gymnastics - Individual all-around,Individual all-around,women,1,gold,athlete,Morgan Hurd,United States,USA,https://en.wikipedia.org/wiki/2017_World_Artistic_Gymnastics_Championships
fig_artistic_gymnastics_world_championships,FIG Artistic Gymnastics World Championships,2017,2017-12-31,individual-all-around,Artistic Gymnastics - Individual all-around,Individual all-around,women,2,silver,athlete,Ellie Black,Canada,CAN,https://en.wikipedia.org/wiki/2017_World_Artistic_Gymnastics_Championships
fig_artistic_gymnastics_world_championships,FIG Artistic Gymnastics World Championships,2017,2017-12-31,individual-all-around,Artistic Gymnastics - Individual all-around,Individual all-around,women,3,bronze,athlete,Elena Eremina,Russia,RUS,https://en.wikipedia.org/wiki/2017_World_Artistic_Gymnastics_Championships
fig_artistic_gymnastics_world_championships,FIG Artistic Gymnastics World Championships,2017,2017-12-31,uneven-bars,Artistic Gymnastics - Uneven bars,Uneven bars,women,1,gold,athlete,Fan Yilin,China,CHN,https://en.wikipedia.org/wiki/2017_World_Artistic_Gymnastics_Championships
fig_artistic_gymnastics_world_championships,FIG Artistic Gymnastics World Championships,2017,2017-12-31,uneven-bars,Artistic Gymnastics - Uneven bars,Uneven bars,women,2,silver,athlete,Elena Eremina,Russia,RUS,https://en.wikipedia.org/wiki/2017_World_Artistic_Gymnastics_Championships
fig_artistic_gymnastics_world_championships,FIG Artistic Gymnastics World Championships,2017,2017-12-31,uneven-bars,Artistic Gymnastics - Uneven bars,Uneven bars,women,3,bronze,athlete,Nina Derwael,Belgium,BEL,https://en.wikipedia.org/wiki/2017_World_Artistic_Gymnastics_Championships
fig_artistic_gymnastics_world_championships,FIG Artistic Gymnastics World Championships,2017,2017-12-31,vault,Artistic Gymnastics - Vault,Vault,women,1,gold,athlete,Maria Paseka,Russia,RUS,https://en.wikipedia.org/wiki/2017_World_Artistic_Gymnastics_Championships
fig_artistic_gymnastics_world_championships,FIG Artistic Gymnastics World Championships,2017,2017-12-31,vault,Artistic Gymnastics - Vault,Vault,women,2,silver,athlete,Jade Carey,United States,USA,https://en.wikipedia.org/wiki/2017_World_Artistic_Gymnastics_Championships
fig_artistic_gymnastics_world_championships,FIG Artistic Gymnastics World Championships,2017,2017-12-31,vault,Artistic Gymnastics - Vault,Vault,women,3,bronze,athlete,Giulia Steingruber,Switzerland,CHE,https://en.wikipedia.org/wiki/2017_World_Artistic_Gymnastics_Championships
fig_artistic_gymnastics_world_championships,FIG Artistic Gymnastics World Championships,2018,2018-12-31,floor-exercise,Artistic Gymnastics - Floor exercise,Floor exercise,men,1,gold,athlete,Artur Dalaloyan,Russia,RUS,https://en.wikipedia.org/wiki/2018_World_Artistic_Gymnastics_Championships
fig_artistic_gymnastics_world_championships,FIG Artistic Gymnastics World Championships,2018,2018-12-31,floor-exercise,Artistic Gymnastics - Floor exercise,Floor exercise,men,2,silver,athlete,Kenzō Shirai,Japan,JPN,https://en.wikipedia.org/wiki/2018_World_Artistic_Gymnastics_Championships
fig_artistic_gymnastics_world_championships,FIG Artistic Gymnastics World Championships,2018,2018-12-31,floor-exercise,Artistic Gymnastics - Floor exercise,Floor exercise,men,3,bronze,athlete,Carlos Yulo,Philippines,PHL,https://en.wikipedia.org/wiki/2018_World_Artistic_Gymnastics_Championships
fig_artistic_gymnastics_world_championships,FIG Artistic Gymnastics World Championships,2018,2018-12-31,horizontal-bar,Artistic Gymnastics - Horizontal bar,Horizontal bar,men,1,gold,athlete,Epke Zonderland,Netherlands,NLD,https://en.wikipedia.org/wiki/2018_World_Artistic_Gymnastics_Championships
fig_artistic_gymnastics_world_championships,FIG Artistic Gymnastics World Championships,2018,2018-12-31,horizontal-bar,Artistic Gymnastics - Horizontal bar,Horizontal bar,men,2,silver,athlete,Kōhei Uchimura,Japan,JPN,https://en.wikipedia.org/wiki/2018_World_Artistic_Gymnastics_Championships
fig_artistic_gymnastics_world_championships,FIG Artistic Gymnastics World Championships,2018,2018-12-31,horizontal-bar,Artistic Gymnastics - Horizontal bar,Horizontal bar,men,3,bronze,athlete,Sam Mikulak,United States,USA,https://en.wikipedia.org/wiki/2018_World_Artistic_Gymnastics_Championships
fig_artistic_gymnastics_world_championships,FIG Artistic Gymnastics World Championships,2018,2018-12-31,individual-all-around,Artistic Gymnastics - Individual all-around,Individual all-around,men,1,gold,athlete,Artur Dalaloyan,Russia,RUS,https://en.wikipedia.org/wiki/2018_World_Artistic_Gymnastics_Championships
fig_artistic_gymnastics_world_championships,FIG Artistic Gymnastics World Championships,2018,2018-12-31,individual-all-around,Artistic Gymnastics - Individual all-around,Individual all-around,men,2,silver,athlete,Xiao Ruoteng,China,CHN,https://en.wikipedia.org/wiki/2018_World_Artistic_Gymnastics_Championships
fig_artistic_gymnastics_world_championships,FIG Artistic Gymnastics World Championships,2018,2018-12-31,individual-all-around,Artistic Gymnastics - Individual all-around,Individual all-around,men,3,bronze,athlete,Nikita Nagornyy,Russia,RUS,https://en.wikipedia.org/wiki/2018_World_Artistic_Gymnastics_Championships
fig_artistic_gymnastics_world_championships,FIG Artistic Gymnastics World Championships,2018,2018-12-31,parallel-bars,Artistic Gymnastics - Parallel bars,Parallel bars,men,1,gold,athlete,Zou Jingyuan,China,CHN,https://en.wikipedia.org/wiki/2018_World_Artistic_Gymnastics_Championships
fig_artistic_gymnastics_world_championships,FIG Artistic Gymnastics World Championships,2018,2018-12-31,parallel-bars,Artistic Gymnastics - Parallel bars,Parallel bars,men,2,silver,athlete,Oleg Verniaiev,Ukraine,UKR,https://en.wikipedia.org/wiki/2018_World_Artistic_Gymnastics_Championships
fig_artistic_gymnastics_world_championships,FIG Artistic Gymnastics World Championships,2018,2018-12-31,parallel-bars,Artistic Gymnastics - Parallel bars,Parallel bars,men,3,bronze,athlete,Artur Dalaloyan,Russia,RUS,https://en.wikipedia.org/wiki/2018_World_Artistic_Gymnastics_Championships
fig_artistic_gymnastics_world_championships,FIG Artistic Gymnastics World Championships,2018,2018-12-31,pommel-horse,Artistic Gymnastics - Pommel horse,Pommel horse,men,1,gold,athlete,Xiao Ruoteng,China,CHN,https://en.wikipedia.org/wiki/2018_World_Artistic_Gymnastics_Championships
fig_artistic_gymnastics_world_championships,FIG Artistic Gymnastics World Championships,2018,2018-12-31,pommel-horse,Artistic Gymnastics - Pommel horse,Pommel horse,men,2,silver,athlete,Max Whitlock,Great Britain,GBR,https://en.wikipedia.org/wiki/2018_World_Artistic_Gymnastics_Championships
fig_artistic_gymnastics_world_championships,FIG Artistic Gymnastics World Championships,2018,2018-12-31,pommel-horse,Artistic Gymnastics - Pommel horse,Pommel horse,men,3,bronze,athlete,Lee Chih-kai,Chinese Taipei,TPE,https://en.wikipedia.org/wiki/2018_World_Artistic_Gymnastics_Championships
fig_artistic_gymnastics_world_championships,FIG Artistic Gymnastics World Championships,2018,2018-12-31,still-rings,Artistic Gymnastics - Still rings,Still rings,men,1,gold,athlete,Eleftherios Petrounias,Greece,GRC,https://en.wikipedia.org/wiki/2018_World_Artistic_Gymnastics_Championships
fig_artistic_gymnastics_world_championships,FIG Artistic Gymnastics World Championships,2018,2018-12-31,still-rings,Artistic Gymnastics - Still rings,Still rings,men,2,silver,athlete,Arthur Zanetti,Brazil,BRA,https://en.wikipedia.org/wiki/2018_World_Artistic_Gymnastics_Championships
fig_artistic_gymnastics_world_championships,FIG Artistic Gymnastics World Championships,2018,2018-12-31,still-rings,Artistic Gymnastics - Still rings,Still rings,men,3,bronze,athlete,Marco Lodadio,Italy,ITA,https://en.wikipedia.org/wiki/2018_World_Artistic_Gymnastics_Championships
fig_artistic_gymnastics_world_championships,FIG Artistic Gymnastics World Championships,2018,2018-12-31,team,Artistic Gymnastics - Team,Team,men,1,gold,team,China,China,CHN,https://en.wikipedia.org/wiki/2018_World_Artistic_Gymnastics_Championships
fig_artistic_gymnastics_world_championships,FIG Artistic Gymnastics World Championships,2018,2018-12-31,team,Artistic Gymnastics - Team,Team,men,2,silver,team,Russia,Russia,RUS,https://en.wikipedia.org/wiki/2018_World_Artistic_Gymnastics_Championships
fig_artistic_gymnastics_world_championships,FIG Artistic Gymnastics World Championships,2018,2018-12-31,team,Artistic Gymnastics - Team,Team,men,3,bronze,team,Japan,Japan,JPN,https://en.wikipedia.org/wiki/2018_World_Artistic_Gymnastics_Championships
fig_artistic_gymnastics_world_championships,FIG Artistic Gymnastics World Championships,2018,2018-12-31,vault,Artistic Gymnastics - Vault,Vault,men,1,gold,athlete,Ri Se-gwang,North Korea,PRK,https://en.wikipedia.org/wiki/2018_World_Artistic_Gymnastics_Championships
fig_artistic_gymnastics_world_championships,FIG Artistic Gymnastics World Championships,2018,2018-12-31,vault,Artistic Gymnastics - Vault,Vault,men,2,silver,athlete,Artur Dalaloyan,Russia,RUS,https://en.wikipedia.org/wiki/2018_World_Artistic_Gymnastics_Championships
fig_artistic_gymnastics_world_championships,FIG Artistic Gymnastics World Championships,2018,2018-12-31,vault,Artistic Gymnastics - Vault,Vault,men,3,bronze,athlete,Kenzō Shirai,Japan,JPN,https://en.wikipedia.org/wiki/2018_World_Artistic_Gymnastics_Championships
fig_artistic_gymnastics_world_championships,FIG Artistic Gymnastics World Championships,2018,2018-12-31,balance-beam,Artistic Gymnastics - Balance beam,Balance beam,women,1,gold,athlete,Liu Tingting,China,CHN,https://en.wikipedia.org/wiki/2018_World_Artistic_Gymnastics_Championships
fig_artistic_gymnastics_world_championships,FIG Artistic Gymnastics World Championships,2018,2018-12-31,balance-beam,Artistic Gymnastics - Balance beam,Balance beam,women,2,silver,athlete,Ana Padurariu,Canada,CAN,https://en.wikipedia.org/wiki/2018_World_Artistic_Gymnastics_Championships
fig_artistic_gymnastics_world_championships,FIG Artistic Gymnastics World Championships,2018,2018-12-31,balance-beam,Artistic Gymnastics - Balance beam,Balance beam,women,3,bronze,athlete,Simone Biles,United States,USA,https://en.wikipedia.org/wiki/2018_World_Artistic_Gymnastics_Championships
fig_artistic_gymnastics_world_championships,FIG Artistic Gymnastics World Championships,2018,2018-12-31,floor-exercise,Artistic Gymnastics - Floor exercise,Floor exercise,women,1,gold,athlete,Simone Biles,United States,USA,https://en.wikipedia.org/wiki/2018_World_Artistic_Gymnastics_Championships
fig_artistic_gymnastics_world_championships,FIG Artistic Gymnastics World Championships,2018,2018-12-31,floor-exercise,Artistic Gymnastics - Floor exercise,Floor exercise,women,2,silver,athlete,Morgan Hurd,United States,USA,https://en.wikipedia.org/wiki/2018_World_Artistic_Gymnastics_Championships
fig_artistic_gymnastics_world_championships,FIG Artistic Gymnastics World Championships,2018,2018-12-31,floor-exercise,Artistic Gymnastics - Floor exercise,Floor exercise,women,3,bronze,athlete,Mai Murakami,Japan,JPN,https://en.wikipedia.org/wiki/2018_World_Artistic_Gymnastics_Championships
fig_artistic_gymnastics_world_championships,FIG Artistic Gymnastics World Championships,2018,2018-12-31,individual-all-around,Artistic Gymnastics - Individual all-around,Individual all-around,women,1,gold,athlete,Simone Biles,United States,USA,https://en.wikipedia.org/wiki/2018_World_Artistic_Gymnastics_Championships
fig_artistic_gymnastics_world_championships,FIG Artistic Gymnastics World Championships,2018,2018-12-31,individual-all-around,Artistic Gymnastics - Individual all-around,Individual all-around,women,2,silver,athlete,Mai Murakami,Japan,JPN,https://en.wikipedia.org/wiki/2018_World_Artistic_Gymnastics_Championships
fig_artistic_gymnastics_world_championships,FIG Artistic Gymnastics World Championships,2018,2018-12-31,individual-all-around,Artistic Gymnastics - Individual all-around,Individual all-around,women,3,bronze,athlete,Morgan Hurd,United States,USA,https://en.wikipedia.org/wiki/2018_World_Artistic_Gymnastics_Championships
fig_artistic_gymnastics_world_championships,FIG Artistic Gymnastics World Championships,2018,2018-12-31,team,Artistic Gymnastics - Team,Team,women,1,gold,team,United States,United States,USA,https://en.wikipedia.org/wiki/2018_World_Artistic_Gymnastics_Championships
fig_artistic_gymnastics_world_championships,FIG Artistic Gymnastics World Championships,2018,2018-12-31,team,Artistic Gymnastics - Team,Team,women,2,silver,team,Russia,Russia,RUS,https://en.wikipedia.org/wiki/2018_World_Artistic_Gymnastics_Championships
fig_artistic_gymnastics_world_championships,FIG Artistic Gymnastics World Championships,2018,2018-12-31,team,Artistic Gymnastics - Team,Team,women,3,bronze,team,China,China,CHN,https://en.wikipedia.org/wiki/2018_World_Artistic_Gymnastics_Championships
fig_artistic_gymnastics_world_championships,FIG Artistic Gymnastics World Championships,2018,2018-12-31,uneven-bars,Artistic Gymnastics - Uneven bars,Uneven bars,women,1,gold,athlete,Nina Derwael,Belgium,BEL,https://en.wikipedia.org/wiki/2018_World_Artistic_Gymnastics_Championships
fig_artistic_gymnastics_world_championships,FIG Artistic Gymnastics World Championships,2018,2018-12-31,uneven-bars,Artistic Gymnastics - Uneven bars,Uneven bars,women,2,silver,athlete,Simone Biles,United States,USA,https://en.wikipedia.org/wiki/2018_World_Artistic_Gymnastics_Championships
fig_artistic_gymnastics_world_championships,FIG Artistic Gymnastics World Championships,2018,2018-12-31,uneven-bars,Artistic Gymnastics - Uneven bars,Uneven bars,women,3,bronze,athlete,Elisabeth Seitz,Germany,DEU,https://en.wikipedia.org/wiki/2018_World_Artistic_Gymnastics_Championships
fig_artistic_gymnastics_world_championships,FIG Artistic Gymnastics World Championships,2018,2018-12-31,vault,Artistic Gymnastics - Vault,Vault,women,1,gold,athlete,Simone Biles,United States,USA,https://en.wikipedia.org/wiki/2018_World_Artistic_Gymnastics_Championships
fig_artistic_gymnastics_world_championships,FIG Artistic Gymnastics World Championships,2018,2018-12-31,vault,Artistic Gymnastics - Vault,Vault,women,2,silver,athlete,Shallon Olsen,Canada,CAN,https://en.wikipedia.org/wiki/2018_World_Artistic_Gymnastics_Championships
fig_artistic_gymnastics_world_championships,FIG Artistic Gymnastics World Championships,2018,2018-12-31,vault,Artistic Gymnastics - Vault,Vault,women,3,bronze,athlete,Alexa Moreno,Mexico,MEX,https://en.wikipedia.org/wiki/2018_World_Artistic_Gymnastics_Championships
fig_artistic_gymnastics_world_championships,FIG Artistic Gymnastics World Championships,2019,2019-12-31,floor-exercise,Artistic Gymnastics - Floor exercise,Floor exercise,men,1,gold,athlete,Carlos Yulo,Philippines,PHL,https://en.wikipedia.org/wiki/2019_World_Artistic_Gymnastics_Championships
fig_artistic_gymnastics_world_championships,FIG Artistic Gymnastics World Championships,2019,2019-12-31,floor-exercise,Artistic Gymnastics - Floor exercise,Floor exercise,men,2,silver,athlete,Artem Dolgopyat,Israel,ISR,https://en.wikipedia.org/wiki/2019_World_Artistic_Gymnastics_Championships
fig_artistic_gymnastics_world_championships,FIG Artistic Gymnastics World Championships,2019,2019-12-31,floor-exercise,Artistic Gymnastics - Floor exercise,Floor exercise,men,3,bronze,athlete,Xiao Ruoteng,China,CHN,https://en.wikipedia.org/wiki/2019_World_Artistic_Gymnastics_Championships
fig_artistic_gymnastics_world_championships,FIG Artistic Gymnastics World Championships,2019,2019-12-31,horizontal-bar,Artistic Gymnastics - Horizontal bar,Horizontal bar,men,1,gold,athlete,Arthur Mariano,Brazil,BRA,https://en.wikipedia.org/wiki/2019_World_Artistic_Gymnastics_Championships
fig_artistic_gymnastics_world_championships,FIG Artistic Gymnastics World Championships,2019,2019-12-31,horizontal-bar,Artistic Gymnastics - Horizontal bar,Horizontal bar,men,2,silver,athlete,Tin Srbić,Croatia,HRV,https://en.wikipedia.org/wiki/2019_World_Artistic_Gymnastics_Championships
fig_artistic_gymnastics_world_championships,FIG Artistic Gymnastics World Championships,2019,2019-12-31,horizontal-bar,Artistic Gymnastics - Horizontal bar,Horizontal bar,men,3,bronze,athlete,Artur Dalaloyan,Russia,RUS,https://en.wikipedia.org/wiki/2019_World_Artistic_Gymnastics_Championships
fig_artistic_gymnastics_world_championships,FIG Artistic Gymnastics World Championships,2019,2019-12-31,individual-all-around,Artistic Gymnastics - Individual all-around,Individual all-around,men,1,gold,athlete,Nikita Nagornyy,Russia,RUS,https://en.wikipedia.org/wiki/2019_World_Artistic_Gymnastics_Championships
fig_artistic_gymnastics_world_championships,FIG Artistic Gymnastics World Championships,2019,2019-12-31,individual-all-around,Artistic Gymnastics - Individual all-around,Individual all-around,men,2,silver,athlete,Artur Dalaloyan,Russia,RUS,https://en.wikipedia.org/wiki/2019_World_Artistic_Gymnastics_Championships
fig_artistic_gymnastics_world_championships,FIG Artistic Gymnastics World Championships,2019,2019-12-31,individual-all-around,Artistic Gymnastics - Individual all-around,Individual all-around,men,3,bronze,athlete,Oleg Verniaiev,Ukraine,UKR,https://en.wikipedia.org/wiki/2019_World_Artistic_Gymnastics_Championships
fig_artistic_gymnastics_world_championships,FIG Artistic Gymnastics World Championships,2019,2019-12-31,parallel-bars,Artistic Gymnastics - Parallel bars,Parallel bars,men,1,gold,athlete,Joe Fraser,Great Britain,GBR,https://en.wikipedia.org/wiki/2019_World_Artistic_Gymnastics_Championships
fig_artistic_gymnastics_world_championships,FIG Artistic Gymnastics World Championships,2019,2019-12-31,parallel-bars,Artistic Gymnastics - Parallel bars,Parallel bars,men,2,silver,athlete,Ahmet Önder,Turkey,TUR,https://en.wikipedia.org/wiki/2019_World_Artistic_Gymnastics_Championships
fig_artistic_gymnastics_world_championships,FIG Artistic Gymnastics World Championships,2019,2019-12-31,parallel-bars,Artistic Gymnastics - Parallel bars,Parallel bars,men,3,bronze,athlete,Kazuma Kaya,Japan,JPN,https://en.wikipedia.org/wiki/2019_World_Artistic_Gymnastics_Championships
fig_artistic_gymnastics_world_championships,FIG Artistic Gymnastics World Championships,2019,2019-12-31,pommel-horse,Artistic Gymnastics - Pommel horse,Pommel horse,men,1,gold,athlete,Max Whitlock,Great Britain,GBR,https://en.wikipedia.org/wiki/2019_World_Artistic_Gymnastics_Championships
fig_artistic_gymnastics_world_championships,FIG Artistic Gymnastics World Championships,2019,2019-12-31,pommel-horse,Artistic Gymnastics - Pommel horse,Pommel horse,men,2,silver,athlete,Lee Chih-kai,Chinese Taipei,TPE,https://en.wikipedia.org/wiki/2019_World_Artistic_Gymnastics_Championships
fig_artistic_gymnastics_world_championships,FIG Artistic Gymnastics World Championships,2019,2019-12-31,pommel-horse,Artistic Gymnastics - Pommel horse,Pommel horse,men,3,bronze,athlete,Rhys McClenaghan,Ireland,IRL,https://en.wikipedia.org/wiki/2019_World_Artistic_Gymnastics_Championships
fig_artistic_gymnastics_world_championships,FIG Artistic Gymnastics World Championships,2019,2019-12-31,still-rings,Artistic Gymnastics - Still rings,Still rings,men,1,gold,athlete,İbrahim Çolak,Turkey,TUR,https://en.wikipedia.org/wiki/2019_World_Artistic_Gymnastics_Championships
fig_artistic_gymnastics_world_championships,FIG Artistic Gymnastics World Championships,2019,2019-12-31,still-rings,Artistic Gymnastics - Still rings,Still rings,men,2,silver,athlete,Marco Lodadio,Italy,ITA,https://en.wikipedia.org/wiki/2019_World_Artistic_Gymnastics_Championships
fig_artistic_gymnastics_world_championships,FIG Artistic Gymnastics World Championships,2019,2019-12-31,still-rings,Artistic Gymnastics - Still rings,Still rings,men,3,bronze,athlete,Samir Aït Saïd,France,FRA,https://en.wikipedia.org/wiki/2019_World_Artistic_Gymnastics_Championships
fig_artistic_gymnastics_world_championships,FIG Artistic Gymnastics World Championships,2019,2019-12-31,team,Artistic Gymnastics - Team,Team,men,1,gold,team,Russia,Russia,RUS,https://en.wikipedia.org/wiki/2019_World_Artistic_Gymnastics_Championships
fig_artistic_gymnastics_world_championships,FIG Artistic Gymnastics World Championships,2019,2019-12-31,team,Artistic Gymnastics - Team,Team,men,2,silver,team,China,China,CHN,https://en.wikipedia.org/wiki/2019_World_Artistic_Gymnastics_Championships
fig_artistic_gymnastics_world_championships,FIG Artistic Gymnastics World Championships,2019,2019-12-31,team,Artistic Gymnastics - Team,Team,men,3,bronze,team,Japan,Japan,JPN,https://en.wikipedia.org/wiki/2019_World_Artistic_Gymnastics_Championships
fig_artistic_gymnastics_world_championships,FIG Artistic Gymnastics World Championships,2019,2019-12-31,vault,Artistic Gymnastics - Vault,Vault,men,1,gold,athlete,Nikita Nagornyy,Russia,RUS,https://en.wikipedia.org/wiki/2019_World_Artistic_Gymnastics_Championships
fig_artistic_gymnastics_world_championships,FIG Artistic Gymnastics World Championships,2019,2019-12-31,vault,Artistic Gymnastics - Vault,Vault,men,2,silver,athlete,Artur Dalaloyan,Russia,RUS,https://en.wikipedia.org/wiki/2019_World_Artistic_Gymnastics_Championships
fig_artistic_gymnastics_world_championships,FIG Artistic Gymnastics World Championships,2019,2019-12-31,vault,Artistic Gymnastics - Vault,Vault,men,3,bronze,athlete,Igor Radivilov,Ukraine,UKR,https://en.wikipedia.org/wiki/2019_World_Artistic_Gymnastics_Championships
fig_artistic_gymnastics_world_championships,FIG Artistic Gymnastics World Championships,2019,2019-12-31,balance-beam,Artistic Gymnastics - Balance beam,Balance beam,women,1,gold,athlete,Simone Biles,United States,USA,https://en.wikipedia.org/wiki/2019_World_Artistic_Gymnastics_Championships
fig_artistic_gymnastics_world_championships,FIG Artistic Gymnastics World Championships,2019,2019-12-31,balance-beam,Artistic Gymnastics - Balance beam,Balance beam,women,2,silver,athlete,Liu Tingting,China,CHN,https://en.wikipedia.org/wiki/2019_World_Artistic_Gymnastics_Championships
fig_artistic_gymnastics_world_championships,FIG Artistic Gymnastics World Championships,2019,2019-12-31,balance-beam,Artistic Gymnastics - Balance beam,Balance beam,women,3,bronze,athlete,Li Shijia,China,CHN,https://en.wikipedia.org/wiki/2019_World_Artistic_Gymnastics_Championships
fig_artistic_gymnastics_world_championships,FIG Artistic Gymnastics World Championships,2019,2019-12-31,floor-exercise,Artistic Gymnastics - Floor exercise,Floor exercise,women,1,gold,athlete,Simone Biles,United States,USA,https://en.wikipedia.org/wiki/2019_World_Artistic_Gymnastics_Championships
fig_artistic_gymnastics_world_championships,FIG Artistic Gymnastics World Championships,2019,2019-12-31,floor-exercise,Artistic Gymnastics - Floor exercise,Floor exercise,women,2,silver,athlete,Sunisa Lee,United States,USA,https://en.wikipedia.org/wiki/2019_World_Artistic_Gymnastics_Championships
fig_artistic_gymnastics_world_championships,FIG Artistic Gymnastics World Championships,2019,2019-12-31,floor-exercise,Artistic Gymnastics - Floor exercise,Floor exercise,women,3,bronze,athlete,Angelina Melnikova,Russia,RUS,https://en.wikipedia.org/wiki/2019_World_Artistic_Gymnastics_Championships
fig_artistic_gymnastics_world_championships,FIG Artistic Gymnastics World Championships,2019,2019-12-31,individual-all-around,Artistic Gymnastics - Individual all-around,Individual all-around,women,1,gold,athlete,Simone Biles,United States,USA,https://en.wikipedia.org/wiki/2019_World_Artistic_Gymnastics_Championships
fig_artistic_gymnastics_world_championships,FIG Artistic Gymnastics World Championships,2019,2019-12-31,individual-all-around,Artistic Gymnastics - Individual all-around,Individual all-around,women,2,silver,athlete,Tang Xijing,China,CHN,https://en.wikipedia.org/wiki/2019_World_Artistic_Gymnastics_Championships
fig_artistic_gymnastics_world_championships,FIG Artistic Gymnastics World Championships,2019,2019-12-31,individual-all-around,Artistic Gymnastics - Individual all-around,Individual all-around,women,3,bronze,athlete,Angelina Melnikova,Russia,RUS,https://en.wikipedia.org/wiki/2019_World_Artistic_Gymnastics_Championships
fig_artistic_gymnastics_world_championships,FIG Artistic Gymnastics World Championships,2019,2019-12-31,team,Artistic Gymnastics - Team,Team,women,1,gold,team,United States,United States,USA,https://en.wikipedia.org/wiki/2019_World_Artistic_Gymnastics_Championships
fig_artistic_gymnastics_world_championships,FIG Artistic Gymnastics World Championships,2019,2019-12-31,team,Artistic Gymnastics - Team,Team,women,2,silver,team,Russia,Russia,RUS,https://en.wikipedia.org/wiki/2019_World_Artistic_Gymnastics_Championships
fig_artistic_gymnastics_world_championships,FIG Artistic Gymnastics World Championships,2019,2019-12-31,team,Artistic Gymnastics - Team,Team,women,3,bronze,team,Italy,Italy,ITA,https://en.wikipedia.org/wiki/2019_World_Artistic_Gymnastics_Championships
fig_artistic_gymnastics_world_championships,FIG Artistic Gymnastics World Championships,2019,2019-12-31,uneven-bars,Artistic Gymnastics - Uneven bars,Uneven bars,women,1,gold,athlete,Nina Derwael,Belgium,BEL,https://en.wikipedia.org/wiki/2019_World_Artistic_Gymnastics_Championships
fig_artistic_gymnastics_world_championships,FIG Artistic Gymnastics World Championships,2019,2019-12-31,uneven-bars,Artistic Gymnastics - Uneven bars,Uneven bars,women,2,silver,athlete,Becky Downie,Great Britain,GBR,https://en.wikipedia.org/wiki/2019_World_Artistic_Gymnastics_Championships
fig_artistic_gymnastics_world_championships,FIG Artistic Gymnastics World Championships,2019,2019-12-31,uneven-bars,Artistic Gymnastics - Uneven bars,Uneven bars,women,3,bronze,athlete,Sunisa Lee,United States,USA,https://en.wikipedia.org/wiki/2019_World_Artistic_Gymnastics_Championships
fig_artistic_gymnastics_world_championships,FIG Artistic Gymnastics World Championships,2019,2019-12-31,vault,Artistic Gymnastics - Vault,Vault,women,1,gold,athlete,Simone Biles,United States,USA,https://en.wikipedia.org/wiki/2019_World_Artistic_Gymnastics_Championships
fig_artistic_gymnastics_world_championships,FIG Artistic Gymnastics World Championships,2019,2019-12-31,vault,Artistic Gymnastics - Vault,Vault,women,2,silver,athlete,Jade Carey,United States,USA,https://en.wikipedia.org/wiki/2019_World_Artistic_Gymnastics_Championships
fig_artistic_gymnastics_world_championships,FIG Artistic Gymnastics World Championships,2019,2019-12-31,vault,Artistic Gymnastics - Vault,Vault,women,3,bronze,athlete,Ellie Downie,Great Britain,GBR,https://en.wikipedia.org/wiki/2019_World_Artistic_Gymnastics_Championships
fig_artistic_gymnastics_world_championships,FIG Artistic Gymnastics World Championships,2021,2021-12-31,floor-exercise,Artistic Gymnastics - Floor exercise,Floor exercise,men,1,gold,athlete,Nicola Bartolini,Italy,ITA,https://en.wikipedia.org/wiki/2021_World_Artistic_Gymnastics_Championships
fig_artistic_gymnastics_world_championships,FIG Artistic Gymnastics World Championships,2021,2021-12-31,floor-exercise,Artistic Gymnastics - Floor exercise,Floor exercise,men,2,silver,athlete,Kazuki Minami,Japan,JPN,https://en.wikipedia.org/wiki/2021_World_Artistic_Gymnastics_Championships
fig_artistic_gymnastics_world_championships,FIG Artistic Gymnastics World Championships,2021,2021-12-31,floor-exercise,Artistic Gymnastics - Floor exercise,Floor exercise,men,3,bronze,athlete,Emil Soravuo,Finland,FIN,https://en.wikipedia.org/wiki/2021_World_Artistic_Gymnastics_Championships
fig_artistic_gymnastics_world_championships,FIG Artistic Gymnastics World Championships,2021,2021-12-31,horizontal-bar,Artistic Gymnastics - Horizontal bar,Horizontal bar,men,1,gold,athlete,Hu Xuwei,China,CHN,https://en.wikipedia.org/wiki/2021_World_Artistic_Gymnastics_Championships
fig_artistic_gymnastics_world_championships,FIG Artistic Gymnastics World Championships,2021,2021-12-31,horizontal-bar,Artistic Gymnastics - Horizontal bar,Horizontal bar,men,2,silver,athlete,Daiki Hashimoto,Japan,JPN,https://en.wikipedia.org/wiki/2021_World_Artistic_Gymnastics_Championships
fig_artistic_gymnastics_world_championships,FIG Artistic Gymnastics World Championships,2021,2021-12-31,horizontal-bar,Artistic Gymnastics - Horizontal bar,Horizontal bar,men,3,bronze,athlete,Brody Malone,United States,USA,https://en.wikipedia.org/wiki/2021_World_Artistic_Gymnastics_Championships
fig_artistic_gymnastics_world_championships,FIG Artistic Gymnastics World Championships,2021,2021-12-31,individual-all-around,Artistic Gymnastics - Individual all-around,Individual all-around,men,1,gold,athlete,Zhang Boheng,China,CHN,https://en.wikipedia.org/wiki/2021_World_Artistic_Gymnastics_Championships
fig_artistic_gymnastics_world_championships,FIG Artistic Gymnastics World Championships,2021,2021-12-31,individual-all-around,Artistic Gymnastics - Individual all-around,Individual all-around,men,2,silver,athlete,Daiki Hashimoto,Japan,JPN,https://en.wikipedia.org/wiki/2021_World_Artistic_Gymnastics_Championships
fig_artistic_gymnastics_world_championships,FIG Artistic Gymnastics World Championships,2021,2021-12-31,individual-all-around,Artistic Gymnastics - Individual all-around,Individual all-around,men,3,bronze,athlete,Illia Kovtun,Ukraine,UKR,https://en.wikipedia.org/wiki/2021_World_Artistic_Gymnastics_Championships
fig_artistic_gymnastics_world_championships,FIG Artistic Gymnastics World Championships,2021,2021-12-31,parallel-bars,Artistic Gymnastics - Parallel bars,Parallel bars,men,1,gold,athlete,Hu Xuwei,China,CHN,https://en.wikipedia.org/wiki/2021_World_Artistic_Gymnastics_Championships
fig_artistic_gymnastics_world_championships,FIG Artistic Gymnastics World Championships,2021,2021-12-31,parallel-bars,Artistic Gymnastics - Parallel bars,Parallel bars,men,2,silver,athlete,Carlos Yulo,Philippines,PHL,https://en.wikipedia.org/wiki/2021_World_Artistic_Gymnastics_Championships
fig_artistic_gymnastics_world_championships,FIG Artistic Gymnastics World Championships,2021,2021-12-31,parallel-bars,Artistic Gymnastics - Parallel bars,Parallel bars,men,3,bronze,athlete,Shi Cong,China,CHN,https://en.wikipedia.org/wiki/2021_World_Artistic_Gymnastics_Championships
fig_artistic_gymnastics_world_championships,FIG Artistic Gymnastics World Championships,2021,2021-12-31,pommel-horse,Artistic Gymnastics - Pommel horse,Pommel horse,men,1,gold,athlete,Stephen Nedoroscik,United States,USA,https://en.wikipedia.org/wiki/2021_World_Artistic_Gymnastics_Championships
fig_artistic_gymnastics_world_championships,FIG Artistic Gymnastics World Championships,2021,2021-12-31,pommel-horse,Artistic Gymnastics - Pommel horse,Pommel horse,men,2,silver,athlete,Weng Hao,China,CHN,https://en.wikipedia.org/wiki/2021_World_Artistic_Gymnastics_Championships
fig_artistic_gymnastics_world_championships,FIG Artistic Gymnastics World Championships,2021,2021-12-31,pommel-horse,Artistic Gymnastics - Pommel horse,Pommel horse,men,2,silver,athlete,Kazuma Kaya,Japan,JPN,https://en.wikipedia.org/wiki/2021_World_Artistic_Gymnastics_Championships
fig_artistic_gymnastics_world_championships,FIG Artistic Gymnastics World Championships,2021,2021-12-31,still-rings,Artistic Gymnastics - Still rings,Still rings,men,1,gold,athlete,Lan Xingyu,China,CHN,https://en.wikipedia.org/wiki/2021_World_Artistic_Gymnastics_Championships
fig_artistic_gymnastics_world_championships,FIG Artistic Gymnastics World Championships,2021,2021-12-31,still-rings,Artistic Gymnastics - Still rings,Still rings,men,2,silver,athlete,Marco Lodadio,Italy,ITA,https://en.wikipedia.org/wiki/2021_World_Artistic_Gymnastics_Championships
fig_artistic_gymnastics_world_championships,FIG Artistic Gymnastics World Championships,2021,2021-12-31,still-rings,Artistic Gymnastics - Still rings,Still rings,men,3,bronze,athlete,Salvatore Maresca,Italy,ITA,https://en.wikipedia.org/wiki/2021_World_Artistic_Gymnastics_Championships
fig_artistic_gymnastics_world_championships,FIG Artistic Gymnastics World Championships,2021,2021-12-31,still-rings,Artistic Gymnastics - Still rings,Still rings,men,3,bronze,athlete,Grigorii Klimentev,Russian Gymnastics Federation,RGF,https://en.wikipedia.org/wiki/2021_World_Artistic_Gymnastics_Championships
fig_artistic_gymnastics_world_championships,FIG Artistic Gymnastics World Championships,2021,2021-12-31,vault,Artistic Gymnastics - Vault,Vault,men,1,gold,athlete,Carlos Yulo,Philippines,PHL,https://en.wikipedia.org/wiki/2021_World_Artistic_Gymnastics_Championships
fig_artistic_gymnastics_world_championships,FIG Artistic Gymnastics World Championships,2021,2021-12-31,vault,Artistic Gymnastics - Vault,Vault,men,2,silver,athlete,Hidenobu Yonekura,Japan,JPN,https://en.wikipedia.org/wiki/2021_World_Artistic_Gymnastics_Championships
fig_artistic_gymnastics_world_championships,FIG Artistic Gymnastics World Championships,2021,2021-12-31,vault,Artistic Gymnastics - Vault,Vault,men,3,bronze,athlete,Andrey Medvedev,Israel,ISR,https://en.wikipedia.org/wiki/2021_World_Artistic_Gymnastics_Championships
fig_artistic_gymnastics_world_championships,FIG Artistic Gymnastics World Championships,2021,2021-12-31,balance-beam,Artistic Gymnastics - Balance beam,Balance beam,women,1,gold,athlete,Urara Ashikawa,Japan,JPN,https://en.wikipedia.org/wiki/2021_World_Artistic_Gymnastics_Championships
fig_artistic_gymnastics_world_championships,FIG Artistic Gymnastics World Championships,2021,2021-12-31,balance-beam,Artistic Gymnastics - Balance beam,Balance beam,women,2,silver,athlete,Pauline Schaefer-Betz,Germany,DEU,https://en.wikipedia.org/wiki/2021_World_Artistic_Gymnastics_Championships
fig_artistic_gymnastics_world_championships,FIG Artistic Gymnastics World Championships,2021,2021-12-31,balance-beam,Artistic Gymnastics - Balance beam,Balance beam,women,3,bronze,athlete,Mai Murakami,Japan,JPN,https://en.wikipedia.org/wiki/2021_World_Artistic_Gymnastics_Championships
fig_artistic_gymnastics_world_championships,FIG Artistic Gymnastics World Championships,2021,2021-12-31,floor-exercise,Artistic Gymnastics - Floor exercise,Floor exercise,women,1,gold,athlete,Mai Murakami,Japan,JPN,https://en.wikipedia.org/wiki/2021_World_Artistic_Gymnastics_Championships
fig_artistic_gymnastics_world_championships,FIG Artistic Gymnastics World Championships,2021,2021-12-31,floor-exercise,Artistic Gymnastics - Floor exercise,Floor exercise,women,2,silver,athlete,Angelina Melnikova,Russian Gymnastics Federation,RGF,https://en.wikipedia.org/wiki/2021_World_Artistic_Gymnastics_Championships
fig_artistic_gymnastics_world_championships,FIG Artistic Gymnastics World Championships,2021,2021-12-31,floor-exercise,Artistic Gymnastics - Floor exercise,Floor exercise,women,3,bronze,athlete,Leanne Wong,United States,USA,https://en.wikipedia.org/wiki/2021_World_Artistic_Gymnastics_Championships
fig_artistic_gymnastics_world_championships,FIG Artistic Gymnastics World Championships,2021,2021-12-31,individual-all-around,Artistic Gymnastics - Individual all-around,Individual all-around,women,1,gold,athlete,Angelina Melnikova,Russian Gymnastics Federation,RGF,https://en.wikipedia.org/wiki/2021_World_Artistic_Gymnastics_Championships
fig_artistic_gymnastics_world_championships,FIG Artistic Gymnastics World Championships,2021,2021-12-31,individual-all-around,Artistic Gymnastics - Individual all-around,Individual all-around,women,2,silver,athlete,Leanne Wong,United States,USA,https://en.wikipedia.org/wiki/2021_World_Artistic_Gymnastics_Championships
fig_artistic_gymnastics_world_championships,FIG Artistic Gymnastics World Championships,2021,2021-12-31,individual-all-around,Artistic Gymnastics - Individual all-around,Individual all-around,women,3,bronze,athlete,Kayla DiCello,United States,USA,https://en.wikipedia.org/wiki/2021_World_Artistic_Gymnastics_Championships
fig_artistic_gymnastics_world_championships,FIG Artistic Gymnastics World Championships,2021,2021-12-31,uneven-bars,Artistic Gymnastics - Uneven bars,Uneven bars,women,1,gold,athlete,Wei Xiaoyuan,China,CHN,https://en.wikipedia.org/wiki/2021_World_Artistic_Gymnastics_Championships
fig_artistic_gymnastics_world_championships,FIG Artistic Gymnastics World Championships,2021,2021-12-31,uneven-bars,Artistic Gymnastics - Uneven bars,Uneven bars,women,2,silver,athlete,Rebeca Andrade,Brazil,BRA,https://en.wikipedia.org/wiki/2021_World_Artistic_Gymnastics_Championships
fig_artistic_gymnastics_world_championships,FIG Artistic Gymnastics World Championships,2021,2021-12-31,uneven-bars,Artistic Gymnastics - Uneven bars,Uneven bars,women,3,bronze,athlete,Luo Rui,China,CHN,https://en.wikipedia.org/wiki/2021_World_Artistic_Gymnastics_Championships
fig_artistic_gymnastics_world_championships,FIG Artistic Gymnastics World Championships,2021,2021-12-31,vault,Artistic Gymnastics - Vault,Vault,women,1,gold,athlete,Rebeca Andrade,Brazil,BRA,https://en.wikipedia.org/wiki/2021_World_Artistic_Gymnastics_Championships
fig_artistic_gymnastics_world_championships,FIG Artistic Gymnastics World Championships,2021,2021-12-31,vault,Artistic Gymnastics - Vault,Vault,women,2,silver,athlete,Asia D'Amato,Italy,ITA,https://en.wikipedia.org/wiki/2021_World_Artistic_Gymnastics_Championships
fig_artistic_gymnastics_world_championships,FIG Artistic Gymnastics World Championships,2021,2021-12-31,vault,Artistic Gymnastics - Vault,Vault,women,3,bronze,athlete,Angelina Melnikova,Russian Gymnastics Federation,RGF,https://en.wikipedia.org/wiki/2021_World_Artistic_Gymnastics_Championships
fig_artistic_gymnastics_world_championships,FIG Artistic Gymnastics World Championships,2022,2022-12-31,floor-exercise,Artistic Gymnastics - Floor exercise,Floor exercise,men,1,gold,athlete,Giarnni Regini-Moran,Great Britain,GBR,https://en.wikipedia.org/wiki/2022_World_Artistic_Gymnastics_Championships
fig_artistic_gymnastics_world_championships,FIG Artistic Gymnastics World Championships,2022,2022-12-31,floor-exercise,Artistic Gymnastics - Floor exercise,Floor exercise,men,2,silver,athlete,Daiki Hashimoto,Japan,JPN,https://en.wikipedia.org/wiki/2022_World_Artistic_Gymnastics_Championships
fig_artistic_gymnastics_world_championships,FIG Artistic Gymnastics World Championships,2022,2022-12-31,floor-exercise,Artistic Gymnastics - Floor exercise,Floor exercise,men,3,bronze,athlete,Ryosuke Doi,Japan,JPN,https://en.wikipedia.org/wiki/2022_World_Artistic_Gymnastics_Championships
fig_artistic_gymnastics_world_championships,FIG Artistic Gymnastics World Championships,2022,2022-12-31,horizontal-bar,Artistic Gymnastics - Horizontal bar,Horizontal bar,men,1,gold,athlete,Brody Malone,United States,USA,https://en.wikipedia.org/wiki/2022_World_Artistic_Gymnastics_Championships
fig_artistic_gymnastics_world_championships,FIG Artistic Gymnastics World Championships,2022,2022-12-31,horizontal-bar,Artistic Gymnastics - Horizontal bar,Horizontal bar,men,2,silver,athlete,Daiki Hashimoto,Japan,JPN,https://en.wikipedia.org/wiki/2022_World_Artistic_Gymnastics_Championships
fig_artistic_gymnastics_world_championships,FIG Artistic Gymnastics World Championships,2022,2022-12-31,horizontal-bar,Artistic Gymnastics - Horizontal bar,Horizontal bar,men,3,bronze,athlete,Arthur Mariano,Brazil,BRA,https://en.wikipedia.org/wiki/2022_World_Artistic_Gymnastics_Championships
fig_artistic_gymnastics_world_championships,FIG Artistic Gymnastics World Championships,2022,2022-12-31,individual-all-around,Artistic Gymnastics - Individual all-around,Individual all-around,men,1,gold,athlete,Daiki Hashimoto,Japan,JPN,https://en.wikipedia.org/wiki/2022_World_Artistic_Gymnastics_Championships
fig_artistic_gymnastics_world_championships,FIG Artistic Gymnastics World Championships,2022,2022-12-31,individual-all-around,Artistic Gymnastics - Individual all-around,Individual all-around,men,2,silver,athlete,Zhang Boheng,China,CHN,https://en.wikipedia.org/wiki/2022_World_Artistic_Gymnastics_Championships
fig_artistic_gymnastics_world_championships,FIG Artistic Gymnastics World Championships,2022,2022-12-31,individual-all-around,Artistic Gymnastics - Individual all-around,Individual all-around,men,3,bronze,athlete,Wataru Tanigawa,Japan,JPN,https://en.wikipedia.org/wiki/2022_World_Artistic_Gymnastics_Championships
fig_artistic_gymnastics_world_championships,FIG Artistic Gymnastics World Championships,2022,2022-12-31,parallel-bars,Artistic Gymnastics - Parallel bars,Parallel bars,men,1,gold,athlete,Zou Jingyuan,China,CHN,https://en.wikipedia.org/wiki/2022_World_Artistic_Gymnastics_Championships
fig_artistic_gymnastics_world_championships,FIG Artistic Gymnastics World Championships,2022,2022-12-31,parallel-bars,Artistic Gymnastics - Parallel bars,Parallel bars,men,2,silver,athlete,Lukas Dauser,Germany,DEU,https://en.wikipedia.org/wiki/2022_World_Artistic_Gymnastics_Championships
fig_artistic_gymnastics_world_championships,FIG Artistic Gymnastics World Championships,2022,2022-12-31,parallel-bars,Artistic Gymnastics - Parallel bars,Parallel bars,men,3,bronze,athlete,Carlos Yulo,Philippines,PHL,https://en.wikipedia.org/wiki/2022_World_Artistic_Gymnastics_Championships
fig_artistic_gymnastics_world_championships,FIG Artistic Gymnastics World Championships,2022,2022-12-31,pommel-horse,Artistic Gymnastics - Pommel horse,Pommel horse,men,1,gold,athlete,Rhys McClenaghan,Ireland,IRL,https://en.wikipedia.org/wiki/2022_World_Artistic_Gymnastics_Championships
fig_artistic_gymnastics_world_championships,FIG Artistic Gymnastics World Championships,2022,2022-12-31,pommel-horse,Artistic Gymnastics - Pommel horse,Pommel horse,men,2,silver,athlete,Ahmad Abu Al-Soud,Jordan,JOR,https://en.wikipedia.org/wiki/2022_World_Artistic_Gymnastics_Championships
fig_artistic_gymnastics_world_championships,FIG Artistic Gymnastics World Championships,2022,2022-12-31,pommel-horse,Artistic Gymnastics - Pommel horse,Pommel horse,men,3,bronze,athlete,Harutyun Merdinyan,Armenia,ARM,https://en.wikipedia.org/wiki/2022_World_Artistic_Gymnastics_Championships
fig_artistic_gymnastics_world_championships,FIG Artistic Gymnastics World Championships,2022,2022-12-31,still-rings,Artistic Gymnastics - Still rings,Still rings,men,1,gold,athlete,Adem Asil,Turkey,TUR,https://en.wikipedia.org/wiki/2022_World_Artistic_Gymnastics_Championships
fig_artistic_gymnastics_world_championships,FIG Artistic Gymnastics World Championships,2022,2022-12-31,still-rings,Artistic Gymnastics - Still rings,Still rings,men,2,silver,athlete,Zou Jingyuan,China,CHN,https://en.wikipedia.org/wiki/2022_World_Artistic_Gymnastics_Championships
fig_artistic_gymnastics_world_championships,FIG Artistic Gymnastics World Championships,2022,2022-12-31,still-rings,Artistic Gymnastics - Still rings,Still rings,men,3,bronze,athlete,Courtney Tulloch,Great Britain,GBR,https://en.wikipedia.org/wiki/2022_World_Artistic_Gymnastics_Championships
fig_artistic_gymnastics_world_championships,FIG Artistic Gymnastics World Championships,2022,2022-12-31,team,Artistic Gymnastics - Team,Team,men,1,gold,team,China,China,CHN,https://en.wikipedia.org/wiki/2022_World_Artistic_Gymnastics_Championships
fig_artistic_gymnastics_world_championships,FIG Artistic Gymnastics World Championships,2022,2022-12-31,team,Artistic Gymnastics - Team,Team,men,2,silver,team,Japan,Japan,JPN,https://en.wikipedia.org/wiki/2022_World_Artistic_Gymnastics_Championships
fig_artistic_gymnastics_world_championships,FIG Artistic Gymnastics World Championships,2022,2022-12-31,team,Artistic Gymnastics - Team,Team,men,3,bronze,team,Great Britain,Great Britain,GBR,https://en.wikipedia.org/wiki/2022_World_Artistic_Gymnastics_Championships
fig_artistic_gymnastics_world_championships,FIG Artistic Gymnastics World Championships,2022,2022-12-31,vault,Artistic Gymnastics - Vault,Vault,men,1,gold,athlete,Artur Davtyan,Armenia,ARM,https://en.wikipedia.org/wiki/2022_World_Artistic_Gymnastics_Championships
fig_artistic_gymnastics_world_championships,FIG Artistic Gymnastics World Championships,2022,2022-12-31,vault,Artistic Gymnastics - Vault,Vault,men,2,silver,athlete,Carlos Yulo,Philippines,PHL,https://en.wikipedia.org/wiki/2022_World_Artistic_Gymnastics_Championships
fig_artistic_gymnastics_world_championships,FIG Artistic Gymnastics World Championships,2022,2022-12-31,vault,Artistic Gymnastics - Vault,Vault,men,3,bronze,athlete,Igor Radivilov,Ukraine,UKR,https://en.wikipedia.org/wiki/2022_World_Artistic_Gymnastics_Championships
fig_artistic_gymnastics_world_championships,FIG Artistic Gymnastics World Championships,2022,2022-12-31,balance-beam,Artistic Gymnastics - Balance beam,Balance beam,women,1,gold,athlete,Hazuki Watanabe,Japan,JPN,https://en.wikipedia.org/wiki/2022_World_Artistic_Gymnastics_Championships
fig_artistic_gymnastics_world_championships,FIG Artistic Gymnastics World Championships,2022,2022-12-31,balance-beam,Artistic Gymnastics - Balance beam,Balance beam,women,2,silver,athlete,Ellie Black,Canada,CAN,https://en.wikipedia.org/wiki/2022_World_Artistic_Gymnastics_Championships
fig_artistic_gymnastics_world_championships,FIG Artistic Gymnastics World Championships,2022,2022-12-31,balance-beam,Artistic Gymnastics - Balance beam,Balance beam,women,3,bronze,athlete,Shoko Miyata,Japan,JPN,https://en.wikipedia.org/wiki/2022_World_Artistic_Gymnastics_Championships
fig_artistic_gymnastics_world_championships,FIG Artistic Gymnastics World Championships,2022,2022-12-31,floor-exercise,Artistic Gymnastics - Floor exercise,Floor exercise,women,1,gold,athlete,Jessica Gadirova,Great Britain,GBR,https://en.wikipedia.org/wiki/2022_World_Artistic_Gymnastics_Championships
fig_artistic_gymnastics_world_championships,FIG Artistic Gymnastics World Championships,2022,2022-12-31,floor-exercise,Artistic Gymnastics - Floor exercise,Floor exercise,women,2,silver,athlete,Jordan Chiles,United States,USA,https://en.wikipedia.org/wiki/2022_World_Artistic_Gymnastics_Championships
fig_artistic_gymnastics_world_championships,FIG Artistic Gymnastics World Championships,2022,2022-12-31,floor-exercise,Artistic Gymnastics - Floor exercise,Floor exercise,women,3,bronze,athlete,Rebeca Andrade,Brazil,BRA,https://en.wikipedia.org/wiki/2022_World_Artistic_Gymnastics_Championships
fig_artistic_gymnastics_world_championships,FIG Artistic Gymnastics World Championships,2022,2022-12-31,floor-exercise,Artistic Gymnastics - Floor exercise,Floor exercise,women,3,bronze,athlete,Jade Carey,United States,USA,https://en.wikipedia.org/wiki/2022_World_Artistic_Gymnastics_Championships
fig_artistic_gymnastics_world_championships,FIG Artistic Gymnastics World Championships,2022,2022-12-31,individual-all-around,Artistic Gymnastics - Individual all-around,Individual all-around,women,1,gold,athlete,Rebeca Andrade,Brazil,BRA,https://en.wikipedia.org/wiki/2022_World_Artistic_Gymnastics_Championships
fig_artistic_gymnastics_world_championships,FIG Artistic Gymnastics World Championships,2022,2022-12-31,individual-all-around,Artistic Gymnastics - Individual all-around,Individual all-around,women,2,silver,athlete,Shilese Jones,United States,USA,https://en.wikipedia.org/wiki/2022_World_Artistic_Gymnastics_Championships
fig_artistic_gymnastics_world_championships,FIG Artistic Gymnastics World Championships,2022,2022-12-31,individual-all-around,Artistic Gymnastics - Individual all-around,Individual all-around,women,3,bronze,athlete,Jessica Gadirova,Great Britain,GBR,https://en.wikipedia.org/wiki/2022_World_Artistic_Gymnastics_Championships
fig_artistic_gymnastics_world_championships,FIG Artistic Gymnastics World Championships,2022,2022-12-31,team,Artistic Gymnastics - Team,Team,women,1,gold,team,United States,United States,USA,https://en.wikipedia.org/wiki/2022_World_Artistic_Gymnastics_Championships
fig_artistic_gymnastics_world_championships,FIG Artistic Gymnastics World Championships,2022,2022-12-31,team,Artistic Gymnastics - Team,Team,women,2,silver,team,Great Britain,Great Britain,GBR,https://en.wikipedia.org/wiki/2022_World_Artistic_Gymnastics_Championships
fig_artistic_gymnastics_world_championships,FIG Artistic Gymnastics World Championships,2022,2022-12-31,team,Artistic Gymnastics - Team,Team,women,3,bronze,team,Canada,Canada,CAN,https://en.wikipedia.org/wiki/2022_World_Artistic_Gymnastics_Championships
fig_artistic_gymnastics_world_championships,FIG Artistic Gymnastics World Championships,2022,2022-12-31,uneven-bars,Artistic Gymnastics - Uneven bars,Uneven bars,women,1,gold,athlete,Wei Xiaoyuan,China,CHN,https://en.wikipedia.org/wiki/2022_World_Artistic_Gymnastics_Championships
fig_artistic_gymnastics_world_championships,FIG Artistic Gymnastics World Championships,2022,2022-12-31,uneven-bars,Artistic Gymnastics - Uneven bars,Uneven bars,women,2,silver,athlete,Shilese Jones,United States,USA,https://en.wikipedia.org/wiki/2022_World_Artistic_Gymnastics_Championships
fig_artistic_gymnastics_world_championships,FIG Artistic Gymnastics World Championships,2022,2022-12-31,uneven-bars,Artistic Gymnastics - Uneven bars,Uneven bars,women,3,bronze,athlete,Nina Derwael,Belgium,BEL,https://en.wikipedia.org/wiki/2022_World_Artistic_Gymnastics_Championships
fig_artistic_gymnastics_world_championships,FIG Artistic Gymnastics World Championships,2022,2022-12-31,vault,Artistic Gymnastics - Vault,Vault,women,1,gold,athlete,Jade Carey,United States,USA,https://en.wikipedia.org/wiki/2022_World_Artistic_Gymnastics_Championships
fig_artistic_gymnastics_world_championships,FIG Artistic Gymnastics World Championships,2022,2022-12-31,vault,Artistic Gymnastics - Vault,Vault,women,2,silver,athlete,Jordan Chiles,United States,USA,https://en.wikipedia.org/wiki/2022_World_Artistic_Gymnastics_Championships
fig_artistic_gymnastics_world_championships,FIG Artistic Gymnastics World Championships,2022,2022-12-31,vault,Artistic Gymnastics - Vault,Vault,women,3,bronze,athlete,Coline Devillard,France,FRA,https://en.wikipedia.org/wiki/2022_World_Artistic_Gymnastics_Championships
fig_artistic_gymnastics_world_championships,FIG Artistic Gymnastics World Championships,2023,2023-12-31,floor-exercise,Artistic Gymnastics - Floor exercise,Floor exercise,men,1,gold,athlete,Artem Dolgopyat,Israel,ISR,https://en.wikipedia.org/wiki/2023_World_Artistic_Gymnastics_Championships
fig_artistic_gymnastics_world_championships,FIG Artistic Gymnastics World Championships,2023,2023-12-31,floor-exercise,Artistic Gymnastics - Floor exercise,Floor exercise,men,2,silver,athlete,Kazuki Minami,Japan,JPN,https://en.wikipedia.org/wiki/2023_World_Artistic_Gymnastics_Championships
fig_artistic_gymnastics_world_championships,FIG Artistic Gymnastics World Championships,2023,2023-12-31,floor-exercise,Artistic Gymnastics - Floor exercise,Floor exercise,men,3,bronze,athlete,Milad Karimi,Kazakhstan,KAZ,https://en.wikipedia.org/wiki/2023_World_Artistic_Gymnastics_Championships
fig_artistic_gymnastics_world_championships,FIG Artistic Gymnastics World Championships,2023,2023-12-31,horizontal-bar,Artistic Gymnastics - Horizontal bar,Horizontal bar,men,1,gold,athlete,Daiki Hashimoto,Japan,JPN,https://en.wikipedia.org/wiki/2023_World_Artistic_Gymnastics_Championships
fig_artistic_gymnastics_world_championships,FIG Artistic Gymnastics World Championships,2023,2023-12-31,horizontal-bar,Artistic Gymnastics - Horizontal bar,Horizontal bar,men,2,silver,athlete,Tin Srbić,Croatia,HRV,https://en.wikipedia.org/wiki/2023_World_Artistic_Gymnastics_Championships
fig_artistic_gymnastics_world_championships,FIG Artistic Gymnastics World Championships,2023,2023-12-31,horizontal-bar,Artistic Gymnastics - Horizontal bar,Horizontal bar,men,3,bronze,athlete,Su Weide,China,CHN,https://en.wikipedia.org/wiki/2023_World_Artistic_Gymnastics_Championships
fig_artistic_gymnastics_world_championships,FIG Artistic Gymnastics World Championships,2023,2023-12-31,individual-all-around,Artistic Gymnastics - Individual all-around,Individual all-around,men,1,gold,athlete,Daiki Hashimoto,Japan,JPN,https://en.wikipedia.org/wiki/2023_World_Artistic_Gymnastics_Championships
fig_artistic_gymnastics_world_championships,FIG Artistic Gymnastics World Championships,2023,2023-12-31,individual-all-around,Artistic Gymnastics - Individual all-around,Individual all-around,men,2,silver,athlete,Illia Kovtun,Ukraine,UKR,https://en.wikipedia.org/wiki/2023_World_Artistic_Gymnastics_Championships
fig_artistic_gymnastics_world_championships,FIG Artistic Gymnastics World Championships,2023,2023-12-31,individual-all-around,Artistic Gymnastics - Individual all-around,Individual all-around,men,3,bronze,athlete,Fred Richard,United States,USA,https://en.wikipedia.org/wiki/2023_World_Artistic_Gymnastics_Championships
fig_artistic_gymnastics_world_championships,FIG Artistic Gymnastics World Championships,2023,2023-12-31,parallel-bars,Artistic Gymnastics - Parallel bars,Parallel bars,men,1,gold,athlete,Lukas Dauser,Germany,DEU,https://en.wikipedia.org/wiki/2023_World_Artistic_Gymnastics_Championships
fig_artistic_gymnastics_world_championships,FIG Artistic Gymnastics World Championships,2023,2023-12-31,parallel-bars,Artistic Gymnastics - Parallel bars,Parallel bars,men,2,silver,athlete,Shi Cong,China,CHN,https://en.wikipedia.org/wiki/2023_World_Artistic_Gymnastics_Championships
fig_artistic_gymnastics_world_championships,FIG Artistic Gymnastics World Championships,2023,2023-12-31,parallel-bars,Artistic Gymnastics - Parallel bars,Parallel bars,men,3,bronze,athlete,Kaito Sugimoto,Japan,JPN,https://en.wikipedia.org/wiki/2023_World_Artistic_Gymnastics_Championships
fig_artistic_gymnastics_world_championships,FIG Artistic Gymnastics World Championships,2023,2023-12-31,pommel-horse,Artistic Gymnastics - Pommel horse,Pommel horse,men,1,gold,athlete,Rhys McClenaghan,Ireland,IRL,https://en.wikipedia.org/wiki/2023_World_Artistic_Gymnastics_Championships
fig_artistic_gymnastics_world_championships,FIG Artistic Gymnastics World Championships,2023,2023-12-31,pommel-horse,Artistic Gymnastics - Pommel horse,Pommel horse,men,2,silver,athlete,Khoi Young,United States,USA,https://en.wikipedia.org/wiki/2023_World_Artistic_Gymnastics_Championships
fig_artistic_gymnastics_world_championships,FIG Artistic Gymnastics World Championships,2023,2023-12-31,pommel-horse,Artistic Gymnastics - Pommel horse,Pommel horse,men,3,bronze,athlete,Ahmad Abu Al-Soud,Jordan,JOR,https://en.wikipedia.org/wiki/2023_World_Artistic_Gymnastics_Championships
fig_artistic_gymnastics_world_championships,FIG Artistic Gymnastics World Championships,2023,2023-12-31,still-rings,Artistic Gymnastics - Still rings,Still rings,men,1,gold,athlete,Liu Yang,China,CHN,https://en.wikipedia.org/wiki/2023_World_Artistic_Gymnastics_Championships
fig_artistic_gymnastics_world_championships,FIG Artistic Gymnastics World Championships,2023,2023-12-31,still-rings,Artistic Gymnastics - Still rings,Still rings,men,2,silver,athlete,Eleftherios Petrounias,Greece,GRC,https://en.wikipedia.org/wiki/2023_World_Artistic_Gymnastics_Championships
fig_artistic_gymnastics_world_championships,FIG Artistic Gymnastics World Championships,2023,2023-12-31,still-rings,Artistic Gymnastics - Still rings,Still rings,men,3,bronze,athlete,You Hao,China,CHN,https://en.wikipedia.org/wiki/2023_World_Artistic_Gymnastics_Championships
fig_artistic_gymnastics_world_championships,FIG Artistic Gymnastics World Championships,2023,2023-12-31,team,Artistic Gymnastics - Team,Team,men,1,gold,team,Japan,Japan,JPN,https://en.wikipedia.org/wiki/2023_World_Artistic_Gymnastics_Championships
fig_artistic_gymnastics_world_championships,FIG Artistic Gymnastics World Championships,2023,2023-12-31,team,Artistic Gymnastics - Team,Team,men,2,silver,team,China,China,CHN,https://en.wikipedia.org/wiki/2023_World_Artistic_Gymnastics_Championships
fig_artistic_gymnastics_world_championships,FIG Artistic Gymnastics World Championships,2023,2023-12-31,team,Artistic Gymnastics - Team,Team,men,3,bronze,team,United States,United States,USA,https://en.wikipedia.org/wiki/2023_World_Artistic_Gymnastics_Championships
fig_artistic_gymnastics_world_championships,FIG Artistic Gymnastics World Championships,2023,2023-12-31,vault,Artistic Gymnastics - Vault,Vault,men,1,gold,athlete,Jake Jarman,Great Britain,GBR,https://en.wikipedia.org/wiki/2023_World_Artistic_Gymnastics_Championships
fig_artistic_gymnastics_world_championships,FIG Artistic Gymnastics World Championships,2023,2023-12-31,vault,Artistic Gymnastics - Vault,Vault,men,2,silver,athlete,Khoi Young,United States,USA,https://en.wikipedia.org/wiki/2023_World_Artistic_Gymnastics_Championships
fig_artistic_gymnastics_world_championships,FIG Artistic Gymnastics World Championships,2023,2023-12-31,vault,Artistic Gymnastics - Vault,Vault,men,3,bronze,athlete,Nazar Chepurnyi,Ukraine,UKR,https://en.wikipedia.org/wiki/2023_World_Artistic_Gymnastics_Championships
fig_artistic_gymnastics_world_championships,FIG Artistic Gymnastics World Championships,2023,2023-12-31,balance-beam,Artistic Gymnastics - Balance beam,Balance beam,women,1,gold,athlete,Simone Biles,United States,USA,https://en.wikipedia.org/wiki/2023_World_Artistic_Gymnastics_Championships
fig_artistic_gymnastics_world_championships,FIG Artistic Gymnastics World Championships,2023,2023-12-31,balance-beam,Artistic Gymnastics - Balance beam,Balance beam,women,2,silver,athlete,Zhou Yaqin,China,CHN,https://en.wikipedia.org/wiki/2023_World_Artistic_Gymnastics_Championships
fig_artistic_gymnastics_world_championships,FIG Artistic Gymnastics World Championships,2023,2023-12-31,balance-beam,Artistic Gymnastics - Balance beam,Balance beam,women,3,bronze,athlete,Rebeca Andrade,Brazil,BRA,https://en.wikipedia.org/wiki/2023_World_Artistic_Gymnastics_Championships
fig_artistic_gymnastics_world_championships,FIG Artistic Gymnastics World Championships,2023,2023-12-31,floor-exercise,Artistic Gymnastics - Floor exercise,Floor exercise,women,1,gold,athlete,Simone Biles,United States,USA,https://en.wikipedia.org/wiki/2023_World_Artistic_Gymnastics_Championships
fig_artistic_gymnastics_world_championships,FIG Artistic Gymnastics World Championships,2023,2023-12-31,floor-exercise,Artistic Gymnastics - Floor exercise,Floor exercise,women,2,silver,athlete,Rebeca Andrade,Brazil,BRA,https://en.wikipedia.org/wiki/2023_World_Artistic_Gymnastics_Championships
fig_artistic_gymnastics_world_championships,FIG Artistic Gymnastics World Championships,2023,2023-12-31,floor-exercise,Artistic Gymnastics - Floor exercise,Floor exercise,women,3,bronze,athlete,Flávia Saraiva,Brazil,BRA,https://en.wikipedia.org/wiki/2023_World_Artistic_Gymnastics_Championships
fig_artistic_gymnastics_world_championships,FIG Artistic Gymnastics World Championships,2023,2023-12-31,individual-all-around,Artistic Gymnastics - Individual all-around,Individual all-around,women,1,gold,athlete,Simone Biles,United States,USA,https://en.wikipedia.org/wiki/2023_World_Artistic_Gymnastics_Championships
fig_artistic_gymnastics_world_championships,FIG Artistic Gymnastics World Championships,2023,2023-12-31,individual-all-around,Artistic Gymnastics - Individual all-around,Individual all-around,women,2,silver,athlete,Rebeca Andrade,Brazil,BRA,https://en.wikipedia.org/wiki/2023_World_Artistic_Gymnastics_Championships
fig_artistic_gymnastics_world_championships,FIG Artistic Gymnastics World Championships,2023,2023-12-31,individual-all-around,Artistic Gymnastics - Individual all-around,Individual all-around,women,3,bronze,athlete,Shilese Jones,United States,USA,https://en.wikipedia.org/wiki/2023_World_Artistic_Gymnastics_Championships
fig_artistic_gymnastics_world_championships,FIG Artistic Gymnastics World Championships,2023,2023-12-31,team,Artistic Gymnastics - Team,Team,women,1,gold,team,United States,United States,USA,https://en.wikipedia.org/wiki/2023_World_Artistic_Gymnastics_Championships
fig_artistic_gymnastics_world_championships,FIG Artistic Gymnastics World Championships,2023,2023-12-31,team,Artistic Gymnastics - Team,Team,women,2,silver,team,Brazil,Brazil,BRA,https://en.wikipedia.org/wiki/2023_World_Artistic_Gymnastics_Championships
fig_artistic_gymnastics_world_championships,FIG Artistic Gymnastics World Championships,2023,2023-12-31,team,Artistic Gymnastics - Team,Team,women,3,bronze,team,France,France,FRA,https://en.wikipedia.org/wiki/2023_World_Artistic_Gymnastics_Championships
fig_artistic_gymnastics_world_championships,FIG Artistic Gymnastics World Championships,2023,2023-12-31,uneven-bars,Artistic Gymnastics - Uneven bars,Uneven bars,women,1,gold,athlete,Qiu Qiyuan,China,CHN,https://en.wikipedia.org/wiki/2023_World_Artistic_Gymnastics_Championships
fig_artistic_gymnastics_world_championships,FIG Artistic Gymnastics World Championships,2023,2023-12-31,uneven-bars,Artistic Gymnastics - Uneven bars,Uneven bars,women,2,silver,athlete,Kaylia Nemour,Algeria,DZA,https://en.wikipedia.org/wiki/2023_World_Artistic_Gymnastics_Championships
fig_artistic_gymnastics_world_championships,FIG Artistic Gymnastics World Championships,2023,2023-12-31,uneven-bars,Artistic Gymnastics - Uneven bars,Uneven bars,women,3,bronze,athlete,Shilese Jones,United States,USA,https://en.wikipedia.org/wiki/2023_World_Artistic_Gymnastics_Championships
fig_artistic_gymnastics_world_championships,FIG Artistic Gymnastics World Championships,2023,2023-12-31,vault,Artistic Gymnastics - Vault,Vault,women,1,gold,athlete,Rebeca Andrade,Brazil,BRA,https://en.wikipedia.org/wiki/2023_World_Artistic_Gymnastics_Championships
fig_artistic_gymnastics_world_championships,FIG Artistic Gymnastics World Championships,2023,2023-12-31,vault,Artistic Gymnastics - Vault,Vault,women,2,silver,athlete,Simone Biles,United States,USA,https://en.wikipedia.org/wiki/2023_World_Artistic_Gymnastics_Championships
fig_artistic_gymnastics_world_championships,FIG Artistic Gymnastics World Championships,2023,2023-12-31,vault,Artistic Gymnastics - Vault,Vault,women,3,bronze,athlete,Yeo Seo-jeong,South Korea,KOR,https://en.wikipedia.org/wiki/2023_World_Artistic_Gymnastics_Championships
fig_artistic_gymnastics_world_championships,FIG Artistic Gymnastics World Championships,2025,2025-12-31,floor-exercise,Artistic Gymnastics - Floor exercise,Floor exercise,men,1,gold,athlete,Jake Jarman,Great Britain,GBR,https://en.wikipedia.org/wiki/2025_World_Artistic_Gymnastics_Championships
fig_artistic_gymnastics_world_championships,FIG Artistic Gymnastics World Championships,2025,2025-12-31,floor-exercise,Artistic Gymnastics - Floor exercise,Floor exercise,men,2,silver,athlete,Luke Whitehouse,Great Britain,GBR,https://en.wikipedia.org/wiki/2025_World_Artistic_Gymnastics_Championships
fig_artistic_gymnastics_world_championships,FIG Artistic Gymnastics World Championships,2025,2025-12-31,floor-exercise,Artistic Gymnastics - Floor exercise,Floor exercise,men,3,bronze,athlete,Carlos Yulo,Philippines,PHL,https://en.wikipedia.org/wiki/2025_World_Artistic_Gymnastics_Championships
fig_artistic_gymnastics_world_championships,FIG Artistic Gymnastics World Championships,2025,2025-12-31,horizontal-bar,Artistic Gymnastics - Horizontal bar,Horizontal bar,men,1,gold,athlete,Brody Malone,United States,USA,https://en.wikipedia.org/wiki/2025_World_Artistic_Gymnastics_Championships
fig_artistic_gymnastics_world_championships,FIG Artistic Gymnastics World Championships,2025,2025-12-31,horizontal-bar,Artistic Gymnastics - Horizontal bar,Horizontal bar,men,2,silver,athlete,Daiki Hashimoto,Japan,JPN,https://en.wikipedia.org/wiki/2025_World_Artistic_Gymnastics_Championships
fig_artistic_gymnastics_world_championships,FIG Artistic Gymnastics World Championships,2025,2025-12-31,horizontal-bar,Artistic Gymnastics - Horizontal bar,Horizontal bar,men,3,bronze,athlete,Joe Fraser,Great Britain,GBR,https://en.wikipedia.org/wiki/2025_World_Artistic_Gymnastics_Championships
fig_artistic_gymnastics_world_championships,FIG Artistic Gymnastics World Championships,2025,2025-12-31,individual-all-around,Artistic Gymnastics - Individual all-around,Individual all-around,men,1,gold,athlete,Daiki Hashimoto,Japan,JPN,https://en.wikipedia.org/wiki/2025_World_Artistic_Gymnastics_Championships
fig_artistic_gymnastics_world_championships,FIG Artistic Gymnastics World Championships,2025,2025-12-31,individual-all-around,Artistic Gymnastics - Individual all-around,Individual all-around,men,2,silver,athlete,Zhang Boheng,China,CHN,https://en.wikipedia.org/wiki/2025_World_Artistic_Gymnastics_Championships
fig_artistic_gymnastics_world_championships,FIG Artistic Gymnastics World Championships,2025,2025-12-31,individual-all-around,Artistic Gymnastics - Individual all-around,Individual all-around,men,3,bronze,athlete,Noe Seifert,Switzerland,CHE,https://en.wikipedia.org/wiki/2025_World_Artistic_Gymnastics_Championships
fig_artistic_gymnastics_world_championships,FIG Artistic Gymnastics World Championships,2025,2025-12-31,parallel-bars,Artistic Gymnastics - Parallel bars,Parallel bars,men,1,gold,athlete,Zou Jingyuan,China,CHN,https://en.wikipedia.org/wiki/2025_World_Artistic_Gymnastics_Championships
fig_artistic_gymnastics_world_championships,FIG Artistic Gymnastics World Championships,2025,2025-12-31,parallel-bars,Artistic Gymnastics - Parallel bars,Parallel bars,men,2,silver,athlete,Tomoharu Tsunogai,Japan,JPN,https://en.wikipedia.org/wiki/2025_World_Artistic_Gymnastics_Championships
fig_artistic_gymnastics_world_championships,FIG Artistic Gymnastics World Championships,2025,2025-12-31,parallel-bars,Artistic Gymnastics - Parallel bars,Parallel bars,men,3,bronze,athlete,Daniel Marinov,Individual Neutral Athletes,AIN,https://en.wikipedia.org/wiki/2025_World_Artistic_Gymnastics_Championships
fig_artistic_gymnastics_world_championships,FIG Artistic Gymnastics World Championships,2025,2025-12-31,pommel-horse,Artistic Gymnastics - Pommel horse,Pommel horse,men,1,gold,athlete,Hong Yanming,China,CHN,https://en.wikipedia.org/wiki/2025_World_Artistic_Gymnastics_Championships
fig_artistic_gymnastics_world_championships,FIG Artistic Gymnastics World Championships,2025,2025-12-31,pommel-horse,Artistic Gymnastics - Pommel horse,Pommel horse,men,2,silver,athlete,Mamikon Khachatryan,Armenia,ARM,https://en.wikipedia.org/wiki/2025_World_Artistic_Gymnastics_Championships
fig_artistic_gymnastics_world_championships,FIG Artistic Gymnastics World Championships,2025,2025-12-31,pommel-horse,Artistic Gymnastics - Pommel horse,Pommel horse,men,3,bronze,athlete,Patrick Hoopes,United States,USA,https://en.wikipedia.org/wiki/2025_World_Artistic_Gymnastics_Championships
fig_artistic_gymnastics_world_championships,FIG Artistic Gymnastics World Championships,2025,2025-12-31,still-rings,Artistic Gymnastics - Still rings,Still rings,men,1,gold,athlete,Donnell Whittenburg,United States,USA,https://en.wikipedia.org/wiki/2025_World_Artistic_Gymnastics_Championships
fig_artistic_gymnastics_world_championships,FIG Artistic Gymnastics World Championships,2025,2025-12-31,still-rings,Artistic Gymnastics - Still rings,Still rings,men,2,silver,athlete,Adem Asil,Turkey,TUR,https://en.wikipedia.org/wiki/2025_World_Artistic_Gymnastics_Championships
fig_artistic_gymnastics_world_championships,FIG Artistic Gymnastics World Championships,2025,2025-12-31,still-rings,Artistic Gymnastics - Still rings,Still rings,men,3,bronze,athlete,Lan Xingyu,China,CHN,https://en.wikipedia.org/wiki/2025_World_Artistic_Gymnastics_Championships
fig_artistic_gymnastics_world_championships,FIG Artistic Gymnastics World Championships,2025,2025-12-31,vault,Artistic Gymnastics - Vault,Vault,men,1,gold,athlete,Carlos Yulo,Philippines,PHL,https://en.wikipedia.org/wiki/2025_World_Artistic_Gymnastics_Championships
fig_artistic_gymnastics_world_championships,FIG Artistic Gymnastics World Championships,2025,2025-12-31,vault,Artistic Gymnastics - Vault,Vault,men,2,silver,athlete,Artur Davtyan,Armenia,ARM,https://en.wikipedia.org/wiki/2025_World_Artistic_Gymnastics_Championships
fig_artistic_gymnastics_world_championships,FIG Artistic Gymnastics World Championships,2025,2025-12-31,vault,Artistic Gymnastics - Vault,Vault,men,3,bronze,athlete,Nazar Chepurnyi,Ukraine,UKR,https://en.wikipedia.org/wiki/2025_World_Artistic_Gymnastics_Championships
fig_artistic_gymnastics_world_championships,FIG Artistic Gymnastics World Championships,2025,2025-12-31,balance-beam,Artistic Gymnastics - Balance beam,Balance beam,women,1,gold,athlete,Zhang Qingying,China,CHN,https://en.wikipedia.org/wiki/2025_World_Artistic_Gymnastics_Championships
fig_artistic_gymnastics_world_championships,FIG Artistic Gymnastics World Championships,2025,2025-12-31,balance-beam,Artistic Gymnastics - Balance beam,Balance beam,women,2,silver,athlete,Kaylia Nemour,Algeria,DZA,https://en.wikipedia.org/wiki/2025_World_Artistic_Gymnastics_Championships
fig_artistic_gymnastics_world_championships,FIG Artistic Gymnastics World Championships,2025,2025-12-31,balance-beam,Artistic Gymnastics - Balance beam,Balance beam,women,3,bronze,athlete,Aiko Sugihara,Japan,JPN,https://en.wikipedia.org/wiki/2025_World_Artistic_Gymnastics_Championships
fig_artistic_gymnastics_world_championships,FIG Artistic Gymnastics World Championships,2025,2025-12-31,floor-exercise,Artistic Gymnastics - Floor exercise,Floor exercise,women,1,gold,athlete,Aiko Sugihara,Japan,JPN,https://en.wikipedia.org/wiki/2025_World_Artistic_Gymnastics_Championships
fig_artistic_gymnastics_world_championships,FIG Artistic Gymnastics World Championships,2025,2025-12-31,floor-exercise,Artistic Gymnastics - Floor exercise,Floor exercise,women,2,silver,athlete,Ruby Evans,Great Britain,GBR,https://en.wikipedia.org/wiki/2025_World_Artistic_Gymnastics_Championships
fig_artistic_gymnastics_world_championships,FIG Artistic Gymnastics World Championships,2025,2025-12-31,floor-exercise,Artistic Gymnastics - Floor exercise,Floor exercise,women,3,bronze,athlete,Abigail Martin,Great Britain,GBR,https://en.wikipedia.org/wiki/2025_World_Artistic_Gymnastics_Championships
fig_artistic_gymnastics_world_championships,FIG Artistic Gymnastics World Championships,2025,2025-12-31,individual-all-around,Artistic Gymnastics - Individual all-around,Individual all-around,women,1,gold,athlete,Angelina Melnikova,Individual Neutral Athletes,AIN,https://en.wikipedia.org/wiki/2025_World_Artistic_Gymnastics_Championships
fig_artistic_gymnastics_world_championships,FIG Artistic Gymnastics World Championships,2025,2025-12-31,individual-all-around,Artistic Gymnastics - Individual all-around,Individual all-around,women,2,silver,athlete,Leanne Wong,United States,USA,https://en.wikipedia.org/wiki/2025_World_Artistic_Gymnastics_Championships
fig_artistic_gymnastics_world_championships,FIG Artistic Gymnastics World Championships,2025,2025-12-31,individual-all-around,Artistic Gymnastics - Individual all-around,Individual all-around,women,3,bronze,athlete,Zhang Qingying,China,CHN,https://en.wikipedia.org/wiki/2025_World_Artistic_Gymnastics_Championships
fig_artistic_gymnastics_world_championships,FIG Artistic Gymnastics World Championships,2025,2025-12-31,uneven-bars,Artistic Gymnastics - Uneven bars,Uneven bars,women,1,gold,athlete,Kaylia Nemour,Algeria,DZA,https://en.wikipedia.org/wiki/2025_World_Artistic_Gymnastics_Championships
fig_artistic_gymnastics_world_championships,FIG Artistic Gymnastics World Championships,2025,2025-12-31,uneven-bars,Artistic Gymnastics - Uneven bars,Uneven bars,women,2,silver,athlete,Angelina Melnikova,Individual Neutral Athletes,AIN,https://en.wikipedia.org/wiki/2025_World_Artistic_Gymnastics_Championships
fig_artistic_gymnastics_world_championships,FIG Artistic Gymnastics World Championships,2025,2025-12-31,uneven-bars,Artistic Gymnastics - Uneven bars,Uneven bars,women,3,bronze,athlete,Yang Fanyuwei,China,CHN,https://en.wikipedia.org/wiki/2025_World_Artistic_Gymnastics_Championships
fig_artistic_gymnastics_world_championships,FIG Artistic Gymnastics World Championships,2025,2025-12-31,vault,Artistic Gymnastics - Vault,Vault,women,1,gold,athlete,Angelina Melnikova,Individual Neutral Athletes,AIN,https://en.wikipedia.org/wiki/2025_World_Artistic_Gymnastics_Championships
fig_artistic_gymnastics_world_championships,FIG Artistic Gymnastics World Championships,2025,2025-12-31,vault,Artistic Gymnastics - Vault,Vault,women,2,silver,athlete,Lia Monica Fontaine,Canada,CAN,https://en.wikipedia.org/wiki/2025_World_Artistic_Gymnastics_Championships
fig_artistic_gymnastics_world_championships,FIG Artistic Gymnastics World Championships,2025,2025-12-31,vault,Artistic Gymnastics - Vault,Vault,women,3,bronze,athlete,Joscelyn Roberson,United States,USA,https://en.wikipedia.org/wiki/2025_World_Artistic_Gymnastics_Championships
